gamma,mu,lam,eps,E_err,P_err,score,time,status
1e-06,1e-06,1e-06,1e-06,0.3939,0.3755,0.0,7.532,optimal
1e-06,1e-06,1e-05,1e-06,0.3939,0.3755,0.0,11.429,optimal
1e-06,1e-06,0.0001,1e-06,0.394,0.3756,0.0,0.165,optimal
1e-06,1e-06,0.001,1e-06,0.3947,0.3761,0.001,0.281,optimal
1e-06,1e-06,0.01,1e-06,0.3951,0.3765,0.001,1.781,optimal
1e-06,1e-06,0.1,1e-06,0.4041,0.3839,0.008,1.677,optimal
1e-06,1e-06,1.0,1e-06,0.434,0.4122,0.029,0.627,optimal
1e-06,1e-06,10.0,1e-06,0.4216,0.43,0.051,0.52,optimal
1e-06,1e-06,100.0,1e-06,0.2658,0.3846,0.115,0.402,optimal
1e-06,1e-06,1000.0,1e-06,-0.036,0.2589,0.321,5.949,optimal
1e-06,1e-06,10000.0,1e-06,-0.0367,0.2653,0.34,2.371,optimal
1e-06,1e-06,100000.0,1e-06,-0.0367,0.2653,0.34,5.356,optimal
1e-06,1e-06,1000000.0,1e-06,-0.0367,0.2653,0.34,7.065,optimal
1e-06,1e-05,1e-06,1e-06,0.3939,0.3755,0.0,7.221,optimal
1e-06,1e-05,1e-05,1e-06,0.3939,0.3755,0.0,12.063,optimal
1e-06,1e-05,0.0001,1e-06,0.394,0.3756,0.0,0.183,optimal
1e-06,1e-05,0.001,1e-06,0.3947,0.3761,0.001,0.319,optimal
1e-06,1e-05,0.01,1e-06,0.3951,0.3765,0.001,2.019,optimal
1e-06,1e-05,0.1,1e-06,0.4041,0.3839,0.008,1.758,optimal
1e-06,1e-05,1.0,1e-06,0.434,0.4122,0.029,0.666,optimal
1e-06,1e-05,10.0,1e-06,0.4216,0.43,0.051,0.537,optimal
1e-06,1e-05,100.0,1e-06,0.2658,0.3846,0.115,0.42,optimal
1e-06,1e-05,1000.0,1e-06,-0.036,0.2589,0.321,6.331,optimal
1e-06,1e-05,10000.0,1e-06,-0.0367,0.2653,0.34,2.518,optimal
1e-06,1e-05,100000.0,1e-06,-0.0367,0.2653,0.34,5.455,optimal
1e-06,1e-05,1000000.0,1e-06,-0.0367,0.2653,0.34,7.073,optimal
1e-06,0.0001,1e-06,1e-06,0.3939,0.3755,0.0,7.351,optimal
1e-06,0.0001,1e-05,1e-06,0.3939,0.3755,0.0,20.446,optimal
1e-06,0.0001,0.0001,1e-06,0.394,0.3756,0.0,0.168,optimal
1e-06,0.0001,0.001,1e-06,0.3949,0.3763,0.002,0.166,optimal
1e-06,0.0001,0.01,1e-06,0.3952,0.3765,0.002,2.154,optimal
1e-06,0.0001,0.1,1e-06,0.4042,0.3839,0.008,1.759,optimal
1e-06,0.0001,1.0,1e-06,0.434,0.4122,0.029,0.661,optimal
1e-06,0.0001,10.0,1e-06,0.4216,0.43,0.051,0.538,optimal
1e-06,0.0001,100.0,1e-06,0.2658,0.3846,0.115,0.779,optimal
1e-06,0.0001,1000.0,1e-06,-0.036,0.2589,0.321,9.274,optimal
1e-06,0.0001,10000.0,1e-06,-0.0367,0.2653,0.34,3.905,optimal
1e-06,0.0001,100000.0,1e-06,-0.0367,0.2653,0.34,4.709,optimal
1e-06,0.0001,1000000.0,1e-06,-0.0367,0.2653,0.34,5.522,optimal
1e-06,0.001,1e-06,1e-06,0.3939,0.3755,0.0,7.272,optimal
1e-06,0.001,1e-05,1e-06,0.3939,0.3755,0.0,3.591,optimal
1e-06,0.001,0.0001,1e-06,0.3939,0.3755,0.0,0.163,optimal
1e-06,0.001,0.001,1e-06,0.3941,0.3757,0.001,0.28,optimal
1e-06,0.001,0.01,1e-06,0.3951,0.3765,0.001,1.684,optimal
1e-06,0.001,0.1,1e-06,0.4041,0.3839,0.008,1.322,optimal
1e-06,0.001,1.0,1e-06,0.434,0.4122,0.029,0.636,optimal
1e-06,0.001,10.0,1e-06,0.4216,0.43,0.051,0.511,optimal
1e-06,0.001,100.0,1e-06,0.2658,0.3846,0.115,0.762,optimal
1e-06,0.001,1000.0,1e-06,-0.036,0.2589,0.321,8.287,optimal
1e-06,0.001,10000.0,1e-06,-0.0367,0.2653,0.34,3.308,optimal
1e-06,0.001,100000.0,1e-06,-0.0367,0.2653,0.34,18.2,optimal
1e-06,0.001,1000000.0,1e-06,-0.0367,0.2653,0.34,5.297,optimal
1e-06,0.01,1e-06,1e-06,0.3939,0.3755,0.0,7.514,optimal
1e-06,0.01,1e-05,1e-06,0.3935,0.3752,0.001,2.207,optimal
1e-06,0.01,0.0001,1e-06,0.3939,0.3755,0.001,0.174,optimal
1e-06,0.01,0.001,1e-06,0.3941,0.3756,0.001,0.296,optimal
1e-06,0.01,0.01,1e-06,0.3951,0.3764,0.002,0.661,optimal
1e-06,0.01,0.1,1e-06,0.4041,0.3839,0.008,2.99,optimal
1e-06,0.01,1.0,1e-06,0.434,0.4122,0.029,0.909,optimal
1e-06,0.01,10.0,1e-06,0.4216,0.43,0.051,0.534,optimal
1e-06,0.01,100.0,1e-06,0.2658,0.3846,0.115,0.658,optimal
1e-06,0.01,1000.0,1e-06,-0.036,0.2589,0.321,6.415,optimal
1e-06,0.01,10000.0,1e-06,-0.0367,0.2653,0.34,3.28,optimal
1e-06,0.01,100000.0,1e-06,-0.0367,0.2653,0.34,4.673,optimal
1e-06,0.01,1000000.0,1e-06,-0.0367,0.2653,0.34,3.945,optimal
1e-06,0.1,1e-06,1e-06,0.3939,0.3755,0.0,7.116,optimal
1e-06,0.1,1e-05,1e-06,0.3948,0.3762,0.002,2.056,optimal
1e-06,0.1,0.0001,1e-06,0.3939,0.3755,0.0,0.505,optimal
1e-06,0.1,0.001,1e-06,0.394,0.3756,0.0,0.164,optimal
1e-06,0.1,0.01,1e-06,0.3951,0.3764,0.002,0.394,optimal
1e-06,0.1,0.1,1e-06,0.4041,0.3839,0.008,1.081,optimal
1e-06,0.1,1.0,1e-06,0.434,0.4122,0.029,0.626,optimal
1e-06,0.1,10.0,1e-06,0.4216,0.43,0.051,0.513,optimal
1e-06,0.1,100.0,1e-06,0.2658,0.3846,0.115,0.51,optimal
1e-06,0.1,1000.0,1e-06,-0.036,0.2589,0.321,10.948,optimal
1e-06,0.1,10000.0,1e-06,-0.0367,0.2653,0.34,3.526,optimal
1e-06,0.1,100000.0,1e-06,-0.0367,0.2653,0.34,4.224,optimal
1e-06,0.1,1000000.0,1e-06,-0.0367,0.2653,0.34,3.745,optimal
1e-06,1.0,1e-06,1e-06,0.3939,0.3755,0.0,6.856,optimal
1e-06,1.0,1e-05,1e-06,0.394,0.3756,0.001,1.48,optimal
1e-06,1.0,0.0001,1e-06,0.3941,0.3756,0.001,0.163,optimal
1e-06,1.0,0.001,1e-06,0.3941,0.3756,0.0,0.163,optimal
1e-06,1.0,0.01,1e-06,0.395,0.3764,0.001,0.161,optimal
1e-06,1.0,0.1,1e-06,0.4042,0.3839,0.008,0.506,optimal
1e-06,1.0,1.0,1e-06,0.434,0.4122,0.029,0.513,optimal
1e-06,1.0,10.0,1e-06,0.4216,0.43,0.051,0.514,optimal
1e-06,1.0,100.0,1e-06,0.2658,0.3846,0.115,0.275,optimal
1e-06,1.0,1000.0,1e-06,-0.036,0.2589,0.321,7.482,optimal
1e-06,1.0,10000.0,1e-06,-0.0367,0.2653,0.34,3.849,optimal
1e-06,1.0,100000.0,1e-06,-0.0367,0.2653,0.34,12.927,optimal
1e-06,1.0,1000000.0,1e-06,-0.0367,0.2653,0.34,4.861,optimal
1e-06,10.0,1e-06,1e-06,0.3939,0.3755,0.0,7.206,optimal
1e-06,10.0,1e-05,1e-06,0.3943,0.3758,0.001,1.412,optimal
1e-06,10.0,0.0001,1e-06,0.3943,0.3758,0.001,0.172,optimal
1e-06,10.0,0.001,1e-06,0.3942,0.3758,0.001,0.173,optimal
1e-06,10.0,0.01,1e-06,0.3951,0.3764,0.001,0.17,optimal
1e-06,10.0,0.1,1e-06,0.4041,0.3838,0.008,0.533,optimal
1e-06,10.0,1.0,1e-06,0.434,0.4122,0.029,0.425,optimal
1e-06,10.0,10.0,1e-06,0.4216,0.43,0.051,0.535,optimal
1e-06,10.0,100.0,1e-06,0.2658,0.3846,0.115,0.291,optimal
1e-06,10.0,1000.0,1e-06,-0.036,0.2589,0.321,6.825,optimal
1e-06,10.0,10000.0,1e-06,-0.0367,0.2653,0.34,3.404,optimal
1e-06,10.0,100000.0,1e-06,-0.0367,0.2653,0.34,17.205,optimal
1e-06,10.0,1000000.0,1e-06,-0.0367,0.2653,0.34,4.577,optimal
1e-06,100.0,1e-06,1e-06,0.3939,0.3755,0.0,6.576,optimal
1e-06,100.0,1e-05,1e-06,0.3951,0.3764,0.002,1.331,optimal
1e-06,100.0,0.0001,1e-06,0.3947,0.3761,0.001,0.171,optimal
1e-06,100.0,0.001,1e-06,0.3945,0.376,0.001,0.17,optimal
1e-06,100.0,0.01,1e-06,0.3952,0.3765,0.001,0.17,optimal
1e-06,100.0,0.1,1e-06,0.404,0.3838,0.008,0.539,optimal
1e-06,100.0,1.0,1e-06,0.434,0.4122,0.029,0.91,optimal
1e-06,100.0,10.0,1e-06,0.4216,0.43,0.051,0.294,optimal
1e-06,100.0,100.0,1e-06,0.2658,0.3846,0.115,0.543,optimal
1e-06,100.0,1000.0,1e-06,-0.036,0.2589,0.321,7.428,optimal
1e-06,100.0,10000.0,1e-06,-0.0367,0.2653,0.34,5.249,optimal
1e-06,100.0,100000.0,1e-06,-0.0367,0.2653,0.34,10.074,optimal
1e-06,100.0,1000000.0,1e-06,-0.0367,0.2653,0.34,6.638,optimal
1e-06,1000.0,1e-06,1e-06,0.3939,0.3755,0.0,6.313,optimal
1e-06,1000.0,1e-05,1e-06,0.4063,0.3858,0.009,0.996,optimal
1e-06,1000.0,0.0001,1e-06,0.4035,0.3834,0.008,0.164,optimal
1e-06,1000.0,0.001,1e-06,0.4018,0.382,0.007,0.162,optimal
1e-06,1000.0,0.01,1e-06,0.401,0.3813,0.006,0.161,optimal
1e-06,1000.0,0.1,1e-06,0.4046,0.3844,0.007,0.396,optimal
1e-06,1000.0,1.0,1e-06,0.4339,0.4121,0.029,0.862,optimal
1e-06,1000.0,10.0,1e-06,0.4216,0.43,0.051,0.28,optimal
1e-06,1000.0,100.0,1e-06,0.2658,0.3846,0.115,0.586,optimal
1e-06,1000.0,1000.0,1e-06,-0.036,0.2589,0.321,7.666,optimal
1e-06,1000.0,10000.0,1e-06,-0.0367,0.2653,0.34,3.984,optimal
1e-06,1000.0,100000.0,1e-06,-0.0367,0.2653,0.34,5.582,optimal
1e-06,1000.0,1000000.0,1e-06,-0.0367,0.2653,0.34,9.571,optimal
1e-06,10000.0,1e-06,1e-06,0.3939,0.3755,0.0,5.883,optimal
1e-06,10000.0,1e-05,1e-06,0.4063,0.3858,0.009,1.016,optimal
1e-06,10000.0,0.0001,1e-06,0.4035,0.3834,0.008,0.166,optimal
1e-06,10000.0,0.001,1e-06,0.4018,0.382,0.007,0.162,optimal
1e-06,10000.0,0.01,1e-06,0.401,0.3813,0.006,0.164,optimal
1e-06,10000.0,0.1,1e-06,0.4046,0.3844,0.007,0.393,optimal
1e-06,10000.0,1.0,1e-06,0.4339,0.4121,0.029,0.856,optimal
1e-06,10000.0,10.0,1e-06,0.4216,0.43,0.051,0.28,optimal
1e-06,10000.0,100.0,1e-06,0.2658,0.3846,0.115,0.627,optimal
1e-06,10000.0,1000.0,1e-06,-0.036,0.2589,0.321,16.351,optimal
1e-06,10000.0,10000.0,1e-06,-0.0367,0.2653,0.34,5.94,optimal
1e-06,10000.0,100000.0,1e-06,-0.0367,0.2653,0.34,15.019,optimal
1e-06,10000.0,1000000.0,1e-06,-0.0367,0.2653,0.34,12.937,optimal
1e-06,100000.0,1e-06,1e-06,0.3939,0.3755,0.0,5.813,optimal
1e-06,100000.0,1e-05,1e-06,0.4063,0.3858,0.009,1.022,optimal
1e-06,100000.0,0.0001,1e-06,0.4035,0.3834,0.008,0.166,optimal
1e-06,100000.0,0.001,1e-06,0.4018,0.382,0.007,0.163,optimal
1e-06,100000.0,0.01,1e-06,0.401,0.3813,0.006,0.165,optimal
1e-06,100000.0,0.1,1e-06,0.4046,0.3844,0.007,0.395,optimal
1e-06,100000.0,1.0,1e-06,0.4339,0.4121,0.029,0.899,optimal
1e-06,100000.0,10.0,1e-06,0.4216,0.43,0.051,0.297,optimal
1e-06,100000.0,100.0,1e-06,0.2658,0.3846,0.115,0.642,optimal
1e-06,100000.0,1000.0,1e-06,-0.036,0.2589,0.321,37.673,optimal
1e-06,100000.0,10000.0,1e-06,-0.0367,0.2653,0.34,14.968,optimal
1e-06,100000.0,100000.0,1e-06,-0.0367,0.2653,0.34,13.942,optimal
1e-06,100000.0,1000000.0,1e-06,-0.0367,0.2653,0.34,13.395,optimal
1e-06,1000000.0,1e-06,1e-06,0.3939,0.3755,0.0,5.977,optimal
1e-06,1000000.0,1e-05,1e-06,0.4063,0.3858,0.009,1.036,optimal
1e-06,1000000.0,0.0001,1e-06,0.4035,0.3834,0.008,0.167,optimal
1e-06,1000000.0,0.001,1e-06,0.4019,0.382,0.007,0.167,optimal
1e-06,1000000.0,0.01,1e-06,0.4011,0.3813,0.006,0.163,optimal
1e-06,1000000.0,0.1,1e-06,0.4046,0.3844,0.007,0.395,optimal
1e-06,1000000.0,1.0,1e-06,0.4339,0.4121,0.029,0.868,optimal
1e-06,1000000.0,10.0,1e-06,0.4216,0.43,0.051,0.281,optimal
1e-06,1000000.0,100.0,1e-06,0.2658,0.3846,0.115,0.627,optimal
1e-06,1000000.0,1000.0,1e-06,-0.0356,0.259,0.32,47.939,user_limit
1e-06,1000000.0,10000.0,1e-06,-0.0367,0.2653,0.34,10.648,optimal
1e-06,1000000.0,100000.0,1e-06,-0.0367,0.2653,0.34,14.302,optimal
1e-06,1000000.0,1000000.0,1e-06,-0.0367,0.2653,0.34,31.392,optimal
1e-05,1e-06,1e-06,1e-06,0.3939,0.3755,0.0,6.847,optimal
1e-05,1e-06,1e-05,1e-06,0.3939,0.3755,0.0,48.338,optimal_inaccurate
1e-05,1e-06,0.0001,1e-06,0.3939,0.3755,0.0,15.123,optimal
1e-05,1e-06,0.001,1e-06,0.3956,0.3769,0.002,0.283,optimal
1e-05,1e-06,0.01,1e-06,0.3941,0.3756,0.001,1.556,optimal
1e-05,1e-06,0.1,1e-06,0.3952,0.3765,0.002,2.488,optimal
1e-05,1e-06,1.0,1e-06,0.4042,0.3839,0.008,1.563,optimal
1e-05,1e-06,10.0,1e-06,0.434,0.4122,0.029,0.637,optimal
1e-05,1e-06,100.0,1e-06,0.4216,0.43,0.051,0.514,optimal
1e-05,1e-06,1000.0,1e-06,0.2658,0.3846,0.115,0.741,optimal
1e-05,1e-06,10000.0,1e-06,-0.036,0.2589,0.321,8.478,optimal
1e-05,1e-06,100000.0,1e-06,-0.0367,0.2653,0.34,3.979,optimal
1e-05,1e-06,1000000.0,1e-06,-0.0367,0.2653,0.34,16.97,optimal
1e-05,1e-05,1e-06,1e-06,0.3939,0.3755,0.0,6.84,optimal
1e-05,1e-05,1e-05,1e-06,0.3939,0.3755,0.0,47.831,optimal_inaccurate
1e-05,1e-05,0.0001,1e-06,0.3939,0.3755,0.0,14.468,optimal
1e-05,1e-05,0.001,1e-06,0.3956,0.3769,0.002,0.281,optimal
1e-05,1e-05,0.01,1e-06,0.3941,0.3756,0.001,1.553,optimal
1e-05,1e-05,0.1,1e-06,0.3952,0.3765,0.002,2.461,optimal
1e-05,1e-05,1.0,1e-06,0.4042,0.3839,0.008,1.552,optimal
1e-05,1e-05,10.0,1e-06,0.434,0.4122,0.029,0.627,optimal
1e-05,1e-05,100.0,1e-06,0.4216,0.43,0.051,0.513,optimal
1e-05,1e-05,1000.0,1e-06,0.2658,0.3846,0.115,0.755,optimal
1e-05,1e-05,10000.0,1e-06,-0.036,0.2589,0.321,8.689,optimal
1e-05,1e-05,100000.0,1e-06,-0.0367,0.2653,0.34,4.039,optimal
1e-05,1e-05,1000000.0,1e-06,-0.0367,0.2653,0.34,17.071,optimal
1e-05,0.0001,1e-06,1e-06,0.3939,0.3755,0.0,7.046,optimal
1e-05,0.0001,1e-05,1e-06,0.3939,0.3755,0.0,30.432,optimal
1e-05,0.0001,0.0001,1e-06,0.394,0.3756,0.0,0.164,optimal
1e-05,0.0001,0.001,1e-06,0.3947,0.3761,0.002,0.167,optimal
1e-05,0.0001,0.01,1e-06,0.3941,0.3756,0.001,2.263,optimal
1e-05,0.0001,0.1,1e-06,0.3951,0.3765,0.001,4.578,optimal
1e-05,0.0001,1.0,1e-06,0.4042,0.3839,0.008,2.019,optimal
1e-05,0.0001,10.0,1e-06,0.434,0.4122,0.029,0.753,optimal
1e-05,0.0001,100.0,1e-06,0.4216,0.43,0.051,0.508,optimal
1e-05,0.0001,1000.0,1e-06,0.2658,0.3846,0.115,0.392,optimal
1e-05,0.0001,10000.0,1e-06,-0.036,0.2589,0.321,6.47,optimal
1e-05,0.0001,100000.0,1e-06,-0.0367,0.2653,0.34,4.123,optimal
1e-05,0.0001,1000000.0,1e-06,-0.0367,0.2653,0.34,5.176,optimal
1e-05,0.001,1e-06,1e-06,0.3939,0.3755,0.0,6.942,optimal
1e-05,0.001,1e-05,1e-06,0.3939,0.3755,0.0,8.512,optimal
1e-05,0.001,0.0001,1e-06,0.3939,0.3755,0.0,0.164,optimal
1e-05,0.001,0.001,1e-06,0.394,0.3756,0.001,0.275,optimal
1e-05,0.001,0.01,1e-06,0.3941,0.3757,0.001,1.085,optimal
1e-05,0.001,0.1,1e-06,0.3951,0.3765,0.001,3.277,optimal
1e-05,0.001,1.0,1e-06,0.4042,0.3839,0.008,1.807,optimal
1e-05,0.001,10.0,1e-06,0.434,0.4122,0.029,0.651,optimal
1e-05,0.001,100.0,1e-06,0.4216,0.43,0.051,0.512,optimal
1e-05,0.001,1000.0,1e-06,0.2658,0.3846,0.115,0.51,optimal
1e-05,0.001,10000.0,1e-06,-0.036,0.2589,0.321,11.568,optimal
1e-05,0.001,100000.0,1e-06,-0.0367,0.2653,0.34,3.54,optimal
1e-05,0.001,1000000.0,1e-06,-0.0367,0.2653,0.34,18.778,optimal
1e-05,0.01,1e-06,1e-06,0.3939,0.3755,0.0,6.782,optimal
1e-05,0.01,1e-05,1e-06,0.3938,0.3755,0.001,3.948,optimal
1e-05,0.01,0.0001,1e-06,0.3939,0.3755,0.0,0.166,optimal
1e-05,0.01,0.001,1e-06,0.3942,0.3757,0.002,0.168,optimal
1e-05,0.01,0.01,1e-06,0.3942,0.3757,0.001,1.327,optimal
1e-05,0.01,0.1,1e-06,0.3951,0.3765,0.001,2.817,optimal
1e-05,0.01,1.0,1e-06,0.4042,0.3839,0.008,1.668,optimal
1e-05,0.01,10.0,1e-06,0.434,0.4122,0.029,0.629,optimal
1e-05,0.01,100.0,1e-06,0.4216,0.43,0.051,0.515,optimal
1e-05,0.01,1000.0,1e-06,0.2658,0.3846,0.115,0.859,optimal
1e-05,0.01,10000.0,1e-06,-0.036,0.2589,0.321,7.82,optimal
1e-05,0.01,100000.0,1e-06,-0.0367,0.2653,0.34,2.626,optimal
1e-05,0.01,1000000.0,1e-06,-0.0367,0.2653,0.34,12.71,optimal
1e-05,0.1,1e-06,1e-06,0.3939,0.3755,0.0,6.792,optimal
1e-05,0.1,1e-05,1e-06,0.3935,0.3752,0.002,20.983,optimal
1e-05,0.1,0.0001,1e-06,0.3937,0.3753,0.001,0.279,optimal
1e-05,0.1,0.001,1e-06,0.3942,0.3757,0.001,0.282,optimal
1e-05,0.1,0.01,1e-06,0.3939,0.3755,0.002,0.628,optimal
1e-05,0.1,0.1,1e-06,0.3952,0.3765,0.002,2.235,optimal
1e-05,0.1,1.0,1e-06,0.4042,0.3839,0.008,1.671,optimal
1e-05,0.1,10.0,1e-06,0.434,0.4122,0.029,0.633,optimal
1e-05,0.1,100.0,1e-06,0.4216,0.43,0.051,0.508,optimal
1e-05,0.1,1000.0,1e-06,0.2658,0.3846,0.115,0.852,optimal
1e-05,0.1,10000.0,1e-06,-0.036,0.2589,0.321,8.417,optimal
1e-05,0.1,100000.0,1e-06,-0.0367,0.2653,0.34,3.292,optimal
1e-05,0.1,1000000.0,1e-06,-0.0367,0.2653,0.34,5.238,optimal
1e-05,1.0,1e-06,1e-06,0.3939,0.3755,0.0,6.492,optimal
1e-05,1.0,1e-05,1e-06,0.394,0.3756,0.001,2.889,optimal
1e-05,1.0,0.0001,1e-06,0.3939,0.3755,0.0,0.177,optimal
1e-05,1.0,0.001,1e-06,0.3939,0.3755,0.0,0.164,optimal
1e-05,1.0,0.01,1e-06,0.394,0.3756,0.001,0.161,optimal
1e-05,1.0,0.1,1e-06,0.3951,0.3765,0.002,0.973,optimal
1e-05,1.0,1.0,1e-06,0.4042,0.3839,0.008,1.664,optimal
1e-05,1.0,10.0,1e-06,0.434,0.4122,0.029,0.634,optimal
1e-05,1.0,100.0,1e-06,0.4216,0.43,0.051,0.513,optimal
1e-05,1.0,1000.0,1e-06,0.2658,0.3846,0.115,0.744,optimal
1e-05,1.0,10000.0,1e-06,-0.036,0.2589,0.321,11.258,optimal
1e-05,1.0,100000.0,1e-06,-0.0367,0.2653,0.34,4.214,optimal
1e-05,1.0,1000000.0,1e-06,-0.0367,0.2653,0.34,19.327,optimal
1e-05,10.0,1e-06,1e-06,0.3939,0.3755,0.0,6.539,optimal
1e-05,10.0,1e-05,1e-06,0.3941,0.3756,0.002,1.463,optimal
1e-05,10.0,0.0001,1e-06,0.3938,0.3754,0.001,0.165,optimal
1e-05,10.0,0.001,1e-06,0.394,0.3756,0.001,0.164,optimal
1e-05,10.0,0.01,1e-06,0.3941,0.3756,0.001,0.165,optimal
1e-05,10.0,0.1,1e-06,0.3952,0.3765,0.003,0.162,optimal
1e-05,10.0,1.0,1e-06,0.4043,0.384,0.008,0.631,optimal
1e-05,10.0,10.0,1e-06,0.434,0.4122,0.029,0.514,optimal
1e-05,10.0,100.0,1e-06,0.4216,0.43,0.051,0.513,optimal
1e-05,10.0,1000.0,1e-06,0.2658,0.3846,0.115,0.278,optimal
1e-05,10.0,10000.0,1e-06,-0.036,0.2589,0.321,6.794,optimal
1e-05,10.0,100000.0,1e-06,-0.0367,0.2653,0.34,4.234,optimal
1e-05,10.0,1000000.0,1e-06,-0.0367,0.2653,0.34,5.077,optimal
1e-05,100.0,1e-06,1e-06,0.3939,0.3755,0.0,6.31,optimal
1e-05,100.0,1e-05,1e-06,0.3964,0.3775,0.003,1.004,optimal
1e-05,100.0,0.0001,1e-06,0.3957,0.3769,0.002,0.168,optimal
1e-05,100.0,0.001,1e-06,0.3953,0.3766,0.002,0.166,optimal
1e-05,100.0,0.01,1e-06,0.3951,0.3764,0.002,0.163,optimal
1e-05,100.0,0.1,1e-06,0.3956,0.3768,0.002,0.163,optimal
1e-05,100.0,1.0,1e-06,0.4041,0.3839,0.008,0.871,optimal
1e-05,100.0,10.0,1e-06,0.434,0.4122,0.029,0.399,optimal
1e-05,100.0,100.0,1e-06,0.4216,0.43,0.051,0.517,optimal
1e-05,100.0,1000.0,1e-06,0.2658,0.3846,0.115,0.281,optimal
1e-05,100.0,10000.0,1e-06,-0.036,0.2589,0.321,6.596,optimal
1e-05,100.0,100000.0,1e-06,-0.0367,0.2653,0.34,3.519,optimal
1e-05,100.0,1000000.0,1e-06,-0.0367,0.2653,0.34,4.43,optimal
1e-05,1000.0,1e-06,1e-06,0.3939,0.3755,0.0,5.76,optimal
1e-05,1000.0,1e-05,1e-06,0.3964,0.3775,0.003,1.032,optimal
1e-05,1000.0,0.0001,1e-06,0.3957,0.3769,0.002,0.166,optimal
1e-05,1000.0,0.001,1e-06,0.3953,0.3766,0.002,0.164,optimal
1e-05,1000.0,0.01,1e-06,0.3951,0.3764,0.002,0.162,optimal
1e-05,1000.0,0.1,1e-06,0.3956,0.3768,0.002,0.163,optimal
1e-05,1000.0,1.0,1e-06,0.4041,0.3839,0.008,0.86,optimal
1e-05,1000.0,10.0,1e-06,0.434,0.4122,0.029,0.396,optimal
1e-05,1000.0,100.0,1e-06,0.4216,0.43,0.051,0.514,optimal
1e-05,1000.0,1000.0,1e-06,0.2658,0.3846,0.115,0.512,optimal
1e-05,1000.0,10000.0,1e-06,-0.036,0.2589,0.321,9.295,optimal
1e-05,1000.0,100000.0,1e-06,-0.0367,0.2653,0.34,4.636,optimal
1e-05,1000.0,1000000.0,1e-06,-0.0367,0.2653,0.34,6.559,optimal
1e-05,10000.0,1e-06,1e-06,0.3939,0.3755,0.0,5.821,optimal
1e-05,10000.0,1e-05,1e-06,0.3964,0.3775,0.003,1.03,optimal
1e-05,10000.0,0.0001,1e-06,0.3957,0.3769,0.002,0.164,optimal
1e-05,10000.0,0.001,1e-06,0.3953,0.3766,0.002,0.16,optimal
1e-05,10000.0,0.01,1e-06,0.3951,0.3764,0.002,0.16,optimal
1e-05,10000.0,0.1,1e-06,0.3956,0.3768,0.002,0.163,optimal
1e-05,10000.0,1.0,1e-06,0.4041,0.3839,0.008,0.855,optimal
1e-05,10000.0,10.0,1e-06,0.434,0.4122,0.029,0.396,optimal
1e-05,10000.0,100.0,1e-06,0.4216,0.43,0.051,0.518,optimal
1e-05,10000.0,1000.0,1e-06,0.2658,0.3846,0.115,0.748,optimal
1e-05,10000.0,10000.0,1e-06,-0.036,0.2589,0.321,23.855,optimal
1e-05,10000.0,100000.0,1e-06,-0.0367,0.2653,0.34,7.156,optimal
1e-05,10000.0,1000000.0,1e-06,-0.0367,0.2653,0.34,7.696,optimal
1e-05,100000.0,1e-06,1e-06,0.3939,0.3755,0.0,5.773,optimal
1e-05,100000.0,1e-05,1e-06,0.3964,0.3775,0.003,1.023,optimal
1e-05,100000.0,0.0001,1e-06,0.3957,0.3769,0.002,0.164,optimal
1e-05,100000.0,0.001,1e-06,0.3953,0.3766,0.002,0.162,optimal
1e-05,100000.0,0.01,1e-06,0.3951,0.3764,0.002,0.163,optimal
1e-05,100000.0,0.1,1e-06,0.3956,0.3768,0.002,0.163,optimal
1e-05,100000.0,1.0,1e-06,0.4041,0.3839,0.008,0.854,optimal
1e-05,100000.0,10.0,1e-06,0.434,0.4122,0.029,0.394,optimal
1e-05,100000.0,100.0,1e-06,0.4216,0.43,0.051,0.51,optimal
1e-05,100000.0,1000.0,1e-06,0.2658,0.3846,0.115,0.62,optimal
1e-05,100000.0,10000.0,1e-06,-0.036,0.2589,0.321,43.209,optimal
1e-05,100000.0,100000.0,1e-06,-0.0367,0.2653,0.34,12.644,optimal
1e-05,100000.0,1000000.0,1e-06,-0.0367,0.2653,0.34,12.529,optimal
1e-05,1000000.0,1e-06,1e-06,0.3939,0.3755,0.0,5.875,optimal
1e-05,1000000.0,1e-05,1e-06,0.3964,0.3775,0.003,1.122,optimal
1e-05,1000000.0,0.0001,1e-06,0.3957,0.3769,0.002,0.16,optimal
1e-05,1000000.0,0.001,1e-06,0.3953,0.3766,0.002,0.161,optimal
1e-05,1000000.0,0.01,1e-06,0.3951,0.3764,0.002,0.164,optimal
1e-05,1000000.0,0.1,1e-06,0.3956,0.3768,0.002,0.167,optimal
1e-05,1000000.0,1.0,1e-06,0.4038,0.3836,0.007,0.396,optimal
1e-05,1000000.0,10.0,1e-06,0.434,0.4122,0.029,0.397,optimal
1e-05,1000000.0,100.0,1e-06,0.4216,0.43,0.051,0.514,optimal
1e-05,1000000.0,1000.0,1e-06,0.2658,0.3846,0.115,0.618,optimal
1e-05,1000000.0,10000.0,1e-06,-0.0362,0.2583,0.32,47.854,user_limit
1e-05,1000000.0,100000.0,1e-06,-0.0367,0.2653,0.34,19.74,optimal
1e-05,1000000.0,1000000.0,1e-06,-0.0367,0.2653,0.34,16.306,optimal
0.0001,1e-06,1e-06,1e-06,0.3939,0.3755,0.0,6.346,optimal
0.0001,1e-06,1e-05,1e-06,0.3939,0.3755,0.0,48.966,optimal_inaccurate
0.0001,1e-06,0.0001,1e-06,0.3939,0.3755,0.0,12.442,optimal
0.0001,1e-06,0.001,1e-06,0.3939,0.3755,0.001,0.276,optimal
0.0001,1e-06,0.01,1e-06,0.394,0.3756,0.0,1.423,optimal
0.0001,1e-06,0.1,1e-06,0.3939,0.3755,0.001,2.926,optimal
0.0001,1e-06,1.0,1e-06,0.3952,0.3765,0.001,6.483,optimal
0.0001,1e-06,10.0,1e-06,0.4042,0.3839,0.008,2.679,optimal
0.0001,1e-06,100.0,1e-06,0.434,0.4122,0.029,0.626,optimal
0.0001,1e-06,1000.0,1e-06,0.4216,0.43,0.051,0.516,optimal
0.0001,1e-06,10000.0,1e-06,0.2658,0.3846,0.115,0.739,optimal
0.0001,1e-06,100000.0,1e-06,-0.036,0.2589,0.321,10.24,optimal
0.0001,1e-06,1000000.0,1e-06,-0.0367,0.2653,0.34,3.067,optimal
0.0001,1e-05,1e-06,1e-06,0.3939,0.3755,0.0,6.37,optimal
0.0001,1e-05,1e-05,1e-06,0.3939,0.3755,0.0,49.369,optimal_inaccurate
0.0001,1e-05,0.0001,1e-06,0.3939,0.3755,0.0,12.216,optimal
0.0001,1e-05,0.001,1e-06,0.3939,0.3755,0.0,0.282,optimal
0.0001,1e-05,0.01,1e-06,0.3938,0.3754,0.0,1.563,optimal
0.0001,1e-05,0.1,1e-06,0.394,0.3756,0.0,3.854,optimal
0.0001,1e-05,1.0,1e-06,0.3952,0.3765,0.001,6.96,optimal
0.0001,1e-05,10.0,1e-06,0.4042,0.3839,0.008,2.748,optimal
0.0001,1e-05,100.0,1e-06,0.434,0.4122,0.029,0.74,optimal
0.0001,1e-05,1000.0,1e-06,0.4216,0.43,0.051,0.513,optimal
0.0001,1e-05,10000.0,1e-06,0.2658,0.3846,0.115,0.746,optimal
0.0001,1e-05,100000.0,1e-06,-0.036,0.2589,0.321,10.97,optimal
0.0001,1e-05,1000000.0,1e-06,-0.0367,0.2653,0.34,3.283,optimal
0.0001,0.0001,1e-06,1e-06,0.3939,0.3755,0.0,6.344,optimal
0.0001,0.0001,1e-05,1e-06,0.3939,0.3755,0.0,37.172,optimal
0.0001,0.0001,0.0001,1e-06,0.3939,0.3755,0.0,0.163,optimal
0.0001,0.0001,0.001,1e-06,0.3938,0.3754,0.001,0.519,optimal
0.0001,0.0001,0.01,1e-06,0.394,0.3756,0.0,2.135,optimal
0.0001,0.0001,0.1,1e-06,0.394,0.3756,0.001,2.61,optimal
0.0001,0.0001,1.0,1e-06,0.3952,0.3765,0.001,7.598,optimal
0.0001,0.0001,10.0,1e-06,0.4042,0.3839,0.008,2.686,optimal
0.0001,0.0001,100.0,1e-06,0.434,0.4122,0.029,0.635,optimal
0.0001,0.0001,1000.0,1e-06,0.4216,0.43,0.051,0.507,optimal
0.0001,0.0001,10000.0,1e-06,0.2658,0.3846,0.115,0.618,optimal
0.0001,0.0001,100000.0,1e-06,-0.036,0.2589,0.321,6.401,optimal
0.0001,0.0001,1000000.0,1e-06,-0.0367,0.2653,0.34,3.543,optimal
0.0001,0.001,1e-06,1e-06,0.3939,0.3755,0.0,6.629,optimal
0.0001,0.001,1e-05,1e-06,0.3939,0.3755,0.0,24.983,optimal
0.0001,0.001,0.0001,1e-06,0.3939,0.3755,0.0,0.164,optimal
0.0001,0.001,0.001,1e-06,0.3938,0.3755,0.001,0.513,optimal
0.0001,0.001,0.01,1e-06,0.3939,0.3755,0.001,0.867,optimal
0.0001,0.001,0.1,1e-06,0.394,0.3756,0.001,3.41,optimal
0.0001,0.001,1.0,1e-06,0.3952,0.3765,0.001,9.745,optimal
0.0001,0.001,10.0,1e-06,0.4042,0.3839,0.008,2.727,optimal
0.0001,0.001,100.0,1e-06,0.434,0.4122,0.029,0.748,optimal
0.0001,0.001,1000.0,1e-06,0.4216,0.43,0.051,0.521,optimal
0.0001,0.001,10000.0,1e-06,0.2658,0.3846,0.115,0.4,optimal
0.0001,0.001,100000.0,1e-06,-0.036,0.2589,0.321,6.702,optimal
0.0001,0.001,1000000.0,1e-06,-0.0367,0.2653,0.34,3.558,optimal
0.0001,0.01,1e-06,1e-06,0.3939,0.3755,0.0,6.36,optimal
0.0001,0.01,1e-05,1e-06,0.3939,0.3755,0.0,14.46,optimal
0.0001,0.01,0.0001,1e-06,0.3939,0.3755,0.0,0.161,optimal
0.0001,0.01,0.001,1e-06,0.3939,0.3755,0.001,0.28,optimal
0.0001,0.01,0.01,1e-06,0.3941,0.3756,0.003,0.517,optimal
0.0001,0.01,0.1,1e-06,0.394,0.3756,0.001,4.83,optimal
0.0001,0.01,1.0,1e-06,0.3952,0.3765,0.001,17.705,optimal
0.0001,0.01,10.0,1e-06,0.4042,0.3839,0.008,5.0,optimal
0.0001,0.01,100.0,1e-06,0.434,0.4122,0.029,0.876,optimal
0.0001,0.01,1000.0,1e-06,0.4216,0.43,0.051,0.522,optimal
0.0001,0.01,10000.0,1e-06,0.2658,0.3846,0.115,0.285,optimal
0.0001,0.01,100000.0,1e-06,-0.036,0.2589,0.321,10.709,optimal
0.0001,0.01,1000000.0,1e-06,-0.0367,0.2653,0.34,3.284,optimal
0.0001,0.1,1e-06,1e-06,0.3939,0.3755,0.0,6.378,optimal
0.0001,0.1,1e-05,1e-06,0.3937,0.3754,0.001,7.998,optimal
0.0001,0.1,0.0001,1e-06,0.3939,0.3755,0.001,0.161,optimal
0.0001,0.1,0.001,1e-06,0.394,0.3756,0.001,0.164,optimal
0.0001,0.1,0.01,1e-06,0.3942,0.3757,0.001,0.737,optimal
0.0001,0.1,0.1,1e-06,0.394,0.3756,0.0,3.213,optimal
0.0001,0.1,1.0,1e-06,0.3952,0.3765,0.001,6.562,optimal
0.0001,0.1,10.0,1e-06,0.4042,0.3839,0.008,2.162,optimal
0.0001,0.1,100.0,1e-06,0.434,0.4122,0.029,0.637,optimal
0.0001,0.1,1000.0,1e-06,0.4216,0.43,0.051,0.516,optimal
0.0001,0.1,10000.0,1e-06,0.2658,0.3846,0.115,0.883,optimal
0.0001,0.1,100000.0,1e-06,-0.036,0.2589,0.321,8.612,optimal
0.0001,0.1,1000000.0,1e-06,-0.0367,0.2653,0.34,3.967,optimal
0.0001,1.0,1e-06,1e-06,0.3939,0.3755,0.0,5.979,optimal
0.0001,1.0,1e-05,1e-06,0.3939,0.3755,0.0,12.035,optimal
0.0001,1.0,0.0001,1e-06,0.3938,0.3754,0.001,0.167,optimal
0.0001,1.0,0.001,1e-06,0.3938,0.3754,0.001,0.161,optimal
0.0001,1.0,0.01,1e-06,0.394,0.3755,0.001,0.163,optimal
0.0001,1.0,0.1,1e-06,0.3941,0.3757,0.001,3.509,optimal
0.0001,1.0,1.0,1e-06,0.3952,0.3765,0.002,4.413,optimal
0.0001,1.0,10.0,1e-06,0.4042,0.3839,0.008,1.662,optimal
0.0001,1.0,100.0,1e-06,0.434,0.4122,0.029,0.63,optimal
0.0001,1.0,1000.0,1e-06,0.4216,0.43,0.051,0.509,optimal
0.0001,1.0,10000.0,1e-06,0.2658,0.3846,0.115,0.735,optimal
0.0001,1.0,100000.0,1e-06,-0.036,0.2589,0.321,6.289,optimal
0.0001,1.0,1000000.0,1e-06,-0.0367,0.2653,0.34,3.06,optimal
0.0001,10.0,1e-06,1e-06,0.3939,0.3755,0.0,5.839,optimal
0.0001,10.0,1e-05,1e-06,0.3937,0.3753,0.001,2.868,optimal
0.0001,10.0,0.0001,1e-06,0.3938,0.3755,0.001,0.165,optimal
0.0001,10.0,0.001,1e-06,0.3939,0.3755,0.001,0.167,optimal
0.0001,10.0,0.01,1e-06,0.3942,0.3757,0.001,0.161,optimal
0.0001,10.0,0.1,1e-06,0.394,0.3756,0.001,0.276,optimal
0.0001,10.0,1.0,1e-06,0.3951,0.3765,0.002,1.871,optimal
0.0001,10.0,10.0,1e-06,0.4042,0.3839,0.008,2.924,optimal
0.0001,10.0,100.0,1e-06,0.434,0.4122,0.029,0.877,optimal
0.0001,10.0,1000.0,1e-06,0.4216,0.43,0.051,0.522,optimal
0.0001,10.0,10000.0,1e-06,0.2658,0.3846,0.115,0.276,optimal
0.0001,10.0,100000.0,1e-06,-0.036,0.2589,0.321,8.955,optimal
0.0001,10.0,1000000.0,1e-06,-0.0367,0.2653,0.34,4.249,optimal
0.0001,100.0,1e-06,1e-06,0.3939,0.3755,0.0,5.853,optimal
0.0001,100.0,1e-05,1e-06,0.394,0.3756,0.001,1.287,optimal
0.0001,100.0,0.0001,1e-06,0.3939,0.3755,0.001,0.165,optimal
0.0001,100.0,0.001,1e-06,0.394,0.3756,0.0,0.166,optimal
0.0001,100.0,0.01,1e-06,0.394,0.3756,0.0,0.161,optimal
0.0001,100.0,0.1,1e-06,0.394,0.3756,0.0,0.165,optimal
0.0001,100.0,1.0,1e-06,0.3951,0.3765,0.002,0.163,optimal
0.0001,100.0,10.0,1e-06,0.4042,0.3839,0.008,0.63,optimal
0.0001,100.0,100.0,1e-06,0.434,0.4122,0.029,0.519,optimal
0.0001,100.0,1000.0,1e-06,0.4216,0.43,0.051,0.518,optimal
0.0001,100.0,10000.0,1e-06,0.2658,0.3846,0.115,0.397,optimal
0.0001,100.0,100000.0,1e-06,-0.036,0.2589,0.321,10.171,optimal
0.0001,100.0,1000000.0,1e-06,-0.0367,0.2653,0.34,3.755,optimal
0.0001,1000.0,1e-06,1e-06,0.3939,0.3755,0.0,5.377,optimal
0.0001,1000.0,1e-05,1e-06,0.394,0.3756,0.002,1.165,optimal
0.0001,1000.0,0.0001,1e-06,0.394,0.3756,0.001,0.165,optimal
0.0001,1000.0,0.001,1e-06,0.3939,0.3755,0.001,0.164,optimal
0.0001,1000.0,0.01,1e-06,0.394,0.3756,0.0,0.165,optimal
0.0001,1000.0,0.1,1e-06,0.3941,0.3756,0.0,0.165,optimal
0.0001,1000.0,1.0,1e-06,0.3951,0.3765,0.002,0.165,optimal
0.0001,1000.0,10.0,1e-06,0.4041,0.3839,0.008,0.511,optimal
0.0001,1000.0,100.0,1e-06,0.434,0.4122,0.029,1.096,optimal
0.0001,1000.0,1000.0,1e-06,0.4216,0.43,0.051,0.746,optimal
0.0001,1000.0,10000.0,1e-06,0.2658,0.3846,0.115,0.514,optimal
0.0001,1000.0,100000.0,1e-06,-0.036,0.2589,0.321,11.497,optimal
0.0001,1000.0,1000000.0,1e-06,-0.0367,0.2653,0.34,5.391,optimal
0.0001,10000.0,1e-06,1e-06,0.3939,0.3755,0.0,5.439,optimal
0.0001,10000.0,1e-05,1e-06,0.394,0.3756,0.002,1.153,optimal
0.0001,10000.0,0.0001,1e-06,0.394,0.3756,0.001,0.179,optimal
0.0001,10000.0,0.001,1e-06,0.3939,0.3755,0.001,0.168,optimal
0.0001,10000.0,0.01,1e-06,0.394,0.3756,0.0,0.176,optimal
0.0001,10000.0,0.1,1e-06,0.3941,0.3756,0.0,0.168,optimal
0.0001,10000.0,1.0,1e-06,0.3951,0.3765,0.002,0.169,optimal
0.0001,10000.0,10.0,1e-06,0.4041,0.3839,0.008,0.51,optimal
0.0001,10000.0,100.0,1e-06,0.434,0.4122,0.029,1.099,optimal
0.0001,10000.0,1000.0,1e-06,0.4216,0.43,0.051,0.744,optimal
0.0001,10000.0,10000.0,1e-06,0.2658,0.3846,0.115,0.63,optimal
0.0001,10000.0,100000.0,1e-06,-0.036,0.2589,0.321,26.62,optimal
0.0001,10000.0,1000000.0,1e-06,-0.0367,0.2653,0.34,8.565,optimal
0.0001,100000.0,1e-06,1e-06,0.3939,0.3755,0.0,5.261,optimal
0.0001,100000.0,1e-05,1e-06,0.394,0.3756,0.002,1.142,optimal
0.0001,100000.0,0.0001,1e-06,0.394,0.3756,0.001,0.162,optimal
0.0001,100000.0,0.001,1e-06,0.3939,0.3755,0.001,0.164,optimal
0.0001,100000.0,0.01,1e-06,0.394,0.3756,0.0,0.162,optimal
0.0001,100000.0,0.1,1e-06,0.3941,0.3756,0.0,0.162,optimal
0.0001,100000.0,1.0,1e-06,0.3951,0.3765,0.002,0.164,optimal
0.0001,100000.0,10.0,1e-06,0.4041,0.3839,0.008,0.506,optimal
0.0001,100000.0,100.0,1e-06,0.434,0.4122,0.029,1.09,optimal
0.0001,100000.0,1000.0,1e-06,0.4216,0.43,0.051,0.743,optimal
0.0001,100000.0,10000.0,1e-06,0.2658,0.3846,0.115,0.851,optimal
0.0001,100000.0,100000.0,1e-06,-0.036,0.2589,0.321,33.999,optimal
0.0001,100000.0,1000000.0,1e-06,-0.0367,0.2653,0.34,12.484,optimal
0.0001,1000000.0,1e-06,1e-06,0.3939,0.3755,0.0,5.3,optimal
0.0001,1000000.0,1e-05,1e-06,0.394,0.3756,0.002,1.121,optimal
0.0001,1000000.0,0.0001,1e-06,0.394,0.3756,0.001,0.167,optimal
0.0001,1000000.0,0.001,1e-06,0.3939,0.3755,0.001,0.162,optimal
0.0001,1000000.0,0.01,1e-06,0.394,0.3756,0.0,0.161,optimal
0.0001,1000000.0,0.1,1e-06,0.3941,0.3756,0.0,0.159,optimal
0.0001,1000000.0,1.0,1e-06,0.3951,0.3765,0.002,0.16,optimal
0.0001,1000000.0,10.0,1e-06,0.4042,0.3839,0.008,0.621,optimal
0.0001,1000000.0,100.0,1e-06,0.434,0.4122,0.029,1.087,optimal
0.0001,1000000.0,1000.0,1e-06,0.4216,0.43,0.051,0.739,optimal
0.0001,1000000.0,10000.0,1e-06,0.2658,0.3846,0.115,1.306,optimal
0.0001,1000000.0,100000.0,1e-06,-0.0362,0.2583,0.32,47.377,user_limit
0.0001,1000000.0,1000000.0,1e-06,-0.0367,0.2653,0.34,11.66,optimal
0.001,1e-06,1e-06,1e-06,0.3939,0.3755,0.0,5.936,optimal
0.001,1e-06,1e-05,1e-06,0.3965,0.3776,0.004,47.398,user_limit
0.001,1e-06,0.0001,1e-06,0.3939,0.3755,0.0,43.999,optimal
0.001,1e-06,0.001,1e-06,0.3938,0.3755,0.001,0.508,optimal
0.001,1e-06,0.01,1e-06,0.3941,0.3756,0.001,0.738,optimal
0.001,1e-06,0.1,1e-06,0.3939,0.3755,0.0,7.035,optimal
0.001,1e-06,1.0,1e-06,0.394,0.3756,0.0,19.356,optimal
0.001,1e-06,10.0,1e-06,0.3952,0.3765,0.001,13.462,optimal
0.001,1e-06,100.0,1e-06,0.4042,0.3839,0.008,2.677,optimal
0.001,1e-06,1000.0,1e-06,0.434,0.4122,0.029,0.63,optimal
0.001,1e-06,10000.0,1e-06,0.4216,0.43,0.051,0.513,optimal
0.001,1e-06,100000.0,1e-06,0.2658,0.3846,0.115,0.86,optimal
0.001,1e-06,1000000.0,1e-06,-0.036,0.2589,0.321,9.822,optimal
0.001,1e-05,1e-06,1e-06,0.3939,0.3755,0.0,5.934,optimal
0.001,1e-05,1e-05,1e-06,0.3965,0.3776,0.004,47.593,user_limit
0.001,1e-05,0.0001,1e-06,0.3939,0.3755,0.0,44.088,optimal
0.001,1e-05,0.001,1e-06,0.3938,0.3755,0.0,0.505,optimal
0.001,1e-05,0.01,1e-06,0.3941,0.3756,0.001,0.738,optimal
0.001,1e-05,0.1,1e-06,0.3939,0.3755,0.0,6.251,optimal
0.001,1e-05,1.0,1e-06,0.394,0.3756,0.0,15.114,optimal
0.001,1e-05,10.0,1e-06,0.3952,0.3765,0.001,9.702,optimal
0.001,1e-05,100.0,1e-06,0.4042,0.3839,0.008,4.055,optimal
0.001,1e-05,1000.0,1e-06,0.434,0.4122,0.029,0.627,optimal
0.001,1e-05,10000.0,1e-06,0.4216,0.43,0.051,0.508,optimal
0.001,1e-05,100000.0,1e-06,0.2658,0.3846,0.115,0.395,optimal
0.001,1e-05,1000000.0,1e-06,-0.036,0.2589,0.321,6.384,optimal
0.001,0.0001,1e-06,1e-06,0.3939,0.3755,0.0,5.973,optimal
0.001,0.0001,1e-05,1e-06,0.3965,0.3776,0.004,47.476,user_limit
0.001,0.0001,0.0001,1e-06,0.3939,0.3755,0.0,48.215,optimal_inaccurate
0.001,0.0001,0.001,1e-06,0.3939,0.3755,0.0,14.887,optimal
0.001,0.0001,0.01,1e-06,0.394,0.3756,0.001,0.97,optimal
0.001,0.0001,0.1,1e-06,0.3939,0.3755,0.001,3.372,optimal
0.001,0.0001,1.0,1e-06,0.394,0.3756,0.0,19.384,optimal
0.001,0.0001,10.0,1e-06,0.3952,0.3765,0.001,15.513,optimal
0.001,0.0001,100.0,1e-06,0.4042,0.3839,0.008,2.221,optimal
0.001,0.0001,1000.0,1e-06,0.434,0.4122,0.029,0.629,optimal
0.001,0.0001,10000.0,1e-06,0.4216,0.43,0.051,0.513,optimal
0.001,0.0001,100000.0,1e-06,0.2658,0.3846,0.115,0.397,optimal
0.001,0.0001,1000000.0,1e-06,-0.036,0.2589,0.321,7.185,optimal
0.001,0.001,1e-06,1e-06,0.3939,0.3755,0.0,5.946,optimal
0.001,0.001,1e-05,1e-06,0.3965,0.3776,0.004,47.606,user_limit
0.001,0.001,0.0001,1e-06,0.3939,0.3755,0.0,27.91,optimal
0.001,0.001,0.001,1e-06,0.3938,0.3755,0.001,0.508,optimal
0.001,0.001,0.01,1e-06,0.3941,0.3756,0.001,0.737,optimal
0.001,0.001,0.1,1e-06,0.3939,0.3755,0.0,6.591,optimal
0.001,0.001,1.0,1e-06,0.394,0.3756,0.0,17.727,optimal
0.001,0.001,10.0,1e-06,0.3952,0.3765,0.001,18.7,optimal
0.001,0.001,100.0,1e-06,0.4042,0.3839,0.008,1.9,optimal
0.001,0.001,1000.0,1e-06,0.434,0.4122,0.029,0.746,optimal
0.001,0.001,10000.0,1e-06,0.4216,0.43,0.051,0.626,optimal
0.001,0.001,100000.0,1e-06,0.2658,0.3846,0.115,0.507,optimal
0.001,0.001,1000000.0,1e-06,-0.036,0.2589,0.321,9.39,optimal
0.001,0.01,1e-06,1e-06,0.3939,0.3755,0.0,5.933,optimal
0.001,0.01,1e-05,1e-06,0.3939,0.3755,0.0,35.468,optimal
0.001,0.01,0.0001,1e-06,0.3939,0.3755,0.0,0.162,optimal
0.001,0.01,0.001,1e-06,0.3939,0.3755,0.0,0.274,optimal
0.001,0.01,0.01,1e-06,0.394,0.3756,0.001,1.085,optimal
0.001,0.01,0.1,1e-06,0.3939,0.3755,0.001,3.261,optimal
0.001,0.01,1.0,1e-06,0.394,0.3756,0.0,17.516,optimal
0.001,0.01,10.0,1e-06,0.3952,0.3765,0.001,16.329,optimal
0.001,0.01,100.0,1e-06,0.4042,0.3839,0.008,3.823,optimal
0.001,0.01,1000.0,1e-06,0.434,0.4122,0.029,0.74,optimal
0.001,0.01,10000.0,1e-06,0.4216,0.43,0.051,0.512,optimal
0.001,0.01,100000.0,1e-06,0.2658,0.3846,0.115,0.623,optimal
0.001,0.01,1000000.0,1e-06,-0.036,0.2589,0.321,6.753,optimal
0.001,0.1,1e-06,1e-06,0.3939,0.3755,0.0,5.964,optimal
0.001,0.1,1e-05,1e-06,0.3939,0.3755,0.0,15.995,optimal
0.001,0.1,0.0001,1e-06,0.3939,0.3755,0.0,0.194,optimal
0.001,0.1,0.001,1e-06,0.3939,0.3755,0.0,0.169,optimal
0.001,0.1,0.01,1e-06,0.3941,0.3756,0.001,0.731,optimal
0.001,0.1,0.1,1e-06,0.3939,0.3755,0.001,3.264,optimal
0.001,0.1,1.0,1e-06,0.394,0.3756,0.001,9.37,optimal
0.001,0.1,10.0,1e-06,0.3952,0.3765,0.001,13.417,optimal
0.001,0.1,100.0,1e-06,0.4042,0.3839,0.008,2.681,optimal
0.001,0.1,1000.0,1e-06,0.434,0.4122,0.029,0.629,optimal
0.001,0.1,10000.0,1e-06,0.4216,0.43,0.051,0.51,optimal
0.001,0.1,100000.0,1e-06,0.2658,0.3846,0.115,0.618,optimal
0.001,0.1,1000000.0,1e-06,-0.036,0.2589,0.321,8.378,optimal
0.001,1.0,1e-06,1e-06,0.3939,0.3755,0.0,5.949,optimal
0.001,1.0,1e-05,1e-06,0.3941,0.3757,0.001,11.378,optimal
0.001,1.0,0.0001,1e-06,0.3938,0.3754,0.001,0.393,optimal
0.001,1.0,0.001,1e-06,0.3938,0.3755,0.001,0.162,optimal
0.001,1.0,0.01,1e-06,0.3939,0.3755,0.001,0.163,optimal
0.001,1.0,0.1,1e-06,0.3939,0.3755,0.001,5.979,optimal
0.001,1.0,1.0,1e-06,0.394,0.3756,0.001,6.866,optimal
0.001,1.0,10.0,1e-06,0.3952,0.3765,0.001,9.814,optimal
0.001,1.0,100.0,1e-06,0.4042,0.3839,0.008,2.127,optimal
0.001,1.0,1000.0,1e-06,0.434,0.4122,0.029,0.633,optimal
0.001,1.0,10000.0,1e-06,0.4216,0.43,0.051,0.511,optimal
0.001,1.0,100000.0,1e-06,0.2658,0.3846,0.115,0.74,optimal
0.001,1.0,1000000.0,1e-06,-0.036,0.2589,0.321,7.035,optimal
0.001,10.0,1e-06,1e-06,0.3939,0.3755,0.0,5.941,optimal
0.001,10.0,1e-05,1e-06,0.394,0.3756,0.0,14.336,optimal
0.001,10.0,0.0001,1e-06,0.394,0.3755,0.0,0.162,optimal
0.001,10.0,0.001,1e-06,0.3939,0.3755,0.0,0.161,optimal
0.001,10.0,0.01,1e-06,0.3939,0.3755,0.0,0.163,optimal
0.001,10.0,0.1,1e-06,0.3939,0.3755,0.0,0.51,optimal
0.001,10.0,1.0,1e-06,0.394,0.3756,0.001,6.259,optimal
0.001,10.0,10.0,1e-06,0.3952,0.3765,0.001,6.858,optimal
0.001,10.0,100.0,1e-06,0.4042,0.3839,0.008,2.15,optimal
0.001,10.0,1000.0,1e-06,0.434,0.4122,0.029,0.742,optimal
0.001,10.0,10000.0,1e-06,0.4216,0.43,0.051,0.518,optimal
0.001,10.0,100000.0,1e-06,0.2658,0.3846,0.115,0.392,optimal
0.001,10.0,1000000.0,1e-06,-0.036,0.2589,0.321,6.793,optimal
0.001,100.0,1e-06,1e-06,0.3939,0.3755,0.0,5.974,optimal
0.001,100.0,1e-05,1e-06,0.3938,0.3754,0.002,2.783,optimal
0.001,100.0,0.0001,1e-06,0.3936,0.3753,0.002,0.278,optimal
0.001,100.0,0.001,1e-06,0.3938,0.3755,0.002,0.158,optimal
0.001,100.0,0.01,1e-06,0.3942,0.3758,0.002,0.159,optimal
0.001,100.0,0.1,1e-06,0.3943,0.3758,0.002,0.163,optimal
0.001,100.0,1.0,1e-06,0.3942,0.3757,0.002,0.514,optimal
0.001,100.0,10.0,1e-06,0.3953,0.3766,0.003,1.662,optimal
0.001,100.0,100.0,1e-06,0.4042,0.3839,0.008,1.548,optimal
0.001,100.0,1000.0,1e-06,0.434,0.4122,0.029,0.628,optimal
0.001,100.0,10000.0,1e-06,0.4216,0.43,0.051,0.517,optimal
0.001,100.0,100000.0,1e-06,0.2658,0.3846,0.115,0.624,optimal
0.001,100.0,1000000.0,1e-06,-0.036,0.2589,0.321,8.126,optimal
0.001,1000.0,1e-06,1e-06,0.3939,0.3755,0.0,5.437,optimal
0.001,1000.0,1e-05,1e-06,0.3938,0.3754,0.002,2.881,optimal
0.001,1000.0,0.0001,1e-06,0.3938,0.3754,0.001,0.163,optimal
0.001,1000.0,0.001,1e-06,0.3937,0.3753,0.001,0.16,optimal
0.001,1000.0,0.01,1e-06,0.3938,0.3754,0.001,0.161,optimal
0.001,1000.0,0.1,1e-06,0.394,0.3756,0.001,0.162,optimal
0.001,1000.0,1.0,1e-06,0.3942,0.3757,0.001,0.163,optimal
0.001,1000.0,10.0,1e-06,0.3951,0.3765,0.002,0.512,optimal
0.001,1000.0,100.0,1e-06,0.4042,0.384,0.008,0.969,optimal
0.001,1000.0,1000.0,1e-06,0.434,0.4122,0.029,0.745,optimal
0.001,1000.0,10000.0,1e-06,0.4216,0.43,0.051,0.511,optimal
0.001,1000.0,100000.0,1e-06,0.2658,0.3846,0.115,0.736,optimal
0.001,1000.0,1000000.0,1e-06,-0.036,0.2589,0.321,7.438,optimal
0.001,10000.0,1e-06,1e-06,0.3939,0.3755,0.0,5.374,optimal
0.001,10000.0,1e-05,1e-06,0.3918,0.3738,0.003,1.959,optimal
0.001,10000.0,0.0001,1e-06,0.3938,0.3755,0.002,0.162,optimal
0.001,10000.0,0.001,1e-06,0.3937,0.3753,0.001,0.158,optimal
0.001,10000.0,0.01,1e-06,0.3936,0.3753,0.001,0.161,optimal
0.001,10000.0,0.1,1e-06,0.3944,0.3759,0.001,0.166,optimal
0.001,10000.0,1.0,1e-06,0.3941,0.3757,0.001,0.165,optimal
0.001,10000.0,10.0,1e-06,0.3952,0.3766,0.003,0.161,optimal
0.001,10000.0,100.0,1e-06,0.4041,0.3839,0.008,0.859,optimal
0.001,10000.0,1000.0,1e-06,0.434,0.4122,0.029,1.325,optimal
0.001,10000.0,10000.0,1e-06,0.4216,0.43,0.051,0.513,optimal
0.001,10000.0,100000.0,1e-06,0.2658,0.3846,0.115,0.741,optimal
0.001,10000.0,1000000.0,1e-06,-0.036,0.2589,0.321,16.728,optimal
0.001,100000.0,1e-06,1e-06,0.3939,0.3755,0.0,5.246,optimal
0.001,100000.0,1e-05,1e-06,0.3918,0.3738,0.003,1.954,optimal
0.001,100000.0,0.0001,1e-06,0.3938,0.3755,0.002,0.164,optimal
0.001,100000.0,0.001,1e-06,0.3936,0.3753,0.001,0.162,optimal
0.001,100000.0,0.01,1e-06,0.3936,0.3753,0.001,0.162,optimal
0.001,100000.0,0.1,1e-06,0.3944,0.3759,0.001,0.164,optimal
0.001,100000.0,1.0,1e-06,0.3941,0.3757,0.001,0.16,optimal
0.001,100000.0,10.0,1e-06,0.3952,0.3766,0.003,0.164,optimal
0.001,100000.0,100.0,1e-06,0.4041,0.3839,0.008,0.856,optimal
0.001,100000.0,1000.0,1e-06,0.434,0.4122,0.029,1.901,optimal
0.001,100000.0,10000.0,1e-06,0.4216,0.43,0.051,1.091,optimal
0.001,100000.0,100000.0,1e-06,0.2658,0.3846,0.115,0.85,optimal
0.001,100000.0,1000000.0,1e-06,-0.036,0.2589,0.321,39.574,optimal
0.001,1000000.0,1e-06,1e-06,0.3939,0.3755,0.0,5.309,optimal
0.001,1000000.0,1e-05,1e-06,0.3919,0.3739,0.002,1.958,optimal
0.001,1000000.0,0.0001,1e-06,0.3938,0.3755,0.002,0.162,optimal
0.001,1000000.0,0.001,1e-06,0.3936,0.3753,0.001,0.164,optimal
0.001,1000000.0,0.01,1e-06,0.3937,0.3753,0.001,0.168,optimal
0.001,1000000.0,0.1,1e-06,0.3944,0.3759,0.001,0.163,optimal
0.001,1000000.0,1.0,1e-06,0.3941,0.3757,0.001,0.167,optimal
0.001,1000000.0,10.0,1e-06,0.3952,0.3766,0.003,0.165,optimal
0.001,1000000.0,100.0,1e-06,0.4041,0.3839,0.008,0.745,optimal
0.001,1000000.0,1000.0,1e-06,0.434,0.4122,0.029,1.826,optimal
0.001,1000000.0,10000.0,1e-06,0.4216,0.43,0.051,0.994,optimal
0.001,1000000.0,100000.0,1e-06,0.2658,0.3846,0.115,1.103,optimal
0.001,1000000.0,1000000.0,1e-06,-0.036,0.2589,0.321,49.096,user_limit
0.01,1e-06,1e-06,1e-06,0.3939,0.3755,0.0,6.484,optimal
0.01,1e-06,1e-05,1e-06,0.396,0.3772,0.004,48.739,user_limit
0.01,1e-06,0.0001,1e-06,0.3941,0.3757,0.001,47.602,user_limit
0.01,1e-06,0.001,1e-06,0.3939,0.3755,0.0,35.548,optimal
0.01,1e-06,0.01,1e-06,0.3939,0.3755,0.001,1.321,optimal
0.01,1e-06,0.1,1e-06,0.3939,0.3755,0.001,2.808,optimal
0.01,1e-06,1.0,1e-06,0.3939,0.3755,0.0,11.777,optimal
0.01,1e-06,10.0,1e-06,0.394,0.3756,0.0,44.37,optimal
0.01,1e-06,100.0,1e-06,0.3952,0.3765,0.001,21.316,optimal
0.01,1e-06,1000.0,1e-06,0.4042,0.3839,0.008,2.346,optimal
0.01,1e-06,10000.0,1e-06,0.434,0.4122,0.029,0.629,optimal
0.01,1e-06,100000.0,1e-06,0.4216,0.43,0.051,0.514,optimal
0.01,1e-06,1000000.0,1e-06,0.2658,0.3846,0.115,0.509,optimal
0.01,1e-05,1e-06,1e-06,0.3939,0.3755,0.0,6.44,optimal
0.01,1e-05,1e-05,1e-06,0.396,0.3772,0.004,47.87,user_limit
0.01,1e-05,0.0001,1e-06,0.3941,0.3757,0.001,47.631,user_limit
0.01,1e-05,0.001,1e-06,0.3939,0.3755,0.0,31.307,optimal
0.01,1e-05,0.01,1e-06,0.3938,0.3754,0.001,1.218,optimal
0.01,1e-05,0.1,1e-06,0.394,0.3755,0.002,2.043,optimal
0.01,1e-05,1.0,1e-06,0.3939,0.3755,0.0,14.553,optimal
0.01,1e-05,10.0,1e-06,0.394,0.3756,0.0,44.24,optimal
0.01,1e-05,100.0,1e-06,0.3952,0.3765,0.001,17.094,optimal
0.01,1e-05,1000.0,1e-06,0.4042,0.3839,0.008,2.235,optimal
0.01,1e-05,10000.0,1e-06,0.434,0.4122,0.029,0.631,optimal
0.01,1e-05,100000.0,1e-06,0.4216,0.43,0.051,0.508,optimal
0.01,1e-05,1000000.0,1e-06,0.2658,0.3846,0.115,0.74,optimal
0.01,0.0001,1e-06,1e-06,0.3939,0.3755,0.0,6.431,optimal
0.01,0.0001,1e-05,1e-06,0.396,0.3772,0.004,48.357,user_limit
0.01,0.0001,0.0001,1e-06,0.3941,0.3757,0.001,49.624,user_limit
0.01,0.0001,0.001,1e-06,0.3939,0.3755,0.0,33.857,optimal
0.01,0.0001,0.01,1e-06,0.3938,0.3755,0.001,1.315,optimal
0.01,0.0001,0.1,1e-06,0.3939,0.3755,0.001,3.399,optimal
0.01,0.0001,1.0,1e-06,0.3939,0.3755,0.0,15.987,optimal
0.01,0.0001,10.0,1e-06,0.394,0.3756,0.0,46.136,user_limit
0.01,0.0001,100.0,1e-06,0.3952,0.3765,0.001,19.334,optimal
0.01,0.0001,1000.0,1e-06,0.4042,0.3839,0.008,3.143,optimal
0.01,0.0001,10000.0,1e-06,0.434,0.4122,0.029,0.631,optimal
0.01,0.0001,100000.0,1e-06,0.4216,0.43,0.051,0.514,optimal
0.01,0.0001,1000000.0,1e-06,0.2658,0.3846,0.115,0.622,optimal
0.01,0.001,1e-06,1e-06,0.3939,0.3755,0.0,6.436,optimal
0.01,0.001,1e-05,1e-06,0.396,0.3772,0.004,48.296,user_limit
0.01,0.001,0.0001,1e-06,0.3941,0.3756,0.001,48.011,user_limit
0.01,0.001,0.001,1e-06,0.3939,0.3755,0.0,23.513,optimal
0.01,0.001,0.01,1e-06,0.3938,0.3755,0.001,1.209,optimal
0.01,0.001,0.1,1e-06,0.3939,0.3755,0.0,4.088,optimal
0.01,0.001,1.0,1e-06,0.3939,0.3755,0.0,25.519,optimal
0.01,0.001,10.0,1e-06,0.394,0.3756,0.0,46.104,optimal_inaccurate
0.01,0.001,100.0,1e-06,0.3952,0.3765,0.001,17.125,optimal
0.01,0.001,1000.0,1e-06,0.4042,0.3839,0.008,2.258,optimal
0.01,0.001,10000.0,1e-06,0.434,0.4122,0.029,0.637,optimal
0.01,0.001,100000.0,1e-06,0.4216,0.43,0.051,0.516,optimal
0.01,0.001,1000000.0,1e-06,0.2658,0.3846,0.115,0.737,optimal
0.01,0.01,1e-06,1e-06,0.3939,0.3755,0.0,6.419,optimal
0.01,0.01,1e-05,1e-06,0.396,0.3772,0.004,48.257,user_limit
0.01,0.01,0.0001,1e-06,0.3939,0.3755,0.0,42.628,optimal
0.01,0.01,0.001,1e-06,0.3939,0.3755,0.0,0.281,optimal
0.01,0.01,0.01,1e-06,0.3939,0.3755,0.001,1.215,optimal
0.01,0.01,0.1,1e-06,0.3939,0.3755,0.0,3.744,optimal
0.01,0.01,1.0,1e-06,0.3939,0.3755,0.0,23.199,optimal
0.01,0.01,10.0,1e-06,0.394,0.3756,0.0,45.655,user_limit
0.01,0.01,100.0,1e-06,0.3952,0.3765,0.001,17.661,optimal
0.01,0.01,1000.0,1e-06,0.4042,0.3839,0.008,2.113,optimal
0.01,0.01,10000.0,1e-06,0.434,0.4122,0.029,0.633,optimal
0.01,0.01,100000.0,1e-06,0.4216,0.43,0.051,0.506,optimal
0.01,0.01,1000000.0,1e-06,0.2658,0.3846,0.115,0.741,optimal
0.01,0.1,1e-06,1e-06,0.3939,0.3755,0.0,6.429,optimal
0.01,0.1,1e-05,1e-06,0.3938,0.3754,0.0,29.199,optimal
0.01,0.1,0.0001,1e-06,0.3939,0.3755,0.0,0.395,optimal
0.01,0.1,0.001,1e-06,0.394,0.3755,0.0,0.623,optimal
0.01,0.1,0.01,1e-06,0.3939,0.3755,0.0,1.19,optimal
0.01,0.1,0.1,1e-06,0.3939,0.3755,0.001,5.704,optimal
0.01,0.1,1.0,1e-06,0.3939,0.3755,0.0,19.41,optimal
0.01,0.1,10.0,1e-06,0.394,0.3756,0.0,40.634,optimal
0.01,0.1,100.0,1e-06,0.3952,0.3765,0.001,15.859,optimal
0.01,0.1,1000.0,1e-06,0.4042,0.3839,0.008,2.337,optimal
0.01,0.1,10000.0,1e-06,0.434,0.4122,0.029,0.633,optimal
0.01,0.1,100000.0,1e-06,0.4216,0.43,0.051,0.51,optimal
0.01,0.1,1000000.0,1e-06,0.2658,0.3846,0.115,0.395,optimal
0.01,1.0,1e-06,1e-06,0.3939,0.3755,0.0,6.4,optimal
0.01,1.0,1e-05,1e-06,0.394,0.3756,0.001,47.835,optimal_inaccurate
0.01,1.0,0.0001,1e-06,0.3938,0.3754,0.001,4.179,optimal
0.01,1.0,0.001,1e-06,0.3939,0.3755,0.001,0.398,optimal
0.01,1.0,0.01,1e-06,0.3938,0.3754,0.001,0.39,optimal
0.01,1.0,0.1,1e-06,0.3939,0.3755,0.001,4.963,optimal
0.01,1.0,1.0,1e-06,0.3939,0.3755,0.001,6.703,optimal
0.01,1.0,10.0,1e-06,0.394,0.3756,0.0,40.297,optimal
0.01,1.0,100.0,1e-06,0.3952,0.3765,0.001,14.19,optimal
0.01,1.0,1000.0,1e-06,0.4042,0.3839,0.008,2.346,optimal
0.01,1.0,10000.0,1e-06,0.434,0.4122,0.029,0.629,optimal
0.01,1.0,100000.0,1e-06,0.4216,0.43,0.051,0.509,optimal
0.01,1.0,1000000.0,1e-06,0.2658,0.3846,0.115,0.391,optimal
0.01,10.0,1e-06,1e-06,0.3939,0.3755,0.0,6.419,optimal
0.01,10.0,1e-05,1e-06,0.3939,0.3755,0.001,30.038,optimal
0.01,10.0,0.0001,1e-06,0.3939,0.3755,0.001,0.507,optimal
0.01,10.0,0.001,1e-06,0.3939,0.3755,0.0,0.848,optimal
0.01,10.0,0.01,1e-06,0.3938,0.3754,0.0,0.393,optimal
0.01,10.0,0.1,1e-06,0.394,0.3756,0.001,0.275,optimal
0.01,10.0,1.0,1e-06,0.394,0.3756,0.001,14.523,optimal
0.01,10.0,10.0,1e-06,0.394,0.3756,0.0,20.137,optimal
0.01,10.0,100.0,1e-06,0.3952,0.3765,0.001,9.783,optimal
0.01,10.0,1000.0,1e-06,0.4042,0.3839,0.008,1.677,optimal
0.01,10.0,10000.0,1e-06,0.434,0.4122,0.029,0.631,optimal
0.01,10.0,100000.0,1e-06,0.4216,0.43,0.051,0.509,optimal
0.01,10.0,1000000.0,1e-06,0.2658,0.3846,0.115,0.744,optimal
0.01,100.0,1e-06,1e-06,0.3939,0.3755,0.0,5.905,optimal
0.01,100.0,1e-05,1e-06,0.3938,0.3754,0.001,9.36,optimal
0.01,100.0,0.0001,1e-06,0.3939,0.3755,0.001,0.163,optimal
0.01,100.0,0.001,1e-06,0.3939,0.3755,0.001,0.16,optimal
0.01,100.0,0.01,1e-06,0.3939,0.3755,0.0,0.159,optimal
0.01,100.0,0.1,1e-06,0.3939,0.3755,0.001,0.162,optimal
0.01,100.0,1.0,1e-06,0.3938,0.3754,0.001,0.616,optimal
0.01,100.0,10.0,1e-06,0.394,0.3756,0.001,14.037,optimal
0.01,100.0,100.0,1e-06,0.3952,0.3765,0.002,6.295,optimal
0.01,100.0,1000.0,1e-06,0.4042,0.3839,0.008,4.195,optimal
0.01,100.0,10000.0,1e-06,0.434,0.4122,0.029,0.87,optimal
0.01,100.0,100000.0,1e-06,0.4216,0.43,0.051,0.509,optimal
0.01,100.0,1000000.0,1e-06,0.2658,0.3846,0.115,0.277,optimal
0.01,1000.0,1e-06,1e-06,0.3939,0.3755,0.0,5.839,optimal
0.01,1000.0,1e-05,1e-06,0.3938,0.3754,0.002,2.769,optimal
0.01,1000.0,0.0001,1e-06,0.3936,0.3753,0.002,0.281,optimal
0.01,1000.0,0.001,1e-06,0.3938,0.3755,0.002,0.166,optimal
0.01,1000.0,0.01,1e-06,0.3942,0.3758,0.002,0.165,optimal
0.01,1000.0,0.1,1e-06,0.3943,0.3758,0.002,0.161,optimal
0.01,1000.0,1.0,1e-06,0.394,0.3755,0.002,0.161,optimal
0.01,1000.0,10.0,1e-06,0.3937,0.3754,0.002,0.622,optimal
0.01,1000.0,100.0,1e-06,0.3954,0.3767,0.003,1.66,optimal
0.01,1000.0,1000.0,1e-06,0.4042,0.3839,0.008,1.555,optimal
0.01,1000.0,10000.0,1e-06,0.434,0.4122,0.029,0.63,optimal
0.01,1000.0,100000.0,1e-06,0.4216,0.43,0.051,0.509,optimal
0.01,1000.0,1000000.0,1e-06,0.2658,0.3846,0.115,0.622,optimal
0.01,10000.0,1e-06,1e-06,0.3939,0.3755,0.0,5.414,optimal
0.01,10000.0,1e-05,1e-06,0.3938,0.3754,0.002,2.863,optimal
0.01,10000.0,0.0001,1e-06,0.3938,0.3754,0.002,0.163,optimal
0.01,10000.0,0.001,1e-06,0.3936,0.3753,0.001,0.161,optimal
0.01,10000.0,0.01,1e-06,0.3938,0.3754,0.001,0.16,optimal
0.01,10000.0,0.1,1e-06,0.394,0.3756,0.001,0.164,optimal
0.01,10000.0,1.0,1e-06,0.394,0.3756,0.001,0.16,optimal
0.01,10000.0,10.0,1e-06,0.3939,0.3755,0.001,0.161,optimal
0.01,10000.0,100.0,1e-06,0.3951,0.3765,0.002,0.509,optimal
0.01,10000.0,1000.0,1e-06,0.4042,0.3839,0.008,1.081,optimal
0.01,10000.0,10000.0,1e-06,0.434,0.4122,0.029,0.631,optimal
0.01,10000.0,100000.0,1e-06,0.4216,0.43,0.051,0.504,optimal
0.01,10000.0,1000000.0,1e-06,0.2658,0.3846,0.115,0.393,optimal
0.01,100000.0,1e-06,1e-06,0.3939,0.3755,0.0,5.361,optimal
0.01,100000.0,1e-05,1e-06,0.3918,0.3738,0.003,1.941,optimal
0.01,100000.0,0.0001,1e-06,0.3939,0.3755,0.002,0.16,optimal
0.01,100000.0,0.001,1e-06,0.3937,0.3753,0.001,0.161,optimal
0.01,100000.0,0.01,1e-06,0.3936,0.3753,0.001,0.164,optimal
0.01,100000.0,0.1,1e-06,0.3944,0.3759,0.001,0.166,optimal
0.01,100000.0,1.0,1e-06,0.394,0.3756,0.001,0.163,optimal
0.01,100000.0,10.0,1e-06,0.394,0.3756,0.001,0.159,optimal
0.01,100000.0,100.0,1e-06,0.3951,0.3765,0.002,0.274,optimal
0.01,100000.0,1000.0,1e-06,0.4041,0.3839,0.008,0.854,optimal
0.01,100000.0,10000.0,1e-06,0.434,0.4122,0.029,1.092,optimal
0.01,100000.0,100000.0,1e-06,0.4216,0.43,0.051,0.509,optimal
0.01,100000.0,1000000.0,1e-06,0.2658,0.3846,0.115,0.733,optimal
0.01,1000000.0,1e-06,1e-06,0.3939,0.3755,0.0,5.38,optimal
0.01,1000000.0,1e-05,1e-06,0.3918,0.3738,0.003,1.941,optimal
0.01,1000000.0,0.0001,1e-06,0.3938,0.3755,0.002,0.163,optimal
0.01,1000000.0,0.001,1e-06,0.3937,0.3753,0.001,0.16,optimal
0.01,1000000.0,0.01,1e-06,0.3936,0.3753,0.001,0.161,optimal
0.01,1000000.0,0.1,1e-06,0.3944,0.3759,0.001,0.166,optimal
0.01,1000000.0,1.0,1e-06,0.394,0.3756,0.001,0.162,optimal
0.01,1000000.0,10.0,1e-06,0.394,0.3756,0.0,0.163,optimal
0.01,1000000.0,100.0,1e-06,0.3953,0.3766,0.003,0.161,optimal
0.01,1000000.0,1000.0,1e-06,0.4041,0.3839,0.008,0.853,optimal
0.01,1000000.0,10000.0,1e-06,0.434,0.4122,0.029,1.905,optimal
0.01,1000000.0,100000.0,1e-06,0.4216,0.43,0.051,0.977,optimal
0.01,1000000.0,1000000.0,1e-06,0.2658,0.3846,0.115,0.624,optimal
0.1,1e-06,1e-06,1e-06,0.3939,0.3755,0.0,6.925,optimal
0.1,1e-06,1e-05,1e-06,0.3959,0.3771,0.004,47.816,user_limit
0.1,1e-06,0.0001,1e-06,0.3946,0.376,0.005,46.771,user_limit
0.1,1e-06,0.001,1e-06,0.3941,0.3756,0.001,46.767,user_limit
0.1,1e-06,0.01,1e-06,0.394,0.3756,0.0,46.483,user_limit
0.1,1e-06,0.1,1e-06,0.394,0.3756,0.0,46.762,user_limit
0.1,1e-06,1.0,1e-06,0.394,0.3756,0.0,47.966,user_limit
0.1,1e-06,10.0,1e-06,0.3939,0.3755,0.0,46.045,user_limit
0.1,1e-06,100.0,1e-06,0.3939,0.3755,0.001,45.822,user_limit
0.1,1e-06,1000.0,1e-06,0.3952,0.3765,0.001,45.579,user_limit
0.1,1e-06,10000.0,1e-06,0.4042,0.3839,0.008,6.923,optimal
0.1,1e-06,100000.0,1e-06,0.434,0.4122,0.029,0.866,optimal
0.1,1e-06,1000000.0,1e-06,0.4216,0.43,0.051,0.511,optimal
0.1,1e-05,1e-06,1e-06,0.3939,0.3755,0.0,6.888,optimal
0.1,1e-05,1e-05,1e-06,0.3959,0.3771,0.004,47.767,user_limit
0.1,1e-05,0.0001,1e-06,0.3946,0.376,0.005,47.004,user_limit
0.1,1e-05,0.001,1e-06,0.3941,0.3756,0.001,46.763,user_limit
0.1,1e-05,0.01,1e-06,0.394,0.3756,0.0,46.502,user_limit
0.1,1e-05,0.1,1e-06,0.394,0.3756,0.0,46.784,user_limit
0.1,1e-05,1.0,1e-06,0.394,0.3756,0.0,45.549,user_limit
0.1,1e-05,10.0,1e-06,0.3939,0.3755,0.0,45.529,user_limit
0.1,1e-05,100.0,1e-06,0.394,0.3756,0.0,41.425,optimal
0.1,1e-05,1000.0,1e-06,0.3952,0.3765,0.001,45.656,user_limit
0.1,1e-05,10000.0,1e-06,0.4042,0.3839,0.008,5.672,optimal
0.1,1e-05,100000.0,1e-06,0.434,0.4122,0.029,0.867,optimal
0.1,1e-05,1000000.0,1e-06,0.4216,0.43,0.051,0.513,optimal
0.1,0.0001,1e-06,1e-06,0.3939,0.3755,0.0,6.989,optimal
0.1,0.0001,1e-05,1e-06,0.3959,0.3771,0.004,49.329,user_limit
0.1,0.0001,0.0001,1e-06,0.3946,0.376,0.005,46.926,user_limit
0.1,0.0001,0.001,1e-06,0.394,0.3756,0.0,46.635,user_limit
0.1,0.0001,0.01,1e-06,0.394,0.3756,0.0,46.364,user_limit
0.1,0.0001,0.1,1e-06,0.394,0.3756,0.0,46.142,user_limit
0.1,0.0001,1.0,1e-06,0.394,0.3756,0.0,45.441,user_limit
0.1,0.0001,10.0,1e-06,0.3939,0.3755,0.0,45.711,user_limit
0.1,0.0001,100.0,1e-06,0.394,0.3756,0.0,45.638,user_limit
0.1,0.0001,1000.0,1e-06,0.3952,0.3765,0.001,21.262,optimal
0.1,0.0001,10000.0,1e-06,0.4042,0.3839,0.008,4.263,optimal
0.1,0.0001,100000.0,1e-06,0.434,0.4122,0.029,0.866,optimal
0.1,0.0001,1000000.0,1e-06,0.4216,0.43,0.051,0.503,optimal
0.1,0.001,1e-06,1e-06,0.3939,0.3755,0.0,6.821,optimal
0.1,0.001,1e-05,1e-06,0.3959,0.3771,0.004,47.744,user_limit
0.1,0.001,0.0001,1e-06,0.3946,0.376,0.005,46.741,user_limit
0.1,0.001,0.001,1e-06,0.394,0.3756,0.001,46.8,user_limit
0.1,0.001,0.01,1e-06,0.394,0.3756,0.0,46.794,user_limit
0.1,0.001,0.1,1e-06,0.394,0.3756,0.0,46.739,user_limit
0.1,0.001,1.0,1e-06,0.394,0.3756,0.0,45.525,user_limit
0.1,0.001,10.0,1e-06,0.3939,0.3755,0.0,45.702,user_limit
0.1,0.001,100.0,1e-06,0.394,0.3756,0.0,45.667,user_limit
0.1,0.001,1000.0,1e-06,0.3952,0.3765,0.001,45.817,user_limit
0.1,0.001,10000.0,1e-06,0.4042,0.3839,0.008,7.712,optimal
0.1,0.001,100000.0,1e-06,0.434,0.4122,0.029,0.862,optimal
0.1,0.001,1000000.0,1e-06,0.4216,0.43,0.051,0.513,optimal
0.1,0.01,1e-06,1e-06,0.3939,0.3755,0.0,6.951,optimal
0.1,0.01,1e-05,1e-06,0.3959,0.3771,0.004,47.892,user_limit
0.1,0.01,0.0001,1e-06,0.3943,0.3758,0.001,46.634,user_limit
0.1,0.01,0.001,1e-06,0.394,0.3756,0.0,46.393,user_limit
0.1,0.01,0.01,1e-06,0.394,0.3756,0.0,46.721,user_limit
0.1,0.01,0.1,1e-06,0.394,0.3756,0.0,47.031,user_limit
0.1,0.01,1.0,1e-06,0.394,0.3756,0.0,45.726,user_limit
0.1,0.01,10.0,1e-06,0.3939,0.3755,0.0,45.828,user_limit
0.1,0.01,100.0,1e-06,0.394,0.3756,0.0,46.416,user_limit
0.1,0.01,1000.0,1e-06,0.3952,0.3765,0.001,21.683,optimal
0.1,0.01,10000.0,1e-06,0.4042,0.3839,0.008,2.367,optimal
0.1,0.01,100000.0,1e-06,0.434,0.4122,0.029,0.635,optimal
0.1,0.01,1000000.0,1e-06,0.4216,0.43,0.051,0.513,optimal
0.1,0.1,1e-06,1e-06,0.3939,0.3755,0.0,7.012,optimal
0.1,0.1,1e-05,1e-06,0.396,0.3772,0.004,48.441,user_limit
0.1,0.1,0.0001,1e-06,0.3939,0.3755,0.001,46.769,user_limit
0.1,0.1,0.001,1e-06,0.394,0.3756,0.0,46.812,user_limit
0.1,0.1,0.01,1e-06,0.394,0.3756,0.0,45.508,user_limit
0.1,0.1,0.1,1e-06,0.394,0.3756,0.0,45.793,user_limit
0.1,0.1,1.0,1e-06,0.394,0.3755,0.0,12.275,optimal
0.1,0.1,10.0,1e-06,0.394,0.3756,0.001,46.69,user_limit
0.1,0.1,100.0,1e-06,0.394,0.3756,0.0,45.841,user_limit
0.1,0.1,1000.0,1e-06,0.3952,0.3765,0.001,45.74,user_limit
0.1,0.1,10000.0,1e-06,0.4042,0.3839,0.008,7.717,optimal
0.1,0.1,100000.0,1e-06,0.434,0.4122,0.029,0.869,optimal
0.1,0.1,1000000.0,1e-06,0.4216,0.43,0.051,0.51,optimal
0.1,1.0,1e-06,1e-06,0.3939,0.3755,0.0,6.448,optimal
0.1,1.0,1e-05,1e-06,0.394,0.3756,0.001,47.594,user_limit
0.1,1.0,0.0001,1e-06,0.394,0.3756,0.0,45.484,user_limit
0.1,1.0,0.001,1e-06,0.3939,0.3755,0.001,15.59,optimal
0.1,1.0,0.01,1e-06,0.394,0.3756,0.001,0.162,optimal
0.1,1.0,0.1,1e-06,0.3938,0.3755,0.001,6.073,optimal
0.1,1.0,1.0,1e-06,0.3939,0.3755,0.001,7.464,optimal
0.1,1.0,10.0,1e-06,0.3939,0.3755,0.0,45.547,optimal_inaccurate
0.1,1.0,100.0,1e-06,0.394,0.3756,0.0,45.574,optimal_inaccurate
0.1,1.0,1000.0,1e-06,0.3952,0.3765,0.001,14.579,optimal
0.1,1.0,10000.0,1e-06,0.4042,0.3839,0.008,2.106,optimal
0.1,1.0,100000.0,1e-06,0.434,0.4122,0.029,0.637,optimal
0.1,1.0,1000000.0,1e-06,0.4216,0.43,0.051,0.507,optimal
0.1,10.0,1e-06,1e-06,0.3939,0.3755,0.0,6.431,optimal
0.1,10.0,1e-05,1e-06,0.3939,0.3755,0.001,43.666,optimal
0.1,10.0,0.0001,1e-06,0.3939,0.3755,0.001,1.408,optimal
0.1,10.0,0.001,1e-06,0.3939,0.3755,0.0,0.162,optimal
0.1,10.0,0.01,1e-06,0.3939,0.3755,0.0,0.162,optimal
0.1,10.0,0.1,1e-06,0.3939,0.3755,0.001,0.501,optimal
0.1,10.0,1.0,1e-06,0.394,0.3756,0.001,10.293,optimal
0.1,10.0,10.0,1e-06,0.3939,0.3755,0.001,12.839,optimal
0.1,10.0,100.0,1e-06,0.394,0.3756,0.0,43.458,optimal
0.1,10.0,1000.0,1e-06,0.3952,0.3765,0.001,26.422,optimal
0.1,10.0,10000.0,1e-06,0.4042,0.3839,0.008,6.894,optimal
0.1,10.0,100000.0,1e-06,0.434,0.4122,0.029,0.869,optimal
0.1,10.0,1000000.0,1e-06,0.4216,0.43,0.051,0.512,optimal
0.1,100.0,1e-06,1e-06,0.3939,0.3755,0.0,6.431,optimal
0.1,100.0,1e-05,1e-06,0.394,0.3756,0.001,23.408,optimal
0.1,100.0,0.0001,1e-06,0.3938,0.3754,0.001,0.392,optimal
0.1,100.0,0.001,1e-06,0.3937,0.3754,0.001,0.162,optimal
0.1,100.0,0.01,1e-06,0.3939,0.3755,0.001,0.846,optimal
0.1,100.0,0.1,1e-06,0.3939,0.3755,0.001,0.274,optimal
0.1,100.0,1.0,1e-06,0.3939,0.3755,0.001,0.849,optimal
0.1,100.0,10.0,1e-06,0.3939,0.3755,0.001,13.288,optimal
0.1,100.0,100.0,1e-06,0.394,0.3756,0.001,17.202,optimal
0.1,100.0,1000.0,1e-06,0.3952,0.3765,0.001,13.874,optimal
0.1,100.0,10000.0,1e-06,0.4042,0.3839,0.008,4.292,optimal
0.1,100.0,100000.0,1e-06,0.434,0.4122,0.029,0.866,optimal
0.1,100.0,1000000.0,1e-06,0.4216,0.43,0.051,0.507,optimal
0.1,1000.0,1e-06,1e-06,0.3939,0.3755,0.0,5.865,optimal
0.1,1000.0,1e-05,1e-06,0.3941,0.3756,0.001,27.797,optimal
0.1,1000.0,0.0001,1e-06,0.3938,0.3755,0.001,0.507,optimal
0.1,1000.0,0.001,1e-06,0.3939,0.3755,0.001,0.165,optimal
0.1,1000.0,0.01,1e-06,0.394,0.3756,0.001,0.165,optimal
0.1,1000.0,0.1,1e-06,0.3939,0.3755,0.001,0.162,optimal
0.1,1000.0,1.0,1e-06,0.3939,0.3755,0.001,0.16,optimal
0.1,1000.0,10.0,1e-06,0.3942,0.3757,0.001,0.73,optimal
0.1,1000.0,100.0,1e-06,0.394,0.3756,0.001,5.537,optimal
0.1,1000.0,1000.0,1e-06,0.3952,0.3765,0.002,9.119,optimal
0.1,1000.0,10000.0,1e-06,0.4042,0.3839,0.008,4.2,optimal
0.1,1000.0,100000.0,1e-06,0.434,0.4122,0.029,0.862,optimal
0.1,1000.0,1000000.0,1e-06,0.4216,0.43,0.051,0.511,optimal
0.1,10000.0,1e-06,1e-06,0.3939,0.3755,0.0,5.721,optimal
0.1,10000.0,1e-05,1e-06,0.3938,0.3754,0.002,2.857,optimal
0.1,10000.0,0.0001,1e-06,0.3934,0.3751,0.002,0.162,optimal
0.1,10000.0,0.001,1e-06,0.3941,0.3757,0.002,0.274,optimal
0.1,10000.0,0.01,1e-06,0.3944,0.3759,0.002,0.164,optimal
0.1,10000.0,0.1,1e-06,0.3941,0.3757,0.002,0.163,optimal
0.1,10000.0,1.0,1e-06,0.3935,0.3752,0.002,0.169,optimal
0.1,10000.0,10.0,1e-06,0.394,0.3756,0.002,0.163,optimal
0.1,10000.0,100.0,1e-06,0.3938,0.3754,0.002,0.503,optimal
0.1,10000.0,1000.0,1e-06,0.3949,0.3763,0.003,1.546,optimal
0.1,10000.0,10000.0,1e-06,0.4042,0.3839,0.008,1.322,optimal
0.1,10000.0,100000.0,1e-06,0.434,0.4122,0.029,0.631,optimal
0.1,10000.0,1000000.0,1e-06,0.4216,0.43,0.051,0.507,optimal
0.1,100000.0,1e-06,1e-06,0.3939,0.3755,0.0,5.658,optimal
0.1,100000.0,1e-05,1e-06,0.3938,0.3754,0.002,2.875,optimal
0.1,100000.0,0.0001,1e-06,0.3938,0.3754,0.002,0.162,optimal
0.1,100000.0,0.001,1e-06,0.3936,0.3753,0.001,0.16,optimal
0.1,100000.0,0.01,1e-06,0.3938,0.3754,0.001,0.162,optimal
0.1,100000.0,0.1,1e-06,0.394,0.3756,0.001,0.165,optimal
0.1,100000.0,1.0,1e-06,0.394,0.3756,0.001,0.161,optimal
0.1,100000.0,10.0,1e-06,0.3937,0.3754,0.0,0.162,optimal
0.1,100000.0,100.0,1e-06,0.394,0.3756,0.001,0.164,optimal
0.1,100000.0,1000.0,1e-06,0.3952,0.3765,0.002,0.51,optimal
0.1,100000.0,10000.0,1e-06,0.4042,0.3839,0.008,1.083,optimal
0.1,100000.0,100000.0,1e-06,0.434,0.4122,0.029,0.638,optimal
0.1,100000.0,1000000.0,1e-06,0.4216,0.43,0.051,0.511,optimal
0.1,1000000.0,1e-06,1e-06,0.3939,0.3755,0.0,5.657,optimal
0.1,1000000.0,1e-05,1e-06,0.3918,0.3738,0.003,1.942,optimal
0.1,1000000.0,0.0001,1e-06,0.3939,0.3755,0.002,0.162,optimal
0.1,1000000.0,0.001,1e-06,0.3937,0.3753,0.001,0.161,optimal
0.1,1000000.0,0.01,1e-06,0.3936,0.3753,0.001,0.161,optimal
0.1,1000000.0,0.1,1e-06,0.3944,0.3759,0.001,0.161,optimal
0.1,1000000.0,1.0,1e-06,0.394,0.3756,0.001,0.162,optimal
0.1,1000000.0,10.0,1e-06,0.3939,0.3755,0.0,0.163,optimal
0.1,1000000.0,100.0,1e-06,0.394,0.3756,0.0,0.165,optimal
0.1,1000000.0,1000.0,1e-06,0.3951,0.3765,0.002,0.275,optimal
0.1,1000000.0,10000.0,1e-06,0.4041,0.3839,0.008,0.854,optimal
0.1,1000000.0,100000.0,1e-06,0.434,0.4122,0.029,1.088,optimal
0.1,1000000.0,1000000.0,1e-06,0.4216,0.43,0.051,0.511,optimal
1.0,1e-06,1e-06,1e-06,0.3939,0.3755,0.0,7.299,optimal
1.0,1e-06,1e-05,1e-06,0.397,0.378,0.005,47.681,user_limit
1.0,1e-06,0.0001,1e-06,0.3943,0.3758,0.002,46.55,user_limit
1.0,1e-06,0.001,1e-06,0.3941,0.3757,0.001,46.294,user_limit
1.0,1e-06,0.01,1e-06,0.394,0.3756,0.0,46.266,user_limit
1.0,1e-06,0.1,1e-06,0.394,0.3756,0.0,46.23,user_limit
1.0,1e-06,1.0,1e-06,0.394,0.3756,0.001,46.221,user_limit
1.0,1e-06,10.0,1e-06,0.394,0.3756,0.001,46.21,user_limit
1.0,1e-06,100.0,1e-06,0.3939,0.3755,0.0,45.743,user_limit
1.0,1e-06,1000.0,1e-06,0.394,0.3756,0.0,45.742,user_limit
1.0,1e-06,10000.0,1e-06,0.3952,0.3765,0.001,20.752,optimal
1.0,1e-06,100000.0,1e-06,0.4042,0.3839,0.008,3.139,optimal
1.0,1e-06,1000000.0,1e-06,0.434,0.4122,0.029,0.627,optimal
1.0,1e-05,1e-06,1e-06,0.3939,0.3755,0.0,7.334,optimal
1.0,1e-05,1e-05,1e-06,0.397,0.378,0.005,47.556,user_limit
1.0,1e-05,0.0001,1e-06,0.3943,0.3758,0.002,46.452,user_limit
1.0,1e-05,0.001,1e-06,0.3941,0.3757,0.001,46.179,user_limit
1.0,1e-05,0.01,1e-06,0.394,0.3756,0.0,46.168,user_limit
1.0,1e-05,0.1,1e-06,0.394,0.3756,0.0,46.142,user_limit
1.0,1e-05,1.0,1e-06,0.394,0.3756,0.001,46.171,user_limit
1.0,1e-05,10.0,1e-06,0.394,0.3756,0.001,46.148,user_limit
1.0,1e-05,100.0,1e-06,0.3939,0.3755,0.0,47.327,user_limit
1.0,1e-05,1000.0,1e-06,0.394,0.3756,0.0,45.626,user_limit
1.0,1e-05,10000.0,1e-06,0.3952,0.3765,0.001,20.701,optimal
1.0,1e-05,100000.0,1e-06,0.4042,0.3839,0.008,3.132,optimal
1.0,1e-05,1000000.0,1e-06,0.434,0.4122,0.029,0.628,optimal
1.0,0.0001,1e-06,1e-06,0.3939,0.3755,0.0,7.308,optimal
1.0,0.0001,1e-05,1e-06,0.397,0.378,0.005,47.569,user_limit
1.0,0.0001,0.0001,1e-06,0.3943,0.3758,0.002,46.412,user_limit
1.0,0.0001,0.001,1e-06,0.3941,0.3757,0.001,46.681,user_limit
1.0,0.0001,0.01,1e-06,0.394,0.3756,0.0,46.157,user_limit
1.0,0.0001,0.1,1e-06,0.394,0.3756,0.0,46.136,user_limit
1.0,0.0001,1.0,1e-06,0.394,0.3756,0.001,47.245,user_limit
1.0,0.0001,10.0,1e-06,0.394,0.3756,0.001,46.066,user_limit
1.0,0.0001,100.0,1e-06,0.3939,0.3755,0.0,45.637,user_limit
1.0,0.0001,1000.0,1e-06,0.394,0.3756,0.0,45.616,user_limit
1.0,0.0001,10000.0,1e-06,0.3952,0.3765,0.001,20.679,optimal
1.0,0.0001,100000.0,1e-06,0.4042,0.3839,0.008,3.135,optimal
1.0,0.0001,1000000.0,1e-06,0.434,0.4122,0.029,0.63,optimal
1.0,0.001,1e-06,1e-06,0.3939,0.3755,0.0,7.211,optimal
1.0,0.001,1e-05,1e-06,0.397,0.378,0.005,47.735,user_limit
1.0,0.001,0.0001,1e-06,0.3943,0.3758,0.002,46.63,user_limit
1.0,0.001,0.001,1e-06,0.3941,0.3757,0.001,46.313,user_limit
1.0,0.001,0.01,1e-06,0.394,0.3756,0.0,46.312,user_limit
1.0,0.001,0.1,1e-06,0.394,0.3756,0.0,46.352,user_limit
1.0,0.001,1.0,1e-06,0.394,0.3756,0.001,46.54,user_limit
1.0,0.001,10.0,1e-06,0.394,0.3756,0.001,47.521,user_limit
1.0,0.001,100.0,1e-06,0.3939,0.3755,0.0,46.012,user_limit
1.0,0.001,1000.0,1e-06,0.394,0.3756,0.0,45.766,user_limit
1.0,0.001,10000.0,1e-06,0.3952,0.3765,0.001,20.752,optimal
1.0,0.001,100000.0,1e-06,0.4042,0.3839,0.008,3.142,optimal
1.0,0.001,1000000.0,1e-06,0.434,0.4122,0.029,0.632,optimal
1.0,0.01,1e-06,1e-06,0.3939,0.3755,0.0,7.322,optimal
1.0,0.01,1e-05,1e-06,0.397,0.378,0.005,47.673,user_limit
1.0,0.01,0.0001,1e-06,0.3943,0.3758,0.002,46.527,user_limit
1.0,0.01,0.001,1e-06,0.3941,0.3757,0.001,46.284,user_limit
1.0,0.01,0.01,1e-06,0.394,0.3756,0.0,46.272,user_limit
1.0,0.01,0.1,1e-06,0.394,0.3756,0.0,46.256,user_limit
1.0,0.01,1.0,1e-06,0.394,0.3756,0.001,46.266,user_limit
1.0,0.01,10.0,1e-06,0.394,0.3756,0.001,46.244,user_limit
1.0,0.01,100.0,1e-06,0.3939,0.3755,0.0,45.765,user_limit
1.0,0.01,1000.0,1e-06,0.394,0.3756,0.0,45.746,user_limit
1.0,0.01,10000.0,1e-06,0.3952,0.3765,0.001,20.752,optimal
1.0,0.01,100000.0,1e-06,0.4042,0.3839,0.008,3.143,optimal
1.0,0.01,1000000.0,1e-06,0.434,0.4122,0.029,0.625,optimal
1.0,0.1,1e-06,1e-06,0.3939,0.3755,0.0,7.237,optimal
1.0,0.1,1e-05,1e-06,0.397,0.378,0.005,47.646,user_limit
1.0,0.1,0.0001,1e-06,0.3943,0.3758,0.002,46.449,user_limit
1.0,0.1,0.001,1e-06,0.3941,0.3757,0.001,46.162,user_limit
1.0,0.1,0.01,1e-06,0.394,0.3756,0.0,46.144,user_limit
1.0,0.1,0.1,1e-06,0.394,0.3756,0.0,46.137,user_limit
1.0,0.1,1.0,1e-06,0.394,0.3756,0.001,46.147,user_limit
1.0,0.1,10.0,1e-06,0.394,0.3756,0.001,46.627,user_limit
1.0,0.1,100.0,1e-06,0.3939,0.3755,0.0,46.368,user_limit
1.0,0.1,1000.0,1e-06,0.394,0.3756,0.0,45.991,user_limit
1.0,0.1,10000.0,1e-06,0.3952,0.3765,0.001,20.836,optimal
1.0,0.1,100000.0,1e-06,0.4042,0.3839,0.008,3.137,optimal
1.0,0.1,1000000.0,1e-06,0.434,0.4122,0.029,0.627,optimal
1.0,1.0,1e-06,1e-06,0.3939,0.3755,0.0,7.242,optimal
1.0,1.0,1e-05,1e-06,0.397,0.378,0.005,47.731,user_limit
1.0,1.0,0.0001,1e-06,0.3943,0.3758,0.002,46.604,user_limit
1.0,1.0,0.001,1e-06,0.3941,0.3757,0.001,46.393,user_limit
1.0,1.0,0.01,1e-06,0.394,0.3756,0.0,46.382,user_limit
1.0,1.0,0.1,1e-06,0.394,0.3756,0.0,46.366,user_limit
1.0,1.0,1.0,1e-06,0.394,0.3756,0.001,46.339,user_limit
1.0,1.0,10.0,1e-06,0.394,0.3756,0.001,46.378,user_limit
1.0,1.0,100.0,1e-06,0.3939,0.3755,0.0,45.81,user_limit
1.0,1.0,1000.0,1e-06,0.394,0.3756,0.0,45.842,user_limit
1.0,1.0,10000.0,1e-06,0.3952,0.3765,0.001,18.393,optimal
1.0,1.0,100000.0,1e-06,0.4042,0.3839,0.008,3.147,optimal
1.0,1.0,1000000.0,1e-06,0.434,0.4122,0.029,0.634,optimal
1.0,10.0,1e-06,1e-06,0.3939,0.3755,0.0,7.169,optimal
1.0,10.0,1e-05,1e-06,0.3938,0.3754,0.002,47.649,user_limit
1.0,10.0,0.0001,1e-06,0.3939,0.3755,0.001,46.077,user_limit
1.0,10.0,0.001,1e-06,0.394,0.3756,0.0,46.133,user_limit
1.0,10.0,0.01,1e-06,0.394,0.3756,0.0,45.258,user_limit
1.0,10.0,0.1,1e-06,0.394,0.3756,0.0,45.233,user_limit
1.0,10.0,1.0,1e-06,0.394,0.3755,0.0,45.259,user_limit
1.0,10.0,10.0,1e-06,0.394,0.3756,0.0,45.338,user_limit
1.0,10.0,100.0,1e-06,0.3939,0.3755,0.0,45.673,user_limit
1.0,10.0,1000.0,1e-06,0.394,0.3756,0.0,45.675,optimal_inaccurate
1.0,10.0,10000.0,1e-06,0.3952,0.3765,0.001,14.661,optimal
1.0,10.0,100000.0,1e-06,0.4042,0.3839,0.008,2.267,optimal
1.0,10.0,1000000.0,1e-06,0.434,0.4122,0.029,0.629,optimal
1.0,100.0,1e-06,1e-06,0.3939,0.3755,0.0,7.314,optimal
1.0,100.0,1e-05,1e-06,0.3939,0.3755,0.001,48.18,user_limit
1.0,100.0,0.0001,1e-06,0.3939,0.3755,0.0,45.399,optimal_inaccurate
1.0,100.0,0.001,1e-06,0.394,0.3756,0.0,4.25,optimal
1.0,100.0,0.01,1e-06,0.3939,0.3755,0.0,0.164,optimal
1.0,100.0,0.1,1e-06,0.3939,0.3755,0.0,0.162,optimal
1.0,100.0,1.0,1e-06,0.3939,0.3755,0.001,0.278,optimal
1.0,100.0,10.0,1e-06,0.3938,0.3754,0.001,14.338,optimal
1.0,100.0,100.0,1e-06,0.3939,0.3755,0.001,17.802,optimal
1.0,100.0,1000.0,1e-06,0.394,0.3756,0.0,33.524,optimal
1.0,100.0,10000.0,1e-06,0.3952,0.3765,0.001,19.426,optimal
1.0,100.0,100000.0,1e-06,0.4042,0.3839,0.008,6.926,optimal
1.0,100.0,1000000.0,1e-06,0.434,0.4122,0.029,0.865,optimal
1.0,1000.0,1e-06,1e-06,0.3939,0.3755,0.0,6.698,optimal
1.0,1000.0,1e-05,1e-06,0.394,0.3755,0.001,16.973,optimal
1.0,1000.0,0.0001,1e-06,0.394,0.3756,0.001,0.164,optimal
1.0,1000.0,0.001,1e-06,0.3939,0.3755,0.001,0.274,optimal
1.0,1000.0,0.01,1e-06,0.3937,0.3753,0.001,0.161,optimal
1.0,1000.0,0.1,1e-06,0.3938,0.3754,0.001,0.165,optimal
1.0,1000.0,1.0,1e-06,0.3938,0.3754,0.001,0.162,optimal
1.0,1000.0,10.0,1e-06,0.394,0.3756,0.001,0.962,optimal
1.0,1000.0,100.0,1e-06,0.394,0.3756,0.001,9.186,optimal
1.0,1000.0,1000.0,1e-06,0.394,0.3756,0.001,10.618,optimal
1.0,1000.0,10000.0,1e-06,0.3952,0.3765,0.002,15.614,optimal
1.0,1000.0,100000.0,1e-06,0.4042,0.3839,0.008,6.808,optimal
1.0,1000.0,1000000.0,1e-06,0.434,0.4122,0.029,1.097,optimal
1.0,10000.0,1e-06,1e-06,0.3939,0.3755,0.0,6.572,optimal
1.0,10000.0,1e-05,1e-06,0.3935,0.3752,0.002,12.457,optimal
1.0,10000.0,0.0001,1e-06,0.3941,0.3757,0.001,0.394,optimal
1.0,10000.0,0.001,1e-06,0.3938,0.3754,0.001,0.162,optimal
1.0,10000.0,0.01,1e-06,0.3936,0.3753,0.001,0.161,optimal
1.0,10000.0,0.1,1e-06,0.3936,0.3752,0.002,0.159,optimal
1.0,10000.0,1.0,1e-06,0.3938,0.3754,0.001,0.161,optimal
1.0,10000.0,10.0,1e-06,0.394,0.3756,0.001,0.161,optimal
1.0,10000.0,100.0,1e-06,0.394,0.3756,0.002,0.852,optimal
1.0,10000.0,1000.0,1e-06,0.3938,0.3755,0.002,3.935,optimal
1.0,10000.0,10000.0,1e-06,0.3952,0.3765,0.002,9.15,optimal
1.0,10000.0,100000.0,1e-06,0.4042,0.3839,0.008,2.353,optimal
1.0,10000.0,1000000.0,1e-06,0.434,0.4122,0.029,0.634,optimal
1.0,100000.0,1e-06,1e-06,0.3939,0.3755,0.0,6.475,optimal
1.0,100000.0,1e-05,1e-06,0.3938,0.3754,0.002,2.831,optimal
1.0,100000.0,0.0001,1e-06,0.3934,0.3751,0.002,0.167,optimal
1.0,100000.0,0.001,1e-06,0.3941,0.3757,0.002,0.277,optimal
1.0,100000.0,0.01,1e-06,0.3944,0.3759,0.002,0.161,optimal
1.0,100000.0,0.1,1e-06,0.3935,0.3752,0.002,0.274,optimal
1.0,100000.0,1.0,1e-06,0.3939,0.3755,0.002,0.161,optimal
1.0,100000.0,10.0,1e-06,0.3941,0.3757,0.001,0.163,optimal
1.0,100000.0,100.0,1e-06,0.3942,0.3757,0.002,0.166,optimal
1.0,100000.0,1000.0,1e-06,0.394,0.3756,0.002,0.513,optimal
1.0,100000.0,10000.0,1e-06,0.3951,0.3765,0.003,1.661,optimal
1.0,100000.0,100000.0,1e-06,0.4042,0.3839,0.008,1.312,optimal
1.0,100000.0,1000000.0,1e-06,0.434,0.4122,0.029,0.63,optimal
1.0,1000000.0,1e-06,1e-06,0.3939,0.3755,0.0,6.404,optimal
1.0,1000000.0,1e-05,1e-06,0.3938,0.3754,0.002,2.866,optimal
1.0,1000000.0,0.0001,1e-06,0.3938,0.3754,0.002,0.162,optimal
1.0,1000000.0,0.001,1e-06,0.3936,0.3753,0.001,0.161,optimal
1.0,1000000.0,0.01,1e-06,0.3938,0.3754,0.001,0.161,optimal
1.0,1000000.0,0.1,1e-06,0.394,0.3756,0.001,0.163,optimal
1.0,1000000.0,1.0,1e-06,0.394,0.3756,0.001,0.159,optimal
1.0,1000000.0,10.0,1e-06,0.3937,0.3754,0.0,0.161,optimal
1.0,1000000.0,100.0,1e-06,0.3939,0.3755,0.0,0.164,optimal
1.0,1000000.0,1000.0,1e-06,0.394,0.3756,0.001,0.161,optimal
1.0,1000000.0,10000.0,1e-06,0.3952,0.3765,0.002,0.506,optimal
1.0,1000000.0,100000.0,1e-06,0.4042,0.3839,0.008,1.077,optimal
1.0,1000000.0,1000000.0,1e-06,0.434,0.4122,0.029,0.622,optimal
10.0,1e-06,1e-06,1e-06,0.3939,0.3755,0.0,7.374,optimal
10.0,1e-06,1e-05,1e-06,0.3962,0.3773,0.004,47.744,user_limit
10.0,1e-06,0.0001,1e-06,0.3953,0.3766,0.003,46.244,user_limit
10.0,1e-06,0.001,1e-06,0.3942,0.3757,0.001,46.387,user_limit
10.0,1e-06,0.01,1e-06,0.394,0.3756,0.001,46.261,user_limit
10.0,1e-06,0.1,1e-06,0.394,0.3756,0.0,46.209,user_limit
10.0,1e-06,1.0,1e-06,0.3939,0.3755,0.001,46.186,user_limit
10.0,1e-06,10.0,1e-06,0.3941,0.3757,0.001,46.079,user_limit
10.0,1e-06,100.0,1e-06,0.394,0.3756,0.001,46.278,user_limit
10.0,1e-06,1000.0,1e-06,0.3939,0.3755,0.0,45.723,user_limit
10.0,1e-06,10000.0,1e-06,0.3938,0.3754,0.001,46.718,user_limit
10.0,1e-06,100000.0,1e-06,0.3952,0.3765,0.001,47.601,user_limit
10.0,1e-06,1000000.0,1e-06,0.4042,0.3839,0.008,3.598,optimal
10.0,1e-05,1e-06,1e-06,0.3939,0.3755,0.0,7.267,optimal
10.0,1e-05,1e-05,1e-06,0.3962,0.3773,0.004,47.89,user_limit
10.0,1e-05,0.0001,1e-06,0.3953,0.3766,0.003,46.363,user_limit
10.0,1e-05,0.001,1e-06,0.3942,0.3757,0.001,46.489,user_limit
10.0,1e-05,0.01,1e-06,0.394,0.3756,0.001,46.374,user_limit
10.0,1e-05,0.1,1e-06,0.394,0.3756,0.0,46.357,user_limit
10.0,1e-05,1.0,1e-06,0.3939,0.3755,0.001,46.311,user_limit
10.0,1e-05,10.0,1e-06,0.3941,0.3757,0.001,46.183,user_limit
10.0,1e-05,100.0,1e-06,0.394,0.3756,0.001,46.355,user_limit
10.0,1e-05,1000.0,1e-06,0.3939,0.3755,0.0,45.922,user_limit
10.0,1e-05,10000.0,1e-06,0.3938,0.3754,0.001,47.109,user_limit
10.0,1e-05,100000.0,1e-06,0.3952,0.3765,0.001,45.733,user_limit
10.0,1e-05,1000000.0,1e-06,0.4042,0.3839,0.008,3.606,optimal
10.0,0.0001,1e-06,1e-06,0.3939,0.3755,0.0,7.294,optimal
10.0,0.0001,1e-05,1e-06,0.3962,0.3773,0.004,47.743,user_limit
10.0,0.0001,0.0001,1e-06,0.3953,0.3766,0.003,46.27,user_limit
10.0,0.0001,0.001,1e-06,0.3942,0.3757,0.001,46.402,user_limit
10.0,0.0001,0.01,1e-06,0.394,0.3756,0.001,46.229,user_limit
10.0,0.0001,0.1,1e-06,0.394,0.3756,0.0,46.201,user_limit
10.0,0.0001,1.0,1e-06,0.3939,0.3755,0.001,46.183,user_limit
10.0,0.0001,10.0,1e-06,0.3941,0.3757,0.001,46.303,user_limit
10.0,0.0001,100.0,1e-06,0.394,0.3756,0.001,46.472,user_limit
10.0,0.0001,1000.0,1e-06,0.3939,0.3755,0.0,45.886,user_limit
10.0,0.0001,10000.0,1e-06,0.3938,0.3754,0.001,46.719,user_limit
10.0,0.0001,100000.0,1e-06,0.3952,0.3765,0.001,45.515,user_limit
10.0,0.0001,1000000.0,1e-06,0.4042,0.3839,0.008,3.601,optimal
10.0,0.001,1e-06,1e-06,0.3939,0.3755,0.0,7.393,optimal
10.0,0.001,1e-05,1e-06,0.3962,0.3773,0.004,50.392,user_limit
10.0,0.001,0.0001,1e-06,0.3953,0.3766,0.003,46.302,user_limit
10.0,0.001,0.001,1e-06,0.3942,0.3757,0.001,46.414,user_limit
10.0,0.001,0.01,1e-06,0.394,0.3756,0.001,46.333,user_limit
10.0,0.001,0.1,1e-06,0.394,0.3756,0.0,46.238,user_limit
10.0,0.001,1.0,1e-06,0.3939,0.3755,0.001,46.219,user_limit
10.0,0.001,10.0,1e-06,0.3941,0.3757,0.001,46.157,user_limit
10.0,0.001,100.0,1e-06,0.394,0.3756,0.001,46.316,user_limit
10.0,0.001,1000.0,1e-06,0.3939,0.3755,0.0,45.909,user_limit
10.0,0.001,10000.0,1e-06,0.3938,0.3754,0.001,46.767,user_limit
10.0,0.001,100000.0,1e-06,0.3952,0.3765,0.001,45.554,user_limit
10.0,0.001,1000000.0,1e-06,0.4042,0.3839,0.008,3.598,optimal
10.0,0.01,1e-06,1e-06,0.3939,0.3755,0.0,7.399,optimal
10.0,0.01,1e-05,1e-06,0.3962,0.3773,0.004,47.646,user_limit
10.0,0.01,0.0001,1e-06,0.3953,0.3766,0.003,46.13,user_limit
10.0,0.01,0.001,1e-06,0.3942,0.3757,0.001,46.422,user_limit
10.0,0.01,0.01,1e-06,0.394,0.3756,0.001,46.883,user_limit
10.0,0.01,0.1,1e-06,0.394,0.3756,0.0,46.667,user_limit
10.0,0.01,1.0,1e-06,0.3939,0.3755,0.001,46.165,user_limit
10.0,0.01,10.0,1e-06,0.3941,0.3757,0.001,45.998,user_limit
10.0,0.01,100.0,1e-06,0.394,0.3756,0.001,46.139,user_limit
10.0,0.01,1000.0,1e-06,0.3939,0.3755,0.0,45.61,user_limit
10.0,0.01,10000.0,1e-06,0.3938,0.3754,0.001,46.617,user_limit
10.0,0.01,100000.0,1e-06,0.3952,0.3765,0.001,45.406,user_limit
10.0,0.01,1000000.0,1e-06,0.4042,0.3839,0.008,3.592,optimal
10.0,0.1,1e-06,1e-06,0.3939,0.3755,0.0,7.429,optimal
10.0,0.1,1e-05,1e-06,0.3962,0.3773,0.004,47.791,user_limit
10.0,0.1,0.0001,1e-06,0.3953,0.3766,0.003,46.335,user_limit
10.0,0.1,0.001,1e-06,0.3942,0.3757,0.001,46.408,user_limit
10.0,0.1,0.01,1e-06,0.394,0.3756,0.001,46.278,user_limit
10.0,0.1,0.1,1e-06,0.394,0.3756,0.0,46.255,user_limit
10.0,0.1,1.0,1e-06,0.3939,0.3755,0.001,46.213,user_limit
10.0,0.1,10.0,1e-06,0.3941,0.3757,0.001,46.122,user_limit
10.0,0.1,100.0,1e-06,0.394,0.3756,0.001,46.289,user_limit
10.0,0.1,1000.0,1e-06,0.3939,0.3755,0.0,47.453,user_limit
10.0,0.1,10000.0,1e-06,0.3938,0.3754,0.001,46.782,user_limit
10.0,0.1,100000.0,1e-06,0.3952,0.3765,0.001,45.583,user_limit
10.0,0.1,1000000.0,1e-06,0.4042,0.3839,0.008,3.592,optimal
10.0,1.0,1e-06,1e-06,0.3939,0.3755,0.0,7.457,optimal
10.0,1.0,1e-05,1e-06,0.3962,0.3773,0.004,47.706,user_limit
10.0,1.0,0.0001,1e-06,0.3953,0.3766,0.003,46.205,user_limit
10.0,1.0,0.001,1e-06,0.3942,0.3757,0.001,46.35,user_limit
10.0,1.0,0.01,1e-06,0.394,0.3756,0.001,46.18,user_limit
10.0,1.0,0.1,1e-06,0.394,0.3756,0.0,46.2,user_limit
10.0,1.0,1.0,1e-06,0.3939,0.3755,0.001,46.138,user_limit
10.0,1.0,10.0,1e-06,0.3941,0.3757,0.001,46.067,user_limit
10.0,1.0,100.0,1e-06,0.394,0.3756,0.001,47.349,user_limit
10.0,1.0,1000.0,1e-06,0.3939,0.3755,0.0,46.019,user_limit
10.0,1.0,10000.0,1e-06,0.3938,0.3754,0.001,46.704,user_limit
10.0,1.0,100000.0,1e-06,0.3952,0.3765,0.001,45.492,user_limit
10.0,1.0,1000000.0,1e-06,0.4042,0.3839,0.008,3.59,optimal
10.0,10.0,1e-06,1e-06,0.3939,0.3755,0.0,6.926,optimal
10.0,10.0,1e-05,1e-06,0.3952,0.3765,0.003,47.556,user_limit
10.0,10.0,0.0001,1e-06,0.3941,0.3756,0.001,46.146,user_limit
10.0,10.0,0.001,1e-06,0.394,0.3756,0.0,46.129,user_limit
10.0,10.0,0.01,1e-06,0.394,0.3756,0.0,46.134,user_limit
10.0,10.0,0.1,1e-06,0.394,0.3756,0.0,46.132,user_limit
10.0,10.0,1.0,1e-06,0.394,0.3755,0.0,45.719,user_limit
10.0,10.0,10.0,1e-06,0.3941,0.3756,0.001,45.66,user_limit
10.0,10.0,100.0,1e-06,0.394,0.3756,0.001,45.488,user_limit
10.0,10.0,1000.0,1e-06,0.3939,0.3755,0.0,45.604,user_limit
10.0,10.0,10000.0,1e-06,0.394,0.3756,0.0,47.154,user_limit
10.0,10.0,100000.0,1e-06,0.3952,0.3765,0.001,29.423,optimal
10.0,10.0,1000000.0,1e-06,0.4042,0.3839,0.008,3.139,optimal
10.0,100.0,1e-06,1e-06,0.3939,0.3755,0.0,6.893,optimal
10.0,100.0,1e-05,1e-06,0.3966,0.3776,0.005,47.443,user_limit
10.0,100.0,0.0001,1e-06,0.394,0.3755,0.001,46.3,user_limit
10.0,100.0,0.001,1e-06,0.3939,0.3755,0.0,46.009,user_limit
10.0,100.0,0.01,1e-06,0.394,0.3756,0.0,45.264,user_limit
10.0,100.0,0.1,1e-06,0.394,0.3756,0.0,45.391,user_limit
10.0,100.0,1.0,1e-06,0.3937,0.3754,0.001,43.332,optimal
10.0,100.0,10.0,1e-06,0.394,0.3756,0.002,6.454,optimal
10.0,100.0,100.0,1e-06,0.3939,0.3755,0.001,12.069,optimal
10.0,100.0,1000.0,1e-06,0.3939,0.3755,0.001,45.65,optimal_inaccurate
10.0,100.0,10000.0,1e-06,0.394,0.3756,0.0,45.627,user_limit
10.0,100.0,100000.0,1e-06,0.3952,0.3765,0.001,29.248,optimal
10.0,100.0,1000000.0,1e-06,0.4042,0.3839,0.008,8.256,optimal
10.0,1000.0,1e-06,1e-06,0.3939,0.3755,0.0,6.383,optimal
10.0,1000.0,1e-05,1e-06,0.3941,0.3756,0.001,48.686,optimal_inaccurate
10.0,1000.0,0.0001,1e-06,0.394,0.3756,0.001,7.06,optimal
10.0,1000.0,0.001,1e-06,0.394,0.3756,0.001,0.731,optimal
10.0,1000.0,0.01,1e-06,0.3939,0.3755,0.0,0.162,optimal
10.0,1000.0,0.1,1e-06,0.3941,0.3756,0.001,0.39,optimal
10.0,1000.0,1.0,1e-06,0.394,0.3756,0.001,0.162,optimal
10.0,1000.0,10.0,1e-06,0.3939,0.3755,0.001,0.273,optimal
10.0,1000.0,100.0,1e-06,0.3939,0.3755,0.002,7.943,optimal
10.0,1000.0,1000.0,1e-06,0.3939,0.3755,0.001,12.771,optimal
10.0,1000.0,10000.0,1e-06,0.394,0.3756,0.0,45.841,optimal_inaccurate
10.0,1000.0,100000.0,1e-06,0.3952,0.3765,0.001,8.836,optimal
10.0,1000.0,1000000.0,1e-06,0.4042,0.3839,0.008,3.245,optimal
10.0,10000.0,1e-06,1e-06,0.3939,0.3755,0.0,6.36,optimal
10.0,10000.0,1e-05,1e-06,0.394,0.3756,0.002,22.667,optimal
10.0,10000.0,0.0001,1e-06,0.3937,0.3754,0.002,0.164,optimal
10.0,10000.0,0.001,1e-06,0.394,0.3756,0.002,0.163,optimal
10.0,10000.0,0.01,1e-06,0.3941,0.3757,0.002,0.164,optimal
10.0,10000.0,0.1,1e-06,0.394,0.3756,0.002,0.163,optimal
10.0,10000.0,1.0,1e-06,0.394,0.3756,0.002,0.166,optimal
10.0,10000.0,10.0,1e-06,0.394,0.3756,0.002,0.162,optimal
10.0,10000.0,100.0,1e-06,0.3941,0.3756,0.002,1.546,optimal
10.0,10000.0,1000.0,1e-06,0.3938,0.3754,0.002,3.841,optimal
10.0,10000.0,10000.0,1e-06,0.394,0.3755,0.0,33.08,optimal
10.0,10000.0,100000.0,1e-06,0.3952,0.3765,0.001,9.664,optimal
10.0,10000.0,1000000.0,1e-06,0.4042,0.3839,0.008,2.018,optimal
10.0,100000.0,1e-06,1e-06,0.3939,0.3755,0.0,6.274,optimal
10.0,100000.0,1e-05,1e-06,0.3936,0.3752,0.002,5.376,optimal
10.0,100000.0,0.0001,1e-06,0.3937,0.3753,0.002,0.162,optimal
10.0,100000.0,0.001,1e-06,0.394,0.3756,0.002,0.163,optimal
10.0,100000.0,0.01,1e-06,0.3939,0.3755,0.002,0.16,optimal
10.0,100000.0,0.1,1e-06,0.3942,0.3758,0.002,0.161,optimal
10.0,100000.0,1.0,1e-06,0.3941,0.3756,0.002,0.164,optimal
10.0,100000.0,10.0,1e-06,0.3936,0.3753,0.002,0.163,optimal
10.0,100000.0,100.0,1e-06,0.3934,0.3752,0.002,0.161,optimal
10.0,100000.0,1000.0,1e-06,0.3939,0.3755,0.002,1.535,optimal
10.0,100000.0,10000.0,1e-06,0.3938,0.3754,0.002,3.945,optimal
10.0,100000.0,100000.0,1e-06,0.3952,0.3765,0.002,10.784,optimal
10.0,100000.0,1000000.0,1e-06,0.4042,0.3839,0.008,2.349,optimal
10.0,1000000.0,1e-06,1e-06,0.3939,0.3755,0.0,6.168,optimal
10.0,1000000.0,1e-05,1e-06,0.3939,0.3755,0.002,5.276,optimal
10.0,1000000.0,0.0001,1e-06,0.3937,0.3754,0.002,0.164,optimal
10.0,1000000.0,0.001,1e-06,0.3936,0.3753,0.002,0.163,optimal
10.0,1000000.0,0.01,1e-06,0.3938,0.3754,0.001,0.16,optimal
10.0,1000000.0,0.1,1e-06,0.3939,0.3755,0.002,0.161,optimal
10.0,1000000.0,1.0,1e-06,0.3941,0.3757,0.002,0.162,optimal
10.0,1000000.0,10.0,1e-06,0.3943,0.3758,0.002,0.161,optimal
10.0,1000000.0,100.0,1e-06,0.3939,0.3755,0.002,0.162,optimal
10.0,1000000.0,1000.0,1e-06,0.3936,0.3753,0.002,0.163,optimal
10.0,1000000.0,10000.0,1e-06,0.3943,0.3758,0.003,1.193,optimal
10.0,1000000.0,100000.0,1e-06,0.3952,0.3766,0.002,4.065,optimal
10.0,1000000.0,1000000.0,1e-06,0.4042,0.3839,0.008,1.549,optimal
100.0,1e-06,1e-06,1e-06,0.3939,0.3755,0.0,7.397,optimal
100.0,1e-06,1e-05,1e-06,0.3981,0.3789,0.006,47.476,user_limit
100.0,1e-06,0.0001,1e-06,0.3964,0.3775,0.004,46.286,user_limit
100.0,1e-06,0.001,1e-06,0.3964,0.3775,0.004,46.092,user_limit
100.0,1e-06,0.01,1e-06,0.3962,0.3774,0.004,46.133,user_limit
100.0,1e-06,0.1,1e-06,0.396,0.3772,0.004,46.129,user_limit
100.0,1e-06,1.0,1e-06,0.3955,0.3768,0.003,46.139,user_limit
100.0,1e-06,10.0,1e-06,0.395,0.3764,0.002,46.135,user_limit
100.0,1e-06,100.0,1e-06,0.394,0.3756,0.001,46.167,user_limit
100.0,1e-06,1000.0,1e-06,0.3938,0.3754,0.001,45.729,user_limit
100.0,1e-06,10000.0,1e-06,0.3939,0.3755,0.001,45.565,user_limit
100.0,1e-06,100000.0,1e-06,0.394,0.3756,0.0,45.726,user_limit
100.0,1e-06,1000000.0,1e-06,0.3952,0.3765,0.001,24.031,optimal
100.0,1e-05,1e-06,1e-06,0.3939,0.3755,0.0,7.382,optimal
100.0,1e-05,1e-05,1e-06,0.3981,0.3789,0.006,48.732,user_limit
100.0,1e-05,0.0001,1e-06,0.3964,0.3775,0.004,46.675,user_limit
100.0,1e-05,0.001,1e-06,0.3964,0.3775,0.004,46.28,user_limit
100.0,1e-05,0.01,1e-06,0.3962,0.3774,0.004,46.372,user_limit
100.0,1e-05,0.1,1e-06,0.396,0.3772,0.004,46.277,user_limit
100.0,1e-05,1.0,1e-06,0.3955,0.3768,0.003,46.293,user_limit
100.0,1e-05,10.0,1e-06,0.395,0.3764,0.002,46.319,user_limit
100.0,1e-05,100.0,1e-06,0.394,0.3756,0.001,46.356,user_limit
100.0,1e-05,1000.0,1e-06,0.3938,0.3754,0.001,45.952,user_limit
100.0,1e-05,10000.0,1e-06,0.3939,0.3755,0.001,46.221,user_limit
100.0,1e-05,100000.0,1e-06,0.394,0.3756,0.0,46.733,user_limit
100.0,1e-05,1000000.0,1e-06,0.3952,0.3765,0.001,24.304,optimal
100.0,0.0001,1e-06,1e-06,0.3939,0.3755,0.0,7.463,optimal
100.0,0.0001,1e-05,1e-06,0.3981,0.3789,0.006,48.085,user_limit
100.0,0.0001,0.0001,1e-06,0.3964,0.3775,0.004,46.565,user_limit
100.0,0.0001,0.001,1e-06,0.3964,0.3775,0.004,46.232,user_limit
100.0,0.0001,0.01,1e-06,0.3962,0.3774,0.004,46.216,user_limit
100.0,0.0001,0.1,1e-06,0.396,0.3772,0.004,46.238,user_limit
100.0,0.0001,1.0,1e-06,0.3955,0.3768,0.003,46.222,user_limit
100.0,0.0001,10.0,1e-06,0.395,0.3764,0.002,46.261,user_limit
100.0,0.0001,100.0,1e-06,0.394,0.3756,0.001,46.287,user_limit
100.0,0.0001,1000.0,1e-06,0.3938,0.3754,0.001,45.851,user_limit
100.0,0.0001,10000.0,1e-06,0.3939,0.3755,0.001,45.716,user_limit
100.0,0.0001,100000.0,1e-06,0.394,0.3756,0.0,45.852,user_limit
100.0,0.0001,1000000.0,1e-06,0.3952,0.3765,0.001,24.11,optimal
100.0,0.001,1e-06,1e-06,0.3939,0.3755,0.0,7.36,optimal
100.0,0.001,1e-05,1e-06,0.3981,0.3789,0.006,47.54,user_limit
100.0,0.001,0.0001,1e-06,0.3964,0.3775,0.004,46.361,user_limit
100.0,0.001,0.001,1e-06,0.3964,0.3775,0.004,46.271,user_limit
100.0,0.001,0.01,1e-06,0.3962,0.3774,0.004,46.224,user_limit
100.0,0.001,0.1,1e-06,0.396,0.3772,0.004,46.198,user_limit
100.0,0.001,1.0,1e-06,0.3955,0.3768,0.003,46.221,user_limit
100.0,0.001,10.0,1e-06,0.395,0.3764,0.002,46.224,user_limit
100.0,0.001,100.0,1e-06,0.394,0.3756,0.001,46.253,user_limit
100.0,0.001,1000.0,1e-06,0.3938,0.3754,0.001,45.826,user_limit
100.0,0.001,10000.0,1e-06,0.3939,0.3755,0.001,46.963,user_limit
100.0,0.001,100000.0,1e-06,0.394,0.3756,0.0,46.128,user_limit
100.0,0.001,1000000.0,1e-06,0.3952,0.3765,0.001,24.18,optimal
100.0,0.01,1e-06,1e-06,0.3939,0.3755,0.0,7.324,optimal
100.0,0.01,1e-05,1e-06,0.3981,0.3789,0.006,47.867,user_limit
100.0,0.01,0.0001,1e-06,0.3964,0.3775,0.004,46.522,user_limit
100.0,0.01,0.001,1e-06,0.3964,0.3775,0.004,46.996,user_limit
100.0,0.01,0.01,1e-06,0.3962,0.3774,0.004,46.324,user_limit
100.0,0.01,0.1,1e-06,0.396,0.3772,0.004,46.184,user_limit
100.0,0.01,1.0,1e-06,0.3955,0.3768,0.003,46.208,user_limit
100.0,0.01,10.0,1e-06,0.395,0.3764,0.002,48.018,user_limit
100.0,0.01,100.0,1e-06,0.394,0.3756,0.001,46.333,user_limit
100.0,0.01,1000.0,1e-06,0.3938,0.3754,0.001,45.866,user_limit
100.0,0.01,10000.0,1e-06,0.3939,0.3755,0.001,45.689,user_limit
100.0,0.01,100000.0,1e-06,0.394,0.3756,0.0,45.821,user_limit
100.0,0.01,1000000.0,1e-06,0.3952,0.3765,0.001,24.123,optimal
100.0,0.1,1e-06,1e-06,0.3939,0.3755,0.0,7.337,optimal
100.0,0.1,1e-05,1e-06,0.3981,0.3789,0.006,47.603,user_limit
100.0,0.1,0.0001,1e-06,0.3964,0.3775,0.004,46.378,user_limit
100.0,0.1,0.001,1e-06,0.3964,0.3775,0.004,47.73,user_limit
100.0,0.1,0.01,1e-06,0.3962,0.3774,0.004,46.238,user_limit
100.0,0.1,0.1,1e-06,0.396,0.3772,0.004,46.226,user_limit
100.0,0.1,1.0,1e-06,0.3955,0.3768,0.003,46.275,user_limit
100.0,0.1,10.0,1e-06,0.395,0.3764,0.002,46.211,user_limit
100.0,0.1,100.0,1e-06,0.394,0.3756,0.001,46.304,user_limit
100.0,0.1,1000.0,1e-06,0.3938,0.3754,0.001,45.854,user_limit
100.0,0.1,10000.0,1e-06,0.3939,0.3755,0.001,45.683,user_limit
100.0,0.1,100000.0,1e-06,0.394,0.3756,0.0,45.857,user_limit
100.0,0.1,1000000.0,1e-06,0.3952,0.3765,0.001,24.151,optimal
100.0,1.0,1e-06,1e-06,0.3939,0.3755,0.0,7.344,optimal
100.0,1.0,1e-05,1e-06,0.3981,0.3789,0.006,47.55,user_limit
100.0,1.0,0.0001,1e-06,0.3964,0.3775,0.004,46.376,user_limit
100.0,1.0,0.001,1e-06,0.3964,0.3775,0.004,46.23,user_limit
100.0,1.0,0.01,1e-06,0.3962,0.3774,0.004,46.186,user_limit
100.0,1.0,0.1,1e-06,0.396,0.3772,0.004,46.195,user_limit
100.0,1.0,1.0,1e-06,0.3955,0.3768,0.003,46.2,user_limit
100.0,1.0,10.0,1e-06,0.395,0.3764,0.002,46.191,user_limit
100.0,1.0,100.0,1e-06,0.394,0.3756,0.001,46.828,user_limit
100.0,1.0,1000.0,1e-06,0.3938,0.3754,0.001,45.87,user_limit
100.0,1.0,10000.0,1e-06,0.3939,0.3755,0.001,45.706,user_limit
100.0,1.0,100000.0,1e-06,0.394,0.3756,0.0,45.818,user_limit
100.0,1.0,1000000.0,1e-06,0.3952,0.3765,0.001,24.119,optimal
100.0,10.0,1e-06,1e-06,0.3939,0.3755,0.0,7.359,optimal
100.0,10.0,1e-05,1e-06,0.3965,0.3776,0.004,47.668,user_limit
100.0,10.0,0.0001,1e-06,0.3941,0.3757,0.001,46.481,user_limit
100.0,10.0,0.001,1e-06,0.394,0.3756,0.0,46.217,user_limit
100.0,10.0,0.01,1e-06,0.394,0.3756,0.0,46.246,user_limit
100.0,10.0,0.1,1e-06,0.394,0.3756,0.0,46.249,user_limit
100.0,10.0,1.0,1e-06,0.394,0.3756,0.0,46.208,user_limit
100.0,10.0,10.0,1e-06,0.394,0.3756,0.001,46.684,user_limit
100.0,10.0,100.0,1e-06,0.394,0.3756,0.001,45.822,user_limit
100.0,10.0,1000.0,1e-06,0.3939,0.3755,0.0,45.745,user_limit
100.0,10.0,10000.0,1e-06,0.3939,0.3755,0.001,47.364,user_limit
100.0,10.0,100000.0,1e-06,0.394,0.3756,0.0,45.907,user_limit
100.0,10.0,1000000.0,1e-06,0.3952,0.3765,0.001,45.692,user_limit
100.0,100.0,1e-06,1e-06,0.3939,0.3755,0.0,6.92,optimal
100.0,100.0,1e-05,1e-06,0.394,0.3756,0.001,49.4,user_limit
100.0,100.0,0.0001,1e-06,0.394,0.3756,0.0,46.294,user_limit
100.0,100.0,0.001,1e-06,0.3939,0.3755,0.0,46.04,user_limit
100.0,100.0,0.01,1e-06,0.394,0.3756,0.0,45.535,user_limit
100.0,100.0,0.1,1e-06,0.394,0.3755,0.0,45.261,user_limit
100.0,100.0,1.0,1e-06,0.394,0.3756,0.0,45.621,user_limit
100.0,100.0,10.0,1e-06,0.394,0.3756,0.0,45.975,user_limit
100.0,100.0,100.0,1e-06,0.3939,0.3755,0.0,45.832,user_limit
100.0,100.0,1000.0,1e-06,0.394,0.3755,0.001,45.866,user_limit
100.0,100.0,10000.0,1e-06,0.3939,0.3755,0.0,45.641,optimal_inaccurate
100.0,100.0,100000.0,1e-06,0.394,0.3756,0.0,45.641,user_limit
100.0,100.0,1000000.0,1e-06,0.3952,0.3765,0.001,16.08,optimal
100.0,1000.0,1e-06,1e-06,0.3939,0.3755,0.0,6.958,optimal
100.0,1000.0,1e-05,1e-06,0.394,0.3756,0.001,47.586,user_limit
100.0,1000.0,0.0001,1e-06,0.394,0.3756,0.0,45.37,optimal_inaccurate
100.0,1000.0,0.001,1e-06,0.3939,0.3755,0.0,17.66,optimal
100.0,1000.0,0.01,1e-06,0.3939,0.3755,0.0,0.164,optimal
100.0,1000.0,0.1,1e-06,0.3939,0.3755,0.0,0.163,optimal
100.0,1000.0,1.0,1e-06,0.394,0.3756,0.0,0.161,optimal
100.0,1000.0,10.0,1e-06,0.394,0.3756,0.002,0.276,optimal
100.0,1000.0,100.0,1e-06,0.3939,0.3755,0.002,3.509,optimal
100.0,1000.0,1000.0,1e-06,0.3939,0.3755,0.0,45.847,optimal_inaccurate
100.0,1000.0,10000.0,1e-06,0.394,0.3756,0.001,50.291,user_limit
100.0,1000.0,100000.0,1e-06,0.394,0.3756,0.0,45.847,user_limit
100.0,1000.0,1000000.0,1e-06,0.3952,0.3765,0.001,17.039,optimal
100.0,10000.0,1e-06,1e-06,0.3939,0.3755,0.0,6.373,optimal
100.0,10000.0,1e-05,1e-06,0.394,0.3755,0.003,11.156,optimal
100.0,10000.0,0.0001,1e-06,0.3939,0.3755,0.002,0.165,optimal
100.0,10000.0,0.001,1e-06,0.3942,0.3758,0.003,0.275,optimal
100.0,10000.0,0.01,1e-06,0.394,0.3756,0.002,0.162,optimal
100.0,10000.0,0.1,1e-06,0.3937,0.3753,0.002,0.162,optimal
100.0,10000.0,1.0,1e-06,0.3937,0.3753,0.002,0.164,optimal
100.0,10000.0,10.0,1e-06,0.3942,0.3757,0.002,0.161,optimal
100.0,10000.0,100.0,1e-06,0.3936,0.3753,0.003,1.305,optimal
100.0,10000.0,1000.0,1e-06,0.3939,0.3756,0.003,2.234,optimal
100.0,10000.0,10000.0,1e-06,0.3939,0.3755,0.0,45.621,optimal_inaccurate
100.0,10000.0,100000.0,1e-06,0.394,0.3756,0.0,45.581,optimal_inaccurate
100.0,10000.0,1000000.0,1e-06,0.3952,0.3765,0.001,11.42,optimal
100.0,100000.0,1e-06,1e-06,0.3939,0.3755,0.0,6.345,optimal
100.0,100000.0,1e-05,1e-06,0.3939,0.3755,0.002,6.623,optimal
100.0,100000.0,0.0001,1e-06,0.3938,0.3754,0.002,0.393,optimal
100.0,100000.0,0.001,1e-06,0.3939,0.3755,0.002,0.161,optimal
100.0,100000.0,0.01,1e-06,0.3941,0.3756,0.002,0.159,optimal
100.0,100000.0,0.1,1e-06,0.3943,0.3758,0.002,0.159,optimal
100.0,100000.0,1.0,1e-06,0.3942,0.3757,0.002,0.165,optimal
100.0,100000.0,10.0,1e-06,0.3939,0.3755,0.002,0.163,optimal
100.0,100000.0,100.0,1e-06,0.3937,0.3754,0.002,0.16,optimal
100.0,100000.0,1000.0,1e-06,0.3939,0.3755,0.002,1.418,optimal
100.0,100000.0,10000.0,1e-06,0.394,0.3756,0.002,5.315,optimal
100.0,100000.0,100000.0,1e-06,0.394,0.3756,0.001,11.314,optimal
100.0,100000.0,1000000.0,1e-06,0.3952,0.3765,0.001,11.852,optimal
100.0,1000000.0,1e-06,1e-06,0.3939,0.3755,0.0,6.297,optimal
100.0,1000000.0,1e-05,1e-06,0.3942,0.3757,0.002,8.13,optimal
100.0,1000000.0,0.0001,1e-06,0.3938,0.3754,0.002,0.163,optimal
100.0,1000000.0,0.001,1e-06,0.3937,0.3754,0.002,0.159,optimal
100.0,1000000.0,0.01,1e-06,0.3937,0.3754,0.002,0.16,optimal
100.0,1000000.0,0.1,1e-06,0.3935,0.3752,0.002,0.163,optimal
100.0,1000000.0,1.0,1e-06,0.3938,0.3755,0.001,0.16,optimal
100.0,1000000.0,10.0,1e-06,0.394,0.3756,0.002,0.163,optimal
100.0,1000000.0,100.0,1e-06,0.394,0.3756,0.002,0.159,optimal
100.0,1000000.0,1000.0,1e-06,0.3937,0.3753,0.002,0.273,optimal
100.0,1000000.0,10000.0,1e-06,0.3941,0.3757,0.003,1.201,optimal
100.0,1000000.0,100000.0,1e-06,0.3939,0.3755,0.002,4.179,optimal
100.0,1000000.0,1000000.0,1e-06,0.3951,0.3765,0.001,7.247,optimal
1000.0,1e-06,1e-06,1e-06,0.3939,0.3755,0.0,7.702,optimal
1000.0,1e-06,1e-05,1e-06,0.4008,0.3811,0.009,47.661,user_limit
1000.0,1e-06,0.0001,1e-06,0.3984,0.3792,0.006,46.565,user_limit
1000.0,1e-06,0.001,1e-06,0.3977,0.3786,0.005,46.39,user_limit
1000.0,1e-06,0.01,1e-06,0.3972,0.3782,0.005,46.358,user_limit
1000.0,1e-06,0.1,1e-06,0.3967,0.3778,0.005,46.376,user_limit
1000.0,1e-06,1.0,1e-06,0.3966,0.3776,0.004,46.337,user_limit
1000.0,1e-06,10.0,1e-06,0.3965,0.3776,0.004,46.389,user_limit
1000.0,1e-06,100.0,1e-06,0.3942,0.3757,0.001,46.63,user_limit
1000.0,1e-06,1000.0,1e-06,0.3939,0.3755,0.001,45.943,user_limit
1000.0,1e-06,10000.0,1e-06,0.3938,0.3755,0.0,45.862,user_limit
1000.0,1e-06,100000.0,1e-06,0.3939,0.3755,0.0,45.857,user_limit
1000.0,1e-06,1000000.0,1e-06,0.394,0.3756,0.0,45.888,user_limit
1000.0,1e-05,1e-06,1e-06,0.3939,0.3755,0.0,7.772,optimal
1000.0,1e-05,1e-05,1e-06,0.4008,0.3811,0.009,47.627,user_limit
1000.0,1e-05,0.0001,1e-06,0.3984,0.3792,0.006,46.492,user_limit
1000.0,1e-05,0.001,1e-06,0.3977,0.3786,0.005,46.352,user_limit
1000.0,1e-05,0.01,1e-06,0.3972,0.3782,0.005,46.36,user_limit
1000.0,1e-05,0.1,1e-06,0.3967,0.3778,0.005,46.344,user_limit
1000.0,1e-05,1.0,1e-06,0.3966,0.3776,0.004,46.354,user_limit
1000.0,1e-05,10.0,1e-06,0.3965,0.3776,0.004,46.363,user_limit
1000.0,1e-05,100.0,1e-06,0.3942,0.3757,0.001,46.631,user_limit
1000.0,1e-05,1000.0,1e-06,0.3939,0.3755,0.001,46.545,user_limit
1000.0,1e-05,10000.0,1e-06,0.3938,0.3755,0.0,45.841,user_limit
1000.0,1e-05,100000.0,1e-06,0.3939,0.3755,0.0,45.838,user_limit
1000.0,1e-05,1000000.0,1e-06,0.394,0.3756,0.0,45.827,user_limit
1000.0,0.0001,1e-06,1e-06,0.3939,0.3755,0.0,7.911,optimal
1000.0,0.0001,1e-05,1e-06,0.4008,0.3811,0.009,48.557,user_limit
1000.0,0.0001,0.0001,1e-06,0.3984,0.3792,0.006,46.4,user_limit
1000.0,0.0001,0.001,1e-06,0.3977,0.3786,0.005,46.174,user_limit
1000.0,0.0001,0.01,1e-06,0.3972,0.3782,0.005,46.168,user_limit
1000.0,0.0001,0.1,1e-06,0.3967,0.3778,0.005,46.155,user_limit
1000.0,0.0001,1.0,1e-06,0.3966,0.3776,0.004,46.178,user_limit
1000.0,0.0001,10.0,1e-06,0.3965,0.3776,0.004,46.183,user_limit
1000.0,0.0001,100.0,1e-06,0.3942,0.3757,0.001,46.419,user_limit
1000.0,0.0001,1000.0,1e-06,0.3939,0.3755,0.001,45.742,user_limit
1000.0,0.0001,10000.0,1e-06,0.3938,0.3755,0.0,45.696,user_limit
1000.0,0.0001,100000.0,1e-06,0.3939,0.3755,0.0,45.686,user_limit
1000.0,0.0001,1000000.0,1e-06,0.394,0.3756,0.0,45.677,user_limit
1000.0,0.001,1e-06,1e-06,0.3939,0.3755,0.0,7.733,optimal
1000.0,0.001,1e-05,1e-06,0.4008,0.3811,0.009,47.661,user_limit
1000.0,0.001,0.0001,1e-06,0.3984,0.3792,0.006,46.363,user_limit
1000.0,0.001,0.001,1e-06,0.3977,0.3786,0.005,46.237,user_limit
1000.0,0.001,0.01,1e-06,0.3972,0.3782,0.005,46.241,user_limit
1000.0,0.001,0.1,1e-06,0.3967,0.3778,0.005,46.27,user_limit
1000.0,0.001,1.0,1e-06,0.3966,0.3776,0.004,46.255,user_limit
1000.0,0.001,10.0,1e-06,0.3965,0.3776,0.004,46.224,user_limit
1000.0,0.001,100.0,1e-06,0.3942,0.3757,0.001,46.465,user_limit
1000.0,0.001,1000.0,1e-06,0.3939,0.3755,0.001,46.169,user_limit
1000.0,0.001,10000.0,1e-06,0.3938,0.3755,0.0,45.755,user_limit
1000.0,0.001,100000.0,1e-06,0.3939,0.3755,0.0,45.759,user_limit
1000.0,0.001,1000000.0,1e-06,0.394,0.3756,0.0,45.753,user_limit
1000.0,0.01,1e-06,1e-06,0.3939,0.3755,0.0,7.723,optimal
1000.0,0.01,1e-05,1e-06,0.4008,0.3811,0.009,47.557,user_limit
1000.0,0.01,0.0001,1e-06,0.3984,0.3792,0.006,46.354,user_limit
1000.0,0.01,0.001,1e-06,0.3977,0.3786,0.005,46.258,user_limit
1000.0,0.01,0.01,1e-06,0.3972,0.3782,0.005,46.214,user_limit
1000.0,0.01,0.1,1e-06,0.3967,0.3778,0.005,46.209,user_limit
1000.0,0.01,1.0,1e-06,0.3966,0.3776,0.004,46.33,user_limit
1000.0,0.01,10.0,1e-06,0.3965,0.3776,0.004,46.26,user_limit
1000.0,0.01,100.0,1e-06,0.3942,0.3757,0.001,46.471,user_limit
1000.0,0.01,1000.0,1e-06,0.3939,0.3755,0.001,45.806,user_limit
1000.0,0.01,10000.0,1e-06,0.3938,0.3755,0.0,45.743,user_limit
1000.0,0.01,100000.0,1e-06,0.3939,0.3755,0.0,45.763,user_limit
1000.0,0.01,1000000.0,1e-06,0.394,0.3756,0.0,45.708,user_limit
1000.0,0.1,1e-06,1e-06,0.3939,0.3755,0.0,7.704,optimal
1000.0,0.1,1e-05,1e-06,0.4008,0.3811,0.009,48.715,user_limit
1000.0,0.1,0.0001,1e-06,0.3984,0.3792,0.006,47.296,user_limit
1000.0,0.1,0.001,1e-06,0.3977,0.3786,0.005,46.533,user_limit
1000.0,0.1,0.01,1e-06,0.3972,0.3782,0.005,46.279,user_limit
1000.0,0.1,0.1,1e-06,0.3967,0.3778,0.005,46.394,user_limit
1000.0,0.1,1.0,1e-06,0.3966,0.3776,0.004,46.19,user_limit
1000.0,0.1,10.0,1e-06,0.3965,0.3776,0.004,46.199,user_limit
1000.0,0.1,100.0,1e-06,0.3942,0.3757,0.001,46.426,user_limit
1000.0,0.1,1000.0,1e-06,0.3939,0.3755,0.001,45.775,user_limit
1000.0,0.1,10000.0,1e-06,0.3938,0.3755,0.0,45.693,user_limit
1000.0,0.1,100000.0,1e-06,0.3939,0.3755,0.0,45.665,user_limit
1000.0,0.1,1000000.0,1e-06,0.394,0.3756,0.0,45.675,user_limit
1000.0,1.0,1e-06,1e-06,0.3939,0.3755,0.0,7.726,optimal
1000.0,1.0,1e-05,1e-06,0.4004,0.3808,0.009,47.731,user_limit
1000.0,1.0,0.0001,1e-06,0.3968,0.3778,0.005,46.42,user_limit
1000.0,1.0,0.001,1e-06,0.3965,0.3776,0.004,46.243,user_limit
1000.0,1.0,0.01,1e-06,0.3964,0.3775,0.004,46.291,user_limit
1000.0,1.0,0.1,1e-06,0.3963,0.3774,0.004,46.284,user_limit
1000.0,1.0,1.0,1e-06,0.3962,0.3773,0.004,46.269,user_limit
1000.0,1.0,10.0,1e-06,0.3961,0.3772,0.004,46.219,user_limit
1000.0,1.0,100.0,1e-06,0.394,0.3756,0.001,46.456,user_limit
1000.0,1.0,1000.0,1e-06,0.3939,0.3755,0.001,45.804,user_limit
1000.0,1.0,10000.0,1e-06,0.3939,0.3755,0.0,45.743,user_limit
1000.0,1.0,100000.0,1e-06,0.394,0.3756,0.001,46.112,user_limit
1000.0,1.0,1000000.0,1e-06,0.394,0.3756,0.0,45.714,user_limit
1000.0,10.0,1e-06,1e-06,0.3939,0.3755,0.0,7.294,optimal
1000.0,10.0,1e-05,1e-06,0.3964,0.3775,0.004,47.543,user_limit
1000.0,10.0,0.0001,1e-06,0.3943,0.3758,0.001,46.409,user_limit
1000.0,10.0,0.001,1e-06,0.394,0.3756,0.001,46.184,user_limit
1000.0,10.0,0.01,1e-06,0.394,0.3756,0.0,46.197,user_limit
1000.0,10.0,0.1,1e-06,0.394,0.3756,0.0,46.172,user_limit
1000.0,10.0,1.0,1e-06,0.394,0.3756,0.0,46.123,user_limit
1000.0,10.0,10.0,1e-06,0.394,0.3756,0.001,46.811,user_limit
1000.0,10.0,100.0,1e-06,0.394,0.3756,0.0,45.869,user_limit
1000.0,10.0,1000.0,1e-06,0.3939,0.3755,0.001,45.68,optimal_inaccurate
1000.0,10.0,10000.0,1e-06,0.3938,0.3755,0.001,46.495,user_limit
1000.0,10.0,100000.0,1e-06,0.3938,0.3755,0.0,45.746,user_limit
1000.0,10.0,1000000.0,1e-06,0.394,0.3756,0.0,45.676,user_limit
1000.0,100.0,1e-06,1e-06,0.3939,0.3755,0.0,7.324,optimal
1000.0,100.0,1e-05,1e-06,0.3963,0.3774,0.004,47.423,user_limit
1000.0,100.0,0.0001,1e-06,0.394,0.3756,0.001,46.181,user_limit
1000.0,100.0,0.001,1e-06,0.394,0.3756,0.0,45.391,user_limit
1000.0,100.0,0.01,1e-06,0.394,0.3756,0.0,45.351,user_limit
1000.0,100.0,0.1,1e-06,0.3939,0.3755,0.0,47.49,optimal_inaccurate
1000.0,100.0,1.0,1e-06,0.3939,0.3755,0.0,45.2,optimal
1000.0,100.0,10.0,1e-06,0.394,0.3756,0.001,10.939,optimal
1000.0,100.0,100.0,1e-06,0.3939,0.3755,0.001,15.117,optimal
1000.0,100.0,1000.0,1e-06,0.3938,0.3755,0.001,45.634,user_limit
1000.0,100.0,10000.0,1e-06,0.3939,0.3755,0.001,45.584,user_limit
1000.0,100.0,100000.0,1e-06,0.3939,0.3755,0.0,45.579,user_limit
1000.0,100.0,1000000.0,1e-06,0.3939,0.3755,0.0,45.55,user_limit
1000.0,1000.0,1e-06,1e-06,0.3939,0.3755,0.0,6.909,optimal
1000.0,1000.0,1e-05,1e-06,0.394,0.3756,0.001,47.714,optimal_inaccurate
1000.0,1000.0,0.0001,1e-06,0.394,0.3755,0.0,42.622,optimal
1000.0,1000.0,0.001,1e-06,0.3939,0.3755,0.0,0.162,optimal
1000.0,1000.0,0.01,1e-06,0.3939,0.3755,0.0,0.16,optimal
1000.0,1000.0,0.1,1e-06,0.3939,0.3755,0.0,0.161,optimal
1000.0,1000.0,1.0,1e-06,0.3939,0.3755,0.0,0.164,optimal
1000.0,1000.0,10.0,1e-06,0.394,0.3756,0.002,0.274,optimal
1000.0,1000.0,100.0,1e-06,0.3939,0.3755,0.003,3.498,optimal
1000.0,1000.0,1000.0,1e-06,0.3939,0.3755,0.0,45.501,optimal_inaccurate
1000.0,1000.0,10000.0,1e-06,0.3938,0.3754,0.001,45.669,user_limit
1000.0,1000.0,100000.0,1e-06,0.3939,0.3755,0.001,45.52,user_limit
1000.0,1000.0,1000000.0,1e-06,0.394,0.3756,0.0,44.366,optimal
1000.0,10000.0,1e-06,1e-06,0.3939,0.3755,0.0,6.915,optimal
1000.0,10000.0,1e-05,1e-06,0.3938,0.3754,0.002,24.763,optimal
1000.0,10000.0,0.0001,1e-06,0.3938,0.3754,0.002,0.274,optimal
1000.0,10000.0,0.001,1e-06,0.3941,0.3757,0.002,0.16,optimal
1000.0,10000.0,0.01,1e-06,0.3941,0.3757,0.002,0.165,optimal
1000.0,10000.0,0.1,1e-06,0.3937,0.3754,0.002,0.161,optimal
1000.0,10000.0,1.0,1e-06,0.3938,0.3754,0.001,0.163,optimal
1000.0,10000.0,10.0,1e-06,0.394,0.3756,0.002,0.166,optimal
1000.0,10000.0,100.0,1e-06,0.3939,0.3755,0.002,0.621,optimal
1000.0,10000.0,1000.0,1e-06,0.3939,0.3755,0.002,5.99,optimal
1000.0,10000.0,10000.0,1e-06,0.3939,0.3755,0.002,9.485,optimal
1000.0,10000.0,100000.0,1e-06,0.3939,0.3755,0.0,45.795,optimal_inaccurate
1000.0,10000.0,1000000.0,1e-06,0.394,0.3756,0.0,45.681,user_limit
1000.0,100000.0,1e-06,1e-06,0.3939,0.3755,0.0,6.369,optimal
1000.0,100000.0,1e-05,1e-06,0.3938,0.3755,0.002,6.646,optimal
1000.0,100000.0,0.0001,1e-06,0.3938,0.3754,0.002,0.395,optimal
1000.0,100000.0,0.001,1e-06,0.394,0.3756,0.002,0.28,optimal
1000.0,100000.0,0.01,1e-06,0.3943,0.3758,0.002,0.166,optimal
1000.0,100000.0,0.1,1e-06,0.3942,0.3757,0.002,0.162,optimal
1000.0,100000.0,1.0,1e-06,0.3939,0.3755,0.002,0.163,optimal
1000.0,100000.0,10.0,1e-06,0.3937,0.3754,0.002,0.159,optimal
1000.0,100000.0,100.0,1e-06,0.3937,0.3753,0.002,0.275,optimal
1000.0,100000.0,1000.0,1e-06,0.3937,0.3754,0.002,0.965,optimal
1000.0,100000.0,10000.0,1e-06,0.3941,0.3757,0.002,5.554,optimal
1000.0,100000.0,100000.0,1e-06,0.3939,0.3755,0.002,9.519,optimal
1000.0,100000.0,1000000.0,1e-06,0.394,0.3756,0.0,45.9,optimal_inaccurate
1000.0,1000000.0,1e-06,1e-06,0.3939,0.3755,0.0,6.324,optimal
1000.0,1000000.0,1e-05,1e-06,0.3939,0.3755,0.002,24.485,optimal
1000.0,1000000.0,0.0001,1e-06,0.3944,0.3759,0.002,0.162,optimal
1000.0,1000000.0,0.001,1e-06,0.3939,0.3755,0.002,0.164,optimal
1000.0,1000000.0,0.01,1e-06,0.3939,0.3755,0.002,0.166,optimal
1000.0,1000000.0,0.1,1e-06,0.394,0.3756,0.002,0.161,optimal
1000.0,1000000.0,1.0,1e-06,0.3937,0.3753,0.002,0.162,optimal
1000.0,1000000.0,10.0,1e-06,0.3939,0.3755,0.002,0.16,optimal
1000.0,1000000.0,100.0,1e-06,0.3941,0.3757,0.002,0.162,optimal
1000.0,1000000.0,1000.0,1e-06,0.3939,0.3755,0.002,0.278,optimal
1000.0,1000000.0,10000.0,1e-06,0.3938,0.3754,0.003,1.197,optimal
1000.0,1000000.0,100000.0,1e-06,0.3941,0.3757,0.003,3.612,optimal
1000.0,1000000.0,1000000.0,1e-06,0.394,0.3756,0.001,27.129,optimal
10000.0,1e-06,1e-06,1e-06,0.3939,0.3755,0.0,7.76,optimal
10000.0,1e-06,1e-05,1e-06,0.4086,0.3877,0.014,47.932,user_limit
10000.0,1e-06,0.0001,1e-06,0.4027,0.3826,0.01,46.315,user_limit
10000.0,1e-06,0.001,1e-06,0.3998,0.3802,0.008,46.331,user_limit
10000.0,1e-06,0.01,1e-06,0.3985,0.3792,0.006,46.712,user_limit
10000.0,1e-06,0.1,1e-06,0.3983,0.379,0.006,46.569,user_limit
10000.0,1e-06,1.0,1e-06,0.398,0.3788,0.005,46.321,user_limit
10000.0,1e-06,10.0,1e-06,0.3971,0.3781,0.005,46.449,user_limit
10000.0,1e-06,100.0,1e-06,0.3946,0.3761,0.002,46.621,user_limit
10000.0,1e-06,1000.0,1e-06,0.3939,0.3755,0.0,45.923,user_limit
10000.0,1e-06,10000.0,1e-06,0.3938,0.3755,0.001,45.978,user_limit
10000.0,1e-06,100000.0,1e-06,0.3939,0.3755,0.001,46.44,user_limit
10000.0,1e-06,1000000.0,1e-06,0.3939,0.3755,0.001,46.507,user_limit
10000.0,1e-05,1e-06,1e-06,0.3939,0.3755,0.0,7.74,optimal
10000.0,1e-05,1e-05,1e-06,0.4086,0.3877,0.014,47.877,user_limit
10000.0,1e-05,0.0001,1e-06,0.4027,0.3826,0.01,46.28,user_limit
10000.0,1e-05,0.001,1e-06,0.3998,0.3802,0.008,46.255,user_limit
10000.0,1e-05,0.01,1e-06,0.3985,0.3792,0.006,46.633,user_limit
10000.0,1e-05,0.1,1e-06,0.3983,0.379,0.006,46.5,user_limit
10000.0,1e-05,1.0,1e-06,0.398,0.3788,0.005,46.264,user_limit
10000.0,1e-05,10.0,1e-06,0.3971,0.3781,0.005,46.715,user_limit
10000.0,1e-05,100.0,1e-06,0.3946,0.3761,0.002,47.151,user_limit
10000.0,1e-05,1000.0,1e-06,0.3939,0.3755,0.0,46.228,user_limit
10000.0,1e-05,10000.0,1e-06,0.3938,0.3755,0.001,46.042,user_limit
10000.0,1e-05,100000.0,1e-06,0.3939,0.3755,0.001,45.922,user_limit
10000.0,1e-05,1000000.0,1e-06,0.3939,0.3755,0.001,46.536,user_limit
10000.0,0.0001,1e-06,1e-06,0.3939,0.3755,0.0,8.651,optimal
10000.0,0.0001,1e-05,1e-06,0.4086,0.3877,0.014,47.859,user_limit
10000.0,0.0001,0.0001,1e-06,0.4027,0.3826,0.01,46.22,user_limit
10000.0,0.0001,0.001,1e-06,0.3998,0.3802,0.008,46.084,user_limit
10000.0,0.0001,0.01,1e-06,0.3985,0.3792,0.006,46.441,user_limit
10000.0,0.0001,0.1,1e-06,0.3983,0.379,0.006,46.517,user_limit
10000.0,0.0001,1.0,1e-06,0.398,0.3788,0.005,46.139,user_limit
10000.0,0.0001,10.0,1e-06,0.3971,0.3781,0.005,46.23,user_limit
10000.0,0.0001,100.0,1e-06,0.3946,0.3761,0.002,46.389,user_limit
10000.0,0.0001,1000.0,1e-06,0.3939,0.3755,0.0,45.696,user_limit
10000.0,0.0001,10000.0,1e-06,0.3938,0.3755,0.001,45.759,user_limit
10000.0,0.0001,100000.0,1e-06,0.3939,0.3755,0.001,45.717,user_limit
10000.0,0.0001,1000000.0,1e-06,0.3939,0.3755,0.001,46.23,user_limit
10000.0,0.001,1e-06,1e-06,0.3939,0.3755,0.0,7.785,optimal
10000.0,0.001,1e-05,1e-06,0.4086,0.3877,0.014,47.811,user_limit
10000.0,0.001,0.0001,1e-06,0.4027,0.3826,0.01,46.242,user_limit
10000.0,0.001,0.001,1e-06,0.3998,0.3802,0.008,46.251,user_limit
10000.0,0.001,0.01,1e-06,0.3985,0.3792,0.006,46.591,user_limit
10000.0,0.001,0.1,1e-06,0.3983,0.379,0.006,46.473,user_limit
10000.0,0.001,1.0,1e-06,0.398,0.3788,0.005,46.263,user_limit
10000.0,0.001,10.0,1e-06,0.3971,0.3781,0.005,46.365,user_limit
10000.0,0.001,100.0,1e-06,0.3946,0.3761,0.002,46.518,user_limit
10000.0,0.001,1000.0,1e-06,0.3939,0.3755,0.0,45.828,user_limit
10000.0,0.001,10000.0,1e-06,0.3938,0.3755,0.001,45.886,user_limit
10000.0,0.001,100000.0,1e-06,0.3939,0.3755,0.001,45.865,user_limit
10000.0,0.001,1000000.0,1e-06,0.3939,0.3755,0.001,46.395,user_limit
10000.0,0.01,1e-06,1e-06,0.3939,0.3755,0.0,7.802,optimal
10000.0,0.01,1e-05,1e-06,0.4086,0.3877,0.014,47.717,user_limit
10000.0,0.01,0.0001,1e-06,0.4027,0.3826,0.01,46.092,user_limit
10000.0,0.01,0.001,1e-06,0.3998,0.3802,0.008,46.133,user_limit
10000.0,0.01,0.01,1e-06,0.3985,0.3792,0.006,46.479,user_limit
10000.0,0.01,0.1,1e-06,0.3983,0.379,0.006,46.357,user_limit
10000.0,0.01,1.0,1e-06,0.398,0.3788,0.005,46.125,user_limit
10000.0,0.01,10.0,1e-06,0.3971,0.3781,0.005,46.261,user_limit
10000.0,0.01,100.0,1e-06,0.3946,0.3761,0.002,46.419,user_limit
10000.0,0.01,1000.0,1e-06,0.3939,0.3755,0.0,46.792,user_limit
10000.0,0.01,10000.0,1e-06,0.3938,0.3755,0.001,45.764,user_limit
10000.0,0.01,100000.0,1e-06,0.3939,0.3755,0.001,45.845,user_limit
10000.0,0.01,1000000.0,1e-06,0.3939,0.3755,0.001,46.258,user_limit
10000.0,0.1,1e-06,1e-06,0.3939,0.3755,0.0,7.837,optimal
10000.0,0.1,1e-05,1e-06,0.4086,0.3877,0.014,47.891,user_limit
10000.0,0.1,0.0001,1e-06,0.4027,0.3826,0.01,46.301,user_limit
10000.0,0.1,0.001,1e-06,0.3998,0.3802,0.008,46.316,user_limit
10000.0,0.1,0.01,1e-06,0.3985,0.3792,0.006,46.701,user_limit
10000.0,0.1,0.1,1e-06,0.3983,0.379,0.006,48.126,user_limit
10000.0,0.1,1.0,1e-06,0.398,0.3788,0.005,46.339,user_limit
10000.0,0.1,10.0,1e-06,0.3971,0.3781,0.005,46.416,user_limit
10000.0,0.1,100.0,1e-06,0.3946,0.3761,0.002,46.599,user_limit
10000.0,0.1,1000.0,1e-06,0.3939,0.3755,0.0,45.901,user_limit
10000.0,0.1,10000.0,1e-06,0.3938,0.3755,0.001,45.935,user_limit
10000.0,0.1,100000.0,1e-06,0.3939,0.3755,0.001,45.933,user_limit
10000.0,0.1,1000000.0,1e-06,0.3939,0.3755,0.001,46.474,user_limit
10000.0,1.0,1e-06,1e-06,0.3939,0.3755,0.0,7.725,optimal
10000.0,1.0,1e-05,1e-06,0.4007,0.381,0.009,47.459,user_limit
10000.0,1.0,0.0001,1e-06,0.3968,0.3778,0.005,46.262,user_limit
10000.0,1.0,0.001,1e-06,0.3965,0.3776,0.004,46.125,user_limit
10000.0,1.0,0.01,1e-06,0.3965,0.3776,0.004,46.116,user_limit
10000.0,1.0,0.1,1e-06,0.3963,0.3774,0.004,46.148,user_limit
10000.0,1.0,1.0,1e-06,0.3962,0.3773,0.004,46.177,user_limit
10000.0,1.0,10.0,1e-06,0.396,0.3772,0.004,46.119,user_limit
10000.0,1.0,100.0,1e-06,0.394,0.3756,0.001,46.307,user_limit
10000.0,1.0,1000.0,1e-06,0.3939,0.3755,0.0,45.66,user_limit
10000.0,1.0,10000.0,1e-06,0.3939,0.3755,0.001,45.602,user_limit
10000.0,1.0,100000.0,1e-06,0.3939,0.3755,0.001,45.609,user_limit
10000.0,1.0,1000000.0,1e-06,0.3938,0.3755,0.0,45.64,user_limit
10000.0,10.0,1e-06,1e-06,0.3939,0.3755,0.0,7.748,optimal
10000.0,10.0,1e-05,1e-06,0.3967,0.3777,0.005,47.649,user_limit
10000.0,10.0,0.0001,1e-06,0.3941,0.3757,0.001,46.516,user_limit
10000.0,10.0,0.001,1e-06,0.394,0.3756,0.0,46.231,user_limit
10000.0,10.0,0.01,1e-06,0.3941,0.3756,0.0,46.29,user_limit
10000.0,10.0,0.1,1e-06,0.394,0.3756,0.0,46.373,user_limit
10000.0,10.0,1.0,1e-06,0.394,0.3756,0.0,46.245,user_limit
10000.0,10.0,10.0,1e-06,0.394,0.3756,0.001,46.645,user_limit
10000.0,10.0,100.0,1e-06,0.394,0.3756,0.0,45.844,user_limit
10000.0,10.0,1000.0,1e-06,0.3939,0.3755,0.0,46.239,user_limit
10000.0,10.0,10000.0,1e-06,0.3938,0.3755,0.0,45.794,user_limit
10000.0,10.0,100000.0,1e-06,0.3939,0.3755,0.001,45.793,user_limit
10000.0,10.0,1000000.0,1e-06,0.3938,0.3755,0.0,46.26,user_limit
10000.0,100.0,1e-06,1e-06,0.3939,0.3755,0.0,7.39,optimal
10000.0,100.0,1e-05,1e-06,0.394,0.3756,0.001,48.158,user_limit
10000.0,100.0,0.0001,1e-06,0.394,0.3756,0.0,45.979,user_limit
10000.0,100.0,0.001,1e-06,0.394,0.3755,0.0,45.358,user_limit
10000.0,100.0,0.01,1e-06,0.394,0.3756,0.0,45.342,user_limit
10000.0,100.0,0.1,1e-06,0.394,0.3755,0.0,45.444,user_limit
10000.0,100.0,1.0,1e-06,0.3939,0.3755,0.001,35.682,optimal
10000.0,100.0,10.0,1e-06,0.394,0.3756,0.002,7.26,optimal
10000.0,100.0,100.0,1e-06,0.3939,0.3755,0.001,11.865,optimal
10000.0,100.0,1000.0,1e-06,0.3939,0.3755,0.001,46.164,optimal_inaccurate
10000.0,100.0,10000.0,1e-06,0.3939,0.3755,0.001,45.727,user_limit
10000.0,100.0,100000.0,1e-06,0.3939,0.3755,0.0,45.746,user_limit
10000.0,100.0,1000000.0,1e-06,0.3939,0.3755,0.0,48.322,user_limit
10000.0,1000.0,1e-06,1e-06,0.3939,0.3755,0.0,7.326,optimal
10000.0,1000.0,1e-05,1e-06,0.3938,0.3755,0.001,37.555,optimal
10000.0,1000.0,0.0001,1e-06,0.394,0.3756,0.001,0.502,optimal
10000.0,1000.0,0.001,1e-06,0.3938,0.3754,0.001,0.162,optimal
10000.0,1000.0,0.01,1e-06,0.3942,0.3757,0.001,0.727,optimal
10000.0,1000.0,0.1,1e-06,0.3941,0.3756,0.001,0.159,optimal
10000.0,1000.0,1.0,1e-06,0.3941,0.3756,0.001,0.161,optimal
10000.0,1000.0,10.0,1e-06,0.394,0.3756,0.002,0.274,optimal
10000.0,1000.0,100.0,1e-06,0.394,0.3756,0.002,5.767,optimal
10000.0,1000.0,1000.0,1e-06,0.3939,0.3755,0.002,9.819,optimal
10000.0,1000.0,10000.0,1e-06,0.3939,0.3755,0.0,45.766,optimal_inaccurate
10000.0,1000.0,100000.0,1e-06,0.3938,0.3755,0.0,45.651,user_limit
10000.0,1000.0,1000000.0,1e-06,0.3938,0.3755,0.0,45.685,user_limit
10000.0,10000.0,1e-06,1e-06,0.3939,0.3755,0.0,6.963,optimal
10000.0,10000.0,1e-05,1e-06,0.3941,0.3757,0.002,20.192,optimal
10000.0,10000.0,0.0001,1e-06,0.3938,0.3754,0.002,0.162,optimal
10000.0,10000.0,0.001,1e-06,0.3936,0.3753,0.002,0.162,optimal
10000.0,10000.0,0.01,1e-06,0.3937,0.3753,0.002,0.166,optimal
10000.0,10000.0,0.1,1e-06,0.394,0.3756,0.002,0.166,optimal
10000.0,10000.0,1.0,1e-06,0.3944,0.3759,0.002,0.164,optimal
10000.0,10000.0,10.0,1e-06,0.3942,0.3757,0.002,0.163,optimal
10000.0,10000.0,100.0,1e-06,0.3941,0.3757,0.002,0.737,optimal
10000.0,10000.0,1000.0,1e-06,0.394,0.3756,0.003,2.24,optimal
10000.0,10000.0,10000.0,1e-06,0.3939,0.3755,0.0,45.98,optimal_inaccurate
10000.0,10000.0,100000.0,1e-06,0.3938,0.3755,0.0,45.736,user_limit
10000.0,10000.0,1000000.0,1e-06,0.3938,0.3755,0.0,45.734,user_limit
10000.0,100000.0,1e-06,1e-06,0.3939,0.3755,0.0,6.806,optimal
10000.0,100000.0,1e-05,1e-06,0.3938,0.3755,0.002,6.661,optimal
10000.0,100000.0,0.0001,1e-06,0.3938,0.3754,0.002,0.395,optimal
10000.0,100000.0,0.001,1e-06,0.394,0.3756,0.002,0.276,optimal
10000.0,100000.0,0.01,1e-06,0.3943,0.3758,0.002,0.163,optimal
10000.0,100000.0,0.1,1e-06,0.3942,0.3757,0.002,0.161,optimal
10000.0,100000.0,1.0,1e-06,0.3939,0.3755,0.002,0.16,optimal
10000.0,100000.0,10.0,1e-06,0.3937,0.3754,0.002,0.164,optimal
10000.0,100000.0,100.0,1e-06,0.3937,0.3753,0.002,0.278,optimal
10000.0,100000.0,1000.0,1e-06,0.3937,0.3754,0.002,0.968,optimal
10000.0,100000.0,10000.0,1e-06,0.3941,0.3757,0.002,5.559,optimal
10000.0,100000.0,100000.0,1e-06,0.3939,0.3755,0.002,9.521,optimal
10000.0,100000.0,1000000.0,1e-06,0.3939,0.3755,0.0,45.947,optimal_inaccurate
10000.0,1000000.0,1e-06,1e-06,0.3939,0.3755,0.0,6.378,optimal
10000.0,1000000.0,1e-05,1e-06,0.3933,0.375,0.003,9.703,optimal
10000.0,1000000.0,0.0001,1e-06,0.3942,0.3758,0.003,0.509,optimal
10000.0,1000000.0,0.001,1e-06,0.3938,0.3754,0.002,0.393,optimal
10000.0,1000000.0,0.01,1e-06,0.3942,0.3757,0.002,0.276,optimal
10000.0,1000000.0,0.1,1e-06,0.3939,0.3755,0.002,0.16,optimal
10000.0,1000000.0,1.0,1e-06,0.3942,0.3757,0.002,0.16,optimal
10000.0,1000000.0,10.0,1e-06,0.3934,0.3751,0.002,0.164,optimal
10000.0,1000000.0,100.0,1e-06,0.3936,0.3753,0.002,0.162,optimal
10000.0,1000000.0,1000.0,1e-06,0.3941,0.3757,0.002,0.161,optimal
10000.0,1000000.0,10000.0,1e-06,0.394,0.3755,0.003,1.196,optimal
10000.0,1000000.0,100000.0,1e-06,0.3939,0.3755,0.002,3.857,optimal
10000.0,1000000.0,1000000.0,1e-06,0.3939,0.3755,0.001,46.758,optimal_inaccurate
100000.0,1e-06,1e-06,1e-06,0.3939,0.3755,0.0,7.492,optimal
100000.0,1e-06,1e-05,1e-06,0.4088,0.3878,0.014,47.584,user_limit
100000.0,1e-06,0.0001,1e-06,0.406,0.3854,0.012,46.291,user_limit
100000.0,1e-06,0.001,1e-06,0.4034,0.3833,0.01,46.289,user_limit
100000.0,1e-06,0.01,1e-06,0.4022,0.3821,0.01,46.27,user_limit
100000.0,1e-06,0.1,1e-06,0.4006,0.381,0.009,46.292,user_limit
100000.0,1e-06,1.0,1e-06,0.3996,0.3801,0.008,46.299,user_limit
100000.0,1e-06,10.0,1e-06,0.3977,0.3786,0.005,46.393,user_limit
100000.0,1e-06,100.0,1e-06,0.3963,0.3774,0.004,46.301,user_limit
100000.0,1e-06,1000.0,1e-06,0.394,0.3756,0.001,46.453,user_limit
100000.0,1e-06,10000.0,1e-06,0.3939,0.3755,0.001,46.957,user_limit
100000.0,1e-06,100000.0,1e-06,0.3938,0.3754,0.0,45.795,user_limit
100000.0,1e-06,1000000.0,1e-06,0.394,0.3755,0.0,45.848,user_limit
100000.0,1e-05,1e-06,1e-06,0.3939,0.3755,0.0,7.47,optimal
100000.0,1e-05,1e-05,1e-06,0.4088,0.3878,0.014,47.546,user_limit
100000.0,1e-05,0.0001,1e-06,0.406,0.3854,0.012,46.182,user_limit
100000.0,1e-05,0.001,1e-06,0.4034,0.3833,0.01,46.313,user_limit
100000.0,1e-05,0.01,1e-06,0.4022,0.3821,0.01,47.571,user_limit
100000.0,1e-05,0.1,1e-06,0.4006,0.381,0.009,46.18,user_limit
100000.0,1e-05,1.0,1e-06,0.3996,0.3801,0.008,46.295,user_limit
100000.0,1e-05,10.0,1e-06,0.3977,0.3786,0.005,46.302,user_limit
100000.0,1e-05,100.0,1e-06,0.3963,0.3774,0.004,46.197,user_limit
100000.0,1e-05,1000.0,1e-06,0.394,0.3756,0.001,46.321,user_limit
100000.0,1e-05,10000.0,1e-06,0.3939,0.3755,0.001,46.587,user_limit
100000.0,1e-05,100000.0,1e-06,0.3938,0.3754,0.001,45.716,user_limit
100000.0,1e-05,1000000.0,1e-06,0.394,0.3756,0.001,45.695,user_limit
100000.0,0.0001,1e-06,1e-06,0.3939,0.3755,0.0,7.482,optimal
100000.0,0.0001,1e-05,1e-06,0.4088,0.3878,0.014,47.6,user_limit
100000.0,0.0001,0.0001,1e-06,0.406,0.3854,0.012,46.229,user_limit
100000.0,0.0001,0.001,1e-06,0.4034,0.3833,0.01,46.623,user_limit
100000.0,0.0001,0.01,1e-06,0.4022,0.3821,0.01,46.794,user_limit
100000.0,0.0001,0.1,1e-06,0.4006,0.381,0.009,47.368,user_limit
100000.0,0.0001,1.0,1e-06,0.3996,0.3801,0.008,47.462,user_limit
100000.0,0.0001,10.0,1e-06,0.3977,0.3786,0.005,46.395,user_limit
100000.0,0.0001,100.0,1e-06,0.3963,0.3774,0.004,46.273,user_limit
100000.0,0.0001,1000.0,1e-06,0.394,0.3756,0.001,46.414,user_limit
100000.0,0.0001,10000.0,1e-06,0.3939,0.3755,0.001,46.892,user_limit
100000.0,0.0001,100000.0,1e-06,0.3939,0.3755,0.0,45.791,user_limit
100000.0,0.0001,1000000.0,1e-06,0.3938,0.3755,0.0,45.818,user_limit
100000.0,0.001,1e-06,1e-06,0.3939,0.3755,0.0,7.527,optimal
100000.0,0.001,1e-05,1e-06,0.4088,0.3878,0.014,47.647,user_limit
100000.0,0.001,0.0001,1e-06,0.406,0.3854,0.012,46.281,user_limit
100000.0,0.001,0.001,1e-06,0.4034,0.3833,0.01,46.275,user_limit
100000.0,0.001,0.01,1e-06,0.4022,0.3821,0.01,46.265,user_limit
100000.0,0.001,0.1,1e-06,0.4006,0.381,0.009,46.269,user_limit
100000.0,0.001,1.0,1e-06,0.3996,0.3801,0.008,46.249,user_limit
100000.0,0.001,10.0,1e-06,0.3977,0.3786,0.005,46.37,user_limit
100000.0,0.001,100.0,1e-06,0.3963,0.3774,0.004,46.282,user_limit
100000.0,0.001,1000.0,1e-06,0.394,0.3756,0.001,46.457,user_limit
100000.0,0.001,10000.0,1e-06,0.3939,0.3755,0.001,46.886,user_limit
100000.0,0.001,100000.0,1e-06,0.3938,0.3754,0.0,45.782,user_limit
100000.0,0.001,1000000.0,1e-06,0.394,0.3756,0.001,45.888,user_limit
100000.0,0.01,1e-06,1e-06,0.3939,0.3755,0.0,7.462,optimal
100000.0,0.01,1e-05,1e-06,0.4088,0.3878,0.014,47.414,user_limit
100000.0,0.01,0.0001,1e-06,0.406,0.3854,0.012,46.132,user_limit
100000.0,0.01,0.001,1e-06,0.4034,0.3833,0.01,46.103,user_limit
100000.0,0.01,0.01,1e-06,0.4022,0.3821,0.01,46.125,user_limit
100000.0,0.01,0.1,1e-06,0.4006,0.381,0.009,46.104,user_limit
100000.0,0.01,1.0,1e-06,0.3996,0.3801,0.008,46.088,user_limit
100000.0,0.01,10.0,1e-06,0.3977,0.3786,0.005,46.656,user_limit
100000.0,0.01,100.0,1e-06,0.3963,0.3774,0.004,46.794,user_limit
100000.0,0.01,1000.0,1e-06,0.394,0.3756,0.001,46.714,user_limit
100000.0,0.01,10000.0,1e-06,0.3937,0.3753,0.001,46.594,user_limit
100000.0,0.01,100000.0,1e-06,0.394,0.3756,0.0,46.163,user_limit
100000.0,0.01,1000000.0,1e-06,0.3939,0.3755,0.001,45.609,user_limit
100000.0,0.1,1e-06,1e-06,0.3939,0.3755,0.0,7.101,optimal
100000.0,0.1,1e-05,1e-06,0.4088,0.3878,0.014,47.627,user_limit
100000.0,0.1,0.0001,1e-06,0.406,0.3854,0.012,46.254,user_limit
100000.0,0.1,0.001,1e-06,0.4034,0.3833,0.01,46.251,user_limit
100000.0,0.1,0.01,1e-06,0.4022,0.3821,0.01,46.264,user_limit
100000.0,0.1,0.1,1e-06,0.4006,0.381,0.009,46.253,user_limit
100000.0,0.1,1.0,1e-06,0.3996,0.3801,0.008,46.253,user_limit
100000.0,0.1,10.0,1e-06,0.3977,0.3786,0.005,46.38,user_limit
100000.0,0.1,100.0,1e-06,0.3963,0.3774,0.004,46.317,user_limit
100000.0,0.1,1000.0,1e-06,0.394,0.3756,0.001,46.456,user_limit
100000.0,0.1,10000.0,1e-06,0.3938,0.3754,0.001,47.711,user_limit
100000.0,0.1,100000.0,1e-06,0.3939,0.3755,0.0,45.926,user_limit
100000.0,0.1,1000000.0,1e-06,0.3939,0.3755,0.0,45.863,user_limit
100000.0,1.0,1e-06,1e-06,0.3939,0.3755,0.0,7.078,optimal
100000.0,1.0,1e-05,1e-06,0.405,0.3846,0.012,47.76,user_limit
100000.0,1.0,0.0001,1e-06,0.4027,0.3827,0.01,46.391,user_limit
100000.0,1.0,0.001,1e-06,0.4014,0.3815,0.009,46.403,user_limit
100000.0,1.0,0.01,1e-06,0.3998,0.3803,0.008,46.429,user_limit
100000.0,1.0,0.1,1e-06,0.3985,0.3793,0.006,46.711,user_limit
100000.0,1.0,1.0,1e-06,0.398,0.3788,0.006,46.675,user_limit
100000.0,1.0,10.0,1e-06,0.3977,0.3786,0.005,46.453,user_limit
100000.0,1.0,100.0,1e-06,0.3965,0.3776,0.004,46.614,user_limit
100000.0,1.0,1000.0,1e-06,0.394,0.3756,0.001,46.65,user_limit
100000.0,1.0,10000.0,1e-06,0.3939,0.3755,0.0,45.923,user_limit
100000.0,1.0,100000.0,1e-06,0.3938,0.3755,0.001,49.191,user_limit
100000.0,1.0,1000000.0,1e-06,0.3938,0.3754,0.001,46.223,user_limit
100000.0,10.0,1e-06,1e-06,0.3939,0.3755,0.0,7.109,optimal
100000.0,10.0,1e-05,1e-06,0.3976,0.3785,0.005,47.726,user_limit
100000.0,10.0,0.0001,1e-06,0.3966,0.3776,0.004,46.251,user_limit
100000.0,10.0,0.001,1e-06,0.3963,0.3774,0.004,46.141,user_limit
100000.0,10.0,0.01,1e-06,0.3962,0.3773,0.004,46.093,user_limit
100000.0,10.0,0.1,1e-06,0.3958,0.3771,0.004,46.308,user_limit
100000.0,10.0,1.0,1e-06,0.3955,0.3768,0.003,46.094,user_limit
100000.0,10.0,10.0,1e-06,0.3941,0.3757,0.001,46.216,user_limit
100000.0,10.0,100.0,1e-06,0.394,0.3756,0.001,46.066,user_limit
100000.0,10.0,1000.0,1e-06,0.3939,0.3755,0.001,45.915,user_limit
100000.0,10.0,10000.0,1e-06,0.3938,0.3755,0.001,45.808,user_limit
100000.0,10.0,100000.0,1e-06,0.3939,0.3755,0.001,46.098,user_limit
100000.0,10.0,1000000.0,1e-06,0.3938,0.3755,0.0,46.427,user_limit
100000.0,100.0,1e-06,1e-06,0.3939,0.3755,0.0,7.061,optimal
100000.0,100.0,1e-05,1e-06,0.396,0.3772,0.004,47.728,user_limit
100000.0,100.0,0.0001,1e-06,0.3941,0.3757,0.001,46.411,user_limit
100000.0,100.0,0.001,1e-06,0.394,0.3756,0.0,46.251,user_limit
100000.0,100.0,0.01,1e-06,0.394,0.3756,0.0,46.285,user_limit
100000.0,100.0,0.1,1e-06,0.394,0.3756,0.0,46.241,user_limit
100000.0,100.0,1.0,1e-06,0.394,0.3756,0.0,46.278,user_limit
100000.0,100.0,10.0,1e-06,0.3939,0.3755,0.001,45.658,user_limit
100000.0,100.0,100.0,1e-06,0.394,0.3756,0.001,45.566,user_limit
100000.0,100.0,1000.0,1e-06,0.394,0.3756,0.0,46.06,user_limit
100000.0,100.0,10000.0,1e-06,0.3939,0.3755,0.0,45.78,user_limit
100000.0,100.0,100000.0,1e-06,0.3938,0.3755,0.0,45.768,user_limit
100000.0,100.0,1000000.0,1e-06,0.3939,0.3755,0.001,46.67,user_limit
100000.0,1000.0,1e-06,1e-06,0.3939,0.3755,0.0,6.712,optimal
100000.0,1000.0,1e-05,1e-06,0.3959,0.3771,0.004,47.588,user_limit
100000.0,1000.0,0.0001,1e-06,0.3939,0.3755,0.001,46.358,user_limit
100000.0,1000.0,0.001,1e-06,0.394,0.3756,0.0,46.99,user_limit
100000.0,1000.0,0.01,1e-06,0.394,0.3755,0.0,45.53,optimal_inaccurate
100000.0,1000.0,0.1,1e-06,0.3939,0.3755,0.0,10.978,optimal
100000.0,1000.0,1.0,1e-06,0.3939,0.3755,0.0,0.167,optimal
100000.0,1000.0,10.0,1e-06,0.3939,0.3755,0.0,0.621,optimal
100000.0,1000.0,100.0,1e-06,0.3939,0.3755,0.002,10.196,optimal
100000.0,1000.0,1000.0,1e-06,0.3939,0.3755,0.0,45.794,optimal_inaccurate
100000.0,1000.0,10000.0,1e-06,0.3938,0.3755,0.0,45.805,user_limit
100000.0,1000.0,100000.0,1e-06,0.3939,0.3755,0.0,45.827,user_limit
100000.0,1000.0,1000000.0,1e-06,0.3939,0.3755,0.001,45.826,user_limit
100000.0,10000.0,1e-06,1e-06,0.3939,0.3755,0.0,6.65,optimal
100000.0,10000.0,1e-05,1e-06,0.3941,0.3756,0.001,47.068,optimal_inaccurate
100000.0,10000.0,0.0001,1e-06,0.3939,0.3755,0.0,18.013,optimal
100000.0,10000.0,0.001,1e-06,0.3939,0.3755,0.0,0.164,optimal
100000.0,10000.0,0.01,1e-06,0.394,0.3756,0.001,0.391,optimal
100000.0,10000.0,0.1,1e-06,0.394,0.3756,0.0,0.163,optimal
100000.0,10000.0,1.0,1e-06,0.394,0.3756,0.0,0.165,optimal
100000.0,10000.0,10.0,1e-06,0.394,0.3756,0.001,0.16,optimal
100000.0,10000.0,100.0,1e-06,0.394,0.3756,0.002,0.274,optimal
100000.0,10000.0,1000.0,1e-06,0.3937,0.3754,0.002,7.14,optimal
100000.0,10000.0,10000.0,1e-06,0.3939,0.3755,0.001,10.16,optimal
100000.0,10000.0,100000.0,1e-06,0.3939,0.3755,0.001,34.043,optimal
100000.0,10000.0,1000000.0,1e-06,0.3939,0.3755,0.0,45.727,user_limit
100000.0,100000.0,1e-06,1e-06,0.3939,0.3755,0.0,6.227,optimal
100000.0,100000.0,1e-05,1e-06,0.3939,0.3755,0.001,41.129,optimal
100000.0,100000.0,0.0001,1e-06,0.3941,0.3757,0.001,0.506,optimal
100000.0,100000.0,0.001,1e-06,0.394,0.3756,0.001,0.16,optimal
100000.0,100000.0,0.01,1e-06,0.3938,0.3754,0.001,0.161,optimal
100000.0,100000.0,0.1,1e-06,0.394,0.3756,0.001,0.507,optimal
100000.0,100000.0,1.0,1e-06,0.3939,0.3755,0.001,0.163,optimal
100000.0,100000.0,10.0,1e-06,0.3938,0.3754,0.001,0.161,optimal
100000.0,100000.0,100.0,1e-06,0.3938,0.3754,0.001,0.161,optimal
100000.0,100000.0,1000.0,1e-06,0.3938,0.3754,0.002,0.622,optimal
100000.0,100000.0,10000.0,1e-06,0.3937,0.3753,0.002,6.109,optimal
100000.0,100000.0,100000.0,1e-06,0.3939,0.3755,0.001,10.617,optimal
100000.0,100000.0,1000000.0,1e-06,0.3939,0.3755,0.0,45.776,optimal_inaccurate
100000.0,1000000.0,1e-06,1e-06,0.3939,0.3755,0.0,6.264,optimal
100000.0,1000000.0,1e-05,1e-06,0.3941,0.3757,0.003,3.896,optimal
100000.0,1000000.0,0.0001,1e-06,0.3943,0.3758,0.003,0.395,optimal
100000.0,1000000.0,0.001,1e-06,0.3944,0.3759,0.003,0.161,optimal
100000.0,1000000.0,0.01,1e-06,0.394,0.3756,0.002,0.161,optimal
100000.0,1000000.0,0.1,1e-06,0.3941,0.3757,0.003,0.161,optimal
100000.0,1000000.0,1.0,1e-06,0.3935,0.3752,0.002,0.161,optimal
100000.0,1000000.0,10.0,1e-06,0.3937,0.3753,0.002,0.167,optimal
100000.0,1000000.0,100.0,1e-06,0.3938,0.3755,0.002,0.16,optimal
100000.0,1000000.0,1000.0,1e-06,0.394,0.3756,0.003,0.16,optimal
100000.0,1000000.0,10000.0,1e-06,0.3943,0.3759,0.003,0.848,optimal
100000.0,1000000.0,100000.0,1e-06,0.394,0.3756,0.003,2.232,optimal
100000.0,1000000.0,1000000.0,1e-06,0.3939,0.3755,0.0,45.594,optimal_inaccurate
1000000.0,1e-06,1e-06,1e-06,0.3939,0.3755,0.0,6.953,optimal
1000000.0,1e-06,1e-05,1e-06,0.4089,0.3879,0.014,48.233,user_limit
1000000.0,1e-06,0.0001,1e-06,0.404,0.3838,0.011,46.245,user_limit
1000000.0,1e-06,0.001,1e-06,0.4013,0.3815,0.009,46.256,user_limit
1000000.0,1e-06,0.01,1e-06,0.3999,0.3803,0.008,46.369,user_limit
1000000.0,1e-06,0.1,1e-06,0.3996,0.3801,0.008,46.266,user_limit
1000000.0,1e-06,1.0,1e-06,0.3987,0.3794,0.006,46.515,user_limit
1000000.0,1e-06,10.0,1e-06,0.3986,0.3793,0.006,46.291,user_limit
1000000.0,1e-06,100.0,1e-06,0.3984,0.3792,0.006,46.794,user_limit
1000000.0,1e-06,1000.0,1e-06,0.3965,0.3776,0.004,46.863,user_limit
1000000.0,1e-06,10000.0,1e-06,0.394,0.3756,0.001,46.949,user_limit
1000000.0,1e-06,100000.0,1e-06,0.3939,0.3755,0.0,45.952,user_limit
1000000.0,1e-06,1000000.0,1e-06,0.3939,0.3755,0.0,45.794,user_limit
1000000.0,1e-05,1e-06,1e-06,0.3939,0.3755,0.0,6.978,optimal
1000000.0,1e-05,1e-05,1e-06,0.4089,0.3879,0.014,48.199,user_limit
1000000.0,1e-05,0.0001,1e-06,0.404,0.3838,0.011,46.332,user_limit
1000000.0,1e-05,0.001,1e-06,0.4013,0.3815,0.009,46.333,user_limit
1000000.0,1e-05,0.01,1e-06,0.3999,0.3803,0.008,46.474,user_limit
1000000.0,1e-05,0.1,1e-06,0.3996,0.3801,0.008,46.351,user_limit
1000000.0,1e-05,1.0,1e-06,0.3987,0.3794,0.006,46.851,user_limit
1000000.0,1e-05,10.0,1e-06,0.3985,0.3793,0.006,46.357,user_limit
1000000.0,1e-05,100.0,1e-06,0.3984,0.3791,0.006,46.485,user_limit
1000000.0,1e-05,1000.0,1e-06,0.3965,0.3776,0.004,46.546,user_limit
1000000.0,1e-05,10000.0,1e-06,0.3939,0.3755,0.001,46.529,user_limit
1000000.0,1e-05,100000.0,1e-06,0.394,0.3756,0.001,46.003,user_limit
1000000.0,1e-05,1000000.0,1e-06,0.3939,0.3755,0.0,45.921,user_limit
1000000.0,0.0001,1e-06,1e-06,0.3939,0.3755,0.0,6.99,optimal
1000000.0,0.0001,1e-05,1e-06,0.4089,0.3879,0.014,48.063,user_limit
1000000.0,0.0001,0.0001,1e-06,0.404,0.3838,0.011,46.215,user_limit
1000000.0,0.0001,0.001,1e-06,0.4013,0.3815,0.009,46.221,user_limit
1000000.0,0.0001,0.01,1e-06,0.3999,0.3803,0.008,48.497,user_limit
1000000.0,0.0001,0.1,1e-06,0.3996,0.3801,0.008,46.184,user_limit
1000000.0,0.0001,1.0,1e-06,0.3987,0.3794,0.006,46.454,user_limit
1000000.0,0.0001,10.0,1e-06,0.3985,0.3793,0.006,46.206,user_limit
1000000.0,0.0001,100.0,1e-06,0.3983,0.379,0.006,46.306,user_limit
1000000.0,0.0001,1000.0,1e-06,0.3965,0.3776,0.004,46.343,user_limit
1000000.0,0.0001,10000.0,1e-06,0.394,0.3755,0.001,46.403,user_limit
1000000.0,0.0001,100000.0,1e-06,0.3939,0.3755,0.0,45.725,user_limit
1000000.0,0.0001,1000000.0,1e-06,0.3937,0.3754,0.001,46.325,user_limit
1000000.0,0.001,1e-06,1e-06,0.3939,0.3755,0.0,6.982,optimal
1000000.0,0.001,1e-05,1e-06,0.4089,0.3879,0.014,48.324,user_limit
1000000.0,0.001,0.0001,1e-06,0.404,0.3838,0.011,46.276,user_limit
1000000.0,0.001,0.001,1e-06,0.4013,0.3815,0.009,46.279,user_limit
1000000.0,0.001,0.01,1e-06,0.3998,0.3803,0.008,46.4,user_limit
1000000.0,0.001,0.1,1e-06,0.3996,0.3801,0.008,46.29,user_limit
1000000.0,0.001,1.0,1e-06,0.3987,0.3794,0.006,46.52,user_limit
1000000.0,0.001,10.0,1e-06,0.3985,0.3793,0.006,46.276,user_limit
1000000.0,0.001,100.0,1e-06,0.3984,0.3791,0.006,46.456,user_limit
1000000.0,0.001,1000.0,1e-06,0.3965,0.3776,0.004,46.423,user_limit
1000000.0,0.001,10000.0,1e-06,0.394,0.3756,0.001,46.43,user_limit
1000000.0,0.001,100000.0,1e-06,0.3939,0.3755,0.0,47.679,user_limit
1000000.0,0.001,1000000.0,1e-06,0.3939,0.3755,0.001,45.823,user_limit
1000000.0,0.01,1e-06,1e-06,0.3939,0.3755,0.0,6.988,optimal
1000000.0,0.01,1e-05,1e-06,0.4089,0.3879,0.014,48.095,user_limit
1000000.0,0.01,0.0001,1e-06,0.404,0.3838,0.011,46.208,user_limit
1000000.0,0.01,0.001,1e-06,0.4013,0.3815,0.009,46.21,user_limit
1000000.0,0.01,0.01,1e-06,0.3998,0.3803,0.008,46.364,user_limit
1000000.0,0.01,0.1,1e-06,0.3996,0.3801,0.008,46.282,user_limit
1000000.0,0.01,1.0,1e-06,0.3987,0.3794,0.006,46.464,user_limit
1000000.0,0.01,10.0,1e-06,0.3985,0.3793,0.006,46.241,user_limit
1000000.0,0.01,100.0,1e-06,0.3984,0.3792,0.006,46.358,user_limit
1000000.0,0.01,1000.0,1e-06,0.3962,0.3774,0.004,46.427,user_limit
1000000.0,0.01,10000.0,1e-06,0.394,0.3756,0.001,46.36,user_limit
1000000.0,0.01,100000.0,1e-06,0.3938,0.3754,0.001,45.834,user_limit
1000000.0,0.01,1000000.0,1e-06,0.3938,0.3755,0.001,45.774,user_limit
1000000.0,0.1,1e-06,1e-06,0.3939,0.3755,0.0,6.965,optimal
1000000.0,0.1,1e-05,1e-06,0.4089,0.3879,0.014,48.18,user_limit
1000000.0,0.1,0.0001,1e-06,0.404,0.3838,0.011,46.349,user_limit
1000000.0,0.1,0.001,1e-06,0.4013,0.3815,0.009,46.37,user_limit
1000000.0,0.1,0.01,1e-06,0.3998,0.3803,0.008,46.475,user_limit
1000000.0,0.1,0.1,1e-06,0.3996,0.3801,0.008,46.467,user_limit
1000000.0,0.1,1.0,1e-06,0.3987,0.3794,0.006,46.468,user_limit
1000000.0,0.1,10.0,1e-06,0.3986,0.3793,0.006,46.353,user_limit
1000000.0,0.1,100.0,1e-06,0.3983,0.3791,0.006,47.468,user_limit
1000000.0,0.1,1000.0,1e-06,0.3963,0.3774,0.004,46.819,user_limit
1000000.0,0.1,10000.0,1e-06,0.3938,0.3754,0.001,46.479,user_limit
1000000.0,0.1,100000.0,1e-06,0.3939,0.3755,0.0,45.998,user_limit
1000000.0,0.1,1000000.0,1e-06,0.3939,0.3755,0.001,45.89,user_limit
1000000.0,1.0,1e-06,1e-06,0.3939,0.3755,0.0,6.737,optimal
1000000.0,1.0,1e-05,1e-06,0.4089,0.388,0.014,48.006,user_limit
1000000.0,1.0,0.0001,1e-06,0.4041,0.3838,0.011,46.159,user_limit
1000000.0,1.0,0.001,1e-06,0.4015,0.3816,0.009,46.191,user_limit
1000000.0,1.0,0.01,1e-06,0.399,0.3796,0.006,46.157,user_limit
1000000.0,1.0,0.1,1e-06,0.3985,0.3793,0.006,46.411,user_limit
1000000.0,1.0,1.0,1e-06,0.3984,0.3791,0.006,46.423,user_limit
1000000.0,1.0,10.0,1e-06,0.3983,0.379,0.006,46.155,user_limit
1000000.0,1.0,100.0,1e-06,0.3981,0.3789,0.006,46.154,user_limit
1000000.0,1.0,1000.0,1e-06,0.3961,0.3773,0.004,46.469,user_limit
1000000.0,1.0,10000.0,1e-06,0.3942,0.3757,0.001,46.28,user_limit
1000000.0,1.0,100000.0,1e-06,0.394,0.3755,0.001,45.79,user_limit
1000000.0,1.0,1000000.0,1e-06,0.3939,0.3755,0.0,45.854,user_limit
1000000.0,10.0,1e-06,1e-06,0.3939,0.3755,0.0,6.678,optimal
1000000.0,10.0,1e-05,1e-06,0.4089,0.388,0.014,48.595,user_limit
1000000.0,10.0,0.0001,1e-06,0.4041,0.3838,0.011,46.684,user_limit
1000000.0,10.0,0.001,1e-06,0.4015,0.3816,0.009,46.469,user_limit
1000000.0,10.0,0.01,1e-06,0.399,0.3796,0.006,46.184,user_limit
1000000.0,10.0,0.1,1e-06,0.3985,0.3792,0.006,46.315,user_limit
1000000.0,10.0,1.0,1e-06,0.3984,0.3792,0.006,46.346,user_limit
1000000.0,10.0,10.0,1e-06,0.3975,0.3784,0.005,46.329,user_limit
1000000.0,10.0,100.0,1e-06,0.3974,0.3783,0.005,46.199,user_limit
1000000.0,10.0,1000.0,1e-06,0.3964,0.3775,0.004,46.322,user_limit
1000000.0,10.0,10000.0,1e-06,0.394,0.3756,0.001,46.458,user_limit
1000000.0,10.0,100000.0,1e-06,0.3939,0.3755,0.0,46.038,user_limit
1000000.0,10.0,1000000.0,1e-06,0.3939,0.3755,0.0,45.666,user_limit
1000000.0,100.0,1e-06,1e-06,0.3939,0.3755,0.0,6.566,optimal
1000000.0,100.0,1e-05,1e-06,0.4014,0.3815,0.009,47.302,user_limit
1000000.0,100.0,0.0001,1e-06,0.397,0.378,0.005,46.084,user_limit
1000000.0,100.0,0.001,1e-06,0.3967,0.3777,0.005,46.2,user_limit
1000000.0,100.0,0.01,1e-06,0.3965,0.3776,0.004,46.08,user_limit
1000000.0,100.0,0.1,1e-06,0.3964,0.3775,0.004,46.06,user_limit
1000000.0,100.0,1.0,1e-06,0.3962,0.3773,0.004,46.018,user_limit
1000000.0,100.0,10.0,1e-06,0.3961,0.3772,0.004,46.026,user_limit
1000000.0,100.0,100.0,1e-06,0.3958,0.377,0.004,46.012,user_limit
1000000.0,100.0,1000.0,1e-06,0.3956,0.3768,0.003,46.007,user_limit
1000000.0,100.0,10000.0,1e-06,0.3939,0.3755,0.001,46.044,user_limit
1000000.0,100.0,100000.0,1e-06,0.3939,0.3755,0.0,45.558,user_limit
1000000.0,100.0,1000000.0,1e-06,0.3938,0.3754,0.001,45.788,user_limit
1000000.0,1000.0,1e-06,1e-06,0.3939,0.3755,0.0,6.152,optimal
1000000.0,1000.0,1e-05,1e-06,0.3968,0.3778,0.005,49.202,user_limit
1000000.0,1000.0,0.0001,1e-06,0.3943,0.3759,0.001,46.639,user_limit
1000000.0,1000.0,0.001,1e-06,0.3941,0.3756,0.001,46.281,user_limit
1000000.0,1000.0,0.01,1e-06,0.394,0.3756,0.001,46.339,user_limit
1000000.0,1000.0,0.1,1e-06,0.394,0.3756,0.0,46.817,user_limit
1000000.0,1000.0,1.0,1e-06,0.394,0.3756,0.0,46.34,user_limit
1000000.0,1000.0,10.0,1e-06,0.394,0.3756,0.0,46.34,user_limit
1000000.0,1000.0,100.0,1e-06,0.3938,0.3755,0.001,46.25,user_limit
1000000.0,1000.0,1000.0,1e-06,0.394,0.3756,0.001,46.264,user_limit
1000000.0,1000.0,10000.0,1e-06,0.394,0.3756,0.001,45.878,user_limit
1000000.0,1000.0,100000.0,1e-06,0.3939,0.3755,0.001,46.098,user_limit
1000000.0,1000.0,1000000.0,1e-06,0.3939,0.3755,0.0,45.886,user_limit
1000000.0,10000.0,1e-06,1e-06,0.3939,0.3755,0.0,6.246,optimal
1000000.0,10000.0,1e-05,1e-06,0.3942,0.3757,0.002,49.025,user_limit
1000000.0,10000.0,0.0001,1e-06,0.394,0.3756,0.001,46.352,user_limit
1000000.0,10000.0,0.001,1e-06,0.394,0.3756,0.0,46.406,user_limit
1000000.0,10000.0,0.01,1e-06,0.394,0.3756,0.0,45.93,user_limit
1000000.0,10000.0,0.1,1e-06,0.394,0.3755,0.0,45.388,user_limit
1000000.0,10000.0,1.0,1e-06,0.394,0.3756,0.0,45.407,user_limit
1000000.0,10000.0,10.0,1e-06,0.394,0.3756,0.0,45.398,user_limit
1000000.0,10000.0,100.0,1e-06,0.394,0.3756,0.0,45.41,user_limit
1000000.0,10000.0,1000.0,1e-06,0.394,0.3756,0.001,45.434,user_limit
1000000.0,10000.0,10000.0,1e-06,0.3939,0.3755,0.0,45.769,optimal_inaccurate
1000000.0,10000.0,100000.0,1e-06,0.3939,0.3755,0.0,45.783,optimal_inaccurate
1000000.0,10000.0,1000000.0,1e-06,0.3938,0.3755,0.0,45.769,user_limit
1000000.0,100000.0,1e-06,1e-06,0.3939,0.3755,0.0,5.755,optimal
1000000.0,100000.0,1e-05,1e-06,0.3941,0.3756,0.001,46.926,optimal_inaccurate
1000000.0,100000.0,0.0001,1e-06,0.3939,0.3755,0.0,17.924,optimal
1000000.0,100000.0,0.001,1e-06,0.3939,0.3755,0.0,0.161,optimal
1000000.0,100000.0,0.01,1e-06,0.394,0.3756,0.001,0.391,optimal
1000000.0,100000.0,0.1,1e-06,0.394,0.3756,0.0,0.165,optimal
1000000.0,100000.0,1.0,1e-06,0.394,0.3756,0.0,0.162,optimal
1000000.0,100000.0,10.0,1e-06,0.394,0.3755,0.001,0.162,optimal
1000000.0,100000.0,100.0,1e-06,0.394,0.3756,0.001,0.165,optimal
1000000.0,100000.0,1000.0,1e-06,0.394,0.3756,0.002,0.276,optimal
1000000.0,100000.0,10000.0,1e-06,0.3937,0.3753,0.002,7.118,optimal
1000000.0,100000.0,100000.0,1e-06,0.3939,0.3755,0.001,11.039,optimal
1000000.0,100000.0,1000000.0,1e-06,0.3939,0.3755,0.001,34.074,optimal
1000000.0,1000000.0,1e-06,1e-06,0.3939,0.3755,0.0,5.753,optimal
1000000.0,1000000.0,1e-05,1e-06,0.3944,0.3759,0.002,12.641,optimal
1000000.0,1000000.0,0.0001,1e-06,0.3934,0.3751,0.003,0.395,optimal
1000000.0,1000000.0,0.001,1e-06,0.3939,0.3755,0.003,0.164,optimal
1000000.0,1000000.0,0.01,1e-06,0.3938,0.3754,0.002,0.161,optimal
1000000.0,1000000.0,0.1,1e-06,0.3939,0.3755,0.002,0.164,optimal
1000000.0,1000000.0,1.0,1e-06,0.3942,0.3758,0.003,0.164,optimal
1000000.0,1000000.0,10.0,1e-06,0.3939,0.3755,0.002,0.161,optimal
1000000.0,1000000.0,100.0,1e-06,0.3941,0.3757,0.002,0.161,optimal
1000000.0,1000000.0,1000.0,1e-06,0.3937,0.3753,0.002,0.161,optimal
1000000.0,1000000.0,10000.0,1e-06,0.3941,0.3757,0.002,1.195,optimal
1000000.0,1000000.0,100000.0,1e-06,0.394,0.3756,0.003,2.925,optimal
1000000.0,1000000.0,1000000.0,1e-06,0.3939,0.3755,0.0,45.669,optimal_inaccurate
