timestamp,0,1,2,3,4,5,6,7,8,9,10,11,12,13,14,15,16,17,18,19,20,21,22,23,24,25,26,27,28,29,30,31,32,33,34,35,36,37,38,39,40,41,42,43,44,45,46,47,48,49,50,51,52,53,54,55,56,57,58,59,60,61,62,63,64,65,66,67,68,69,70,71,72,73,74,75,76,77,78,79,80,81,82,83,84,85,86,87,88,89,90,91,92,93,94,95,96,97,98,99,100,101,102,103,104,105,106,107,108,109,110,111,112,113,114,115,116,117,118,119,120,121,122,123,124,125,126,127,128,129,130,131,132,133,134,135,136,137,138,139,140,141,142,143,144,145,146,147,148,149,150,151,152,153,154,155,156,157,158,159,160,161,162,163,164,165,166,167,168,169,170,171,172,173,174,175,176,177,178,179,180,181,182,183,184,185,186,187,188,189,190,191,192,193,194,195,196,197,198,199,200,201,202,203,204,205,206,207,208,209,210,211,212,213,214,215,216,217,218,219,220,221,222,223,224,225,226,227,228,229,230,231,232,233,234,235,236,237,238,239,240,241,242,243,244,245,246,247,248,249,250,251,252,253,254,255,256,257,258,259,260,261,262,263,264,265,266,267,268,269,270,271,272,273,274,275,276,277,278,279,280,281,282,283,284,285,286,287,288,289,290,291,292,293,294,295,296,297,298,299,300,301,302,303,304,305,306,307,308,309,310,311,312,313,314,315,316,317,318,319,320,321,322,323,324,325,326,327,328,329,330,331,332,333,334,335,336,337,338,339,340,341,342,343,344,345,346,347,348,349,350,351,352,353,354,355,356,357,358,359,360,361,362,363,364,365,366,367,368,369,370,371,372,373,374,375,376,377,378,379,380,381,382,383,384,385,386,387,388,389,390,391,392,393,394,395,396,397,398,399,400,401,402,403,404,405,406,407,408,409,410,411,412,413,414,415,416,417,418,419,420,421,422,423,424,425,426,427,428,429,430,431,432,433,434,435,436,437,438,439,440,441,442,443,444,445,446,447,448,449,450
2020-08-01 07:00:00 UTC,-3019.03,-867.235,3023.84,-409.06,-409.06,-397.797,1012.71,1151.88,-1439.13,-1439.13,2050.16,1666.89,-6771.17,88.8862,916.606,1551.93,2959.92,936.273,-5356.08,-762.932,28.6456,-2723.86,-2723.86,-2424.76,-3133.65,-917.062,-630.835,374.952,62.1136,1989.97,-691.387,-691.387,-1553.25,-862.059,-862.059,-5393,3231.41,3241.8,-10893.2,-10893.2,3638.13,6553.27,3168.4,1954.53,4869.74,-6790.47,-9545.14,-9615.47,-10161.7,233.05,-1673.23,-1673.23,313.034,-365.601,-697.606,294.907,294.907,-2780.82,1132.74,586.922,1607.11,-2080.49,-2243.76,1020,1020,-366.749,-409.702,388.225,388.225,394.493,2425.39,-1750.18,875.091,875.091,31.6534,31.6534,15.7643,11.3035,25.7697,-90.9825,-192.883,140.549,-9.86336,-9.19875,1.05161,-41.3775,-22.3797,460.238,460.238,78.9456,78.9456,78.1776,78.1776,-901.389,-901.389,-901.389,325.439,325.439,100.746,-244.453,-103.875,-103.875,171.921,171.921,-376.446,-151.553,-1953.59,0.23,0.23,-1676.67,-1676.67,-1676.67,4843.81,-1270.67,-1270.67,-1327.46,-1327.46,-0.316,398.868,398.868,-99.9979,-99.9979,-5576.17,-5576.17,5254.28,5254.28,0,-218.609,-2325.28,-972.49,2127.86,2127.86,-1826.54,9794.13,4292.71,-1883.33,-5532.43,-5532.43,1353.14,1353.14,-4733.28,-4733.28,489.151,1189.83,7654.9,2982.95,2351.87,2351.87,-1473.94,-1473.94,-1473.94,3764.41,3764.41,-4708.43,6.48425e-07,6.48425e-07,1765.35,-3311.92,-3311.92,4795.04,-1683.77,1343.69,0,3028.59,1268.14,-4510.27,-3325.03,-3325.03,-446.695,253.785,-48.066,-3434.81,-3434.81,-2269.17,1092.91,1092.91,10987.9,-7035.77,-10978.9,9556.46,9626.95,10173.4,-13917.9,2785.96,-2651.33,9556.46,9626.95,10173.4,-10557.6,-5766.39,-3541.05,738.09,15251.6,2693.38,12552,31072.5,17086.9,17086.9,2017.22,-9681.76,863.267,2004.72,820.416,-998.355,1023,-1064.48,-911.467,-997.701,1054.08,1078.39,1059.89,-1023.35,342.578,342.578,-956.106,4251.43,4251.43,-9454.53,933.621,1363.98,-1038.12,778.252,2598.42,4259.62,4259.62,7005.37,8689.92,9176.04,17744.7,-9390.42,5102.34,-7001.24,1813.98,5099.15,8946.25,5245.51,5243.59,-1813.65,-8679,-9164.21,3775.98,3820.2,2693.61,3127.19,2524.49,2899.86,2158.32,2158.32,444.455,903.704,-2027.8,-2288.79,3937.18,-8684,-8684.01,-9169.78,-9169.79,-1585,-1585,101.895,392.616,1231.07,1231.07,5240.53,5240.53,-5098.43,-5098.43,1482.07,-93.0704,2856.82,-3513.77,14555,-15643,-17377.9,11279.8,-2853.55,3362.31,2080.54,-2857.5,101.694,101.694,1075.72,1075.72,-376.972,415.98,-2504.93,-415.638,120.946,120.946,2000.08,665.121,2692.96,1879.34,190.711,190.711,293.016,293.129,2180.88,2180.88,2391.87,1260.08,1826.74,1054.88,656.009,196.182,196.182,-11.7288,-13.6067,0,-703.572,-782.769,0,30.65,900.547,900.547,-26.161,538.597,-408.684,-410.821,30.9063,-421.707,-411.547,1586.19,-2487.78,-6420.45,-1317.78,-524.879,-524.879,268.813,1943.13,1943.13,947.168,940.34,1.41587e-06,0,589.809,589.809,3.39896e-11,1.36515e-06,0,1635.7,-1.71305e-12,-917.038,-2.52129e-10,1.45409e-08,2.1387e-08,-1137.3,-994.984,-994.984,0,-218.521,-218.521,2.44776e-08,-2.26159e-09,1603.38,2508.46,2508.46,2508.46,2795.22,-2.67015e-11,-2.26082e-09,0,571.417,571.417,571.417,1.19179e-10,-761.251,-223.879,-223.879,-63.3045,1.53181e-06,-31.6534,-31.6534,1.07954e-09,1.11897e-09,3.53173e-10,1.12062e-08,77.4194,76.8448,123.182,0,1.76994e-10,-7.07508e-12,-3545.95,-3545.95,-3545.95,7.95512e-12,0,0,0,3.46105e-10,2.7336e-06,3225.84,3225.84,3.3721e-07,-6221.71,-923.673,-1350.62,0,1.91828e-07,-1122.66,-2941.15,2.04941e-06,-21556.9,-11813.9,-3317.33,-3171.66,48.0669,3445.25,3445.25,3.33801e-06,-85897.7,916.665,1.54681e-05,1.23387e-05,1087.15,1747.31,4316.64,7.27504e-06,1.16723e-06,1.42429e-06,580.162,5.23782e-07,6.15072e-05,0.000106328,7372.73,0.000465709,5092.25,9.20093e-06,825.476,2340.96,1.77176e-06,1700.63,4.46998e-07,2174.7,-3870.82,4.42393e-08,8.82241e-07,-3045.57,-3045.57,1.15522e-07,-4.83917,-4.83917,3.34648e-06,397.876,0,3.82563e-07,-2979.37,-7276.77,0,0
2020-08-01 08:00:00 UTC,-2937.73,-849.392,3011.72,-451.424,-451.424,-324.585,1020.11,1163.59,-1445.21,-1445.21,1896.75,1545.63,-6413.71,26.8973,850.557,1456.74,2818.85,891.655,-5025.67,-710.419,116.845,-2570.21,-2570.21,-2291.32,-2998.1,-876.248,-602.183,346.3,70.095,1876.95,-653.638,-653.638,-1466.78,-813.315,-813.315,-5078.15,3021.15,3030.86,-10224.9,-10224.9,3398.69,6159.96,2993.52,1846.66,4545.31,-6304.7,-8958.51,-9024.52,-9537.14,219.156,-1568.98,-1568.98,293.473,-343.057,-656.382,276.306,276.306,-2608.96,1059.56,548.173,1511.97,-1951.92,-2105.08,963.629,963.629,-346.305,-388.484,367.395,367.395,372.563,2296.67,-1665.6,832.8,832.8,30.1718,30.1718,14.7301,10.5335,24.1674,-85.323,-181.833,132.59,-9.33669,-8.70756,0.979052,-39.0498,-21.1599,432.316,432.316,74.3012,74.3012,73.5794,73.5794,-844.672,-844.672,-844.672,300.308,300.308,95.2171,-230.54,-98.137,-98.137,162.111,162.111,-359.749,-142.992,-1845.82,0.23,0.23,-1589.22,-1589.22,-1589.22,4587.73,-1204.71,-1204.71,-1259.43,-1259.43,-0.316,377.642,377.642,-103.628,-103.628,-5296.38,-5296.38,5002.06,5002.06,0,-210.899,-2212.65,-925.928,2026.63,2026.63,-1731.49,9274.62,4064.98,-1786.21,-5251.05,-5251.05,1287.04,1287.04,-4493.42,-4493.42,465.693,1134.09,7190.77,2920.33,2226.27,2226.27,-1394.84,-1394.84,-1394.84,3544.36,3544.36,-4469.47,6.48375e-07,6.48375e-07,1667.97,-3117.91,-3117.91,4513.94,-1573.02,1270.95,0,2844.97,1214.01,-4226.17,-3129.47,-3129.47,-427.305,240.917,-45.849,-3273.62,-3273.62,-2129.92,1025.99,1025.99,10314.1,-6575.98,-10306.2,8968.48,9034.64,9547.42,-13027.9,2619.65,-2493.99,8968.48,9034.63,9547.42,-9942.24,-5396.81,-3216.4,762.308,14621.2,2547.78,12017,29785.7,16383.2,16383.2,1940.33,-9157.17,818.273,1930.63,788.908,-950.159,976.628,-1015.34,-870.021,-952.309,1011.51,1034.83,1017.09,-976.74,320.235,320.235,-912.486,4047.95,4047.95,-8982.07,872.472,1298.1,-990.732,751.906,2492.23,4042.1,4042.1,6708.07,8357.87,8825.41,17072,-9080.72,4852.23,-6704.29,1771.86,4849.35,8622.27,5055.55,5053.7,-1771.54,-8347.78,-8814.47,3637.68,3680.27,2612.53,3033.05,2427.05,2768.57,2080.78,2080.78,423.193,842.233,-1954.94,-2206.56,3837.25,-8352.4,-8352.41,-8819.63,-8819.63,-1549.37,-1549.37,96.5858,372.525,1212.43,1212.43,5131.74,5131.74,-4966.45,-4966.45,1373.13,-111.122,2822.27,-3432,14316.6,-15080.4,-16728.4,11150.5,-2819.08,3181.62,1979.79,-2738.72,101.068,101.068,998.828,998.828,-337.562,384.598,-2348.51,-384.871,99.4624,99.4624,1875.99,628.653,2490.8,1776.74,173.785,173.785,263.304,263.406,2082.74,2082.74,2275.63,1191.08,1727.72,976.193,574.127,182.462,182.462,-24.1905,-27.5443,0,-685.127,-762.224,0,15.7658,875.723,875.723,-3.46407,461.558,-396.312,-398.385,43.5524,-431.342,-420.996,1505.66,-2426.57,-6238.3,-1267.92,-503.063,-503.063,262.535,1893.56,1893.56,912.762,906.182,1.36709e-06,0,626.079,626.079,0,1.20707e-06,0,1479.28,0,-876.226,1.41479e-11,1.36545e-08,2.11609e-08,-1095.14,-938.473,-938.473,0,-208.187,-208.187,2.17425e-08,0,1506.69,2353.73,2353.73,2353.73,2619.4,0,-1.13113e-09,0,545.528,545.528,545.528,0,-718.877,-212.149,-212.149,-60.3415,1.36515e-06,-30.1718,-30.1718,-1.50023e-11,-1.34468e-10,-9.29923e-11,1.04787e-08,73.2418,72.6982,119.047,0,5.00953e-10,-7.19875e-12,-3370.37,-3370.37,-3370.37,0,0,0,0,1.68758e-10,2.36668e-06,3081.94,3081.94,3.47505e-07,-5868.42,-879.145,-1285.51,0,1.60537e-07,-1078.19,-2788.25,2.03718e-06,-20495.4,-11254.7,-3191.95,-3045.35,45.8499,3282.95,3282.95,2.97437e-06,-81545.6,854.829,1.23445e-05,1.11159e-05,1048.09,1684.53,4161.55,6.56369e-06,1.08549e-06,1.28332e-06,573.138,4.50252e-07,5.54718e-05,0.000105344,7373.09,0.000454583,4843.11,9.12149e-06,806.23,2189.4,1.63623e-06,1601.88,4.35558e-07,2076.2,-3645.11,4.13022e-08,8.56804e-07,-2916.59,-2916.59,9.72784e-08,13.4888,13.4888,3.00983e-06,324.637,0,3.60961e-07,-2851.22,-6914.92,0,0
2020-08-01 09:00:00 UTC,-2898.17,-841.67,3036.01,-496.812,-496.812,-266.409,1037.73,1186.36,-1464.86,-1464.86,1805.01,1455.9,-6191.67,0.318727,798.266,1412.63,2715.91,859.097,-4821.25,-677.324,185.357,-2454.31,-2454.31,-2208.84,-2922.25,-853.426,-583.864,327.981,77.8186,1804.92,-629.227,-629.227,-1409.37,-780.3,-780.3,-4869.37,2864.28,2873.48,-9753.29,-9753.29,3222.44,5886.06,2882.96,1778.47,4309.94,-5959.73,-8533.78,-8596.66,-9084.96,206.278,-1494.73,-1494.73,281.604,-325.895,-611.992,269.352,269.352,-2479.58,1019.48,520.972,1446.44,-1853.49,-1998.92,925.322,925.322,-340.083,-389.605,364.844,364.844,366.213,2219.39,-1609.47,804.734,804.734,31.7902,31.7902,14.33,10.4129,22.9895,-81.1975,-172.429,126.517,-9.02203,-8.4141,1.02279,-37.2727,-19.134,413.753,413.753,69.1624,69.1624,68.4919,68.4919,-807.594,-807.594,-807.594,282.188,282.188,92.6291,-219.414,-95.172,-95.172,154.06,154.06,-350.259,-136.711,-1777.69,0.23,0.23,-1529.13,-1529.13,-1529.13,4409.9,-1159.67,-1159.67,-1213.22,-1213.22,-0.316,363.714,363.714,-107.334,-107.334,-5106.22,-5106.22,4831.11,4831.11,0,-206.42,-2136.04,-893.242,1957.82,1957.82,-1665.1,8913.46,3906.67,-1718.64,-5059.26,-5059.26,1243.09,1243.09,-4330.64,-4330.64,451.184,1097.15,6858.15,2887.1,2138.34,2138.34,-1338.42,-1338.42,-1338.42,3387.25,3387.25,-4307.21,6.48287e-07,6.48287e-07,1597.57,-2978.72,-2978.72,4312.5,-1490.9,1222.2,0,2714.02,1178.98,-4019.54,-2989.22,-2989.22,-415.025,230.774,-44.974,-3169.37,-3169.37,-2030.36,977.719,977.719,9830.97,-6242.41,-9823.78,8542.82,8605.84,9094.28,-12384.3,2503.1,-2382.51,8542.82,8605.84,9094.28,-9503.53,-5129.94,-2970.42,789.319,14204.1,2445.88,11660,28927.3,15913.5,15913.5,1893.47,-8794.31,790.894,1885.32,767.034,-915.897,945.185,-982.196,-841.924,-921.553,982.973,1005.64,988.396,-945.198,304.271,304.271,-882.988,3910.74,3910.74,-8663.99,831.224,1251.92,-958.691,733.942,2418.03,3892.65,3892.65,6514.4,8136.92,8592.09,16623.1,-8885.12,4693.93,-6510.83,1740.02,4691.23,8406.3,4928.93,4927.12,-1739.72,-8127.35,-8581.71,3542.2,3583.68,2560.1,2972.18,2360.9,2686.19,2026.91,2026.91,409.635,805.945,-1904.33,-2149.43,3775.53,-8131.73,-8131.73,-8586.6,-8586.6,-1526.54,-1526.54,93.2637,359.959,1200.09,1200.09,5061.64,5061.64,-4884.24,-4884.24,1306.36,-121.841,2801.83,-3380.26,14158.1,-14706.2,-16295.1,11078.5,-2798.68,3058.72,1911.13,-2661.17,100.794,100.794,945.694,945.694,-314.241,363.335,-2251.31,-365.522,86.5439,86.5439,1796.4,605.941,2358.27,1710.06,162.426,162.426,242.624,242.719,2018.78,2018.78,2198.43,1144.04,1660.53,920.329,513.26,172.899,172.899,-34.7404,-39.3484,0,-674.877,-750.776,0,3.29969,864.547,864.547,15.4133,401.193,-388.401,-390.433,54.3115,-441.966,-431.401,1454.18,-2404.21,-6131.32,-1232.97,-488.686,-488.686,256.305,1869.92,1869.92,895,888.548,1.35559e-06,0,667.563,667.563,0,1.11366e-06,0,1409.01,0,-853.405,0,1.37689e-08,2.21698e-08,-1071.46,-902.459,-902.459,0,-202.89,-202.89,2.10475e-08,0,1427.87,2233.46,2233.46,2233.46,2504.03,0,0,0,523.404,523.404,523.404,0,-706.305,-211.502,-211.502,-63.5782,1.26407e-06,-31.7902,-31.7902,3.2331e-10,5.54462e-10,-1.03534e-09,1.06395e-08,71.9691,71.4349,117.434,0,2.13487e-10,0,-3248.42,-3248.42,-3248.42,0,0,0,0,2.24389e-11,2.14887e-06,2987.02,2987.02,3.51715e-07,-5619.24,-844.577,-1234.97,0,1.41375e-07,-1049.77,-2681.6,2.01797e-06,-19769.2,-10870.6,-3105.2,-2960.67,44.9748,3177.98,3177.98,2.74699e-06,-78578.6,818.325,1.05143e-05,1.0332e-05,1020.96,1640.92,4053.81,6.08021e-06,1.03588e-06,1.19569e-06,568.176,4.06222e-07,5.15579e-05,0.000105232,7403.59,0.000448376,4685.39,9.09566e-06,793.607,2094.89,1.55703e-06,1541.18,4.29036e-07,2009.32,-3499.44,3.95185e-08,8.44253e-07,-2829.73,-2829.73,8.61313e-08,28.8663,28.8663,2.80163e-06,266.445,0,3.52705e-07,-2762.22,-6663.46,0,0
2020-08-01 10:00:00 UTC,-2916.74,-851.269,3137.67,-558.957,-558.957,-213.131,1084.33,1242.42,-1511.25,-1511.25,1741.51,1389.64,-6079.66,-29.1132,758.957,1393.88,2662.4,842.173,-4702.56,-655.378,260.872,-2389.82,-2389.82,-2168.05,-2898.44,-845.977,-573.827,317.944,86.0954,1765.82,-616.043,-616.043,-1378.76,-762.872,-762.872,-4752.57,2739.28,2748.08,-9405.19,-9405.19,3085.04,5677.73,2821.07,1740.3,4130.91,-5734.04,-8202.42,-8262.87,-8732.18,192.25,-1438.51,-1438.51,276.752,-311.313,-553.959,275.045,275.045,-2371.25,1008.99,499.946,1407.53,-1767.9,-1906.6,907.441,907.441,-348.286,-415.878,382.082,382.082,375.768,2185.05,-1576.22,788.109,788.109,37.2965,37.2965,14.5673,11.0108,22.0337,-77.9038,-162.219,120.659,-8.4733,-7.90235,1.65432,-35.2857,-15.7238,401.358,401.358,62.2977,62.2977,61.6956,61.6956,-784.71,-784.71,-784.71,268.964,268.964,92.7664,-208.122,-94.6863,-94.6863,145.633,145.633,-345.204,-131.189,-1739.55,0.23,0.23,-1488.15,-1488.15,-1488.15,4287.78,-1128.47,-1128.47,-1182.56,-1182.56,-0.316,354.855,354.855,-113.018,-113.018,-4980.88,-4980.88,4721.16,4721.16,0,-205.029,-2086.57,-871.06,1913.51,1913.51,-1618.81,8664.12,3797.37,-1672.89,-4931.43,-4931.43,1215.8,1215.8,-4223.04,-4223.04,443.76,1074.18,6606.14,2891.52,2077.65,2077.65,-1297.95,-1297.95,-1297.95,3271.38,3271.38,-4199.36,6.4835e-07,6.4835e-07,1546.77,-2875.22,-2875.22,4160.13,-1429.34,1182.31,0,2612.5,1155.03,-3864.51,-2884.87,-2884.87,-407.435,222.825,-45.267,-3109.06,-3109.06,-1952.7,939.328,939.328,9451.55,-5978.17,-9444.91,8210.78,8271.35,8740.79,-11875.9,2412.26,-2293.3,8210.78,8271.35,8740.79,-9175.52,-4922.13,-2752.02,829.833,13969.4,2373.99,11451.8,28430.4,15641.6,15641.6,1873.53,-8545.69,777.112,1866.14,752.832,-894.43,925.653,-961.821,-824.584,-902.558,966.489,988.776,971.82,-925.68,292.198,292.198,-864.715,3824.57,3824.57,-8462.2,802.949,1220.87,-938.841,722.281,2370.65,3792.51,3792.51,6405.36,8014.53,8462.85,16378.1,-8801.89,4602.41,-6401.91,1723.99,4599.82,8287.38,4859.2,4857.41,-1723.69,-8005.25,-8452.79,3488.93,3529.79,2529.24,2936.35,2330.39,2640.17,1994.92,1994.92,408.468,785.705,-1874.28,-2115.51,3731.94,-8009.5,-8009.5,-8457.53,-8457.53,-1510.58,-1510.58,90.8308,350.759,1191.44,1191.44,5012.6,5012.6,-4827.42,-4827.42,1270.68,-125.853,2782.69,-3344.3,14028.7,-14491.4,-16060,11005.8,-2779.59,2987.39,1874.65,-2617.91,104.319,104.319,909.858,909.858,-299.29,350.169,-2201.6,-356.648,77.2623,77.2623,1759.75,593.723,2299.2,1682.7,153.332,153.332,226.756,226.845,1980.11,1980.11,2150.63,1113.98,1616.32,880.103,465.142,166.196,166.196,-46.3021,-52.2928,0,-671.99,-747.485,0,-9.60488,864.779,864.779,35.5752,346.442,-386.734,-388.758,66.4255,-460.753,-449.775,1438.14,-2445.18,-6106.28,-1210.78,-480.645,-480.645,250.168,1884,1884,893.868,887.425,1.39568e-06,0,726.013,726.013,0,1.06902e-06,0,1361.19,0,-845.957,0,1.37674e-08,2.33449e-08,-1065.78,-882.908,-882.908,0,-202.01,-202.01,1.93266e-08,0,1356.54,2126.42,2126.42,2126.42,2432.08,0,0,0,493.219,493.219,493.219,0,-724.063,-223.063,-223.063,-74.59,1.21348e-06,-37.2965,-37.2965,2.45139e-10,1.89332e-10,-2.00699e-10,9.54848e-09,73.7089,73.1617,116.889,0,2.92621e-10,0,-3165.89,-3165.89,-3165.89,0,0,0,0,-1.1064e-10,2.03217e-06,2930.18,2930.18,3.5229e-07,-5426.39,-821.861,-1201.75,0,1.2792e-07,-1029.13,-2605.31,2.00514e-06,-19291,-10622,-3049.67,-2911.79,45.2678,3117.13,3117.13,2.61974e-06,-76615.5,798.037,9.57665e-06,9.92339e-06,1004.85,1615.03,3989.84,5.82089e-06,1.00404e-06,1.1507e-06,560.699,3.84836e-07,4.96999e-05,0.000104588,7398.22,0.000442257,4594.2,9.03666e-06,788.529,2045.99,1.51901e-06,1506.23,4.24574e-07,1980.89,-3435.68,3.94632e-08,8.42057e-07,-2775.92,-2775.92,8.07009e-08,44.0171,44.0171,2.69073e-06,213.154,0,3.66774e-07,-2703.87,-6491.72,0,0
2020-08-01 11:00:00 UTC,-2986.58,-876.666,3312.16,-634.38,-634.38,-166.756,1159.51,1331.26,-1580.38,-1580.38,1693.65,1347.48,-6059.23,-76.7916,735.076,1384.36,2661.58,841.912,-4647.95,-641.395,343.053,-2365.6,-2365.6,-2167.29,-2937.09,-856.629,-570.893,315.01,98.7795,1755.3,-611.907,-611.907,-1366.85,-755.089,-755.089,-4704.26,2650,2658.52,-9182.13,-9182.13,2988.02,5541.17,2800.22,1727.44,4006.17,-5554.59,-7977.74,-8036.53,-8492.97,181.087,-1400.49,-1400.49,277.078,-300.829,-500.28,285.592,285.592,-2293.32,1015.8,487.238,1387.26,-1703.62,-1837.27,899.887,899.887,-363.256,-451.814,407.535,407.535,392.694,2184.24,-1563.55,781.775,781.775,43.8914,43.8914,15.0385,11.8136,21.3423,-75.5534,-154.434,116.901,-8.44567,-7.87657,1.89597,-34.1767,-12.3186,394.661,394.661,55.8993,55.8993,55.3615,55.3615,-772.021,-772.021,-772.021,257.293,257.293,94.4952,-200.207,-95.7381,-95.7381,139.509,139.509,-347.631,-127.822,-1726.7,0.23,0.23,-1470.94,-1470.94,-1470.94,4235.38,-1113.94,-1113.94,-1171.62,-1171.62,-0.316,352.3,352.3,-123.022,-123.022,-4939.84,-4939.84,4692.46,4692.46,0,-208.293,-2073.56,-863.548,1902.05,1902.05,-1598.35,8554.98,3749.53,-1656.02,-4886.01,-4886.01,1210.29,1210.29,-4186.56,-4186.56,444.423,1069.52,6453.56,2954.6,2051.18,2051.18,-1279.03,-1279.03,-1279.03,3207.17,3207.17,-4161.32,6.48565e-07,6.48565e-07,1520.89,-2815.99,-2815.99,4069.6,-1391.61,1155.46,0,2547.87,1147.76,-3771.33,-2825.15,-2825.15,-406.295,218.642,-47.063,-3092.8,-3092.8,-1901.81,913.169,913.169,9199.47,-5795.91,-9193.17,7985.64,8044.55,8501.12,-11529.1,2356.11,-2235.1,7985.64,8044.55,8501.12,-8986.57,-4785.11,-2555.92,893.696,13982.7,2341.09,11444.5,28435.8,15644.6,15644.6,1884.75,-8440.2,782.182,1877.05,751.318,-892.369,922.146,-958.24,-821.343,-899.059,966.514,988.802,971.846,-922.205,284.844,284.844,-861.531,3799.71,3799.71,-8403.54,793.527,1210.78,-935.389,722.561,2367.35,3757.03,3757.03,6393.57,8037.27,8486.87,16448.1,-8878.61,4557.57,-6390.13,1756.23,4555.03,8325.01,4881.26,4879.47,-1755.92,-8027.94,-8476.75,3508.16,3549.24,2542.59,2951.85,2360.11,2624.53,2000.82,2000.82,427.598,763.342,-1879.82,-2121.77,3751.13,-8032.22,-8032.22,-8481.52,-8481.52,-1519.23,-1519.23,89.9041,347.473,1202.85,1202.85,5045.89,5045.89,-4835.48,-4835.48,1234.15,-138.546,2808.03,-3358.35,14121.7,-14545.5,-16129.6,11112.7,-2804.87,2962.09,1871.73,-2614.14,115.94,115.94,879.926,879.926,-273.864,339.811,-2166.89,-351.287,59.777,59.777,1751.72,586.189,2295.06,1692.16,140.91,140.91,207.843,207.924,1967.44,1967.44,2130.63,1097.91,1592.92,842.847,421.071,159.925,159.925,-57.9595,-65.3458,0,-668.827,-743.898,0,-22.2968,863.511,863.511,55.9167,300.49,-391.251,-393.299,78.7789,-486.494,-474.951,1460.2,-2550.13,-6199.25,-1206.29,-481.025,-481.025,244.899,1931.62,1931.62,905.359,898.833,1.47161e-06,0,800.217,800.217,0,1.06661e-06,0,1304.38,0,-856.608,0,1.42346e-08,2.67162e-08,-1083.89,-877.651,-877.651,0,-206.884,-206.884,1.86286e-08,0,1302.48,2045.18,2045.18,2045.18,2391.67,0,0,0,479.165,479.165,479.165,0,-755.96,-239.574,-239.574,-87.7784,1.18202e-06,-43.8914,-43.8914,3.35243e-10,9.80386e-10,-5.71241e-10,9.3587e-09,76.8249,76.2544,117.408,0,2.41618e-10,0,-3136.05,-3136.05,-3136.05,0,0,0,0,-1.84838e-10,1.99899e-06,2916.15,2916.15,3.51668e-07,-5305.65,-805.287,-1177.52,0,1.22144e-07,-1020.76,-2569.27,2.01161e-06,-19136.8,-10550.8,-3049.07,-2912.41,47.0639,3100.61,3100.61,2.61505e-06,-75943.7,775.727,9.63255e-06,1.00295e-05,1007.82,1619.8,4001.64,5.85438e-06,1.01775e-06,1.17398e-06,569.17,3.92618e-07,5.04872e-05,0.000107206,7520.94,0.000451021,4549.52,8.9109e-06,800.567,2010.57,1.51729e-06,1475.82,4.30338e-07,2000.91,-3437.1,3.8032e-08,8.45268e-07,-2763.81,-2763.81,7.65045e-08,61.2207,61.2207,2.61828e-06,166.77,0,4.02697e-07,-2687.77,-6421.58,0,0
2020-08-01 12:00:00 UTC,-3109.38,-915.684,3548.98,-718.187,-718.187,-142.24,1255.72,1443.57,-1671.18,-1671.18,1710.15,1337.87,-6189.62,-92.6054,725.285,1427.06,2704.12,855.367,-4727.07,-648.153,400.72,-2383.45,-2383.45,-2220.01,-3042.76,-887.127,-578.549,322.666,112.322,1786.9,-621.873,-621.873,-1387.49,-765.77,-765.77,-4771.49,2628.24,2636.69,-9204.71,-9204.71,2966.65,5566.94,2852.4,1759.62,3982.15,-5522.57,-7969.77,-8028.51,-8484.49,174.457,-1400.86,-1400.86,282.705,-298.432,-464.485,301.659,301.659,-2278.03,1044.36,486.06,1401.01,-1687.73,-1820.13,914.81,914.81,-386.102,-496.051,441.076,441.076,418.073,2237.5,-1587.68,793.839,793.839,51.0311,51.0311,15.8416,12.8345,21.2561,-75.3342,-151.149,116.3,-8.47883,-7.9075,2.34208,-33.8838,-9.55944,398.493,398.493,51.5382,51.5382,51.0446,51.0446,-779.995,-779.995,-779.995,253.062,253.062,98.5084,-197.889,-99.1825,-99.1825,137.346,137.346,-358.676,-127.917,-1758.86,0.23,0.23,-1485.8,-1485.8,-1485.8,4276.63,-1123.93,-1123.93,-1185.38,-1185.38,-0.316,357.066,357.066,-131.717,-131.717,-5001.01,-5001.01,4757.06,4757.06,0,-214.192,-2101.94,-873.456,1928.28,1928.28,-1613.27,8635.42,3784.79,-1674.71,-4943.38,-4943.38,1228.78,1228.78,-4237.42,-4237.42,454.001,1085.8,6466.23,3048.43,2070.57,2070.57,-1288.85,-1288.85,-1288.85,3221,3221,-4210.53,6.48339e-07,6.48339e-07,1529.01,-2824.54,-2824.54,4079.9,-1388.86,1160.39,0,2550.06,1165.01,-3773.28,-2833.53,-2833.53,-412.579,219.057,-49.47,-3136.99,-3136.99,-1901.8,911.894,911.894,9195.08,-5775.68,-9188.79,7977.66,8036.51,8492.62,-11500.4,2361.01,-2236.02,7977.66,8036.51,8492.62,-9018.99,-4778.45,-2467.24,952.233,14239.9,2361.49,11643,28940.4,15921.3,15921.3,1926.48,-8523.36,803.902,1917.64,762.886,-907.262,936.068,-973.365,-833.83,-912.762,983.312,1005.99,988.737,-936.339,285.429,285.429,-874.795,3850.29,3850.29,-8518.37,805.446,1225.06,-949.8,734.369,2405.65,3802.02,3802.02,6504.6,8189.51,8647.62,16778.3,-9083.13,4624.19,-6501.04,1798.63,4621.57,8486.12,4975.72,4973.9,-1798.3,-8179.82,-8637.12,3576.28,3618.16,2586.51,3002.83,2424.8,2671.91,2033.98,2033.98,454.765,765.882,-1910.97,-2156.93,3804.04,-8184.26,-8184.26,-8642.07,-8642.07,-1539.64,-1539.64,90.9405,351.577,1219.88,1219.88,5114.57,5114.57,-4895.05,-4895.05,1258.44,-137.874,2848.15,-3401.91,14281.6,-14822.5,-16447.4,11281.9,-2844.9,3014.08,1915.06,-2664.07,131.131,131.131,880.154,880.154,-267.122,342.257,-2215.35,-361.776,51.9791,51.9791,1810.27,599.265,2388.92,1758.52,133.119,133.119,198.503,198.581,1998.17,1998.17,2160.8,1110.57,1611.1,839.496,413.432,159.503,159.503,-65.8959,-74.2398,0,-672.513,-747.913,0,-30.0991,872.301,872.301,69.4101,278.791,-402.137,-404.243,87.5488,-512.22,-500.098,1531.17,-2717.62,-6369.82,-1221.62,-489.579,-489.579,243.124,2012.53,2012.53,936.392,929.642,1.59885e-06,0,885.672,885.672,0,1.13152e-06,0,1331.31,0,-887.105,0,1.40738e-08,3.0595e-08,-1124.89,-893.452,-893.452,0,-217.481,-217.481,1.92163e-08,0,1282.91,2021.95,2021.95,2021.95,2415.37,0,0,0,474.714,474.714,474.714,0,-804.186,-260.721,-260.721,-102.056,1.21631e-06,-51.0311,-51.0311,1.64111e-10,1.4049e-09,-2.57635e-10,9.10797e-09,81.6558,81.0492,119.589,0,3.658e-10,0,-3171.55,-3171.55,-3171.55,0,0,0,0,1.27942e-10,2.0738e-06,2960.4,2960.4,3.52935e-07,-5321.49,-809.825,-1184.16,0,1.24548e-07,-1034.55,-2590.95,2.03919e-06,-19375.5,-10690.8,-3099.44,-2963.34,49.471,3144.8,3144.8,2.73483e-06,-76866.4,778.448,1.0679e-05,1.05477e-05,1024.52,1646.64,4067.95,6.12038e-06,1.05754e-06,1.24148e-06,573.562,4.26846e-07,5.34481e-05,0.000111176,7699.97,0.000465133,4615.91,8.82628e-06,819.458,2055.17,1.58428e-06,1497.71,4.4376e-07,2071.6,-3561.51,3.93182e-08,8.61458e-07,-2808.07,-2808.07,7.96164e-08,67.6501,67.6501,2.68818e-06,142.25,0,4.66492e-07,-2722.11,-6483.4,0,0
2020-08-01 13:00:00 UTC,-3292.86,-964.258,3777.05,-756.063,-756.063,-196.821,1336.13,1534.82,-1765.02,-1765.02,1908.38,1434.34,-6671.92,-4.98791,765.873,1592.53,2848.25,900.953,-5147.68,-711.259,347.124,-2502.81,-2502.81,-2399.35,-3296.81,-961.544,-612.07,356.187,124.32,1921.04,-666.31,-666.31,-1488.26,-822.129,-822.129,-5126,2803.93,2812.94,-9890.63,-9890.63,3165.78,6017.03,3080.67,1900.42,4250.61,-5887.1,-8553.85,-8616.89,-9106.32,183.219,-1505.19,-1505.19,303.433,-319.086,-485.713,329.125,329.125,-2438.6,1129.02,519.882,1503.4,-1806.92,-1948.68,983.356,983.356,-424.516,-551.783,488.149,488.149,459.952,2415.78,-1701.04,850.519,850.519,57.8531,57.8531,17.3393,14.1903,22.8186,-80.8992,-161.264,124.834,-9.18537,-8.56642,2.61386,-36.3671,-9.21578,429.712,429.712,53.7298,53.7298,53.2159,53.2159,-841.558,-841.558,-841.558,269.826,269.826,107.361,-211.899,-107.948,-107.948,146.859,146.859,-390.261,-137.552,-1899.53,-0.002,-0.002,-1570.91,-1570.91,-1570.91,4526.19,-1188.11,-1188.11,-1251.32,-1251.32,0.003,376.745,376.745,-129.564,-129.564,-5274.46,-5274.46,5007.35,5007.35,0,-221.871,-2213.39,-920.403,2029.34,2029.34,-1707.2,9140.99,4006.4,-1770.41,-5217.78,-5217.78,1293.3,1293.3,-4470.78,-4470.78,477.38,1141.42,6903.3,3142.55,2193.25,2193.25,-1366.47,-1366.47,-1366.47,3427.45,3427.45,-4443.11,6.48343e-07,6.48343e-07,1618.46,-3004.9,-3004.9,4348.4,-1478.44,1249.65,0,2729.01,1234.38,-4022.09,-3014.92,-3014.92,-431.793,232.061,-52.728,-3309.45,-3309.45,-2038.43,978.685,978.685,9860.07,-6205.66,-9852.83,8562.94,8626.11,9115.69,-12347.3,2524.75,-2394.53,8562.94,8626.11,9115.69,-9609.44,-5121.9,-2750.14,943.863,14912.9,2501.99,12209,30316.4,16676.6,16676.6,2015.3,-9021.9,846.786,2004.75,798.008,-949.183,983.728,-1023.86,-876.985,-959.846,1030.01,1053.77,1035.7,-984.245,305.427,305.427,-919.378,4056.88,4056.88,-8986.48,857.748,1291.06,-998.201,767.69,2516.13,4013.77,4013.77,6853.65,8548.64,9026.86,17488.2,-9451.68,4949.35,-6849.7,1819.1,4946.35,8828.19,5176.29,5174.39,-1818.76,-8538.08,-9015.41,3701.31,3744.65,2676.78,3107.64,2519.26,2858.74,2102.16,2102.16,480.352,844.445,-1975.03,-2229.22,3923.81,-8542.92,-8542.92,-9020.8,-9020.8,-1577.96,-1577.96,97.9653,378.023,1238.71,1238.71,5230.35,5230.35,-5056.01,-5056.01,1439.18,-100.301,2909.2,-3495.91,14568.7,-15437.9,-17136.3,11539.4,-2905.81,3269.44,2066.4,-2815.13,140.828,140.828,989.012,989.012,-325.137,389.178,-2468.28,-413.981,83.5699,83.5699,2023.43,659.901,2729.76,1940.09,151.758,151.758,238.602,238.695,2121.63,2121.63,2309.97,1201.58,1736.3,959.273,531.749,180.878,180.878,-58.7405,-66.263,0,-707.493,-786.652,0,-19.685,932.883,932.883,54.9065,339.983,-423.3,-425.516,81.0758,-520.624,-508.247,1682.19,-2920.75,-6598.26,-1277.87,-513.063,-513.063,252.468,2128.56,2128.56,997.61,990.418,1.76885e-06,0,931.98,931.98,0,1.38108e-06,0,1583.42,0,-961.517,0,1.44015e-08,3.72957e-08,-1216.76,-960.521,-960.521,0,-240.238,-240.238,1.99892e-08,0,1365.49,2162.38,2162.38,2162.38,2605.63,0,0,0,508.971,508.971,508.971,0,-884.481,-289.085,-289.085,-115.699,1.48068e-06,-57.8531,-57.8531,-4.48933e-11,-3.47179e-10,8.95801e-11,1.02603e-08,89.7319,89.0652,123.214,0,2.49168e-10,0,-3348.62,-3348.62,-3348.62,0,0,0,0,4.85884e-10,2.39742e-06,3126.22,3126.22,3.60496e-07,-5693.16,-872.137,-1275.27,0,1.46676e-07,-1098.2,-2747.9,2.09398e-06,-20432.7,-11265.1,-3240.64,-3103.73,52.7291,3317.99,3317.99,3.09454e-06,-81125.2,857.5,1.36957e-05,1.16941e-05,1058.86,1701.84,4204.31,6.65245e-06,1.13673e-06,1.35092e-06,569.213,4.87657e-07,5.93845e-05,0.000116561,7920.89,0.000487154,4939.86,8.74677e-06,832.065,2301.15,1.78538e-06,1645.85,4.56795e-07,2236.13,-3954.55,4.265e-08,8.84904e-07,-2968.03,-2968.03,1.00223e-07,35.2091,35.2091,3.24314e-06,196.84,0,5.58128e-07,-2862.94,-6854.93,0,0
2020-08-01 14:00:00 UTC,-3472.27,-1006.08,3871.81,-693.527,-693.527,-375.945,1347.14,1541.96,-1828.88,-1828.88,2203.31,1643.92,-7363.29,95.4352,875.36,1767.84,3101.94,981.189,-5762.62,-810.39,144.132,-2715.96,-2715.96,-2627.27,-3591.58,-1047.09,-656.975,401.092,129.085,2099.72,-729.805,-729.805,-1650.73,-921.141,-921.141,-5680.46,3246.6,3257.04,-11311,-11311,3642.71,6921.15,3426.64,2113.81,4857.57,-6622.68,-9867.21,-9939.91,-10504.6,231.023,-1727.33,-1727.33,328.037,-373.874,-676.056,326.985,326.985,-2848.5,1193.29,588.1,1694.61,-2127.14,-2294.08,1106.31,1106.31,-426.643,-516.747,471.695,471.695,460.646,2649.98,-1889.82,944.908,944.908,47.1914,47.1914,17.2774,12.9418,26.487,-93.6602,-197.339,146.629,-10.4518,-9.74749,1.74829,-43.018,-19.6757,481.941,481.941,76.032,76.032,75.2979,75.2979,-940.558,-940.558,-940.558,308.159,308.159,112.015,-253.015,-115.075,-115.075,177.101,177.101,-431.375,-159.249,-2112.7,-1.754,-1.754,-1744.48,-1744.48,-1744.48,5029.04,-1323.25,-1323.25,-1383.31,-1383.31,2.406,418.408,418.408,-106.352,-106.352,-5806.68,-5806.68,5470.5,5470.5,0,-229.956,-2419.07,-1003.35,2214.06,2214.06,-1894.45,10166.9,4456.13,-1954.51,-5760.16,-5760.16,1416.1,1416.1,-4931.36,-4931.36,524.951,1246.54,7884.18,3168.79,2438.8,2438.8,-1521.82,-1521.82,-1521.82,3878.49,3878.49,-4905.08,6.48285e-07,6.48285e-07,1802.68,-3401.5,-3401.5,4932.09,-1697.29,1429.78,0,3128.24,1349.01,-4603.96,-3417.51,-3417.51,-470.37,251,-57.902,-3603.8,-3603.8,-2344.88,1128.28,1128.28,11350.8,-7218.5,-11341.2,9879.31,9952.18,10517.1,-14310.6,2883.81,-2741.12,9879.3,9952.18,10517.1,-10897,-5924.07,-3542.62,820.214,15976.8,2793.57,13135.6,32517.1,17877.5,17877.5,2134.2,-10060,939.106,2115.47,853.218,-1026.39,1066.58,-1116.31,-952.094,-1042.28,1101.66,1127.08,1107.74,-1069.23,353.651,353.651,-999.129,4429.89,4429.89,-9882.02,994.23,1406.96,-1084.84,815.249,2696.32,4433.09,4433.09,7406.94,9082.23,9590.31,18512.9,-9880.23,5498.04,-7402.32,1817.84,5494.34,9322.16,5465.92,5463.92,-1817.51,-9070.31,-9577.39,3864.89,3910.16,2813.06,3265.85,2633.23,3171.19,2194.27,2194.27,504.203,993.842,-2061.58,-2326.9,4099.46,-9075.77,-9075.77,-9583.48,-9583.48,-1636.72,-1636.72,107.329,413.247,1270.27,1270.27,5410.58,5410.58,-5327.62,-5327.62,1756.45,-28.9888,2994.81,-3649.41,15049.6,-16347.6,-18133.5,11869.4,-2991.21,3707.21,2316.16,-3048.76,146.38,146.38,1196.17,1196.17,-437.838,477.46,-2902.89,-502.533,148.703,148.703,2376.22,764.948,3303,2227.72,194.321,194.321,323.074,323.198,2324.04,2324.04,2563.47,1363.63,1959.51,1179.46,775.284,218.91,218.91,-27.5388,-31.3675,0,-744.57,-827.811,0,18.2398,990.935,990.935,-1.21518,527.723,-450.387,-452.741,49.6998,-492.977,-481.125,1910.31,-3077.53,-6797.05,-1354.78,-550.21,-550.21,255.138,2239.17,2239.17,1079.88,1072.09,1.92446e-06,0,883.233,883.233,0,1.81366e-06,0,1857.66,0,-1047.06,0,1.36843e-08,4.03413e-08,-1328.27,-1049.86,-1049.86,0,-265.07,-265.07,2.37778e-08,0,1638.74,2559.43,2559.43,2559.43,2915.41,0,0,0,624.85,624.85,624.85,0,-887.302,-276.127,-276.127,-94.3778,1.94307e-06,-47.1914,-47.1914,7.73858e-12,1.31132e-09,2.4613e-10,1.47989e-08,90.2735,89.6031,133.518,0,1.48694e-10,0,-3684.32,-3684.32,-3684.32,0,0,0,0,8.19111e-10,3.05833e-06,3403.54,3403.54,3.4417e-07,-6477.62,-991.128,-1449.25,0,2.0828e-07,-1201.37,-3059.21,2.09024e-06,-22446,-12315.4,-3457.73,-3315.04,57.9034,3615.23,3615.23,3.75383e-06,-89477.7,1008.42,1.94837e-05,1.34768e-05,1105.25,1776.41,4388.53,7.35189e-06,1.25138e-06,1.49771e-06,542.204,5.86339e-07,6.78594e-05,0.000121537,8070.47,0.000516457,5486.33,8.63641e-06,837.223,2726.08,2.14253e-06,1906.15,4.72172e-07,2489.45,-4591.83,5.07327e-08,9.19705e-07,-3230.49,-3230.49,1.40759e-07,-29.7168,-29.7168,4.15135e-06,376.015,0,6.46419e-07,-3093.59,-7555.64,0,0
2020-08-01 15:00:00 UTC,-3605.47,-1033.74,3811.44,-547.891,-547.891,-616.801,1288.77,1466.69,-1843.74,-1843.74,2482.52,1912.13,-8052.76,144.78,1030.84,1878.9,3417.64,1081.04,-6377.31,-911.268,-124.987,-2985.89,-2985.89,-2820.01,-3839.32,-1116.87,-695.607,439.724,130.137,2253.18,-791.607,-791.607,-1839.08,-1047.74,-1047.74,-6277.54,3819.86,3832.15,-12976.9,-12976.9,4252.17,7897.86,3777.01,2329.9,5620.67,-7518.09,-11426.1,-11510.3,-12164.3,298.946,-1984.96,-1984.96,362.604,-442.04,-923.246,318.068,318.068,-3349.17,1260.07,671.372,1943.86,-2512.72,-2709.99,1272.22,1272.22,-412.773,-447.832,430.303,430.303,443.449,2877.24,-2085.05,1042.52,1042.52,30.6129,30.6129,16.4834,10.5996,30.735,-108.479,-240.447,171.137,-12.0331,-11.2223,0.0074417,-50.8001,-34.0807,535.638,535.638,105.326,105.326,104.301,104.301,-1046.88,-1046.88,-1046.88,354.586,354.586,112.309,-300.537,-119.482,-119.482,212.584,212.584,-465.648,-182.758,-2328.56,-7.455,-7.455,-1960.17,-1960.17,-1960.17,5636.95,-1492.38,-1492.38,-1551.26,-1551.26,10.235,478.594,478.594,-75.1449,-75.1449,-6469.3,-6469.3,6030.96,6030.96,0,-242.653,-2666.84,-1088.42,2433.31,2433.31,-2113.26,11413.6,5002.64,-2172.15,-6436.44,-6436.44,1578.89,1578.89,-5512.11,-5512.11,602.197,1384.09,9085.15,3137.91,2731.17,2731.17,-1701.21,-1701.21,-1701.21,4429.82,4429.82,-5486.35,6.48444e-07,6.48444e-07,2007.33,-3876.5,-3876.5,5615.92,-1969.44,1636.19,0,3607.16,1471.99,-5330.83,-3908.22,-3908.22,-527.146,254.477,-67.828,-3922.71,-3922.71,-2712.01,1302.76,1302.76,13120.4,-8448.62,-13107.6,11442.3,11526.7,12181,-16677.2,3313.66,-3141.09,11442.3,11526.7,12181,-12452.7,-6913.95,-4510.05,657.599,17169.5,3156.39,14181.6,34964.2,19197.8,19197.8,2252.69,-11385.6,1101.95,2213.35,911.885,-1121.42,1160.28,-1233.1,-1036.73,-1136.68,1173.91,1201.01,1180.39,-1169.83,418.124,418.124,-1095.48,4857.35,4857.35,-10997.9,1222.13,1525.87,-1189.68,857.792,2892.86,4961.21,4961.21,7994.6,9648.57,10188.4,19600.4,-10248.7,6080.25,-7989.23,1816.09,6075.72,9846.51,5773.37,5771.25,-1815.76,-9635.12,-10173.8,4038.17,4085.47,2961.95,3438.71,2746.86,3500.79,2293.98,2293.98,522.371,1155.32,-2155.26,-2432.63,4301.59,-9641.29,-9641.29,-10180.6,-10180.6,-1705.49,-1705.49,117.66,452.183,1308.44,1308.44,5622.73,5622.73,-5635.26,-5635.26,2085.89,42.2628,3089.21,-3826,15616.5,-17305.9,-19188,12225,-3085.38,4156.72,2568.76,-3294.15,148.14,148.14,1409.73,1409.73,-558.718,567.361,-3352.19,-592.472,218.307,218.307,2734.98,874.457,3889.21,2516.83,240.072,240.072,410.419,410.575,2538.07,2538.07,2831.31,1534.65,2198.47,1400.65,1038.88,256.393,256.393,17.2173,18.7206,0,-762.02,-847.311,0,69.8227,1016.07,1016.07,-79.5094,776.431,-476.502,-478.989,3.49882,-441.567,-430.8,2139.61,-3147.59,-6950.54,-1402.39,-590.106,-590.106,222.89,2319.6,2319.6,1157.72,1149.38,2.00281e-06,0,754.964,754.964,0,2.32023e-06,0,2016.78,0,-1116.83,0,1.41905e-08,3.83994e-08,-1435.03,-1126.59,-1126.59,0,-284.91,-284.91,2.55296e-08,0,2009.88,3043.97,3043.97,3043.97,3249.22,0,0,0,783.579,783.579,783.579,0,-856.235,-246.905,-246.905,-61.2237,2.42919e-06,-30.6129,-30.6129,7.59087e-12,2.17425e-09,-5.31131e-10,1.97353e-08,86.8966,86.2518,154.505,0,-3.62249e-13,0,-4074.35,-4074.35,-4074.35,0,0,0,0,1.63386e-09,3.93698e-06,3702.95,3702.95,2.78882e-07,-7384.4,-1120.96,-1639.09,0,3.17065e-07,-1298.02,-3421.1,1.92663e-06,-24871,-13524,-3674.77,-3520.52,67.8299,3940.8,3940.8,4.6113e-06,-99875.8,1172.65,2.77075e-05,1.55856e-05,1155.47,1857.13,4587.95,8.12265e-06,1.39431e-06,1.67174e-06,519.833,7.15946e-07,7.71468e-05,0.000126057,8174.35,0.000549165,6065.93,8.59074e-06,846.427,3165.42,2.5693e-06,2180.68,4.9251e-07,2739.54,-5236.05,6.4148e-08,9.64668e-07,-3512.9,-3512.9,1.96482e-07,-98.219,-98.219,5.08663e-06,616.988,0,6.97228e-07,-3309.4,-8314.96,0,0
2020-08-01 16:00:00 UTC,-3708.81,-1053.39,3691.28,-377.258,-377.258,-865.474,1207.38,1364.17,-1813.25,-1813.25,2731.22,2197.43,-8697.8,173.102,1203.79,1953.32,3746.27,1184.97,-6956.3,-1007.51,-404.178,-3286.34,-3286.34,-2989.06,-4041.09,-1173.6,-730.631,474.748,125.877,2391.84,-851.475,-851.475,-2026.75,-1175.6,-1175.6,-6863.01,4431.69,4445.96,-14676.1,-14676.1,4903.89,8854.06,4108.14,2534.12,6438.59,-8469.28,-13021.8,-13117.7,-13863.2,372.308,-2248.12,-2248.12,401.331,-513.144,-1182.21,307.199,307.199,-3867.74,1330.38,761.777,2204.1,-2909.09,-3137.57,1441.99,1441.99,-392.117,-364.94,378.528,378.528,418.679,3086.63,-2279.72,1139.86,1139.86,11.718,11.718,15.548,8.05398,35.0798,-123.553,-285.074,196.375,-14.016,-13.0716,-2.34237,-59.11,-49.179,589.386,589.386,135.866,135.866,134.537,134.537,-1153.46,-1153.46,-1153.46,405.256,405.256,111.258,-349.572,-122.715,-122.715,249.261,249.261,-495.166,-206.599,-2532.53,-6.7925,-6.7925,-2167.66,-2167.66,-2167.66,6251.31,-1653.28,-1653.28,-1714.84,-1714.84,9.32903,538.416,538.416,-42.3366,-42.3366,-7124.89,-7124.89,6581.2,6581.2,0,-254.489,-2911.24,-1167.92,2648.23,2648.23,-2330.68,12657.4,5547.89,-2392.24,-7106.38,-7106.38,1743.9,1743.9,-6087.18,-6087.18,683.875,1522.36,10312,3064.55,3027.02,3027.02,-1882.72,-1882.72,-1882.72,4990.3,4990.3,-6060.25,6.48476e-07,6.48476e-07,2212.34,-4357.69,-4357.69,6308.93,-2248.85,1844.08,0,4094.87,1592.44,-6076.05,-4406.09,-4406.09,-585.535,252.614,-72.751,-4231.54,-4231.54,-3084.97,1483.6,1483.6,14930.4,-9713.82,-14913.8,13042.9,13139.1,13884.9,-19105.8,3748.81,-3550.57,13042.9,13139.1,13884.9,-14032.2,-7931.6,-5535.45,468.313,18277.2,3520.95,15164.2,37243.5,20425.2,20425.2,2354.92,-12716.7,1266.25,2293.64,968.406,-1207.1,1249.36,-1346.76,-1116.75,-1226.34,1240.26,1268.91,1247.11,-1266.4,485.049,485.049,-1188.55,5272.13,5272.13,-12098.4,1458.03,1637.28,-1291.04,897.112,3074.68,5486.95,5486.95,8559.32,10155,10723.2,20549.2,-10528.7,6676,-8553.16,1778.72,6670.54,10299.1,6038.74,6036.53,-1778.4,-10140.1,-10707,4175.95,4224.88,3087.25,3584.18,2824.98,3835.94,2376.96,2376.96,524.577,1326.97,-2233.22,-2520.62,4477.04,-10147,-10147,-10714.6,-10714.6,-1760.03,-1760.03,129.427,496.281,1329.59,1329.59,5781.88,5781.88,-5911.65,-5911.65,2447.6,125.929,3150.14,-3973.96,16024.4,-18134.1,-20106.1,12452.2,-3146.16,4599.04,2810.56,-3534.95,143.571,143.571,1628.03,1628.03,-696.384,658.238,-3824.79,-685.013,298.606,298.606,3094.82,987.063,4459.01,2796.32,290.226,290.226,501.468,501.658,2751.49,2751.49,3099.55,1706.83,2439.3,1633.31,1314.72,295.686,295.686,65.2233,72.4472,0,-781.826,-869.485,0,124.89,1039.57,1039.57,-163.591,1034.16,-501.775,-504.391,-46.1671,-383.315,-373.79,2355.53,-3187.03,-7028.12,-1439.06,-626.549,-626.549,186.59,2381.1,2381.1,1226.34,1217.5,2.03008e-06,0,597.763,597.763,0,2.79419e-06,0,2118.38,0,-1173.56,0,1.36444e-08,3.31967e-08,-1522.58,-1195.92,-1195.92,0,-300.29,-300.29,2.80713e-08,0,2403.25,3543.76,3543.76,3543.76,3584.04,0,0,0,956.004,956.004,956.004,0,-810.807,-210.988,-210.988,-23.4357,2.99242e-06,-11.718,-11.718,3.62511e-11,3.06248e-09,-9.37457e-10,2.74361e-08,81.9174,81.31,160.423,7.10313e-11,1.51355e-10,0,-4458.84,-4458.84,-4458.84,0,0,0,0,3.48968e-09,4.92902e-06,3994.19,3994.19,1.93084e-07,-8302.27,-1251.07,-1829.32,0,4.56588e-07,-1384.65,-3781.61,1.6229e-06,-27255.3,-14695.8,-3872.33,-3708.05,72.7532,4256.67,4256.67,5.53141e-06,-110175,1347.41,3.73164e-05,1.76046e-05,1197.26,1924.31,4753.91,8.7895e-06,1.52376e-06,1.81097e-06,491.639,8.3595e-07,8.55168e-05,0.000128084,8186.81,0.000570754,6658.73,8.57685e-06,849.372,3627.25,3.0819e-06,2481.17,5.19109e-07,2966.7,-5871.3,8.45069e-08,1.01856e-06,-3788.73,-3788.73,2.68456e-07,-175.252,-175.252,6.21322e-06,865.841,0,7.38607e-07,-3512.39,-9054.65,0,0
2020-08-01 17:00:00 UTC,-3799.81,-1067.04,3546.03,-209.559,-209.559,-1117.62,1111.32,1244.15,-1781.75,-1781.75,3015.36,2464.57,-9346.29,255.169,1357.72,2067.91,4030.25,1274.78,-7557.41,-1109.22,-705.954,-3570.49,-3570.49,-3165.34,-4192.81,-1218.02,-770.913,515.03,104.305,2549.84,-912.793,-912.793,-2206.81,-1294.4,-1294.4,-7450,5037.74,5053.97,-16385.2,-16385.2,5558.98,9837.24,4444.29,2741.43,7275.49,-9527.7,-14624.8,-14732.5,-15569.9,441.304,-2517.14,-2517.14,436.139,-583.6,-1438.75,295.6,295.6,-4385.4,1402.15,855.009,2437.22,-3308.55,-3568.5,1581.8,1581.8,-371.325,-279.682,325.503,325.503,393.671,3297.15,-2478.13,1239.07,1239.07,-7.55965,-7.55965,14.8796,5.80578,39.5541,-138.986,-329.324,221.47,-15.7947,-14.7304,-4.3937,-67.2122,-63.7285,645.918,645.918,165.868,165.868,164.24,164.24,-1266.05,-1266.05,-1266.05,463.98,463.98,110.804,-398.28,-126.206,-126.206,285.659,285.659,-520.024,-230.461,-2739.57,-11.463,-11.463,-2376.41,-2376.41,-2376.41,6849.65,-1814.99,-1814.99,-1877,-1877,15.7451,597.837,597.837,-7.97536,-7.97536,-7762.99,-7762.99,7114.6,7114.6,0,-265.468,-3150,-1250.53,2855.95,2855.95,-2544.4,13884.1,6085.64,-2606.4,-7759.51,-7759.51,1900.14,1900.14,-6647.09,-6647.09,756.782,1652.57,11543.8,2966.04,3316.96,3316.96,-2063.13,-2063.13,-2063.13,5552.03,5552.03,-6619.97,6.48471e-07,6.48471e-07,2425.83,-4845.01,-4845.01,7013.24,-2537.04,2045.96,0,4585.38,1705.54,-6829.52,-4907.16,-4907.16,-638.855,256.539,-78.299,-4535.48,-4535.48,-3462.75,1662.4,1662.4,16748.5,-10995.8,-16727.6,14651.4,14759.5,15597.3,-21558.9,4189.01,-3955.22,14651.4,14759.5,15597.3,-15612.1,-8956.96,-6602.44,260.714,19318.9,3879.04,16097,39401.4,21587.4,21587.4,2446.69,-14014.6,1409.22,2366.62,1025.74,-1286.11,1336.11,-1453.98,-1194.41,-1313.01,1303.49,1333.6,1310.68,-1359.13,550.558,550.558,-1277.56,5677.89,5677.89,-13157.2,1675.35,1750.91,-1387.97,936.8,3251.01,5997.07,5997.07,9107.75,10624,11218.3,21412.6,-10766,7275.64,-9100.78,1720.74,7269.16,10707.4,6278.11,6275.81,-1720.44,-10607.7,-11200.7,4292.3,4342.59,3197.46,3712.14,2884.09,4172.17,2449.1,2449.1,519.592,1504.74,-2301,-2597.11,4635.53,-10615.1,-10615.1,-11209,-11209,-1805.57,-1805.57,142.062,543.49,1338.33,1338.33,5905.82,5905.82,-6164.37,-6164.37,2826.33,216.451,3202.6,-4101.92,16357.1,-18862.3,-20943.5,12659.5,-3198.48,5056.53,3056.88,-3769.28,134.988,134.988,1863.5,1863.5,-842.363,756.296,-4308.89,-778.992,386.409,386.409,3460.62,1102.32,5028.45,3074.23,346.707,346.707,601.56,601.787,2964.09,2964.09,3371.43,1885.02,2685.93,1890.77,1611.66,339.542,339.542,113.896,126.912,0,-812.395,-903.591,0,181.557,1081.34,1081.34,-249.498,1297.17,-524.92,-527.652,-96.1633,-320.871,-312.671,2561.83,-3209.82,-7061.83,-1483.2,-661.447,-661.447,160.877,2433.43,2433.43,1302.29,1292.9,2.0614e-06,0,447.371,447.371,0,3.35068e-06,0,2313.53,0,-1217.98,0,1.48358e-08,2.66506e-08,-1577.56,-1274.92,-1274.92,0,-309.645,-309.645,3.05379e-08,0,2769.13,4044.37,4044.37,4044.37,3937.26,0,0,0,1100.05,1100.05,1100.05,0,-765.006,-174.117,-174.117,15.1194,3.70447e-06,7.55965,7.55965,1.66365e-09,3.90427e-09,8.31521e-10,3.14462e-08,76.9581,76.388,174.867,0,-9.83324e-11,0,-4836.6,-4836.6,-4836.6,0,0,0,0,5.66809e-09,6.04547e-06,4281.47,4281.47,9.49083e-08,-9216.39,-1379.84,-2017.59,0,6.48239e-07,-1465.17,-4137.18,1.22818e-06,-29578.6,-15836.2,-4064.19,-3886.76,78.3016,4566.59,4566.59,6.52044e-06,-120190,1527.96,4.84473e-05,1.96011e-05,1233.59,1982.71,4898.18,9.38947e-06,1.64041e-06,1.92697e-06,460.618,9.33672e-07,9.34529e-05,0.000130684,8244.52,0.0005907,7255.14,8.42622e-06,843.004,4102.51,3.66444e-06,2794.68,5.47505e-07,3190.2,-6510.42,1.09241e-07,1.08484e-06,-4061.36,-4061.36,3.58534e-07,-262.6,-262.6,7.62883e-06,1118.23,0,7.74759e-07,-3716.56,-9798.67,0,0
2020-08-01 18:00:00 UTC,-3848.77,-1069.57,3377.88,-51.885,-51.885,-1342.08,1012.38,1121.36,-1708.38,-1708.38,3254.04,2699.2,-9875.1,311.927,1494.63,2147.12,4276.36,1352.61,-8050.95,-1193.45,-978.276,-3834.65,-3834.65,-3299.76,-4249.41,-1236.12,-805.651,549.768,69.5326,2684.64,-962.958,-962.958,-2351.41,-1388.89,-1388.89,-7955.47,5585.93,5603.93,-17875.9,-17875.9,6157.28,10661.3,4720.28,2911.64,8048.56,-10578.1,-16021.3,-16139.3,-17056.8,500.728,-2753.88,-2753.88,468.412,-645.12,-1656.27,288.253,288.253,-4837.28,1473.67,940.114,2643.72,-3655.93,-3943.27,1703.12,1703.12,-350.868,-200.508,275.688,275.688,369.27,3467.26,-2643.86,1321.93,1321.93,-24.8869,-24.8869,14.4907,4.08025,43.4945,-152.493,-366.17,242.074,-16.9258,-15.7854,-5.75451,-73.6453,-75.8533,695.348,695.348,191.3,191.3,189.417,189.417,-1366.92,-1366.92,-1366.92,523.634,523.634,110.078,-438.582,-128.717,-128.717,315.842,315.842,-532.29,-250.097,-2909.55,-16.4915,-16.4915,-2553.73,-2553.73,-2553.73,7357.12,-1949.83,-1949.83,-2014.29,-2014.29,22.6522,646.644,646.644,21.5092,21.5092,-8302.48,-8302.48,7565.71,7565.71,0,-273.934,-3351.97,-1321.43,3032.26,3032.26,-2727.08,14928.6,6543.57,-2791.53,-8311.88,-8311.88,2031.31,2031.31,-7119.82,-7119.82,814.848,1761.25,12616.1,2865.74,3565.29,3565.29,-2221.28,-2221.28,-2221.28,6039.63,6039.63,-7091.63,6.48743e-07,6.48743e-07,2613.53,-5268.91,-5268.91,7629.9,-2790.78,2220.5,0,5014.06,1801.36,-7488.87,-5340.59,-5340.59,-683.466,262.484,-90.919,-4795.28,-4795.28,-3795.9,1814.78,1814.78,18333.5,-12119.9,-18308.5,16053.3,16171.7,17089.7,-23705.1,4575.52,-4304.09,16053.3,16171.7,17089.7,-16987,-9852.71,-7552.95,67.6942,20169.1,4186.87,16865.1,41167.3,22537,22537,2518.67,-15120.9,1520.61,2424.07,1069.9,-1355.37,1410.11,-1541.75,-1260.6,-1386.47,1354.32,1385.63,1361.8,-1436.84,606.293,606.293,-1351.66,6023.32,6023.32,-14049.4,1853.39,1849.54,-1468.64,967.03,3394.93,6431.46,6431.46,9563.33,10997.6,11612.9,22085.6,-10927.4,7788.33,-9555.64,1657.57,7780.91,11023.1,6463.24,6460.88,-1657.29,-10980.2,-11594,4375.13,4426.41,3282.29,3810.64,2915.04,4461.47,2503.82,2503.82,504.892,1661.8,-2352.42,-2655.14,4757.89,-10988.2,-10988.2,-11602.9,-11602.9,-1839.68,-1839.68,152.788,583.505,1340.07,1340.07,5993.87,5993.87,-6373.45,-6373.45,3162.46,299.021,3238.6,-4202.86,16585.6,-19445.4,-21592.5,12804.4,-3234.39,5438.25,3259.13,-3964.63,124.851,124.851,2062.01,2062.01,-970.812,838.666,-4725.18,-857.42,464.536,464.536,3769.31,1199.01,5506.33,3304.71,396.126,396.126,687.74,687.998,3142.13,3142.13,3599.81,2035.23,2894.15,2102.33,1860.8,375.538,375.538,158.076,176.356,0,-832.137,-925.678,0,231.889,1110.2,1110.2,-326.968,1531.7,-543.989,-546.817,-142.019,-262.568,-255.629,2731.61,-3213.45,-7049.76,-1523.89,-689.446,-689.446,145.531,2459.17,2459.17,1360.96,1351.15,2.04532e-06,0,304.464,304.464,0,3.91198e-06,0,2448.28,0,-1236.08,0,1.43655e-08,1.99933e-08,-1588.63,-1342.32,-1342.32,0,-309.627,-309.627,3.57712e-08,0,3086.47,4479.09,4479.09,4479.09,4253.41,0,0,0,1206.54,1206.54,1206.54,0,-720.147,-139.58,-139.58,49.7751,4.35269e-06,24.8869,24.8869,1.99616e-09,5.20471e-09,7.64759e-10,3.51717e-08,72.1056,71.5721,186.745,0,-1.13953e-10,0,-5160.61,-5160.61,-5160.61,0,0,0,0,9.08907e-09,7.14791e-06,4522.02,4522.02,2.38881e-08,-10010.6,-1491.42,-2180.73,0,8.65226e-07,-1531.52,-4444.45,8.51464e-07,-31544,-16797.4,-4219.22,-4030.47,90.9226,4830.68,4830.68,7.41862e-06,-128667,1687.21,5.92078e-05,2.13023e-05,1261.16,2027.01,5007.63,9.85329e-06,1.73572e-06,2.01734e-06,428.538,1.01486e-06,9.96026e-05,0.000132587,8289.83,0.000604854,7764.84,8.29766e-06,838.03,4511.63,4.2334e-06,3077.89,5.81066e-07,3368.58,-7045.37,1.40247e-07,1.14306e-06,-4285.11,-4285.11,4.50445e-07,-332.509,-332.509,8.93172e-06,1342.96,0,7.97666e-07,-3890.35,-10430.6,0,0
2020-08-01 19:00:00 UTC,-3835.86,-1057.45,3191.31,78.1283,78.1283,-1493.69,918.862,1007.31,-1566.93,-1566.93,3395.06,2884.45,-10191.9,335.518,1610.17,2166.15,4460.56,1410.86,-8357.22,-1247.74,-1168.31,-4049.05,-4049.05,-3393.93,-4242.29,-1236.11,-833.224,577.341,30.425,2790.62,-1000.58,-1000.58,-2447.11,-1447,-1447,-8310.35,5963.78,5983.02,-18880.9,-18880.9,6574.28,11214.5,4890.62,3016.69,8594.28,-11405.5,-16972.3,-17097.2,-18069.3,540.831,-2916.25,-2916.25,486.016,-687.07,-1814.01,277.898,277.898,-5147.28,1512.21,997.807,2767.68,-3897.95,-4204.38,1769.34,1769.34,-328.368,-129.796,229.082,229.082,343.126,3565.01,-2749.67,1374.83,1374.83,-39.2344,-39.2344,14.05,2.66476,46.2418,-161.87,-391.127,255.234,-17.0121,-15.8658,-6.07424,-77.3558,-84.863,727.843,727.843,209.851,209.851,207.781,207.781,-1434.83,-1434.83,-1434.83,570,570,108.301,-465.109,-129.237,-129.237,335.947,335.947,-532.207,-262.62,-3014.44,-23.5585,-23.5585,-2678.64,-2678.64,-2678.64,7702.53,-2042.87,-2042.87,-2111.96,-2111.96,32.3593,682.197,682.197,38.2957,38.2957,-8679.05,-8679.05,7881.8,7881.8,0,-282.156,-3493.01,-1368.37,3155.2,3155.2,-2849.37,15648.5,6859.2,-2918.45,-8695.78,-8695.78,2125.47,2125.47,-7450.43,-7450.43,858.489,1838.98,13360.4,2784.27,3735.01,3735.01,-2329.59,-2329.59,-2329.59,6378.81,6378.81,-7420.22,6.48603e-07,6.48603e-07,2745.08,-5561.87,-5561.87,8054.55,-2972.2,2331.71,0,5306.99,1862.72,-7953.83,-5640.1,-5640.1,-716.369,263.639,-94.886,-4967.88,-4967.88,-4020.65,1921.86,1921.86,19417.3,-12895.5,-19389.3,17008.2,17133.6,18106.3,-25181.3,4837.3,-4545.39,17008.2,17133.6,18106.3,-17936.7,-10475.5,-8211.08,-64.4551,20731.3,4401.75,17374.6,42329.2,23160,23160,2562.37,-15896.1,1600.86,2456.86,1097.45,-1407.13,1459.03,-1601.87,-1304.51,-1435.35,1386.95,1419.02,1394.61,-1488.97,646.507,646.507,-1401.6,6258.78,6258.78,-14667.2,1982.72,1915.26,-1523.06,982.916,3490.35,6736.68,6736.68,9861.49,11234.9,11863.4,22511.6,-11003.6,8129.95,-9853.32,1609.3,8121.86,11219.1,6578.14,6575.73,-1609.04,-11216.6,-11843.7,4426.54,4478.42,3333.29,3869.85,2930.3,4647.28,2538.97,2538.97,491.826,1767.31,-2385.45,-2692.41,4833.46,-11225,-11225,-11853,-11853,-1859.14,-1859.14,160.292,611.475,1339.23,1339.23,6042.27,6042.27,-6502.49,-6502.49,3381.91,353.21,3255.96,-4263.14,16701.2,-19808.3,-21997.8,12878,-3251.71,5667.92,3372.85,-4093.62,111.468,111.468,2184.89,2184.89,-1061.77,887.538,-4988.84,-904.875,519.585,519.585,3949.24,1258.74,5790.35,3429.54,430.303,430.303,743.531,743.809,3259.69,3259.69,3748.02,2130.7,3028.94,2234.73,2014.18,398.207,398.207,188.14,210.003,0,-847.003,-942.341,0,265.321,1131.67,1131.67,-379.807,1689.17,-554.616,-557.496,-173.58,-220.187,-214.177,2817.87,-3168.56,-7015.9,-1546.72,-706.753,-706.753,133.717,2446.66,2446.66,1385.17,1375.19,1.97745e-06,0,181.223,181.223,0,4.20998e-06,0,2490.23,0,-1236.07,0,1.42772e-08,1.44396e-08,-1573.26,-1395.31,-1395.31,0,-303.86,-303.86,4.09235e-08,0,3293.98,4781.84,4781.84,4781.84,4466.54,0,0,0,1251.25,1251.25,1251.25,0,-671.503,-108.047,-108.047,78.4723,4.78651e-06,39.2344,39.2344,2.19116e-09,7.14666e-09,1.05971e-09,3.88274e-08,67.1013,66.6053,200.072,0,8.19602e-11,0,-5381.57,-5381.57,-5381.57,0,0,0,0,1.11959e-08,7.97036e-06,4680.25,4680.25,2.87612e-09,-10543.8,-1557.36,-2277.15,0,1.03257e-06,-1565.54,-4652.67,5.92933e-07,-32894.9,-17439,-4314.52,-4121.53,94.8899,5006.4,5006.4,8.06364e-06,-134562,1794.36,6.72592e-05,2.24575e-05,1278.86,2055.47,5077.93,1.01738e-05,1.79458e-06,2.08028e-06,409.643,1.0687e-06,0.0001036,0.000133559,8313.29,0.00061211,8104.35,8.33769e-06,838.589,4770.21,4.63078e-06,3267.91,6.04605e-07,3453.99,-7347.57,1.61219e-07,1.18448e-06,-4430.83,-4430.83,5.22553e-07,-376.648,-376.648,9.81684e-06,1494.78,0,7.89069e-07,-4000.66,-10840.9,0,0
2020-08-01 20:00:00 UTC,-3857.57,-1058.64,3033.91,195.148,195.148,-1618.74,834.221,904.16,-1499.05,-1499.05,3499.6,3044.25,-10478.4,335.33,1712.48,2178.16,4639.93,1467.58,-8625.51,-1291.99,-1311.33,-4267.82,-4267.82,-3508.61,-4276.81,-1248.53,-863.636,607.753,-2.75126,2908.39,-1038.69,-1038.69,-2528.65,-1490.46,-1490.46,-8635.5,6227.71,6247.8,-19602.4,-19602.4,6876.77,11591,5035.53,3106.05,9006.9,-12097.6,-17624,-17753.7,-18763.2,561.008,-3031.49,-3031.49,505.72,-713.771,-1880.55,289.204,289.204,-5347.97,1579.34,1044,2858.7,-4049.68,-4368.08,1814.13,1814.13,-332.901,-119.272,226.087,226.087,347.346,3663.43,-2823.53,1411.76,1411.76,-42.7296,-42.7296,14.7133,2.90824,48.0688,-168.243,-403.685,262.817,-17.0782,-15.9275,-5.87256,-79.3767,-87.8417,754.5,754.5,217.597,217.597,215.449,215.449,-1492.67,-1492.67,-1492.67,606.746,606.746,110.641,-479.451,-132.324,-132.324,346.473,346.473,-533.607,-270.409,-3103.67,-25.698,-25.698,-2763.69,-2763.69,-2763.69,7947.37,-2102.13,-2102.13,-2180.54,-2180.54,35.2994,708.118,708.118,44.6998,44.6998,-8948.84,-8948.84,8111.21,8111.21,0,-290.708,-3597.4,-1402.63,3244.39,3244.39,-2934.26,16155.3,7081.37,-3012.66,-8968.37,-8968.37,2195.65,2195.65,-7686.03,-7686.03,888.833,1895.36,13890.5,2727.09,3857.09,3857.09,-2409.43,-2409.43,-2409.43,6622.86,6622.86,-7651.75,6.48472e-07,6.48472e-07,2843.49,-5770.69,-5770.69,8357.69,-3108.88,2399.39,0,5511.58,1899.67,-8293.84,-5852.3,-5852.3,-741.177,264.832,-96.409,-5087.88,-5087.88,-4178.32,1993.33,1993.33,20165.1,-13442.3,-20134.8,17662.7,17793,18803.1,-26215.1,5021.42,-4708.62,17662.7,17793,18803.1,-18609.2,-10917.4,-8672.84,-153.163,21123.7,4555.68,17729.1,43137.7,23593.3,23593.3,2589.89,-16452.2,1658.9,2476.4,1116.76,-1444.07,1492.66,-1644.2,-1335.44,-1469.61,1409.39,1441.99,1417.17,-1525.18,675.743,675.743,-1436.09,6424.37,6424.37,-15105.9,2077.37,1963.04,-1560.63,993.399,3557.23,6956.87,6956.87,10070.3,11396.1,12033.7,22803.5,-11046.6,8373.39,-10061.8,1570.9,8364.81,11347.9,6653.67,6651.24,-1570.66,-11377.4,-12013.4,4459.29,4511.56,3363.4,3904.82,2940.37,4779.03,2561.27,2561.27,483.852,1841.67,-2406.39,-2716.05,4874.9,-11386,-11386,-12023,-12023,-1867.24,-1867.24,165.756,631.775,1333.15,1333.15,6056.68,6056.68,-6577.62,-6577.62,3543.72,394.979,3257.24,-4293.55,16725.5,-20034.5,-22270.6,12888.1,-3252.99,5823.16,3448.91,-4184.99,101.688,101.688,2268.92,2268.92,-1127.71,920.862,-5178.79,-939.459,559.582,559.582,4077.98,1298.01,5998.7,3518.24,453.809,453.809,781.596,781.888,3344.09,3344.09,3852.71,2196.77,3123.65,2325.66,2122.9,413.641,413.641,211.861,236.557,0,-853.689,-949.915,0,290.769,1140.23,1140.23,-421.191,1818.92,-564.651,-567.582,-198.885,-188.86,-183.548,2880.9,-3126.23,-6982.6,-1560.82,-717.8,-717.8,125.702,2458.11,2458.11,1417.67,1407.45,1.94806e-06,0,67.9467,67.9467,0,4.44177e-06,0,2501.62,0,-1248.49,0,1.46518e-08,8.18784e-09,-1571.48,-1454.2,-1454.2,0,-302.475,-302.475,4.39951e-08,0,3409.34,4967.37,4967.37,4967.37,4646.44,0,0,0,1258.54,1258.54,1258.54,0,-680.255,-104.501,-104.501,85.4632,5.08675e-06,42.7296,42.7296,2.15105e-09,5.64274e-09,9.02169e-10,3.75855e-08,67.7531,67.2523,205.047,0,3.36925e-10,0,-5539.2,-5539.2,-5539.2,0,0,0,0,1.21986e-08,8.57655e-06,4791.26,4791.26,3.2058e-09,-10902.4,-1593.26,-2329.63,0,1.17444e-06,-1579.52,-4797.12,4.22174e-07,-33851.7,-17882.2,-4379.81,-4184.73,96.4131,5128.27,5128.27,8.5313e-06,-138761,1869.51,7.34088e-05,2.32812e-05,1290.09,2073.52,5122.52,1.04077e-05,1.82562e-06,2.11985e-06,393.525,1.0985e-06,0.00010658,0.000133522,8306.49,0.000613151,8346.24,8.41056e-06,837.805,4956.35,4.93713e-06,3408.27,6.22738e-07,3510.21,-7563.14,1.78276e-07,1.21519e-06,-4533.98,-4533.98,5.8236e-07,-408.7,-408.7,1.04293e-05,1620.02,0,7.74559e-07,-4076.97,-11116.1,0,0
2020-08-01 21:00:00 UTC,-3880.6,-1060.51,2871.41,304.56,304.56,-1706.75,750.783,802.039,-1480.85,-1480.85,3599.53,3170.21,-10725.3,367.93,1790.38,2215.69,4772.14,1509.39,-8869.1,-1331.89,-1419.97,-4449.35,-4449.35,-3615.96,-4320.54,-1263.63,-891.222,635.339,-29.7762,3015.5,-1072.19,-1072.19,-2595.17,-1523.52,-1523.52,-8910.03,6415.54,6436.24,-20135.6,-20135.6,7100.53,11865.1,5158.06,3181.62,9324.31,-12658.4,-18084.3,-18217.4,-19253.3,568.983,-3116.38,-3116.38,524.35,-730.886,-1896.29,310.588,310.588,-5480.59,1657.05,1082.12,2928.51,-4147.02,-4473.1,1845.78,1845.78,-350.814,-138.972,244.893,244.893,366.615,3753.83,-2878.34,1439.17,1439.17,-40.7607,-40.7607,15.9292,4.01066,49.3193,-172.745,-409.657,267.569,-17.29,-16.125,-5.54271,-80.6413,-87.5499,777.62,777.62,219.275,219.275,217.108,217.108,-1542.52,-1542.52,-1542.52,636.608,636.608,115.38,-487.444,-136.775,-136.775,351.968,351.968,-537.112,-275.809,-3179.11,-25.004,-25.004,-2824.65,-2824.65,-2824.65,8133.99,-2141.18,-2141.18,-2230.88,-2230.88,34.3464,726.671,726.671,43.6773,43.6773,-9155.32,-9155.32,8293.41,8293.41,0,-299.285,-3681.98,-1433.03,3316.1,3316.1,-2999.27,16535.1,7247.91,-3088.96,-9174.4,-9174.4,2249.87,2249.87,-7863.74,-7863.74,908.219,1937.9,14279.3,2705.32,3951.99,3951.99,-2472.33,-2472.33,-2472.33,6805.42,6805.42,-7824.53,6.4847e-07,6.4847e-07,2921.5,-5924.79,-5924.79,8581.48,-3213.85,2439.95,0,5657.26,1924.98,-8547.95,-6007.34,-6007.34,-759.086,270.054,-92.959,-5180.98,-5180.98,-4288.61,2045.77,2045.77,20696.4,-13832.8,-20664.5,18125,18258.7,19295.3,-26952.2,5150.14,-4827.97,18125,18258.7,19295.3,-19102.5,-11236.6,-8988.65,-204.031,21452.2,4671.85,18019.2,43805,23953.2,23953.2,2616.68,-16871.7,1700.62,2497.95,1128.8,-1481.99,1519.07,-1676.49,-1359.96,-1496.63,1429.14,1462.2,1437.03,-1553.25,697.908,697.908,-1462.6,6555.39,6555.39,-15443.6,2144.62,2005.51,-1589.46,998.779,3612.75,7126.72,7126.72,10238.3,11540.4,12186.1,23068,-11109.9,8553.68,-10229.4,1553.74,8544.72,11466.9,6723.43,6720.97,-1553.49,-11521.2,-12165.2,4506.12,4558.94,3391.2,3937.1,2953.46,4870.85,2593.53,2593.53,471.144,1893.86,-2436.7,-2750.26,4908.74,-11530,-11530,-12175.1,-12175.1,-1877.31,-1877.31,169.735,646.603,1334.13,1334.13,6083.13,6083.13,-6643.19,-6643.19,3649.51,420.535,3263.22,-4324.8,16755.7,-20238.2,-22520.4,12919.1,-3258.95,5928.82,3494.39,-4256.35,89.1183,89.1183,2327.92,2327.92,-1174.76,941.927,-5298.62,-959.183,588.283,588.283,4148.3,1320.92,6107.17,3559.84,472.79,472.79,810.143,810.445,3409.34,3409.34,3931.89,2245.33,3195.08,2392.84,2197.24,425.268,425.268,229.798,256.635,0,-864.732,-962.321,0,310.375,1154.45,1154.45,-452.896,1912.15,-570.086,-573.043,-217.862,-162.392,-157.669,2901.31,-3095.14,-6983.26,-1575.88,-726.419,-726.419,123.526,2470.56,2470.56,1443.46,1433.05,1.91749e-06,0,-40.2981,-40.2981,0,4.58513e-06,0,2571.2,0,-1263.58,0,1.33386e-08,6.17307e-09,-1573.17,-1507.75,-1507.75,0,-302.753,-302.753,4.69387e-08,0,3470.63,5082.55,5082.55,5082.55,4800.52,0,0,0,1251.73,1251.73,1251.73,0,-717.438,-115.061,-115.061,81.525,5.32118e-06,40.7607,40.7607,1.77365e-09,6.82725e-09,2.37439e-09,3.62957e-08,71.2987,70.7716,203.169,0,-2.32898e-11,0,-5661.55,-5661.55,-5661.55,0,0,0,0,1.31218e-08,9.08177e-06,4877.07,4877.07,1.45357e-08,-11153.6,-1612.99,-2358.47,0,1.27527e-06,-1585.68,-4903.85,3.09571e-07,-34586.6,-18223.2,-4431.52,-4241.6,92.9628,5222.38,5222.38,8.92674e-06,-141962,1921.78,7.88401e-05,2.40379e-05,1306.34,2099.64,5187.05,1.07923e-05,1.85588e-06,2.17729e-06,386.679,1.14485e-06,0.000109368,0.000134289,8338.26,0.000616184,8525.34,8.5343e-06,843.237,5073.33,5.15109e-06,3507.54,6.3854e-07,3531.34,-7674.07,1.90431e-07,1.23751e-06,-4613.43,-4613.43,6.314e-07,-432.7,-432.7,1.09392e-05,1708.17,0,7.53365e-07,-4139.84,-11317,0,0
2020-08-01 22:00:00 UTC,-3866.6,-1050.42,2783.53,321.201,321.201,-1737.44,700.221,741.782,-1367.2,-1367.2,3698.32,3232.36,-10869.6,458.559,1821.11,2286.75,4802.74,1519.07,-9041.07,-1362.4,-1488.95,-4536.62,-4536.62,-3685.09,-4326.89,-1267.82,-910.397,654.514,-53.6061,3089.51,-1093.2,-1093.2,-2626.87,-1534.22,-1534.22,-9067.6,6508.05,6529.05,-20427.3,-20427.3,7220.44,12034.8,5232.9,3227.77,9507.81,-13023.7,-18326.6,-18461.5,-19511.3,566.903,-3165.49,-3165.49,532.813,-738.305,-1888.11,327.175,327.175,-5544.11,1711.62,1105.98,2954.94,-4195.47,-4525.38,1848.34,1848.34,-366.417,-159.022,262.719,262.719,383.52,3808.66,-2910.67,1455.33,1455.33,-38.2097,-38.2097,17.0205,5.13633,50.0338,-175.351,-411.54,270.03,-17.4247,-16.2507,-5.1388,-81.2288,-86.0946,793.791,793.791,218.312,218.312,216.154,216.154,-1576.1,-1576.1,-1576.1,657.969,657.969,120.012,-490.95,-140.501,-140.501,354.112,354.112,-539.021,-278.965,-3225.19,-22.8905,-22.8905,-2857.63,-2857.63,-2857.63,8245.46,-2158.16,-2158.16,-2259.26,-2259.26,31.4413,737.136,737.136,39.3674,39.3674,-9277.88,-9277.88,8404.03,8404.03,0,-305.759,-3735.52,-1454.33,3360,3360,-3038.05,16754.7,7344.17,-3139.14,-9295.07,-9295.07,2282.15,2282.15,-7967.53,-7967.53,915.088,1960.88,14496.3,2700,4011.15,4011.15,-2509.82,-2509.82,-2509.82,6909.62,6909.62,-7923.33,6.4834e-07,6.4834e-07,2975.45,-6014.39,-6014.39,8713.54,-3279.47,2452.29,0,5735.32,1935.8,-8694.75,-6094.42,-6094.42,-767.64,277.598,-92.808,-5242.78,-5242.78,-4347.69,2073.24,2073.24,20978.9,-14045.9,-20946.1,18368.5,18503.9,19554.4,-27351.2,5219.69,-4890.58,18368.5,18503.9,19554.4,-19375.7,-11412.3,-9158.26,-223.84,21654.9,4736.99,18194.9,44212.6,24175.2,24175.2,2637.18,-17107.6,1716.54,2517.12,1135.51,-1507.39,1534.98,-1693.66,-1375.04,-1512.89,1441.97,1475.33,1449.93,-1569.32,709.367,709.367,-1477.3,6637.08,6637.08,-15638,2173.51,2035.74,-1605.39,1001.17,3647.36,7224.66,7224.66,10346.4,11633.1,12283.9,23234.3,-11166.3,8670,-10337.4,1542.43,8660.8,11541,6766.88,6764.41,-1542.19,-11613.5,-12262.7,4550.56,4603.89,3396.68,3943.46,2948.51,4922.1,2629.38,2629.38,441.724,1928.72,-2470.39,-2788.28,4907.36,-11622.5,-11622.5,-12272.7,-12272.7,-1874.42,-1874.42,173.851,661.8,1322.42,1322.42,6064.13,6064.13,-6663.64,-6663.64,3718.86,438.434,3234.33,-4325.28,16660.3,-20351.5,-22672.8,12805.2,-3230.14,5978.34,3507.87,-4301.78,76.1027,76.1027,2358.77,2358.77,-1207.55,951.201,-5365.48,-967.209,608.189,608.189,4170.74,1332.1,6128.88,3562.36,486.263,486.263,828.047,828.356,3450.77,3450.77,3979.48,2272.29,3236.44,2428.36,2228.2,431.567,431.567,237.572,265.332,0,-879.131,-978.425,0,319.571,1169.59,1169.59,-467.294,1949.17,-571.272,-574.235,-225.783,-148.969,-144.544,2891.09,-3037.13,-6995.51,-1591.42,-731.447,-731.447,129.036,2458.51,2458.51,1471.35,1460.74,1.95614e-06,0,-58.2102,-58.2102,0,4.63539e-06,0,2732.14,0,-1267.77,0,1.60031e-08,3.43012e-09,-1561.07,-1544.75,-1544.75,0,-300.423,-300.423,5.1649e-08,0,3478.54,5135.95,5135.95,5135.95,4903.85,0,0,0,1230.91,1230.91,1230.91,0,-749.947,-125.52,-125.52,76.4227,5.4734e-06,38.2097,38.2097,2.41888e-09,7.38179e-09,1.26821e-09,3.37511e-08,74.6014,74.0497,196.702,0,2.16409e-10,0,-5732.11,-5732.11,-5732.11,0,0,0,0,1.34987e-08,9.43566e-06,4930.73,4930.73,2.68527e-08,-11282.2,-1617.97,-2365.75,0,1.33889e-06,-1583.13,-4961.84,2.52784e-07,-35017.5,-18418.7,-4462.59,-4280.53,92.8118,5283.74,5283.74,9.16637e-06,-143824,1955.97,8.24283e-05,2.47e-05,1324.4,2128.66,5258.75,1.13361e-05,1.86291e-06,2.23673e-06,387.96,1.16525e-06,0.000111323,0.000131134,8203.27,0.000605193,8640.89,8.72133e-06,850.041,5137.15,5.28875e-06,3575.92,6.54525e-07,3519.72,-7698.8,1.9926e-07,1.24937e-06,-4660.04,-4660.04,6.68437e-07,-442.286,-442.286,1.12951e-05,1738.92,0,7.25675e-07,-4184.09,-11434,0,0
2020-08-01 23:00:00 UTC,-3891.71,-1058.82,2777.39,300.573,300.573,-1702.01,689.549,729.741,-1355.57,-1355.57,3694.18,3232.59,-10885.7,467.638,1821.92,2303.27,4811.52,1521.84,-9054.91,-1362.84,-1447.42,-4589.96,-4589.96,-3729.12,-4366.9,-1280.35,-920.095,664.212,-57.3243,3127.68,-1101.19,-1101.19,-2624.09,-1523.44,-1523.44,-9096.65,6445.01,6465.81,-20300.9,-20300.9,7165.67,11978.4,5235.66,3229.47,9458.21,-13030.4,-18184.3,-18318.1,-19359.8,551.171,-3147.43,-3147.43,531.242,-729.46,-1831.17,341.354,341.354,-5486.22,1735.3,1103.42,2932.14,-4151.02,-4477.42,1828.11,1828.11,-383.854,-193.032,288.443,288.443,402.903,3820.84,-2904.15,1452.07,1452.07,-32.3913,-32.3913,17.9365,6.38998,49.6561,-174.183,-405.118,267.81,-17.214,-16.0541,-4.31264,-80.2903,-82.1665,796.165,796.165,211.66,211.66,209.568,209.568,-1578.06,-1578.06,-1578.06,657.798,657.798,124.933,-485.344,-143.607,-143.607,349.436,349.436,-543.072,-277.72,-3226.89,-19.1785,-19.1785,-2848.78,-2848.78,-2848.78,8236.1,-2144.11,-2144.11,-2254.58,-2254.58,26.3422,734.192,734.192,25.7469,25.7469,-9273.71,-9273.71,8414.77,8414.77,0,-310.437,-3743.76,-1462.85,3366,3366,-3035.62,16723,7330.3,-3146.08,-9284.95,-9284.95,2281.87,2281.87,-7958.46,-7958.46,905.874,1957.68,14427.8,2757.24,4010.96,4010.96,-2508.23,-2508.23,-2508.23,6887.38,6887.38,-7910.17,6.48321e-07,6.48321e-07,2982.78,-5994.1,-5994.1,8683.22,-3278.06,2416.08,0,5697.68,1924.47,-8667.12,-6068.57,-6068.57,-763.478,287.783,-89.182,-5247.58,-5247.58,-4315.95,2059.09,2059.09,20829.1,-13948.5,-20796.8,18225.5,18359.9,19402.3,-27160.5,5184.94,-4861.15,18225.5,18359.9,19402.3,-19289.3,-11343.4,-9040.52,-172.841,21724.5,4725.67,18238.5,44326.6,24241.6,24241.6,2655.45,-17072.8,1706.92,2538.16,1129.47,-1531.59,1537.43,-1690.75,-1377.29,-1514.71,1447.72,1481.2,1455.71,-1569.74,706.187,706.187,-1476.85,6646.35,6646.35,-15633,2154.6,2048.68,-1604.82,993.708,3658.17,7219.73,7219.73,10361.7,11683.6,12337.3,23351.8,-11256.5,8648.22,-10352.6,1576.18,8639.07,11595.3,6798.7,6796.22,-1575.93,-11663.9,-12315.9,4598.59,4652.48,3404.34,3952.36,2965.4,4901.18,2661.42,2661.42,432.173,1916.27,-2500.48,-2822.25,4904.08,-11672.9,-11672.9,-12326,-12326,-1878.25,-1878.25,173.511,660.59,1326.67,1326.67,6078.07,6078.07,-6668.42,-6668.42,3680.44,425.924,3229.42,-4331.64,16677.7,-20431.2,-22776.1,12775.8,-3225.24,5944.35,3481.92,-4302.7,69.9643,69.9643,2339.88,2339.88,-1192.31,940.607,-5307.62,-951.097,599.483,599.483,4108.72,1315.38,6018.15,3509.07,485.566,485.566,822.054,822.36,3448.8,3448.8,3970.8,2261.79,3223.91,2411.81,2186.11,429.672,429.672,229.131,255.871,0,-900.812,-1002.52,0,309.926,1201.97,1201.97,-454.174,1916.75,-572.348,-575.316,-217.054,-163.573,-158.81,2840.4,-3008.56,-7076.3,-1603.98,-732.492,-732.492,139.542,2475.27,2475.27,1492.08,1481.32,2.0314e-06,0,-37.5725,-37.5725,0,4.5432e-06,0,2757.77,0,-1280.3,0,1.43276e-08,5.17195e-09,-1570.53,-1563.84,-1563.84,0,-303.412,-303.412,5.26615e-08,0,3411.09,5074.65,5074.65,5074.65,4908.58,0,0,0,1193.89,1193.89,1193.89,0,-786.768,-142.013,-142.013,64.785,5.48478e-06,32.3913,32.3913,1.37052e-09,6.08157e-09,6.31218e-10,3.36906e-08,78.7277,78.1452,188.532,0,8.23806e-11,0,-5728.35,-5728.35,-5728.35,0,0,0,0,1.29569e-08,9.51201e-06,4930.63,4930.63,1.94276e-08,-11198,-1589.25,-2323.76,0,1.31536e-06,-1566.26,-4944.18,2.73582e-07,-35002.6,-18411.3,-4463.93,-4300.18,89.1856,5286.99,5286.99,9.22119e-06,-143703,1942.17,8.363e-05,2.51831e-05,1340.54,2154.6,5322.82,1.18249e-05,1.87686e-06,2.31836e-06,398.865,1.19263e-06,0.000113024,0.000129519,8118.97,0.000602499,8619.25,8.8362e-06,864.024,5077.96,5.24043e-06,3560.15,6.65491e-07,3481.87,-7584.51,1.94946e-07,1.24759e-06,-4655.76,-4655.76,6.69453e-07,-430.48,-430.48,1.13126e-05,1703.43,0,7.03539e-07,-4193.74,-11408.4,0,0
2020-08-02 00:00:00 UTC,-3847.71,-1050.45,2820.19,217.783,217.783,-1571.77,720.065,768.207,-1344.52,-1344.52,3588.4,3108.95,-10605,483.251,1746.67,2288.7,4658.37,1473.41,-8811.59,-1323.31,-1308.45,-4486.34,-4486.34,-3666.69,-4295.14,-1260.9,-906.773,650.89,-54.0095,3075.08,-1076.8,-1076.8,-2540.08,-1463.8,-1463.8,-8843.33,6174.59,6194.5,-19557.9,-19557.9,6882.12,11575.3,5093.03,3141.52,9109.34,-12597.3,-17485.8,-17614.5,-18616.1,516.647,-3034.06,-3034.06,512.584,-697.752,-1714.42,345.978,345.978,-5258.12,1708.64,1068.2,2815.75,-3978.57,-4291.36,1746.99,1746.99,-392.768,-226,309.384,309.384,413.471,3729.25,-2820.21,1410.1,1410.1,-25.0135,-25.0135,18.4404,7.61248,47.7758,-167.731,-386.989,258.379,-16.876,-15.7389,-3.65085,-77.3973,-75.3357,776.445,776.445,197.978,197.978,196.023,196.023,-1533.73,-1533.73,-1533.73,636.356,636.356,127.266,-466.233,-143.21,-143.21,334.887,334.887,-535.494,-269.021,-3139.08,-13.88,-13.88,-2767.27,-2767.27,-2767.27,8017.67,-2075.93,-2075.93,-2192.42,-2192.42,19.0641,709.455,709.455,0.709921,0.709921,-9043.69,-9043.69,8238.47,8238.47,0,-310.569,-3667.81,-1444.66,3299.57,3299.57,-2959.36,16262.2,7128.26,-3075.83,-9044,-9044,2224.06,2224.06,-7750.73,-7750.73,868.887,1907.24,13915.5,2868.5,3908.6,3908.6,-2442.2,-2442.2,-2442.2,6662.18,6662.18,-7699.81,6.48448e-07,6.48448e-07,2915.27,-5802.34,-5802.34,8404.74,-3168.3,2315.2,0,5486.83,1879.6,-8361.22,-5866.33,-5866.33,-738.673,299.167,-88.199,-5141.14,-5141.14,-4151.28,1982.87,1982.87,20042.7,-13391.1,-20012.8,17523.9,17653.1,18655.3,-26097.1,4994.89,-4691.06,17523.9,17653.1,18655.3,-18641.1,-10903.5,-8532.04,-41.114,21467,4585.96,17984.6,43782.5,23954.7,23954.7,2643.3,-16563.5,1640.47,2537,1113.08,-1523,1512.18,-1651.42,-1354.01,-1488.07,1434.51,1467.68,1442.42,-1539.76,677.346,677.346,-1447.24,6512.26,6512.26,-15243.3,2050.84,2024.77,-1572.5,984.002,3623.45,7030.72,7030.72,10181.4,11607.3,12256.7,23278.8,-11316.6,8373.33,-10172.7,1668.71,8364.74,11563,6779.77,6777.29,-1668.43,-11587.8,-12235.6,4637.67,4692.01,3389.66,3935.32,3001.81,4741.01,2680.64,2680.64,447.07,1816.35,-2518.54,-2842.64,4866.77,-11596.8,-11596.8,-12245.6,-12245.6,-1876.03,-1876.03,167.89,639.846,1336.75,1336.75,6082.56,6082.56,-6590.48,-6590.48,3461.3,365.085,3217.89,-4306.67,16654.1,-20307,-22694.6,12715.6,-3213.74,5737.22,3369.4,-4218.67,73.0954,73.0954,2222.53,2222.53,-1100.98,889.397,-5033.22,-893.552,544.128,544.128,3894.04,1250.22,5661.15,3349.81,458.067,458.067,769.997,770.285,3365.42,3365.42,3857.21,2181.92,3116.66,2286.32,2025.95,408.809,408.809,202.972,226.591,0,-901.738,-1003.51,0,280.143,1201.69,1201.69,-409.171,1782.7,-561.792,-564.707,-189.903,-198.013,-192.501,2714.6,-2992.92,-7186.75,-1611.68,-723.932,-723.932,164.445,2449.08,2449.08,1464.81,1454.25,2.05254e-06,0,38.6769,38.6769,0,4.12739e-06,0,2759.2,0,-1260.85,0,1.60415e-08,7.59031e-09,-1534.95,-1537.54,-1537.54,0,-298.41,-298.41,4.97011e-08,0,3231.18,4855.54,4855.54,4855.54,4769.13,0,0,0,1127.74,1127.74,1127.74,0,-806.251,-156.721,-156.721,50.0285,5.07919e-06,25.0135,25.0135,3.35796e-09,4.36327e-09,8.53346e-10,3.10868e-08,81.2183,80.6171,175.809,0,6.31821e-11,0,-5594.66,-5594.66,-5594.66,0,0,0,0,1.11838e-08,8.97721e-06,4828.45,4828.45,2.19843e-09,-10804.2,-1526.04,-2231.34,0,1.1699e-06,-1532,-4805.31,4.23436e-07,-34184,-18025.7,-4428.61,-4266.97,88.2024,5176.72,5176.72,8.85581e-06,-140018,1839.94,7.93234e-05,2.51034e-05,1350.22,2170.16,5361.28,1.22304e-05,1.87904e-06,2.40625e-06,433.305,1.21267e-06,0.000113434,0.000127366,8016.07,0.000596832,8346.17,9.00009e-06,889.087,4805.12,4.86767e-06,3396.31,6.65988e-07,3376.66,-7213.77,1.70529e-07,1.22173e-06,-4557.4,-4557.4,6.11242e-07,-383.328,-383.328,1.04724e-05,1572.98,0,6.72473e-07,-4143.49,-11149.5,0,0
2020-08-02 01:00:00 UTC,-3785.6,-1041.62,2991.6,60.6672,60.6672,-1354.55,824.903,896.753,-1385.35,-1385.35,3386.07,2870.97,-10095.7,474.591,1601.61,2244.52,4385.84,1387.23,-8351.09,-1246.78,-1063.13,-4246.68,-4246.68,-3525.79,-4171.82,-1226.38,-874.308,618.425,-35.6042,2947.83,-1027.17,-1027.17,-2392.5,-1365.79,-1365.79,-8355.78,5690.6,5708.94,-18214.3,-18214.3,6363.11,10830.3,4831.74,2980.39,8452.67,-11724,-16228.6,-16348,-17277.5,460.583,-2825.46,-2825.46,481.673,-642.174,-1516.73,351.445,351.445,-4852.31,1649.6,999.056,2620.25,-3668.58,-3956.91,1620.7,1620.7,-406.603,-284.745,345.674,345.674,430.192,3562.52,-2668.91,1334.46,1334.46,-11.6335,-11.6335,18.9942,9.39169,44.3407,-155.821,-354.646,240.822,-16.2104,-15.1181,-2.69406,-72.0814,-64.0119,735.891,735.891,174.741,174.741,173.018,173.018,-1447.28,-1447.28,-1447.28,591.256,591.256,128.969,-431.37,-141.102,-141.102,308.618,308.618,-521.055,-252.366,-2978.19,-7.4985,-7.4985,-2605.16,-2605.16,-2605.16,7565.92,-1949.3,-1949.3,-2065.12,-2065.12,10.298,659.755,659.755,-30.8971,-30.8971,-8553.95,-8553.95,7841.13,7841.13,0,-302.643,-3491.94,-1394.09,3147.23,3147.23,-2801.56,15326.6,6718.08,-2917.37,-8540.45,-8540.45,2098.67,2098.67,-7315.93,-7315.93,801.141,1801.94,12942.9,3005.07,3692,3692,-2307,-2307,-2307,6222.52,6222.52,-7265.29,6.48347e-07,6.48347e-07,2763.05,-5427.76,-5427.76,7866.28,-2942.17,2155.71,0,5100.81,1799.57,-7763.44,-5477.08,-5477.08,-689.908,310.434,-80.263,-4917.35,-4917.35,-3853.44,1843.88,1843.88,18616.4,-12371.6,-18590.6,16261.4,16381.3,17311.3,-24156.4,4649.4,-4378.25,16261.4,16381.3,17311.3,-17407.6,-10085.1,-7657.89,148.037,20780.9,4306.19,17354.7,42366.5,23201.6,23201.6,2592.12,-15534.4,1505.22,2506.14,1076.34,-1477.94,1452.99,-1568.03,-1299.64,-1426.71,1397.68,1429.98,1405.39,-1472.76,623.134,623.134,-1382.11,6218.98,6218.98,-14423.4,1850.36,1955.64,-1501.52,961.843,3519.29,6634.18,6634.18,9798.15,11339.9,11974.4,22829.1,-11273.6,7895.98,-9790.07,1766.27,7888.35,11357.7,6659.45,6657.01,-1765.95,-11321.4,-11954.3,4608.77,4662.77,3332.69,3869.17,3006.88,4476.06,2656.76,2656.76,468.071,1656.46,-2496.1,-2817.32,4774.22,-11329.9,-11329.9,-11963.8,-11963.8,-1856.59,-1856.59,157.56,601.473,1343.13,1343.13,6039.75,6039.75,-6424.23,-6424.23,3132.25,280.157,3191.36,-4235.64,16509.9,-19911.2,-22261.7,12598.4,-3187.28,5384.83,3187.05,-4053.46,86.8732,86.8732,2026.6,2026.6,-963.134,807.958,-4623.69,-812.317,460.211,460.211,3594.88,1155.74,5186.36,3134.65,407.506,407.506,681.715,681.971,3207.92,3207.92,3650.41,2042.19,2925.62,2070.89,1775.82,372.126,372.126,160.865,179.471,0,-877.899,-976.896,0,231.611,1168.27,1168.27,-335.023,1557.96,-543.447,-546.271,-146.443,-253.707,-246.998,2560.13,-3026.34,-7262.48,-1608.72,-702.016,-702.016,205.455,2413.61,2413.61,1398.57,1388.49,2.04666e-06,0,184.078,184.078,0,3.56265e-06,0,2707.24,0,-1226.34,0,1.46408e-08,1.04151e-08,-1480.42,-1473.91,-1473.91,0,-291.383,-291.383,4.66053e-08,0,2933.45,4465.32,4465.32,4465.32,4497.84,0,0,0,1027.46,1027.46,1027.46,0,-836.807,-182.327,-182.327,23.2673,4.37129e-06,11.6335,11.6335,1.22452e-09,3.32577e-09,2.12416e-10,2.66251e-08,84.859,84.2305,158.428,0,1.69538e-10,0,-5316,-5316,-5316,0,0,0,0,8.21449e-09,7.86847e-06,4620.46,4620.46,1.25496e-08,-10099.4,-1429.53,-2090.24,0,9.31757e-07,-1480.52,-4537.31,7.50073e-07,-32445,-17206.7,-4322.17,-4167.71,80.2658,4947.05,4947.05,8.01139e-06,-132297,1677.16,6.85373e-05,2.39146e-05,1338.2,2150.83,5313.51,1.21087e-05,1.82637e-06,2.39286e-06,469.671,1.17993e-06,0.000109669,0.000125084,7931.49,0.000585587,7871.83,9.16498e-06,909.719,4401.31,4.30133e-06,3132.24,6.50273e-07,3224.39,-6703.58,1.37468e-07,1.16973e-06,-4363.22,-4363.22,5.07322e-07,-308.011,-308.011,9.02905e-06,1355.45,0,6.63503e-07,-4024.7,-10629.7,0,0
2020-08-02 02:00:00 UTC,-3758.41,-1047.18,3231.81,-147.591,-147.591,-1089.8,953.092,1055.18,-1502.86,-1502.86,3129.53,2584.16,-9519.09,417.49,1428.73,2178,4093.99,1294.93,-7804.33,-1151.84,-741.321,-3931.44,-3931.44,-3356.97,-4076.55,-1198.31,-832.037,576.154,1.85444,2783.35,-966.591,-966.591,-2228.98,-1262.79,-1262.79,-7780.19,5084.55,5100.94,-16547.9,-16547.9,5704.7,9883.55,4526.73,2792.28,7606.5,-10591.7,-14653.2,-14761,-15600.1,392.097,-2561.27,-2561.27,451.465,-572.714,-1253.98,368.737,368.737,-4339.93,1589.04,906.5,2404.08,-3269.61,-3526.49,1497.16,1497.16,-437.696,-388.933,413.314,413.314,466.597,3380.37,-2489.23,1244.62,1244.62,10.4363,10.4363,19.9755,12.0135,39.9179,-140.495,-310.932,216.857,-14.9012,-13.8971,-0.95022,-64.5465,-48.5976,682.421,682.421,143.54,143.54,142.13,142.13,-1339.25,-1339.25,-1339.25,528.779,528.779,131.214,-384.076,-139.32,-139.32,273.014,273.014,-505.449,-229.753,-2790.35,-1.9875,-1.9875,-2398.2,-2398.2,-2398.2,6975.78,-1792.81,-1792.81,-1901.01,-1901.01,2.728,597.06,597.06,-60.9982,-60.9982,-7910.83,-7910.83,7305.93,7305.93,0,-288.362,-3252.72,-1319.84,2940.15,2940.15,-2594.9,14113.3,6186.14,-2703.09,-7884.17,-7884.17,1933.59,1933.59,-6749.72,-6749.72,718.812,1664.96,11707.9,3132.1,3405.75,3405.75,-2128.15,-2128.15,-2128.15,5658.92,5658.92,-6702.4,6.48535e-07,6.48535e-07,2554.37,-4946.28,-4946.28,7171.71,-2647.78,1965,0,4615.23,1696.92,-6998.98,-4980.54,-4980.54,-628.779,316.976,-72.023,-4636.33,-4636.33,-3480.68,1667.74,1667.74,16823.6,-11092.9,-16802.5,14679.9,14788.2,15627.7,-21719.4,4216.24,-3979.2,14679.9,14788.2,15627.6,-15834.1,-9054.3,-6592.81,357.505,19805.2,3943.91,16476.5,40353.9,22125.2,22125.2,2516.42,-14212,1340.7,2453.89,1028.25,-1393.63,1371.2,-1460.57,-1225.03,-1343.22,1342.63,1373.65,1350.04,-1383.01,554.612,554.612,-1295.7,5829.09,5829.09,-13360.6,1604.99,1853.11,-1407.39,932.012,3356.69,6114.12,6114.12,9301.39,10919.5,11530.4,22063.1,-11126,7349.32,-9294.12,1822.88,7342.7,10995.9,6447.3,6444.94,-1822.55,-10902.3,-11511.7,4506.71,4559.5,3235.86,3756.74,2959.56,4172.62,2592.1,2592.1,476.992,1491.82,-2435.35,-2748.76,4646.57,-10910.2,-10910.2,-11520.6,-11520.6,-1819.19,-1819.19,147.426,563.642,1333.89,1333.89,5935.91,5935.91,-6197.56,-6197.56,2787.76,195.342,3143.79,-4123.37,16241.4,-19251.5,-21518.7,12408,-3139.83,4969.65,2966.21,-3842.85,97.5226,97.5226,1809.23,1809.23,-826.917,718.721,-4182.02,-724.677,378.525,378.525,3261.85,1054.56,4655.9,2883.38,355.108,355.108,588.478,588.7,3014.74,3014.74,3401.48,1877.59,2696.58,1831.44,1489.36,331.423,331.423,109.145,121.585,0,-860.12,-956.988,0,173.465,1138.17,1138.17,-244.691,1285.02,-525.345,-528.079,-92.4244,-326.222,-317.935,2375.14,-3037.3,-7288.2,-1587,-671.654,-671.654,244.576,2402.8,2402.8,1348.41,1338.68,2.12367e-06,0,378.246,378.246,0,3.03981e-06,0,2584.94,0,-1198.27,0,1.56342e-08,1.75953e-08,-1447.06,-1391.67,-1391.67,0,-288.981,-288.981,4.18015e-08,0,2575.67,3964.71,3964.71,3964.71,4158.39,0,0,0,903.955,903.955,903.955,0,-904.307,-228.357,-228.357,-20.8725,3.67135e-06,-10.4363,-10.4363,-6.70537e-10,2.61083e-09,5.04104e-10,2.24328e-08,91.9359,91.2543,142.836,0,2.99832e-10,0,-4946.67,-4946.67,-4946.67,0,0,0,0,4.77651e-09,6.59273e-06,4356.17,4356.17,7.93745e-08,-9212.31,-1315.4,-1923.36,0,6.86547e-07,-1414.34,-4190.58,1.19444e-06,-30150.1,-16119,-4154.8,-4015.35,72.0252,4659.54,4659.54,6.9329e-06,-122223,1509.29,5.51344e-05,2.18073e-05,1305.63,2098.48,5184.19,1.14578e-05,1.72906e-06,2.25951e-06,506.722,1.07758e-06,0.000101901,0.000122064,7834.65,0.000567436,7328.39,9.33191e-06,917.522,3967.57,3.714e-06,2848.32,6.28775e-07,3027.6,-6123.61,1.08503e-07,1.1123e-06,-4113.64,-4113.64,3.99615e-07,-220.637,-220.637,7.64708e-06,1090.38,0,6.48276e-07,-3851.02,-9951.12,0,0
2020-08-02 03:00:00 UTC,-3697.61,-1042.27,3366.44,-301.217,-301.217,-857.686,1035.18,1159.55,-1586.18,-1586.18,2864.62,2335.28,-8941.61,315.723,1285.33,2063.58,3847.11,1216.86,-7248.63,-1057.02,-452.545,-3643.62,-3643.62,-3169.56,-3959.9,-1162.5,-786.292,530.409,38.0616,2604.97,-904.684,-904.684,-2077.24,-1172.9,-1172.9,-7225.02,4575.08,4589.81,-15085.3,-15085.3,5139.44,9032.53,4227.26,2607.59,6862.22,-9529.54,-13298.5,-13396.4,-14157.8,343.134,-2327.78,-2327.78,422.689,-515.612,-1065.1,368.407,368.407,-3912.39,1504.55,822.635,2216.92,-2937.59,-3168.31,1393.94,1393.94,-445.589,-445.129,445.359,445.359,477.1,3188.78,-2328.54,1164.27,1164.27,24.0912,24.0912,19.8154,13.0348,36.085,-127.167,-276.572,196.673,-13.8855,-12.9499,-0.147569,-58.443,-38.4147,629.269,629.269,121.345,121.345,120.157,120.157,-1233.12,-1233.12,-1233.12,469.579,469.579,128.36,-345.499,-134.258,-134.258,244.454,244.454,-486.621,-209.864,-2605.91,0.0145,0.0145,-2222.29,-2222.29,-2222.29,6462.18,-1662.37,-1662.37,-1762.58,-1762.58,-0.021,547.997,547.997,-80.162,-80.162,-7357.17,-7357.17,6831.68,6831.68,0,-275.262,-3039.27,-1243.3,2753.81,2753.81,-2411.32,13063.5,5725.9,-2511.52,-7322.13,-7322.13,1796.58,1796.58,-6267.73,-6267.73,660.902,1552.02,10654.5,3193.68,3153.37,3153.37,-1968.1,-1968.1,-1968.1,5176.08,5176.08,-6223.91,6.48295e-07,6.48295e-07,2361.49,-4529.56,-4529.56,6562.87,-2396.61,1800.86,0,4199.55,1598.46,-6350.68,-4556.11,-4556.11,-582.92,307.861,-66.559,-4392.08,-4392.08,-3161.88,1514.61,1514.61,15281.7,-10007.7,-15264.3,13320.5,13418.7,14180.5,-19641.8,3845.39,-3629.71,13320.5,13418.7,14180.5,-14478.4,-8181.3,-5709.79,517.729,18883.8,3631.95,15658.2,38434.3,21091.5,21091.5,2442.88,-13098.1,1219.72,2395.68,977.079,-1315.11,1295.59,-1367.92,-1156.05,-1266.82,1286.91,1316.63,1294.01,-1302.5,497.944,497.944,-1219.12,5483.73,5483.73,-12458.6,1418.12,1746.23,-1324.04,894.072,3188.76,5665.99,5665.99,8836.34,10489.9,11076.8,21247.5,-10902.9,6873.2,-8829.77,1841.89,6867.41,10608.4,6220.1,6217.82,-1841.55,-10474,-11059.5,4386.82,4438.2,3125.33,3628.42,2893.79,3896.7,2519.24,2519.24,477.278,1371.6,-2366.89,-2671.5,4491.16,-10481.3,-10481.3,-11067.7,-11067.7,-1768.82,-1768.82,138.111,528.636,1311.33,1311.33,5785.9,5785.9,-5950.62,-5950.62,2497.51,129.952,3065.04,-3988.51,15841.8,-18550.4,-20738.4,12087.8,-3061.27,4602.62,2760.61,-3636.96,96.7667,96.7667,1634.47,1634.47,-724.933,645.952,-3802.72,-650.551,318.903,318.903,2958.06,965.214,4165.35,2639.28,318.277,318.277,518.108,518.304,2835.48,2835.48,3176.49,1733.44,2492.11,1650.9,1254.52,301.544,301.544,62.7675,69.6633,0,-866.261,-963.633,0,121.733,1148.18,1148.18,-165.098,1043.01,-509.491,-512.146,-43.8229,-390.243,-380.537,2180.28,-2974.07,-7243.75,-1543.05,-642.677,-642.677,258.602,2369.94,2369.94,1291.35,1282.04,2.12685e-06,0,521.88,521.88,0,2.6263e-06,0,2370.3,0,-1162.46,0,1.38841e-08,2.49502e-08,-1414.99,-1302.48,-1302.48,0,-284.215,-284.215,3.75251e-08,0,2301.92,3553.98,3553.98,3553.98,3826.66,0,0,0,821.967,821.967,821.967,0,-922.704,-251.581,-251.581,-48.181,3.20709e-06,-24.0912,-24.0912,-1.88924e-10,2.66543e-09,-5.50754e-10,1.90572e-08,93.8119,93.116,135.219,0,4.92022e-10,0,-4616.07,-4616.07,-4616.07,0,0,0,0,3.22562e-09,5.65091e-06,4115.96,4115.96,1.55523e-07,-8436.62,-1212.23,-1772.52,0,5.23613e-07,-1348.07,-3883.04,1.54145e-06,-28138,-15140.5,-3967.17,-3856.5,66.5609,4411.5,4411.5,6.02583e-06,-113581,1387.53,4.42453e-05,1.97606e-05,1268.93,2039.49,5038.46,1.07846e-05,1.60175e-06,2.09703e-06,528.044,9.5802e-07,9.41594e-05,0.000116086,7610.38,0.000537756,6854.89,9.44436e-06,910.323,3595.6,3.22862e-06,2603.73,5.94698e-07,2823.98,-5579.41,8.90172e-08,1.06942e-06,-3877.23,-3877.23,3.2059e-07,-156.811,-156.811,6.75985e-06,858.047,0,6.11292e-07,-3671.86,-9334.38,0,0
2020-08-02 04:00:00 UTC,-3486.41,-987.58,3278.07,-341.432,-341.432,-686.986,1042.39,1174.75,-1526.18,-1526.18,2614.91,2129.67,-8272.93,244.454,1171.79,1909.77,3579.06,1132.09,-6664.81,-965.33,-271.509,-3356.16,-3356.16,-2937.68,-3704.54,-1086.78,-737.708,481.825,46.357,2412.83,-838.785,-838.785,-1918.52,-1080.03,-1080.03,-6662.06,4147.9,4161.25,-13751.5,-13751.5,4664.69,8227.67,3898.06,2404.57,6235.93,-8691.39,-12089.9,-12179,-12871.1,305.191,-2118.38,-2118.38,392.197,-466.611,-927.199,354.213,354.213,-3543.22,1404.36,748.738,2033.22,-2654.33,-2862.74,1284.19,1284.19,-429.934,-452.749,441.341,441.341,461.316,2956.98,-2147.04,1073.52,1073.52,29.7492,29.7492,18.9613,13.0467,32.7255,-115.428,-247.224,177.668,-12.4984,-11.6562,0.519177,-52.5726,-31.7318,576.306,576.306,105.306,105.306,104.277,104.277,-1131.05,-1131.05,-1131.05,424.981,424.981,120.945,-310.764,-125.677,-125.677,219.306,219.306,-451.457,-190.46,-2403.14,0.23,0.23,-2061.82,-2061.82,-2061.82,5987.18,-1544.53,-1544.53,-1636.91,-1636.91,-0.316,505.363,505.363,-95.3429,-95.3429,-6847.73,-6847.73,6389.86,6389.86,0,-263.234,-2839.3,-1165.82,2578.86,2578.86,-2238.78,12100.1,5303.55,-2331.15,-6806.04,-6806.04,1674.01,1674.01,-5826.93,-5826.93,616.109,1452.44,9723.27,3196.6,2918.42,2918.42,-1821.3,-1821.3,-1821.3,4746.13,4746.13,-5786.52,6.48318e-07,6.48318e-07,2180.83,-4154.46,-4154.46,6011.86,-2177.12,1650.56,0,3829.43,1501.11,-5783.84,-4177.31,-4177.31,-545.868,290.163,-63.576,-4123.79,-4123.79,-2877.96,1377.64,1377.64,13906.3,-9054.06,-13891.9,12108.1,12197.4,12889.8,-17806.9,3513.51,-3314.85,12108.1,12197.4,12889.8,-13268.3,-7417.7,-4955,634.652,17936.8,3354.26,14831.1,36487.6,20032.9,20032.9,2341.03,-12102,1127.17,2303.22,933.048,-1235.38,1220.77,-1283.85,-1088.17,-1192.3,1225.2,1253.48,1231.96,-1225.62,450.149,450.149,-1146.91,5137.87,5137.87,-11612.7,1278.85,1636.98,-1245.56,859.463,3030.08,5262.56,5262.56,8313.15,10034.9,10596.3,20416.6,-10570.9,6308.42,-8307.33,1889.99,6303.55,10213.3,5988.41,5986.22,-1889.63,-10020.4,-10580.5,4272.44,4322.48,3020.29,3506.46,2833.57,3573.72,2448.96,2448.96,480.066,1217.38,-2300.86,-2596.98,4334.9,-10027,-10027,-10588,-10588,-1728.16,-1728.16,124.523,477.868,1306.61,1306.61,5678.3,5678.3,-5713.64,-5713.64,2132.83,43.3249,3015.02,-3871.45,15591.2,-17811.8,-19927.8,11864.9,-3011.38,4208.85,2545.4,-3401.65,99.3328,99.3328,1447.19,1447.19,-592.708,567.513,-3345.38,-564.786,242.763,242.763,2621.47,858.876,3653.07,2378.88,275.098,275.098,440.383,440.55,2633.48,2633.48,2929.89,1580.97,2278.87,1451.88,1039.33,266.905,266.905,32.2485,35.5296,0,-827.768,-920.814,0,85.6537,1087.96,1087.96,-110.003,856.677,-478.402,-480.897,-12.6921,-412.477,-402.343,1975.51,-2823.12,-7109.24,-1480.78,-611.531,-611.531,258.58,2236.99,2236.99,1169.31,1160.88,1.86635e-06,0,551.2,551.2,0,2.19642e-06,0,2146.52,0,-1086.75,0,1.33043e-08,2.52364e-08,-1328.32,-1206.41,-1206.41,0,-264.074,-264.074,3.41935e-08,0,2072.71,3206.72,3206.72,3206.72,3508.68,0,0,0,734.692,734.692,734.692,0,-891.264,-251.643,-251.643,-59.4965,2.61644e-06,-29.7492,-29.7492,8.02106e-10,2.01327e-09,-6.39712e-10,1.56505e-08,90.4913,89.8198,131.161,-5.52191e-11,3.9137e-10,0,-4306.62,-4306.62,-4306.62,0,0,0,0,1.99421e-09,4.73016e-06,3857.16,3857.16,2.19015e-07,-7730.88,-1113.44,-1628.08,0,4.04461e-07,-1275.79,-3599.32,1.78622e-06,-26257.1,-14196.5,-3786.94,-3675.35,63.5777,4140.81,4140.81,5.20278e-06,-105640,1232.6,3.47897e-05,1.78158e-05,1233.54,1982.6,4897.91,1.01411e-05,1.48845e-06,1.95849e-06,550.698,8.58407e-07,8.62261e-05,0.000111516,7421.63,0.000517635,6293,9.40838e-06,900.934,3151.35,2.68799e-06,2296.43,5.55437e-07,2620.28,-4986.06,7.003e-08,1.01033e-06,-3626.88,-3626.88,2.42413e-07,-99.9524,-99.9524,5.54602e-06,687.218,0,5.33179e-07,-3473.63,-8721.59,0,0
2020-08-02 05:00:00 UTC,-3290.6,-942.669,3248.67,-421.015,-421.015,-492.904,1072.3,1217.3,-1515.74,-1515.74,2280.04,1871.39,-7480.73,109.929,1032.4,1703.28,3279.43,1037.32,-5942.92,-848.86,-41.522,-3026.08,-3026.08,-2670.18,-3439.75,-1007.05,-679.729,423.846,64.7763,2184.3,-759.985,-759.985,-1727.15,-967.403,-967.403,-5981.71,3611.71,3623.33,-12103.7,-12103.7,4066.23,7242.72,3503.43,2161.17,5442.6,-7595.73,-10598.5,-10676.6,-11283.2,259.266,-1858.53,-1858.53,353.977,-406.234,-760.891,335.091,335.091,-3087.67,1275.76,655.546,1807.66,-2305.06,-2485.99,1151.88,1151.88,-411.122,-463.049,437.086,437.086,442.402,2682.36,-1932.53,966.263,966.263,36.7068,36.7068,17.792,12.9228,28.5668,-100.885,-212.043,154.962,-10.9171,-10.1815,1.23893,-45.6103,-23.8101,511.053,511.053,85.9902,85.9902,85.1528,85.1528,-1003.26,-1003.26,-1003.26,365.258,365.258,112.15,-269.199,-115.463,-115.463,189.193,189.193,-413.573,-167.265,-2160.02,0.23,0.23,-1855.16,-1855.16,-1855.16,5375.85,-1392.39,-1392.39,-1475.12,-1475.12,-0.316,451.278,451.278,-112.519,-112.519,-6188.73,-6188.73,5813.51,5813.51,0,-247.061,-2578.96,-1063.86,2349.98,2349.98,-2015.32,10863.2,4761.35,-2098.04,-6139.52,-6139.52,1515.53,1515.53,-5257.95,-5257.95,557.582,1322.96,8558.45,3160.67,2616.32,2616.32,-1634.29,-1634.29,-1634.29,4203.71,4203.71,-5221.75,6.48417e-07,6.48417e-07,1948.39,-3679.75,-3679.75,5317.56,-1900.21,1466.27,0,3367.86,1378.05,-5074.24,-3698.51,-3698.51,-498.999,266.13,-57.716,-3765.35,-3765.35,-2524.67,1208.89,1208.89,12200.6,-7873.15,-12189.6,10612.5,10690.7,11297.6,-15532.7,3095.9,-2923.49,10612.5,10690.7,11297.6,-11751,-6470.66,-4045.82,756.571,16643.1,3002.51,13712.2,33845,18592.6,18592.6,2191.43,-10832.4,1014.68,2163.6,878.213,-1118.49,1120.41,-1175.07,-998.337,-1093.71,1139.96,1166.27,1146.25,-1123.94,391.863,391.863,-1051.43,4678.09,4678.09,-10512.4,1113.82,1492.95,-1141.79,817.116,2815.6,4745.55,4745.55,7645.9,9397.17,9922.88,19190.9,-10056.8,5645.78,-7640.99,1897.01,5641.87,9630.56,5646.75,5644.68,-1896.65,-9384.41,-9909.05,4054.03,4101.5,2872.74,3335.16,2720.95,3211.87,2314.05,2314.05,487.761,1033.69,-2174.1,-2453.92,4136.86,-9390.26,-9390.26,-9915.57,-9915.57,-1665.96,-1665.96,109.128,420.199,1287.99,1287.99,5502.3,5502.3,-5408.8,-5408.8,1754.86,-39.5382,2951.74,-3708.12,15180.7,-16780.4,-18752.9,11610.3,-2948.25,3750.47,2299.49,-3121.19,107.06,107.06,1228.77,1228.77,-450.219,478.531,-2860.11,-473.516,160.36,160.36,2264.64,747.226,3110.48,2104.49,222.845,222.845,348.894,349.027,2391.09,2391.09,2636.67,1401.82,2025.9,1213.66,792.243,225.075,225.075,-1.90318,-2.65972,0,-770.888,-857.558,0,44.9628,1001.06,1001.06,-47.4477,648.531,-446.712,-449.046,22.0157,-441.663,-430.97,1768.26,-2691.25,-6863.67,-1388.82,-568.476,-568.476,252.659,2116.63,2116.63,1057.09,1049.46,1.66378e-06,0,618.806,618.806,0,1.74266e-06,0,1807.29,0,-1007.02,0,1.40663e-08,2.46453e-08,-1245.97,-1092.15,-1092.15,0,-244.297,-244.297,2.81721e-08,0,1792.19,2779.25,2779.25,2779.25,3110.74,0,0,0,636.392,636.392,636.392,-2.82038e-10,-853.537,-252.274,-252.274,-73.4107,1.99187e-06,-36.7068,-36.7068,3.77905e-10,1.30788e-09,4.87513e-10,1.36329e-08,86.6217,85.9787,125.458,0,3.86452e-10,0,-3906.38,-3906.38,-3906.38,0,0,0,0,9.03044e-10,3.6147e-06,3527.19,3527.19,2.90693e-07,-6852.65,-999.51,-1461.5,0,2.78866e-07,-1180.73,-3239.18,1.99262e-06,-23812,-12955.6,-3547.41,-3423.64,57.7174,3779.54,3779.54,4.21615e-06,-95382,1047.88,2.42039e-05,1.51292e-05,1165.58,1873.38,4628.08,8.77181e-06,1.32942e-06,1.7157e-06,561.061,7.07093e-07,7.47714e-05,0.000108558,7352.67,0.000494807,5633.42,9.23535e-06,881.205,2679.32,2.19091e-06,1969.16,5.19434e-07,2396.53,-4358.22,5.31844e-08,9.4583e-07,-3321.65,-3321.65,1.64699e-07,-31.2869,-31.2869,4.28009e-06,493.024,0,4.69921e-07,-3203.9,-7917.12,0,0
2020-08-02 06:00:00 UTC,-3133.04,-904.439,3175.21,-455.063,-455.063,-369.049,1070.04,1219.78,-1490.12,-1490.12,2047.83,1699.56,-6916.61,19.6968,941.147,1552.58,3069.9,971.057,-5438.4,-768.306,98.8586,-2806.31,-2806.31,-2491.27,-3252.82,-951.586,-641.501,385.618,74.6097,2033.43,-706.448,-706.448,-1590.58,-884.334,-884.334,-5509.55,3231.36,3241.75,-10938.3,-10938.3,3643.84,6548.22,3223.81,1988.71,4885.81,-6846.84,-9542.58,-9612.88,-10159,225.858,-1675.18,-1675.18,326.572,-363.259,-641.247,322.014,322.014,-2764.2,1186.23,590.237,1641.83,-2057.47,-2218.93,1051.4,1051.4,-398.481,-471.592,435.036,435.036,429.763,2487.2,-1780.34,890.172,890.172,41.8708,41.8708,17.0232,12.9057,25.6307,-90.6236,-186.809,138.702,-9.75693,-9.09948,1.80125,-40.5998,-18.0389,465.076,465.076,72.0801,72.0801,71.3808,71.3808,-913.771,-913.771,-913.771,324.172,324.172,105.984,-239.416,-108.273,-108.273,167.606,167.606,-385.746,-150.687,-1987.73,0.23,0.23,-1697.31,-1697.31,-1697.31,4910.6,-1277.65,-1277.65,-1349.31,-1349.31,-0.316,408.678,408.678,-116.256,-116.256,-5673.07,-5673.07,5353.1,5353.1,0,-230.032,-2371.6,-984.619,2166.87,2166.87,-1846.8,9923.06,4349.23,-1918.46,-5622.22,-5622.22,1387.35,1387.35,-4814.23,-4814.23,507.539,1217.03,7717.85,3066.4,2387.02,2387.02,-1493.48,-1493.48,-1493.48,3806.28,3806.28,-4782.87,6.48508e-07,6.48508e-07,1777.02,-3334.54,-3334.54,4816.46,-1703.76,1333.42,0,3038.33,1277.69,-4563.99,-3350.27,-3350.27,-459.038,250.241,-51.311,-3484.85,-3484.85,-2273.69,1090.03,1090.03,10992.4,-7047.63,-10983.4,9553.89,9624.36,10170.6,-13935.6,2796.5,-2645.83,9553.89,9624.36,10170.6,-10644,-5799.4,-3467.19,798.904,15534.4,2734.97,12771.4,31589.4,17363.6,17363.6,2059.76,-9863.57,917.646,2040.06,825.748,-1028.03,1038.59,-1086.04,-925.351,-1013.48,1067.8,1092.43,1073.69,-1040.88,349.498,349.498,-973.284,4317.28,4317.28,-9648.4,984.277,1381.1,-1056.85,774.838,2630.11,4341.33,4341.33,7120.12,8826.83,9320.61,18039.5,-9547.42,5188.7,-7115.85,1838.5,5185.4,9081.95,5325.08,5323.13,-1838.16,-8815.57,-9308.41,3826.24,3871.04,2729.59,3168.96,2579.03,2963.17,2180.73,2180.73,471.307,921.73,-2048.85,-2312.54,3950.24,-8820.73,-8820.73,-9314.16,-9314.16,-1598.53,-1598.53,99.1594,382.507,1251.94,1251.94,5295.65,5295.65,-5145.69,-5145.69,1537.8,-77.1001,2875.5,-3548.54,14685.8,-15837.4,-17658.6,11321.4,-2872.19,3430.51,2121.96,-2906.08,106.383,106.383,1092.99,1092.99,-375.42,423.655,-2563.07,-417.888,119.392,119.392,2031.94,677.891,2744.85,1912.76,193.509,193.509,296.435,296.549,2213.59,2213.59,2427.91,1279.19,1849.93,1071.42,647.166,200.106,200.106,-21.6331,-24.7193,0,-734.428,-816.986,0,21.0095,948.748,948.748,-11.0568,516.983,-422.829,-425.039,41.8753,-452.673,-441.789,1615.7,-2563.93,-6566.38,-1312.12,-531.938,-531.938,248.982,2018.74,2018.74,975.927,968.891,1.50366e-06,0,644.39,644.39,0,1.45209e-06,0,1567.55,0,-951.56,0,1.4019e-08,2.5141e-08,-1182.77,-1016.71,-1016.71,0,-230.101,-230.101,2.53508e-08,0,1587.21,2475.76,2475.76,2475.76,2832.01,0,0,0,559.876,559.876,559.876,0,-828.255,-253.294,-253.294,-83.7376,1.63894e-06,-41.8708,-41.8708,6.00054e-11,2.29938e-10,2.81577e-10,1.08281e-08,83.9965,83.3728,119.976,0,2.81215e-10,0,-3594.75,-3594.75,-3594.75,0,0,0,0,5.36954e-10,2.87221e-06,3272.18,3272.18,3.24275e-07,-6218.84,-913.809,-1336.2,0,2.05729e-07,-1106.77,-2966.7,2.04832e-06,-21893.6,-11972.5,-3333.75,-3210.58,51.3121,3496.92,3496.92,3.49241e-06,-87391.3,935.112,1.70521e-05,1.28357e-05,1098.43,1765.45,4361.45,7.50238e-06,1.17551e-06,1.46549e-06,551.501,5.63422e-07,6.43973e-05,0.000105715,7308.8,0.000469482,5178.26,9.0861e-06,846.898,2391.46,1.89244e-06,1770.23,4.87192e-07,2221.92,-3935.82,4.75042e-08,9.03352e-07,-3088.71,-3088.71,1.21254e-07,3.48504,3.48504,3.58535e-06,369.117,0,4.16159e-07,-2990.77,-7307.55,0,0
2020-08-02 07:00:00 UTC,-3006.11,-873.331,3114.33,-480.077,-480.077,-280.336,1066.17,1218.96,-1471.48,-1471.48,1866.3,1565.75,-6472.32,-49.7599,870.194,1431.47,2902.36,918.069,-5038.88,-705.828,197.701,-2621.87,-2621.87,-2337.02,-3088.95,-902.632,-608.835,352.952,81.7699,1904.39,-662.11,-662.11,-1483.47,-821.536,-821.536,-5131.74,2971.31,2980.86,-10115.3,-10115.3,3349.52,6066.59,3007.9,1855.53,4489.64,-6268.93,-8819.04,-8884.03,-9388.66,207.965,-1547.1,-1547.1,302.231,-335.257,-588.597,299.559,299.559,-2551.39,1097.49,543.065,1519.44,-1898.53,-2047.5,976.208,976.208,-374.082,-446.94,410.511,410.511,403.62,2327.64,-1671.87,835.933,835.933,40.3103,40.3103,15.8018,12.0209,23.6606,-83.6693,-172.924,128.766,-9.08866,-8.47624,1.74506,-37.6792,-16.3823,430.876,430.876,66.1294,66.1294,65.4893,65.4893,-844.673,-844.673,-844.673,293.968,293.968,99.268,-222.002,-101.277,-101.277,155.306,155.306,-364.637,-140.034,-1854.68,0.23,0.23,-1588.9,-1588.9,-1588.9,4591.14,-1198.26,-1198.26,-1263.45,-1263.45,-0.316,380.635,380.635,-117.961,-117.961,-5319.28,-5319.28,5033.97,5033.97,0,-218.491,-2228.26,-928,2039.3,2039.3,-1729.78,9276.89,4065.97,-1794.96,-5267.68,-5267.68,1300.58,1300.58,-4510.8,-4510.8,474.597,1144.7,7144.49,2986.19,2229.59,2229.59,-1395.44,-1395.44,-1395.44,3534.29,3534.29,-4482.28,6.4838e-07,6.4838e-07,1658.76,-3097.84,-3097.84,4472.39,-1570.02,1241.64,0,2812.65,1207.24,-4215.95,-3111.81,-3111.81,-432.803,237.113,-47.287,-3287.44,-3287.44,-2101.98,1008.67,1008.67,10165.5,-6485.68,-10157.8,8828.7,8893.83,9398.62,-12846.4,2591.54,-2455.53,8828.7,8893.83,9398.62,-9884.31,-5343.71,-3080.52,821.931,14746,2551.67,12104.4,29981.2,16485.2,16485.2,1965.32,-9201.37,850.954,1950.95,785.837,-970.243,981.032,-1024.29,-873.717,-956.913,1015.46,1038.89,1021.07,-982.751,320.893,320.893,-918.855,4067.07,4067.07,-9052.38,897.072,1301.07,-997.724,740.794,2498.2,4064.49,4064.49,6745.03,8413.09,8883.72,17206.6,-9165.99,4868.42,-6741.2,1790.26,4865.51,8680.71,5089.82,5087.95,-1789.93,-8402.87,-8872.63,3660.4,3703.26,2622.86,3045.05,2468.43,2788.34,2085.86,2085.86,452.061,845.944,-1959.72,-2211.94,3811.85,-8407.55,-8407.55,-8877.86,-8877.86,-1547.35,-1547.35,92.7103,358.046,1220.76,1220.76,5134.97,5134.97,-4954.29,-4954.29,1391.47,-101.093,2813.16,-3428.94,14290.5,-15143.4,-16857.1,11087.8,-2809.99,3199.39,1992.46,-2752.03,104.796,104.796,996.651,996.651,-325.46,384.554,-2357.8,-378.607,92.2055,92.2055,1865.7,630.201,2481.55,1773.71,173.243,173.243,260.132,260.232,2087.98,2087.98,2279.46,1191.36,1724.45,971.493,543.81,182.592,182.592,-36.4185,-41.2533,0,-710.317,-790.152,0,3.33873,913.761,913.761,16.0054,423.157,-404.953,-407.071,56.878,-460.737,-449.711,1504.02,-2468.2,-6338.94,-1256.8,-505.628,-505.628,246.241,1939.72,1939.72,914.022,907.433,1.38009e-06,0,661.921,661.921,0,1.2449e-06,0,1377.88,0,-902.609,0,1.41596e-08,2.59968e-08,-1129.41,-952.197,-952.197,0,-217.35,-217.35,2.18886e-08,0,1462.55,2284.02,2284.02,2284.02,2617.75,0,0,0,522.522,522.522,522.522,0,-777.713,-239.537,-239.537,-80.6169,1.41717e-06,-40.3103,-40.3103,3.14032e-10,-4.03203e-11,-1.6583e-10,9.88033e-09,78.9943,78.4078,116.151,0,2.79122e-10,0,-3376.89,-3376.89,-3376.89,0,0,0,0,4.42818e-10,2.42402e-06,3091.74,3091.74,3.39118e-07,-5782.15,-852.793,-1246.98,0,1.63659e-07,-1052.52,-2777.11,2.03843e-06,-20565,-11282.5,-3175.95,-3054.87,47.2879,3298.22,3298.22,3.03458e-06,-81902.7,858.848,1.29606e-05,1.13393e-05,1050.65,1688.65,4171.71,6.67806e-06,1.06985e-06,1.30299e-06,544.956,4.69121e-07,5.73212e-05,0.000103334,7267.64,0.000449523,4859.23,8.9935e-06,820.397,2191.97,1.70633e-06,1635.32,4.67747e-07,2092.32,-3631.85,4.38267e-08,8.71564e-07,-2922.95,-2922.95,9.71272e-08,27.6212,27.6212,3.12374e-06,280.376,0,3.78941e-07,-2836,-6875.94,0,0
2020-08-02 08:00:00 UTC,-2927.61,-854.95,3092.65,-505.105,-505.105,-213.914,1072.42,1228.92,-1464.34,-1464.34,1738.73,1469.99,-6168.75,-99.0459,819.042,1350.31,2786.95,881.565,-4763.21,-662.195,274.56,-2501.52,-2501.52,-2228.67,-2971.38,-867.797,-586.007,330.124,86.2767,1814.18,-631.424,-631.424,-1410.68,-779.411,-779.411,-4872.14,2793.76,2802.74,-9546.07,-9546.07,3149.58,5724.07,2859.25,1763.85,4221.96,-5882.31,-8314.35,-8375.61,-8851.34,194.915,-1458.17,-1458.17,287.118,-315.581,-545.57,286.93,286.93,-2401.76,1042.58,511.54,1437.78,-1785.34,-1925.4,926.094,926.094,-359.759,-435.043,397.401,397.401,388.384,2219.56,-1599.19,799.593,799.593,40.1354,40.1354,15.092,11.5844,22.2721,-78.7824,-162.488,121.557,-8.6707,-8.08644,1.69482,-35.5867,-14.7401,407.409,407.409,61.2105,61.2105,60.6192,60.6192,-797.909,-797.909,-797.909,273.887,273.887,94.9352,-209.174,-96.6587,-96.6587,146.172,146.172,-349.419,-132.376,-1763.08,0.23,0.23,-1515.32,-1515.32,-1515.32,4372.25,-1144.92,-1144.92,-1205.58,-1205.58,-0.316,362.231,362.231,-119.659,-119.659,-5080.32,-5080.32,4818.29,4818.29,0,-211.171,-2131,-888.391,1952.85,1952.85,-1649.22,8833.36,3871.56,-1709.88,-5027.97,-5027.97,1242.91,1242.91,-4306.28,-4306.28,454.205,1096.91,6743.48,2933.96,2120.93,2120.93,-1326.12,-1326.12,-1326.12,3344.04,3344.04,-4279.74,6.48405e-07,6.48405e-07,1576.13,-2931.91,-2931.91,4231.81,-1473.97,1179.94,0,2654.79,1161.47,-3969.11,-2944.42,-2944.42,-416.124,226.409,-45.162,-3155.17,-3155.17,-1982.29,951.421,951.421,9587.35,-6089.46,-9580.51,8322.93,8384.33,8860.19,-12080.3,2449.06,-2321.58,8322.93,8384.32,8860.19,-9353.34,-5024.17,-2801.65,844.478,14212.4,2425.31,11651.1,28891.8,15890.1,15890.1,1902.92,-8747.5,808.484,1891.78,758.874,-928.334,941.534,-982.268,-838.225,-918.086,979.814,1002.41,985.219,-942.985,300.926,300.926,-881.697,3896.08,3896.08,-8647.64,839.387,1245.07,-957.365,718.886,2407.3,3876.17,3876.17,6493.14,8133.74,8588.73,16640.9,-8912.33,4655.34,-6489.59,1756.43,4652.68,8410.81,4931.57,4929.76,-1756.12,-8124.18,-8578.37,3546.46,3587.99,2555.05,2966.32,2389.08,2673.27,2021.7,2021.7,435.476,796.23,-1899.43,-2143.9,3732.58,-8128.56,-8128.56,-8583.25,-8583.25,-1517.79,-1517.79,88.7846,343.184,1203.96,1203.96,5043.39,5043.39,-4841.78,-4841.78,1292.66,-119.129,2787.09,-3359.62,14088.5,-14684.6,-16313.2,10998.9,-2783.98,3043.36,1904.6,-2648.98,103.464,103.464,931.358,931.358,-292.765,358.081,-2220.33,-352.509,74.2994,74.2994,1754.98,598.262,2302.21,1680.9,159.693,159.693,235.694,235.785,2003.62,2003.62,2179.29,1131.69,1638.93,903.707,470.375,170.866,170.866,-48.2236,-54.4596,0,-697.411,-775.767,0,-10.5208,896.279,896.279,37.2078,352.595,-393.903,-395.964,68.9597,-470.296,-459.08,1429.42,-2414.78,-6190.97,-1217.61,-487.599,-487.599,243.079,1891.28,1891.28,872.287,865.998,1.30711e-06,0,680.895,680.895,0,1.11077e-06,0,1248.07,0,-867.776,0,1.38351e-08,2.52941e-08,-1089.33,-907.091,-907.091,0,-208.19,-208.19,2.01315e-08,0,1374.62,2147.03,2147.03,2147.03,2472.56,0,0,0,495.623,495.623,495.623,0,-748.152,-232.418,-232.418,-80.2673,1.28519e-06,-40.1354,-40.1354,-4.43587e-10,4.29137e-10,4.35395e-10,9.41664e-09,76.0109,75.4465,114.941,0,2.9587e-10,0,-3225.81,-3225.81,-3225.81,0,0,0,0,7.17093e-11,2.14986e-06,2970.09,2970.09,3.42891e-07,-5480.49,-813.894,-1190.1,0,1.39483e-07,-1016.15,-2645.87,2.0111e-06,-19659,-10806.7,-3070.13,-2949.22,45.1628,3164.95,3164.95,2.74499e-06,-78179.8,808.791,1.05734e-05,1.03724e-05,1018.33,1636.7,4043.38,6.11477e-06,1.00832e-06,1.19688e-06,544.446,4.09826e-07,5.25121e-05,0.000103304,7312.86,0.000441891,4646.94,8.92474e-06,803.131,2058.61,1.58787e-06,1544.36,4.54009e-07,2004.44,-3429.14,4.19722e-08,8.49093e-07,-2810.49,-2810.49,8.25696e-08,45.3941,45.3941,2.85205e-06,213.937,0,3.61384e-07,-2729.83,-6574.95,0,0
2020-08-02 09:00:00 UTC,-2904.82,-852.416,3135.45,-548.668,-548.668,-163.472,1097.35,1259.77,-1487.38,-1487.38,1651.67,1395.2,-5983.13,-136.518,777.104,1305.17,2710.78,857.475,-4585.46,-632.415,341.299,-2413.84,-2413.84,-2157.55,-2901.7,-846.898,-570.52,314.637,91.5222,1753.18,-611.056,-611.056,-1364.08,-753.169,-753.169,-4700.41,2663.97,2672.53,-9142.03,-9142.03,3005.29,5473.09,2764.75,1705.56,4031.54,-5611,-7944.5,-8003.04,-8457.59,183.154,-1393.97,-1393.97,279.626,-300.509,-498.321,285.086,285.086,-2287.71,1017.6,489.981,1386.12,-1696.37,-1829.45,895.998,895.998,-357.831,-442.936,400.383,400.383,386.737,2156.23,-1551.17,775.587,775.587,42.7511,42.7511,14.933,11.7211,21.2235,-75.1287,-153.23,115.843,-8.44761,-7.87838,1.7295,-33.9425,-12.3171,391.673,391.673,55.6896,55.6896,55.1531,55.1531,-767.428,-767.428,-767.428,259.52,259.52,93.1214,-198.487,-94.3963,-94.3963,138.359,138.359,-340.242,-126.55,-1704.84,0.23,0.23,-1467.04,-1467.04,-1467.04,4226.65,-1110.04,-1110.04,-1168.33,-1168.33,-0.316,351.07,351.07,-122.195,-122.195,-4926.51,-4926.51,4679.74,4679.74,0,-207.392,-2068.35,-861.549,1897.01,1897.01,-1595.19,8537.37,3741.81,-1653.48,-4873.05,-4873.05,1207.08,1207.08,-4174.98,-4174.98,443.006,1066.97,6459.95,2914.47,2047.92,2047.92,-1278.07,-1278.07,-1278.07,3212.06,3212.06,-4149.47,6.48453e-07,6.48453e-07,1520.14,-2816.19,-2816.19,4061.41,-1407.8,1131.84,0,2540.44,1129.17,-3796.58,-2827.52,-2827.52,-405.868,217.938,-44.512,-3072.18,-3072.18,-1895.1,909.032,909.032,9163.79,-5799.62,-9157.54,7952.33,8011,8465.67,-11519.5,2345.75,-2222.34,7952.33,8011,8465.67,-8978.76,-4794.32,-2580.14,874.258,13888.4,2340.22,11371.2,28224.7,15525.7,15525.7,1867.18,-8447.83,784.767,1857.72,742.515,-900.012,916.599,-955.276,-815.69,-893.425,957.941,980.032,963.226,-917.705,287.076,287.076,-858.065,3785.79,3785.79,-8388.25,803.205,1207.42,-931.697,706.17,2349.83,3753.95,3753.95,6336.69,7967.23,8412.91,16308.5,-8774.34,4516.66,-6333.31,1742.02,4514.16,8252.13,4838.53,4836.75,-1741.72,-7958.06,-8402.96,3475.76,3516.46,2518.54,2923.92,2348.28,2601.64,1979.34,1979.34,433.611,762.159,-1859.64,-2098.99,3691.26,-7962.26,-7962.27,-8407.65,-8407.65,-1502.94,-1502.94,85.6846,331.551,1198.6,1198.6,5000.45,5000.45,-4779.25,-4779.25,1225.32,-132.482,2776.4,-3323.8,13996.6,-14415.1,-15994.2,10960.4,-2773.31,2940.24,1849.7,-2585.29,105.929,105.929,882.637,882.637,-267.546,338.881,-2131.17,-335.849,59.4345,59.4345,1689.32,578.183,2196.5,1630.1,147.735,147.735,214.906,214.99,1949.04,1949.04,2112.84,1090.73,1580.48,851.409,414.656,161.879,161.879,-58.023,-65.4239,0,-686.524,-763.614,0,-22.116,884.398,884.398,54.8338,299.128,-388.299,-390.332,78.9472,-482.167,-470.705,1393.54,-2416.24,-6121.81,-1191.5,-476.336,-476.336,239.471,1878.62,1878.62,857.96,851.775,1.30569e-06,0,719.426,719.426,0,1.03612e-06,0,1165.89,0,-846.878,0,1.39944e-08,2.48612e-08,-1067.17,-876.588,-876.588,0,-203.069,-203.069,1.85691e-08,0,1305.09,2037.89,2037.89,2037.89,2377.46,0,0,0,474.559,474.559,474.559,0,-744.577,-235.081,-235.081,-85.498,1.19649e-06,-42.7511,-42.7511,-4.82145e-10,6.86756e-10,3.52776e-11,8.72186e-09,75.5529,74.9918,115.429,-7.10435e-11,4.47161e-10,0,-3124.81,-3124.81,-3124.81,0,0,0,0,2.39405e-10,1.98904e-06,2892.56,2892.56,3.43072e-07,-5259.55,-785.486,-1148.57,0,1.24113e-07,-989.154,-2554.63,1.98527e-06,-19070.4,-10497,-3004.95,-2884.8,44.5128,3081.19,3081.19,2.57488e-06,-75773.2,774.477,9.27443e-06,9.81615e-06,996.995,1602.41,3958.67,5.73699e-06,9.76529e-07,1.1363e-06,543.207,3.81337e-07,4.97961e-05,0.000103365,7337.6,0.0004386,4508.75,8.86415e-06,795.692,1971.97,1.51871e-06,1483.28,4.47523e-07,1956.52,-3313.13,4.04012e-08,8.40029e-07,-2737.71,-2737.71,7.40641e-08,60.2998,60.2998,2.66635e-06,163.486,0,3.59463e-07,-2660.74,-6369.08,0,0
2020-08-02 10:00:00 UTC,-2915.95,-858.881,3211.93,-598.008,-598.008,-132.614,1130.53,1299.36,-1523.68,-1523.68,1600.93,1340.55,-5887.74,-155.071,744.43,1289.7,2660.5,841.572,-4487.76,-615.234,387.145,-2355.58,-2355.58,-2115.81,-2865.02,-836.037,-561.075,305.192,96.2309,1716.1,-598.988,-598.988,-1337.88,-739.032,-739.032,-4599.32,2582.64,2590.94,-8901.82,-8901.82,2914.88,5327.25,2714.49,1674.56,3912.21,-5445.25,-7721.82,-7778.72,-8220.51,175.155,-1355.66,-1355.66,275.309,-291.15,-466.466,285.57,285.57,-2217.52,1004.74,476.226,1357.28,-1641.56,-1770.33,880.921,880.921,-358.924,-452.027,405.475,405.475,388.249,2124.56,-1525.6,762.802,762.802,45.0378,45.0378,14.922,11.909,20.5905,-72.9325,-147.237,112.24,-8.22298,-7.66889,1.89997,-32.8291,-10.587,382.612,382.612,51.9487,51.9487,51.4494,51.4494,-750.128,-750.128,-750.128,250.788,250.788,92.437,-191.678,-93.3941,-93.3941,133.343,133.343,-335.481,-122.984,-1673.86,0.23,0.23,-1438.03,-1438.03,-1438.03,4139.22,-1088.98,-1088.98,-1146.05,-1146.05,-0.316,344.386,344.386,-124.15,-124.15,-4834.87,-4834.87,4597.88,4597.88,0,-205.32,-2031.24,-845.316,1864.07,1864.07,-1562.8,8359.26,3663.74,-1619.87,-4780.55,-4780.55,1186.19,1186.19,-4096.64,-4096.64,437.248,1049.89,6285.6,2909.09,2004.1,2004.1,-1249,-1249,-1249,3130.75,3130.75,-4071.66,6.48394e-07,6.48394e-07,1484.5,-2744.35,-2744.35,3956.52,-1364.28,1106.18,0,2471.23,1112.81,-3687.68,-2754.65,-2754.65,-400.348,212.143,-45.006,-3026.44,-3026.44,-1842.52,883.277,883.277,8907.74,-5620.61,-8901.84,7729.22,7786.24,8228.14,-11175.4,2283.8,-2162.22,7729.22,7786.23,8228.14,-8750.86,-4652.25,-2439.07,895.978,13705,2288.79,11211.4,27843.8,15317.8,15317.8,1849.72,-8267.94,773.847,1840.82,731.106,-883.674,902.015,-939.824,-802.703,-879.184,945.446,967.247,950.662,-903.042,278.553,278.553,-844.32,3721.35,3721.35,-8238.31,783.016,1184.44,-916.764,698.282,2314.15,3680.74,3680.74,6250.85,7871.89,8312.23,16119.5,-8702.29,4443.77,-6247.56,1730.35,4441.35,8159.16,4784.02,4782.26,-1730.05,-7862.93,-8302.52,3434.55,3474.77,2490.95,2891.9,2328.95,2565.23,1953.3,1953.3,436.98,745.883,-1835.18,-2071.38,3649.43,-7867.04,-7867.04,-8307.09,-8307.09,-1486.18,-1486.18,84.0178,325.198,1187.07,1187.07,4946.5,4946.5,-4720.54,-4720.54,1200.32,-133.767,2745.06,-3285.51,13829.1,-14245.5,-15813.5,10836.3,-2742.04,2889.32,1825.96,-2550.49,110.426,110.426,857.093,857.093,-254.658,330.189,-2096.03,-330.447,51.8245,51.8245,1669.51,569.086,2166.6,1617.91,140.111,140.111,202.36,202.44,1918.99,1918.99,2076.59,1068.64,1548.06,822.861,386.386,156.92,156.92,-64.517,-72.6909,0,-678.426,-754.555,0,-29.5575,876.437,876.437,66.5903,266.469,-386.456,-388.48,85.671,-492.162,-480.487,1390.04,-2453.12,-6090.5,-1174.74,-470.102,-470.102,235.158,1887.41,1887.41,862.031,855.817,1.34731e-06,0,765.261,765.261,0,9.92441e-07,0,1132.09,0,-836.017,0,1.36101e-08,2.66197e-08,-1054.64,-858.051,-858.051,0,-200.701,-200.701,1.91182e-08,0,1261.53,1970.13,1970.13,1970.13,2323.36,0,0,0,459.939,459.939,459.939,0,-747.183,-238.761,-238.761,-90.0711,1.15219e-06,-45.0378,-45.0378,3.81431e-10,3.10325e-10,3.58397e-10,7.61225e-09,75.7695,75.2068,115.702,7.10439e-11,4.88091e-10,0,-3064.9,-3064.9,-3064.9,0,0,0,0,2.57581e-11,1.90398e-06,2849.24,2849.24,3.42573e-07,-5129.92,-771.643,-1128.32,0,1.15746e-07,-975.693,-2500.99,1.96864e-06,-18721.6,-10315.4,-2966.19,-2848.29,45.0068,3034.81,3034.81,2.47917e-06,-74343.5,758.167,8.60469e-06,9.53172e-06,983.881,1581.33,3906.6,5.55673e-06,9.49019e-07,1.1067e-06,536.55,3.68173e-07,4.864e-05,0.000101373,7265.52,0.000428445,4436.11,8.79299e-06,789.329,1938.16,1.48893e-06,1456.39,4.43883e-07,1942.81,-3281.25,3.84822e-08,8.39455e-07,-2696.48,-2696.48,6.96784e-08,68.5697,68.5697,2.56738e-06,132.624,0,3.71418e-07,-2619.86,-6247.99,0,0
2020-08-02 11:00:00 UTC,-2972.7,-879.868,3362,-665.321,-665.321,-99.9368,1193.79,1373.86,-1587.02,-1587.02,1555.82,1297.2,-5856.15,-196.302,719.245,1278.09,2649.01,837.938,-4426.68,-601.679,449.482,-2324.57,-2324.57,-2098.83,-2872.27,-837.521,-555.73,299.847,104.999,1695.67,-592.614,-592.614,-1325.46,-732.988,-732.988,-4544.05,2520.9,2529,-8738.3,-8738.3,2845.26,5229.84,2692.02,1660.69,3818.89,-5303.79,-7566.45,-7622.21,-8055.1,169.187,-1328.52,-1328.52,273.219,-284.41,-440.53,287.882,287.882,-2166.87,998.359,465.566,1342.23,-1601.27,-1726.87,876.535,876.535,-363.117,-465.012,414.065,414.065,393.115,2115.61,-1515.21,757.603,757.603,47.6518,47.6518,14.9867,12.135,20.1313,-71.345,-142.901,109.849,-8.06961,-7.52585,2.09982,-32.0613,-9.10431,376.826,376.826,48.8888,48.8888,48.4203,48.4203,-738.499,-738.499,-738.499,242.402,242.402,92.6644,-186.975,-93.3296,-93.3296,129.805,129.805,-335.643,-120.737,-1660.01,0.23,0.23,-1425.96,-1425.96,-1425.96,4102.2,-1078.7,-1078.7,-1138.57,-1138.57,-0.316,342.882,342.882,-131.302,-131.302,-4806.9,-4806.9,4578.14,4578.14,0,-207.795,-2022.36,-839.805,1856.08,1856.08,-1548.28,8281.9,3629.83,-1608.15,-4749.45,-4749.45,1182.83,1182.83,-4071.88,-4071.88,438.055,1046.88,6175.57,2956.09,1985.31,1985.31,-1235.34,-1235.34,-1235.34,3084.24,3084.24,-4045.67,6.48398e-07,6.48398e-07,1465.82,-2702.03,-2702.03,3891.63,-1335.82,1088.48,0,2425.04,1108.99,-3618.56,-2711.81,-2711.81,-399.793,208.877,-46.56,-3014.68,-3014.68,-1806.48,864.874,864.874,8729.63,-5489.45,-8723.96,7573.55,7629.43,8062.43,-10927.2,2242.98,-2120.33,7573.55,7629.42,8062.43,-8615.1,-4553.24,-2297.48,943.237,13719.5,2264.99,11209.9,27859.3,15326.8,15326.8,1858.53,-8191.38,776.938,1849.57,730.416,-883.019,899.703,-937.298,-800.527,-876.829,946.042,967.856,951.261,-900.689,272.971,272.971,-842.156,3704.16,3704.16,-8196.37,775.392,1177.05,-914.417,699.156,2313.67,3655.36,3655.36,6244.72,7893.53,8335.08,16179,-8764.25,4410.61,-6241.44,1756.38,4408.23,8191.91,4803.22,4801.45,-1756.06,-7884.53,-8325.32,3450.25,3490.66,2501.95,2904.67,2352.67,2554.4,1958.29,1958.29,452.045,727.867,-1839.86,-2076.67,3664.85,-7888.66,-7888.66,-8329.92,-8329.92,-1493.14,-1493.14,83.2951,322.64,1195.86,1195.86,4972.91,4972.91,-4727.94,-4727.94,1173.23,-143.298,2767.88,-3297,13895.2,-14290.7,-15875.6,10937.6,-2764.81,2866.46,1823.57,-2549.12,121.107,121.107,830.501,830.501,-234.476,321.148,-2070.62,-327.158,38.0596,38.0596,1670.16,562.565,2170.88,1632.32,128.742,128.742,185.12,185.193,1910.45,1910.45,2061.26,1055.15,1529.54,789.409,351.905,151.085,151.085,-72.826,-81.9913,0,-670.325,-745.502,0,-38.7329,867.05,867.05,81.4699,233.987,-390.045,-392.089,94.4239,-511.298,-499.21,1416.03,-2547.6,-6161.31,-1172.53,-470.578,-470.578,231.981,1926.28,1926.28,875.532,869.221,1.42082e-06,0,830.592,830.592,0,9.90145e-07,0,1079.58,0,-837.501,0,1.33719e-08,2.792e-08,-1061.2,-847.835,-847.835,0,-202.412,-202.412,1.73157e-08,0,1231.19,1920.13,1920.13,1920.13,2286.89,0,0,0,452.814,452.814,452.814,0,-756.242,-244.55,-244.55,-95.2985,1.11721e-06,-47.6518,-47.6518,-1.32659e-10,6.52158e-10,2.76171e-10,8.48801e-09,76.7005,76.1307,116.226,0,3.39915e-10,0,-3043.89,-3043.89,-3043.89,0,0,0,0,-2.79282e-10,1.88042e-06,2839.62,2839.62,3.41806e-07,-5046.91,-765.429,-1119.24,0,1.11938e-07,-971.718,-2475.83,1.97113e-06,-18615.4,-10266.7,-2968.7,-2850.95,46.5609,3022.76,3022.76,2.47734e-06,-73876.7,740.258,8.66418e-06,9.63983e-06,986.394,1585.37,3916.58,5.58697e-06,9.60953e-07,1.1264e-06,542.806,3.75362e-07,4.93036e-05,0.000104186,7407.58,0.000436552,4403.07,8.72266e-06,798.709,1913.19,1.48452e-06,1433.89,4.47809e-07,1961.88,-3296.25,3.73992e-08,8.44418e-07,-2688.72,-2688.72,6.81923e-08,82.1647,82.1647,2.48393e-06,99.9423,0,4.04471e-07,-2611.12,-6201.08,0,0
2020-08-02 12:00:00 UTC,-3070.65,-910.782,3531.86,-722.157,-722.157,-95.9888,1259.19,1449.78,-1654.06,-1654.06,1572.69,1300.33,-5973.99,-208.896,718.87,1309.29,2692.21,851.602,-4502.49,-609.89,477.775,-2357.37,-2357.37,-2144.79,-2969.73,-865.529,-562.045,306.162,118.451,1721.94,-601.708,-601.708,-1348.12,-746.556,-746.556,-4612.36,2527.84,2535.96,-8825.07,-8825.07,2851.27,5301.32,2742.82,1692.03,3824.3,-5287.46,-7634.08,-7690.34,-8127.1,168.914,-1340.11,-1340.11,276.412,-286.242,-436.536,294.369,294.369,-2181.79,1011.35,466.544,1362.71,-1611.62,-1738.03,896.037,896.037,-374.401,-484.549,429.475,429.475,405.551,2159.94,-1541.23,770.614,770.614,50.4212,50.4212,15.2944,12.4654,20.2882,-71.923,-143.907,111.155,-8.11148,-7.5649,2.35331,-32.3509,-8.57865,381.7,381.7,48.3599,48.3599,47.8977,47.8977,-746.728,-746.728,-746.728,239.623,239.623,95.169,-188.846,-95.6865,-95.6865,130.946,130.946,-346.723,-122.431,-1691.32,0.23,0.23,-1444.12,-1444.12,-1444.12,4155.11,-1091.31,-1091.31,-1153.9,-1153.9,-0.316,347.887,347.887,-135.592,-135.592,-4872.81,-4872.81,4642.77,4642.77,0,-211.868,-2051.14,-850.643,1882.21,1882.21,-1567.77,8386.78,3675.8,-1630.35,-4813.48,-4813.48,1200.77,1200.77,-4127.4,-4127.4,446.279,1062.36,6235.47,3017.64,2011.16,2011.16,-1250.1,-1250.1,-1250.1,3116.63,3116.63,-4100.01,6.48508e-07,6.48508e-07,1482.06,-2729.8,-2729.8,3931.55,-1344.93,1103.02,0,2448.7,1127.13,-3648.56,-2739.37,-2739.37,-405.456,210.467,-48.974,-3055.92,-3055.92,-1823.92,872.289,872.289,8810.71,-5532.11,-8804.93,7641.31,7697.68,8134.56,-11017.4,2267.43,-2140.64,7641.31,7697.68,8134.56,-8703.9,-4591.34,-2287.48,973.562,13939.9,2292.08,11385.7,28304.3,15571.2,15571.2,1890.6,-8291.93,791.942,1881.17,741.918,-896.574,912.971,-951.507,-812.402,-889.847,961.025,983.185,966.326,-914.085,275.107,275.107,-854.708,3754.98,3754.98,-8309.75,786.426,1192.44,-928.054,711.257,2350.86,3703.35,3703.35,6348.17,8022.13,8470.87,16452.6,-8924.28,4485.19,-6344.78,1783.37,4482.72,8324.8,4881.14,4879.35,-1783.05,-8012.83,-8460.79,3504.22,3545.25,2538.12,2946.66,2399.81,2603.98,1985.8,1985.8,469.459,734.355,-1865.7,-2105.83,3715.42,-8017.09,-8017.09,-8465.54,-8465.54,-1510.29,-1510.29,85.4472,330.851,1206.95,1206.95,5027.39,5027.39,-4783.13,-4783.13,1208.7,-139.407,2802.95,-3334.25,14018.5,-14520.3,-16137.4,11095,-2799.8,2919.89,1863.31,-2597.48,131.683,131.683,838.36,838.36,-236.003,325.794,-2126.25,-338.885,36.2764,36.2764,1730.72,575.534,2267.31,1694.68,124.545,124.545,181.935,182.007,1943.38,1943.38,2095.49,1071.44,1553.34,794.976,357.758,152.004,152.004,-76.2156,-85.7917,0,-671.699,-746.987,0,-41.5998,869.843,869.843,87.2538,232.72,-399.131,-401.222,98.3721,-527.167,-514.722,1479.74,-2671.68,-6283.43,-1189.31,-478.401,-478.401,233.134,1990.72,1990.72,906.855,900.318,1.52768e-06,0,888.828,888.828,0,1.0352e-06,0,1098.19,0,-865.508,0,1.36491e-08,3.25514e-08,-1099.77,-860.97,-860.97,0,-212.294,-212.294,1.75496e-08,0,1239.68,1931.49,1931.49,1931.49,2312.15,0,0,0,462.066,462.066,462.066,0,-779.963,-254.21,-254.21,-100.837,1.15024e-06,-50.4212,-50.4212,-2.72719e-10,1.065e-09,-7.03239e-11,7.8933e-09,79.2193,78.6307,117.27,0,1.80921e-10,0,-3084.37,-3084.37,-3084.37,0,0,0,0,-2.09412e-10,1.93973e-06,2883.83,2883.83,3.42553e-07,-5102.78,-774.398,-1132.35,0,1.15823e-07,-988.073,-2506.65,1.995e-06,-18871.8,-10412.2,-3018.74,-2896.58,48.975,3063.96,3063.96,2.57891e-06,-74874.7,746.889,9.50151e-06,1.00505e-05,1000.25,1607.64,3971.58,5.7906e-06,9.96176e-07,1.17555e-06,549.18,4.0059e-07,5.15754e-05,0.000108271,7604.21,0.000449382,4477.39,8.7055e-06,812.731,1966.32,1.54417e-06,1465.06,4.58136e-07,2021.39,-3418.7,3.79298e-08,8.53812e-07,-2735.4,-2735.4,7.16639e-08,83.5624,83.5624,2.54457e-06,95.994,0,4.50263e-07,-2649.35,-6286.37,0,0
2020-08-02 13:00:00 UTC,-3219.21,-950.416,3661.57,-725.577,-725.577,-161.191,1294.91,1489.11,-1720.92,-1720.92,1727.61,1406.12,-6387.17,-167.837,773.159,1418.29,2848.83,901.136,-4853.16,-662.84,417.594,-2498.17,-2498.17,-2306.37,-3191.63,-930.955,-592.655,336.772,127.382,1844.25,-642.194,-642.194,-1439.73,-797.701,-797.701,-4937.29,2704.8,2713.49,-9479.36,-9479.36,3046.77,5737.93,2940.98,1814.26,4080.5,-5643.38,-8214.81,-8275.35,-8745.37,182.818,-1441.34,-1441.34,290.067,-308.285,-490.995,306.572,306.572,-2351.12,1062.88,495.488,1454.39,-1742.57,-1879.28,958.756,958.756,-393.982,-504.184,449.083,449.083,426.523,2307.27,-1642.81,821.404,821.404,51.3668,51.3668,16.003,12.8299,21.8976,-77.5716,-156.896,120.055,-8.28678,-7.72839,2.85604,-34.6759,-10.842,409.146,409.146,54.6134,54.6134,54.0903,54.0903,-799.426,-799.426,-799.426,255.751,255.751,101.031,-204.777,-102.003,-102.003,142.284,142.284,-372.908,-132.09,-1813.44,0.0115,0.0115,-1523.4,-1523.4,-1523.4,4388.37,-1151.42,-1151.42,-1214.63,-1214.63,-0.015,365.974,365.974,-130.378,-130.378,-5122.39,-5122.39,4867.84,4867.84,0,-217.509,-2151.41,-893.005,1972.92,1972.92,-1655.17,8860.61,3883.5,-1718.38,-5065.35,-5065.35,1258.71,1258.71,-4341.08,-4341.08,467.215,1112.09,6663.11,3079.81,2126.12,2126.12,-1323.41,-1323.41,-1323.41,3316.03,3316.03,-4313.41,6.48265e-07,6.48265e-07,1569.01,-2906.67,-2906.67,4194.85,-1435.18,1188.92,0,2624.96,1189.76,-3894.52,-2917.02,-2917.02,-422.336,222.361,-52.063,-3209.06,-3209.06,-1959.36,938.337,938.337,9469.37,-5964.51,-9462.7,8223.19,8283.85,8754,-11865,2428.18,-2295.74,8223.19,8283.85,8754,-9276.98,-4932.98,-2598.47,945.605,14521.9,2423.61,11881.1,29507.2,16231.6,16231.6,1963.31,-8754,826.759,1952.66,774.48,-931.674,955.669,-996.511,-851.007,-931.955,1001.9,1025.01,1007.43,-956.923,294.302,294.302,-894.566,3940.67,3940.67,-8730.6,834.002,1251.98,-971.328,742.721,2450.08,3896.18,3896.18,6654.05,8332.1,8798.2,17058.7,-9226.28,4775.24,-6650.33,1796.85,4772.45,8618.65,5053.43,5051.58,-1796.52,-8322.07,-8787.32,3611.09,3653.38,2618.54,3040.02,2473.48,2770.75,2046.21,2046.21,484.263,805.112,-1922.47,-2169.89,3825.84,-8326.67,-8326.67,-8792.45,-8792.45,-1546.79,-1546.79,91.6901,354.366,1225.71,1225.71,5138.49,5138.49,-4937.01,-4937.01,1370.17,-106.439,2861.19,-3424.27,14304.7,-15052.6,-16726.6,11336,-2857.91,3147.38,1993.71,-2730.13,135.771,135.771,939.891,939.891,-289.544,368.633,-2347.84,-383.15,65.9136,65.9136,1907.67,628.016,2551.02,1841.99,144.647,144.647,221.647,221.734,2053.56,2053.56,2229.81,1154.4,1667.42,906.409,467.19,171.761,171.761,-66.5973,-75.0521,0,-704.783,-783.696,0,-28.6314,921.132,921.132,68.5756,304.232,-418.471,-420.662,89.2396,-529.301,-516.747,1597.72,-2790.69,-6456.65,-1240.66,-499.246,-499.246,242.844,2084.81,2084.81,966.334,959.368,1.67052e-06,0,898.632,898.632,0,1.23865e-06,0,1247.59,0,-930.93,0,1.39168e-08,3.78451e-08,-1177.38,-922.123,-922.123,0,-232.062,-232.062,1.92975e-08,0,1337.1,2089.61,2089.61,2089.61,2475.9,0,0,0,493.904,493.904,493.904,0,-820.517,-265.427,-265.427,-102.728,1.37537e-06,-51.3668,-51.3668,1.00129e-10,7.95576e-10,4.82577e-10,9.59196e-09,83.5631,82.9423,120.101,0,3.96947e-10,0,-3247.64,-3247.64,-3247.64,0,0,0,0,1.28551e-10,2.20877e-06,3031.76,3031.76,3.51042e-07,-5464.53,-835.332,-1221.45,0,1.3713e-07,-1045.8,-2654.58,2.05247e-06,-19837.8,-10935.5,-3147.77,-3019.46,52.0641,3217.64,3217.64,2.88053e-06,-78764.9,818.028,1.18818e-05,1.09651e-05,1030.67,1656.55,4092.41,6.22469e-06,1.06662e-06,1.26198e-06,545.749,4.5251e-07,5.62245e-05,0.000112949,7790.44,0.000469656,4766.4,8.67768e-06,823.809,2180.75,1.72205e-06,1600.67,4.70646e-07,2155.71,-3741.63,4.14956e-08,8.7429e-07,-2878.74,-2878.74,8.7855e-08,53.8152,53.8152,3.02355e-06,161.205,0,5.06067e-07,-2778.71,-6639.61,0,0
2020-08-02 14:00:00 UTC,-3375.89,-985.387,3663.42,-619.652,-619.652,-343.507,1266.93,1451.15,-1757.47,-1757.47,2012.8,1643.24,-7074.51,-92.6014,904.633,1567.77,3137.81,992.534,-5469.78,-760.985,212.102,-2759.6,-2759.6,-2546.88,-3486.46,-1016.94,-641.131,385.248,127.429,2036.68,-710.007,-710.007,-1610.75,-900.954,-900.954,-5525.24,3134.34,3144.41,-10838.8,-10838.8,3516.62,6563.88,3280.38,2023.6,4689.23,-6457.01,-9444.9,-9514.49,-10055,223.546,-1652.01,-1652.01,322.64,-358.537,-633.705,321.823,321.823,-2726.86,1159.7,564.064,1651.5,-2028.97,-2188.19,1087.24,1087.24,-413.162,-505.241,459.202,459.202,446.292,2546.92,-1816.09,908.045,908.045,47.2001,47.2001,16.7856,12.7245,25.2632,-89.3443,-185.952,138.447,-9.18739,-8.56832,2.64985,-40.0581,-17.7925,460.354,460.354,71.0441,71.0441,70.3584,70.3584,-900.885,-900.885,-900.885,296.346,296.346,107.763,-238.776,-110.639,-110.639,166.999,166.999,-409.789,-150.921,-2022.58,-1.7415,-1.7415,-1683.87,-1683.87,-1683.87,4853.37,-1276.52,-1276.52,-1336.36,-1336.36,2.39,404.462,404.462,-107.418,-107.418,-5611.83,-5611.83,5291.69,5291.69,0,-224.312,-2339.72,-969.098,2141.8,2141.8,-1827.97,9810.12,4299.72,-1887.8,-5564.85,-5564.85,1370.98,1370.98,-4765.09,-4765.09,510.303,1207.65,7579.82,3090.28,2353.31,2353.31,-1467.29,-1467.29,-1467.29,3736.38,3736.38,-4738.9,6.48478e-07,6.48478e-07,1739.01,-3276.9,-3276.9,4738.55,-1640.32,1357.04,0,2998.45,1294.69,-4440,-3293.2,-3293.2,-456.805,240.339,-56.745,-3478.53,-3478.53,-2246.55,1077.76,1077.76,10863.8,-6915.6,-10855,9455.98,9525.73,10066.4,-13706.6,2764.3,-2617.75,9455.98,9525.73,10066.4,-10478.2,-5685.35,-3352.75,820.971,15480.8,2694.01,12720.1,31494.3,17315.4,17315.4,2068.26,-9715.99,911.047,2049.89,824.429,-1000.98,1031.26,-1081.26,-919.347,-1007.09,1066.27,1090.87,1072.16,-1034.61,339.472,339.472,-967.617,4282.46,4282.46,-9553.73,961.289,1358.6,-1050.69,785.638,2612.45,4282.63,4282.63,7155.49,8809.44,9302.25,17967.9,-9596.16,5278.8,-7151.19,1789.82,5275.39,9059.19,5311.74,5309.79,-1789.5,-8798.23,-9290.09,3762.84,3806.91,2738.65,3179.47,2564.2,3052.79,2136.18,2136.18,491.391,945.34,-2007,-2265.3,3984.21,-8803.37,-8803.37,-9295.82,-9295.82,-1600.28,-1600.28,101.066,389.57,1252.24,1252.24,5300.35,5300.35,-5186.13,-5186.13,1659.55,-42.195,2936.57,-3563.9,14731.6,-15862.8,-17612,11630,-2933.11,3548.94,2218.03,-2940.73,135.822,135.822,1135.67,1135.67,-397.806,451.117,-2743.22,-464.064,128.646,128.646,2220.15,723.088,3069.02,2091.73,187.653,187.653,303.067,303.184,2238.18,2238.18,2463.24,1305.39,1875.4,1116.61,700.871,207.869,207.869,-33.026,-37.4974,0,-738.827,-821.553,0,11.6546,968.835,968.835,8.51848,495.337,-443.245,-445.563,55.2638,-495.092,-483.216,1790.5,-2870.01,-6617.94,-1309.72,-532.818,-532.818,244.801,2180.64,2180.64,1039.38,1031.88,1.77045e-06,0,807.874,807.874,0,1.64578e-06,0,1471,0,-1016.91,0,1.45004e-08,4.05024e-08,-1286.29,-1018.34,-1018.34,0,-256.321,-256.321,2.20101e-08,0,1582.11,2442.14,2442.14,2442.14,2792.07,0,0,0,581.985,581.985,581.985,0,-859.467,-269.198,-269.198,-94.3953,1.77662e-06,-47.2001,-47.2001,3.27964e-11,9.94048e-10,3.75322e-10,1.2844e-08,87.4728,86.8232,129.442,7.10402e-11,2.61048e-10,0,-3556.7,-3556.7,-3556.7,0,0,0,0,3.61022e-10,2.77989e-06,3285.07,3285.07,3.40875e-07,-6195.14,-946.762,-1384.38,0,1.92648e-07,-1138.85,-2942.81,2.07239e-06,-21688.4,-11899.1,-3343.26,-3208.8,56.7463,3489.9,3489.9,3.44664e-06,-86454.1,959.608,1.65725e-05,1.24631e-05,1075.99,1729.38,4272.35,6.89974e-06,1.1675e-06,1.37982e-06,525.8,5.36137e-07,6.32401e-05,0.000117356,7925.56,0.000495218,5268.01,8.63299e-06,826.764,2566.88,2.02948e-06,1836.22,4.80403e-07,2374.32,-4301.26,4.77759e-08,9.09672e-07,-3117.98,-3117.98,1.21973e-07,-10.3911,-10.3911,3.84249e-06,343.566,0,5.5229e-07,-2988.04,-7285.66,0,0
2020-08-02 15:00:00 UTC,-3491.72,-1007.4,3540.36,-447.477,-447.477,-586.787,1181.99,1345.12,-1752.86,-1752.86,2291.94,1928.82,-7764.46,-51.2279,1073.04,1667.76,3471.53,1098.08,-6091.08,-862.603,-62.3109,-3050.6,-3050.6,-2749.22,-3727.77,-1085.07,-682.987,427.104,122.589,2202.41,-775.318,-775.318,-1804.24,-1029.18,-1029.18,-6147.94,3697.76,3709.66,-12473.6,-12473.6,4120.01,7506.32,3629.11,2238.68,5451.55,-7422.52,-10960.9,-11041.6,-11669,286.46,-1904.35,-1904.35,359.961,-423.963,-855.252,322.11,322.11,-3208.6,1242.28,646.097,1900.99,-2397.41,-2585.6,1254.64,1254.64,-408.202,-455.129,431.666,431.666,439.057,2777.94,-2002.79,1001.39,1001.39,34.0654,34.0654,16.4582,11.0042,29.3629,-103.718,-224.897,160.708,-10.2339,-9.54431,1.647,-46.8068,-30.3439,513.584,513.584,97.2211,97.2211,96.2749,96.2749,-1009.36,-1009.36,-1009.36,345.315,345.315,109.232,-281.874,-115.908,-115.908,199.107,199.107,-440.408,-172.612,-2237.44,-7.565,-7.565,-1893.48,-1893.48,-1893.48,5442.15,-1441.73,-1441.73,-1499.43,-1499.43,10.387,463.371,463.371,-75.1346,-75.1346,-6252.26,-6252.26,5830.41,5830.41,0,-235.978,-2577.46,-1049.34,2352.08,2352.08,-2039.11,11019.4,4829.8,-2096.81,-6219.41,-6219.41,1528.56,1528.56,-5327.45,-5327.45,586.673,1341.02,8750.58,3047.7,2635.89,2635.89,-1640.54,-1640.54,-1640.54,4273.4,4273.4,-5302.21,6.48473e-07,6.48473e-07,1940.33,-3741.52,-3741.52,5405.89,-1908.23,1554.55,0,3464.21,1412.21,-5151.13,-3772.59,-3772.59,-512.516,241.572,-66.845,-3786.01,-3786.01,-2603.76,1247.84,1247.84,12586.6,-8117.37,-12574.8,10975.8,11056.8,11684.4,-16016.5,3182.39,-3007.9,10975.8,11056.8,11684.4,-11991.4,-6652.15,-4308.79,655.275,16616.9,3045.23,13719.4,33831.4,18576.2,18576.2,2178.95,-10998.8,1065.72,2140.96,881.688,-1090.05,1121.28,-1193.45,-1000.75,-1097.79,1135.15,1161.35,1141.41,-1131.28,401.954,401.954,-1060.16,4694.12,4694.12,-10627.9,1180.64,1470.61,-1151.42,827.544,2800.96,4791.92,4791.92,7713.92,9347.09,9869.99,19002.6,-9936.82,5832.56,-7708.92,1787.69,5828.4,9556.33,5603.22,5601.17,-1787.37,-9334.47,-9856.31,3934.96,3981.05,2874.17,3336.81,2668.04,3360.1,2237.95,2237.95,500.414,1101.16,-2102.61,-2373.21,4163.77,-9340.25,-9340.25,-9862.76,-9862.76,-1661.74,-1661.74,111.246,427.846,1283.07,1283.07,5486.69,5486.69,-5465.73,-5465.73,1970.08,25.4772,3017.92,-3722.19,15225.6,-16750.9,-18612.2,11938.6,-3014.27,3980.41,2457.73,-3171.53,134.396,134.396,1345.43,1345.43,-515.856,538.773,-3168.02,-550.083,196.869,196.869,2554.03,826.316,3624.15,2357.35,234.242,234.242,390.034,390.183,2441.73,2441.73,2720.16,1471.2,2106.99,1336.5,964.126,244.929,244.929,14.2883,15.4589,0,-754.852,-839.516,0,65.9516,986.517,986.517,-74.1251,747.103,-467.444,-469.885,6.32544,-437.136,-426.494,1996.75,-2887.54,-6750.83,-1355.93,-571.069,-571.069,214.456,2249.56,2249.56,1112.21,1104.2,1.81444e-06,0,653.162,653.162,0,2.12567e-06,0,1611.13,0,-1085.04,0,1.37381e-08,3.55159e-08,-1389.27,-1101.2,-1101.2,0,-274.827,-274.827,2.49525e-08,0,1934.14,2903.52,2903.52,2903.52,3131.87,0,0,0,715.063,715.063,715.063,0,-847.272,-248.7,-248.7,-68.1282,2.21183e-06,-34.0654,-34.0654,-7.52202e-11,2.24368e-09,-6.75841e-11,1.67334e-08,85.9211,85.2833,150.928,-7.10367e-11,-2.49822e-10,0,-3932.76,-3932.76,-3932.76,0,0,0,0,1.72174e-09,3.5752e-06,3572.09,3572.09,2.86761e-07,-7073.56,-1068.21,-1561.95,0,2.91059e-07,-1226.69,-3292.13,1.94511e-06,-24029.8,-13064.1,-3552.75,-3404.43,66.8468,3803.6,3803.6,4.2213e-06,-96499.6,1118.44,2.36409e-05,1.44021e-05,1127.25,1811.77,4475.89,7.71849e-06,1.29214e-06,1.53366e-06,506.227,6.4511e-07,7.17958e-05,0.000121196,8013.26,0.000522933,5819.38,8.62216e-06,832.792,2981.91,2.40855e-06,2091.77,4.94207e-07,2605.23,-4897.6,5.87519e-08,9.53566e-07,-3387.18,-3387.18,1.68946e-07,-81.1736,-81.1736,4.72757e-06,586.957,0,5.75248e-07,-3196.52,-8024.48,0,0
2020-08-02 16:00:00 UTC,-3604.26,-1029.73,3403.66,-279.615,-279.615,-816.91,1088.86,1229.92,-1742.74,-1742.74,2546.15,2206.28,-8415.96,-19.4242,1239.31,1754.14,3797.74,1201.25,-6676.57,-958.214,-318.292,-3349.09,-3349.09,-2936.66,-3932.2,-1142.7,-723.165,467.282,111.732,2360.94,-839.402,-839.402,-1999.98,-1160.9,-1160.9,-6746.31,4255.94,4269.64,-14059.1,-14059.1,4722.96,8394.04,3958.26,2441.68,6221.25,-8399.52,-12427.8,-12519.4,-13230.8,347.738,-2149.16,-2149.16,398.698,-487.524,-1061.21,324.714,324.714,-3675.07,1333.12,732.11,2132.91,-2751.96,-2968.06,1400.49,1400.49,-404.024,-408.088,406.056,406.056,432.761,2996.26,-2185.19,1092.6,1092.6,21.6864,21.6864,16.279,9.51091,33.3367,-117.569,-262.102,182.137,-11.642,-10.8576,0.184921,-53.5973,-42.0471,565.006,565.006,121.917,121.917,120.725,120.725,-1115.47,-1115.47,-1115.47,395.589,395.589,110.222,-323.177,-120.609,-120.609,229.85,229.85,-466.601,-193.272,-2440.21,-6.1435,-6.1435,-2090.26,-2090.26,-2090.26,6026.41,-1594.74,-1594.74,-1655.24,-1655.24,8.43802,518.787,518.787,-47.7455,-47.7455,-6879.95,-6879.95,6363.97,6363.97,0,-248.258,-2811.84,-1123.86,2561.63,2561.63,-2245.48,12199.7,5347.24,-2305.98,-6859.08,-6859.08,1688.51,1688.51,-5877.05,-5877.05,668.501,1477.2,9891.71,3011.47,2916.35,2916.35,-1811.76,-1811.76,-1811.76,4797.39,4797.39,-5850.59,6.48477e-07,6.48477e-07,2130.86,-4189.9,-4189.9,6048.34,-2170.1,1743.97,0,3915.87,1526.3,-5851.62,-4237.36,-4237.36,-571.027,237.36,-65.073,-4083.71,-4083.71,-2949.3,1411.8,1411.8,14251.2,-9282.58,-14236.1,12447,12538.8,13250.6,-18252.7,3585.41,-3382.32,12447,12538.8,13250.6,-13470.6,-7594.6,-5223.61,498.829,17727.3,3392.49,14694.8,36103.8,19800.7,19800.7,2284.9,-12271.4,1231.82,2224.89,937.903,-1173.88,1208.24,-1304.22,-1078.76,-1185.19,1202,1229.76,1208.64,-1225.5,466.505,466.505,-1150.97,5093.49,5093.49,-11692.5,1411.33,1576.56,-1250.34,866.568,2980.31,5298.21,5298.21,8261.01,9864.93,10416.8,19991.3,-10251.7,6383.1,-8255.27,1777.17,6378.11,10033.3,5882.86,5880.7,-1776.85,-9850.87,-10401.6,4095.39,4143.36,3007.2,3491.26,2759.31,3665.52,2334.47,2334.47,503.303,1256.41,-2193.3,-2475.56,4348.75,-9857.31,-9857.32,-10408.8,-10408.8,-1724.13,-1724.13,121.873,467.82,1314.01,1314.01,5675.47,5675.47,-5750.87,-5750.87,2280.4,92.3557,3103.84,-3883.19,15738.2,-17612.4,-19568.4,12268.5,-3099.98,4391.71,2680.77,-3400.07,128.456,128.456,1546.52,1546.52,-635.669,621.449,-3580.43,-629.819,266.744,266.744,2863.32,925.827,4131.19,2596.71,281.712,281.712,473.829,474.009,2642.68,2642.68,2971.42,1631.44,2331.39,1553.02,1211.55,281.817,281.817,56.9547,63.2042,0,-782.823,-870.759,0,115.447,1021.05,1021.05,-149.541,984.417,-491.124,-493.685,-37.5801,-386.002,-376.439,2177.78,-2881.85,-6874.73,-1389.93,-607.151,-607.151,176.2,2316.99,2316.99,1187.85,1179.29,1.86578e-06,0,501.936,501.936,0,2.60449e-06,0,1728.21,0,-1142.66,0,1.42238e-08,2.91369e-08,-1477.06,-1180.47,-1180.47,0,-289.487,-289.487,2.906e-08,0,2268.11,3347.41,3347.41,3347.41,3464.07,0,0,0,846.571,846.571,846.571,0,-836.797,-229.379,-229.379,-43.3718,2.7253e-06,-21.6864,-21.6864,7.17876e-10,1.04057e-09,2.22689e-10,1.94848e-08,84.2913,83.666,156.15,0,1.79672e-11,0,-4301.06,-4301.06,-4301.06,0,0,0,0,2.88117e-09,4.47504e-06,3851.49,3851.49,2.102e-07,-7918.64,-1187.71,-1736.68,0,4.161e-07,-1305.15,-3633.59,1.71318e-06,-26319.7,-14195.9,-3747.61,-3592.77,65.0748,4108.19,4108.19,5.08702e-06,-106375,1276.87,3.22759e-05,1.64527e-05,1175.86,1889.91,4668.93,8.50652e-06,1.42919e-06,1.697e-06,489.577,7.61601e-07,8.02412e-05,0.000125619,8125.26,0.000553384,6367.32,8.62943e-06,842.596,3383.92,2.84053e-06,2355.47,5.18488e-07,2809.59,-5442.99,7.22019e-08,1.00736e-06,-3650.6,-3650.6,2.29764e-07,-150.708,-150.708,5.73506e-06,817.237,0,5.91978e-07,-3388.17,-8717.17,0,0
2020-08-02 17:00:00 UTC,-3684.9,-1040.97,3218.28,-103.077,-103.077,-1048.87,976.093,1091.59,-1700.34,-1700.34,2813.28,2477.54,-9041.3,45.1501,1398.96,1853.16,4093,1294.62,-7257.49,-1055.23,-594.941,-3638.88,-3638.88,-3113.65,-4093.2,-1189.61,-763.021,507.138,92.7528,2517.47,-900.791,-900.791,-2180.89,-1280.48,-1280.48,-7325.88,4821.86,4837.39,-15647.2,-15647.2,5338.18,9281.51,4278.34,2639.09,7012.53,-9424.75,-13898.7,-14001,-14796.8,408.765,-2396.91,-2396.91,438.18,-551.48,-1274.96,325.876,325.876,-4144.79,1424.33,821.146,2361.21,-3108.79,-3352.99,1539.68,1539.68,-397.332,-354.536,375.934,375.934,423.603,3204.62,-2366.51,1183.25,1183.25,8.1822,8.1822,16.2046,8.13703,37.3665,-131.558,-299.813,204.203,-13.5615,-12.6478,-1.83087,-60.9158,-53.5125,618.189,618.189,146.417,146.417,144.979,144.979,-1223.94,-1223.94,-1223.94,450.97,450.97,111.345,-365.363,-125.062,-125.062,261.158,261.158,-489.834,-214.408,-2637.36,-9.102,-9.102,-2287.22,-2287.22,-2287.22,6592.05,-1747.64,-1747.64,-1809.64,-1809.64,12.503,576.741,576.741,-18.0995,-18.0995,-7489.81,-7489.81,6875.13,6875.13,0,-260.661,-3040.82,-1201.37,2760.24,2760.24,-2446.18,13356.9,5854.54,-2508.19,-7481.9,-7481.9,1840.08,1840.08,-6412.33,-6412.33,740.852,1603.5,11037.6,2935.23,3189.04,3189.04,-1980.34,-1980.34,-1980.34,5322.87,5322.87,-6385.21,6.48449e-07,6.48449e-07,2330.04,-4643.43,-4643.43,6699.62,-2440.14,1925.35,0,4367.69,1630.9,-6556.03,-4704.41,-4704.41,-623.737,238.541,-70.457,-4370.03,-4370.03,-3294.87,1577.64,1577.64,15922.2,-10462.3,-15903.3,13922.7,14025.4,14821.6,-20509.8,3990.04,-3755.63,13922.7,14025.4,14821.6,-14939.5,-8544.56,-6187.39,320.513,18744.6,3731.06,15598.5,38201.4,20929.7,20929.7,2375.84,-13505.9,1376.67,2296.67,993.413,-1251.23,1291.47,-1407.4,-1153,-1268.2,1262.9,1292.08,1269.87,-1314.6,528.476,528.476,-1236.66,5478.49,5478.49,-12706.5,1624.75,1682.76,-1343.66,904.436,3151.31,5785.93,5785.93,8781.58,10329.9,10907.8,20855.7,-10501.9,6934.5,-8775.09,1740.91,6928.61,10447.4,6125.7,6123.46,-1740.61,-10314.5,-10891.1,4230.65,4280.22,3117.2,3618.97,2820.03,3970.54,2420.75,2420.75,489.501,1415.82,-2274.36,-2567.06,4506.6,-10321.5,-10321.5,-10899,-10899,-1772.2,-1772.2,134.217,514.01,1326.9,1326.9,5809.96,5809.96,-6001.37,-6001.37,2613.73,168.561,3159.19,-4013.98,16089.3,-18362.5,-20405.3,12488.6,-3155.19,4800.02,2897.43,-3621.16,117.922,117.922,1754.19,1754.19,-765.022,706.3,-4005.39,-709.807,343.696,343.696,3168.88,1027.14,4621.33,2825.26,333.25,333.25,562.762,562.974,2840.91,2840.91,3221.62,1792.87,2557.28,1780.1,1470.53,320.37,320.37,102.441,114.107,0,-812.656,-904.116,0,168.441,1053.82,1053.82,-229.963,1227.03,-512.643,-515.313,-84.2829,-327.378,-319.066,2343.8,-2847.06,-6936.93,-1428.47,-640.717,-640.717,147.541,2362.93,2362.93,1259.01,1249.93,1.88312e-06,0,341.253,341.253,0,3.11104e-06,0,1890.49,0,-1189.57,0,1.38367e-08,2.33179e-08,-1536.83,-1258.74,-1258.74,0,-299.924,-299.924,3.14594e-08,0,2599.34,3793.48,3793.48,3793.48,3803.51,0,0,0,973.22,973.22,973.22,0,-820.947,-207.096,-207.096,-16.3643,3.31432e-06,-8.1822,-8.1822,3.84444e-10,3.35815e-09,2.78688e-10,2.56399e-08,82.0862,81.4777,170.299,0,1.72943e-10,0,-4657.61,-4657.61,-4657.61,0,0,0,0,4.57236e-09,5.46054e-06,4121.99,4121.99,1.23927e-07,-8755.58,-1300.36,-1901.39,0,5.78542e-07,-1374.83,-3964.57,1.37562e-06,-28531.6,-15278,-3932.31,-3764.41,70.4591,4400.37,4400.37,5.99012e-06,-115933,1439.12,4.20289e-05,1.84253e-05,1219.32,1959.76,4841.49,9.27807e-06,1.54733e-06,1.83576e-06,471.52,8.64734e-07,8.7927e-05,0.000128411,8189.17,0.000574225,6915.87,8.60971e-06,845.307,3797.91,3.34345e-06,2637.56,5.5037e-07,2997.86,-5973.58,9.53655e-08,1.06648e-06,-3907.22,-3907.22,3.06703e-07,-226.341,-226.341,6.94155e-06,1049.41,0,5.96207e-07,-3576.75,-9405.86,0,0
2020-08-02 18:00:00 UTC,-3722.77,-1040.71,3000.88,65.2007,65.2007,-1254.31,854.731,943.884,-1635.08,-1635.08,3037.27,2707.79,-9539.75,96.8071,1534.93,1924.23,4334.55,1371.01,-7727.01,-1134.94,-846.964,-3892.77,-3892.77,-3255.19,-4169.21,-1213.14,-798.461,542.578,61.3324,2655.36,-951.924,-951.924,-2319.81,-1368.31,-1368.31,-7808.8,5315.74,5332.87,-17002.1,-17002.1,5880.39,10027.6,4536.73,2798.45,7717.93,-10390.9,-15158.6,-15270.2,-16138.2,460.224,-2610.97,-2610.97,469.534,-606.265,-1458.53,324.624,324.624,-4548.55,1501.26,900.378,2545.49,-3417.73,-3686.29,1644.66,1644.66,-385.557,-296.232,340.895,340.895,409.018,3368.02,-2512.73,1256.36,1256.36,-5.28096,-5.28096,16.1053,6.90002,40.88,-143.703,-331.887,222.551,-14.8184,-13.82,-3.21066,-66.787,-63.5877,663.714,663.714,167.926,167.926,166.273,166.273,-1317.69,-1317.69,-1317.69,504.741,504.741,111.609,-400.845,-128.083,-128.083,287.608,287.608,-502.466,-231.974,-2796.51,-14.0705,-14.0705,-2450.55,-2450.55,-2450.55,7057.54,-1871.47,-1871.47,-1937.13,-1937.13,19.3261,623.846,623.846,6.21239,6.21239,-7990.34,-7990.34,7294.94,7294.94,0,-270.648,-3229.77,-1266.48,2923.58,2923.58,-2612.36,14315.6,6274.84,-2678.02,-7993.05,-7993.05,1964,1964,-6851.01,-6851.01,798.053,1706.57,12014.9,2846.2,3416.29,3416.29,-2124.35,-2124.35,-2124.35,5769.63,5769.63,-6822.3,6.4839e-07,6.4839e-07,2500.39,-5026.96,-5026.96,7254.97,-2672.51,2077.38,0,4752.45,1715.96,-7157.55,-5097.78,-5097.78,-667.027,241.074,-70.797,-4607.7,-4607.7,-3591.39,1718.42,1718.42,17350.7,-11475.8,-17328.3,15187.2,15299.2,16167.7,-22445.1,4331.61,-4075.47,15187.2,15299.2,16167.7,-16185.7,-9358,-7036.46,152.97,19533.2,4014.47,16307.7,39826.9,21804.2,21804.2,2444.05,-14533.2,1489.64,2349.74,1031.88,-1318.25,1358.48,-1488.78,-1212.62,-1334.71,1310.27,1340.55,1317.5,-1385.69,581.881,581.881,-1304.86,5795.94,5795.94,-13539.2,1798.26,1771.49,-1417.93,928.56,3281.19,6189.67,6189.67,9194.7,10674.6,11271.8,21481.8,-10649.4,7392.6,-9187.59,1689.14,7385.91,10739.8,6297.15,6294.85,-1688.85,-10658.1,-11253.9,4319.06,4369.66,3190.27,3703.81,2846.85,4222.29,2481.03,2481.03,467.618,1558.23,-2331,-2630.97,4611.7,-10665.6,-10665.6,-11262.3,-11262.3,-1800.06,-1800.06,144.952,554.013,1324.45,1324.45,5878.01,5878.01,-6181.3,-6181.3,2907.02,239.771,3181.64,-4098.22,16255.4,-18901,-21003.1,12583.3,-3177.58,5130.36,3068.22,-3794.57,104.981,104.981,1928.81,1928.81,-880.422,777.264,-4364.93,-775.704,413.756,413.756,3418.73,1110.87,5018.27,3004.99,378.963,378.963,640.206,640.446,3000.24,3000.24,3424.91,1925.74,2743.2,1969.01,1690.43,352.532,352.532,144.879,161.605,0,-832.795,-926.687,0,216.267,1079.43,1079.43,-304.494,1443,-529.447,-532.201,-128.556,-269.597,-262.538,2469.99,-2781.49,-6932.47,-1458.8,-666.025,-666.025,127.201,2381.74,2381.74,1315.48,1306,1.85976e-06,0,186.113,186.113,0,3.60103e-06,0,2012.11,0,-1213.1,0,1.45051e-08,1.88857e-08,-1556.49,-1327.68,-1327.68,0,-301.933,-301.933,3.74893e-08,0,2875.92,4179.05,4179.05,4179.05,4096.92,0,0,0,1066.6,1066.6,1066.6,0,-794.586,-182.122,-182.122,10.562,3.83364e-06,5.28096,5.28096,1.12855e-09,4.48939e-09,9.8745e-10,2.89663e-08,78.9918,78.4067,182.227,0,-2.90713e-12,0,-4953.69,-4953.69,-4953.69,0,0,0,0,6.48097e-09,6.41616e-06,4339.39,4339.39,5.59517e-08,-9467.22,-1398.96,-2045.55,0,7.42074e-07,-1429.6,-4241.3,1.03864e-06,-30343,-16154.7,-4066.69,-3897.39,70.7992,4642.44,4642.44,6.7762e-06,-123790,1583.91,5.10205e-05,2.00021e-05,1249.68,2008.56,4962.04,9.86096e-06,1.63059e-06,1.93034e-06,450.765,9.32541e-07,9.36053e-05,0.000129322,8198.9,0.000583368,7371.43,8.60198e-06,842.347,4148.9,3.81102e-06,2886.98,5.8096e-07,3137.11,-6400.09,1.17833e-07,1.11709e-06,-4106.99,-4106.99,3.79562e-07,-290.029,-290.029,8.07228e-06,1255.08,0,5.8354e-07,-3729.06,-9968.18,0,0
2020-08-02 19:00:00 UTC,-3723.6,-1031.47,2763.21,222.518,222.518,-1431.56,729.585,792.228,-1545.68,-1545.68,3206.68,2903.16,-9908.79,135.922,1653.54,1963.39,4528.35,1432.3,-8084.99,-1197.31,-1066.85,-4116.2,-4116.2,-3363.83,-4201.29,-1224.04,-827.489,571.606,28.8955,2767.71,-991.587,-991.587,-2419.85,-1428.72,-1428.72,-8191.75,5723.26,5741.72,-18092.5,-18092.5,6329.55,10620.6,4731.75,2918.71,8304.88,-11210.7,-16178,-16297.1,-17223.6,502.484,-2784.67,-2784.67,493.825,-650.907,-1612.11,321.04,321.04,-4877.75,1560.24,965.986,2694,-3670.61,-3959.1,1727.51,1727.51,-370.87,-238.404,304.637,304.637,391.458,3486.48,-2622,1311,1311,-17.8862,-17.8862,15.9246,5.76723,43.743,-153.6,-358.209,237.373,-15.6993,-14.6415,-4.22733,-71.4528,-72.1225,700.514,700.514,185.935,185.935,184.101,184.101,-1392.87,-1392.87,-1392.87,551.103,551.103,111.397,-429.726,-129.975,-129.975,309.213,309.213,-509.377,-246.14,-2916.61,-22.3115,-22.3115,-2583.67,-2583.67,-2583.67,7423.6,-1970.17,-1970.17,-2040.84,-2040.84,30.6463,661.173,661.173,24.6847,24.6847,-8390.11,-8390.11,7631.07,7631.07,0,-278.909,-3379.7,-1316.25,3054.53,3054.53,-2743.45,15078.6,6609.33,-2814.12,-8400.9,-8400.9,2064.22,2064.22,-7201.71,-7201.71,845.321,1790.57,12802.1,2762.65,3596.88,3596.88,-2239.11,-2239.11,-2239.11,6127.53,6127.53,-7170.81,6.48273e-07,6.48273e-07,2639.88,-5335.98,-5335.98,7704.87,-2861.27,2198.54,0,5062.67,1784.49,-7644.55,-5413.71,-5413.71,-703.773,241.009,-69.929,-4788.88,-4788.88,-3829.31,1834.8,1834.8,18508.5,-12296.6,-18483,16210.6,16330.1,17257.2,-24012,4604.89,-4339.1,16210.6,16330.1,17257.2,-17192,-10016.8,-7730.52,14.2156,20134.2,4242.32,16851.5,41074.1,22474.1,22474.1,2490.35,-15351.5,1574.22,2384.67,1062.62,-1372.37,1410.08,-1552.89,-1259,-1386.42,1345.96,1377.08,1353.39,-1440.95,624.998,624.998,-1357.87,6044.78,6044.78,-14191.5,1934.57,1840.2,-1475.67,947.773,3385.48,6513.56,6513.56,9504.83,10934.9,11546.7,21953.9,-10737.3,7736.07,-9497.24,1651.8,7728.74,10960.1,6426.32,6423.97,-1651.52,-10917.7,-11528,4385.96,4437.35,3247.87,3770.68,2865.98,4407.45,2526.99,2526.99,449.886,1663.36,-2374.18,-2679.71,4702.94,-10925.6,-10925.6,-11536.8,-11536.8,-1824.49,-1824.49,153.623,586.391,1323.83,1323.83,5939.19,5939.19,-6325.14,-6325.14,3118.75,289.046,3202.37,-4167.87,16414.2,-19303.7,-21453.8,12669.3,-3198.26,5372.29,3190,-3924.63,92.1661,92.1661,2059.95,2059.95,-968.729,829.629,-4625.85,-824.097,467.441,467.441,3597.84,1170.9,5310.77,3130.37,414.518,414.518,699.94,700.203,3121.59,3121.59,3579.19,2026.13,2885.55,2110.09,1859.3,376.423,376.423,180.692,201.694,0,-842.98,-938.193,0,255.903,1091.27,1091.27,-366.963,1626.15,-539.552,-542.356,-166.227,-216.793,-210.9,2554.83,-2698.36,-6901.4,-1484.6,-684.487,-684.487,116.054,2377.54,2377.54,1357.35,1347.56,1.81808e-06,0,35.8396,35.8396,0,3.95707e-06,0,2089.52,0,-1223.99,0,1.30634e-08,1.29607e-08,-1558.8,-1383.85,-1383.85,0,-300.228,-300.228,3.90424e-08,0,3101.92,4494.88,4494.88,4494.88,4332.38,0,0,0,1138.29,1138.29,1138.29,0,-762.338,-156.94,-156.94,35.7732,4.23502e-06,17.8862,17.8862,2.70022e-09,4.12624e-09,2.00756e-09,2.9202e-08,75.5019,74.943,197.2,0,3.81247e-11,0,-5188.26,-5188.26,-5188.26,0,0,0,0,7.18911e-09,7.21883e-06,4505.52,4505.52,1.69699e-08,-10042.4,-1475.88,-2158.01,0,8.85141e-07,-1471.05,-4463.76,7.63222e-07,-31778.4,-16837.2,-4174.36,-3997.24,69.9312,4826.89,4826.89,7.42743e-06,-130042,1690.68,5.8786e-05,2.1256e-05,1272.83,2045.77,5053.97,1.02942e-05,1.70582e-06,2.01488e-06,442.257,9.90391e-07,9.78599e-05,0.000129999,8198.36,0.000591751,7712.89,8.63793e-06,839.67,4404.32,4.17252e-06,3067.42,5.98523e-07,3230.41,-6702.28,1.37234e-07,1.15106e-06,-4260.02,-4260.02,4.45289e-07,-339.121,-339.121,8.90652e-06,1432.56,0,5.59458e-07,-3848.24,-10404.3,0,0
2020-08-02 20:00:00 UTC,-3709.74,-1019.9,2549.34,352.369,352.369,-1561.51,621.744,662.075,-1453.36,-1453.36,3332.44,3057.48,-10175.8,174.223,1748.5,1991.39,4673.18,1478.1,-8353.26,-1244.88,-1234.7,-4305.82,-4305.82,-3453.02,-4200.05,-1225.63,-853.196,597.313,-6.28027,2866.63,-1024,-1024,-2491.05,-1467.54,-1467.54,-8493.97,6025.67,6045.11,-18900.8,-18900.8,6668.05,11061.5,4874.48,3006.74,8754.99,-11909.2,-16931.5,-17056.1,-18025.9,530.824,-2915.4,-2915.4,510.095,-683.219,-1720.59,319.88,319.88,-5118.92,1607.22,1015.11,2796.82,-3857.71,-4160.96,1781.17,1781.17,-360.014,-194.841,277.428,277.428,378.444,3572.06,-2702.09,1351.04,1351.04,-27.2302,-27.2302,15.9507,5.11617,45.8991,-161.068,-376.502,247.568,-15.861,-14.7923,-4.37472,-74.328,-78.0303,728.789,728.789,198.712,198.712,196.75,196.75,-1451.58,-1451.58,-1451.58,590.519,590.519,111.735,-449.734,-131.592,-131.592,324.185,324.185,-510.36,-256.104,-3004.5,-21.1495,-21.1495,-2673.62,-2673.62,-2673.62,7706.27,-2029.97,-2029.97,-2114.47,-2114.47,29.0513,689.108,689.108,30.5656,30.5656,-8692.41,-8692.41,7890.46,7890.46,0,-288.572,-3500,-1356.69,3155.97,3155.97,-2841.72,15648.5,6859.19,-2926.21,-8705.77,-8705.77,2144.15,2144.15,-7463.76,-7463.76,879.09,1854.32,13399.6,2704.98,3739.27,3739.27,-2331.87,-2331.87,-2331.87,6401.81,6401.81,-7426.81,6.48484e-07,6.48484e-07,2748.23,-5569.3,-5569.3,8046.53,-3010.54,2282.19,0,5295.83,1829.85,-8021.37,-5651.05,-5651.05,-731.523,243.218,-75.057,-4924.03,-4924.03,-4006.75,1920.26,1920.26,19367.3,-12914.7,-19339.4,16967.2,17092.3,18062.7,-25186.5,4813.58,-4528.03,16967.2,17092.3,18062.7,-17953,-10514.4,-8249.03,-84.954,20583.4,4416,17256.6,42003.6,22972,22972,2522.2,-15974.7,1641.38,2407.31,1086.78,-1410.49,1448.49,-1601.42,-1294.31,-1425.66,1371.39,1403.1,1378.96,-1482.37,657.377,657.377,-1397.36,6230.29,6230.29,-14685,2042.18,1895.55,-1518.63,962.58,3462.72,6761.14,6761.14,9735.6,11126.7,11749.2,22299.3,-10793.3,7991.56,-9727.63,1622.1,7983.74,11119.3,6519.62,6517.24,-1621.84,-11108.8,-11729.8,4437.74,4489.74,3288.67,3818.06,2876.11,4542.59,2563.98,2563.98,431.49,1741.52,-2408.93,-2718.93,4763.77,-11117,-11117,-11738.9,-11738.9,-1841.36,-1841.36,159.751,609.259,1323.62,1323.62,5981.67,5981.67,-6430.45,-6430.45,3274.57,325.863,3216.7,-4218.08,16500.5,-19581.3,-21782.7,12734.7,-3212.55,5542.84,3270.98,-4021.42,78.6016,78.6016,2154.83,2154.83,-1035.99,866.114,-4812.35,-857.226,508.363,508.363,3716.16,1211.73,5488.08,3207.73,442.262,442.262,744.444,744.722,3211.94,3211.94,3693.1,2099.51,2990.42,2214.96,1980.31,394.351,394.351,207.123,231.28,0,-855.181,-951.91,0,285.01,1106.4,1106.4,-413.387,1761.58,-546.221,-549.058,-194.095,-176.63,-171.626,2601.08,-2614.03,-6870.34,-1500.61,-697.389,-697.389,106.237,2364.82,2364.82,1384.1,1374.12,1.76267e-06,0,-90.6402,-90.6402,0,4.17092e-06,0,2155.14,0,-1225.58,0,1.53096e-08,8.66748e-09,-1546.29,-1433.31,-1433.31,0,-295.492,-295.492,4.36464e-08,0,3256.9,4726.73,4726.73,4726.73,4515.98,0,0,0,1167.96,1167.96,1167.96,0,-738.468,-138.026,-138.026,54.462,4.55409e-06,27.2302,27.2302,4.99768e-10,3.20711e-09,7.24844e-10,3.14411e-08,73.0513,72.5108,189.706,0,3.2304e-10,0,-5368.2,-5368.2,-5368.2,0,0,0,0,9.11048e-09,7.85795e-06,4628.71,4628.71,1.53883e-09,-10460.6,-1525.64,-2230.76,0,1.02412e-06,-1496.92,-4630.09,5.61487e-07,-32857.9,-17341.6,-4253.5,-4069.18,75.0595,4964.21,4964.21,7.92948e-06,-134750,1769.61,6.51551e-05,2.22095e-05,1291.46,2075.71,5127.95,1.06775e-05,1.75893e-06,2.08304e-06,434.259,1.04094e-06,0.000100954,0.000131176,8238.75,0.000598085,7966.82,8.71261e-06,840.179,4586.12,4.45119e-06,3204.49,6.14787e-07,3283.13,-6896.41,1.52817e-07,1.17837e-06,-4372.81,-4372.81,5.01792e-07,-376.092,-376.092,9.58075e-06,1562.7,0,5.31823e-07,-3935.41,-10718.8,0,0
2020-08-02 21:00:00 UTC,-3725.12,-1019.26,2406.22,423.868,423.868,-1655.31,537.204,559.584,-1394.48,-1394.48,3432.98,3167.02,-10399.8,216.707,1814.12,2031.3,4777.82,1511.18,-8574.67,-1283.18,-1355.1,-4456.52,-4456.52,-3540.32,-4201.69,-1228.42,-878.046,622.163,-39.2761,2962.34,-1053.56,-1053.56,-2547.6,-1494.56,-1494.56,-8738.97,6238.51,6258.64,-19497.9,-19497.9,6914.58,11398.7,4991.7,3079.03,9095.01,-12474.6,-17479.8,-17608.5,-18609.7,546.804,-3013.46,-3013.46,521.124,-705.498,-1787.1,322.782,322.782,-5289.21,1651.88,1054.38,2856.01,-3991.2,-4304.98,1801.06,1801.06,-357.344,-171.636,264.49,264.49,374.716,3646.39,-2766.13,1383.06,1383.06,-32.7132,-32.7132,16.3196,5.06546,47.4955,-166.641,-389.042,255.092,-16.1273,-15.0406,-4.45829,-76.4968,-81.3175,752.378,752.378,206.502,206.502,204.461,204.461,-1499.59,-1499.59,-1499.59,622.765,622.765,113.559,-463.991,-133.822,-133.822,334.676,334.676,-511.91,-263.691,-3076.68,-19.8905,-19.8905,-2741.42,-2741.42,-2741.42,7921.33,-2072.61,-2072.61,-2169.96,-2169.96,27.3212,709.173,709.173,31.5757,31.5757,-8922.5,-8922.5,8091.73,8091.73,0,-296.921,-3594.46,-1392.19,3235.38,3235.38,-2917.14,16082.4,7049.42,-3014.48,-8936.29,-8936.29,2203.16,2203.16,-7661.42,-7661.42,898.293,1899.28,13851.2,2671.03,3849.66,3849.66,-2404.8,-2404.8,-2404.8,6612.22,6612.22,-7618.86,6.48255e-07,6.48255e-07,2837.02,-5747.72,-5747.72,8307.03,-3129.77,2334.36,0,5467.42,1861.01,-8312.98,-5830.7,-5830.7,-748.621,251.844,-82.787,-5028.77,-5028.77,-4137.52,1981.77,1981.77,19995.1,-13373.8,-19965.4,17517.9,17647.1,18648.9,-26054.5,4966.9,-4665.2,17517.9,17647.1,18648.9,-18525.5,-10887.1,-8629.29,-154.132,20940.4,4548.41,17575.9,42736,23365,23365,2549.21,-16447.8,1685.1,2428.84,1101.42,-1449.81,1479.35,-1637.19,-1322.7,-1456.81,1391.65,1423.84,1399.33,-1514.46,681.233,681.233,-1427.49,6376.92,6376.92,-15061,2116.19,1945.54,-1551.38,970.118,3524.39,6951.51,6951.51,9922.37,11279.4,11910.5,22578,-10850.2,8201.33,-9914.1,1595.76,8193.1,11243.4,6592.43,6590.02,-1595.5,-11261,-11890.6,4477.73,4530.2,3318.02,3852.14,2885.06,4652.17,2592.2,2592.2,418.41,1802.91,-2435.45,-2748.86,4810.19,-11269.5,-11269.5,-11899.9,-11899.9,-1851.22,-1851.22,165.558,630.899,1317.1,1317.1,6000.11,6000.11,-6504.55,-6504.55,3404.74,357.108,3218.57,-4249.51,16522.7,-19794.1,-22042.8,12753.6,-3214.41,5669.18,3327.07,-4103.07,65.2501,65.2501,2225.18,2225.18,-1091.69,891.96,-4957.32,-880.134,543.022,543.022,3803.41,1242.03,5610.37,3260.29,464.483,464.483,778.676,778.967,3286.42,3286.42,3784.21,2155.99,3072.29,2293.91,2065.19,408.109,408.109,225.955,252.356,0,-870.749,-969.342,0,305.6,1127.53,1127.53,-446.924,1861.37,-553.374,-556.247,-214.02,-150.175,-145.754,2629.32,-2559.12,-6856.63,-1518.98,-707.049,-707.049,105.29,2372.19,2372.19,1433.62,1423.28,1.8107e-06,0,-161.783,-161.783,0,4.30936e-06,0,2236.93,0,-1228.38,0,1.55943e-08,5.38496e-09,-1532.6,-1481.17,-1481.17,0,-291.416,-291.416,4.82907e-08,0,3345.68,4889.52,4889.52,4889.52,4665.61,0,0,0,1174.72,1174.72,1174.72,0,-732.069,-128.508,-128.508,65.4288,4.8238e-06,32.7132,32.7132,3.92154e-09,5.01447e-09,1.34674e-09,2.98042e-08,72.4229,71.8872,183.094,0,4.66253e-12,0,-5507.41,-5507.41,-5507.41,0,0,0,0,1.11352e-08,8.38468e-06,4726.18,4726.18,6.73243e-10,-10760.1,-1556.03,-2275.2,0,1.14144e-06,-1506.49,-4753.85,4.19377e-07,-33684.2,-17730,-4312.93,-4127.36,82.7901,5070.06,5070.06,8.33656e-06,-138330,1831.04,7.06252e-05,2.30183e-05,1305.68,2098.56,5184.39,1.09919e-05,1.80128e-06,2.14831e-06,430.274,1.07623e-06,0.000103671,0.000131564,8253.63,0.000599924,8175.28,8.83845e-06,844.506,4728.37,4.68493e-06,3325.66,6.3432e-07,3311.85,-7035.08,1.65036e-07,1.20271e-06,-4463.92,-4463.92,5.53358e-07,-402.389,-402.389,1.01785e-05,1656.65,0,5.11181e-07,-4006.14,-10953.5,0,0
2020-08-02 22:00:00 UTC,-3755.23,-1023.9,2357.17,437.898,437.898,-1694.07,499.645,513.632,-1358.69,-1358.69,3524.86,3224.7,-10576.6,289.857,1842.58,2102.5,4822.35,1525.27,-8755.31,-1314.1,-1418.93,-4551.88,-4551.88,-3625.51,-4234.54,-1240.13,-900.007,644.124,-61.0366,3047.59,-1078.3,-1078.3,-2587.77,-1510.01,-1510.01,-8910.88,6338.79,6359.24,-19845.8,-19845.8,7040.39,11633.9,5082.64,3135.11,9282.23,-12825.6,-17789.9,-17920.9,-18939.9,548.991,-3072.74,-3072.74,524.045,-716.194,-1811.1,328.144,328.144,-5377.75,1685.56,1078.13,2872.37,-4064.32,-4383.87,1793.65,1793.65,-363.268,-170.399,266.834,266.834,380.76,3708.31,-2811.95,1405.97,1405.97,-34.0863,-34.0863,16.9173,5.50377,48.4467,-170.043,-395.626,259.86,-16.3265,-15.2265,-4.24728,-77.7957,-82.0818,770.162,770.162,209.33,209.33,207.26,207.26,-1533.45,-1533.45,-1533.45,643.168,643.168,117.2,-472.304,-136.939,-136.939,340.532,340.532,-517.53,-268.91,-3132.68,-22.4855,-22.4855,-2789.63,-2789.63,-2789.63,8052.75,-2103.57,-2103.57,-2209.19,-2209.19,30.8873,723.022,723.022,28.2491,28.2491,-9076.65,-9076.65,8228.6,8228.6,0,-304.446,-3657.82,-1418.44,3289.3,3289.3,-2963.34,16358.5,7170.47,-3068.95,-9088.99,-9088.99,2240.3,2240.3,-7794,-7794,904.593,1925.21,14117.9,2673.84,3917.05,3917.05,-2448.78,-2448.78,-2448.78,6739.46,6739.46,-7747.83,6.484e-07,6.484e-07,2901.12,-5858.02,-5858.02,8470.29,-3205.88,2357.22,0,5566.51,1878.47,-8487.93,-5938.58,-5938.58,-756.417,263.672,-91.617,-5108.91,-5108.91,-4213.74,2015.38,2015.38,20353.3,-13637,-20322.5,17829.4,17960.9,18980.5,-26551.3,5056.2,-4743.6,17829.4,17960.9,18980.5,-18866,-11102.6,-8830.89,-175.735,21216.8,4630.03,17813.8,43297,23669.3,23669.3,2578.26,-16739.7,1703.61,2456.73,1111.47,-1480.28,1501.92,-1658.97,-1343.4,-1479.05,1408.57,1441.15,1416.34,-1536.3,693.958,693.958,-1447.38,6481.72,6481.72,-15305.6,2149.47,1985,-1572.94,976.758,3571.69,7074.28,7074.28,10070.2,11410.6,12049,22819.5,-10944.5,8356.08,-10061.7,1584.65,8347.53,11353.9,6657.22,6654.79,-1584.4,-11391.8,-12028.6,4519.37,4572.33,3345.61,3884.17,2898.42,4732.86,2620.37,2620.37,408.831,1845.93,-2461.92,-2778.73,4850.05,-11400.4,-11400.4,-12038.2,-12038.2,-1861.75,-1861.75,169.664,646.257,1316.94,1316.94,6026.59,6026.59,-6569.24,-6569.24,3494.49,377.489,3224.43,-4280.48,16558,-19994.5,-22271.3,12785.2,-3220.26,5748.97,3359.92,-4167.13,55.0018,55.0018,2267.12,2267.12,-1129,906.425,-5052.63,-892.828,566.183,566.183,3854.75,1260.39,5663.71,3288.45,479.107,479.107,799.535,799.834,3342.52,3342.52,3848.52,2192.33,3126.24,2342.96,2105.64,417.127,417.127,232.994,260.224,0,-893.125,-994.275,0,313.714,1160.03,1160.03,-460.553,1907.45,-560.787,-563.697,-221.297,-144.366,-140.064,2641.55,-2544.81,-6891.89,-1542.48,-714.467,-714.467,113.988,2389.57,2389.57,1476.69,1466.04,1.89419e-06,0,-176.946,-176.946,0,4.38233e-06,0,2380.62,0,-1240.09,0,1.65103e-08,3.18019e-09,-1531.6,-1523.79,-1523.79,0,-291.513,-291.513,5.06573e-08,0,3365.59,4974.72,4974.72,4974.72,4770.59,0,0,0,1161.87,1161.87,1161.87,0,-744.038,-129.199,-129.199,68.1752,5.05348e-06,34.0863,34.0863,1.19192e-09,4.57646e-09,1.32786e-09,3.06174e-08,73.8827,73.3362,189.596,0,-1.94477e-10,0,-5597.24,-5597.24,-5597.24,0,0,0,0,1.26079e-08,8.80297e-06,4798.64,4798.64,8.07167e-09,-10931.5,-1570.52,-2296.37,0,1.21816e-06,-1513.52,-4829.59,3.44712e-07,-34233.7,-17989.5,-4362.13,-4178.56,91.6207,5149.88,5149.88,8.64076e-06,-140681,1873.44,7.50163e-05,2.37283e-05,1319.87,2121.37,5240.74,1.13206e-05,1.84162e-06,2.22186e-06,429.206,1.12076e-06,0.000106156,0.00013225,8280.53,0.000602992,8329.03,8.97771e-06,853.488,4821.18,4.86279e-06,3416.49,6.58321e-07,3323.7,-7113.92,1.74344e-07,1.22121e-06,-4529.71,-4529.71,5.9577e-07,-415.123,-415.123,1.06805e-05,1695.48,0,5.07326e-07,-4065.42,-11109.2,0,0
2020-08-02 23:00:00 UTC,-3747.85,-1021.71,2354,405.844,405.844,-1644.74,497.982,511.934,-1314.42,-1314.42,3521.19,3204.14,-10540.9,325.682,1827.89,2126.36,4786.37,1513.89,-8734.46,-1311.4,-1376.43,-4563.17,-4563.17,-3653.71,-4230.76,-1240.95,-908.053,652.17,-71.7838,3078.57,-1078.41,-1078.41,-2563.4,-1485.51,-1485.51,-8889.4,6263.24,6283.45,-19684.8,-19684.8,6971.22,11580.3,5065.2,3124.36,9212.89,-12802.3,-17634,-17763.7,-18773.8,534.665,-3051.8,-3051.8,514.97,-707.391,-1776.28,330.031,330.031,-5321.06,1684.09,1073.17,2821.85,-4026.38,-4342.94,1748.11,1748.11,-367.829,-179.498,273.664,273.664,385.84,3697.82,-2803.65,1401.83,1401.83,-32.3657,-32.3657,17.3287,6.1218,48.1098,-168.929,-391.563,258.353,-16.1979,-15.1065,-3.77303,-77.1906,-79.8354,770.306,770.306,205.334,205.334,203.304,203.304,-1529.74,-1529.74,-1529.74,643.124,643.124,119.958,-468.646,-138.218,-138.218,337.531,337.531,-517.814,-267.957,-3121.94,-19.452,-19.452,-2779.98,-2779.98,-2779.98,8033.01,-2090.62,-2090.62,-2203.17,-2203.17,26.7202,719.506,719.506,16.2544,16.2544,-9062.63,-9062.63,8228.72,8228.72,0,-308.162,-3660.45,-1425.26,3290.89,3290.89,-2957.49,16311.3,7149.8,-3070.03,-9069.73,-9069.73,2236.11,2236.11,-7777.28,-7777.28,893.311,1918.58,14038.7,2725.5,3910.96,3910.96,-2444.3,-2444.3,-2444.3,6711.62,6711.62,-7728.08,6.48401e-07,6.48401e-07,2907.55,-5835.48,-5835.48,8436.17,-3202.46,2320.15,0,5525.98,1865.42,-8453.65,-5909.99,-5909.99,-750.274,274.467,-90.976,-5105.65,-5105.65,-4180.73,1998.79,1998.79,20191.1,-13532.6,-20160.8,17672.7,17803,18813.7,-26346,5021.03,-4710.56,17672.7,17803,18813.7,-18765.3,-11026,-8713.97,-128.089,21262.5,4613.66,17838.3,43372.9,23715.4,23715.4,2590.89,-16682.8,1686.56,2473.18,1106.84,-1500.75,1503.3,-1653.64,-1344.8,-1479.75,1413.14,1445.82,1420.94,-1535.17,689.25,689.25,-1445.24,6483.01,6483.01,-15276.2,2123.83,1996.23,-1570.52,971.953,3582.82,7060.29,7060.29,10078.4,11452.6,12093.4,22919.4,-11027.3,8330.67,-10069.8,1616.78,8322.18,11403.5,6686.29,6683.85,-1616.51,-11433.6,-12072.8,4564.88,4618.37,3356.84,3897.2,2911.98,4711.33,2651.47,2651.47,397.331,1827.75,-2491.13,-2811.71,4876.33,-11442.3,-11442.3,-12082.5,-12082.5,-1871.79,-1871.79,171.83,654.494,1321.05,1321.05,6056.1,6056.1,-6587.45,-6587.45,3451.53,359.337,3231.26,-4296.69,16624.2,-20061.2,-22361.3,12817.3,-3227.08,5704.89,3326.72,-4169.78,47.5642,47.5642,2241.93,2241.93,-1113.56,892.578,-4986.08,-873.922,557.168,557.168,3784.2,1242.59,5513.55,3226.94,477.663,477.663,790.269,790.564,3340.37,3340.37,3838.02,2179.39,3111.23,2321.67,2056.03,414.371,414.371,222.688,248.673,0,-916.378,-1020.12,0,302.429,1191.7,1191.7,-444.331,1860.69,-560.181,-563.088,-210.42,-160.3,-155.63,2582.81,-2536.03,-6964.33,-1557.52,-714.968,-714.968,128.073,2384.78,2384.78,1480.5,1469.83,1.93144e-06,0,-146.11,-146.11,0,4.24372e-06,0,2440.22,0,-1240.91,0,1.61277e-08,3.91522e-09,-1518.31,-1539.29,-1539.29,0,-290.162,-290.162,5.21091e-08,0,3292.74,4922.49,4922.49,4922.49,4758.34,0,0,0,1123.52,1123.52,1123.52,0,-753.679,-133.832,-133.832,64.7337,5.05304e-06,32.3657,32.3657,1.60129e-09,4.31121e-09,-2.72954e-10,3.01587e-08,75.3307,74.7735,186.1,0,1.19669e-11,0,-5588.08,-5588.08,-5588.08,0,0,0,0,1.27678e-08,8.81269e-06,4795.16,4795.16,4.52815e-09,-10840.7,-1537.57,-2248.2,0,1.19925e-06,-1496.08,-4807.98,3.69623e-07,-34183.9,-17966.4,-4368.2,-4195.23,90.9797,5144.78,5144.78,8.66611e-06,-140399,1853.75,7.57571e-05,2.40593e-05,1335.53,2146.54,5302.92,1.17232e-05,1.88142e-06,2.29506e-06,457.547,1.14696e-06,0.000107244,0.000132368,8272.2,0.000606175,8303.79,9.14269e-06,871.063,4753.87,4.8105e-06,3398.72,6.73738e-07,3276.32,-6982.94,1.72755e-07,1.22603e-06,-4526.05,-4526.05,5.9963e-07,-402.38,-402.38,1.06941e-05,1646.06,0,4.94742e-07,-4075.93,-11081.1,0,0
2020-08-03 00:00:00 UTC,-3725.44,-1020.75,2518.03,293.571,293.571,-1517.08,590.301,621.459,-1326.31,-1326.31,3408.64,3061.02,-10256.1,338.274,1739.22,2115.93,4618.46,1460.79,-8477.08,-1269.33,-1233.38,-4441.73,-4441.73,-3567.44,-4143.72,-1217.02,-888.892,633.009,-63.7741,3003.21,-1051.8,-1051.8,-2479.33,-1428.02,-1428.02,-8611.7,6009.54,6028.92,-18972.5,-18972.5,6701.18,11193.9,4921.14,3035.51,8874.34,-12340.1,-16973.7,-17098.6,-18070.8,504.457,-2943.59,-2943.59,495.609,-678.144,-1677.8,329.332,329.332,-5109.57,1648.27,1038.66,2716.85,-3867.66,-4171.69,1677.66,1677.66,-369.661,-197.668,283.664,283.664,388.493,3601.94,-2729.91,1364.96,1364.96,-27.5984,-27.5984,17.5101,6.90689,46.3516,-162.852,-375.999,250.102,-15.9818,-14.905,-3.36467,-74.7416,-74.353,750.778,750.778,193.928,193.928,192.012,192.012,-1484.43,-1484.43,-1484.43,621.489,621.489,121.319,-452.06,-137.087,-137.087,324.975,324.975,-510.768,-260.203,-3033.23,-14.086,-14.086,-2700.95,-2700.95,-2700.95,7822.61,-2024.65,-2024.65,-2142.35,-2142.35,19.3471,695.156,695.156,-5.45003,-5.45003,-8836.73,-8836.73,8052.87,8052.87,0,-307.004,-3584.81,-1407.11,3224.5,3224.5,-2884.49,15867,6955,-3002.18,-8834.35,-8834.35,2178.58,2178.58,-7573.71,-7573.71,856.785,1868.3,13553.1,2820.98,3812.75,3812.75,-2381.11,-2381.11,-2381.11,6497.13,6497.13,-7522.25,6.48159e-07,6.48159e-07,2844.84,-5654.89,-5654.89,8175.71,-3099.45,2225.7,0,5328.34,1820.62,-8163.46,-5718.85,-5718.85,-725.337,285.68,-87.618,-5001.83,-5001.83,-4027.16,1925.98,1925.98,19451.8,-13010.9,-19423.6,17009.6,17135,18107.8,-25349.3,4845.86,-4549.17,17009.6,17135,18107.8,-18149.5,-10610.9,-8248.27,-11.7174,20992.4,4477.94,17578.3,42806.3,23417.7,23417.7,2576.7,-16185.5,1613.9,2470.95,1087.85,-1496.43,1478.19,-1613.44,-1321.84,-1453.22,1400.13,1432.5,1407.86,-1504.95,661.595,661.595,-1415.17,6353.67,6353.67,-14890.7,2016.28,1972.21,-1537.71,959.573,3547.11,6873.97,6873.97,9913.8,11366.5,12002.4,22800.3,-11069.8,8095.24,-9905.54,1685.74,8087.22,11351.4,6655.73,6653.3,-1685.46,-11347.8,-11982.2,4580.3,4633.96,3339.78,3877.4,2927.73,4584.08,2658.63,2658.63,404.596,1739.42,-2497.86,-2819.31,4844.14,-11356.4,-11356.4,-11991.7,-11991.7,-1868.02,-1868.02,167.516,638.557,1328.84,1328.84,6054.37,6054.37,-6523.43,-6523.43,3282.95,313.101,3215.91,-4274.35,16581.8,-19932.2,-22241.5,12742.9,-3211.77,5526.38,3238.27,-4099.64,58.8058,58.8058,2133.42,2133.42,-1035.18,847.723,-4775.66,-831.286,508.737,508.737,3640.86,1193.15,5280.66,3132.08,447.321,447.321,738.74,739.016,3267.75,3267.75,3737.53,2107.57,3014.75,2200.43,1914.79,393.941,393.941,196.565,219.436,0,-903.537,-1005.73,0,272.264,1180.13,1180.13,-398.425,1728.56,-550.822,-553.682,-183.49,-196.973,-191.507,2521.31,-2653.73,-7051.73,-1568.11,-706.129,-706.129,156.442,2373.09,2373.09,1439.25,1428.87,1.93472e-06,0,-39.5145,-39.5145,0,3.85657e-06,0,2442.78,0,-1216.98,0,1.58102e-08,5.7097e-09,-1477.23,-1501.61,-1501.61,0,-284.588,-284.588,5.00243e-08,0,3135.82,4722.11,4722.11,4722.11,4616.33,0,0,0,1075,1075,1075,0,-758.165,-141.637,-141.637,55.1986,4.68479e-06,27.5984,27.5984,9.67155e-10,4.93682e-09,3.14979e-10,2.73619e-08,76.3879,75.8227,173.064,0,-6.98105e-11,0,-5458.04,-5458.04,-5458.04,0,0,0,0,1.07929e-08,8.30865e-06,4699.51,4699.51,-5.65907e-10,-10469.3,-1473.58,-2154.63,0,1.08048e-06,-1465.2,-4674.8,5.22868e-07,-33382.3,-17590,-4329.09,-4162.86,87.6214,5037.09,5037.09,8.31338e-06,-136786,1763.08,7.15668e-05,2.38348e-05,1339.14,2152.34,5317.25,1.19211e-05,1.87507e-06,2.34155e-06,483.496,1.16181e-06,0.000106635,0.000129938,8160.68,0.000599118,8069.86,9.24145e-06,890.561,4546.55,4.54072e-06,3268.15,6.74271e-07,3213.31,-6746.64,1.53552e-07,1.19942e-06,-4437.53,-4437.53,5.50073e-07,-358.204,-358.204,9.86222e-06,1518.21,0,5.22966e-07,-4031.16,-10838,0,0
2020-08-03 01:00:00 UTC,-3670.84,-1014.22,2725.09,110.201,110.201,-1301.56,705.455,761.513,-1374.65,-1374.65,3208.78,2805.27,-9738.11,345.483,1580.58,2085.16,4321.27,1366.81,-8011.45,-1192.23,-991.231,-4166.93,-4166.93,-3408.14,-4008,-1178.97,-851.943,596.06,-41.8394,2858.47,-997.117,-997.117,-2321.96,-1325.27,-1325.27,-8097.96,5523.66,5541.46,-17617,-17617,6177.03,10440.3,4655.94,2871.97,8206.37,-11428.4,-15705.9,-15821.5,-16721,449.089,-2733.03,-2733.03,465.477,-622.495,-1480.08,334.935,334.935,-4701.63,1587.7,967.72,2530.58,-3554.95,-3834.32,1562.4,1562.4,-383.446,-256.794,320.12,320.12,405.18,3432.29,-2578.4,1289.2,1289.2,-14.1229,-14.1229,18.0571,8.68694,42.9048,-150.791,-343.474,232.404,-15.2853,-14.2553,-2.3889,-69.3685,-62.969,709.582,709.582,170.632,170.632,168.949,168.949,-1396.68,-1396.68,-1396.68,575.301,575.301,122.892,-416.96,-134.9,-134.9,298.54,298.54,-496.526,-243.391,-2869.93,-7.5585,-7.5585,-2537.09,-2537.09,-2537.09,7363.43,-1898.4,-1898.4,-2012.81,-2012.81,10.38,644.377,644.377,-34.3739,-34.3739,-8336.35,-8336.35,7644.48,7644.48,0,-297.428,-3403.31,-1354.47,3067.78,3067.78,-2724.81,14917.1,6538.52,-2839.22,-8321.33,-8321.33,2049.62,2049.62,-7130.26,-7130.26,788.673,1760.98,12573.5,2942.98,3591.8,3591.8,-2242.8,-2242.8,-2242.8,6052.9,6052.9,-7080.23,6.48345e-07,6.48345e-07,2692.2,-5278.48,-5278.48,7635.88,-2873.02,2065.57,0,4941.38,1737.29,-7561.51,-5327.39,-5327.39,-675.988,295.872,-80.847,-4777.51,-4777.51,-3730.7,1783.82,1783.82,18018.9,-11991.3,-17994.7,15736.6,15852.7,16752.7,-23405.4,4502.23,-4234.03,15736.6,15852.7,16752.7,-16904.2,-9789.34,-7387.24,169.56,20266.2,4192.48,16917.3,41312.4,22621.7,22621.7,2521.52,-15136.3,1472.34,2436.92,1051.02,-1444.03,1416.32,-1528.37,-1265.32,-1389.57,1360.66,1392.1,1368.17,-1435.68,606.131,606.131,-1347.99,6053.76,6053.76,-14050.2,1809.66,1899.83,-1464.49,937.509,3435.58,6466.88,6466.88,9519.78,11074.1,11693.7,22295.6,-11001.7,7621.22,-9512.16,1769.52,7614.1,11117.7,6518.71,6516.33,-1769.2,-11056.4,-11674.5,4530.36,4583.44,3277.99,3805.65,2920.86,4324.66,2622.08,2622.08,425.25,1585.97,-2463.52,-2780.55,4759.25,-11064.6,-11064.6,-11683.6,-11683.6,-1846.77,-1846.77,158.532,605.192,1331.23,1331.23,6003,6003,-6355.47,-6355.47,2966.92,231.319,3188.71,-4199.84,16431.2,-19487,-21754.1,12629.4,-3184.64,5178.38,3059.34,-3929.6,73.3903,73.3903,1942.22,1942.22,-902.184,769.226,-4383.36,-755.066,427.349,427.349,3358.54,1102.57,4821.98,2931.23,397.248,397.248,652.83,653.075,3108.26,3108.26,3529.84,1968.56,2823.9,1988.25,1672.49,357.676,357.676,154.917,172.831,0,-875.912,-974.892,0,224.367,1142.3,1142.3,-324.805,1504.75,-531.941,-534.707,-140.455,-251.537,-244.901,2379.06,-2717.79,-7106.25,-1564.99,-683.468,-683.468,198.78,2342.53,2342.53,1385.94,1375.95,1.98161e-06,0,133.819,133.819,0,3.29961e-06,0,2419.98,0,-1178.93,0,1.35659e-08,9.6959e-09,-1417.64,-1429.23,-1429.23,0,-277.085,-277.085,4.71822e-08,0,2845.47,4328.97,4328.97,4328.97,4340.98,0,0,0,982.005,982.005,982.005,0,-788.637,-167.383,-167.383,28.2463,4.01611e-06,14.1229,14.1229,2.21932e-09,4.22292e-09,3.46697e-10,2.39033e-08,80.0146,79.4221,157.239,0,1.72519e-10,0,-5172.17,-5172.17,-5172.17,0,0,0,0,7.26216e-09,7.25678e-06,4487.93,4487.93,2.5143e-08,-9759.36,-1370.63,-2004.12,0,8.60587e-07,-1412.74,-4402.04,8.59022e-07,-31602,-16747.7,-4215.67,-4055.65,80.8498,4806.71,4806.71,7.46884e-06,-128898,1606.67,6.10458e-05,2.25051e-05,1320.73,2122.75,5244.16,1.15999e-05,1.82389e-06,2.30333e-06,523.016,1.11311e-06,0.000102115,0.000127916,8091.69,0.000588163,7598.72,9.36921e-06,905.365,4159.88,4.0265e-06,3008.92,6.58564e-07,3068.22,-6267.11,1.22908e-07,1.14753e-06,-4237.14,-4237.14,4.5577e-07,-284.248,-284.248,8.47173e-06,1302.39,0,5.23306e-07,-3908.32,-10315.7,0,0
2020-08-03 02:00:00 UTC,-3669.3,-1027.48,3061.71,-121.517,-121.517,-1029.31,882.662,976.785,-1497.51,-1497.51,2963.75,2519.11,-9199.16,293.416,1406.37,2035.35,4038.93,1277.52,-7494.67,-1100.78,-658.006,-3857.62,-3857.62,-3242.37,-3918.71,-1152.9,-810.052,554.169,-3.30879,2695.6,-937.637,-937.637,-2163.74,-1226.47,-1226.47,-7544.87,4934.44,4950.33,-15991.2,-15991.2,5538.88,9495.77,4366.35,2693.37,7389.25,-10337.8,-14153.3,-14257.5,-15067.9,379.648,-2473.86,-2473.86,441.568,-553.518,-1200.71,362.079,362.079,-4192.32,1549.56,879.349,2334.68,-3153.94,-3401.71,1454.94,1454.94,-424.171,-379.232,401.702,401.702,452.271,3266.74,-2410.93,1205.47,1205.47,10.9543,10.9543,19.4938,11.8654,38.5123,-135.555,-298.103,208.015,-14.0877,-13.1385,-0.595364,-61.7414,-46.1863,658.361,658.361,137.419,137.419,136.068,136.068,-1294.82,-1294.82,-1294.82,515.187,515.187,126.58,-368.35,-134.33,-134.33,261.792,261.792,-481.877,-220.575,-2691.58,-1.8585,-1.8585,-2332.1,-2332.1,-2332.1,6781.72,-1742.6,-1742.6,-1850.18,-1850.18,2.551,581.713,581.713,-64.9939,-64.9939,-7701.5,-7701.5,7118.36,7118.36,0,-283.389,-3168.52,-1282.65,2864.67,2864.67,-2522.04,13719.1,6013.34,-2629.61,-7673.09,-7673.09,1886.54,1886.54,-6570.42,-6570.42,706.677,1625.9,11352.4,3075.92,3310.39,3310.39,-2067.25,-2067.25,-2067.25,5495.51,5495.51,-6523.37,6.48159e-07,6.48159e-07,2485.02,-4801.73,-4801.73,6950.7,-2579.86,1881.48,0,4463.67,1637.68,-6802.69,-4835.66,-4835.66,-615.453,303.39,-71.969,-4512.2,-4512.2,-3364.24,1610.05,1610.05,16254.3,-10729.1,-16234.6,14178.2,14282.8,15093.6,-21001.5,4077.04,-3842.4,14178.2,14282.8,15093.6,-15351,-8769.18,-6334.4,379.882,19314.9,3833.66,16059.3,39338,21566.7,21566.7,2455.2,-13829.2,1307.69,2394.3,1000.38,-1363.76,1335.93,-1422.67,-1192.05,-1307.54,1307.36,1337.56,1314.58,-1347.43,537.962,537.962,-1262.98,5676.19,5676.19,-13009.4,1562.11,1800.42,-1371.89,904.423,3271.26,5952,5952,9049.35,10660.3,11256.7,21527.1,-10868.4,7117.92,-9042.46,1808.3,7111.71,10753.1,6304.9,6302.59,-1807.97,-10643.9,-11238.9,4415.73,4467.45,3181.8,3693.98,2866.87,4045.36,2549.73,2549.73,434.415,1440.68,-2395.53,-2703.83,4612.1,-10651.4,-10651.4,-11247.3,-11247.3,-1806.29,-1806.29,145.914,557.999,1325.7,1325.7,5895.06,5895.06,-6137.32,-6137.32,2657.05,160.462,3144.49,-4089.07,16157,-18837.5,-21011.3,12442.6,-3140.53,4795.58,2859.96,-3730.57,87.6168,87.6168,1740.79,1740.79,-783.44,688.839,-3998.08,-683.414,354.748,354.748,3080.98,1014.46,4359.78,2726.33,346.702,346.702,565.152,565.365,2925.47,2925.47,3294.85,1813.59,2606.02,1764.6,1403.74,319.785,319.785,101.117,112.609,0,-860.716,-957.777,0,164.582,1121.03,1121.03,-231.001,1225.52,-517.548,-520.242,-83.9665,-331.673,-323.278,2235.28,-2822.78,-7141.35,-1545.94,-654.311,-654.311,238.163,2348.39,2348.39,1325.01,1315.46,2.04323e-06,0,351.377,351.377,0,2.83066e-06,0,2319.36,0,-1152.87,0,1.55136e-08,1.7568e-08,-1384.85,-1347.8,-1347.8,0,-275.409,-275.409,4.07626e-08,0,2492.35,3824.52,3824.52,3824.52,4020.16,0,0,0,861.001,861.001,861.001,0,-876.455,-222.056,-222.056,-21.9084,3.41941e-06,-10.9543,-10.9543,-6.77599e-10,3.48979e-09,1.10795e-09,2.00672e-08,88.9745,88.3148,140.139,0,3.03919e-10,0,-4809.42,-4809.42,-4809.42,0,0,0,0,4.50212e-09,6.12665e-06,4235.38,4235.38,9.86253e-08,-8890.36,-1258.54,-1840.23,0,6.33136e-07,-1353.79,-4061.89,1.29172e-06,-29341.2,-15679.4,-4042.3,-3908.32,71.9712,4535.05,4535.05,6.46715e-06,-118960,1458.22,4.89785e-05,2.0464e-05,1284.29,2064.18,5099.44,1.08762e-05,1.7008e-06,2.15078e-06,534.482,1.01274e-06,9.44968e-05,0.000125117,8009.22,0.000570282,7098.29,9.44955e-06,906.089,3782.84,3.50609e-06,2742.67,6.23423e-07,2901.42,-5788.01,1.00072e-07,1.09855e-06,-3995.88,-3995.88,3.59806e-07,-200.72,-200.72,7.28614e-06,1029.83,0,5.52708e-07,-3739.63,-9655.41,0,0
2020-08-03 03:00:00 UTC,-3627.8,-1025.54,3302.31,-282.225,-282.225,-796.5,1027.39,1153.51,-1581.71,-1581.71,2757.91,2285.69,-8715.66,244.616,1265.21,1976.94,3798.72,1201.56,-7037.65,-1022.07,-380.382,-3575.65,-3575.65,-3087,-3833.76,-1126.95,-771.185,515.302,31.0267,2544.36,-884.525,-884.525,-2031.14,-1146.94,-1146.94,-7060.12,4453.17,4467.51,-14652.7,-14652.7,5008.69,8727.66,4112.58,2536.87,6696.74,-9384.14,-12896.3,-12991.2,-13729.6,329.158,-2259.75,-2259.75,417.53,-499.081,-1003.18,371.723,371.723,-3787.52,1489.61,801.565,2165.96,-2838.05,-3060.94,1364.06,1364.06,-444.453,-456.172,450.312,450.312,476.399,3112.01,-2275.08,1137.54,1137.54,27.7205,27.7205,19.9035,13.5087,34.9395,-123.199,-263.697,188.442,-12.9498,-12.0772,0.632685,-55.6267,-34.9426,611.663,611.663,114.053,114.053,112.936,112.936,-1203.16,-1203.16,-1203.16,461.7,461.7,126.138,-330.405,-131.494,-131.494,233.466,233.466,-467.017,-201.74,-2535.27,0.0145,0.0145,-2169.88,-2169.88,-2169.88,6307.41,-1622.81,-1622.81,-1722.4,-1722.4,-0.021,535.932,535.932,-84.0354,-84.0354,-7191.39,-7191.39,6683.59,6683.59,0,-271.673,-2972.65,-1214.03,2694.19,2694.19,-2352.89,12749.8,5588.4,-2452.47,-7154.66,-7154.66,1759.21,1759.21,-6125.76,-6125.76,650.801,1520.77,10369.3,3152.34,3076.98,3076.98,-1919.44,-1919.44,-1919.44,5045.39,5045.39,-6082.2,6.48258e-07,6.48258e-07,2305.92,-4413.68,-4413.68,6385.5,-2341.95,1733.89,0,4077.82,1551.24,-6193.06,-4440.12,-4440.12,-572.014,297.622,-66.596,-4297.49,-4297.49,-3068.3,1468.13,1468.13,14823.7,-9714.49,-14807.4,12917,13012.2,13750.9,-19063.3,3733.67,-3519.47,12917,13012.2,13750.9,-14091.3,-7951.77,-5498.61,538.477,18500.2,3544.1,15330.9,37640.2,20654.5,20654.5,2395.33,-12793.7,1194.55,2349.26,957.607,-1285.19,1267.59,-1338.6,-1129.68,-1238.43,1259.11,1288.18,1266.05,-1274.53,484.429,484.429,-1193.59,5362.59,5362.59,-12181,1384.58,1705.06,-1296.37,875.201,3120.37,5537.31,5537.31,8651.95,10285.8,10861.2,20814.1,-10704.6,6718.45,-8645.65,1817.55,6712.92,10414,6106.12,6103.88,-1817.21,-10270.5,-10844.7,4307.17,4357.61,3084.77,3581.32,2805.8,3819.94,2484.2,2484.2,433.152,1338.65,-2333.97,-2634.35,4473.66,-10277.5,-10277.5,-10852.5,-10852.5,-1761.24,-1761.24,137.976,528.111,1305.13,1305.13,5760.51,5760.51,-5923.86,-5923.86,2426.81,110.57,3072.09,-3970.84,15802,-18224.2,-20328,12143.9,-3068.31,4488.17,2694.37,-3559.22,93.8901,93.8901,1588.1,1588.1,-697.909,627.448,-3698.94,-626.642,303.714,303.714,2853.08,944.51,3977.2,2549.5,311.118,311.118,500.962,501.151,2773.26,2773.26,3102.35,1689.1,2428.18,1603.35,1195.05,293.14,293.14,54.3121,60.2028,0,-865.28,-962.597,0,113.044,1133.68,1133.68,-150.511,983.121,-504.767,-507.398,-34.6264,-399.98,-390.066,2102.12,-2887.14,-7133.36,-1510.39,-629.191,-629.191,252.871,2326.67,2326.67,1235.94,1227.03,1.96211e-06,0,503.02,503.02,0,2.49629e-06,0,2213.29,0,-1126.91,0,1.28725e-08,2.40819e-08,-1360.79,-1272.18,-1272.18,0,-273.146,-273.146,3.57471e-08,0,2223.26,3430.9,3430.9,3430.9,3732.81,0,0,0,771.771,771.771,771.771,0,-920.866,-255.419,-255.419,-55.4393,3.05494e-06,-27.7205,-27.7205,1.06072e-10,2.11563e-09,1.48261e-12,1.74779e-08,93.4139,92.7208,133.593,0,3.97629e-10,0,-4507.21,-4507.21,-4507.21,0,0,0,0,3.63741e-09,5.31187e-06,4026.52,4026.52,1.70917e-07,-8178.29,-1167.03,-1706.44,0,4.87467e-07,-1300.21,-3780.41,1.60568e-06,-27497,-14792.4,-3880.9,-3772.14,66.5979,4316.68,4316.68,5.69149e-06,-110995,1354.62,4.00485e-05,1.86907e-05,1251.29,2011.13,4968.39,1.02762e-05,1.58221e-06,1.99562e-06,546.792,9.10045e-07,8.79002e-05,0.000119139,7779.15,0.000542537,6700.96,9.46785e-06,899.044,3489.96,3.135e-06,2542.6,5.96028e-07,2751.26,-5385.88,8.71401e-08,1.06286e-06,-3792.31,-3792.31,2.95564e-07,-141.042,-141.042,6.57333e-06,796.813,0,5.73526e-07,-3583.47,-9100.15,0,0
2020-08-03 04:00:00 UTC,-3450.74,-979.884,3267.51,-334.61,-334.61,-633.973,1055.45,1192.28,-1535.41,-1535.41,2545.19,2093.5,-8131.64,196.801,1155.84,1858.55,3549.46,1122.72,-6530.26,-941.96,-207.503,-3313.88,-3313.88,-2899.7,-3665.63,-1076.27,-729.27,473.387,49.9145,2379.65,-827.085,-827.085,-1889.03,-1062.23,-1062.23,-6554.99,4025.24,4038.19,-13386.7,-13386.7,4531.63,7997.44,3823.45,2358.55,6065.2,-8523.69,-11743.1,-11829.6,-12501.8,290.565,-2060.01,-2060.01,387.423,-451.451,-866.103,360.541,360.541,-3430.57,1394.38,727.047,1992.64,-2565.1,-2766.49,1265.31,1265.31,-436.849,-477.295,457.072,457.072,469.472,2912.2,-2108.08,1054.04,1054.04,35.1892,35.1892,19.2251,13.69,31.7305,-112.001,-235.686,170.713,-11.5187,-10.7426,1.58279,-49.9985,-28.128,562.717,562.717,98.0764,98.0764,97.1184,97.1184,-1107.44,-1107.44,-1107.44,414.162,414.162,120.682,-297.693,-124.808,-124.808,209.64,209.64,-441.724,-183.938,-2357.17,0.23,0.23,-2017.31,-2017.31,-2017.31,5855.01,-1511.41,-1511.41,-1602.63,-1602.63,-0.316,495.057,495.057,-98.1501,-98.1501,-6705.49,-6705.49,6262.23,6262.23,0,-259.948,-2781.72,-1140.71,2527.44,2527.44,-2188.69,11832.8,5186.38,-2279.9,-6662.58,-6662.58,1641.53,1641.53,-5705.33,-5705.33,607.162,1425.05,9478.81,3161.42,2852.92,2852.92,-1779.47,-1779.47,-1779.47,4634.65,4634.65,-5665.43,6.4841e-07,6.4841e-07,2133.71,-4055.32,-4055.32,5859.59,-2131.65,1591.02,0,3724.35,1458.87,-5650.19,-4077.92,-4077.92,-535.805,281.796,-63.283,-4047.66,-4047.66,-2797.04,1337.5,1337.5,13510.5,-8802.06,-13496.9,11760.2,11847,12519.5,-17308.7,3416.3,-3219.02,11760.2,11847,12519.5,-12935.5,-7220.53,-4773.6,652.084,17611.1,3278.83,14553.2,35806.7,19659.2,19659.2,2303.1,-11843,1104.46,2266.48,913.872,-1212.35,1196.77,-1258.71,-1065.63,-1168.02,1201.87,1229.62,1208.51,-1201.64,438.509,438.509,-1124.99,5037.4,5037.4,-11379.3,1248.2,1601.95,-1221.79,840.56,2968.89,5152.47,5152.47,8169.49,9858.16,10409.7,20028.6,-10403.9,6205.6,-8163.88,1854.27,6200.88,10038.9,5886.15,5884,-1853.93,-9844.12,-10394.4,4193.12,4242.23,2981.87,3461.85,2756.38,3527.04,2410.92,2410.92,446.565,1199.55,-2265.12,-2556.64,4320.49,-9850.55,-9850.55,-10401.6,-10401.6,-1716.91,-1716.91,125.994,483.268,1294.16,1294.16,5637.38,5637.38,-5682.13,-5682.13,2103.93,36.1607,3011.56,-3846.88,15491.4,-17532,-19567.2,11885.4,-3007.92,4124.84,2496.98,-3344.83,97.7096,97.7096,1413.13,1413.13,-580.379,554.257,-3292.24,-550.944,235.42,235.42,2557.73,849.716,3538.26,2322.49,269.546,269.546,427.43,427.593,2587.75,2587.75,2875.29,1548.2,2230.96,1418.04,996.822,260.911,260.911,24.9263,27.3349,0,-827.314,-920.334,0,78.2575,1078.32,1078.32,-97.3792,804.585,-476.569,-479.055,-4.67431,-423.376,-413.004,1927.79,-2790.8,-7015.06,-1452.98,-599.849,-599.849,254.114,2215.31,2215.31,1123.98,1115.87,1.74685e-06,0,545.294,545.294,0,2.12843e-06,0,2048.15,0,-1076.24,0,1.40368e-08,2.66872e-08,-1308.78,-1189.82,-1189.82,0,-261.634,-261.634,3.2206e-08,0,1997.78,3095.06,3095.06,3095.06,3434.43,0,0,0,689.405,689.405,689.405,0,-906.335,-262.257,-262.257,-70.3755,2.52466e-06,-35.1892,-35.1892,-5.11238e-10,2.08876e-09,1.84557e-10,1.41827e-08,91.9643,91.2817,130.263,0,2.53313e-10,0,-4213.41,-4213.41,-4213.41,0,0,0,0,1.75172e-09,4.48862e-06,3785.72,3785.72,2.31694e-07,-7506.07,-1074.82,-1571.62,0,3.78975e-07,-1233.8,-3510.57,1.82422e-06,-25709.1,-13901.1,-3707.35,-3605.17,63.2847,4064.44,4064.44,4.94293e-06,-103431,1214.73,3.17196e-05,1.68967e-05,1214.38,1951.8,4821.82,9.62787e-06,1.46751e-06,1.85771e-06,564.716,8.12502e-07,8.11567e-05,0.000114132,7583.98,0.000519103,6190.67,9.43564e-06,890.539,3095.44,2.65793e-06,2267.84,5.58809e-07,2568.14,-4866.61,6.97825e-08,1.00784e-06,-3559.55,-3559.55,2.27152e-07,-89.5311,-89.5311,5.46876e-06,634.171,0,5.21755e-07,-3400.35,-8521.03,0,0
2020-08-03 05:00:00 UTC,-3291.94,-945.195,3292.92,-433.189,-433.189,-447.217,1103.78,1255.59,-1538.29,-1538.29,2242.72,1847.69,-7420.81,83.1349,1020.62,1685.71,3269.42,1034.16,-5882.6,-836.16,15.7888,-3004.04,-3004.04,-2662.6,-3436.74,-1007.49,-677.4,421.517,68.4292,2175.38,-756.079,-756.079,-1714.18,-958.338,-958.338,-5934.76,3508.68,3519.97,-11823,-11823,3959.47,7055.77,3465.44,2137.74,5313.21,-7505.47,-10308.9,-10384.8,-10974.8,242.239,-1812.16,-1812.16,355.626,-392.185,-680.948,353.673,353.673,-2985,1294.72,640.121,1783.28,-2219.97,-2394.21,1142.93,1142.93,-432.41,-513.578,472.994,472.994,466.448,2670.86,-1907.93,953.967,953.967,46.2514,46.2514,18.6956,14.3191,27.6933,-97.942,-199.2,148.115,-10.0961,-9.4158,2.42466,-43.0828,-18.5375,502.426,502.426,76.4228,76.4228,75.68,75.68,-991.155,-991.155,-991.155,358.088,358.088,114.371,-255.552,-116.753,-116.753,178.816,178.816,-407.74,-161.225,-2136.61,0.23,0.23,-1818.76,-1818.76,-1818.76,5267.18,-1365.39,-1365.39,-1447.23,-1447.23,-0.316,443.131,443.131,-114.73,-114.73,-6072.91,-6072.91,5709.16,5709.16,0,-244.46,-2531.83,-1042.76,2307.82,2307.82,-1974.12,10642.5,4664.58,-2055.95,-6022.74,-6022.74,1489.5,1489.5,-5159.16,-5159.16,551.373,1300.84,8352.86,3131.99,2562.25,2562.25,-1598.65,-1598.65,-1598.65,4109.7,4109.7,-5123.35,6.48421e-07,6.48421e-07,1907.24,-3595.25,-3595.25,5188.19,-1859.99,1418.38,0,3279.7,1344.2,-4959.67,-3613.51,-3613.51,-490.624,258.601,-57.986,-3710.87,-3710.87,-2456.82,1175.3,1175.3,11868.9,-7659.87,-11858.5,10322.1,10398.2,10988.5,-15112.1,3014.18,-2843.13,10322.1,10398.2,10988.5,-11471.5,-6304.71,-3888.73,773.317,16375.7,2940.26,13483.4,33279.1,18281,18281,2163.54,-10621.7,999.011,2136.21,862.403,-1095.35,1100.61,-1154.67,-979.475,-1073.52,1120.19,1146.04,1126.37,-1104.27,382.342,382.342,-1033.64,4597.45,4597.45,-10326.9,1090.34,1463.67,-1122.52,801.018,2760.48,4656.15,4656.15,7539.9,9243.63,9760.74,18851.1,-9916.65,5591.14,-7535.12,1848.82,5587.31,9470.27,5552.77,5550.73,-1848.48,-9231.28,-9747.36,3983.82,4030.46,2827.48,3282.61,2647.25,3183.06,2281.99,2281.99,452.739,1033.18,-2143.99,-2419.93,4087.95,-9236.94,-9236.94,-9753.67,-9753.67,-1643.51,-1643.51,109.94,422.938,1266.05,1266.05,5423.55,5423.55,-5354.42,-5354.42,1759.08,-32.7465,2922.97,-3662.9,14950.3,-16512.8,-18429.3,11527,-2919.54,3696.88,2268.38,-3080.47,105.919,105.919,1211.69,1211.69,-457.063,473.219,-2855.21,-472.938,163.899,163.899,2245.34,748.96,3066.41,2081.65,220.769,220.769,343.171,343.303,2360.31,2360.31,2600.7,1380.89,1993.8,1199.02,771.099,222.487,222.487,-7.91849,-9.39592,0,-773.603,-860.563,0,39.2257,999.915,999.915,-37.2538,604.875,-448.333,-450.675,28.7467,-453.867,-442.898,1748.89,-2708.72,-6787.27,-1363.9,-558.735,-558.735,247.185,2118.57,2118.57,1028.96,1021.54,1.60537e-06,0,630.138,630.138,0,1.71315e-06,0,1763.23,0,-1007.46,0,1.32873e-08,2.86678e-08,-1236.75,-1087.69,-1087.69,0,-244.959,-244.959,2.74964e-08,0,1715.23,2670.07,2670.07,2670.07,3071.49,0,0,0,587.804,587.804,587.804,0,-898.872,-275.368,-275.368,-92.498,1.9598e-06,-46.2514,-46.2514,-2.74096e-10,1.06001e-09,-8.54589e-11,1.11136e-08,90.9846,90.309,125.093,0,2.05955e-10,0,-3828.28,-3828.28,-3828.28,0,0,0,0,9.84262e-10,3.46945e-06,3474.4,3474.4,2.96642e-07,-6666.35,-969.785,-1418.04,0,2.61894e-07,-1147.26,-3165.3,2.00221e-06,-23361.2,-12710,-3475.91,-3363.78,57.9874,3724.72,3724.72,4.03115e-06,-93588.3,1047.39,2.22727e-05,1.44287e-05,1149.44,1847.43,4563.97,8.45723e-06,1.28549e-06,1.62278e-06,557.922,6.62925e-07,7.0975e-05,0.000109261,7443.63,0.000487199,5579.03,9.26631e-06,865.033,2672.79,2.17225e-06,1958.62,5.09147e-07,2362.86,-4316.29,5.48829e-08,9.49914e-07,-3270.36,-3270.36,1.57537e-07,-27.6561,-27.6561,4.32633e-06,447.317,0,4.77128e-07,-3139.87,-7745.56,0,0
2020-08-03 06:00:00 UTC,-3175.57,-919.589,3303.23,-495.418,-495.418,-320.503,1135.82,1297.76,-1535.15,-1535.15,2024.35,1679.29,-6914.75,-3.91206,929.735,1555.05,3077.36,973.415,-5420.63,-761.001,167.495,-2791.69,-2791.69,-2502.38,-3278.73,-960.314,-642.529,386.646,80.1365,2038,-707.117,-707.117,-1588.47,-881.555,-881.555,-5499.35,3141.57,3151.66,-10719.8,-10719.8,3552.45,6402.11,3211.71,1981.24,4777.68,-6788.62,-9303.19,-9371.73,-9904.11,208.838,-1638.03,-1638.03,330.585,-350.749,-559.31,344.744,344.744,-2673.92,1215.57,577.508,1628.31,-1981.15,-2136.61,1050.61,1050.61,-425.394,-531.383,478.388,478.388,459.988,2497.56,-1770.42,885.211,885.211,52.7324,52.7324,18.1455,14.5316,24.8858,-88.148,-174.425,132.464,-8.9565,-8.35298,3.10583,-38.2074,-12.4386,459.559,459.559,62.2363,62.2363,61.6346,61.6346,-907.958,-907.958,-907.958,318.314,318.314,109.389,-226.635,-110.674,-110.674,157.755,157.755,-383.468,-145.439,-1980.27,0.23,0.23,-1672.97,-1672.97,-1672.97,4835.66,-1259.72,-1259.72,-1331.57,-1331.57,-0.316,403.958,403.958,-121.109,-121.109,-5599.99,-5599.99,5289.65,5289.65,0,-230.091,-2342.72,-971.278,2141.13,2141.13,-1817.78,9770.35,4282.28,-1889.63,-5547.01,-5547.01,1371.8,1371.8,-4751.71,-4751.71,503.545,1203.38,7552.36,3076.4,2348.88,2348.88,-1467.2,-1467.2,-1467.2,3733.54,3733.54,-4720.26,6.48346e-07,6.48346e-07,1746.87,-3268.81,-3268.81,4713.82,-1670.51,1294.28,0,2965.88,1254.83,-4470.61,-3284.02,-3284.02,-453.928,245.703,-52.015,-3456.56,-3456.56,-2217.25,1062.23,1062.23,10716.9,-6864.26,-10708.4,9313.94,9382.64,9915.2,-13578,2728.81,-2579.68,9313.94,9382.64,9915.19,-10424.6,-5659.81,-3305.4,833.921,15407.6,2690.86,12655.1,31312.6,17211.5,17211.5,2050.09,-9717.97,910.369,2030.78,820.763,-1008.06,1027.49,-1074,-914.195,-1001.65,1058.13,1082.54,1063.97,-1029.62,341.653,341.653,-963.264,4268.11,4268.11,-9532.86,967.685,1363.16,-1046.02,769.991,2600.24,4283.77,4283.77,7074.72,8758.12,9248.06,17885.8,-9510.17,5168.42,-7070.51,1815.08,5165.15,9009.65,5282.69,5280.75,-1814.75,-8747.04,-9236.04,3797.69,3842.16,2707.59,3143.42,2538.91,2952.35,2170.75,2170.75,446.924,921.367,-2039.47,-2301.97,3919.49,-8752.12,-8752.12,-9241.71,-9241.71,-1587.82,-1587.82,99.0139,381.793,1243.35,1243.35,5259.95,5259.95,-5123.56,-5123.56,1544.5,-71.8826,2867.35,-3528.9,14568.1,-15713.9,-17509.4,11310.2,-2864.06,3407.65,2113.08,-2891.41,110.554,110.554,1081.7,1081.7,-381.111,421.526,-2574.48,-423.023,121.399,121.399,2042.47,682.849,2753.54,1921.29,189.864,189.864,290.237,290.349,2200.47,2200.47,2410.72,1267.59,1831.48,1060.19,628.587,198.093,198.093,-29.6216,-33.6682,0,-739.025,-822.066,0,13.6822,949.753,949.753,2.42762,470.525,-428.965,-431.208,50.9388,-473.189,-461.842,1627.63,-2649.69,-6565.72,-1298.57,-526.836,-526.836,245.617,2047.58,2047.58,958.528,951.618,1.48995e-06,0,683.065,683.065,0,1.44835e-06,0,1546.65,0,-960.288,0,1.35066e-08,2.91537e-08,-1185.11,-1019,-1019,0,-233.378,-233.378,2.50091e-08,0,1515.5,2376.41,2376.41,2376.41,2812.09,0,0,0,512.807,512.807,512.807,0,-885.395,-280.965,-280.965,-105.459,1.63628e-06,-52.7324,-52.7324,7.56484e-11,7.35215e-10,3.47381e-10,8.74439e-09,89.5514,88.8862,121.243,-7.10403e-11,3.70093e-10,0,-3542.92,-3542.92,-3542.92,0,0,0,0,3.55743e-10,2.79502e-06,3246.09,3246.09,3.29156e-07,-6070.27,-893.976,-1307.2,0,1.94333e-07,-1084.77,-2913.33,2.05445e-06,-21608.4,-11821.1,-3299.28,-3182.02,52.0161,3468.32,3468.32,3.40462e-06,-86243,934.699,1.63208e-05,1.25502e-05,1093.41,1757.37,4341.5,7.43173e-06,1.14966e-06,1.41843e-06,545.552,5.48197e-07,6.26624e-05,0.000107297,7423.42,0.000468241,5158.07,9.06978e-06,838.446,2402.39,1.88409e-06,1762.2,4.7647e-07,2220.46,-3954.79,4.80719e-08,9.08949e-07,-3064.51,-3064.51,1.1919e-07,9.17759,9.17759,3.67724e-06,320.555,0,4.48681e-07,-2954.09,-7189.1,0,0
2020-08-03 07:00:00 UTC,-3058.77,-891.292,3258.16,-534.823,-534.823,-233.068,1134.1,1299.36,-1522.63,-1522.63,1851.47,1538.47,-6481.77,-58.5066,852.22,1449.18,2899.47,917.153,-5034.08,-700.548,264.245,-2602.38,-2602.38,-2349.1,-3110.06,-910.196,-610.443,354.56,85.5424,1911.11,-663.357,-663.357,-1482.03,-818.849,-818.849,-5125.69,2879.78,2889.03,-9900.28,-9900.28,3257.82,5922.98,3000.87,1851.2,4383.5,-6230.07,-8577.96,-8641.17,-9132,189.303,-1510.59,-1510.59,306.918,-322.244,-499.768,325.192,325.192,-2458.31,1132.44,530.574,1506.01,-1819.67,-1962.44,975.273,975.273,-404.313,-513.176,458.744,458.744,437.532,2343.19,-1661.6,830.802,830.802,52.2804,52.2804,17.0928,13.8575,22.9103,-81.1916,-159.61,122.115,-8.20722,-7.65419,3.19885,-35.0984,-10.2363,425.926,425.926,55.4431,55.4431,54.9088,54.9088,-840.88,-840.88,-840.88,289.355,289.355,103.161,-208.321,-104.075,-104.075,144.738,144.738,-361.859,-134.493,-1850.35,0.23,0.23,-1566.72,-1566.72,-1566.72,4520.98,-1182.07,-1182.07,-1247.98,-1247.98,-0.316,377.066,377.066,-124.466,-124.466,-5255.71,-5255.71,4979.7,4979.7,0,-219.778,-2203.48,-916.168,2017.08,2017.08,-1702.06,9134.01,4003.34,-1767.97,-5201.26,-5201.26,1287.62,1287.62,-4456.5,-4456.5,470.692,1132.69,6978.88,3009.59,2193.2,2193.2,-1369.86,-1369.86,-1369.86,3462.17,3462.17,-4427.65,6.48483e-07,6.48483e-07,1628.64,-3031.81,-3031.81,4370,-1534.69,1204.79,0,2740.43,1187.65,-4120.17,-3044.97,-3044.97,-428.391,233.424,-47.832,-3262.74,-3262.74,-2045.48,980.593,980.593,9888.95,-6297.5,-9881.68,8587.1,8650.44,9141.42,-12481.8,2524.8,-2389.54,8587.1,8650.44,9141.42,-9667.93,-5201.88,-2902.23,866.507,14654.5,2510.73,12015,29777,16373.4,16373.4,1959.92,-9067.87,850.151,1945.17,784.004,-949.662,971.763,-1013.99,-864.441,-947.035,1008.3,1031.56,1013.86,-973.257,313.52,313.52,-910.344,4022.31,4022.31,-8952.33,885.917,1285.68,-988.515,739.602,2474.53,4014.31,4014.31,6709.88,8367.85,8835.95,17108,-9156.98,4844.86,-6706.09,1779.63,4841.99,8635.38,5063.24,5061.38,-1779.31,-8357.73,-8824.98,3649.02,3691.75,2606.84,3026.45,2444.46,2772.88,2084.3,2084.3,434.358,840.382,-1958.24,-2210.29,3785.84,-8362.37,-8362.37,-8830.15,-8830.15,-1539.76,-1539.76,92.3344,356.521,1216.03,1216.03,5111.02,5111.02,-4932.95,-4932.95,1385.26,-100.475,2812.79,-3413.56,14209.3,-15055.8,-16763.2,11107.6,-2809.62,3173.49,1982.71,-2741.62,109.864,109.864,980.036,980.036,-326.9,379.767,-2355.08,-381.679,92.0011,92.0011,1875.26,630.733,2486.15,1783.48,167.606,167.606,250.957,251.054,2075.98,2075.98,2262.47,1178.92,1705.92,952.483,520.344,179.062,179.062,-43.6367,-49.3358,0,-709.732,-789.498,0,-3.34198,905.755,905.755,28.4842,376.864,-411.231,-413.383,65.0459,-480.372,-468.912,1519.46,-2559.77,-6361.64,-1243.02,-501.389,-501.389,240.914,1975.03,1975.03,909.013,902.46,1.40662e-06,0,714.521,714.521,0,1.23951e-06,0,1386.98,0,-910.173,0,1.34585e-08,2.87186e-08,-1128.52,-955.557,-955.557,0,-220.039,-220.039,2.13143e-08,0,1385.37,2180.62,2180.62,2180.62,2603.89,0,0,0,469.547,469.547,469.547,0,-841.857,-270.243,-270.243,-104.555,1.39768e-06,-52.2804,-52.2804,-1.1693e-10,1.46615e-09,-1.95388e-10,7.68828e-09,85.2123,84.5793,118.558,0,2.49907e-10,0,-3329.49,-3329.49,-3329.49,0,0,0,0,-3.91476e-11,2.35904e-06,3069.18,3069.18,3.40583e-07,-5637.26,-834.385,-1220.06,0,1.54603e-07,-1034.6,-2727.04,2.03934e-06,-20313,-11148.5,-3152,-3034.44,47.8329,3273.06,3273.06,2.97026e-06,-80892.8,853.264,1.25226e-05,1.11741e-05,1049.86,1687.38,4168.58,6.69997e-06,1.0504e-06,1.27258e-06,542.561,4.59473e-07,5.63635e-05,0.000105483,7406.45,0.000450882,4835.76,8.98572e-06,816.972,2191.38,1.67944e-06,1619.22,4.54939e-07,2092.09,-3651.1,4.43318e-08,8.75222e-07,-2902.25,-2902.25,9.43435e-08,35.8831,35.8831,3.18509e-06,233.095,0,4.12145e-07,-2804.28,-6761.22,0,0
2020-08-03 08:00:00 UTC,-2977.96,-873.695,3233.93,-573.187,-573.187,-159.265,1135.09,1303.63,-1513.93,-1513.93,1696.47,1429.64,-6134.97,-128.362,795.643,1348.11,2775.85,878.057,-4712.67,-649.039,355.743,-2466.11,-2466.11,-2221.15,-2970.06,-868.395,-583.653,327.77,90.0945,1805.18,-627.761,-627.761,-1399.47,-771.862,-771.862,-4828.64,2685.14,2693.77,-9258.97,-9258.97,3038.6,5525.61,2830.08,1745.86,4089.96,-5794.33,-8009.03,-8068.05,-8526.29,175.362,-1410.04,-1410.04,291.23,-300.3,-450.43,311.521,311.521,-2290.45,1073.21,496.658,1416.28,-1691.54,-1824.24,919.486,919.486,-387.893,-499.322,443.608,443.608,420.056,2219.63,-1578.6,789.301,789.301,52.021,52.021,16.2965,13.3744,21.3317,-75.6366,-147.865,114.071,-7.92004,-7.38635,2.92206,-32.8967,-8.33555,399.332,399.332,49.7997,49.7997,49.3213,49.3213,-787.85,-787.85,-787.85,266.927,266.927,98.1483,-193.938,-98.7214,-98.7214,134.489,134.489,-344.238,-125.859,-1745.1,0.23,0.23,-1487.21,-1487.21,-1487.21,4283.82,-1124.38,-1124.38,-1185.75,-1185.75,-0.316,357.495,357.495,-127.218,-127.218,-4998.56,-4998.56,4748.03,4748.03,0,-212.408,-2098.95,-873.28,1924.13,1924.13,-1614.35,8653.01,3792.5,-1675.71,-4942.9,-4942.9,1225.96,1225.96,-4236.47,-4236.47,449.092,1081.35,6535.19,2961.8,2075.24,2075.24,-1293.78,-1293.78,-1293.78,3253.01,3253.01,-4209.61,6.48368e-07,6.48368e-07,1538.83,-2848.85,-2848.85,4104.39,-1429.79,1134.09,0,2564.71,1136.62,-3848.66,-2860.69,-2860.69,-410.365,221.731,-45.732,-3116.08,-3116.08,-1911.67,916.264,916.264,9241.43,-5854.35,-9235.08,8016.99,8076.13,8534.5,-11624.5,2367.02,-2240.27,8016.99,8076.13,8534.5,-9081.54,-4846.3,-2580.47,898.496,14093.7,2373.29,11536.2,28629.1,15746.4,15746.4,1894.12,-8576.55,807.687,1882.39,756.127,-907.363,929.629,-969.155,-826.999,-905.933,970.822,993.211,976.178,-930.831,291.791,291.791,-870.513,3837.11,3837.11,-8517.3,826.022,1225.29,-945.234,715.969,2380.61,3811.59,3811.59,6436.6,8077.97,8529.84,16530.5,-8899.22,4600.52,-6433.12,1755.38,4597.92,8359.27,4901.35,4899.55,-1755.06,-8068.54,-8519.62,3534.38,3575.76,2539.85,2948.67,2372.61,2639.53,2017.32,2017.32,425.657,778.011,-1895.32,-2139.27,3702.89,-8072.86,-8072.86,-8524.44,-8524.44,-1511.74,-1511.74,86.6362,335.099,1205.25,1205.25,5029.37,5029.37,-4815.23,-4815.23,1258.88,-125.615,2790.26,-3345.84,14050.1,-14572.3,-16209,11019.3,-2787.14,2990.17,1879.18,-2630.31,108.273,108.273,898.553,898.553,-284.701,345.682,-2183.74,-348.32,68.2461,68.2461,1739.4,590.868,2264.4,1671.37,150.272,150.272,219.678,219.764,1982.04,1982.04,2148.94,1109.63,1608.12,866.373,427.473,164.144,164.144,-56.6113,-63.8472,0,-692.844,-770.716,0,-18.9802,881.569,881.569,51.9407,298.149,-399.664,-401.756,78.1504,-491.661,-479.984,1430.9,-2486.52,-6217.82,-1199.88,-482.323,-482.323,235.872,1925.83,1925.83,876.54,870.221,1.36062e-06,0,745.757,745.757,0,1.08501e-06,0,1216.85,0,-868.374,0,1.37957e-08,2.72736e-08,-1082.8,-902.589,-902.589,0,-208.921,-208.921,2.03321e-08,0,1289.07,2025.94,2025.94,2025.94,2439.24,0,0,0,443.99,443.99,443.99,0,-807.961,-261.975,-261.975,-104.036,1.23624e-06,-52.021,-52.021,-1.27928e-10,1.3052e-10,4.76902e-10,8.16626e-09,81.732,81.1248,117.649,0,3.35137e-10,0,-3165.66,-3165.66,-3165.66,0,0,0,0,3.01714e-11,2.06119e-06,2935.66,2935.66,3.41933e-07,-5299.04,-786.156,-1149.55,0,1.28845e-07,-994.202,-2582.92,2.00371e-06,-19337.7,-10637.7,-3040.33,-2923.57,45.7328,3125.46,3125.46,2.66991e-06,-76883.3,790.511,1.01004e-05,1.01895e-05,1016.13,1633.16,4034.64,6.10743e-06,9.8801e-07,1.17018e-06,540.861,4.0051e-07,5.15818e-05,0.00010475,7402.43,0.000443393,4592.31,8.93454e-06,804.637,2025.19,1.54071e-06,1509.39,4.4316e-07,1988.44,-3404.12,4.08777e-08,8.50744e-07,-2780.08,-2780.08,7.84288e-08,59.6402,59.6402,2.85358e-06,159.279,0,3.84494e-07,-2689.85,-6432.57,0,0
2020-08-03 09:00:00 UTC,-2951.62,-869.862,3247.67,-610.181,-610.181,-115.647,1143.22,1314.83,-1531.56,-1531.56,1611.96,1361.61,-5954.94,-165.773,758.326,1300.74,2704.95,855.631,-4541.02,-620.704,413.48,-2380.05,-2380.05,-2153.52,-2906.93,-849.329,-568.723,312.84,96.0163,1746.44,-608.142,-608.142,-1354.57,-746.571,-746.571,-4663.2,2564.22,2572.46,-8883.22,-8883.22,2902.65,5298.57,2739.61,1690.05,3908.29,-5525.38,-7670.45,-7726.98,-8165.83,165.662,-1350.62,-1350.62,282.696,-286.789,-414.574,306.402,306.402,-2187.9,1042.84,475.768,1366.41,-1612.73,-1739.24,890.515,890.515,-382.645,-499.764,441.205,441.205,414.678,2156.85,-1533.17,766.585,766.585,53.2586,53.2586,15.977,13.2806,20.3832,-72.3147,-140.285,109.18,-7.7107,-7.19113,2.89929,-31.4995,-6.69607,384.354,384.354,45.6481,45.6481,45.211,45.211,-758.026,-758.026,-758.026,252.705,252.705,95.9894,-184.969,-96.2564,-96.2564,128.001,128.001,-336.126,-120.774,-1689.34,0.23,0.23,-1439.47,-1439.47,-1439.47,4138.15,-1090.99,-1090.99,-1148.6,-1148.6,-0.316,346.741,346.741,-127.423,-127.423,-4842.13,-4842.13,4603.82,4603.82,0,-207.786,-2033.43,-844.744,1865.64,1865.64,-1559.36,8358.22,3663.28,-1616.97,-4786.38,-4786.38,1188.95,1188.95,-4103.97,-4103.97,437.766,1050.21,6262.36,2924.17,2001.57,2001.57,-1244.66,-1244.66,-1244.66,3122.94,3122.94,-4078.75,6.48401e-07,6.48401e-07,1482.61,-2735.74,-2735.74,3941.39,-1362.9,1094.33,0,2457.99,1106.88,-3678.02,-2746.75,-2746.75,-399.821,212.472,-45.254,-3032.25,-3032.25,-1831.36,877.118,877.118,8850.99,-5584.95,-8845.16,7677.76,7734.4,8173.36,-11104.5,2271.38,-2148.03,7677.76,7734.39,8173.36,-8720.15,-4629.36,-2389.67,916.06,13738.5,2287.92,11233.7,27899.8,15347.7,15347.7,1855.44,-8274.24,782.143,1845.41,737.782,-877.721,903.11,-941.234,-803.297,-879.992,946.815,968.648,952.039,-904.235,278.222,278.222,-845.648,3724.28,3724.28,-8251.97,789.032,1185.44,-918.227,700.905,2317.48,3685.89,3685.89,6275.72,7888.43,8329.69,16143.3,-8731.38,4474.53,-6272.41,1723.27,4472.08,8171.38,4791.18,4789.42,-1722.97,-7879.44,-8319.95,3449.21,3489.6,2492.34,2893.51,2318.56,2572.46,1967.78,1967.78,418.515,752.109,-1848.77,-2086.73,3645.61,-7883.56,-7883.56,-8324.54,-8324.54,-1488.59,-1488.59,84.138,325.595,1190.25,1190.25,4955.77,4955.77,-4734.84,-4734.84,1209.48,-131.749,2761.37,-3293.53,13873.7,-14243.9,-15837.5,10909.7,-2758.31,2891.37,1822.02,-2566.26,106.214,106.214,857.336,857.336,-269.604,328.526,-2108.28,-333.198,60.1427,60.1427,1676.09,572.781,2148.95,1616.17,142.092,142.092,204.586,204.666,1928.57,1928.57,2085.7,1072.16,1553.58,824.888,380.566,157.112,157.112,-65.0391,-73.2783,0,-687.004,-764.18,0,-28.8801,876.167,876.167,66.868,252.183,-394.013,-396.076,86.7696,-500.727,-488.858,1386.75,-2459.56,-6122.13,-1172.05,-470.479,-470.479,231.698,1910.74,1910.74,870.365,864.091,1.37134e-06,0,778.559,778.559,0,1.01064e-06,0,1132.49,0,-849.308,0,1.36993e-08,2.83518e-08,-1063.53,-873.222,-873.222,0,-204.418,-204.418,1.90072e-08,0,1228.54,1929.95,1929.95,1929.95,2346.44,0,0,0,427.837,427.837,427.837,0,-797.334,-261.221,-261.221,-106.511,1.16428e-06,-53.2586,-53.2586,4.71529e-11,6.60336e-10,3.1901e-10,6.63239e-09,80.6345,80.0354,119.27,0,2.25737e-10,0,-3062.18,-3062.18,-3062.18,0,0,0,0,-1.36988e-11,1.90402e-06,2857.46,2857.46,3.40546e-07,-5097.66,-764.238,-1117.5,0,1.15912e-07,-971.903,-2494,1.97115e-06,-18735.6,-10317.6,-2966.67,-2852.46,45.2548,3041.06,3041.06,2.48972e-06,-74434.6,764.421,8.73888e-06,9.55166e-06,991.174,1593.05,3935.55,5.68988e-06,9.43969e-07,1.0984e-06,535.145,3.63908e-07,4.85129e-05,0.000103469,7372.43,0.000434276,4466.77,8.90953e-06,794.354,1952.4,1.4766e-06,1463.89,4.37184e-07,1929.6,-3286.07,4.08782e-08,8.38499e-07,-2706.76,-2706.76,6.99727e-08,70.1454,70.1454,2.7025e-06,115.655,0,3.74889e-07,-2617.38,-6231.13,0,0
2020-08-03 10:00:00 UTC,-2997.46,-886.563,3354.88,-661.258,-661.258,-87.0038,1186.83,1366.46,-1580.04,-1580.04,1580.04,1330.6,-5937.23,-192.769,740.253,1295.96,2697.67,853.328,-4501.34,-611.502,464.704,-2363.55,-2363.55,-2146.21,-2920.17,-852.872,-565.683,309.8,103.163,1735.02,-604.39,-604.39,-1346.43,-742.18,-742.18,-4627.57,2515.72,2523.8,-8761.65,-8761.65,2848.21,5229.73,2725.57,1681.39,3835.67,-5420.23,-7553.93,-7609.6,-8041.77,160.732,-1330.41,-1330.41,280.968,-281.589,-394.05,308.571,308.571,-2149.19,1038.42,467.33,1354.68,-1582.13,-1706.23,887.221,887.221,-386.726,-511.285,449.006,449.006,419.366,2152.56,-1530.24,765.118,765.118,55.5037,55.5037,16.0544,13.4855,20.0399,-71.1318,-136.905,107.34,-7.54018,-7.03209,3.13375,-30.8645,-5.49666,380.205,380.205,43.2216,43.2216,42.8091,42.8091,-749.712,-749.712,-749.712,246.209,246.209,96.3498,-181.333,-96.3826,-96.3826,125.253,125.253,-336.794,-119.093,-1680.69,0.23,0.23,-1427.16,-1427.16,-1427.16,4098.15,-1083.07,-1083.07,-1139.4,-1139.4,-0.316,344.298,344.298,-129.086,-129.086,-4803.35,-4803.35,4569.65,4569.65,0,-207.444,-2017.3,-837.029,1851.74,1851.74,-1544.01,8276.53,3627.48,-1600.35,-4746.87,-4746.87,1180.53,1180.53,-4071.17,-4071.17,436.647,1043.39,6167.13,2937.76,1980.46,1980.46,-1229.02,-1229.02,-1229.02,3078.93,3078.93,-4046.51,6.48302e-07,6.48302e-07,1464.46,-2697.85,-2697.85,3886.96,-1336.32,1084.67,0,2421.73,1103.01,-3614.83,-2708.32,-2708.32,-397.398,209.189,-46.42,-3023.43,-3023.43,-1803.87,863.635,863.635,8717.05,-5484.83,-8711.4,7561.01,7616.79,8049.08,-10915.8,2239.9,-2117.45,7561.01,7616.79,8049.08,-8600.65,-4549.53,-2300.52,938.871,13687.5,2261.78,11184.4,27785.6,15286.5,15286.5,1857.95,-8186.44,776.79,1848.69,732.894,-870.117,897.756,-935.265,-798.504,-874.711,943.566,965.323,948.771,-898.743,272.885,272.885,-840.467,3701.99,3701.99,-8192.14,775.025,1174.98,-912.596,698.425,2302.48,3651.26,3651.26,6262.78,7864.15,8304.05,16085.6,-8736.57,4472.9,-6259.48,1712.15,4470.45,8144.02,4775.14,4773.39,-1711.86,-7855.21,-8294.36,3432.28,3472.47,2485,2884.99,2310.92,2574.46,1956.99,1956.99,420.201,755.515,-1838.64,-2075.29,3633.98,-7859.31,-7859.31,-8298.93,-8298.93,-1483.01,-1483.01,83.8418,324.425,1185.94,1185.94,4937.35,4937.35,-4721.72,-4721.72,1219.91,-126.692,2753.01,-3282.81,13822.2,-14188.7,-15789.1,10877.6,-2749.97,2883.27,1818.68,-2562.82,107.935,107.935,851.566,851.566,-272.392,326.821,-2119.44,-335.418,60.9528,60.9528,1685.79,575.76,2152.26,1625.06,139.924,139.924,201.862,201.941,1923.75,1923.75,2078.53,1066.68,1543.97,819.999,365.046,156.844,156.844,-73.2818,-82.5166,0,-696.767,-774.931,0,-37.7692,897.933,897.933,80.5013,223.196,-397.612,-399.695,95.5304,-518.621,-506.341,1397.08,-2517.93,-6140.23,-1168.19,-469.22,-469.22,230.35,1942.01,1942.01,883.514,877.146,1.43603e-06,0,826.92,826.92,0,1.00203e-06,0,1100.95,0,-852.851,0,1.4015e-08,2.93287e-08,-1070.38,-867.508,-867.508,0,-206.47,-206.47,1.82831e-08,0,1204.03,1891.73,1891.73,1891.73,2320.32,0,0,0,420.557,420.557,420.557,0,-806.103,-266.425,-266.425,-111,1.18463e-06,-55.5037,-55.5037,-2.99813e-10,4.23788e-10,-2.70887e-10,7.27337e-09,81.5486,80.9426,121.293,0,3.30344e-10,0,-3034.96,-3034.96,-3034.96,0,0,0,0,-1.98706e-10,1.88719e-06,2847.94,2847.94,3.4247e-07,-5036.35,-760.489,-1112.02,0,1.11321e-07,-970.841,-2469.53,1.96915e-06,-18588.9,-10245.5,-2952.47,-2843.6,46.4209,3031.94,3031.94,2.46026e-06,-73817.1,767.827,8.55299e-06,9.44721e-06,985.74,1584.32,3913.98,5.60021e-06,9.34086e-07,1.08322e-06,528.666,3.57652e-07,4.81269e-05,0.000103087,7363.34,0.000431629,4465.14,8.89353e-06,793.519,1963.06,1.48218e-06,1470.14,4.36741e-07,1930.87,-3304.59,4.08503e-08,8.36976e-07,-2696.65,-2696.65,7.04076e-08,74.6766,74.6766,2.73597e-06,87.0082,0,3.97517e-07,-2604.48,-6186.21,0,0
2020-08-03 11:00:00 UTC,-3129.36,-927.613,3558.94,-728.614,-728.614,-78.1756,1263.07,1455.02,-1664.57,-1664.57,1612.99,1345.31,-6117.25,-208.402,745.946,1342.48,2769.14,875.933,-4623.28,-625.493,506.744,-2427.39,-2427.39,-2219.57,-3045.8,-889.463,-577.826,321.943,115.216,1784.29,-620.457,-620.457,-1381.91,-761.608,-761.608,-4747.89,2537.83,2545.98,-8914.51,-8914.51,2873.78,5339.2,2803.73,1729.6,3870.9,-5475.44,-7671.97,-7728.51,-8167.44,159.51,-1351.9,-1351.9,287.208,-284.721,-383.477,321.239,321.239,-2175.25,1066.16,471.623,1384.77,-1599.86,-1725.36,913.011,913.011,-405.396,-543.563,474.479,474.479,439.94,2220.85,-1571.77,785.886,785.886,60.2355,60.2355,16.697,14.1897,20.325,-72.1857,-137.543,108.771,-7.44197,-6.9405,3.71145,-31.036,-4.27606,388.425,388.425,41.8551,41.8551,41.457,41.457,-765.703,-765.703,-765.703,246.382,246.382,100.256,-183.16,-100.022,-100.022,126.234,126.234,-349.943,-121.198,-1728.86,0.23,0.23,-1453.41,-1453.41,-1453.41,4170.03,-1104.17,-1104.17,-1160.73,-1160.73,-0.316,351.215,351.215,-132.353,-132.353,-4891.82,-4891.82,4654.34,4654.34,0,-211.907,-2053.8,-850.714,1885.82,1885.82,-1570.34,8421.66,3691.09,-1626.89,-4833.91,-4833.91,1203.37,1203.37,-4146.71,-4146.71,447.782,1063.93,6255.35,3011.77,2013.84,2013.84,-1247.77,-1247.77,-1247.77,3124.04,3124.04,-4121.95,6.48312e-07,6.48312e-07,1485.76,-2736.93,-2736.93,3945.44,-1349.06,1109.06,0,2458.88,1128.36,-3658.76,-2747.49,-2747.49,-405.22,210.765,-49.231,-3094.38,-3094.38,-1831.86,876.516,876.516,8850.54,-5557.27,-8844.72,7679.28,7735.93,8174.98,-11067.4,2275.68,-2149.67,7679.28,7735.93,8174.98,-8732.02,-4609.87,-2307.37,972.475,13973.1,2298.37,11413.9,28351.6,15598,15598,1906.85,-8326.21,795.44,1897.11,742.944,-886.968,915.487,-953.323,-814.383,-892.013,963.171,985.381,968.484,-916.3,276.187,276.187,-856.776,3776.88,3776.88,-8354.32,786.744,1194.52,-930.3,710.093,2341.1,3714.46,3714.46,6411.07,8023.27,8472.08,16401.4,-8938.39,4604.32,-6407.61,1727.03,4601.72,8298.34,4865.62,4863.84,-1726.73,-8013.97,-8461.99,3497.33,3538.29,2521.76,2927.67,2354.76,2649.96,1994.06,1994.06,428.217,787.856,-1873.47,-2114.6,3675.12,-8018.23,-8018.23,-8466.75,-8466.75,-1497.48,-1497.48,86.6299,334.895,1192.71,1192.71,4980.73,4980.73,-4781.9,-4781.9,1292.65,-111.267,2774.69,-3317.99,13915.3,-14458.2,-16098.8,10971.9,-2771.6,2966.78,1869.98,-2626.92,113.941,113.941,878.556,878.556,-292.713,338.638,-2218.5,-354.206,70.1819,70.1819,1769.68,600.552,2270.58,1699.72,142.381,142.381,209.976,210.058,1971.67,1971.67,2131,1094.21,1581.77,849.404,380.15,162.832,162.832,-80.3813,-90.4872,0,-719.891,-800.498,0,-44.6534,942.09,942.09,91.32,215.851,-411.172,-413.326,103.399,-544.562,-531.672,1464.85,-2661.21,-6291.89,-1189.98,-479.758,-479.758,231.081,2028.48,2028.48,926.701,920.021,1.58394e-06,0,894.447,894.447,0,1.07878e-06,0,1131.83,0,-889.441,0,1.35335e-08,3.47744e-08,-1117.1,-892.147,-892.147,0,-218.567,-218.567,1.87483e-08,0,1213.08,1910.63,1910.63,1910.63,2369.34,0,0,0,422.41,422.41,422.41,0,-845.347,-282.277,-282.277,-120.463,1.29088e-06,-60.2355,-60.2355,-3.14806e-11,7.66736e-10,-1.42025e-11,7.19738e-09,85.6076,84.9714,125.825,0,2.64901e-10,0,-3089.04,-3089.04,-3089.04,0,0,0,0,3.19283e-10,2.01526e-06,2912.76,2912.76,3.46854e-07,-5125.4,-781.888,-1143.31,0,1.16146e-07,-996.845,-2513.72,2.00556e-06,-18933.5,-10441.4,-3004.87,-2903.1,49.232,3103.09,3103.09,2.59314e-06,-75175.4,800.401,9.61704e-06,9.92791e-06,1004.41,1614.33,3988.12,5.91625e-06,9.60829e-07,1.13174e-06,526.421,3.82676e-07,5.07432e-05,0.000105184,7458.38,0.000439294,4596.1,8.92226e-06,806.129,2058.38,1.56798e-06,1532.48,4.46923e-07,1993.28,-3462.53,4.14355e-08,8.4534e-07,-2756.17,-2756.17,7.75678e-08,72.7868,72.7868,2.94501e-06,78.1793,0,4.54469e-07,-2655.03,-6308.45,0,0
2020-08-03 12:00:00 UTC,-3352.22,-995.223,3876.99,-815.874,-815.874,-85.9929,1380.96,1590.99,-1792.12,-1792.12,1699.95,1405.55,-6488.55,-225.289,776.967,1430.84,2925.1,925.259,-4894.66,-660.45,547.632,-2565.82,-2565.82,-2369.47,-3277.1,-957.196,-604.434,348.551,131.673,1891.38,-655.292,-655.292,-1458.22,-803.094,-803.094,-5015.81,2638.4,2646.88,-9351.85,-9351.85,2987.48,5628.28,2971,1832.77,4023.75,-5684.21,-8038.4,-8097.64,-8557.55,163.978,-1416.77,-1416.77,301.279,-297.199,-390.497,341.699,341.699,-2272.71,1122.97,490.56,1455.33,-1671.25,-1802.36,964.627,964.627,-435.164,-589.391,512.277,512.277,472.505,2358.09,-1661.9,830.951,830.951,66.189,66.189,17.7617,15.2033,21.2787,-75.6017,-143.449,114.15,-7.68299,-7.16528,4.26749,-32.4082,-3.59438,409.017,409.017,42.474,42.474,42.0713,42.0713,-805.25,-805.25,-805.25,253.324,253.324,107.147,-191.771,-106.701,-106.701,131.957,131.957,-375.467,-127.568,-1831.94,0.23,0.23,-1522.08,-1522.08,-1522.08,4366.35,-1156.66,-1156.66,-1215.58,-1215.58,-0.316,368.108,368.108,-138.037,-138.037,-5120.98,-5120.98,4871.2,4871.2,0,-221.8,-2149.26,-889.64,1973.45,1973.45,-1643.23,8817.79,3864.73,-1702.14,-5060.59,-5060.59,1259.92,1259.92,-4341.54,-4341.54,470.406,1112.85,6545.18,3152.48,2108.34,2108.34,-1304.56,-1304.56,-1304.56,3267.48,3267.48,-4315.76,6.4832e-07,6.4832e-07,1551.7,-2861.24,-2861.24,4128.28,-1405.68,1169.22,0,2575.72,1185.8,-3820.8,-2872.12,-2872.12,-421.81,220.458,-52.582,-3252.92,-3252.92,-1919.35,918.548,918.548,9273.84,-5816.85,-9267.44,8046.42,8105.78,8565.82,-11587.7,2385.06,-2253.41,8046.42,8105.78,8565.82,-9138.14,-4823.85,-2415.34,1018.84,14630.2,2404.89,11950.7,29673.2,16324.3,16324.3,2004.16,-8716.01,837.052,1993.23,773.33,-926.097,958.506,-997.723,-853.088,-934.188,1008.38,1031.64,1013.95,-959.111,289.114,289.114,-896.553,3958.13,3958.13,-8756.37,824.561,1250.27,-973.48,740.898,2441.51,3887.39,3887.39,6735.57,8387.81,8857.03,17136.4,-9358.19,4878.01,-6731.75,1775.04,4875.1,8659.42,5077.34,5075.47,-1774.72,-8377.65,-8846,3654.33,3697.11,2611.38,3031.72,2457.76,2807.73,2084.38,2084.38,444.747,848.486,-1958.32,-2210.38,3785.45,-8382.31,-8382.31,-8851.2,-8851.2,-1537.72,-1537.72,93.1043,359.318,1215.13,1215.13,5104.98,5104.98,-4932.47,-4932.47,1431.58,-86.4994,2839.18,-3411.33,14212.5,-15104.2,-16812.5,11245.8,-2835.95,3151.78,1983.49,-2765.91,126.464,126.464,939.648,939.648,-327.915,364.55,-2411.12,-389.282,85.9665,85.9665,1930.96,650.448,2509.88,1845.22,148.607,148.607,228.436,228.525,2077.18,2077.18,2248.12,1157.1,1670.26,915.851,425.368,175.735,175.735,-87.835,-98.8701,0,-760.53,-845.48,0,-51.1228,1016.7,1016.7,101.646,227.047,-436.166,-438.45,111.974,-582.54,-568.747,1595.1,-2906.49,-6589.33,-1242.54,-502.648,-502.648,237.907,2173.72,2173.72,997.234,990.046,1.8238e-06,0,983.434,983.434,0,1.24564e-06,0,1203.15,0,-957.17,0,1.38707e-08,4.24429e-08,-1200.85,-945.692,-945.692,0,-240.096,-240.096,1.94828e-08,0,1261.67,1994.05,1994.05,1994.05,2491.41,0,0,0,441.614,441.614,441.614,0,-907.683,-305.385,-305.385,-132.368,1.51096e-06,-66.189,-66.189,1.03551e-10,8.97832e-12,-3.92397e-10,8.03483e-09,92.0421,91.358,132.229,0,3.71375e-10,0,-3232.55,-3232.55,-3232.55,0,0,0,0,4.72854e-10,2.31775e-06,3059.14,3059.14,3.54972e-07,-5376.63,-822.788,-1203.11,0,1.31348e-07,-1050.78,-2632.85,2.07695e-06,-19820.3,-10931.9,-3136.49,-3039.48,52.5831,3262.08,3262.08,2.92305e-06,-78711.1,861.277,1.2353e-05,1.11128e-05,1049.9,1687.45,4168.75,6.69636e-06,1.03937e-06,1.25432e-06,532.318,4.45608e-07,5.69421e-05,0.000110927,7703.29,0.000462024,4868.79,8.95171e-06,834.993,2242.58,1.75706e-06,1656.24,4.76179e-07,2126.83,-3768.03,4.62717e-08,8.61884e-07,-2892.03,-2892.03,9.47371e-08,64.1161,64.1161,3.37515e-06,85.9973,0,5.60104e-07,-2778.19,-6608.09,0,0
2020-08-03 13:00:00 UTC,-3638.68,-1075.05,4182.49,-853.458,-853.458,-161.779,1482.93,1706.14,-1916.85,-1916.85,1937.88,1577.39,-7189.17,-179.243,867.25,1610.5,3206.22,1014.17,-5473.61,-744.823,502.691,-2832.46,-2832.46,-2654.38,-3667.43,-1072.43,-658.453,402.57,147.272,2107.22,-725.453,-725.453,-1611.26,-886.011,-886.011,-5567.56,2909.06,2918.41,-10375,-10375,3292.28,6293.1,3300.63,2036.08,4431.82,-6267.13,-8924.36,-8990.11,-9500.77,180.969,-1573.07,-1573.07,328.866,-329.576,-443.716,373.975,373.975,-2522.6,1231.29,539.132,1603.28,-1859.57,-2005.47,1063.97,1063.97,-481.256,-650.568,565.912,565.912,522.513,2613.11,-1833.53,916.767,916.767,72.7521,72.7521,19.531,16.6295,23.6722,-84.0837,-160.414,127.136,-8.22485,-7.67063,5.05317,-35.8827,-4.72605,453.942,453.942,48.3506,48.3506,47.8916,47.8916,-892.888,-892.888,-892.888,278.495,278.495,118.781,-213.962,-118.515,-118.515,147.346,147.346,-419.725,-142.092,-2035.06,0.026,0.026,-1656.19,-1656.19,-1656.19,4751.35,-1261.97,-1261.97,-1319.02,-1319.02,-0.036,399.332,399.332,-133.022,-133.022,-5546.02,-5546.02,5258.11,5258.11,0,-233.284,-2319.83,-961.698,2129.34,2129.34,-1787.61,9598.66,4207.02,-1844.65,-5487.83,-5487.83,1358.48,1358.48,-4705.71,-4705.71,505.911,1197.88,7207.92,3294.33,2294.36,2294.36,-1418.82,-1418.82,-1418.82,3580.01,3580.01,-4680.75,6.48436e-07,6.48436e-07,1689.13,-3136.68,-3136.68,4537.48,-1543.2,1303.15,0,2847.33,1289.48,-4199.45,-3148.64,-3148.64,-450.57,241.191,-56.384,-3530.87,-3530.87,-2126.44,1019.97,1019.97,10282.4,-6469.26,-10274.6,8934.25,9000.15,9510.97,-12872.5,2633.04,-2493.99,8934.24,9000.15,9510.97,-10035.4,-5345.56,-2840.3,1011.02,15669,2619.65,12822.9,31790.3,17486.6,17486.6,2146.18,-9484.88,902.784,2132.78,825.201,-987.419,1032.08,-1074.28,-919.69,-1006.7,1080.63,1105.56,1086.59,-1032.54,319.857,319.857,-964.688,4281.01,4281.01,-9484.27,902.973,1352.67,-1047.44,791.547,2605.52,4213.98,4213.98,7277.21,8940.89,9441.06,18217.3,-9929.79,5388.49,-7272.76,1802.82,5384.93,9185.39,5385.73,5383.76,-1802.49,-8929.34,-9428.54,3876.35,3921.73,2732.59,3172.45,2589.32,3087.98,2216.36,2216.36,454.025,980.392,-2082.32,-2350.33,3932.82,-8934.63,-8934.64,-9434.44,-9434.44,-1584.92,-1584.92,105.953,407.389,1228.78,1228.78,5238.06,5238.06,-5143.87,-5143.87,1717.23,-25.1279,2897.25,-3528.33,14501.8,-16052.2,-17865.9,11503.8,-2893.88,3522.41,2194.4,-2996.83,133.079,133.079,1100.16,1100.16,-424.506,431.949,-2792.49,-462.934,138.67,138.67,2226.68,743.644,2962.24,2088.23,180.815,180.815,291.877,291.989,2266.28,2266.28,2472.73,1290.94,1854.45,1093.69,577.683,208.512,208.512,-83.9743,-94.6133,0,-836.52,-929.71,0,-43.2003,1145.64,1145.64,90.2065,308.165,-472.344,-474.815,109.434,-610.558,-596.022,1790.33,-3177.58,-6945.96,-1329.37,-538.789,-538.789,252.551,2356.87,2356.87,1093.73,1085.85,2.11145e-06,0,1028.08,1028.08,0,1.61451e-06,0,1427.97,0,-1072.4,0,1.37793e-08,5.45404e-08,-1336.44,-1053.61,-1053.61,0,-274.901,-274.901,2.24659e-08,0,1394.87,2218.59,2218.59,2218.59,2762.81,0,0,0,484.78,484.78,484.78,0,-1003.79,-337.342,-337.342,-145.492,2.00973e-06,-72.7521,-72.7521,-5.42706e-11,1.04267e-09,1.98393e-10,1.05657e-08,101.948,101.19,143.494,0,4.0263e-10,0,-3500.75,-3500.75,-3500.75,0,0,0,0,8.31257e-10,2.91493e-06,3316.1,3316.1,3.62397e-07,-5939.99,-917.262,-1341.25,0,1.66935e-07,-1149.54,-2871.41,2.15321e-06,-21451.7,-11811.9,-3349.17,-3256.59,56.3853,3541,3541,3.51382e-06,-85319.6,993.641,1.7642e-05,1.30251e-05,1116.39,1794.3,4432.72,7.97132e-06,1.14257e-06,1.42227e-06,531.464,5.36076e-07,6.68515e-05,0.000116278,7922.56,0.000484018,5377.24,8.93743e-06,858.868,2610.93,2.10546e-06,1895.33,5.05086e-07,2341.87,-4304.27,5.63025e-08,8.9751e-07,-3130.77,-3130.77,1.32097e-07,24.2684,24.2684,4.37216e-06,161.793,0,6.9918e-07,-2994.34,-7176.02,0,0
2020-08-03 14:00:00 UTC,-3898.73,-1139.85,4317.15,-778.087,-778.087,-348.271,1503.97,1724.18,-1996.17,-1996.17,2290.73,1861.56,-8095.09,-92.1409,1023.01,1820.6,3583.67,1133.55,-6266.71,-867.396,311.682,-3182.8,-3182.8,-2994.4,-4115.18,-1203.11,-724.677,468.794,157.936,2371.07,-815.799,-815.799,-1828.28,-1012.75,-1012.75,-6322.85,3389.28,3400.18,-11979.5,-11979.5,3821.27,7286.77,3740,2307.07,5122.75,-7195.6,-10353.4,-10429.7,-11022.2,222.11,-1819.63,-1819.63,370.351,-385.965,-580.659,404.446,404.446,-2947.79,1367.35,618.776,1839.35,-2181.35,-2352.55,1220.34,1220.34,-522.417,-687.638,605.028,605.028,566.427,2935.58,-2055.86,1027.93,1027.93,73.6093,73.6093,21.1048,17.3415,27.545,-97.6974,-191.9,148.351,-9.35915,-8.72851,5.15988,-42.0222,-10.6083,517.496,517.496,64.0333,64.0333,63.4201,63.4201,-1018.28,-1018.28,-1018.28,322.182,322.182,130.297,-252.131,-131.636,-131.636,174.676,174.676,-473.128,-164.453,-2305.75,-1.6595,-1.6595,-1859.61,-1859.61,-1859.61,5330.49,-1423.9,-1423.9,-1474.98,-1474.98,2.278,448.966,448.966,-112.433,-112.433,-6175.33,-6175.33,5812.56,5812.56,0,-246.011,-2563.89,-1059.72,2350.57,2350.57,-2002.65,10780,4724.89,-2053.72,-6126.16,-6126.16,1504.6,1504.6,-5250.13,-5250.13,563.268,1323.84,8287.26,3378.43,2573.08,2573.08,-1591.11,-1591.11,-1591.11,4080.77,4080.77,-5227.79,6.48363e-07,6.48363e-07,1898.18,-3576.59,-3576.59,5183.89,-1782.92,1500.24,0,3284.44,1423.52,-4837.99,-3594.7,-3594.7,-496.888,263.437,-61.431,-3891.18,-3891.18,-2460.56,1182.9,1182.9,11907.2,-7562.96,-11896.6,10366.7,10443.2,11035.9,-14998.5,3026.79,-2873.63,10366.7,10443.2,11035.9,-11463.3,-6218.8,-3646.8,917.796,17000.7,2952.72,13965.1,34524.8,18980.7,18980.7,2305.16,-10681.1,1015.3,2282.56,893.493,-1076.76,1131.95,-1183.39,-1010.18,-1105.79,1170.6,1197.6,1177.05,-1134.09,373.424,373.424,-1059.66,4726.58,4726.58,-10544.6,1057.6,1490.84,-1150.58,852.615,2824.49,4706.2,4706.2,7958.79,9623.7,10162.1,19539.9,-10531.3,6042.88,-7953.46,1825.3,6038.41,9830.8,5764.15,5762.04,-1824.97,-9610.32,-10147.6,4141.68,4190.16,2885.73,3350.26,2739.23,3443.66,2376.29,2376.29,457.793,1154.84,-2232.58,-2519.93,4122.08,-9616.45,-9616.45,-10154.4,-10154.4,-1647.92,-1647.92,121.284,464.769,1251.19,1251.19,5419.85,5419.85,-5427.29,-5427.29,2080.43,53.0814,2972.91,-3686.34,14946.6,-17221.8,-19156.1,11815.2,-2969.36,4019.37,2474.12,-3282.95,136.974,136.974,1329.6,1329.6,-556.36,528.44,-3287.53,-563.078,212.384,212.384,2612.16,863.294,3568.76,2399.96,229.718,229.718,385.366,385.513,2509.54,2509.54,2770.57,1475.87,2110.71,1340.41,829.26,252.128,252.128,-55.6705,-62.981,0,-900.047,-1000.23,0,-8.1817,1248.26,1248.26,37.3715,501.066,-509.188,-511.848,81.2145,-596.975,-582.623,2034.71,-3371.22,-7270.8,-1425.01,-584.198,-584.198,257.439,2519.29,2519.29,1196.7,1188.07,2.34035e-06,0,965.491,965.491,0,2.21928e-06,0,1723.63,0,-1203.07,0,1.30544e-08,6.18639e-08,-1501.33,-1185.54,-1185.54,0,-313.339,-313.339,2.59786e-08,0,1659.29,2611.18,2611.18,2611.18,3152.63,0,0,0,581.639,581.639,581.639,0,-1088.86,-358.988,-358.988,-147.207,2.6858e-06,-73.6093,-73.6093,3.22966e-10,8.49416e-10,-2.13823e-10,1.38901e-08,110.56,109.738,162.613,0,4.82751e-10,0,-3888.56,-3888.56,-3888.56,0,0,0,0,1.35278e-09,3.84819e-06,3651.52,3651.52,3.38199e-07,-6805.25,-1049.93,-1535.24,0,2.41323e-07,-1272,-3224.92,2.12734e-06,-23821.6,-13047.3,-3619.09,-3523.57,61.4325,3904.52,3904.52,4.40325e-06,-95149.2,1169.42,2.63673e-05,1.56661e-05,1196.94,1923.77,4752.58,9.62919e-06,1.27923e-06,1.63384e-06,525.478,6.58026e-07,7.97115e-05,0.000121126,8074.24,0.0005115,6028.73,8.84382e-06,876.529,3090.95,2.5959e-06,2190.83,5.28647e-07,2618.95,-4997.77,7.2504e-08,9.46915e-07,-3444.55,-3444.55,1.94431e-07,-42.0681,-42.0681,5.68342e-06,348.332,0,8.19607e-07,-3272.3,-7975.69,0,0
2020-08-03 15:00:00 UTC,-4055.1,-1172.44,4210.9,-605.075,-605.075,-603.894,1418.71,1616.41,-1991.11,-1991.11,2616.32,2183.3,-8908.87,-38.7427,1210.98,1953.3,3970.06,1255.74,-6994.72,-984.847,29.4361,-3547.53,-3547.53,-3256.15,-4442.37,-1296.47,-777.508,521.625,157.747,2580.8,-894.841,-894.841,-2049.12,-1154.61,-1154.61,-7049.06,4001.59,4014.46,-13795.5,-13795.5,4479.91,8343.22,4147.35,2558.3,5959.3,-8246.91,-12024.2,-12112.8,-12801.1,288.547,-2099.05,-2099.05,414.238,-457.214,-809.222,411.545,411.545,-3473.14,1472.75,711.011,2114,-2581.1,-2783.75,1402.68,1402.68,-527.558,-652.179,589.869,589.869,570.209,3212.62,-2271.35,1135.68,1135.68,62.2056,62.2056,21.1471,15.9511,32.0522,-113.485,-233.987,173.285,-10.8304,-10.1007,3.95704,-49.7059,-23.116,578.944,578.944,90.8739,90.8739,89.9941,89.9941,-1142.26,-1142.26,-1142.26,374.286,374.286,134.051,-299.581,-139.195,-139.195,209.749,209.749,-513.513,-188.994,-2556.68,-7.234,-7.234,-2102.18,-2102.18,-2102.18,6002.7,-1619.34,-1619.34,-1664.3,-1664.3,9.93203,517.146,517.146,-80.5999,-80.5999,-6920.52,-6920.52,6446.29,6446.29,0,-261.936,-2841.47,-1154.94,2598.43,2598.43,-2243.91,12159.9,5329.77,-2288.87,-6885.28,-6885.28,1687.06,1687.06,-5903.96,-5903.96,650.318,1478.94,9581.75,3371.91,2891.43,2891.43,-1782.44,-1782.44,-1782.44,4677.18,4677.18,-5884.29,6.48493e-07,6.48493e-07,2127.44,-4093.48,-4093.48,5927.34,-2076.76,1719.89,0,3798.32,1561.68,-5619.17,-4126.62,-4126.62,-560.734,267.57,-70.845,-4252.68,-4252.68,-2853.63,1371.15,1371.15,13806.7,-8876.15,-13792.5,12042.2,12131,12819.6,-17528.7,3487.56,-3307,12042.2,12131,12819.6,-13145,-7280.96,-4653.31,769.504,18379.7,3350.86,15163.1,37354.6,20511,20511,2446.43,-12138.8,1192.53,2402.46,964.018,-1181,1238.02,-1312.18,-1106.41,-1212.46,1255.93,1284.92,1262.86,-1246.66,442.932,442.932,-1166.82,5207.01,5207.01,-11784.5,1302.39,1625.25,-1267.2,907.462,3054.45,5295.05,5295.05,8624.42,10295.7,10871.7,20853.8,-11010.1,6675.55,-8618.16,1852.13,6670.09,10468.1,6137.83,6135.58,-1851.78,-10280.4,-10855.1,4399,4450.5,3041.89,3531.57,2890.86,3783.78,2529.52,2529.52,467.685,1323.65,-2376.54,-2682.41,4315.77,-10287.4,-10287.4,-10863,-10863,-1715.78,-1715.78,134.703,515.114,1281.92,1281.92,5622.29,5622.29,-5717.48,-5717.48,2417.82,123.923,3057.2,-3853.66,15468.9,-18357.7,-20430.1,12143.8,-3053.45,4505.9,2743.47,-3557.95,135.465,135.465,1560.12,1560.12,-684.039,623.601,-3753.59,-657.749,284.159,284.159,2968.26,975.57,4133.41,2684.25,281.069,281.069,480.546,480.728,2747.64,2747.64,3065.99,1662.45,2372.42,1586.05,1104.7,294.319,294.319,-10.1554,-12.0547,0,-937.215,-1041.68,0,44.7266,1299.52,1299.52,-43.5448,762.277,-538.369,-541.178,34.4133,-546.256,-532.956,2251.59,-3421.49,-7497.2,-1486.64,-629.458,-629.458,228.503,2613.77,2613.77,1290.04,1280.74,2.45843e-06,0,807.164,807.164,0,2.88468e-06,0,1908.31,0,-1296.42,0,1.33761e-08,5.89989e-08,-1634.93,-1290.4,-1290.4,0,-339.657,-339.657,2.83548e-08,0,2034.2,3110.06,3110.06,3110.06,3540.37,0,0,0,729.208,729.208,729.208,0,-1097.79,-345.951,-345.951,-124.403,3.35852e-06,-62.2056,-62.2056,7.7437e-10,1.16133e-09,8.44801e-10,1.77582e-08,111.099,110.274,194.498,0,1.1901e-10,0,-4317.88,-4317.88,-4317.88,0,0,0,0,3.0683e-09,5.0059e-06,3988.84,3988.84,2.60921e-07,-7784.84,-1189.8,-1739.74,0,3.6692e-07,-1379.67,-3620.39,1.89965e-06,-26534.6,-14393.6,-3882.3,-3769.18,70.8471,4272.66,4272.66,5.49717e-06,-106779,1341.05,3.81489e-05,1.86679e-05,1274.12,2047.82,5059.02,1.13395e-05,1.42705e-06,1.8671e-06,517.937,7.99415e-07,9.35552e-05,0.000125325,8171.97,0.000541505,6658.28,8.7325e-06,893.208,3542.27,3.12966e-06,2467.4,5.51082e-07,2875.89,-5634.24,9.50945e-08,9.99322e-07,-3760.77,-3760.77,2.7551e-07,-116.702,-116.702,6.95597e-06,604.074,0,8.64347e-07,-3525.79,-8811.97,0,0
2020-08-03 16:00:00 UTC,-4169.23,-1195.49,4086.22,-432.081,-432.081,-855.577,1331.67,1507.05,-1976.88,-1976.88,2866.77,2467.79,-9566.06,-25.1817,1383.03,2024.27,4308.6,1362.8,-7574.03,-1080.46,-245.303,-3863.45,-3863.45,-3437.41,-4630.23,-1349.43,-817.079,561.196,144.029,2736.68,-957.917,-957.917,-2242.25,-1284.73,-1284.73,-7651.25,4619.23,4634.11,-15521.2,-15521.2,5142.19,9320.47,4484.13,2766,6797.23,-9260.79,-13648.5,-13749,-14530.4,361.95,-2367.56,-2367.56,450.41,-529.224,-1076.46,397.298,397.298,-4000.56,1539.59,804.204,2355.45,-2987.12,-3221.74,1550.87,1550.87,-503.404,-561.558,532.481,532.481,541.515,3424.8,-2472.73,1236.36,1236.36,41.9953,41.9953,20.1249,13.2623,36.5053,-128.952,-279.674,198.945,-12.8666,-11.9997,1.47293,-58.1926,-38.8001,633.414,633.414,122.483,122.483,121.288,121.288,-1250.86,-1250.86,-1250.86,428.203,428.203,132.378,-349.594,-141.936,-141.936,247.221,247.221,-540.502,-213.124,-2764.11,-13.5655,-13.5655,-2332.11,-2332.11,-2332.11,6637.99,-1803.78,-1803.78,-1844.71,-1844.71,18.6301,584.975,584.975,-45.3899,-45.3899,-7622.99,-7622.99,7032.25,7032.25,0,-276.228,-3098.61,-1236.94,2825.5,2825.5,-2468.46,13466.9,5902.74,-2509.39,-7603.16,-7603.16,1862.31,1862.31,-6523.89,-6523.89,738.956,1626.12,10844.7,3296.92,3192.11,3192.11,-1962.39,-1962.39,-1962.39,5254.96,5254.96,-6505.99,6.48285e-07,6.48285e-07,2344.27,-4591.84,-4591.84,6644.55,-2367.1,1929.19,0,4298.4,1684.49,-6386.5,-4641.53,-4641.53,-623.215,263.564,-68.977,-4577.85,-4577.85,-3238.39,1551.1,1551.1,15651.2,-10170,-15632.9,13671.7,13772.5,14554.3,-20009.3,3938.55,-3717.17,13671.7,13772.5,14554.3,-14768.7,-8327.56,-5685.66,590.759,19561,3732.05,16204.5,39786.5,21822.2,21822.2,2555.21,-13538.2,1367.83,2488.1,1027.88,-1267.04,1331.8,-1429.66,-1191.07,-1306.83,1327.85,1358.52,1335.18,-1347.49,513.812,513.812,-1263.5,5643.28,5643.28,-12943.9,1552.26,1740.97,-1372.51,953.807,3251.01,5853.77,5853.77,9213.34,10845.2,11451.9,21894.7,-11326.5,7278.25,-9206.2,1833.17,7271.76,10972.5,6433.57,6431.21,-1832.83,-10828.2,-11433.5,4587.11,4640.81,3163.54,3672.82,2988.7,4109.41,2645.45,2645.45,461.916,1494.23,-2485.46,-2805.34,4472.78,-10836,-10836,-11442.2,-11442.2,-1764.95,-1764.95,148.254,565.732,1294.37,1294.37,5759.15,5759.15,-5963.86,-5963.86,2769.33,204.188,3113.35,-3983.82,15853.6,-19275.8,-21444.2,12362.5,-3109.47,4964.12,2994.62,-3805.8,131.585,131.585,1786.38,1786.38,-821.606,717.987,-4221.38,-752.699,364.34,364.34,3325.77,1086.79,4693.6,2961.52,333.281,333.281,575.075,575.292,2966.98,2966.98,3341.67,1839.39,2618.83,1830.68,1382.55,336.225,336.225,35.3698,38.8844,0,-970.656,-1078.97,0,97.4759,1346.83,1346.83,-124.224,1019.61,-565.852,-568.8,-12.4685,-493.914,-481.708,2462.08,-3456.56,-7599.26,-1525.87,-667.062,-667.062,192.431,2682.36,2682.36,1366.4,1356.55,2.51572e-06,0,649.396,649.396,0,3.49554e-06,0,1991.77,0,-1349.38,0,1.52411e-08,5.00575e-08,-1715.61,-1368.34,-1368.34,0,-352.582,-352.582,3.19233e-08,0,2418.85,3621.4,3621.4,3621.4,3881.67,0,0,0,890.875,890.875,890.875,0,-1044.94,-306.384,-306.384,-83.9867,4.10097e-06,-41.9953,-41.9953,1.06693e-09,3.0634e-09,1.28074e-09,2.4733e-08,105.319,104.537,225.098,0,9.37705e-11,0,-4713.88,-4713.88,-4713.88,0,0,0,0,3.85156e-09,6.22873e-06,4292.97,4292.97,1.56728e-07,-8720.37,-1321.77,-1932.7,0,5.42258e-07,-1467.89,-3990.46,1.53143e-06,-29056,-15613.7,-4101.25,-3973.31,68.979,4604.98,4604.98,6.5951e-06,-117751,1514.43,5.0782e-05,2.13153e-05,1332.51,2141.67,5290.89,1.27083e-05,1.548e-06,2.04256e-06,501.455,9.00813e-07,0.000105057,0.000127439,8193.41,0.000562056,7257.73,8.57256e-06,895.649,3999.24,3.69879e-06,2751.32,5.70512e-07,3110.24,-6264.67,1.22864e-07,1.0601e-06,-4046.5,-4046.5,3.68849e-07,-195.59,-195.59,8.36535e-06,855.936,0,9.09343e-07,-3740.89,-9566.6,0,0
2020-08-03 17:00:00 UTC,-4241.84,-1205.91,3938.51,-247.925,-247.925,-1099.37,1246.12,1399.54,-1923.91,-1923.91,3101.9,2741.51,-10154.4,-2.37624,1549.51,2082.77,4616.29,1460.11,-8104.61,-1170.12,-524.352,-4169.39,-4169.39,-3589.7,-4743.63,-1382.9,-853.138,597.255,119.688,2877.67,-1014.66,-1014.66,-2414.38,-1400.18,-1400.18,-8205.73,5240.39,5257.28,-17202.6,-17202.6,5813.21,10250.9,4790.52,2954.96,7653.83,-10313.6,-15236.3,-15348.4,-16220.9,434.59,-2631.78,-2631.78,485.919,-600.231,-1341.16,381.267,381.267,-4519.91,1606.75,901.018,2587.37,-3386.86,-3652.98,1685.89,1685.89,-473.314,-459.211,466.262,466.262,506.218,3611.12,-2665.32,1332.66,1332.66,20.0335,20.0335,19.1116,10.6067,40.9035,-144.159,-324.783,224.247,-15.1204,-14.1016,-1.32384,-66.7561,-54.2635,687.199,687.199,153.699,153.699,152.193,152.193,-1357.53,-1357.53,-1357.53,487.187,487.187,130.12,-398.904,-143.715,-143.715,284.206,284.206,-560.602,-236.727,-2952.8,-18.6705,-18.6705,-2546.57,-2546.57,-2546.57,7240.34,-1972.3,-1972.3,-2012.83,-2012.83,25.6442,647.322,647.322,-12.7506,-12.7506,-8280.99,-8280.99,7581.84,7581.84,0,-289.244,-3342.01,-1317.76,3039.03,3039.03,-2682.18,14705.1,6445.59,-2722.71,-8275.42,-8275.42,2025.01,2025.01,-7102.97,-7102.97,816.039,1761.04,12073.5,3199.41,3480.56,3480.56,-2139.28,-2139.28,-2139.28,5816.06,5816.06,-7085.25,6.48526e-07,6.48526e-07,2559.41,-5077.81,-5077.81,7346.5,-2657.17,2125.18,0,4784.91,1794.9,-7140.27,-5141.92,-5141.92,-679.421,265.123,-75.14,-4885.1,-4885.1,-3612.81,1727.91,1727.91,17451.7,-11441.7,-17429,15265.1,15377.7,16250.7,-22441.1,4373.54,-4117.81,15265.1,15377.7,16250.7,-16343.8,-9349.81,-6730.92,398.37,20622.9,4094.26,17149.9,41979.7,23003.1,23003.1,2648.76,-14859.9,1518.24,2561.75,1086.47,-1346.48,1419.33,-1537.02,-1269.71,-1394.39,1391.81,1423.97,1399.5,-1440.72,580.124,580.124,-1352.74,6054.45,6054.45,-14023.7,1777.92,1854.92,-1469.68,994.488,3430.02,6377.48,6377.48,9755.59,11325.8,11959.5,22791.4,-11571.9,7857.29,-9747.59,1791.86,7849.73,11402.2,6685.51,6683.07,-1791.54,-11307.3,-11939.4,4731.52,4786.92,3271.34,3797.98,3063.03,4422.94,2734.69,2734.69,456.691,1666.14,-2569.31,-2899.97,4616.31,-11315.8,-11315.8,-11948.9,-11948.9,-1807.67,-1807.67,160.567,611.699,1304.38,1304.38,5877.23,5877.23,-6194.52,-6194.52,3117.35,286.426,3163.19,-4102.28,16181.9,-20061.2,-22316.2,12558.1,-3159.18,5409.88,3237.39,-4033.92,126.119,126.119,2013.83,2013.83,-963.106,814.147,-4682.58,-848.8,448.712,448.712,3682.05,1193,5256.64,3233.34,387.481,387.481,672.324,672.576,3173.23,3173.23,3604.89,2011.46,2856.38,2072.78,1660.44,377.586,377.586,80.5384,89.4253,0,-1000.73,-1112.52,0,149.938,1389.29,1389.29,-204.058,1271.59,-589.956,-593.026,-58.9239,-438.729,-427.688,2665.82,-3491.94,-7640.45,-1567.19,-701.084,-701.084,165.641,2723.87,2723.87,1414.81,1404.61,2.4629e-06,0,478.884,478.884,0,4.08988e-06,0,2072.01,0,-1382.84,0,1.4989e-08,4.25415e-08,-1755.08,-1438.83,-1438.83,0,-358.441,-358.441,3.52591e-08,0,2795.56,4124.69,4124.69,4124.69,4216.91,0,0,0,1048.65,1048.65,1048.65,0,-979.548,-261.228,-261.228,-40.0661,4.91157e-06,-20.0335,-20.0335,2.47536e-09,3.44614e-09,-1.92956e-10,2.99307e-08,98.2808,97.5519,247.839,0,2.48311e-10,0,-5090.97,-5090.97,-5090.97,0,0,0,0,6.45082e-09,7.56766e-06,4577.7,4577.7,6.26661e-08,-9623.77,-1449.18,-2118.98,0,7.54244e-07,-1547.12,-4344.31,1.10176e-06,-31419.3,-16751.5,-4296.4,-4155.12,75.1425,4918.71,4918.71,7.71097e-06,-128026,1688.86,6.45587e-05,2.37361e-05,1377.46,2213.92,5469.37,1.37556e-05,1.65164e-06,2.18443e-06,477.177,9.96342e-07,0.000115153,0.00012962,8230.84,0.000580733,7833.37,8.31938e-06,888.164,4452.66,4.29812e-06,3028.76,5.81826e-07,3333.77,-6888,1.58276e-07,1.12235e-06,-4311.58,-4311.58,4.76949e-07,-272.066,-272.066,9.90172e-06,1099.96,0,9.56804e-07,-3945.72,-10292.3,0,0
2020-08-03 18:00:00 UTC,-4261.73,-1201.76,3720.48,-45.9846,-45.9846,-1332.07,1137.09,1263.81,-1823.96,-1823.96,3290.81,3000.54,-10627,2.14191,1712.32,2100.38,4895.43,1548.38,-8541.11,-1245.58,-796.517,-4472.47,-4472.47,-3733.9,-4821.37,-1407.38,-889.125,633.242,88.2589,3017.74,-1066.9,-1066.9,-2558.25,-1491.87,-1491.87,-8691.24,5773.9,5792.52,-18633.5,-18633.5,6394.76,11044.3,5040.77,3109.28,8404.16,-11285.6,-16593.7,-16715.9,-17666.2,496.494,-2859.17,-2859.17,513.65,-661.111,-1574.5,363.217,363.217,-4965.86,1658.16,985.821,2767.49,-3732.28,-4025.63,1781.14,1781.14,-441.992,-359.881,400.937,400.937,469.785,3757.87,-2815.64,1407.82,1407.82,-0.668531,-0.668531,18.1648,8.22206,44.7224,-157.307,-363.953,245.984,-16.9109,-15.7715,-3.62566,-74.031,-67.8643,733.534,733.534,181.108,181.108,179.328,179.328,-1448.91,-1448.91,-1448.91,541.586,541.586,127.675,-441.512,-144.636,-144.636,316.222,316.222,-573.831,-256.969,-3106.89,-22.2565,-22.2565,-2719.94,-2719.94,-2719.94,7735.75,-2106.63,-2106.63,-2147.21,-2147.21,30.5693,695.817,695.817,17.9339,17.9339,-8807.91,-8807.91,8020.69,8020.69,0,-297.047,-3537.15,-1383.31,3210.11,3210.11,-2859.54,15721.9,6891.36,-2900.12,-8815.75,-8815.75,2154.7,2154.7,-7566,-7566,878.565,1870.5,13122,3070.21,3720.85,3720.85,-2288.87,-2288.87,-2288.87,6291.68,6291.68,-7548.26,6.48368e-07,6.48368e-07,2742.57,-5488.51,-5488.51,7944.94,-2908.62,2288.33,0,5199.92,1881.77,-7787.34,-5562.99,-5562.99,-726.213,265.216,-79.559,-5125.06,-5125.06,-3933.11,1879.31,1879.31,18992.2,-12540,-18965.4,16628,16750.7,17701.6,-24534.3,4744.25,-4459.41,16628,16750.7,17701.6,-17678,-10229.4,-7669.62,201.141,21393.7,4395.16,17852.9,43581.7,23863.1,23863.1,2707.29,-15947.6,1633.98,2604.27,1124.69,-1414.46,1487.57,-1619.74,-1330.72,-1462.36,1437.39,1470.61,1445.32,-1513.01,637.205,637.205,-1421.95,6381.02,6381.02,-14887.9,1963.27,1945.17,-1545.01,1018.62,3560.64,6804.38,6804.38,10162.1,11651.4,12303.3,23376.4,-11666.5,8322.29,-10153.4,1728.11,8313.81,11675.4,6845.68,6843.18,-1727.81,-11631.8,-12282.1,4808.05,4864.34,3340.82,3878.66,3084.75,4674.73,2787.32,2787.32,436.252,1813.23,-2618.75,-2955.78,4715.35,-11640.8,-11640.8,-12292.1,-12292.1,-1833.8,-1833.8,170.662,649.277,1303.47,1303.47,5942.44,5942.44,-6369.39,-6369.39,3414.33,359.9,3188.09,-4183.84,16362.5,-20559.7,-22877.5,12658,-3184.02,5762.19,3427.04,-4205.44,119.226,119.226,2201.34,2201.34,-1088.37,893.488,-5065.59,-929.148,525.535,525.535,3982.27,1279.33,5725.21,3456.66,433.144,433.144,753.96,754.242,3333.65,3333.65,3813.26,2150.52,3049.18,2270.96,1905.43,410.908,410.908,126.772,141.178,0,-1007.19,-1119.85,0,201.79,1399.08,1399.08,-284.213,1513.21,-606.428,-609.58,-107.261,-374.83,-365.185,2832.31,-3505.6,-7579.04,-1595.14,-724.826,-724.826,146.05,2731.75,2731.75,1443.33,1432.93,2.3279e-06,0,289.722,289.722,0,4.58458e-06,0,2093.32,0,-1407.32,0,1.56897e-08,3.38963e-08,-1772.65,-1508.87,-1508.87,0,-360.72,-360.72,3.91456e-08,0,3106.79,4559.31,4559.31,4559.31,4504.21,0,0,0,1168.08,1168.08,1168.08,0,-911.791,-217.097,-217.097,1.33706,5.56344e-06,0.668531,0.668531,3.08425e-09,5.3123e-09,1.51473e-09,3.40388e-08,91.1686,90.4929,261.075,0,3.15498e-10,0,-5397.4,-5397.4,-5397.4,0,0,0,0,8.62895e-09,8.76862e-06,4796.9,4796.9,9.17853e-09,-10386.5,-1552.52,-2270.07,0,9.7432e-07,-1603.53,-4636.37,7.145e-07,-33311.3,-17651.8,-4431.82,-4283.17,79.5618,5163.44,5163.44,8.62754e-06,-136301,1838.07,7.63414e-05,2.54188e-05,1403.97,2256.52,5574.62,1.43491e-05,1.72269e-06,2.26018e-06,451.154,1.05834e-06,0.000121186,0.000130489,8234.94,0.000590445,8295.46,8.13223e-06,871.919,4833.41,4.80527e-06,3263.76,5.82658e-07,3503.58,-7407.22,1.93995e-07,1.17496e-06,-4512.69,-4512.69,5.76171e-07,-341.171,-341.171,1.11683e-05,1332.94,0,9.78655e-07,-4101.98,-10869.9,0,0
2020-08-03 19:00:00 UTC,-4224.59,-1182.2,3443.01,140.967,140.967,-1523.66,1003.83,1103.44,-1704.35,-1704.35,3423.98,3200.74,-10926,12.0649,1840.19,2093.34,5087.4,1609.08,-8834.72,-1299.62,-1033.52,-4704.49,-4704.49,-3822.39,-4813.93,-1407.26,-915.066,659.183,51.3882,3117.44,-1102.87,-1102.87,-2652.35,-1550.04,-1550.04,-9034.41,6195.6,6215.58,-19724.1,-19724.1,6856.1,11643,5207.21,3211.92,9001.88,-12086.1,-17643,-17772.8,-18783.4,546.37,-3035.32,-3035.32,531.13,-708.983,-1770.85,341.241,341.241,-5316.24,1684.27,1052.6,2894.37,-4006.66,-4321.67,1841.18,1841.18,-405.782,-259.323,332.553,332.553,428.27,3843.93,-2919.02,1459.51,1459.51,-20.4889,-20.4889,17.0987,5.94768,47.7384,-167.619,-395.578,262.924,-18.15,-16.9271,-5.4582,-79.6547,-79.5814,768.037,768.037,204.267,204.267,202.254,202.254,-1516.65,-1516.65,-1516.65,588.038,588.038,124.004,-475.287,-143.684,-143.684,341.812,341.812,-576.908,-272.48,-3209.37,-24.69,-24.69,-2847.63,-2847.63,-2847.63,8108.96,-2198.89,-2198.89,-2249.22,-2249.22,33.9134,735.931,735.931,39.2619,39.2619,-9208.86,-9208.86,8347.69,8347.69,0,-305.277,-3686.53,-1429.59,3335.83,3335.83,-2990.16,16484.1,7225.56,-3040.49,-9226.01,-9226.01,2257.88,2257.88,-7919.36,-7919.36,926.338,1952.19,13932,2940.22,3904.99,3904.99,-2403.58,-2403.58,-2403.58,6656.52,6656.52,-7897.36,6.48434e-07,6.48434e-07,2884.86,-5805.52,-5805.52,8408.59,-3104.51,2413.28,0,5521.08,1945.91,-8288.1,-5887.05,-5887.05,-761.908,263.388,-82.494,-5290.05,-5290.05,-4181.86,1996.1,1996.1,20185.9,-13396.2,-20155.6,17681.8,17812.2,18823.4,-26162.3,5032.89,-4722.85,17681.7,17812.2,18823.4,-18703.4,-10914.2,-8420.69,38.6439,21911,4623.83,18333.5,44673.6,24446.1,24446.1,2735.57,-16769.3,1717.52,2620.46,1153.55,-1463.5,1535.89,-1679.04,-1373.91,-1510.56,1466.79,1500.71,1474.89,-1564.46,681.306,681.306,-1471.3,6616.4,6616.4,-15520.5,2105.76,2009.43,-1598.74,1036.54,3656.67,7126.64,7126.64,10433.4,11859.8,12523.4,23744.4,-11672.6,8639.7,-10424.2,1677.12,8630.56,11843.6,6944.3,6941.76,-1676.83,-11839.5,-12501.4,4845.07,4901.81,3389.31,3934.95,3091.26,4842.78,2813.99,2813.99,422.357,1913.06,-2643.81,-2984.06,4791.67,-11848.8,-11848.8,-12511.7,-12511.7,-1854.4,-1854.4,177.097,673.299,1305.63,1305.63,5996.72,5996.72,-6500.06,-6500.06,3610.39,407.691,3207.75,-4246.68,16495.8,-20866.8,-23227.4,12736,-3203.62,6000.34,3547.94,-4320.16,107.026,107.026,2336.36,2336.36,-1178.4,948.458,-5311.75,-980.278,583.254,583.254,4175.93,1331.35,6026.28,3592.52,469.062,469.062,815.36,815.664,3444.69,3444.69,3959.38,2249.5,3188.09,2416.53,2090.73,435.191,435.191,166.849,186.048,0,-1006.32,-1119.07,0,245.459,1396.25,1396.25,-353.308,1712.21,-614.529,-617.721,-149.711,-313.054,-304.781,2927.2,-3389.82,-7476.53,-1613.34,-740.145,-740.145,133.581,2703.39,2703.39,1460.86,1450.32,2.18487e-06,0,109.266,109.266,0,4.89765e-06,0,2095.55,0,-1407.21,0,1.47752e-08,2.6012e-08,-1757.21,-1558.72,-1558.72,0,-355.254,-355.254,4.49964e-08,0,3349.86,4905.46,4905.46,4905.46,4717.77,0,0,0,1253.84,1253.84,1253.84,0,-834.064,-171.691,-171.691,40.9787,6.01937e-06,20.4889,20.4889,3.12702e-09,5.17794e-09,1.15556e-09,3.88779e-08,83.1993,82.5834,265.519,-2.08828e-10,1.6062e-10,0,-5624.07,-5624.07,-5624.07,0,0,0,0,1.05771e-08,9.66615e-06,4948.95,4948.95,9.31243e-10,-10972.9,-1627.78,-2380.1,0,1.17739e-06,-1641.22,-4856.44,4.36965e-07,-34718.1,-18294.9,-4530.71,-4364.33,82.4971,5331.71,5331.71,9.3048e-06,-142531,1939.35,8.52618e-05,2.65366e-05,1417.4,2278.12,5627.97,1.45827e-05,1.77995e-06,2.31907e-06,433.639,1.11456e-06,0.000124563,0.000131306,8247.02,0.000598069,8610.78,8.05796e-06,859.006,5082.44,5.11874e-06,3426.08,5.81567e-07,3598.4,-7733.85,2.16954e-07,1.20984e-06,-4653.44,-4653.44,6.55977e-07,-396.817,-396.817,1.21013e-05,1524.8,0,9.35891e-07,-4210.58,-11290.7,0,0
2020-08-03 20:00:00 UTC,-4139.96,-1150.28,3070.85,317.11,317.11,-1664.93,825.449,891.561,-1568.39,-1568.39,3502.06,3351.79,-11070.9,19.4073,1940.21,2061.08,5211.2,1648.23,-8999.59,-1333.44,-1221.96,-4878.46,-4878.46,-3871.1,-4751.45,-1391.29,-933.4,677.517,12.6096,3186.77,-1126.07,-1126.07,-2705.49,-1580,-1580,-9257.25,6487.79,6508.73,-20447.5,-20447.5,7178.69,12035.9,5296.82,3267.18,9424.25,-12712.9,-18350.1,-18485.1,-19536.3,580.52,-3155.12,-3155.12,539.185,-741.624,-1914.59,320.617,320.617,-5556.08,1691.25,1097.76,2969.03,-4197.5,-4527.57,1870.65,1870.65,-371.772,-172.381,272.077,272.077,389.595,3878.83,-2974.42,1487.21,1487.21,-36.8465,-36.8465,16.1691,4.13554,49.8338,-174.739,-417.272,273.856,-18.4486,-17.2056,-6.24949,-82.9833,-88.3,790.409,790.409,221.252,221.252,219.069,219.069,-1561.1,-1561.1,-1561.1,624.883,624.883,120.259,-497.796,-141.811,-141.811,359.071,359.071,-571.235,-282.416,-3264.54,-25.7215,-25.7215,-2927.57,-2927.57,-2927.57,8350.5,-2253.04,-2253.04,-2313.57,-2313.57,35.3314,761.07,761.07,50.7087,50.7087,-9462.91,-9462.91,8555.92,8555.92,0,-311.276,-3783.32,-1460.91,3416.07,3416.07,-3073.27,16979.4,7442.71,-3133.79,-9485.06,-9485.06,2323.4,2323.4,-8142.21,-8142.21,953.22,2002.65,14488.8,2828.67,4026.91,4026.91,-2483.81,-2483.81,-2483.81,6907.65,6907.65,-8115.76,6.48602e-07,6.48602e-07,2982.98,-6020.52,-6020.52,8723.98,-3247.45,2487.24,0,5738.21,1979.03,-8643.1,-6105.72,-6105.72,-783.914,264.938,-81.495,-5383.98,-5383.98,-4349.45,2075.02,2075.02,20990.7,-13987.5,-20958,18392,18527.7,19579.5,-27278.4,5225.28,-4898.96,18392,18527.7,19579.5,-19401.3,-11387.7,-8954.19,-88.5453,22187.5,4778.04,18602.2,45266.1,24759.9,24759.9,2738.04,-17316.4,1772.98,2614.07,1168.77,-1494.89,1564.42,-1715.77,-1399.76,-1539.44,1481.36,1515.62,1489.54,-1595.47,712.973,712.973,-1501.14,6759.51,6759.51,-15922,2206.64,2052.88,-1631.26,1043.76,3710.64,7339.05,7339.05,10572.6,11955,12623.9,23906.8,-11603.4,8812.4,-10563.2,1639.81,8802.89,11909.8,6983.16,6980.61,-1639.53,-11934.4,-12601.5,4854.18,4911.03,3408.06,3956.73,3083.26,4928.02,2823.46,2823.46,409.329,1971.7,-2652.71,-2994.09,4827.5,-11943.8,-11943.8,-12612.1,-12612.1,-1861.28,-1861.28,181.212,688.621,1299.44,1299.44,6007.94,6007.94,-6561.13,-6561.13,3715.82,433.895,3216.5,-4271.24,16559.2,-20979.5,-23373.3,12774.9,-3212.35,6120.31,3594.56,-4375.95,86.5401,86.5401,2418.31,2418.31,-1232.82,978.028,-5427.48,-1000.36,619.303,619.303,4231.48,1349.71,6085.38,3611.98,497.518,497.518,857.867,858.187,3504.99,3504.99,4041.22,2306.82,3270.28,2511.86,2205.54,450.984,450.984,198.699,221.71,0,-1012.23,-1125.91,0,280.802,1390.81,1390.81,-408.74,1860.42,-616.045,-619.242,-183.158,-258.028,-250.99,2917.17,-3167.9,-7347.24,-1617.06,-746.834,-746.834,123.892,2645.12,2645.12,1481.18,1470.5,2.06211e-06,0,-62.0021,-62.0021,0,5.0127e-06,0,2070.22,0,-1391.23,0,1.57996e-08,1.9312e-08,-1720.2,-1593.39,-1593.39,0,-345.032,-345.032,4.73858e-08,0,3511.93,5146.43,5146.43,5146.43,4858.23,0,0,0,1292.87,1292.87,1292.87,0,-761.376,-132.007,-132.007,73.6961,6.27404e-06,36.8465,36.8465,2.2654e-09,7.20572e-09,9.49649e-10,4.08063e-08,75.936,75.3744,263.501,0,3.28882e-10,0,-5772.48,-5772.48,-5772.48,0,0,0,0,1.17894e-08,1.02231e-05,5033.47,5033.47,2.15745e-08,-11354.2,-1670.71,-2442.87,0,1.33004e-06,-1654.32,-4999.77,2.6929e-07,-35606.6,-18690.7,-4580.9,-4403.27,81.498,5427.44,5427.44,9.70062e-06,-146502,1998.76,9.05342e-05,2.70914e-05,1422.17,2285.78,5646.9,1.46503e-05,1.80798e-06,2.35304e-06,426.778,1.11423e-06,0.00012579,0.000131784,8256.83,0.000601867,8782.32,8.1326e-06,851.809,5196.2,5.30443e-06,3523.71,5.89322e-07,3603.52,-7808.17,2.31074e-07,1.22926e-06,-4729.78,-4729.78,7.06475e-07,-436.266,-436.266,1.27359e-05,1666.28,0,8.22451e-07,-4270.55,-11541.3,0,0
2020-08-03 21:00:00 UTC,-4134.95,-1144,2901.54,395.044,395.044,-1761.02,730.636,777.32,-1501.53,-1501.53,3584.77,3452.24,-11247,55.3324,2001.87,2085.43,5300.37,1676.43,-9183.81,-1365.86,-1347,-5008.99,-5008.99,-3936.8,-4730.2,-1387.64,-953.572,697.689,-18.9081,3264.04,-1150.03,-1150.03,-2751.36,-1601.94,-1601.94,-9465.93,6672.27,6693.81,-20943,-20943,7393.84,12297.6,5389.66,3324.43,9723.03,-13239.4,-18798.5,-18936.8,-20013.7,592.514,-3236.65,-3236.65,551.12,-759.668,-1958.77,328.172,328.172,-5693.84,1738.8,1131.31,3027.64,-4303.34,-4641.76,1895.68,1895.68,-372.909,-160.015,266.462,266.462,390.243,3938.57,-3017.42,1508.71,1508.71,-40.0711,-40.0711,16.7225,4.40956,51.1417,-179.273,-425.689,278.944,-18.3555,-17.1187,-5.918,-84.2308,-90.1645,810.088,810.088,226.41,226.41,224.173,224.173,-1603.21,-1603.21,-1603.21,654.944,654.944,122.193,-507.426,-143.928,-143.928,366.129,366.129,-568.926,-287.758,-3321.7,-25.188,-25.188,-2976.89,-2976.89,-2976.89,8511.85,-2280.21,-2280.21,-2354.78,-2354.78,34.5984,776.949,776.949,51.4433,51.4433,-9632.59,-9632.59,8700.33,8700.33,0,-317.911,-3853.32,-1486.83,3472.4,3472.4,-3128.14,17307.1,7586.36,-3202.71,-9655.06,-9655.06,2367.52,2367.52,-8288.32,-8288.32,964.394,2033.49,14855.8,2778.2,4112.17,4112.17,-2542.85,-2542.85,-2542.85,7076.6,7076.6,-8255.72,6.48381e-07,6.48381e-07,3052.13,-6162.92,-6162.92,8933.53,-3345.36,2529.47,0,5878.52,2000.92,-8882.54,-6249.05,-6249.05,-795.799,272.704,-88.118,-5456.45,-5456.45,-4456.49,2126.15,2126.15,21507.3,-14369.3,-21472.9,18842.5,18981.4,20059.1,-27997.6,5349.26,-5014.69,18842.5,18981.4,20059.1,-19863.8,-11695.1,-9288.89,-161.571,22406.8,4881.42,18807.1,45720.6,25000.9,25000.9,2748.32,-17681.1,1806.34,2619.49,1176.39,-1522.9,1585.75,-1741.53,-1419.38,-1561.05,1492.48,1527,1500.72,-1618.02,732.604,732.604,-1522.47,6863.81,6863.81,-16199,2267.36,2089.71,-1654.48,1045.89,3748.52,7482.46,7482.46,10688.3,12034.7,12708.1,24044.4,-11587.6,8953.68,-10678.7,1609.43,8943.87,11963.6,7014.65,7012.09,-1609.16,-12013.8,-12685.4,4859.28,4916.19,3422.01,3972.93,3076.65,5003.98,2829.4,2829.4,399.902,2019.2,-2658.29,-3000.39,4856.12,-12023.4,-12023.4,-12696.1,-12696.1,-1864.04,-1864.04,185.316,703.891,1289.89,1289.89,6005.37,6005.37,-6607.2,-6607.2,3812.61,458.621,3211.19,-4286.02,16533.4,-21065.8,-23494.2,12764.7,-3207.05,6213.38,3636.07,-4423.61,76.154,76.154,2475.69,2475.69,-1273.93,999.801,-5533.15,-1019.29,646.26,646.26,4299.58,1366.63,6183.33,3653.1,515.135,515.135,886.445,886.775,3553.3,3553.3,4104.22,2349.05,3331.45,2573.48,2286.21,461.112,461.112,220.28,245.878,0,-1009.43,-1122.95,0,304.098,1382.29,1382.29,-445.832,1963.34,-618.463,-621.671,-206.106,-222.739,-216.5,2938.92,-3089.16,-7287.16,-1625.3,-752.369,-752.369,121.052,2639.47,2639.47,1525.95,1514.95,2.09102e-06,0,-137.342,-137.342,0,5.11643e-06,0,2129.95,0,-1387.58,0,1.6007e-08,1.40834e-08,-1696.62,-1632.02,-1632.02,0,-339.357,-339.357,5.06045e-08,0,3585.13,5274.64,5274.64,5274.64,4989.11,0,0,0,1288.4,1288.4,1288.4,0,-763.162,-127.282,-127.282,80.1458,6.45129e-06,40.0711,40.0711,2.13498e-09,8.21909e-09,1.60899e-10,4.01734e-08,76.0755,75.5129,255.106,0,4.37434e-10,0,-5878.01,-5878.01,-5878.01,0,0,0,0,1.36687e-08,1.06729e-05,5098.09,5098.09,4.63525e-08,-11596,-1689.98,-2471.03,0,1.43576e-06,-1657.75,-5096.34,1.7824e-07,-36211.3,-18968.7,-4613.4,-4433.93,88.1215,5500.72,5500.72,1.00036e-05,-149155,2046.39,9.48872e-05,2.75799e-05,1425.16,2290.59,5658.78,1.46983e-05,1.83621e-06,2.39511e-06,421.294,1.12994e-06,0.000126943,0.000131834,8265.18,0.000600865,8922.63,8.18486e-06,847.321,5301.26,5.48443e-06,3611.45,5.98605e-07,3624.99,-7916.38,2.42043e-07,1.24089e-06,-4787.59,-4787.59,7.47337e-07,-460.733,-460.733,1.31583e-05,1762.54,0,7.80831e-07,-4314.72,-11712.9,0,0
2020-08-03 22:00:00 UTC,-4195.67,-1159.75,2952.73,377.079,377.079,-1812.73,736.393,777.454,-1495.05,-1495.05,3656.12,3493.83,-11417.8,107.917,2021.57,2149.8,5344.34,1690.33,-9350.55,-1391.76,-1410.11,-5089.76,-5089.76,-4001.92,-4733.59,-1390.79,-971.842,715.959,-42.2859,3334.5,-1170.14,-1170.14,-2781.55,-1612.03,-1612.03,-9626.18,6757.7,6779.51,-21210.8,-21210.8,7507.55,12430,5470.4,3374.22,9900.83,-13613.4,-19004.9,-19144.7,-20233.4,587.184,-3280.62,-3280.62,563.863,-765.026,-1927.24,353.975,353.975,-5741.67,1809.84,1154.58,3064.27,-4335.77,-4676.76,1909.02,1909.02,-397.558,-198.931,298.244,298.244,417.257,4005.94,-3048,1524,1524,-34.1916,-34.1916,18.2368,6.10129,51.7159,-181.406,-424.324,279.893,-18.3461,-17.11,-5.20295,-84.2609,-87.0082,826.06,826.06,222.586,222.586,220.387,220.387,-1638.15,-1638.15,-1638.15,676.581,676.581,128.07,-507.71,-148.586,-148.586,365.742,365.742,-570.199,-289.71,-3371.41,-23.0865,-23.0865,-2994.39,-2994.39,-2994.39,8587.02,-2283.53,-2283.53,-2369.05,-2369.05,31.7123,780.387,780.387,48.9493,48.9493,-9700.62,-9700.62,8763.98,8763.98,0,-320.511,-3886.99,-1504.64,3498.79,3498.79,-3155.88,17453.8,7650.7,-3241.4,-9721.99,-9721.99,2383.39,2383.39,-8343.16,-8343.16,961.392,2042.81,15030.5,2763.59,4156.85,4156.85,-2576.49,-2576.49,-2576.49,7158.84,7158.84,-8305.78,6.48635e-07,6.48635e-07,3091.7,-6231.65,-6231.65,9038.44,-3397.06,2542.99,0,5943.82,2009.43,-9001.76,-6314.8,-6314.8,-796.79,284.029,-93.17,-5498.45,-5498.45,-4505.91,2150.4,2150.4,21747.9,-14550.6,-21712.7,19049.9,19190.4,20279.8,-28337.1,5406.51,-5069.96,19049.9,19190.4,20279.8,-20084.8,-11839.4,-9451.26,-199.98,22508.8,4928.49,18903.8,45928.6,25113.3,25113.3,2756.3,-17838.8,1811.63,2627.04,1177.46,-1538.07,1596.56,-1751.66,-1429.32,-1571.68,1498.43,1533.09,1506.7,-1628.36,741.06,741.06,-1531.83,6915.92,6915.92,-16320.5,2283.95,2114.59,-1664.63,1044.56,3763.5,7544.49,7544.49,10764.9,12067.7,12742.9,24084.5,-11585.3,9065.2,-10755.2,1570.61,9055.14,11970.1,7018.51,7015.95,-1570.36,-12046.7,-12720.1,4845.85,4902.61,3421.95,3972.87,3049.56,5069.21,2827.19,2827.19,380.21,2057.24,-2656.22,-2998.05,4857.87,-12056.3,-12056.3,-12730.8,-12730.8,-1858.83,-1858.83,188.207,714.528,1275.56,1275.56,5977.84,5977.84,-6634.15,-6634.15,3908.06,486.393,3174.94,-4285.83,16405.9,-21074.9,-23518.2,12612.8,-3170.9,6281.59,3675.99,-4460.18,78.1006,78.1006,2511.45,2511.45,-1309.27,1016.24,-5638.46,-1041,670.578,670.578,4404.74,1385.79,6366.23,3733.89,521.621,521.621,901.815,902.15,3588.42,3588.42,4147.87,2376.68,3371.6,2605.24,2341.41,466.074,466.074,231.874,258.865,0,-994.078,-1105.9,0,316.198,1366.19,1366.19,-464.799,2022.71,-621.918,-625.144,-218.613,-207.12,-201.24,3008.21,-3257.86,-7257.61,-1635.19,-754.842,-754.842,126.021,2677.71,2677.71,1577.42,1566.05,2.22204e-06,0,-118.687,-118.687,0,5.18896e-06,0,2246.34,0,-1390.73,0,1.55169e-08,1.2579e-08,-1684.53,-1667.25,-1667.25,0,-336.801,-336.801,5.22693e-08,0,3584.4,5307.17,5307.17,5307.17,5096.08,0,0,0,1260.69,1260.69,1260.69,0,-814.827,-146.547,-146.547,68.3859,6.54925e-06,34.1916,34.1916,2.67181e-09,7.87547e-09,4.41808e-10,3.49647e-08,81.205,80.6043,241.922,0,3.95873e-10,0,-5931.37,-5931.37,-5931.37,0,0,0,0,1.50033e-08,1.09221e-05,5137.22,5137.22,6.08951e-08,-11704.9,-1693.71,-2476.48,0,1.48484e-06,-1654.37,-5142.33,1.40763e-07,-36476.7,-19103.8,-4623.71,-4452,93.1739,5541.93,5541.93,1.0143e-05,-150251,2083.8,9.71389e-05,2.77404e-05,1424.04,2288.8,5654.36,1.46659e-05,1.83966e-06,2.40683e-06,406.943,1.14686e-06,0.000126626,0.00012768,8085.61,0.000586472,9033.37,8.19683e-06,837.848,5413.04,5.60151e-06,3691.11,6.00112e-07,3669.38,-8100.62,2.52931e-07,1.2459e-06,-4824.21,-4824.21,7.79315e-07,-473.758,-473.758,1.33509e-05,1814.34,0,8.46446e-07,-4342.01,-11798.9,0,0
2020-08-03 23:00:00 UTC,-4164.54,-1150.93,2878.89,343.949,343.949,-1768.04,692.648,726.467,-1462.87,-1462.87,3632.92,3445.09,-11309.9,151.385,1989.03,2167.28,5265.15,1665.29,-9279.86,-1380.7,-1377.94,-5048.39,-5048.39,-3982.61,-4690.48,-1378.82,-969.238,713.355,-48.1766,3323.63,-1161.82,-1161.82,-2741.72,-1580.5,-1580.5,-9540.84,6626.26,6647.64,-20853.7,-20853.7,7377.92,12220.4,5413.84,3339.35,9754.23,-13503.3,-18643.2,-18780.4,-19848.4,562.73,-3226.27,-3226.27,560.688,-746.894,-1830.19,373.057,373.057,-5613.97,1831.05,1140.47,3023.71,-4234.84,-4567.85,1882.59,1882.59,-418.504,-246.692,332.598,332.598,440.833,3977.69,-2998.66,1499.33,1499.33,-25.181,-25.181,19.3739,7.82828,50.7172,-178.059,-410.541,273.327,-17.7968,-16.5977,-4.05569,-81.9168,-80.6362,819.893,819.893,211.143,211.143,209.057,209.057,-1625.73,-1625.73,-1625.73,671.844,671.844,132.501,-493.827,-150.787,-150.787,354.938,354.938,-565.587,-284.235,-3336.59,-19.333,-19.333,-2942.2,-2942.2,-2942.2,8464.17,-2234.24,-2234.24,-2328.54,-2328.54,26.5562,763.524,763.524,36.9376,36.9376,-9555.77,-9555.77,8650.08,8650.08,0,-318.386,-3841.14,-1495.33,3456.27,3456.27,-3114.87,17189.8,7534.97,-3209.16,-9571.91,-9571.91,2346.83,2346.83,-8210.92,-8210.92,936.332,2009.67,14776.6,2796.46,4105.05,4105.05,-2548.01,-2548.01,-2548.01,7047.77,7047.77,-8169.7,6.48386e-07,6.48386e-07,3059.29,-6136.11,-6136.11,8899.48,-3351.98,2481.68,0,5837.33,1975.32,-8862.62,-6212.28,-6212.28,-779.797,292.958,-86.422,-5432.58,-5432.58,-4422.22,2111.59,2111.59,21348,-14283.1,-21314.1,18686.5,18824.3,19893,-27817.9,5310.26,-4983.56,18686.5,18824.3,19893,-19756.6,-11624.3,-9234.33,-158.632,22294.6,4851.35,18712.3,45474.1,24871.4,24871.4,2739.91,-17555.1,1769.5,2616.65,1158.94,-1540.43,1578.85,-1727.63,-1413.51,-1553.79,1486.76,1521.15,1494.97,-1608.66,727.399,727.399,-1512.59,6835.08,6835.08,-16090.2,2225.12,2101.15,-1643.64,1026.71,3729.5,7430.85,7430.85,10642.3,11973.3,12643.2,23923.2,-11544.5,8916.51,-10632.8,1593.42,8906.78,11886.1,6969.25,6966.71,-1593.16,-11952.6,-12620.8,4822.12,4878.6,3404.4,3952.48,3039.96,4982.44,2811.74,2811.74,383.679,2013.38,-2641.7,-2981.66,4840.36,-11962.1,-11962.1,-12631.3,-12631.3,-1853.98,-1853.98,185.44,704.335,1276.1,1276.1,5966.13,5966.13,-6594.06,-6594.06,3799.18,457.18,3143.05,-4268.24,16317.1,-20905.9,-23349.7,12465.7,-3139.09,6158.84,3600.33,-4402.3,70.6435,70.6435,2454.47,2454.47,-1269.6,989.546,-5483.08,-1004.6,650.283,650.283,4276.99,1347.11,6143.87,3626.45,512.853,512.853,879.836,880.163,3538.5,3538.5,4083.67,2334.32,3315.62,2547.27,2272.44,456.022,456.022,226.032,252.335,0,-989.186,-1100.55,0,309.011,1350.01,1350.01,-454.481,1981.29,-612.467,-615.644,-212.772,-207.303,-201.441,2914.07,-3180.05,-7254.72,-1633.58,-748.184,-748.184,137.763,2657.74,2657.74,1602.69,1591.13,2.31963e-06,0,-85.37,-85.37,0,4.95077e-06,0,2307.18,0,-1378.76,0,1.5479e-08,1.10443e-08,-1664.9,-1661.82,-1661.82,0,-332.553,-332.553,5.21047e-08,0,3477.33,5175.27,5175.27,5175.27,5055.48,0,0,0,1205.42,1205.42,1205.42,0,-859.35,-168.837,-168.837,50.3634,6.26554e-06,25.181,25.181,1.3631e-09,6.0368e-09,1.19202e-09,3.37092e-08,85.9449,85.3087,222.86,-1.42025e-10,-1.94742e-10,0,-5857.67,-5857.67,-5857.67,0,0,0,0,1.26403e-08,1.05887e-05,5071.24,5071.24,3.96746e-08,-11488.6,-1644.66,-2404.77,0,1.4061e-06,-1622.72,-5065.11,1.96356e-07,-35974.8,-18870.9,-4572.85,-4419.7,86.4254,5473.53,5473.53,9.86316e-06,-147999,2038.56,9.32808e-05,2.72869e-05,1416.26,2276.29,5623.46,1.44689e-05,1.84136e-06,2.433e-06,423.062,1.16741e-06,0.000124494,0.000123066,7870.58,0.000572808,8885.72,8.40862e-06,845.41,5263.32,5.33113e-06,3621.18,6.0354e-07,3581.33,-7867.59,2.32199e-07,1.23451e-06,-4758.25,-4758.25,7.42003e-07,-456.57,-456.57,1.28378e-05,1769.57,0,7.86011e-07,-4303.98,-11655.8,0,0
2020-08-04 00:00:00 UTC,-4093.44,-1134.79,2980,212.363,212.363,-1621.38,751.054,801.384,-1457.88,-1457.88,3508.93,3253.65,-10915.8,205.959,1866.32,2167.91,5010.62,1584.8,-8951.16,-1329.09,-1233.65,-4827.78,-4827.78,-3856.95,-4539.57,-1335.92,-943.37,687.487,-45.8452,3221.13,-1121.7,-1121.7,-2623.5,-1502.36,-1502.36,-9164.64,6274.34,6294.58,-19877.3,-19877.3,7003.33,11692.3,5217.26,3218.12,9284.57,-12927.5,-17732.5,-17863,-18878.7,519.601,-3077.52,-3077.52,534.657,-706.096,-1688.04,375.518,375.518,-5319.4,1784.71,1089.57,2877.28,-4013.21,-4328.73,1787.11,1787.11,-425.198,-281.885,353.541,353.541,449.208,3847.01,-2879.58,1439.79,1439.79,-16.5977,-16.5977,19.7934,9.12226,48.2848,-169.657,-386.655,260.043,-16.8265,-15.6927,-2.83071,-77.5711,-72.5297,791.147,791.147,194.554,194.554,192.634,192.634,-1565.12,-1565.12,-1565.12,644.503,644.503,133.642,-467.798,-149.005,-149.005,335.403,335.403,-550.08,-271.759,-3215.56,-14.0015,-14.0015,-2820.36,-2820.36,-2820.36,8144.15,-2131.75,-2131.75,-2233.67,-2233.67,19.2321,726.012,726.012,11.1562,11.1562,-9200.16,-9200.16,8365.21,8365.21,0,-313.246,-3718.63,-1461.58,3347.86,3347.86,-3004.07,16519.2,7240.94,-3105.98,-9205.03,-9205.03,2257.99,2257.99,-7892.29,-7892.29,886.635,1933.91,14093.5,2896.14,3957.35,3957.35,-2459.45,-2459.45,-2459.45,6742.96,6742.96,-7847.74,6.48138e-07,6.48138e-07,2957.29,-5876.66,-5876.66,8521.37,-3204.48,2353.51,0,5561.38,1907.83,-8456.8,-5941.45,-5941.45,-744.211,302.525,-80.462,-5265.77,-5265.77,-4208.09,2011.44,2011.44,20321.8,-13565.2,-20291.1,17771.6,17902.7,18919.1,-26443,5062.38,-4758.59,17771.6,17902.7,18919.1,-18885,-11046.9,-8627.53,-28.5508,21799.2,4651.11,18259.4,44443.3,24321.6,24321.6,2702.03,-16820.6,1669.22,2593.73,1129.22,-1521.35,1535.84,-1669.93,-1374.47,-1509.91,1459.41,1493.16,1467.47,-1561.06,688.538,688.538,-1466.51,6626.16,6626.16,-15502.2,2079.08,2053.78,-1593.41,1003.21,3657.13,7143.1,7143.1,10353,11777.8,12436.8,23604.4,-11505.2,8546.09,-10344,1673.06,8537.15,11736.4,6881.46,6878.95,-1672.78,-11757.8,-12415.1,4789.98,4846.08,3377.69,3921.45,3036.72,4786.92,2787.86,2787.86,398.141,1889.73,-2619.26,-2956.35,4813.42,-11767,-11767,-12425.3,-12425.3,-1854.45,-1854.45,177.72,675.889,1294.23,1294.23,5985.45,5985.45,-6521.72,-6521.72,3540.66,385.645,3140.98,-4250.25,16351.4,-20602.2,-23029,12433,-3137.03,5884,3459.23,-4274.37,81.8632,81.8632,2299.92,2299.92,-1156.96,925.381,-5161.67,-938.89,581.615,581.615,4043.12,1273.82,5794.86,3461.32,472.498,472.498,808.242,808.543,3417.47,3417.47,3924.69,2226.85,3171.1,2373.29,2087.85,425.699,425.699,200.154,223.395,0,-951.899,-1059.07,0,278.123,1294.15,1294.15,-407.464,1829.94,-593.365,-596.446,-186.51,-234.412,-228.004,2800.67,-3119.01,-7305.01,-1632.98,-733.542,-733.542,166.548,2614.11,2614.11,1569.95,1558.63,2.36863e-06,0,41.0343,41.0343,0,4.40406e-06,0,2362.62,0,-1335.87,0,1.75994e-08,1.20058e-08,-1602.27,-1610.56,-1610.56,0,-320.788,-320.788,5.2879e-08,0,3255.42,4894.84,4894.84,4894.84,4865.22,0,0,0,1116.31,1116.31,1116.31,0,-874.419,-183.98,-183.98,33.196,5.55329e-06,16.5977,16.5977,1.84747e-09,5.78529e-09,2.26417e-10,2.95673e-08,88.0089,87.3572,197.379,0,5.54991e-11,0,-5663.2,-5663.2,-5663.2,0,0,0,0,1.03585e-08,9.69268e-06,4914.13,4914.13,4.67097e-09,-10966.1,-1558.47,-2278.76,0,1.21113e-06,-1572.27,-4871.35,3.804e-07,-34724.9,-18287.9,-4485.52,-4344.08,80.4649,5302.23,5302.23,9.21387e-06,-142406,1912.59,8.44782e-05,2.63156e-05,1404.24,2256.96,5575.7,1.41277e-05,1.84339e-06,2.44587e-06,458.392,1.17839e-06,0.000120416,0.000121052,7759.1,0.00056996,8517.8,8.62657e-06,864.418,4945.73,4.85971e-06,3420.1,5.97855e-07,3466.76,-7472.14,1.93309e-07,1.19868e-06,-4609.68,-4609.68,6.48572e-07,-399.624,-399.624,1.1381e-05,1622.67,0,7.44063e-07,-4214.34,-11298.6,0,0
2020-08-04 01:00:00 UTC,-3979.81,-1109.92,3158.82,15.0405,15.0405,-1377.16,863.182,939.376,-1490.91,-1490.91,3293.97,2943.01,-10268.1,256.829,1669.33,2145.73,4615.64,1459.9,-8395.91,-1240.24,-982.335,-4447.96,-4447.96,-3641.32,-4319.28,-1272.54,-896.376,640.493,-29.9514,3035.95,-1053.07,-1053.07,-2436.2,-1383.61,-1383.61,-8531.97,5703.34,5721.72,-18274,-18274,6388.27,10802.7,4891.5,3017.23,8502.13,-11890.7,-16238.3,-16357.9,-17287.9,454.196,-2829.39,-2829.39,496.691,-640.461,-1460.57,379.066,379.066,-4839.77,1707.32,1005.63,2645.11,-3647.72,-3934.41,1638.97,1638.97,-436.927,-343.791,390.359,390.359,463.896,3632.76,-2688.51,1344.26,1344.26,-1.78077,-1.78077,20.2808,11.022,44.2228,-155.55,-348.072,238.477,-15.8493,-14.7814,-1.69372,-70.9996,-59.6383,740.686,740.686,167.865,167.865,166.211,166.211,-1460.7,-1460.7,-1460.7,593.139,593.139,133.934,-425.592,-145.232,-145.232,303.8,303.8,-526.694,-251.051,-3014.98,-7.391,-7.391,-2622.43,-2622.43,-2622.43,7588.94,-1976.16,-1976.16,-2078.05,-2078.05,10.151,666.497,666.497,-23.0881,-23.0881,-8594.94,-8594.94,7866.7,7866.7,0,-302.175,-3498.07,-1393.81,3155.47,3155.47,-2808.75,15376.7,6740.04,-2910.63,-8584.86,-8584.86,2105.08,2105.08,-7357.2,-7357.2,808.106,1805.93,12941.8,3016.9,3691.98,3691.98,-2297.07,-2297.07,-2297.07,6221,6221,-7312.66,6.48286e-07,6.48286e-07,2771.15,-5432.48,-5432.48,7876.9,-2941.41,2158.99,0,5103.33,1801.75,-7755.98,-5481.92,-5481.92,-687.477,309.876,-78.442,-4984.05,-4984.05,-3855.5,1845.12,1845.12,18627.2,-12369.8,-18601.4,16271.2,16391.2,17321.7,-24158.5,4652.78,-4382.29,16271.2,16391.2,17321.7,-17412,-10083.4,-7638.28,170.198,20877.9,4310.57,17429.6,42544.9,23303.8,23303.8,2624.99,-15574,1505.47,2540.16,1082.09,-1459.57,1458.87,-1569.64,-1304.22,-1431.43,1406.03,1438.53,1413.79,-1476.94,622.56,622.56,-1385.64,6257.91,6257.91,-14490.8,1841.95,1959.78,-1505.32,970.15,3514.89,6651.83,6651.83,9852.95,11388.7,12025.8,22919.1,-11361.8,7959.88,-9844.79,1762.23,7952.12,11414.5,6692.75,6690.3,-1761.92,-11369.9,-12005.5,4691.3,4746.25,3308.1,3840.64,3011.09,4476.27,2719.29,2719.29,426.87,1704.39,-2554.84,-2883.63,4730.3,-11378.5,-11378.5,-12015.1,-12015.1,-1836.4,-1836.4,165.112,629.171,1307.8,1307.8,5953.36,5953.36,-6350.46,-6350.46,3157.7,286.108,3128.41,-4181.19,16256.1,-20004.4,-22361,12370.5,-3124.49,5450.17,3235.57,-4058.64,98.8943,98.8943,2063.31,2063.31,-994.355,828.224,-4686.1,-844.665,481.367,481.367,3690.02,1164.93,5253.64,3208.58,411.098,411.098,700.602,700.865,3217.63,3217.63,3666.72,2055.93,2937.87,2109.11,1803.07,379.936,379.936,157.132,175.271,0,-899.997,-1001.27,0,227.218,1220.34,1220.34,-329.912,1577.03,-564.456,-567.39,-142.661,-281.988,-274.597,2622.53,-3142.48,-7326.38,-1619.16,-705.547,-705.547,208.85,2544.87,2544.87,1493.89,1483.12,2.36499e-06,0,227.163,227.163,0,3.67957e-06,0,2391.95,0,-1272.49,0,1.55063e-08,1.61303e-08,-1515.51,-1517.98,-1517.98,0,-305.242,-305.242,4.88718e-08,0,2909.57,4435.49,4435.49,4435.49,4537.83,0,0,0,996.673,996.673,996.673,0,-900.837,-210.353,-210.353,3.56155,4.57022e-06,1.78077,1.78077,1.10339e-09,3.52484e-09,-1.88129e-10,2.60744e-08,91.1317,90.4563,177.538,0,3.04821e-10,0,-5319.56,-5319.56,-5319.56,0,0,0,0,8.01537e-09,8.257e-06,4649.11,4649.11,1.19128e-08,-10114,-1435.53,-2099.02,0,9.32301e-07,-1497.7,-4542.52,7.59343e-07,-32565.9,-17259.4,-4329.5,-4194.91,78.4447,5014.14,5014.14,8.09225e-06,-132883,1724.36,6.96501e-05,2.42781e-05,1369.7,2201.45,5438.56,1.32294e-05,1.79117e-06,2.37051e-06,498.749,1.13324e-06,0.000112544,0.000120204,7735.75,0.000564053,7935.33,8.87459e-06,881.485,4474.05,4.21703e-06,3109.07,5.82252e-07,3283.06,-6871.33,1.49971e-07,1.14211e-06,-4359.35,-4359.35,5.13687e-07,-313.275,-313.275,9.42594e-06,1378.09,0,7.20267e-07,-4049.14,-10669.7,0,0
2020-08-04 02:00:00 UTC,-3902.58,-1099.6,3396.81,-209.434,-209.434,-1090.83,999.89,1108.68,-1602.37,-1602.37,3030.48,2602.45,-9580.53,248.313,1457.66,2095.6,4228.17,1337.37,-7775.47,-1136.06,-659.142,-4029.96,-4029.96,-3409.25,-4154.32,-1223.17,-841.008,585.125,9.03126,2819.61,-976.855,-976.855,-2244.54,-1268.09,-1268.09,-7840.32,5039.21,5055.44,-16420.1,-16420.1,5664.15,9745.48,4535.4,2797.63,7567.59,-10610.1,-14493.1,-14599.8,-15429.7,380.413,-2536.04,-2536.04,462.441,-564.173,-1177.34,394.744,394.744,-4275.89,1634.36,903.681,2407.4,-3209.06,-3461.17,1503.3,1503.3,-465.826,-449.04,457.433,457.433,498.088,3412.3,-2479.99,1239.99,1239.99,21.0747,21.0747,21.1634,13.6704,39.3386,-138.575,-300.4,212.055,-14.6409,-13.6544,-0.201933,-62.9117,-43.2317,679.84,679.84,134.365,134.365,133.046,133.046,-1338.58,-1338.58,-1338.58,524.83,524.83,134.998,-373.683,-142.093,-142.093,264.85,264.85,-505.761,-225.8,-2795.69,-1.745,-1.745,-2390.49,-2390.49,-2390.49,6928.57,-1798.24,-1798.24,-1894.94,-1894.94,2.396,597.74,597.74,-56.4125,-56.4125,-7875.03,-7875.03,7264.64,7264.64,0,-286.651,-3229.72,-1307.05,2921.75,2921.75,-2575.81,14021.3,6145.82,-2672.5,-7850.38,-7850.38,1923.37,1923.37,-6724.26,-6724.26,720.096,1655.37,11585,3125.9,3373.13,3373.13,-2099.27,-2099.27,-2099.27,5601.88,5601.88,-6681.97,6.48266e-07,6.48266e-07,2537.07,-4901.15,-4901.15,7105.81,-2622.79,1941.46,0,4566.66,1678.89,-6923.28,-4935.66,-4935.66,-623.006,311.872,-72.824,-4658.68,-4658.68,-3443.86,1648.81,1648.81,16641.2,-10968.3,-16620.6,14519.2,14626.3,15456.6,-21478.7,4173.88,-3935.43,14519.2,14626.3,15456.6,-15671.6,-8954.17,-6491.52,386.698,19727.1,3908.13,16402.7,40162.7,22023.6,22023.6,2529.89,-14113.1,1328,2469.29,1021.72,-1370.87,1364.15,-1449.81,-1218.02,-1335.4,1337.88,1368.79,1345.27,-1374.72,547.357,547.357,-1287.77,5815.3,5815.3,-13304,1579.11,1838.71,-1398.77,926.192,3321.5,6070.76,6070.76,9265.2,10870.8,11479,21961.8,-11121.8,7330.38,-9257.98,1809.95,7323.8,10957,6424.47,6422.12,-1809.62,-10853.7,-11460.5,4530.69,4583.75,3197.67,3712.42,2942.05,4136.95,2615.92,2615.92,446.3,1523.06,-2457.72,-2774.02,4579.04,-10861.5,-10861.5,-11469.2,-11469.2,-1793.8,-1793.8,150.06,573.02,1305.47,1305.47,5843.25,5843.25,-6107.05,-6107.05,2774.67,195.883,3086.26,-4061.11,15987.4,-19186.4,-21429.2,12189.1,-3082.45,4981.05,2987.87,-3807.13,111.975,111.975,1821.22,1821.22,-840.866,729.764,-4202.48,-749.828,387.741,387.741,3321.32,1055.23,4667.31,2933.61,351.603,351.603,594.614,594.837,2991.2,2991.2,3379.69,1869.81,2678.34,1844.32,1500.73,334.507,334.507,104.502,116.377,0,-865.502,-962.76,0,167.26,1169.08,1169.08,-236.903,1282.39,-538.212,-541.014,-88.0258,-348.309,-339.496,2421.52,-3145.92,-7300.16,-1583.5,-669.806,-669.806,244.77,2501.09,2501.09,1419.64,1409.41,2.39155e-06,0,437.737,437.737,0,3.06132e-06,0,2334.41,0,-1223.12,0,1.42078e-08,2.4542e-08,-1462.38,-1409.8,-1409.8,0,-297.055,-297.055,4.27231e-08,0,2523.92,3886.12,3886.12,3886.12,4154.46,0,0,0,871.345,871.345,871.345,0,-963.93,-256.344,-256.344,-42.1484,3.72779e-06,-21.0747,-21.0747,1.72723e-09,2.50108e-09,1.22014e-09,2.04497e-08,97.6426,96.9184,158.937,0,1.59279e-10,0,-4903.62,-4903.62,-4903.62,0,0,0,0,4.74619e-09,6.78077e-06,4340.97,4340.97,8.62395e-08,-9117.76,-1301.95,-1903.7,0,6.71369e-07,-1411.01,-4151.38,1.23863e-06,-29979.9,-16016,-4114.76,-4002.32,72.8263,4682.28,4682.28,6.84011e-06,-121613,1540.03,5.38768e-05,2.15935e-05,1317.63,2117.77,5231.83,1.19902e-05,1.66779e-06,2.19218e-06,518.184,1.0176e-06,0.000101983,0.000117609,7658.58,0.000547067,7309.56,9.03797e-06,883.225,3995.84,3.59367e-06,2788.71,5.57383e-07,3067.54,-6232.54,1.14988e-07,1.08496e-06,-4066.41,-4066.41,3.89808e-07,-224.138,-224.138,7.78452e-06,1091.42,0,6.9883e-07,-3834.79,-9897.47,0,0
2020-08-04 03:00:00 UTC,-3811.9,-1082.8,3572.58,-372.328,-372.328,-841.341,1116.37,1253.59,-1684.44,-1684.44,2804.49,2323.62,-8982.23,225.109,1285.98,2033.91,3909.19,1236.49,-7231.52,-1046.11,-380.318,-3670.67,-3670.67,-3195.74,-4003.63,-1176.67,-790.348,534.465,43.6489,2621.57,-909.312,-909.312,-2083.97,-1175.01,-1175.01,-7247.08,4513.12,4527.65,-14929.1,-14929.1,5079.69,8899.12,4230.29,2609.46,6796.91,-9515.19,-13113.5,-13210.1,-13960.9,329.13,-2299.29,-2299.29,430.819,-505.666,-986.735,393.312,393.312,-3839.63,1544.16,816.147,2214.44,-2872.34,-3097.93,1397.94,1397.94,-473.562,-505.468,489.515,489.515,508.439,3213.75,-2320.46,1160.23,1160.23,34.8553,34.8553,21.0024,14.7028,35.4598,-125.114,-265.431,191.41,-13.4517,-12.5453,0.781037,-56.564,-32.9447,625.954,625.954,111.908,111.908,110.813,110.813,-1231.39,-1231.39,-1231.39,465.585,465.585,132.035,-334.333,-136.93,-136.93,235.739,235.739,-485.792,-205.495,-2607.77,0.0135,0.0135,-2210.14,-2210.14,-2210.14,6405.44,-1662.42,-1662.42,-1753.27,-1753.27,-0.018,547.305,547.305,-77.4276,-77.4276,-7310.18,-7310.18,6782.63,6782.63,0,-273.761,-3013.53,-1229.63,2732.61,2732.61,-2389.01,12950.8,5676.49,-2479.85,-7276.34,-7276.34,1784.5,1784.5,-6231.69,-6231.69,661.077,1541.34,10513.7,3190.04,3117.54,3117.54,-1937.86,-1937.86,-1937.86,5111.12,5111.12,-6191.95,6.48456e-07,6.48456e-07,2339.6,-4475.88,-4475.88,6484.55,-2366.59,1774.52,0,4143.13,1579.65,-6263.98,-4503.02,-4503.02,-577.714,302.213,-67.711,-4401.17,-4401.17,-3119.22,1492.35,1492.35,15069.2,-9862.09,-15052.3,13134.9,13231.8,13982.9,-19360.7,3796.09,-3577.57,13134.9,13231.8,13982.9,-14292.7,-8065.86,-5588.28,549.779,18786.6,3592.02,15567.6,38207.1,20968.6,20968.6,2450.64,-12980.5,1207.42,2405.12,971.486,-1291.43,1286.65,-1357.16,-1147.23,-1257.28,1280.1,1309.66,1287.17,-1293.05,489.921,489.921,-1210.46,5459.46,5459.46,-12382.2,1393.02,1729.74,-1314.66,888.541,3153.86,5616.53,5616.53,8792.68,10430.2,11013.7,21129.6,-10887.3,6849.52,-8786.18,1825.39,6843.77,10557,6189.95,6187.68,-1825.06,-10414.5,-10996.7,4391.66,4443.08,3092.45,3590.26,2870.65,3867.72,2529.95,2529.95,451.488,1395.5,-2376.95,-2682.86,4435.02,-10421.7,-10421.7,-11004.7,-11004.7,-1748.27,-1748.27,139.525,533.547,1289.71,1289.71,5712.28,5712.28,-5880.75,-5880.75,2488.78,131.691,3017.07,-3939.75,15628.8,-18463.1,-20623.3,11901.5,-3013.42,4622.09,2790.32,-3603.25,114.495,114.495,1647.66,1647.66,-735.966,658.938,-3832.39,-677.14,325.85,325.85,3030.75,971.058,4199.43,2704.99,313.642,313.642,522.289,522.486,2812.18,2812.18,3156.1,1727.44,2475.63,1662.21,1269.73,303.993,303.993,57.0713,63.2773,0,-865.678,-962.759,0,115.067,1167.52,1167.52,-155.091,1024.45,-519.179,-521.885,-38.0024,-411.11,-400.913,2242.04,-3133.04,-7252.12,-1537.3,-639.951,-639.951,258.299,2447.35,2447.35,1325.33,1315.78,2.28987e-06,0,590.242,590.242,0,2.63115e-06,0,2250.59,0,-1176.63,0,1.43359e-08,2.95317e-08,-1422.44,-1310.78,-1310.78,0,-289.036,-289.036,3.67893e-08,0,2243.14,3468.83,3468.83,3468.83,3819.42,0,0,0,785.086,785.086,785.086,0,-982.018,-279.623,-279.623,-69.708,3.25326e-06,-34.8553,-34.8553,-6.45084e-10,4.31249e-09,8.198e-10,1.86791e-08,99.502,98.7635,148.614,0,1.18199e-10,0,-4567.91,-4567.91,-4567.91,0,0,0,0,3.39995e-09,5.74979e-06,4096.93,4096.93,1.63489e-07,-8327.13,-1199.04,-1753.24,0,5.09929e-07,-1342,-3838.66,1.58444e-06,-27928.5,-15017.8,-3926.93,-3836.71,67.7129,4421.04,4421.04,5.92729e-06,-112800,1411.04,4.30212e-05,1.94638e-05,1274.33,2048.17,5059.89,1.10712e-05,1.55271e-06,2.02653e-06,532.645,9.18722e-07,9.35033e-05,0.000112311,7456.78,0.000520904,6831.34,9.08484e-06,876.217,3632.6,3.13075e-06,2547.06,5.30514e-07,2879.83,-5716.92,9.34957e-08,1.05061e-06,-3834.21,-3834.21,3.09163e-07,-159.504,-159.504,6.89639e-06,841.689,0,6.85572e-07,-3647.79,-9261.05,0,0
2020-08-04 04:00:00 UTC,-3592.41,-1024.77,3514.96,-426.963,-426.963,-653.065,1143.51,1292.48,-1631.08,-1631.08,2566.42,2094.48,-8293.52,187.199,1153.15,1905.16,3601.31,1139.12,-6641.19,-954.014,-190.071,-3345.23,-3345.23,-2958.08,-3774.22,-1107.42,-738.422,482.539,61.8592,2417.05,-839.412,-839.412,-1916.92,-1077.8,-1077.8,-6646.6,4039.68,4052.68,-13497.3,-13497.3,4551.63,8059.82,3891.48,2400.5,6097.46,-8539.83,-11812.1,-11899.1,-12575.3,287.016,-2073.66,-2073.66,397.779,-452.413,-834.48,379.639,379.639,-3439.29,1437.42,734.736,2019.81,-2565.37,-2766.78,1284.78,1284.78,-461.99,-523.559,492.774,492.774,497.3,2976.95,-2129,1064.5,1064.5,42.3712,42.3712,20.1693,14.8251,31.8344,-112.455,-234.239,171.638,-12.1856,-11.3645,1.38253,-50.5484,-25.4558,570.203,570.203,94.1783,94.1783,93.2599,93.2599,-1122.38,-1122.38,-1122.38,413.307,413.307,125.192,-297.841,-128.726,-128.726,209.194,209.194,-454.854,-185.402,-2399.08,0.23,0.23,-2039.13,-2039.13,-2039.13,5902.34,-1534.53,-1534.53,-1620.31,-1620.31,-0.316,502.387,502.387,-97.0921,-97.0921,-6773.54,-6773.54,6319.92,6319.92,0,-262.696,-2805.05,-1149.1,2549.51,2549.51,-2205.75,11929.1,5228.6,-2291.53,-6731.09,-6731.09,1656.47,1656.47,-5766.4,-5766.4,612.63,1436.43,9516.45,3213.19,2869.87,2869.87,-1783.53,-1783.53,-1783.53,4652.53,4652.53,-5728.88,6.48319e-07,6.48319e-07,2145.63,-4074.23,-4074.23,5893.04,-2131.21,1612.95,0,3745.86,1477.32,-5658.51,-4097.49,-4097.49,-538.738,284.771,-63.728,-4113.34,-4113.34,-2813.56,1345.17,1345.17,13589.5,-8834.11,-13575.8,11829.4,11916.7,12593.1,-17383.8,3439.15,-3239.96,11829.4,11916.7,12593.1,-13001.2,-7244.83,-4759.37,686.636,17817.7,3298.3,14716.4,36205.1,19879.6,19879.6,2348.26,-11929.2,1116.14,2311.85,922.988,-1218.1,1208.95,-1269.96,-1076.75,-1179.94,1216.59,1244.67,1223.3,-1213.25,439.446,439.446,-1135.51,5095.84,5095.84,-11497.5,1249.97,1616.31,-1233.19,848.745,2991.96,5192.29,5192.29,8248.89,9969.29,10527,20295.1,-10563.7,6250.86,-8243.17,1886.71,6246.07,10159.7,5957.01,5954.82,-1886.35,-9954.94,-10511.5,4274.76,4324.81,2987.79,3468.74,2821.29,3530.75,2454.44,2454.44,466.535,1225.07,-2306.01,-2602.8,4282.68,-9961.52,-9961.52,-10518.8,-10518.8,-1707.68,-1707.68,125.636,481.723,1285.68,1285.68,5605.57,5605.57,-5633.98,-5633.98,2103.25,38.956,2960.78,-3819.66,15355,-17717.8,-19811.1,11652.2,-2957.27,4205.96,2566.08,-3360.68,120.375,120.375,1443.91,1443.91,-589.708,574.152,-3351.23,-585.389,239.845,239.845,2677.61,862.73,3677.16,2437.92,264.902,264.902,434.648,434.814,2601.45,2601.45,2897.1,1565.86,2250.54,1444.16,1038.38,265.866,265.866,24.4234,26.7654,0,-818.975,-910.815,0,76.4309,1095.03,1095.03,-95.7918,820.347,-485.672,-488.206,-4.71363,-434.985,-424.336,2036.88,-3006.65,-7138.9,-1470.45,-608.173,-608.173,254.957,2308.59,2308.59,1189.1,1180.53,1.99206e-06,0,634.594,634.594,0,2.1909e-06,0,2085.06,0,-1107.38,0,1.39498e-08,3.04201e-08,-1352.15,-1208.52,-1208.52,0,-272.181,-272.181,3.14234e-08,0,1994.45,3091.88,3091.88,3091.88,3479.71,0,0,0,701.437,701.437,701.437,0,-959.305,-284.531,-284.531,-84.7383,2.606e-06,-42.3712,-42.3712,1.02191e-09,7.43218e-10,3.16017e-10,1.33824e-08,97.1096,96.3886,142.239,0,2.12181e-10,0,-4243.21,-4243.21,-4243.21,0,0,0,0,2.40251e-09,4.75697e-06,3824.64,3824.64,2.32381e-07,-7569.59,-1092.38,-1597.29,0,3.84195e-07,-1265.72,-3538.46,1.84102e-06,-25950.9,-14029.7,-3737.3,-3649.69,63.7297,4130.69,4130.69,5.09425e-06,-104435,1239.99,3.35742e-05,1.75649e-05,1236.3,1987.04,4908.88,1.03606e-05,1.44797e-06,1.90287e-06,559.983,8.32835e-07,8.58767e-05,0.000107165,7238.12,0.000498858,6235.72,9.04176e-06,871.481,3162.95,2.59545e-06,2222.81,4.99957e-07,2675.51,-5100.58,7.09979e-08,9.95426e-07,-3575.57,-3575.57,2.28055e-07,-97.5284,-97.5284,5.57778e-06,653.275,0,6.09934e-07,-3436.71,-8611.46,0,0
2020-08-04 05:00:00 UTC,-3413.89,-984.628,3528.84,-532.067,-532.067,-463.454,1187.08,1350.44,-1639.8,-1639.8,2246.91,1822.06,-7519.35,78.7411,1000.86,1725.21,3281.04,1037.84,-5940.28,-840.883,32.5351,-2991.76,-2991.76,-2687.66,-3506.89,-1026.89,-679.794,423.911,80.5572,2185.97,-760.053,-760.053,-1725.56,-965.744,-965.744,-5963.32,3503.25,3514.51,-11859.3,-11859.3,3954.37,7080.34,3505.07,2162.18,5307.89,-7441.52,-10322.6,-10398.6,-10989.4,239.514,-1815.04,-1815.04,361.398,-391.655,-658.897,364.707,364.707,-2981.55,1318.32,643.296,1796.61,-2213.18,-2386.89,1153.08,1153.08,-448.311,-543.604,495.958,495.958,484.081,2710.49,-1913.11,956.553,956.553,50.9107,50.9107,19.2282,14.9857,27.6689,-97.9117,-198.338,148.907,-10.8394,-10.109,1.93462,-43.7151,-16.7989,506.117,506.117,73.7284,73.7284,73.0134,73.0134,-997.343,-997.343,-997.343,354.205,354.205,117.176,-255.854,-119.136,-119.136,178.652,178.652,-418.158,-162.24,-2161.03,0.23,0.23,-1834.45,-1834.45,-1834.45,5300.21,-1381.22,-1381.22,-1461.19,-1461.19,-0.316,449.062,449.062,-119.593,-119.593,-6128.7,-6128.7,5761.91,5761.91,0,-249.19,-2553.53,-1050.51,2328.33,2328.33,-1985.03,10709.8,4694.1,-2064.99,-6076.4,-6076.4,1503.45,1503.45,-5208.07,-5208.07,556.311,1311.39,8357.99,3201.21,2573.57,2573.57,-1600.96,-1600.96,-1600.96,4115.19,4115.19,-5173.08,6.48235e-07,6.48235e-07,1914.24,-3601.69,-3601.69,5201.32,-1854.13,1430.35,0,3285.81,1358.79,-4952.14,-3620.85,-3620.85,-493.424,261.411,-57.994,-3758.9,-3758.9,-2460.9,1176.48,1176.48,11886,-7650.96,-11875.5,10335.8,10412.1,11003,-15107.3,3022.95,-2849.2,10335.8,10412,11003,-11496.3,-6298.65,-3830.11,823.889,16582.3,2952.69,13641.9,33674.5,18499.6,18499.6,2206.39,-10681.9,1010.5,2179.35,869.299,-1110.24,1111.7,-1164.94,-989.446,-1084.25,1134.6,1160.78,1140.86,-1114.86,381.701,381.701,-1043.3,4646.31,4646.31,-10424.1,1090.37,1477.03,-1133,806.725,2788.02,4687.41,4687.41,7594.51,9364.78,9888.67,19157.2,-10090.2,5579.44,-7589.66,1913.35,5575.63,9613.93,5637,5634.93,-1912.98,-9352.11,-9874.94,4076.43,4124.16,2847.32,3305.65,2730.72,3164.92,2328.41,2328.41,485.211,1033.34,-2187.6,-2469.15,4077.2,-9357.91,-9357.91,-9881.41,-9881.41,-1646.75,-1646.75,108.421,417.296,1271.65,1271.65,5437.36,5437.36,-5327.1,-5327.1,1712.2,-46.4399,2903.57,-3658.27,14947.6,-16740.3,-18710.3,11421.3,-2900.19,3745.41,2324.61,-3083.05,133.379,133.379,1218.72,1218.72,-437.469,483.455,-2861.34,-495.082,149.798,149.798,2328.4,751.903,3169.43,2178.81,207.832,207.832,336.566,336.695,2360.69,2360.69,2603.78,1384.94,1996.93,1196.83,791.128,222.307,222.307,-8.64794,-10.208,0,-750.397,-834.532,0,36.0509,997.112,997.112,-34.3153,617.151,-452.598,-454.963,28.4765,-461.54,-450.404,1849.29,-2911.35,-6929.17,-1380.81,-566.859,-566.859,247.864,2199.26,2199.26,1092.51,1084.64,1.84092e-06,0,725.699,725.699,0,1.73931e-06,0,1798.24,0,-1026.86,0,1.379e-08,3.08427e-08,-1269.21,-1092.99,-1092.99,0,-252.219,-252.219,2.73494e-08,0,1709.67,2659.84,2659.84,2659.84,3090.03,0,0,0,605.666,605.666,605.666,0,-932.407,-289.783,-289.783,-101.816,1.95506e-06,-50.9107,-50.9107,4.3601e-10,8.44445e-10,1.23682e-10,1.16455e-08,94.2225,93.5227,134.379,0,4.28195e-10,0,-3853.07,-3853.07,-3853.07,0,0,0,0,9.18492e-10,3.65753e-06,3499.58,3499.58,2.99539e-07,-6696.46,-980.968,-1434.39,0,2.64825e-07,-1173.27,-3184.66,2.03147e-06,-23560.7,-12818,-3507.51,-3407.34,57.9954,3773.42,3773.42,4.16124e-06,-94386.4,1047.34,2.37368e-05,1.51199e-05,1172.82,1885.01,4656.81,9.11755e-06,1.29084e-06,1.69399e-06,564.388,6.96209e-07,7.5662e-05,0.000105119,7217.01,0.000478441,5567.38,8.85311e-06,853.923,2685.35,2.10722e-06,1881.22,4.64452e-07,2469.2,-4495.61,5.26866e-08,9.35567e-07,-3276,-3276,1.55354e-07,-28.6335,-28.6335,4.22601e-06,463.561,0,5.53594e-07,-3171.85,-7816.7,0,0
2020-08-04 06:00:00 UTC,-3272.88,-951.794,3504.8,-592.976,-592.976,-328.719,1204.58,1376.21,-1640.96,-1640.96,2014.52,1629.63,-6951.13,-2.44631,894.328,1588.05,3051.07,965.1,-5427.81,-758.744,186.253,-2739.53,-2739.53,-2496.07,-3307.2,-967.131,-638.949,383.066,90.6678,2024.73,-703.51,-703.51,-1584.11,-880.801,-880.801,-5470.28,3114.83,3124.84,-10676.5,-10676.5,3522.14,6381.1,3223.06,1988.25,4736.82,-6663.13,-9252.79,-9320.96,-9850.45,205.719,-1629.22,-1629.22,332.661,-348.123,-540.202,350.192,350.192,-2654.14,1224.52,576.376,1627.64,-1963.35,-2117.41,1051.08,1051.08,-434.475,-550.179,492.327,492.327,470.128,2513.47,-1763.29,881.645,881.645,55.7733,55.7733,18.3965,14.9002,24.7031,-87.5398,-173.147,132.619,-9.70102,-9.04733,2.44621,-38.7209,-11.1425,459.469,459.469,59.9423,59.9423,59.3643,59.3643,-906.231,-906.231,-906.231,312.232,312.232,110.79,-226.062,-111.743,-111.743,157.079,157.079,-390.251,-145.589,-1987.27,0.23,0.23,-1676.04,-1676.04,-1676.04,4835.46,-1264.31,-1264.31,-1335.75,-1335.75,-0.316,406.518,406.518,-127.397,-127.397,-5616.36,-5616.36,5308.63,5308.63,0,-233.968,-2349.69,-972.541,2148.33,2148.33,-1815.9,9770.12,4282.18,-1887.34,-5560.64,-5560.64,1377.51,1377.51,-4766.15,-4766.15,506.64,1207.81,7506.82,3129.81,2345.31,2345.31,-1461.2,-1461.2,-1461.2,3714.13,3714.13,-4734.89,6.48362e-07,6.48362e-07,1740.1,-3250.61,-3250.61,4693.16,-1650.7,1300.21,0,2951.99,1264.46,-4431.07,-3266.49,-3266.49,-455.561,245.399,-52.106,-3479.92,-3479.92,-2206.41,1056.03,1056.03,10661.1,-6806.2,-10652.6,9263.42,9331.75,9861.41,-13477.6,2720.06,-2568.52,9263.42,9331.75,9861.41,-10380.4,-5614.89,-3217.21,880.588,15513.7,2686.72,12730.5,31499.6,17314.3,17314.3,2079.51,-9715.06,918.942,2060.13,820.971,-1018.82,1031.77,-1078.15,-917.817,-1005.64,1064.75,1089.31,1070.62,-1033.78,339.107,339.107,-967.189,4287.82,4287.82,-9568.87,964.209,1366.48,-1050.29,768.624,2609.88,4288.3,4288.3,7082.91,8819.66,9313.05,18067.6,-9615.71,5124.61,-7078.69,1865.7,5121.39,9090.97,5330.37,5328.41,-1865.35,-8808.42,-9300.86,3860.71,3905.91,2709.77,3145.97,2601.22,2917.35,2200.68,2200.68,474.527,915.713,-2067.59,-2333.7,3893.78,-8813.57,-8813.57,-9306.6,-9306.61,-1581.63,-1581.63,98.1049,378.346,1237.98,1237.98,5238.93,5238.93,-5067.44,-5067.44,1491.07,-85.553,2834.05,-3502.65,14472.6,-15834.2,-17668.5,11161.4,-2830.83,3426.84,2149.01,-2875.52,133.994,133.994,1079.6,1079.6,-359.324,427.753,-2561.99,-439.348,106.122,106.122,2099.17,681.706,2822.34,1993.27,177.333,177.333,281.446,281.555,2187.17,2187.17,2397.84,1262.37,1821.59,1047.29,637.06,195.953,195.953,-30.8243,-35.007,0,-713.652,-793.653,0,9.97149,940.329,940.329,6.30344,475.494,-430.055,-432.304,51.1654,-478.339,-466.887,1704.78,-2813.25,-6663.92,-1305.15,-531.196,-531.196,243.476,2112.34,2112.34,1018.35,1011.01,1.70497e-06,0,777.564,777.564,0,1.45134e-06,0,1581.05,0,-967.104,0,1.3677e-08,3.02507e-08,-1204.81,-1012.37,-1012.37,0,-236.853,-236.853,2.39067e-08,0,1502.81,2353.67,2353.67,2353.67,2806.3,0,0,0,530.942,530.942,530.942,0,-904.617,-289.845,-289.845,-111.54,1.60306e-06,-55.7733,-55.7733,-3.40658e-10,6.55468e-10,1.86434e-10,9.38135e-09,91.357,90.6784,127.455,0,4.14094e-10,0,-3545.54,-3545.54,-3545.54,0,0,0,0,7.50182e-10,2.90197e-06,3249.66,3249.66,3.32831e-07,-6061.67,-899.393,-1315.12,0,1.92577e-07,-1103.13,-2914.48,2.07813e-06,-21660.9,-11849.9,-3305.41,-3201.4,52.1071,3492.16,3492.16,3.46336e-06,-86445.9,928.88,1.69598e-05,1.2976e-05,1108.48,1781.6,4401.35,7.89281e-06,1.14473e-06,1.46299e-06,554.791,5.59647e-07,6.59105e-05,0.000103088,7212.58,0.000455935,5114.43,8.71021e-06,824.556,2395.29,1.81608e-06,1679.89,4.34678e-07,2301.07,-4082.87,4.46029e-08,8.9898e-07,-3051.18,-3051.18,1.1437e-07,12.0179,12.0179,3.53202e-06,328.773,0,5.06108e-07,-2961.65,-7203.41,0,0
2020-08-04 07:00:00 UTC,-3134.86,-918.119,3454.99,-628.446,-628.446,-220.294,1209.92,1387,-1623.69,-1623.69,1814.43,1473.5,-6454.82,-73.9929,809.708,1459.99,2856.33,903.51,-4980.81,-688.841,305.269,-2530.4,-2530.4,-2316.52,-3106.27,-907.102,-601.698,345.815,95.4692,1877.29,-653.185,-653.185,-1463.91,-810.892,-810.892,-5046.13,2832.42,2841.52,-9771.48,-9771.48,3202.91,5845.69,2981.99,1839.55,4307.68,-6042.45,-8457.79,-8520.11,-9004.06,186.207,-1488.68,-1488.68,306.012,-317.441,-482.686,325.348,325.348,-2420.87,1127.35,525.198,1492.65,-1789.08,-1929.44,967.295,967.295,-406.549,-520.982,463.765,463.765,440.164,2334.93,-1647.55,823.777,823.777,53.7637,53.7637,17.0497,13.9211,22.5415,-79.9092,-157.757,121.543,-8.95874,-8.35507,2.3603,-35.4735,-9.3464,421.66,421.66,53.4442,53.4442,52.9305,52.9305,-830.333,-830.333,-830.333,280.386,280.386,103.135,-206.695,-103.795,-103.795,143.419,143.419,-365.153,-133.684,-1838.71,0.23,0.23,-1558.46,-1558.46,-1558.46,4491.23,-1176.81,-1176.81,-1243.04,-1243.04,-0.316,375.857,375.857,-132.205,-132.205,-5236.64,-5236.64,4969.97,4969.97,0,-222.64,-2197.82,-912.897,2013.35,2013.35,-1689.88,9073.11,3976.65,-1756.11,-5178.8,-5178.8,1285.24,1285.24,-4439.37,-4439.37,471.628,1131.2,6881.37,3060.53,2176.52,2176.52,-1356.77,-1356.77,-1356.77,3418.7,3418.7,-4410.38,6.48361e-07,6.48361e-07,1609.96,-2991.11,-2991.11,4316.21,-1502.26,1202.16,0,2705.34,1192.24,-4050.18,-3005,-3005,-427.726,231.67,-47.945,-3264.65,-3264.65,-2018.16,966.892,966.892,9754.84,-6186.19,-9747.76,8466.67,8529.13,9013.21,-12278.2,2496.6,-2361.3,8466.67,8529.13,9013.21,-9555.74,-5114.8,-2775,915.421,14691.7,2490.54,12032.1,29822.4,16398.1,16398.1,1979.99,-9004.8,854.438,1965.34,780.24,-957.11,970.879,-1013.43,-863.494,-946.093,1009.94,1033.24,1015.51,-972.507,308.56,308.56,-909.769,4017.87,4017.87,-8933.78,876.423,1282,-987.902,734.381,2473.02,3993.81,3993.81,6689.84,8393.16,8862.68,17209,-9227.57,4781.42,-6686.07,1821.82,4778.62,8678.64,5088.6,5086.74,-1821.48,-8382.98,-8851.64,3691.15,3734.36,2603.02,3022.03,2487.06,2729.75,2104.01,2104.01,453.767,827.424,-1976.76,-2231.19,3763.19,-8387.65,-8387.65,-8856.84,-8856.84,-1533.41,-1533.41,91.661,353.967,1210.01,1210.01,5088.96,5088.96,-4879.55,-4879.55,1326.08,-116.102,2783.13,-3387.89,14121.5,-15115.9,-16843.8,10977.9,-2780.02,3171.95,2004.07,-2717.61,130.58,130.58,969.513,969.513,-303.194,382.165,-2328.11,-393.007,75.6294,75.6294,1912.13,626.472,2534.01,1836.72,154.997,154.997,239.526,239.619,2055.35,2055.35,2239.74,1166.88,1686.12,931.115,513.122,175.562,175.562,-48.5376,-54.8176,0,-689.471,-766.772,0,-10.6595,900.275,900.275,38.3921,362.158,-412.112,-414.269,69.3735,-491.463,-479.764,1579.85,-2712.69,-6441.15,-1243.59,-503.424,-503.424,237.401,2026.49,2026.49,945.722,938.905,1.55535e-06,0,805.506,805.506,0,1.22291e-06,0,1382.42,0,-907.078,0,1.3499e-08,2.86583e-08,-1139.39,-938.645,-938.645,0,-220.63,-220.63,2.14193e-08,0,1366.32,2143.51,2143.51,2143.51,2570.97,0,0,0,488.557,488.557,488.557,0,-846.725,-273.682,-273.682,-107.521,1.36227e-06,-53.7637,-53.7637,1.82157e-10,4.66409e-10,-6.80249e-11,7.65304e-09,85.5865,84.9507,121.828,0,1.9199e-10,0,-3313.96,-3313.96,-3313.96,0,0,0,0,-1.20865e-10,2.40238e-06,3057.8,3057.8,3.44731e-07,-5587.13,-832.352,-1217.09,0,1.49632e-07,-1045.28,-2711.62,2.05667e-06,-20240.9,-11116.7,-3143.3,-3038.59,47.9459,3275.44,3275.44,2.98735e-06,-80562.7,840.111,1.27462e-05,1.14397e-05,1059.79,1703.34,4208.01,7.0085e-06,1.04555e-06,1.30092e-06,554.876,4.62915e-07,5.83862e-05,0.000101914,7228.02,0.000440332,4772.56,8.65802e-06,804.007,2169.18,1.61168e-06,1535.17,4.18792e-07,2154.05,-3740.83,3.9909e-08,8.68336e-07,-2879.53,-2879.53,8.97077e-08,43.5371,43.5371,3.05699e-06,220.319,0,4.63794e-07,-2795.49,-6733.8,0,0
2020-08-04 08:00:00 UTC,-3037.85,-895.621,3390.28,-648.349,-648.349,-148.122,1195.1,1373.17,-1609.1,-1609.1,1652.87,1367.96,-6089.17,-152.366,756.606,1345.9,2733.9,864.786,-4642.93,-635.253,392.229,-2397.71,-2397.71,-2184.68,-2956.46,-862.521,-574.479,318.596,98.4068,1769.51,-616.744,-616.744,-1378.35,-761.761,-761.761,-4741.85,2638.05,2646.53,-9123.64,-9123.64,2982.85,5448.07,2803.46,1729.43,4011.35,-5607.84,-7890.15,-7948.29,-8399.72,173.586,-1387.79,-1387.79,288.107,-295.929,-443.045,307.259,307.259,-2255.99,1058.66,490,1398.71,-1664.91,-1795.51,908.576,908.576,-384.853,-496.909,440.881,440.881,416.826,2202.9,-1563,781.5,781.5,51.8319,51.8319,16.0357,13.1613,20.986,-74.413,-146.88,113.639,-8.5169,-7.943,2.15604,-33.2321,-8.19332,394.151,394.151,48.9819,48.9819,48.5124,48.5124,-775.137,-775.137,-775.137,258.01,258.01,97.2951,-192.919,-97.7698,-97.7698,133.732,133.732,-345.989,-125.094,-1728.69,0.23,0.23,-1473.96,-1473.96,-1473.96,4242.41,-1114.5,-1114.5,-1176.47,-1176.47,-0.316,354.504,354.504,-133.885,-133.885,-4962.19,-4962.19,4722.11,4722.11,0,-214.02,-2086.57,-867.917,1914.08,1914.08,-1598.29,8568.87,3755.62,-1660.26,-4903.61,-4903.61,1218.94,1218.94,-4204.19,-4204.19,447.66,1075.98,6432.21,2995.71,2053.95,2053.95,-1279.48,-1279.48,-1279.48,3205.49,3205.49,-4177.07,6.48325e-07,6.48325e-07,1517.36,-2804.86,-2804.86,4045.74,-1396.24,1130.51,0,2527.56,1139.22,-3776.14,-2817.05,-2817.05,-408.235,219.928,-45.696,-3105.53,-3105.53,-1883.29,902.653,902.653,9104.26,-5743.19,-9098.09,7897.87,7956.14,8407.69,-11419.7,2335.3,-2210.43,7897.87,7956.14,8407.69,-8959.47,-4757.88,-2468.11,934.687,14072.8,2348.11,11508.2,28564.6,15709.9,15709.9,1903.28,-8489.69,807.495,1891.86,750.999,-909.046,925.703,-965.512,-823.088,-901.842,968.35,990.682,973.692,-927.076,286.572,286.572,-867.255,3818.4,3818.4,-8467.64,814.316,1218.26,-941.721,710.197,2371.4,3779.65,3779.65,6398,8069.82,8521.24,16551.9,-8924.26,4533.1,-6394.56,1782.91,4530.59,8363.9,4904.07,4902.26,-1782.59,-8060.41,-8511.03,3552.49,3594.09,2529.42,2936.57,2394.86,2597.21,2024.61,2024.61,437.937,764.226,-1902.17,-2147,3681.64,-8064.72,-8064.72,-8515.84,-8515.84,-1503.39,-1503.39,86.4985,334.53,1196.03,1196.03,4999.02,4999.02,-4763.47,-4763.47,1207.68,-138.78,2761.22,-3317.92,13947.6,-14574.2,-16213.4,10899.2,-2758.17,2983.47,1893.88,-2601.91,125.21,125.21,889.868,889.868,-264.349,348.021,-2157.43,-357.801,54.5642,54.5642,1767.33,585.519,2305.37,1712.98,139.974,139.974,210.614,210.696,1958.87,1958.87,2124.38,1097.48,1587.49,849.321,423.46,161.172,161.172,-60.5433,-68.2444,0,-674.877,-750.587,0,-24.4627,871.868,871.868,59.9984,286.671,-399.898,-401.992,81.795,-500.152,-488.292,1478.44,-2603.17,-6261.71,-1197.16,-482.568,-482.568,232.648,1966.74,1966.74,906.003,899.472,1.47565e-06,0,819.223,819.223,0,1.07052e-06,0,1190.81,0,-862.5,0,1.38782e-08,2.72759e-08,-1089.54,-884.753,-884.753,0,-208.49,-208.49,1.88307e-08,0,1273.36,1994.5,1994.5,1994.5,2399.87,0,0,0,461.41,461.41,461.41,0,-801.69,-260.567,-260.567,-103.658,1.20271e-06,-51.8319,-51.8319,1.52637e-10,1.20479e-10,-4.99916e-10,8.05245e-09,81.0604,80.4582,118.733,0,3.86869e-10,0,-3142.64,-3142.64,-3142.64,0,0,0,0,3.86496e-10,2.06753e-06,2916.56,2916.56,3.45972e-07,-5244.64,-787.372,-1151.32,0,1.23476e-07,-1000.34,-2562.72,2.01083e-06,-19204.1,-10573.6,-3024.5,-2914.68,45.6968,3115.13,3115.13,2.66047e-06,-76296.9,776.546,1.00633e-05,1.03101e-05,1019.8,1639.06,4049.22,6.26102e-06,9.80898e-07,1.18171e-06,553.228,3.97359e-07,5.25658e-05,0.000101809,7262.24,0.000433651,4525.14,8.63455e-06,790.005,2003.08,1.48102e-06,1435.03,4.11067e-07,2036.94,-3473.39,3.8447e-08,8.42764e-07,-2753.69,-2753.69,7.43015e-08,64.8469,64.8469,2.74194e-06,148.133,0,4.23997e-07,-2671.04,-6389.31,0,0
2020-08-04 09:00:00 UTC,-3007.06,-890.144,3374.5,-670.626,-670.626,-102.32,1190.99,1370.5,-1618.97,-1618.97,1571.86,1311.28,-5919.41,-191.949,727.174,1296.37,2675.89,846.441,-4482.37,-608.582,450.637,-2332.76,-2332.76,-2126.32,-2895.58,-844.431,-562.013,306.13,101.616,1720.31,-599.82,-599.82,-1337.41,-737.73,-737.73,-4596.05,2523.94,2532.05,-8764.03,-8764.03,2856.59,5222.7,2717.49,1676.41,3845.6,-5381.66,-7561.34,-7617.07,-8049.66,163.188,-1330.74,-1330.74,281.393,-282.555,-401.375,305.434,305.434,-2154.77,1036.3,471.016,1351.24,-1586,-1710.41,880.1,880.1,-382.671,-503.067,442.869,442.869,414.846,2144.81,-1520.88,760.441,760.441,54.0407,54.0407,15.8875,13.274,20.0552,-71.1687,-138.558,108.443,-8.2541,-7.69791,2.24712,-31.6971,-6.0636,380.028,380.028,44.1144,44.1144,43.6931,43.6931,-747.987,-747.987,-747.987,245.677,245.677,95.5865,-183.258,-95.6756,-95.6756,126.684,126.684,-337.111,-119.806,-1675.71,0.23,0.23,-1427.28,-1427.28,-1427.28,4101.56,-1081.18,-1081.18,-1140.11,-1140.11,-0.316,343.67,343.67,-134.554,-134.554,-4810.55,-4810.55,4583.29,4583.29,0,-209.565,-2023.84,-841.245,1857.99,1857.99,-1545.72,8283.99,3630.75,-1604.65,-4751.68,-4751.68,1182.86,1182.86,-4075.23,-4075.23,435.714,1045.58,6171.1,2962.84,1983.3,1983.3,-1233.71,-1233.71,-1233.71,3081.67,3081.67,-4049.44,6.48491e-07,6.48491e-07,1463.7,-2696.83,-2696.83,3889.02,-1332.67,1091.13,0,2424.55,1110.97,-3614,-2707.99,-2707.99,-397.787,211.932,-45.146,-3023.56,-3023.56,-1805.38,865.192,865.192,8727.23,-5483.61,-8721.56,7568.44,7624.27,8056.98,-10918.4,2242.71,-2122.76,7568.44,7624.27,8056.98,-8613.48,-4549.44,-2283.39,951.376,13734.1,2266.48,11219.8,27873.6,15332.8,15332.8,1864.58,-8198.49,782.108,1854.94,733.981,-879.191,900.465,-938.391,-800.6,-877.145,945.863,967.674,951.081,-901.56,273.586,273.586,-843.288,3708.93,3708.93,-8210.12,778.51,1180.89,-915.679,697.678,2311.92,3659.1,3659.1,6247.31,7892.57,8334.06,16183.5,-8767.06,4414.67,-6244.03,1753.1,4412.28,8188.38,4801.15,4799.38,-1752.79,-7883.56,-8324.3,3465.27,3505.85,2494.22,2895.7,2338.2,2539.15,1974.27,1974.27,429.309,737.769,-1854.87,-2093.61,3649.06,-7887.69,-7887.69,-8328.9,-8328.9,-1490.71,-1490.71,83.609,323.696,1192.17,1192.17,4963.07,4963.07,-4720.54,-4720.54,1158.83,-147.301,2760.57,-3291.14,13897.3,-14278.4,-15862,10901.6,-2757.52,2888.15,1835.32,-2543.05,120.01,120.01,851.065,851.065,-247.597,330.545,-2078.37,-338.484,45.718,45.718,1690.74,567.219,2173.02,1645.24,133.803,133.803,197.8,197.877,1909.71,1909.71,2065.73,1062.31,1536.41,812.421,375.083,154.994,154.994,-69.3482,-78.1011,0,-676.509,-752.393,0,-34.1953,872.115,872.115,75.063,239.651,-394.866,-396.934,91.0641,-510.04,-497.966,1420.21,-2544.9,-6170.94,-1170.94,-471.018,-471.018,229.512,1948.6,1948.6,896.095,889.635,1.46744e-06,0,837.428,837.428,0,9.97988e-07,0,1102.14,0,-844.411,0,1.29341e-08,2.79245e-08,-1069.11,-860.153,-860.153,0,-203.862,-203.862,1.81286e-08,0,1210.56,1897.73,1897.73,1897.73,2315.18,0,0,0,439.521,439.521,439.521,0,-797.528,-262.514,-262.514,-108.075,1.14608e-06,-54.0407,-54.0407,5.60515e-11,1.32757e-11,-4.69931e-10,7.08228e-09,80.5579,79.9593,119.268,0,4.02941e-10,0,-3044.65,-3044.65,-3044.65,0,0,0,0,-7.9005e-11,1.90555e-06,2842.8,2842.8,3.4429e-07,-5049.26,-763.324,-1116.16,0,1.10437e-07,-976.567,-2477.57,1.97684e-06,-18624.9,-10268.4,-2958.68,-2848.71,45.1468,3032.47,3032.47,2.48706e-06,-73929.2,749.928,8.74919e-06,9.67489e-06,994.444,1598.31,3948.53,5.76672e-06,9.51208e-07,1.11596e-06,548.193,3.65514e-07,4.91489e-05,0.000102757,7326.97,0.000433695,4407.12,8.63287e-06,783.979,1925.01,1.4334e-06,1398.91,4.13646e-07,1970.68,-3329.62,3.81634e-08,8.29318e-07,-2687.02,-2687.02,6.65713e-08,75.1486,75.1486,2.63195e-06,102.326,0,4.04569e-07,-2604.32,-6195.15,0,0
2020-08-04 10:00:00 UTC,-3056.67,-907.276,3473.21,-714.781,-714.781,-68.1103,1231.81,1419.2,-1666.64,-1666.64,1554.11,1290.49,-5930.35,-213.121,714.477,1301.49,2681.46,848.201,-4470.13,-603.384,506.396,-2328.99,-2328.99,-2134.93,-2923.19,-852.545,-562.466,306.583,107.466,1722.63,-600.036,-600.036,-1335.58,-735.69,-735.69,-4588.3,2478.87,2486.83,-8665.58,-8665.58,2808.44,5166.25,2716.25,1675.64,3784.95,-5317.51,-7457.65,-7512.61,-7939.26,156.511,-1313.86,-1313.86,281.663,-277.262,-371.472,312.633,312.633,-2116.47,1042.64,464.034,1343,-1554.59,-1676.53,878.838,878.838,-392.674,-525.651,459.162,459.162,426.094,2152.59,-1524.21,762.103,762.103,58.1035,58.1035,16.2373,13.808,19.7373,-70.1006,-134.135,106.263,-7.98441,-7.44638,2.71079,-30.862,-4.07972,377.448,377.448,40.5334,40.5334,40.148,40.148,-743.858,-743.858,-743.858,240.813,240.813,96.9337,-178.741,-96.6509,-96.6509,123.186,123.186,-338.466,-117.996,-1674.95,0.23,0.23,-1418.69,-1418.69,-1418.69,4072.33,-1076.2,-1076.2,-1133.74,-1133.74,-0.316,341.79,341.79,-136.643,-136.643,-4784.55,-4784.55,4562.04,4562.04,0,-209.657,-2013.39,-836.397,1849.5,1849.5,-1535.06,8223.57,3604.26,-1592.6,-4724.76,-4724.76,1177.26,1177.26,-4052.97,-4052.97,435.154,1041.64,6088.48,2989.05,1967.42,1967.42,-1221.34,-1221.34,-1221.34,3044.84,3044.84,-4027.79,6.4844e-07,6.4844e-07,1449.25,-2665.07,-2665.07,3842.28,-1308.84,1082.72,0,2392.28,1109.9,-3557.95,-2675.41,-2675.41,-396.666,209.67,-46.191,-3024.13,-3024.13,-1780.82,852.879,852.879,8606.65,-5390.99,-8601.14,7464.55,7519.62,7946.38,-10745.2,2214.69,-2094.71,7464.55,7519.61,7946.38,-8511.61,-4477.33,-2189.74,979.445,13727.3,2246.51,11206,27853.8,15323.2,15323.2,1871.42,-8131.22,778.693,1862.65,735.107,-867.659,897.792,-935.477,-798.432,-874.687,945.727,967.535,950.944,-898.843,268.949,268.949,-840.633,3695.78,3695.78,-8170.45,766.555,1174.22,-912.783,701.443,2305.25,3635.28,3635.28,6257.91,7895.28,8336.93,16179.5,-8803.9,4432.31,-6254.61,1745.99,4429.91,8187.13,4800.42,4798.65,-1745.68,-7886.27,-8327.16,3451.2,3491.62,2500.75,2903.28,2337.07,2554.99,1963.73,1963.73,435.929,743.139,-1844.97,-2082.44,3660.11,-7890.4,-7890.4,-8331.77,-8331.77,-1494.41,-1494.41,82.8958,321.094,1198.04,1198.04,4978.31,4978.31,-4740.15,-4740.15,1175.29,-142.592,2778.14,-3302.99,13942.3,-14277,-15864.4,10976.8,-2775.05,2887.44,1832.72,-2551.23,118.818,118.818,847.569,847.569,-251.13,328.374,-2091.52,-337.207,47.3266,47.3266,1693.51,571.046,2159.24,1646.4,133.576,133.576,196.988,197.066,1913.18,1913.18,2066.99,1060.65,1532.58,811.36,355.422,155.596,155.596,-79.2137,-89.1615,0,-695.531,-773.45,0,-44.4056,904.449,904.449,90.8759,205.145,-399.761,-401.855,101.734,-531.586,-519.014,1421.14,-2590.71,-6212.96,-1171.36,-471.061,-471.061,229.845,1981.97,1981.97,906.185,899.653,1.52276e-06,0,879.63,879.63,0,1.0046e-06,0,1086.28,0,-852.525,0,1.43161e-08,2.89448e-08,-1078.94,-861.314,-861.314,0,-207.013,-207.013,1.82297e-08,0,1180.93,1857.23,1857.23,1857.23,2301.72,0,0,0,424.658,424.658,424.658,0,-818.78,-272.995,-272.995,-116.199,1.1857e-06,-58.1035,-58.1035,1.23699e-10,2.31161e-10,1.6214e-10,7.1721e-09,82.6846,82.0702,121.558,0,4.63246e-10,0,-3025.84,-3025.84,-3025.84,0,0,0,0,8.49209e-11,1.89443e-06,2843.98,2843.98,3.45924e-07,-4996.74,-762.951,-1115.62,0,1.06685e-07,-977.731,-2458.85,1.97818e-06,-18529.8,-10226.6,-2959.34,-2849.14,46.1919,3032.6,3032.6,2.47789e-06,-73510.1,755.414,8.71821e-06,9.63931e-06,989.134,1589.77,3927.45,5.6309e-06,9.54551e-07,1.11327e-06,540.234,3.67379e-07,4.8898e-05,0.000104924,7437.22,0.00043974,4424.7,8.66106e-06,789.967,1936.73,1.45575e-06,1420.96,4.25306e-07,1966.72,-3333.54,3.89664e-08,8.28896e-07,-2688.71,-2688.71,6.7747e-08,80.9286,80.9286,2.71007e-06,68.1132,0,4.23701e-07,-2599.2,-6163.53,0,0
2020-08-04 11:00:00 UTC,-3182.34,-946.918,3685.72,-785.135,-785.135,-41.097,1317.05,1518.88,-1755.77,-1755.77,1576.07,1295.21,-6082.82,-230.747,714.47,1343.2,2740.81,866.973,-4564.59,-613.428,567.297,-2375.05,-2375.05,-2189.36,-3023.32,-881.475,-571.023,315.14,118.475,1757.58,-612.111,-612.111,-1365.38,-753.415,-753.415,-4683.04,2502.64,2510.68,-8807.65,-8807.65,2833.35,5270.77,2782.48,1716.5,3815.58,-5357.12,-7575.92,-7631.75,-8065.18,157.465,-1334.45,-1334.45,285.361,-281.05,-374.026,319.397,319.397,-2146.64,1057.96,466.837,1370.7,-1577.31,-1701.03,903.731,903.731,-403.872,-543.519,473.695,473.695,438.371,2208.56,-1568.79,784.396,784.396,60.4745,60.4745,16.5734,14.1259,20.0446,-71.2008,-136.041,107.978,-7.79386,-7.26867,3.24555,-31.092,-3.88268,384.303,384.303,40.7684,40.7684,40.3814,40.3814,-756.512,-756.512,-756.512,240.905,240.905,99.6306,-181.526,-99.2854,-99.2854,125.024,125.024,-349.491,-120.201,-1715.77,0.23,0.23,-1449.79,-1449.79,-1449.79,4158.74,-1100.46,-1100.46,-1159.18,-1159.18,-0.316,349.74,349.74,-142.209,-142.209,-4891.85,-4891.85,4666.43,4666.43,0,-215.58,-2058.94,-854.918,1891.77,1891.77,-1567.1,8397.24,3680.39,-1625.81,-4829.63,-4829.63,1204.3,1204.3,-4143.85,-4143.85,445.876,1065.19,6187.78,3088.45,2008.05,2008.05,-1244.55,-1244.55,-1244.55,3098.22,3098.22,-4118.15,6.4847e-07,6.4847e-07,1476.33,-2711.51,-2711.51,3908.46,-1326.55,1104.07,0,2431.35,1136.81,-3611.47,-2721.48,-2721.48,-404.781,214.371,-48.547,-3107.85,-3107.85,-1809.38,865.874,865.874,8742.35,-5464.59,-8736.66,7583.04,7638.98,8072.52,-10899.2,2251.95,-2127.87,7583.04,7638.98,8072.52,-8660.43,-4541.68,-2177.9,1026.8,14088.5,2290.86,11494.9,28575,15720.4,15720.4,1929.11,-8299.06,799.867,1920.15,751.823,-884.864,919.856,-957.839,-818.348,-896.322,970.79,993.176,976.146,-920.651,272.82,272.82,-860.804,3785.61,3785.61,-8363.62,779.89,1201.05,-934.671,719.921,2357.69,3713.57,3713.57,6433.11,8103.97,8557.29,16601.6,-9065.05,4567.99,-6429.63,1783.11,4565.44,8397.59,4923.82,4922.01,-1782.79,-8094.48,-8547,3537.65,3579.08,2561.23,2973.49,2403.26,2633.93,2010.61,2010.61,454.498,770.711,-1889.01,-2132.14,3739.4,-8098.83,-8098.83,-8551.85,-8551.86,-1525.96,-1525.96,84.9619,329.102,1223.51,1223.51,5083.59,5083.59,-4845.07,-4845.07,1228.8,-137.13,2843.77,-3374.4,14230.5,-14647,-16281.3,11246.9,-2840.53,2971.46,1883.07,-2625.32,124.066,124.066,869.987,869.987,-263.772,337.242,-2171.12,-350.46,51.6478,51.6478,1759.51,591.599,2244.75,1708.09,135.564,135.564,202.768,202.848,1966.46,1966.46,2123.05,1087.99,1570.96,836.694,355.464,161.176,161.176,-90.3143,-101.618,0,-728.849,-810.36,0,-55.2402,960.801,960.801,107.915,179.936,-414.956,-417.13,114.014,-565.682,-552.313,1476.65,-2734.93,-6410.65,-1200.21,-483.836,-483.836,233.168,2064.63,2064.63,936.49,929.74,1.64636e-06,0,949.374,949.374,0,1.06761e-06,0,1110.43,0,-881.453,0,1.41018e-08,3.39399e-08,-1117.62,-878.79,-878.79,0,-216.794,-216.794,1.79864e-08,0,1197.91,1883.56,1883.56,1883.56,2340.78,0,0,0,429.956,429.956,429.956,0,-842.256,-281.998,-281.998,-120.941,1.30485e-06,-60.4745,-60.4745,4.30707e-11,4.45873e-10,4.43748e-10,7.76073e-09,85.2306,84.5972,126.099,0,3.11312e-10,0,-3092.08,-3092.08,-3092.08,0,0,0,0,2.84331e-10,2.04358e-06,2919.75,2919.75,3.49912e-07,-5087.4,-782.641,-1144.41,0,1.12682e-07,-1004.6,-2509.59,2.02435e-06,-18950.4,-10468.1,-3032.55,-2925.3,48.548,3116.27,3116.27,2.6466e-06,-75153.9,783.275,1.00697e-05,1.02897e-05,1012.74,1627.72,4021.21,5.9689e-06,1.00676e-06,1.18648e-06,544.764,4.05064e-07,5.21636e-05,0.00011067,7684.31,0.000462135,4559.9,8.69864e-06,812.544,2011.94,1.54203e-06,1476.41,4.41834e-07,2025.99,-3460.74,4.05799e-08,8.38954e-07,-2757.62,-2757.62,7.58814e-08,84.1723,84.1723,2.96365e-06,41.0984,0,4.83727e-07,-2663.16,-6305.45,0,0
2020-08-04 12:00:00 UTC,-3404.89,-1014.05,3999.03,-869.101,-869.101,-51.1361,1432.93,1652.3,-1878.51,-1878.51,1669.65,1360.41,-6465.24,-242.534,748.14,1435.68,2900.1,917.354,-4847.84,-650.566,604.066,-2519.72,-2519.72,-2341.29,-3261.17,-951.098,-597.743,341.86,136.284,1865.24,-647.687,-647.687,-1445.86,-798.343,-798.343,-4960.4,2614.07,2622.47,-9276.23,-9276.23,2958.03,5579.75,2955.85,1823.43,3981.34,-5575.78,-7972.27,-8031.02,-8487.14,163.402,-1404.19,-1404.19,299.947,-294.888,-386.699,339.341,339.341,-2254.01,1115.12,487.081,1447.77,-1656.44,-1786.38,960.542,960.542,-432.995,-587.181,510.088,510.088,470.181,2349.28,-1663.38,831.69,831.69,65.9499,65.9499,17.6025,15.0689,21.0817,-74.9031,-142.936,113.922,-8.05565,-7.51283,3.78338,-32.6309,-3.54557,405.987,405.987,42.0582,42.0582,41.6601,41.6601,-797.868,-797.868,-797.868,248.439,248.439,106.566,-191.232,-106.069,-106.069,131.562,131.562,-376.113,-127.123,-1822.6,0.23,0.23,-1523.25,-1523.25,-1523.25,4367,-1158,-1158,-1217.26,-1217.26,-0.316,367.416,367.416,-146.373,-146.373,-5133.35,-5133.35,4893.5,4893.5,0,-225.15,-2158.49,-896.307,1983.53,1983.53,-1644.81,8818.57,3865.07,-1704.06,-5069.31,-5069.31,1262.48,1262.48,-4349.57,-4349.57,468.105,1115.74,6499.98,3230.68,2107.6,2107.6,-1304.49,-1304.49,-1304.49,3252.18,3252.18,-4323.64,6.48269e-07,6.48269e-07,1547.63,-2846.13,-2846.13,4105.4,-1389.94,1166.17,0,2556.92,1195.34,-3788.88,-2856.1,-2856.1,-421.867,225.592,-51.672,-3272.77,-3272.77,-1903.66,910.785,910.785,9197.18,-5747.18,-9190.89,7980.16,8039.03,8495.28,-11463.3,2368.63,-2237.28,7980.16,8039.03,8495.28,-9096.58,-4773.98,-2302.6,1069.77,14773.9,2404.41,12056.4,29957.4,16480.3,16480.3,2028.49,-8713.06,842.506,2018.37,785.017,-925.008,965.201,-1004.15,-859.154,-940.73,1018.25,1041.73,1023.87,-965.594,286.946,286.946,-902.484,3975.53,3975.53,-8785.38,820.123,1260.38,-979.91,753.096,2464.3,3896.75,3896.75,6773.02,8485.63,8960.32,17365.7,-9499.18,4854.23,-6769.16,1833.2,4851.35,8774.56,5144.85,5142.96,-1832.87,-8475.23,-8949.04,3699.07,3742.39,2659.07,3087.08,2505.18,2798.59,2104.68,2104.68,467.506,833.029,-1977.4,-2231.9,3863.8,-8480,-8480,-8954.36,-8954.36,-1573.17,-1573.17,91.2383,352.847,1253.74,1253.74,5233.28,5233.28,-5020,-5020,1369.37,-113.615,2923.68,-3484.67,14628.1,-15311.9,-17026,11573,-2920.25,3163.53,1999.51,-2771.34,135.676,135.676,934.192,934.192,-301.596,364.173,-2369.28,-387.078,68.5178,68.5178,1923.23,642.289,2491.8,1854.95,142.977,142.977,222.385,222.471,2077.49,2077.49,2246.3,1154.18,1664.46,907.312,403.524,174.762,174.762,-97.4724,-109.671,0,-772.005,-858.157,0,-61.0245,1036.35,1036.35,117.556,193.07,-440.656,-442.963,122.435,-603.734,-589.458,1607.12,-2981.5,-6715.02,-1255.61,-507.574,-507.574,241.144,2209.47,2209.47,1006.83,999.572,1.88624e-06,0,1036.02,1036.02,0,1.23662e-06,0,1190.92,0,-951.073,0,1.4023e-08,4.1017e-08,-1203.91,-932.618,-932.618,0,-239.056,-239.056,1.90868e-08,0,1255.34,1976.78,1976.78,1976.78,2468.56,0,0,0,453.827,453.827,453.827,0,-903.19,-304.176,-304.176,-131.89,1.53676e-06,-65.9499,-65.9499,-5.78626e-10,2.0226e-10,3.98549e-10,8.34218e-09,91.5537,90.8732,134.12,0,3.76179e-10,0,-3243.56,-3243.56,-3243.56,0,0,0,0,3.16537e-10,2.35755e-06,3073.27,3073.27,3.57548e-07,-5353.95,-828.055,-1210.81,0,1.28911e-07,-1060.32,-2635.74,2.10184e-06,-19886.3,-10986.6,-3172.12,-3068.59,51.6731,3281.48,3281.48,2.99584e-06,-78888.3,845.896,1.30219e-05,1.15523e-05,1060.13,1703.88,4209.35,6.75409e-06,1.09161e-06,1.31399e-06,551.041,4.70744e-07,5.83856e-05,0.00011689,7923.87,0.000490077,4845.1,8.75007e-06,843.281,2201.08,1.73528e-06,1602.07,4.69213e-07,2160.83,-3770.04,4.41931e-08,8.58395e-07,-2901.25,-2901.25,9.43122e-08,74.415,74.415,3.41878e-06,51.1381,0,5.94228e-07,-2793.79,-6621.74,0,0
2020-08-04 13:00:00 UTC,-3713.31,-1101.29,4339.2,-919.184,-919.184,-146.131,1543.91,1777.01,-2032.3,-2032.3,1902.87,1525.86,-7176.13,-201.29,834.396,1615.37,3179.48,1005.71,-5428.23,-735.09,544.93,-2783.47,-2783.47,-2619.61,-3635.72,-1061.83,-650.978,395.095,149.39,2077.73,-717.379,-717.379,-1600.61,-883.431,-883.431,-5515.09,2903.47,2912.8,-10349.8,-10349.8,3281.63,6279.56,3291.41,2030.4,4411.2,-6192.94,-8913.44,-8979.12,-9489.15,183.61,-1569.44,-1569.44,325.791,-329.949,-458.592,366.548,366.548,-2524.06,1215.14,536.726,1600.34,-1862.59,-2008.73,1063.44,1063.44,-472.67,-634.25,553.46,553.46,512.988,2605.16,-1837.42,918.708,918.708,70.0278,70.0278,19.1299,16.1382,23.6598,-83.994,-162.24,127.834,-8.4051,-7.83873,4.68543,-36.2526,-5.94015,452.027,452.027,50.1948,50.1948,49.7176,49.7176,-887.352,-887.352,-887.352,276.147,276.147,117.395,-215.608,-117.34,-117.34,148.704,148.704,-419.291,-142.475,-2029.38,0.023,0.023,-1663.72,-1663.72,-1663.72,4771.41,-1267.94,-1267.94,-1325.47,-1325.47,-0.032,399.984,399.984,-140.486,-140.486,-5577.9,-5577.9,5297.76,5297.76,0,-236.841,-2336.85,-971.584,2146.43,2146.43,-1796.52,9639.71,4225.02,-1854.04,-5516.45,-5516.45,1365.63,1365.63,-4730.44,-4730.44,505.617,1204.81,7202.6,3378.17,2303.45,2303.45,-1426.09,-1426.09,-1426.09,3583.23,3583.23,-4705.27,6.48448e-07,6.48448e-07,1694.43,-3139.27,-3139.27,4541.04,-1536.85,1307.77,0,2845.59,1304.1,-4191.25,-3150.28,-3150.28,-452.004,246.984,-55.04,-3556.06,-3556.06,-2124.04,1018.28,1018.28,10269,-6441.95,-10261.1,8923.31,8989.13,9499.32,-12830.6,2632.78,-2492.18,8923.31,8989.13,9499.32,-10047.8,-5327.78,-2760.98,1056.7,15862,2630.35,12971.3,32184.8,17703.9,17703.9,2173.26,-9516.9,907.969,2161.09,840.982,-991.543,1042.61,-1084.11,-929.126,-1016.88,1094.64,1119.88,1100.67,-1042.63,319.171,319.171,-973.922,4311.64,4311.64,-9540.97,900.515,1367.16,-1057.44,808.194,2642.07,4238.29,4238.29,7332.75,9072.29,9579.82,18518.2,-10100.4,5367.37,-7328.22,1876.18,5363.84,9338.31,5475.4,5473.39,-1875.82,-9060.4,-9566.92,3932.82,3978.87,2796.49,3246.63,2652.81,3086.31,2240.88,2240.88,486.388,958.171,-2105.36,-2376.33,4028.87,-9065.85,-9065.85,-9573,-9573,-1630.79,-1630.79,102.517,395.185,1281.64,1281.64,5406.97,5406.97,-5261.19,-5261.19,1649.33,-55.3325,2996.74,-3625.59,15056.8,-16335.7,-18151.4,11863.6,-2993.14,3542.19,2221.67,-3010.93,148.653,148.653,1091.16,1091.16,-390.935,431.128,-2755.24,-464,115.702,115.702,2240.94,736.58,3001.71,2125.48,170.225,170.225,280.773,280.881,2271.98,2271.98,2475.94,1289.86,1853.09,1076.59,561.966,205.553,205.553,-89.6082,-100.921,0,-830.467,-922.923,0,-49.4034,1141.34,1141.34,100.353,293.548,-477.739,-480.238,115.375,-626.835,-611.943,1834.28,-3291.7,-7086.14,-1349.21,-545.632,-545.632,258.727,2407.3,2407.3,1121.06,1112.97,2.23768e-06,0,1093.01,1093.01,0,1.60152e-06,0,1410.94,0,-1061.8,0,1.40915e-08,5.2939e-08,-1333.07,-1038.87,-1038.87,0,-272.222,-272.222,2.17388e-08,0,1404.33,2224.19,2224.19,2224.19,2746.12,0,0,0,499.099,499.099,499.099,0,-985.674,-329.591,-329.591,-140.045,1.99974e-06,-70.0278,-70.0278,4.99348e-10,1.11807e-10,4.65477e-10,1.08453e-08,100.194,99.4491,145.16,0,3.81238e-10,0,-3526.93,-3526.93,-3526.93,0,0,0,0,4.62976e-10,2.96695e-06,3338.62,3338.62,3.65297e-07,-5951.43,-927.479,-1356.19,0,1.67478e-07,-1164.81,-2888.15,2.18396e-06,-21598.7,-11914.6,-3403.5,-3298.6,55.0412,3565.71,3565.71,3.62707e-06,-85799.2,971.482,1.87605e-05,1.3626e-05,1128.73,1814.14,4481.74,8.03279e-06,1.2091e-06,1.50097e-06,545.982,5.77605e-07,6.89702e-05,0.000121171,8049.63,0.000515916,5356.21,8.72039e-06,870.367,2574.77,2.08437e-06,1835.25,4.96639e-07,2401.76,-4355.53,5.23711e-08,8.94574e-07,-3150.99,-3150.99,1.32762e-07,34.707,34.707,4.32482e-06,146.142,0,7.53992e-07,-3025.18,-7226.46,0,0
2020-08-04 14:00:00 UTC,-4028.37,-1183.74,4581.46,-882.127,-882.127,-343.362,1605.28,1840.61,-2163.92,-2163.92,2259.96,1799.27,-8130.68,-118.801,981.471,1841.53,3563.43,1127.14,-6246.9,-860.332,356.966,-3131.19,-3131.19,-2965.93,-4065.99,-1188.66,-720.025,464.142,152.97,2352.16,-810.827,-810.827,-1822.77,-1012.21,-1012.21,-6296.18,3408.89,3419.86,-12040.7,-12040.7,3839.79,7330.48,3753.16,2315.19,5142.31,-7219.48,-10424.7,-10501.5,-11098.1,226.478,-1831.06,-1831.06,366.183,-389.492,-610.023,395.27,395.27,-2974.58,1350.84,619.246,1840.64,-2206.45,-2379.63,1221.17,1221.17,-511.182,-663.62,587.401,587.401,553.849,2942.98,-2073.84,1036.92,1036.92,69.4432,69.4432,20.6848,16.7422,27.7982,-98.5302,-195.487,149.741,-9.15408,-8.53725,5.20122,-42.3139,-12.6243,518.567,518.567,67.5592,67.5592,66.9107,66.9107,-1019.73,-1019.73,-1019.73,325.901,325.901,128.753,-255.442,-130.504,-130.504,177.353,177.353,-470.628,-165.608,-2313.86,-1.6705,-1.6705,-1880.02,-1880.02,-1880.02,5390.63,-1438.54,-1438.54,-1491.44,-1491.44,2.291,452.161,452.161,-121.025,-121.025,-6250.75,-6250.75,5894.11,5894.11,0,-251.175,-2600.1,-1078.8,2384.92,2384.92,-2027.07,10901.3,4778.05,-2079.98,-6197.83,-6197.83,1521.74,1521.74,-5311.13,-5311.13,565.296,1338.73,8340.3,3500.58,2602.76,2602.76,-1611.84,-1611.84,-1611.84,4112.94,4112.94,-5287.98,6.48512e-07,6.48512e-07,1917.09,-3604.91,-3604.91,5226.09,-1785.18,1521.23,0,3307.71,1453.93,-4858.83,-3621.8,-3621.8,-499.728,273.452,-60.006,-3943.65,-3943.65,-2477.22,1190.48,1190.48,11986.4,-7587.85,-11975.7,10438.2,10515.2,11112,-15064.2,3050.19,-2894.51,10438.2,10515.2,11112,-11560.5,-6242.77,-3585.99,972.754,17342.4,2984.93,14235.4,35227.8,19368,19368,2351.53,-10784.2,1025.62,2330.72,919.004,-1089.36,1152.51,-1202.46,-1028.46,-1125.52,1195.6,1223.19,1202.2,-1153.73,375.037,375.037,-1077.69,4792.9,4792.9,-10675.8,1059.2,1518.66,-1170.13,879.419,2889.42,4764.13,4764.13,8074.85,9845.99,10396.8,20039.4,-10806.8,6051.74,-8069.37,1929.2,6047.25,10083,5912.01,5909.85,-1928.83,-9831.98,-10381.6,4230.91,4280.45,2985.42,3465.98,2853.27,3463.77,2410.89,2410.89,522.66,1130.67,-2265.09,-2556.61,4256.63,-9838.4,-9838.4,-10388.8,-10388.8,-1712.96,-1712.96,115.428,443.787,1328.48,1328.48,5661.7,5661.7,-5595.28,-5595.28,2007.74,18.4541,3104.53,-3825.59,15739.9,-17699.3,-19638.1,12266.1,-3100.67,4073.94,2529.42,-3321.97,160.929,160.929,1326.38,1326.38,-515.965,531.477,-3264.82,-570.941,184.621,184.621,2672.49,859.191,3707.66,2488.07,215.064,215.064,372.503,372.645,2532.58,2532.58,2792.49,1484.36,2123.43,1323.64,822.212,249.012,249.012,-61.6272,-69.6491,0,-885.58,-984.057,0,-14.7289,1235.61,1235.61,48.6538,496.581,-518.32,-521.028,87.502,-618.502,-603.681,2130.81,-3592.45,-7485.39,-1460.13,-596.564,-596.564,267.881,2606.05,2606.05,1247.92,1238.92,2.57496e-06,0,1069.14,1069.14,0,2.23426e-06,0,1718.02,0,-1188.62,0,1.39872e-08,6.04105e-08,-1483.78,-1176.08,-1176.08,0,-308.531,-308.531,2.55848e-08,0,1679.17,2643.32,2643.32,2643.32,3157.81,0,0,0,586.36,586.36,586.36,0,-1065.05,-347.776,-347.776,-138.876,2.68412e-06,-69.4432,-69.4432,3.76089e-11,3.26296e-10,3.76909e-10,1.41729e-08,108.296,107.492,163.322,0,8.42443e-11,0,-3946.96,-3946.96,-3946.96,0,0,0,0,1.24487e-09,3.98141e-06,3701.37,3701.37,3.41935e-07,-6876.22,-1074.14,-1570.64,0,2.47249e-07,-1302.6,-3268.88,2.16286e-06,-24151.4,-13262.7,-3712.42,-3598.75,60.0075,3956.41,3956.41,4.64153e-06,-96307.8,1145.31,2.89519e-05,1.67211e-05,1214.36,1951.78,4821.77,9.73662e-06,1.37573e-06,1.76772e-06,533.223,7.39445e-07,8.4339e-05,0.000125494,8118,0.000553072,6037.55,8.55757e-06,895.227,3072.98,2.56814e-06,2128.54,5.17843e-07,2726.74,-5145.35,6.43437e-08,9.40023e-07,-3492.08,-3492.08,1.99564e-07,-30.1597,-30.1597,5.59022e-06,343.421,0,9.33664e-07,-3333.87,-8097.77,0,0
2020-08-04 15:00:00 UTC,-4252.81,-1238.66,4638.93,-757.313,-757.313,-608.265,1589.58,1813.15,-2220.04,-2220.04,2582.06,2107.25,-8995.56,-83.2917,1159.72,1985.11,3962.73,1253.42,-6995.44,-978.602,85.9113,-3497.68,-3497.68,-3227.66,-4364.05,-1274.68,-774.72,518.837,144.258,2568.52,-892.342,-892.342,-2050.36,-1158.36,-1158.36,-7049.04,4053.85,4066.9,-13945.2,-13945.2,4537.22,8425.3,4182.01,2579.67,6033.77,-8389.42,-12173.5,-12263.2,-12960,294.224,-2125.25,-2125.25,412.368,-463.691,-843.679,404.94,404.94,-3523.05,1466.39,716.879,2125.35,-2623.9,-2829.93,1408.16,1408.16,-516.976,-627.093,572.035,572.035,558.258,3237.45,-2307.23,1153.61,1153.61,57.7671,57.7671,20.893,15.4857,32.5272,-115.133,-238.245,174.964,-10.4038,-9.70278,4.27242,-49.9138,-25.2371,583.294,583.294,94.934,94.934,94.0128,94.0128,-1152.09,-1152.09,-1152.09,385.458,385.458,132.739,-303.567,-138.344,-138.344,212.937,212.937,-507.845,-190.553,-2578.03,-7.306,-7.306,-2130.77,-2130.77,-2130.77,6092.39,-1638.28,-1638.28,-1686.43,-1686.43,10.03,520.995,520.995,-87.8414,-87.8414,-7022.06,-7022.06,6552.32,6552.32,0,-266.796,-2889.58,-1180.85,2643.21,2643.21,-2280.93,12338.5,5408.08,-2329.08,-6983.66,-6983.66,1709.28,1709.28,-5986.17,-5986.17,652.538,1498.03,9685.83,3511.69,2937.75,2937.75,-1814.41,-1814.41,-1814.41,4733.21,4733.21,-5965.11,6.48514e-07,6.48514e-07,2157.48,-4142.42,-4142.42,6003.99,-2087.28,1755.92,0,3844.9,1602.83,-5665.83,-4174.62,-4174.62,-563.945,281.22,-69.835,-4331.39,-4331.39,-2888.59,1387.34,1387.34,13973.8,-8954.35,-13959.3,12191.9,12281.9,12979,-17701.5,3533.37,-3348.34,12191.9,12281.9,12979,-13313.6,-7344.33,-4629.71,820.03,18807.7,3397.9,15507.1,38233,20995.5,20995.5,2507.79,-12290.5,1201.92,2466.56,992.001,-1199.96,1265.01,-1336.98,-1130.13,-1238.22,1287.63,1317.35,1294.73,-1272.35,446.129,446.129,-1190.48,5301.03,5301.03,-11967.6,1302.05,1662.29,-1292.81,937.504,3131.48,5373.37,5373.37,8793.91,10564.9,11156,21437.1,-11342,6742.49,-8787.41,1951.53,6736.92,10761.9,6310.06,6307.75,-1951.14,-10548.8,-11138.5,4499.59,4552.27,3152.35,3659.79,3015.34,3839.61,2569.74,2569.74,536.738,1316,-2414.34,-2725.06,4465.35,-10556.2,-10556.2,-11146.8,-11146.8,-1783.75,-1783.75,130.318,499.614,1358.23,1358.23,5870.58,5870.58,-5905.52,-5905.52,2386.29,99.6128,3187.24,-4001.9,16276.3,-18921.7,-20998.3,12585.3,-3183.17,4604.86,2833.13,-3621.75,168.979,168.979,1571.21,1571.21,-656.663,635.555,-3792.86,-683.27,264.075,264.075,3116.93,985.374,4437.08,2852.99,263.849,263.849,469.698,469.875,2790.05,2790.05,3110.24,1683.66,2402.27,1579.53,1120.18,292.773,292.773,-17.1468,-19.8828,0,-913.158,-1014.74,0,37.2001,1282.06,1282.06,-29.7783,766.417,-553.28,-556.167,41.8598,-576.654,-562.683,2428.09,-3784.92,-7746.68,-1533.11,-645.442,-645.442,243.071,2745.74,2745.74,1356.01,1346.23,2.78609e-06,0,960.555,960.555,0,2.95597e-06,0,1895.72,0,-1274.63,0,1.4077e-08,5.59527e-08,-1599.5,-1284.26,-1284.26,0,-331.52,-331.52,2.97261e-08,0,2064.49,3163.03,3163.03,3163.03,3571.52,0,0,0,725.58,725.58,725.58,0,-1075.25,-334.356,-334.356,-115.527,3.40825e-06,-57.7671,-57.7671,-5.68192e-10,1.67427e-09,-1.95904e-10,1.93399e-08,108.911,108.102,191.855,0,3.27431e-10,0,-4399.17,-4399.17,-4399.17,0,0,0,0,2.69653e-09,5.25828e-06,4062.93,4062.93,2.58798e-07,-7908.71,-1225.56,-1792.04,0,3.80725e-07,-1423.27,-3685.31,1.91814e-06,-26983.2,-14687,-3992.02,-3864.57,69.837,4350.87,4350.87,5.85014e-06,-108369,1333.45,4.23259e-05,2.00205e-05,1294.38,2080.38,5139.47,1.15152e-05,1.54242e-06,2.02233e-06,522.26,9.01627e-07,9.96752e-05,0.000129026,8178.71,0.00058349,6724.88,8.3916e-06,908.38,3592.1,3.11709e-06,2430.36,5.32244e-07,3039.91,-5949.56,8.5035e-08,9.93792e-07,-3830.8,-3830.8,2.88456e-07,-108.324,-108.324,6.87653e-06,608.447,0,1.0742e-06,-3609.01,-8991.46,0,0
2020-08-04 16:00:00 UTC,-4395.16,-1269.71,4571.43,-601.379,-601.379,-835.954,1530.71,1737.59,-2224.18,-2224.18,2853.71,2393.39,-9704.08,-55.9457,1329.67,2085.78,4313.75,1364.43,-7622.32,-1079.28,-159.532,-3822.2,-3822.2,-3460.35,-4582.51,-1338.6,-826.555,570.672,121.92,2772.32,-968.847,-968.847,-2254.54,-1286.1,-1286.1,-7716.17,4570.28,4585,-15510.5,-15510.5,5106.93,9348.35,4536.43,2798.25,6779.08,-9512.57,-13610.3,-13710.5,-14489.7,327.323,-2367.72,-2367.72,414.848,-516.41,-950.732,430.485,430.485,-3942.36,1594.47,797.647,2348.13,-2974.05,-3207.64,1550.11,1550.11,-517.964,-591.66,554.812,554.812,557.77,3477.84,-2490.96,1245.48,1245.48,48.3367,48.3367,20.7926,14.0282,36.7176,-129.696,-267.114,188.382,-10.4576,-9.75292,4.74252,-53.995,-37.2355,632.984,632.984,120.517,120.517,119.34,119.34,-1264.76,-1264.76,-1264.76,439.675,439.675,137.258,-332.986,-144.016,-144.016,235.416,235.416,-526.733,-206.443,-2796.32,-6.1995,-6.1995,-2329.53,-2329.53,-2329.53,6674.52,-1796.04,-1796.04,-1843.83,-1843.83,8.51702,577.548,577.548,-59.2434,-59.2434,-7654.46,-7654.46,7087.85,7087.85,0,-279.044,-3123.73,-1254.9,2853.12,2853.12,-2487.16,13512.7,5922.85,-2534.95,-7628.57,-7628.57,1869.48,1869.48,-6541.13,-6541.13,734.459,1634.19,10798.9,3483.08,3214.34,3214.34,-1978.5,-1978.5,-1978.5,5244.12,5244.12,-6520.23,6.48302e-07,6.48302e-07,2344.91,-4579.76,-4579.76,6629.84,-2342.96,1938,0,4283.05,1715.2,-6348.93,-4628.63,-4628.63,-622.289,277.059,-65.503,-4637.09,-4637.09,-3220.55,1553.12,1553.12,15601.3,-10085.5,-15583.2,13633.3,13733.9,14513.5,-19876.3,3914.86,-3725.72,13633.3,13733.9,14513.5,-14760.6,-8263.33,-5503.34,678.683,19932.6,3741.75,16490.3,40526.4,22232,22232,2619.98,-13559.5,1372.74,2556.13,1048.75,-1279.11,1351.92,-1447,-1208.31,-1325.63,1355.79,1387.1,1363.27,-1366.21,510.415,510.415,-1280.76,5702.35,5702.35,-13038.7,1534.38,1768.4,-1391.15,977.918,3308.09,5881.45,5881.45,9348.15,11090.8,11711.3,22439.4,-11676.4,7300.9,-9340.8,1941.94,7294.37,11248.2,6595.23,6592.81,-1941.56,-11073,-11692,4688.74,4743.64,3270.8,3797.32,3103.81,4143.2,2689.31,2689.31,521.017,1477.21,-2526.68,-2851.85,4624.32,-11081.1,-11081.1,-11701.1,-11701.1,-1835.02,-1835.02,143.872,550.304,1372.29,1372.29,6014.36,6014.36,-6152.18,-6152.18,2708.87,170.427,3241.73,-4134.52,16643.3,-19783.9,-21970.3,12802.9,-3237.52,5024.22,3066,-3851.54,168.464,168.464,1773.28,1773.28,-780.18,720.243,-4223.58,-771.068,335.597,335.597,3458.54,1088.46,4971.27,3123.02,308.392,308.392,552.309,552.517,2991.64,2991.64,3362.29,1844.37,2626.78,1794.74,1372.17,329.46,329.46,25.0117,27.2944,0,-934.799,-1038.91,0,85.5675,1315.3,1315.3,-103.876,1000.26,-579.619,-582.64,-1.76087,-529.777,-516.793,2640.09,-3847.06,-7890.39,-1564.98,-681.224,-681.224,203.266,2832.43,2832.43,1427.43,1417.14,2.84787e-06,0,818.932,818.932,0,3.6254e-06,0,2022.6,0,-1338.55,0,1.39654e-08,4.80972e-08,-1678.95,-1386.16,-1386.16,0,-346.267,-346.267,3.52234e-08,0,2338.82,3589.41,3589.41,3589.41,3924.1,0,0,0,789.094,789.094,789.094,0,-1075.75,-320.973,-320.973,-96.6682,4.05628e-06,-48.3367,-48.3367,-2.69554e-10,1.64224e-09,7.71002e-10,2.0025e-08,108.991,108.182,202.148,0,4.71498e-11,0,-4760.66,-4760.66,-4760.66,0,0,0,0,3.65209e-09,6.45586e-06,4344.89,4344.89,1.82134e-07,-8737.09,-1346.51,-1968.88,0,5.02732e-07,-1504.11,-4021.11,1.60589e-06,-29273.7,-15811.7,-4186.6,-4057.51,65.5048,4663.7,4663.7,6.92676e-06,-118303,1497.59,5.51093e-05,2.2672e-05,1354.6,2177.18,5378.61,1.29397e-05,1.67442e-06,2.21019e-06,515.245,1.0283e-06,0.000110745,0.000131406,8218.42,0.0006047,7280.25,8.25612e-06,913.938,4014.67,3.6388e-06,2691.15,5.48229e-07,3265.3,-6556.8,1.10132e-07,1.04671e-06,-4092.1,-4092.1,3.76997e-07,-178.208,-178.208,8.11819e-06,836.297,0,1.14128e-06,-3800.51,-9666.32,0,0
2020-08-04 17:00:00 UTC,-4450.62,-1274.41,4334.93,-392.355,-392.355,-1085.35,1400.05,1577.41,-2162.62,-2162.62,3091.22,2675.49,-10285.2,-27.3264,1502,2143.09,4624.01,1462.55,-8161.14,-1169.58,-449.147,-4143.63,-4143.63,-3604.92,-4692.87,-1370.53,-860.748,604.865,98.9983,2906.03,-1023,-1023,-2428.39,-1405.86,-1405.86,-8278.42,5181.49,5198.18,-17129.4,-17129.4,5771.09,10191.9,4835.25,2982.54,7632.86,-10583,-15109.8,-15221,-16086.2,396.111,-2619.13,-2619.13,459.775,-583.854,-1107.84,434.443,434.443,-4426.74,1699.64,895.471,2600.69,-3336.17,-3598.29,1704.75,1704.75,-508.038,-532.041,520.04,520.04,545.033,3669.92,-2664.89,1332.44,1332.44,34.1019,34.1019,20.7058,12.6375,40.7509,-143.675,-304.65,209.347,-11.5264,-10.7497,3.38561,-60.5475,-48.7543,685.439,685.439,145.097,145.097,143.673,143.673,-1372.98,-1372.98,-1372.98,498.591,498.591,135.974,-374.523,-147.225,-147.225,266.152,266.152,-544.751,-226.517,-2980.33,-9.328,-9.328,-2529.11,-2529.11,-2529.11,7243.32,-1954.36,-1954.36,-1998.97,-1998.97,12.8121,634.813,634.813,-24.3992,-24.3992,-8265.73,-8265.73,7596.82,7596.82,0,-288.867,-3349.87,-1331.44,3051.08,3051.08,-2690.9,14676.1,6432.86,-2735.51,-8255.07,-8255.07,2019.18,2019.18,-7078.8,-7078.8,806.668,1760.12,11957.4,3386.65,3486.7,3486.7,-2145.31,-2145.31,-2145.31,5772.06,5772.06,-7059.29,6.48215e-07,6.48215e-07,2543.97,-5035.62,-5035.62,7288.39,-2615.45,2124.3,0,4742.25,1819.22,-7060.65,-5098.32,-5098.32,-674.94,278.062,-70.13,-4917.59,-4917.59,-3572.5,1721.81,1721.81,17302.3,-11286.2,-17280,15138.2,15249.8,16115.5,-22172.7,4324.11,-4106.33,15138.2,15249.8,16115.5,-16247.4,-9228.87,-6490.5,486.135,20917.6,4083.89,17371.4,42561.4,23326.9,23326.9,2703.9,-14804.7,1519.05,2620.27,1100.36,-1358.4,1433.99,-1548.25,-1281.84,-1407.67,1414.86,1447.55,1422.66,-1453.83,574.18,574.18,-1364.82,6084.08,6084.08,-14052.1,1752.77,1873.89,-1482.68,1012.68,3474.06,6374.37,6374.37,9841.82,11535.3,12180.7,23271.2,-11888.2,7820.88,-9833.67,1910.86,7813.39,11646.8,6828.92,6826.42,-1910.49,-11516.1,-12159.8,4830.92,4887.49,3368.63,3910.91,3169.51,4425.68,2779.43,2779.43,508.402,1631.29,-2611.34,-2947.41,4756.65,-11524.9,-11524.9,-12169.7,-12169.7,-1874.54,-1874.54,155.946,595.387,1379.11,1379.11,6121.17,6121.17,-6363.27,-6363.27,3021.7,243.017,3281.44,-4242.5,16914.8,-20498.9,-22777,12963.3,-3277.13,5427.64,3281.41,-4056.55,158.875,158.875,1982,1982,-903.151,806.575,-4627.35,-850.821,409.727,409.727,3760.88,1182.81,5439.14,3351.16,359.797,359.797,642.452,642.693,3178.62,3178.62,3602.47,2002.6,2846.35,2018.94,1634,367.528,367.528,72.6214,80.5776,0,-957.887,-1064.75,0,139.955,1343.87,1343.87,-187.512,1257.05,-599.115,-602.235,-51.1148,-465.649,-454.043,2804.6,-3803.68,-7915.84,-1598.68,-712.376,-712.376,174.593,2862.52,2862.52,1485.77,1475.05,2.8076e-06,0,624.001,624.001,0,4.20255e-06,0,2107.42,0,-1370.48,0,1.56812e-08,3.84021e-08,-1721.27,-1453.02,-1453.02,0,-351.902,-351.902,3.76621e-08,0,2697.94,4044.08,4044.08,4044.08,4262.76,0,0,0,937.74,937.74,937.74,0,-1053.09,-295.694,-295.694,-68.2012,4.75903e-06,-34.1019,-34.1019,7.01248e-10,2.0953e-09,2.42293e-10,2.54014e-08,105.729,104.944,219.245,0,-1.04543e-10,0,-5114.68,-5114.68,-5114.68,0,0,0,0,5.90507e-09,7.71111e-06,4605.36,4605.36,8.87462e-08,-9589.64,-1465.26,-2142.49,0,6.87692e-07,-1578.78,-4354.97,1.19402e-06,-31482.6,-16885.3,-4364.22,-4224.61,70.1322,4950.2,4950.2,7.99891e-06,-127910,1654.3,6.8541e-05,2.50417e-05,1399.99,2250.14,5558.85,1.40504e-05,1.78563e-06,2.36504e-06,499.461,1.13537e-06,0.000120337,0.000133138,8246.46,0.000620596,7797.19,8.06329e-06,910.863,4410.5,4.18421e-06,2948.99,5.71453e-07,3456.02,-7083.11,1.38727e-07,1.10199e-06,-4335.06,-4335.06,4.7582e-07,-252.599,-252.599,9.43593e-06,1085.92,0,1.13764e-06,-3987.4,-10338.1,0,0
2020-08-04 18:00:00 UTC,-4502.2,-1280.93,4164.64,-227.866,-227.866,-1299.02,1302.58,1456.78,-2110.83,-2110.83,3273.89,2905.16,-10753.9,-17.8969,1643.97,2178.22,4881.69,1544.03,-8588.12,-1241.36,-692.494,-4415.6,-4415.6,-3727.26,-4730.71,-1383.25,-893.327,637.444,62.9891,3032.16,-1069.75,-1069.75,-2555.2,-1485.97,-1485.97,-8744.93,5698.8,5717.18,-18490.6,-18490.6,6338.13,10904.3,5077.83,3132.13,8369.19,-11578.6,-16376.9,-16497.4,-17435.3,451.208,-2835.57,-2835.57,498.063,-640.384,-1293.88,432.141,432.141,-4839.35,1778.23,978.302,2795.31,-3646.44,-3933.03,1816.47,1816.47,-492.675,-464.756,478.715,478.715,526.378,3821.35,-2809.18,1404.59,1404.59,18.5462,18.5462,20.7061,11.5244,44.2579,-155.797,-341.7,232.98,-12.6389,-11.7873,1.8284,-67.2623,-58.51,733.488,733.488,166.094,166.094,164.46,164.46,-1467.72,-1467.72,-1467.72,556.538,556.538,133.426,-416.988,-149.587,-149.587,297.753,297.753,-556.721,-246.658,-3129.7,-12.8265,-12.8265,-2693.71,-2693.71,-2693.71,7715.83,-2080.44,-2080.44,-2127.83,-2127.83,17.6181,683.442,683.442,0.0952971,0.0952971,-8774.54,-8774.54,8023.38,8023.38,0,-299.441,-3542.43,-1397.76,3216.71,3216.71,-2859.36,15645,6857.65,-2906.75,-8774.59,-8774.59,2145.52,2145.52,-7524.9,-7524.9,865.663,1865.25,12937.7,3300.25,3715.99,3715.99,-2289.12,-2289.12,-2289.12,6220.06,6220.06,-7504.18,6.48444e-07,6.48444e-07,2716.88,-5421.98,-5421.98,7847.3,-2850.62,2274.52,0,5128.02,1903.31,-7666.25,-5494.89,-5494.89,-719.118,279.967,-73.943,-5153.39,-5153.39,-3868.04,1865.23,1865.23,18736.6,-12302.3,-18710.5,16410.3,16531.3,17469.8,-24113.1,4664.04,-4428.6,16410.3,16531.3,17469.8,-17500.7,-10045.1,-7336.25,321.694,21721.2,4370.15,18092.5,44226.2,24222.2,24222.2,2770.24,-15840.9,1632.46,2671.47,1143,-1422.43,1502.44,-1629.89,-1343.14,-1475.71,1463.21,1497.03,1471.28,-1525.85,627.545,627.545,-1433.52,6402.73,6402.73,-14889,1928.25,1963.37,-1557.48,1042.09,3610.39,6784.45,6784.45,10250.4,11892.5,12557.9,23938.8,-12047.3,8259.98,-10241.6,1874.98,8251.63,11960.6,7012.94,7010.38,-1874.62,-11872,-12535.7,4930.66,4988.4,3446.41,4001.22,3226.67,4664.42,2839.32,2839.32,510.61,1763.67,-2667.61,-3010.91,4860.34,-11881.4,-11881.4,-12546.2,-12546.2,-1902.44,-1902.44,165.441,630.819,1379.97,1379.97,6192.62,6192.62,-6526.17,-6526.17,3291.11,308.15,3307.47,-4322.09,17095.9,-21072.7,-23421.2,13069.2,-3303.09,5762.06,3461.85,-4227.07,152.837,152.837,2154.61,2154.61,-1010.76,879.094,-4975.55,-921.223,475.045,475.045,4034.39,1263.53,5864.28,3559.28,401.339,401.339,716.747,717.015,3334.65,3334.65,3802.3,2133.79,3029.07,2199.07,1854.01,397.772,397.772,114.032,126.929,0,-966.493,-1074.49,0,186.875,1352.59,1352.59,-259.51,1478.65,-616.375,-619.581,-94.2012,-410.952,-400.538,2961.3,-3798.87,-7918.61,-1631.02,-737.773,-737.773,156.083,2891.57,2891.57,1537.31,1526.22,2.776e-06,0,470.623,470.623,0,4.70495e-06,0,2151.14,0,-1383.2,0,1.53038e-08,2.96253e-08,-1724.84,-1516.08,-1516.08,0,-350.187,-350.187,4.23598e-08,0,2990.52,4432.73,4432.73,4432.73,4559.15,0,0,0,1039.82,1039.82,1039.82,0,-1019.07,-266.124,-266.124,-37.0916,5.36063e-06,-18.5462,-18.5462,-3.32949e-10,4.4201e-09,1.06293e-09,2.84268e-08,101.439,100.687,230.32,0,1.20781e-10,0,-5412.65,-5412.65,-5412.65,0,0,0,0,8.41034e-09,8.88873e-06,4822.32,4822.32,2.77973e-08,-10303.5,-1566.84,-2291.02,0,8.69599e-07,-1635.96,-4633.96,8.26642e-07,-33318,-17770.8,-4511.87,-4361.02,73.9455,5190.59,5190.59,8.96257e-06,-135882,1788.95,8.12202e-05,2.70636e-05,1430.15,2298.62,5678.61,1.4799e-05,1.87215e-06,2.49587e-06,478.991,1.2171e-06,0.000128653,0.000134242,8262.84,0.000631229,8233.55,7.89344e-06,904.957,4755.23,4.66957e-06,3168.98,5.87175e-07,3621.23,-7560.66,1.68436e-07,1.14883e-06,-4535.59,-4535.59,5.72691e-07,-312.184,-312.184,1.0579e-05,1299.85,0,1.16053e-06,-4144.17,-10901.6,0,0
2020-08-04 19:00:00 UTC,-4468.89,-1263.45,3868.8,-50.4552,-50.4552,-1456.92,1158.9,1284.64,-2004.21,-2004.21,3392.06,3090.52,-11026.1,-12.3887,1763.17,2172.3,5065.04,1602.01,-8859.16,-1289.51,-888.822,-4639.35,-4639.35,-3809.22,-4710.62,-1379.04,-918.404,662.521,24.0634,3128.25,-1103.76,-1103.76,-2641.21,-1538,-1538,-9070.1,6072.44,6092.02,-19422,-19422,6748.65,11364.4,5223.91,3222.22,8903.74,-12356.1,-17249.8,-17376.8,-18364.8,502.109,-2984.15,-2984.15,544.986,-684.039,-1535.98,416.509,416.509,-5143.97,1806.71,1035.71,2910.32,-3858.65,-4161.97,1874.02,1874.02,-478.963,-414.502,446.733,446.733,510.143,3907.5,-2893.48,1446.74,1446.74,7.69082,7.69082,20.729,10.8273,46.5599,-163.684,-363.513,246.067,-14.7703,-13.7751,-0.584934,-72.3356,-64.7971,763.187,763.187,179.744,179.744,177.971,177.971,-1529.62,-1529.62,-1529.62,600.196,600.196,133.158,-441.585,-150.538,-150.538,316.001,316.001,-555.182,-258.697,-3219.65,-15.068,-15.068,-2803.26,-2803.26,-2803.26,8037.67,-2161.17,-2161.17,-2213.88,-2213.88,20.6971,714.937,714.937,16.9849,16.9849,-9116.22,-9116.22,8309.34,8309.34,0,-305.84,-3671.7,-1441.23,3328.23,3328.23,-2974.04,16302.3,7145.83,-3026.75,-9123.64,-9123.64,2231.38,2231.38,-7823.99,-7823.99,904.916,1936.4,13624.4,3213.69,3874.69,3874.69,-2389.54,-2389.54,-2389.54,6532.77,6532.77,-7800.94,6.48321e-07,6.48321e-07,2836.57,-5689.8,-5689.8,8235.39,-3021.03,2372.06,0,5396.25,1954.51,-8099.77,-5769.29,-5769.29,-750.177,280.765,-81.333,-5303.38,-5303.38,-4075.23,1961.61,1961.61,19727.7,-13018.2,-19698.8,17286.9,17414.4,18403,-25471.8,4900.49,-4648.05,17286.9,17414.4,18403,-18374.1,-10621.5,-7945.68,191.534,22208.6,4568.9,18538.6,45234.8,24760.2,24760.2,2802.71,-16558.2,1711.68,2692.63,1166.96,-1467.94,1546.45,-1684.14,-1382.64,-1519.71,1490.06,1524.51,1498.28,-1572.79,665.414,665.414,-1478.52,6611.72,6611.72,-15452.4,2055.43,2022.74,-1606.51,1054.84,3692.83,7066.54,7066.54,10491.1,12093.3,12769.9,24304.7,-12082.2,8525.58,-10481.9,1844.76,8516.68,12129.1,7111.7,7109.1,-1844.41,-12072.2,-12747,4983.47,5041.83,3492.28,4054.47,3238.9,4802,2876.46,2876.46,493.751,1850.48,-2702.51,-3050.29,4936.35,-12081.8,-12081.8,-12757.8,-12757.8,-1924.17,-1924.17,172.116,655.79,1382.2,1382.2,6249.82,6249.82,-6643.71,-6643.71,3445.31,342.559,3325.52,-4381.45,17237.9,-21371,-23766.6,13141.6,-3321.09,5949.7,3550.36,-4323.15,136.835,136.835,2262.42,2262.42,-1081.87,920.605,-5161.01,-954.815,520.342,520.342,4159.13,1304.51,6041.23,3638.67,433.26,433.26,767.416,767.703,3427.11,3427.11,3922.57,2214.18,3142.97,2318.86,1997.62,417.828,417.828,147.263,164.132,0,-974.809,-1083.96,0,223.817,1355.04,1355.04,-317.444,1643.39,-622.846,-626.083,-129.08,-358.806,-349.547,3005.38,-3655.29,-7861.94,-1644.67,-751.876,-751.876,141.489,2866.17,2866.17,1559.24,1547.99,2.65113e-06,0,300.452,300.452,0,4.9785e-06,0,2150.2,0,-1378.98,0,1.50506e-08,2.04978e-08,-1707.24,-1564.12,-1564.12,0,-343.262,-343.262,4.70151e-08,0,3200.18,4704.64,4704.64,4704.64,4752.75,0,0,0,1095.26,1095.26,1095.26,0,-989.123,-243.698,-243.698,-15.3815,5.73001e-06,-7.69082,-7.69082,1.17185e-09,3.92034e-09,1.5378e-09,2.88665e-08,98.0059,97.2793,232.905,0,6.57468e-11,0,-5612.69,-5612.69,-5612.69,0,0,0,0,1.09767e-08,9.73869e-06,4954.45,4954.45,2.36012e-09,-10786.1,-1629.09,-2382.03,0,1.02231e-06,-1663.27,-4822.63,5.78641e-07,-34540.7,-18347.1,-4591.76,-4434.99,81.336,5343.69,5343.69,9.59652e-06,-141258,1877.33,8.98003e-05,2.82546e-05,1448.86,2328.69,5752.9,1.5224e-05,1.94197e-06,2.57658e-06,475.977,1.28008e-06,0.000132363,0.000134644,8252.67,0.000638609,8497.42,7.90758e-06,902.477,4939.8,4.93866e-06,3305.95,5.99418e-07,3676.19,-7762.97,1.85822e-07,1.18121e-06,-4652.25,-4652.25,6.38955e-07,-356.997,-356.997,1.13487e-05,1457.96,0,1.08104e-06,-4235.78,-11256.4,0,0
2020-08-04 20:00:00 UTC,-4428.39,-1246.14,3597.16,91.9983,91.9983,-1578.19,1025.75,1125.76,-1899.55,-1899.55,3465.61,3235.66,-11204.8,-20.6587,1859.47,2149.26,5207.64,1647.1,-9040.73,-1322.47,-1040.08,-4819.45,-4819.45,-3874.77,-4686.07,-1373.78,-938.939,683.056,-9.26005,3206.8,-1129.86,-1129.86,-2700.52,-1571.24,-1571.24,-9309.07,6334.08,6354.52,-20072.1,-20072.1,7041.96,11688.4,5321.6,3282.46,9294.37,-12950.4,-17860.2,-17991.6,-19014.6,531.127,-3089.08,-3089.08,566.143,-712.297,-1655.98,410.362,410.362,-5348.28,1838.92,1079.29,2986.34,-4010.24,-4325.53,1906.42,1906.42,-466.32,-372.383,419.351,419.351,495.352,3962.46,-2947.43,1473.72,1473.72,-0.908304,-0.908304,20.6717,10.222,48.246,-169.522,-378.437,254.338,-15.2871,-14.2571,-1.24115,-74.9757,-69.6604,784.7,784.7,190.107,190.107,188.229,188.229,-1574.58,-1574.58,-1574.58,633.553,633.553,132.537,-457.819,-150.956,-150.956,328.194,328.194,-552.094,-266.504,-3279.79,-12.2305,-12.2305,-2872.75,-2872.75,-2872.75,8267.32,-2205.77,-2205.77,-2270.18,-2270.18,16.7991,735.832,735.832,25.6225,25.6225,-9353.05,-9353.05,8509.86,8509.86,0,-311.21,-3766.33,-1474.06,3406.95,3406.95,-3056.43,16759.4,7346.23,-3120.83,-9364.24,-9364.24,2293.24,2293.24,-8028.7,-8028.7,930.596,1985.51,14122.6,3145.23,3992.14,3992.14,-2467.29,-2467.29,-2467.29,6761.4,6761.4,-8000.54,6.48556e-07,6.48556e-07,2926.55,-5885.23,-5885.23,8519.03,-3151.94,2434.47,0,5589.78,1984.34,-8423.9,-5968.17,-5968.17,-771.094,283.247,-81.724,-5401.04,-5401.04,-4223.21,2028.16,2028.16,20427.7,-13537.8,-20396.6,17899.9,18031.9,19055.6,-26449.7,5079.38,-4792,17899.9,18031.9,19055.6,-19003.9,-11039.5,-8396.11,91.9816,22524.4,4710.77,18832.2,45896.5,25113.4,25113.4,2815.92,-17064.5,1761.16,2698.55,1183.89,-1499.31,1575.62,-1720.99,-1409.42,-1549.45,1507.84,1542.7,1516.16,-1604.23,693.353,693.353,-1508.51,6754.17,6754.17,-15836.6,2142.99,2066.7,-1639.15,1063.85,3750.27,7265.37,7265.37,10646.1,12220.6,12904.3,24533.8,-12078.5,8696.92,-10636.5,1823.42,8687.65,12231.2,7171.57,7168.95,-1823.09,-12199,-12880.9,5010.03,5068.71,3525.68,4093.25,3239.04,4891.36,2896.96,2896.96,479.247,1905.04,-2721.77,-3072.04,4990.34,-12208.9,-12208.9,-12892,-12892,-1942.16,-1942.16,175.303,667.786,1389.39,1389.39,6302.54,6302.54,-6738.07,-6738.07,3541.76,363.826,3351.51,-4431.43,17382.5,-21541.1,-23978.6,13244.5,-3347.01,6065.52,3600.53,-4385.46,122.468,122.468,2332,2332,-1127.89,945.956,-5269.89,-971.878,550.957,550.957,4225.3,1326.89,6123.81,3674.19,455.75,455.75,801.921,802.22,3487.98,3487.98,4001.69,2267.03,3219.43,2395.57,2093.35,430.404,430.404,173.83,193.881,0,-976.111,-1085.64,0,252.984,1345.18,1345.18,-363.447,1771.49,-626.117,-629.37,-157.116,-315.344,-307.063,3017.37,-3506.79,-7793.79,-1655.01,-760.129,-760.129,135.298,2837.26,2837.26,1582.11,1570.7,2.56223e-06,0,161.802,161.802,0,5.13814e-06,0,2118.59,0,-1373.72,0,1.50039e-08,1.40933e-08,-1686.44,-1603.4,-1603.4,0,-336.866,-336.866,4.91863e-08,0,3332.92,4895.52,4895.52,4895.52,4893.47,0,0,0,1124.81,1124.81,1124.81,0,-961.688,-224.957,-224.957,1.81661,5.94094e-06,0.908304,0.908304,1.30918e-09,5.29904e-09,7.5648e-10,2.92723e-08,95.0738,94.3692,221.344,0,-1.09587e-10,0,-5755.96,-5755.96,-5755.96,0,0,0,0,1.14814e-08,1.03195e-05,5041.21,5041.21,9.56298e-10,-11114.5,-1659.3,-2426.19,0,1.17959e-06,-1671.61,-4954.82,4.13009e-07,-35387.2,-18740.2,-4647.33,-4484.12,81.727,5443.18,5443.18,1.00355e-05,-144978,1932.62,9.58507e-05,2.9023e-05,1459.19,2345.29,5793.91,1.54074e-05,1.99536e-06,2.6399e-06,469.795,1.3256e-06,0.000134094,0.000136345,8305.69,0.000648991,8667.62,7.96936e-06,902.864,5049.05,5.1054e-06,3400.49,6.13059e-07,3696.77,-7863.74,1.98285e-07,1.19848e-06,-4729.55,-4729.55,6.8671e-07,-386.866,-386.866,1.1833e-05,1579.41,0,9.96794e-07,-4300.3,-11497.3,0,0
2020-08-04 21:00:00 UTC,-4435.82,-1244.78,3494.42,152.8,152.8,-1652.19,969.303,1055.05,-1843.93,-1843.93,3532.84,3326.09,-11368.3,-0.648473,1916.11,2166.97,5297.89,1675.64,-9201.5,-1350.19,-1133.17,-4940.85,-4940.85,-3948.33,-4694.55,-1378.75,-959.216,703.333,-34.0226,3285.1,-1153.3,-1153.3,-2742.06,-1589.37,-1589.37,-9497.74,6482.03,6502.94,-20495,-20495,7214.83,11932.8,5407.01,3335.13,9534.94,-13380.5,-18248.3,-18382.6,-19427.9,541.186,-3159.11,-3159.11,572.673,-727.707,-1701.76,412.643,412.643,-5467.65,1869.86,1105.99,3027.1,-4105.07,-4427.84,1920.46,1920.46,-464.529,-355.878,410.204,410.204,492.813,4016.83,-2989.2,1494.6,1494.6,-4.77594,-4.77594,20.958,10.2143,49.3831,-173.536,-386.892,259.332,-15.1349,-14.1152,-0.885206,-76.1677,-71.9351,801.742,801.742,195.546,195.546,193.613,193.613,-1609.45,-1609.45,-1609.45,657.47,657.47,134.129,-467.387,-152.746,-152.746,335.235,335.235,-552.503,-271.709,-3332.38,-12.431,-12.431,-2918.45,-2918.45,-2918.45,8414.13,-2231.33,-2231.33,-2307.5,-2307.5,17.0761,748.37,748.37,23.6637,23.6637,-9508.04,-9508.04,8649.92,8649.92,0,-317.562,-3832.37,-1499.07,3462.84,3462.84,-3107.98,17060.1,7478.07,-3184.15,-9518.38,-9518.38,2334.31,2334.31,-8160.37,-8160.37,944.947,2018.27,14449.5,3123.44,4070.2,4070.2,-2523.07,-2523.07,-2523.07,6914.51,6914.51,-8127.08,6.48209e-07,6.48209e-07,2989.1,-6012.99,-6012.99,8706.01,-3241.5,2469.12,0,5714.13,2002.42,-8641.56,-6096.49,-6096.49,-784.626,288.11,-68.146,-5473.14,-5473.14,-4317.19,2071.92,2071.92,20877.3,-13872.5,-20844.9,18289.8,18424.7,19470.6,-27079.1,5190.64,-4890.62,18289.8,18424.7,19470.6,-19420,-11309.2,-8676.28,37.9741,22766.4,4805.19,19050.7,46388.1,25380.3,25380.3,2833.11,-17400.5,1795.07,2711.05,1192.1,-1527.64,1595.41,-1745.87,-1428.01,-1569.93,1523.76,1558.99,1532.17,-1625.52,713.626,713.626,-1528.61,6855.15,6855.15,-16102,2198.91,2100.76,-1661.01,1066.27,3789.37,7397.93,7397.93,10770.8,12323.1,13012.6,24714.5,-12106,8834.62,-10761.1,1806.23,8825.06,12312.2,7219.1,7216.46,-1805.9,-12301.1,-12988.8,5030.84,5089.77,3552.37,4124.23,3231.99,4970.14,2915.18,2915.18,460.731,1948.44,-2738.89,-3091.36,5040.46,-12311.2,-12311.2,-13000,-13000,-1957.1,-1957.1,179.128,682.144,1393.19,1393.19,6344.14,6344.14,-6820.63,-6820.63,3629.62,382.681,3371.23,-4473.62,17480.4,-21677.1,-24144.3,13331.2,-3366.67,6155.67,3645.05,-4436.85,116.946,116.946,2380.59,2380.59,-1161.32,964.671,-5368.55,-988.229,572.893,572.893,4296.33,1346.37,6238.63,3723.26,468.899,468.899,824.47,824.778,3536.22,3536.22,4062.01,2305.48,3275.23,2447.3,2159.53,438.968,438.968,190.176,212.184,0,-975.382,-1084.94,0,270.772,1341.22,1341.22,-391.628,1851.97,-630.474,-633.749,-174.438,-291.295,-283.555,3049.83,-3524.81,-7772.55,-1663.35,-766.512,-766.512,130.861,2840.3,2840.3,1610,1598.39,2.5667e-06,0,104.027,104.027,0,5.23906e-06,0,2155.93,0,-1378.7,0,1.48343e-08,1.27835e-08,-1674.12,-1642.55,-1642.55,0,-334.621,-334.621,5.21226e-08,0,3391.49,5010.48,5010.48,5010.48,5002.1,0,0,0,1119.02,1119.02,1119.02,0,-957.358,-218.248,-218.248,9.55192,6.10773e-06,4.77594,4.77594,2.36325e-09,4.90236e-09,6.68005e-10,2.90952e-08,94.768,94.0658,214.764,0,7.7665e-11,0,-5857.63,-5857.63,-5857.63,0,0,0,0,1.06612e-08,1.07673e-05,5105.95,5105.95,1.07308e-08,-11323.5,-1672.51,-2445.51,0,1.27481e-06,-1675.77,-5043.96,3.16235e-07,-35956.2,-19012.7,-4680.82,-4529.59,68.1482,5515.98,5515.98,1.03751e-05,-147425,1976.08,0.000100633,2.96422e-05,1468.37,2360.04,5830.35,1.55719e-05,2.04492e-06,2.69428e-06,468.985,1.37163e-06,0.000135184,0.000138255,8378.36,0.000657733,8804.39,7.99487e-06,903.261,5147.68,5.27591e-06,3483.27,6.28351e-07,3729.45,-7982.74,2.0945e-07,1.21062e-06,-4787.9,-4787.9,7.27124e-07,-406.243,-406.243,1.22173e-05,1653.53,0,9.95003e-07,-4349.04,-11662.2,0,0
2020-08-04 22:00:00 UTC,-4427.6,-1239.45,3365.31,177.299,177.299,-1687.21,892.433,962.263,-1791.87,-1791.87,3580.29,3365.11,-11443.4,47.0778,1937.68,2199.55,5317.96,1681.99,-9296.48,-1366.94,-1191.46,-5003.72,-5003.72,-3995.85,-4697.64,-1380.24,-972.751,716.868,-52.0135,3337.24,-1167.12,-1167.12,-2757.14,-1590.62,-1590.62,-9593.33,6521.37,6542.41,-20623.4,-20623.4,7273.71,12003.1,5445.23,3358.7,9635.06,-13597.5,-18343.9,-18478.8,-19529.6,536.216,-3181.53,-3181.53,578.387,-729.602,-1680.71,426.354,426.354,-5487.63,1910.19,1120.94,3034.03,-4119.01,-4442.89,1912.45,1912.45,-478.208,-376.75,427.479,427.479,507.773,4047.49,-2993.76,1496.88,1496.88,-1.6863,-1.6863,21.8686,11.2516,49.6721,-174.619,-386.109,260.189,-15.3794,-14.3432,-0.693293,-76.4231,-69.8615,811.497,811.497,192.901,192.901,190.994,190.994,-1628.91,-1628.91,-1628.91,670.11,670.11,138.001,-467.837,-155.57,-155.57,335.146,335.146,-553.936,-273.125,-3355.91,-15.208,-15.208,-2929.08,-2929.08,-2929.08,8446.9,-2230.38,-2230.38,-2316.55,-2316.55,20.8901,750.569,750.569,17.9786,17.9786,-9543.71,-9543.71,8686.44,8686.44,0,-321.017,-3851.7,-1508.42,3477.88,3477.88,-3119.43,17133.8,7510.39,-3205.59,-9551.56,-9551.56,2344.29,2344.29,-8188.58,-8188.58,943.905,2023.84,14547.1,3109.51,4093.09,4093.09,-2542.78,-2542.78,-2542.78,6962.61,6962.61,-8150.91,6.48303e-07,6.48303e-07,3017.33,-6054.83,-6054.83,8767.51,-3279.85,2463.98,0,5747.38,1997.6,-8718.24,-6135.46,-6135.46,-785.387,293.956,-68.756,-5488.1,-5488.1,-4344.52,2080.02,2080.02,20992.1,-13974.1,-20959.3,18385.8,18521.4,19572.9,-27261.3,5220.14,-4913.31,18385.8,18521.4,19572.9,-19538.3,-11389.4,-8775.55,18.68,22803,4828.84,19087,46458.7,25418.3,25418.3,2833.59,-17481.2,1791.56,2712.16,1190.33,-1544.56,1599.51,-1750.29,-1432.19,-1574.34,1525.7,1560.98,1534.12,-1629.65,717.87,717.87,-1532.26,6881.64,6881.64,-16158.1,2203.09,2114.33,-1664.96,1060.48,3798.8,7427.93,7427.93,10791.2,12332.3,13022.4,24724.9,-12089.7,8861.61,-10781.4,1796.35,8851.99,12308.1,7216.66,7214.02,-1796.02,-12310.4,-12998.5,5025.66,5084.53,3553.32,4125.35,3215.96,4983,2916.02,2916.02,447.547,1958.71,-2739.68,-3092.24,5046.72,-12320.4,-12320.4,-13009.8,-13009.8,-1957.6,-1957.6,180.098,685.773,1389.87,1389.87,6342.07,6342.07,-6839.37,-6839.37,3647.47,387.013,3358.35,-4479.3,17447.4,-21657.6,-24142,13274.9,-3353.83,6153.8,3634.43,-4443.99,107.53,107.53,2386.33,2386.33,-1170.21,964.121,-5370.55,-983.091,580.342,580.342,4276.36,1342.22,6200.27,3695.83,474.874,474.874,830.914,831.224,3545.75,3545.75,4072.75,2311.39,3287.57,2453.58,2171.2,439.72,439.72,200.598,223.862,0,-971.308,-1080.57,0,281.587,1327.13,1327.13,-409.42,1893.44,-628.494,-631.758,-185.703,-270.918,-263.652,3017.52,-3464.7,-7743.35,-1670.74,-767.436,-767.436,136.43,2833.52,2833.52,1656.3,1644.35,2.66304e-06,0,80.1313,80.1313,0,5.21199e-06,0,2235.82,0,-1380.19,0,1.47268e-08,1.09547e-08,-1671.6,-1668.62,-1668.62,0,-332.391,-332.391,5.3993e-08,0,3376.48,5022.58,5022.58,5022.58,5061.58,0,0,0,1099.58,1099.58,1099.58,0,-985.998,-228.741,-228.741,3.37261,6.07416e-06,1.6863,1.6863,1.83541e-09,6.14298e-09,7.30512e-10,2.81899e-08,97.701,96.977,211.804,0,-2.90844e-10,0,-5885.55,-5885.55,-5885.55,0,0,0,0,1.11593e-08,1.08913e-05,5117.14,5117.14,1.71428e-08,-11364,-1665.24,-2434.87,0,1.31085e-06,-1663.65,-5064.22,2.88259e-07,-36086.6,-19068.3,-4678.93,-4535.47,68.7583,5530.23,5530.23,1.0434e-05,-147964,1985.73,0.000101626,2.97387e-05,1468.79,2360.72,5832.02,1.55699e-05,2.05942e-06,2.72588e-06,469.165,1.39106e-06,0.000134601,0.000136398,8295.13,0.000652172,8831.19,8.15358e-06,905.977,5149.21,5.30175e-06,3513.2,6.4263e-07,3699.62,-7935.77,2.1059e-07,1.21025e-06,-4795.85,-4795.85,7.38371e-07,-410.468,-410.468,1.22485e-05,1688.6,0,9.41572e-07,-4361.91,-11708.7,0,0
2020-08-04 23:00:00 UTC,-4427.59,-1240.27,3402.4,113.326,113.326,-1644.04,900.758,973.003,-1774.02,-1774.02,3565.8,3311.21,-11370.1,95.681,1899.93,2232.33,5240.42,1657.47,-9246.27,-1359.08,-1154.53,-4960.6,-4960.6,-3999.92,-4698.87,-1381.61,-973.598,717.715,-52.1229,3340.59,-1163.16,-1163.16,-2725.15,-1562.58,-1562.58,-9517.83,6385.45,6406.05,-20310,-20310,7136.2,11868,5407.08,3335.18,9473.72,-13436.9,-18038.6,-18171.3,-19204.6,514.77,-3135.5,-3135.5,567.948,-713.974,-1614.67,433.364,433.364,-5380.38,1907.32,1105.1,2977.18,-4040.5,-4358.17,1871.46,1871.46,-490.3,-404.983,447.641,447.641,521.411,4027.42,-2957.48,1478.74,1478.74,3.6439,3.6439,22.4939,12.2732,48.9031,-172,-377.188,256.114,-14.9701,-13.9614,0.196599,-74.8901,-65.7262,806.838,806.838,185.286,185.286,183.456,183.456,-1616,-1616,-1616,662.38,662.38,141.603,-459.048,-157.332,-157.332,328.228,328.228,-555.183,-269.905,-3332.43,-17.0605,-17.0605,-2891.99,-2891.99,-2891.99,8342.94,-2193.62,-2193.62,-2287.37,-2287.37,23.4352,737.206,737.206,3.91836,3.91836,-9431.14,-9431.14,8603.33,8603.33,0,-321.323,-3817.2,-1502.72,3447.32,3447.32,-3084.23,16924,7418.43,-3177.97,-9432.85,-9432.85,2315.46,2315.46,-8085.19,-8085.19,922.882,1998.07,14334.7,3150.84,4049.72,4049.72,-2519.29,-2519.29,-2519.29,6871.84,6871.84,-8044.2,6.48397e-07,6.48397e-07,2996.07,-5977.71,-5977.71,8655.28,-3242.21,2410.77,0,5656.46,1971.29,-8598.31,-6051.59,-6051.59,-771.642,302.97,-70.188,-5439.54,-5439.54,-4272.38,2048.85,2048.85,20655.2,-13744.4,-20623.4,18079.1,18212.5,19246.4,-26817.8,5137.3,-4843.64,18079.1,18212.4,19246.4,-19261.6,-11205.3,-8583.65,66.4863,22661.7,4764.58,18954.7,46155,25257.1,25257.1,2826.98,-17243.6,1749.05,2712.43,1177.33,-1551.9,1586.9,-1731.86,-1421,-1561.48,1517.93,1553.03,1526.31,-1615.14,704.05,704.05,-1517.89,6823.39,6823.39,-15971.9,2144.54,2107.06,-1649.27,1047.49,3780.2,7335.27,7335.27,10711.8,12280.1,12967.2,24632.9,-12094.4,8755.16,-10702.1,1819.61,8745.77,12262.5,7189.92,7187.29,-1819.28,-12258.3,-12943.6,5016.29,5075.05,3547.85,4118.99,3198.15,4931.06,2914.15,2914.15,434.902,1922.19,-2737.92,-3090.26,5058.48,-12268.3,-12268.3,-12954.8,-12954.8,-1962.18,-1962.18,179.967,685.446,1393.33,1393.33,6357.13,6357.13,-6841.69,-6841.69,3577.13,364.313,3351.72,-4485.22,17467,-21559.8,-24042.9,13240.4,-3347.22,6064.55,3587.08,-4408.48,109.862,109.862,2335.58,2335.58,-1135.02,942.418,-5271.41,-959.936,559.765,559.765,4199.55,1317.3,6095.64,3639.62,462.305,462.305,807.275,807.576,3511.77,3511.77,4025.95,2278.11,3244.45,2397.12,2112.28,429.834,429.834,193.947,216.429,0,-958.156,-1065.97,0,273.357,1306.6,1306.6,-397.121,1852.46,-622.243,-625.475,-179.077,-276.629,-269.26,2977.99,-3454.52,-7770.74,-1679.58,-763.687,-763.687,152.83,2833.93,2833.93,1678.4,1666.3,2.7899e-06,0,143.695,143.695,0,5.00668e-06,0,2317.04,0,-1381.55,0,1.58646e-08,9.7389e-09,-1665.88,-1670.29,-1670.29,0,-332.759,-332.759,5.46966e-08,0,3275.31,4919.28,4919.28,4919.28,5020.23,0,0,0,1053.6,1053.6,1053.6,0,-1011.73,-242.123,-242.123,-7.28777,5.83878e-06,-3.6439,-3.6439,2.02189e-09,3.6725e-09,7.80799e-10,2.68807e-08,100.796,100.049,205.384,0,-9.63441e-11,0,-5828.51,-5828.51,-5828.51,0,0,0,0,1.09211e-08,1.06424e-05,5070.6,5070.6,5.65864e-09,-11184.6,-1624.47,-2375.26,0,1.24221e-06,-1638.83,-5000.67,3.47443e-07,-35697.9,-18888.2,-4647.38,-4514.87,70.1903,5479.36,5479.36,1.0236e-05,-146171,1947.83,9.90503e-05,2.94984e-05,1467.85,2359.2,5828.28,1.54953e-05,2.08477e-06,2.75538e-06,491.227,1.41147e-06,0.000132542,0.000134477,8197.02,0.000648886,8725.46,8.28036e-06,914.763,5051.12,5.1786e-06,3466.12,6.53669e-07,3657.94,-7803.96,1.98958e-07,1.20395e-06,-4751.12,-4751.12,7.14033e-07,-392.9,-392.9,1.17832e-05,1645.36,0,9.27616e-07,-4339.26,-11608.2,0,0
2020-08-05 00:00:00 UTC,-4304.23,-1207.11,3408.15,19.7282,19.7282,-1486.51,927.168,1009.71,-1728.33,-1728.33,3442.01,3121.13,-10925.2,166.653,1778.22,2225.93,4964.09,1570.09,-8889.1,-1305.34,-1014.71,-4752.3,-4752.3,-3862.82,-4549.36,-1339.54,-944.165,688.282,-44.0683,3224.44,-1119.13,-1119.13,-2601.2,-1482.62,-1482.62,-9105.36,6029.48,6048.92,-19302.7,-19302.7,6754.22,11326.8,5190.12,3201.38,8990.04,-12781.3,-17111.2,-17237.2,-18217.2,474.518,-2982.02,-2982.02,539.688,-673.452,-1485.95,428.502,428.502,-5085.99,1847.49,1054.28,2822.64,-3820.11,-4120.4,1767.79,1767.79,-489.301,-425.553,457.427,457.427,521.252,3876.41,-2833.04,1416.52,1416.52,9.71543,9.71543,22.5228,13.0964,46.4175,-163.425,-355.444,243.968,-14.5653,-13.5839,0.646303,-71.301,-58.7353,776.374,776.374,170.27,170.27,168.589,168.589,-1549.33,-1549.33,-1549.33,631.425,631.425,141.536,-435.249,-154.47,-154.47,310.422,310.422,-541.004,-258.156,-3198.85,-11.0915,-11.0915,-2769.35,-2769.35,-2769.35,8010.57,-2092.86,-2092.86,-2191.99,-2191.99,15.2351,700.485,700.485,-20.7362,-20.7362,-9067.37,-9067.37,8307.8,8307.8,0,-316.037,-3688.91,-1465.36,3333.9,3333.9,-2967.99,16233.5,7115.67,-3067.11,-9058.31,-9058.31,2224.47,2224.47,-7761.27,-7761.27,872.796,1920.06,13638.9,3229.82,3893.92,3893.92,-2424.92,-2424.92,-2424.92,6560.12,6560.12,-7717.93,6.48407e-07,6.48407e-07,2892.2,-5713.63,-5713.63,8269.46,-3091.59,2279.89,0,5374.67,1900.59,-8181.57,-5776.05,-5776.05,-735.773,310.96,-69.169,-5263.53,-5263.53,-4054.1,1947.69,1947.69,19612.3,-13016.3,-19583.7,17147.7,17274.2,18254.8,-25422.3,4884.1,-4616.91,17147.7,17274.2,18254.8,-18365.2,-10619.5,-7983.45,193.546,22114.6,4557.15,18459.4,45021.6,24649.5,24649.5,2782.62,-16486.1,1643.76,2683.5,1144.73,-1531.68,1540.74,-1671.37,-1379.09,-1514.53,1486.1,1520.46,1494.3,-1564.58,663.234,663.234,-1469.14,6604.31,6604.31,-15358.6,1994.23,2055.34,-1596.16,1021.3,3701.1,7036.39,7036.39,10399.5,12054.7,12729.2,24249.3,-12019.5,8369.09,-10390.4,1891.94,8360.51,12077.7,7081.58,7078.99,-1891.57,-12033.8,-12706.5,4970.37,5028.59,3508.21,4072.96,3187.61,4720.09,2881.82,2881.82,449.651,1796.75,-2707.54,-3055.98,5008.81,-12043.4,-12043.4,-12717.2,-12717.2,-1953.7,-1953.7,171.602,654.51,1404.3,1404.3,6346.64,6346.64,-6740.09,-6740.09,3309.29,293.072,3332.56,-4447.15,17413.8,-21190.3,-23661.1,13139.7,-3328.1,5771.38,3426.85,-4270.55,112.614,112.614,2179.76,2179.76,-1024.47,875.459,-4926.35,-887.065,493.668,493.668,3925.09,1234.86,5665.61,3431.33,426.497,426.497,739.013,739.29,3383.87,3383.87,3859.62,2166.95,3094.38,2228.15,1919.24,400.723,400.723,165.804,184.945,0,-936.069,-1041.41,0,240.495,1267.55,1267.55,-347.211,1689.84,-599.133,-602.247,-150.205,-302.314,-294.422,2816.98,-3358.84,-7794.79,-1677.22,-747.817,-747.817,182.306,2755.67,2755.67,1617.96,1606.3,2.72312e-06,0,231.458,231.458,0,4.40187e-06,0,2381.82,0,-1339.49,0,1.48373e-08,1.2868e-08,-1601.14,-1612.22,-1612.22,0,-322.073,-322.073,5.28797e-08,0,3059.59,4642.38,4642.38,4642.38,4811.6,0,0,0,983.986,983.986,983.986,0,-1010.57,-250.329,-250.329,-19.4307,5.18072e-06,-9.71543,-9.71543,1.37498e-09,4.63836e-09,-1.13518e-09,2.20685e-08,101.244,100.493,187.009,-1.42034e-10,3.42695e-11,0,-5622.89,-5622.89,-5622.89,0,0,0,0,9.03351e-09,9.70071e-06,4903.95,4903.95,2.83048e-09,-10651.4,-1533.6,-2242.4,0,1.05538e-06,-1584.64,-4797.84,5.66878e-07,-34398.9,-18265.8,-4550.9,-4425.42,69.1712,5298.85,5298.85,9.51486e-06,-140412,1820.15,8.91444e-05,2.83503e-05,1451.56,2333.03,5763.62,1.50787e-05,2.06506e-06,2.76225e-06,523.169,1.4045e-06,0.000127805,0.000131099,8041.04,0.000639023,8341.95,8.53762e-06,933.811,4708.76,4.69703e-06,3263.57,6.49403e-07,3506.02,-7325.42,1.64026e-07,1.16809e-06,-4592.74,-4592.74,6.19013e-07,-336.965,-336.965,1.04451e-05,1487.59,0,8.5211e-07,-4240.08,-11238.6,0,0
2020-08-05 01:00:00 UTC,-4144.91,-1166.57,3477.26,-127.02,-127.02,-1250.51,996.819,1098.88,-1706.6,-1706.6,3241.3,2846.39,-10281.8,223.772,1605.7,2193,4592.07,1452.45,-8355.12,-1221.63,-786.512,-4391.97,-4391.97,-3658.75,-4352.38,-1283.41,-898.71,642.827,-24.5578,3045.7,-1053.2,-1053.2,-2422.9,-1370.17,-1370.17,-8494.88,5479.01,5496.67,-17747.1,-17747.1,6160.95,10461.6,4869.31,3003.55,8234.86,-11759.7,-15661.3,-15776.6,-16673.5,411.901,-2740.91,-2740.91,504.086,-610.02,-1264.86,432.33,432.33,-4621.31,1774.45,974.171,2601.05,-3464.9,-3737.17,1626.39,1626.39,-501.179,-486.424,493.802,493.802,536.05,3663.66,-2646.53,1323.26,1323.26,24.1604,24.1604,23.002,14.9519,42.4618,-149.682,-318.327,223.427,-13.8579,-12.9241,1.50331,-65.1903,-46.1691,727.689,727.689,144.258,144.258,142.838,142.838,-1447.66,-1447.66,-1447.66,580.542,580.542,142.001,-394.836,-150.924,-150.924,280.109,280.109,-519.955,-238.384,-3001.32,-5.9705,-5.9705,-2574.03,-2574.03,-2574.03,7457.08,-1940.68,-1940.68,-2037.21,-2037.21,8.19902,640.565,640.565,-48.7176,-48.7176,-8459.29,-8459.29,7800.29,7800.29,0,-302.044,-3462.89,-1394.49,3137.74,3137.74,-2773.87,15097.9,6617.81,-2870.39,-8438,-8438,2069.2,2069.2,-7225.54,-7225.54,793.628,1789.9,12517.4,3305.16,3629.2,3629.2,-2262.23,-2262.23,-2262.23,6048.93,6048.93,-7183.33,6.48452e-07,6.48452e-07,2711.15,-5280.88,-5280.88,7643.83,-2836.46,2091.14,0,4930.36,1791.96,-7496.35,-5327.66,-5327.66,-678.262,317.55,-70.668,-4975.54,-4975.54,-3714.25,1785.02,1785.02,17970.7,-11865.4,-17946.7,15691.8,15807.6,16705,-23218.1,4490.2,-4249.51,15691.8,15807.6,16705,-16919,-9687.14,-7064.58,363.702,21119.7,4216.99,17576.3,42982.9,23554,23554,2693.95,-15241,1475.52,2618.26,1094.67,-1466.43,1460.99,-1567.81,-1306.33,-1433.24,1427.4,1460.39,1435.28,-1477.56,597.827,597.827,-1385.52,6228.65,6228.65,-14332.9,1757.54,1958.39,-1505.1,984.752,3548.96,6539.98,6539.98,9881,11616,12266,23447,-11804.7,7794.68,-9872.79,1951.24,7787.24,11697.1,6858.45,6855.94,-1950.85,-11596.6,-12244.8,4849.66,4906.46,3414.68,3964.36,3131.72,4405.9,2805.34,2805.34,460.264,1622.33,-2635.69,-2974.88,4897.33,-11605.5,-11605.5,-12254.8,-12254.8,-1920.61,-1920.61,160.943,614.851,1398.12,1398.12,6256.75,6256.75,-6531.34,-6531.34,2945.69,201.727,3282.62,-4345.72,17144.4,-20487.4,-22880.9,12936.1,-3278.3,5347.08,3198.34,-4048.02,119.621,119.621,1963.35,1963.35,-879.369,785.365,-4459.59,-794.065,407.145,407.145,3562.42,1124.15,5095.08,3155.28,375.64,375.64,645.392,645.634,3184.42,3184.42,3606.92,2003.21,2868.72,1993.07,1654.56,360.357,360.357,125.326,139.659,0,-901.448,-1002.83,0,193.005,1216.47,1216.47,-275.181,1445.18,-569.194,-572.155,-108.778,-343.129,-334.39,2605.73,-3290.21,-7752.28,-1659.23,-718.127,-718.127,223.839,2655.74,2655.74,1521.6,1510.63,2.608e-06,0,367.809,367.809,0,3.67111e-06,0,2406.6,0,-1283.37,0,1.46508e-08,1.81597e-08,-1520.24,-1522.85,-1522.85,0,-309.106,-309.106,4.8029e-08,0,2727.58,4196.44,4196.44,4196.44,4492.82,0,0,0,875.606,875.606,875.606,0,-1037.25,-276.341,-276.341,-48.3195,4.33177e-06,-24.1604,-24.1604,1.20894e-09,3.71665e-09,9.48423e-10,1.922e-08,104.372,103.598,169.942,-2.48426e-12,-2.12282e-11,0,-5274.2,-5274.2,-5274.2,0,0,0,0,6.54055e-09,8.22705e-06,4634.73,4634.73,4.1208e-08,-9820.71,-1409.35,-2060.74,0,8.15939e-07,-1507.89,-4468.62,9.60782e-07,-32216.4,-17212.6,-4380.82,-4259.96,70.6702,5004.33,5004.33,8.30512e-06,-130840,1642.88,7.28386e-05,2.59381e-05,1413.04,2271.11,5610.66,1.41065e-05,1.98331e-06,2.63889e-06,564.296,1.31791e-06,0.000118239,0.000127489,7916.64,0.000618817,7771.14,8.77458e-06,940.104,4247.78,4.05535e-06,2967.72,6.26783e-07,3295.47,-6691.87,1.28108e-07,1.11576e-06,-4339.99,-4339.99,4.91406e-07,-260.86,-260.86,8.83046e-06,1251.28,0,7.86416e-07,-4067.26,-10615.8,0,0
2020-08-05 02:00:00 UTC,-4039.35,-1145.52,3618.46,-302.931,-302.931,-1007.85,1088.66,1214.58,-1765.23,-1765.23,3004.9,2551.96,-9639.68,219.44,1424.08,2134.26,4240.89,1341.39,-7785.39,-1128.29,-521.572,-4024.75,-4024.75,-3447.34,-4196.19,-1237.1,-848.608,592.725,9.41003,2849.81,-983.842,-983.842,-2246.88,-1263.44,-1263.44,-7864.65,4898.66,4914.44,-16117.5,-16117.5,5525.62,9548.44,4542.65,2802.1,7411.02,-10606.6,-14144.8,-14248.9,-15058.8,350.438,-2484.7,-2484.7,468.918,-544.494,-1040.53,435.37,435.37,-4137.03,1689.79,883.902,2383.41,-3092.26,-3335.16,1499.1,1499.1,-514.577,-554.549,534.563,534.563,552.721,3452.24,-2459.74,1229.87,1229.87,40.061,40.061,23.2707,16.6201,38.2654,-135.044,-279.643,201.572,-12.8644,-11.9975,2.56142,-58.5585,-33.6214,673.578,673.578,117.829,117.829,116.673,116.673,-1336.39,-1336.39,-1336.39,519.849,519.849,141.477,-352.286,-146.912,-146.912,248.325,248.325,-501.273,-217.254,-2800.16,-1.7215,-1.7215,-2364.79,-2364.79,-2364.79,6856.48,-1781.18,-1781.18,-1871.1,-1871.1,2.363,579.367,579.367,-74.1648,-74.1648,-7800.84,-7800.84,7241.66,7241.66,0,-286.379,-3215.26,-1315.75,2919.74,2919.74,-2561.96,13871.1,6079.94,-2651.87,-7768.42,-7768.42,1900.2,1900.2,-6648.33,-6648.33,708.412,1647.59,11322.4,3359.71,3339.02,3339.02,-2084.26,-2084.26,-2084.26,5499.37,5499.37,-6609.01,6.48427e-07,6.48427e-07,2505.25,-4813.16,-4813.16,6969.52,-2554.52,1905.42,0,4462.25,1680.57,-6756.2,-4845.09,-4845.09,-616.52,322.269,-70.842,-4672.87,-4672.87,-3358.06,1613.06,1613.06,16245.1,-10649.3,-16225.5,14169.6,14274.2,15084.5,-20891.6,4075.29,-3859.56,14169.6,14274.1,15084.4,-15377.2,-8699.26,-6106.5,528.056,19997.6,3852.43,16588.5,40681.1,22316.3,22316.3,2593.76,-13907,1297.54,2542.31,1036.43,-1384.99,1372.55,-1454.12,-1225.57,-1343.17,1360.89,1392.32,1368.4,-1381.45,529.146,529.146,-1293.37,5820.67,5820.67,-13228.8,1508.04,1848.29,-1404.77,942.669,3366.85,6005.95,6005.95,9329.24,11097.3,11718.2,22470.4,-11518.2,7235.36,-9321.92,1965.27,7228.94,11225.3,6581.8,6579.39,-1964.88,-11079.5,-11698.9,4673.71,4728.45,3296.69,3827.36,3048.48,4097.65,2694.4,2694.4,473.938,1464.77,-2531.46,-2857.25,4734.06,-11087.6,-11087.6,-11708,-11708,-1868.9,-1868.9,147.416,564.225,1383.44,1383.44,6111.22,6111.22,-6280.75,-6280.75,2615.82,128.809,3218.01,-4211.18,16762.3,-19649.2,-21929.6,12669.7,-3213.86,4924.01,2968.95,-3816.82,125.543,125.543,1754.61,1754.61,-757.117,700.376,-4036.11,-711.964,334.026,334.026,3231.3,1025.72,4569.57,2897.36,328.037,328.037,557.6,557.81,2980,2980,3350.39,1838.9,2639.24,1763.61,1392.08,321.2,321.2,81.5983,90.7291,0,-871.991,-969.935,0,142.308,1176.54,1176.54,-197.848,1194.45,-543.576,-546.408,-63.7679,-394.11,-384.287,2410.31,-3245.29,-7657.3,-1630.77,-683.369,-683.369,265.017,2592.44,2592.44,1449.29,1438.84,2.58617e-06,0,530.401,530.401,0,3.09021e-06,0,2344.51,0,-1237.06,0,1.53178e-08,2.65241e-08,-1467.24,-1424.91,-1424.91,0,-301.043,-301.043,4.08668e-08,0,2398.98,3731.44,3731.44,3731.44,4144.35,0,0,0,774.196,774.196,774.196,0,-1067.32,-305.372,-305.372,-80.1184,3.60918e-06,-40.061,-40.061,7.15854e-12,2.02842e-09,1.3163e-09,1.67078e-08,107.746,106.946,155.647,0,2.45258e-10,0,-4894.04,-4894.04,-4894.04,0,0,0,0,4.50564e-09,6.84458e-06,4350.68,4350.68,1.17058e-07,-8954.72,-1293.78,-1891.76,0,6.08758e-07,-1434.85,-4117.5,1.38305e-06,-29841.4,-16060.4,-4178.9,-4072.34,70.8442,4695.2,4695.2,7.07789e-06,-120511,1482.2,5.71218e-05,2.30711e-05,1357.17,2181.3,5388.79,1.27467e-05,1.83561e-06,2.43184e-06,573.472,1.17774e-06,0.000107116,0.000123376,7788.47,0.00059278,7215.07,8.95768e-06,933.326,3831.1,3.49096e-06,2688.67,5.91013e-07,3082.26,-6107.18,1.00978e-07,1.06845e-06,-4072.27,-4072.27,3.79871e-07,-183.019,-183.019,7.44656e-06,1008.35,0,7.44632e-07,-3875.1,-9925.74,0,0
2020-08-05 03:00:00 UTC,-3926.42,-1120.83,3698.61,-426.286,-426.286,-798.173,1156.58,1301.61,-1793.57,-1793.57,2790.41,2315.61,-9072.99,186.37,1282.14,2055.12,3962.92,1253.48,-7279.26,-1045.17,-289.394,-3721.14,-3721.14,-3256.51,-4067.51,-1197.28,-802.886,547.003,42.3684,2671.23,-922.671,-922.671,-2100.36,-1178.04,-1178.04,-7324.35,4415.87,4430.09,-14729.3,-14729.3,4990.78,8744.48,4254.29,2624.26,6708,-9594.83,-12855.5,-12950.1,-13686.1,302.759,-2263.38,-2263.38,442.564,-489.897,-855.103,437.52,437.52,-3728.88,1615.49,805.646,2207.51,-2774.69,-2992.58,1401.52,1401.52,-524.736,-612.994,568.865,568.865,565.649,3265.24,-2300.25,1150.12,1150.12,53.8756,53.8756,23.2541,17.7607,34.6081,-122.377,-246.491,182.343,-12.0948,-11.2798,3.15095,-52.8683,-23.498,623.691,623.691,96.0068,96.0068,95.0691,95.0691,-1237.16,-1237.16,-1237.16,464.561,464.561,139.134,-315.293,-142.359,-142.359,220.874,220.874,-483.288,-198.303,-2622.56,0.0265,0.0265,-2189.84,-2189.84,-2189.84,6347.23,-1649.7,-1649.7,-1734.37,-1734.37,-0.036,532.319,532.319,-93.087,-93.087,-7251.8,-7251.8,6767.44,6767.44,0,-274.056,-3002.98,-1237.86,2732.53,2732.53,-2377.78,12833.4,5625.04,-2462.44,-7211.1,-7211.1,1765.71,1765.71,-6171.34,-6171.34,651.133,1535.12,10314.9,3380.77,3089.45,3089.45,-1928.7,-1928.7,-1928.7,5033.76,5033.76,-6134.31,6.48259e-07,6.48259e-07,2313.87,-4408.47,-4408.47,6381.3,-2312.4,1751.3,0,4065.66,1583.99,-6135.6,-4433.36,-4433.36,-571.822,311.826,-66.163,-4412.31,-4412.31,-3054.74,1466.9,1466.9,14776.4,-9620.14,-14760.1,12876,12971,13707.3,-18918.2,3721.72,-3524.81,12876,12971,13707.3,-14074.9,-7871.33,-5289.15,660.623,19008,3551.01,15721,38635,21210.1,21210.1,2500.1,-12821.6,1181.75,2462.21,984.844,-1302.18,1294.12,-1360.73,-1153.94,-1264.14,1298.95,1328.94,1306.11,-1298.94,476.014,476.014,-1215.32,5464.92,5464.92,-12323.8,1336.14,1739.49,-1319.86,903.079,3192.54,5568.43,5568.43,8842.41,10615.9,11209.9,21545.4,-11202.8,6765.52,-8835.84,1955.33,6759.91,10776.1,6318.41,6316.1,-1954.94,-10599.7,-11192.2,4511.5,4564.33,3170.03,3680.31,2956.42,3832.52,2596.74,2596.74,471.241,1344.96,-2439.7,-2753.69,4557.81,-10607.1,-10607.1,-11200.6,-11200.6,-1806.59,-1806.59,138.102,529.086,1347.63,1347.63,5917.76,5917.76,-6014.46,-6014.46,2357.88,76.6513,3112.22,-4054.99,16212.3,-18839,-21032.4,12245.7,-3108.33,4564.72,2767.98,-3609.74,124.607,124.607,1587.03,1587.03,-664.241,631.725,-3689.5,-643.413,279.51,279.51,2946.27,944.04,4123.1,2666.89,293.193,293.193,489.081,489.266,2801.63,2801.63,3129.72,1700.07,2442.81,1587.31,1180.35,291.158,291.158,43.0034,47.533,0,-859.789,-956.257,0,99.2204,1153.66,1153.66,-130.502,975.464,-521.9,-524.622,-23.3202,-439.211,-428.415,2227.75,-3176.84,-7533.43,-1576.71,-650.523,-650.523,276.647,2523.63,2523.63,1366.92,1357.07,2.47982e-06,0,643.783,643.783,0,2.66879e-06,0,2233.34,0,-1197.24,0,1.38271e-08,3.27343e-08,-1433.83,-1335.62,-1335.62,0,-294.664,-294.664,3.73038e-08,0,2137.31,3337.94,3337.94,3337.94,3833.99,0,0,0,699.269,699.269,699.269,0,-1090.41,-329.814,-329.814,-107.745,3.10962e-06,-53.8756,-53.8756,8.24377e-10,5.97409e-10,1.45962e-09,1.46096e-08,110.003,109.186,146.854,0,2.93765e-10,0,-4565.23,-4565.23,-4565.23,0,0,0,0,3.78293e-09,5.79466e-06,4103.83,4103.83,1.94364e-07,-8211.71,-1195.07,-1747.44,0,4.64803e-07,-1366.07,-3817.2,1.69741e-06,-27827.2,-15060.4,-3981.61,-3894.09,66.1649,4431.04,4431.04,6.10523e-06,-111943,1360.89,4.53453e-05,2.06618e-05,1307.98,2102.24,5193.47,1.17261e-05,1.68519e-06,2.22811e-06,581.461,1.03826e-06,9.7637e-05,0.000115859,7516.28,0.000552729,6747.78,9.07556e-06,920.094,3489.57,3.06949e-06,2466.87,5.64799e-07,2884.2,-5595.15,8.35428e-08,1.03854e-06,-3837.49,-3837.49,3.03379e-07,-125.148,-125.148,6.50538e-06,798.486,0,7.01148e-07,-3682.74,-9284.63,0,0
2020-08-05 04:00:00 UTC,-3693.07,-1057.27,3610.49,-458.986,-458.986,-622.868,1173.56,1328.36,-1725.13,-1725.13,2570.67,2102.39,-8404.55,163.803,1158.29,1933.46,3661.45,1158.14,-6717.25,-958.819,-121.275,-3407.18,-3407.18,-3032.93,-3860.9,-1134.92,-753.327,497.444,62.7299,2476.3,-855.727,-855.727,-1939.07,-1083.64,-1083.64,-6745.29,3955.75,3968.47,-13349.9,-13349.9,4476.13,7949.88,3927.75,2422.87,6024.18,-8630.46,-11605.6,-11691.1,-12355.4,262.768,-2046.25,-2046.25,408.943,-438.848,-714.839,421.514,421.514,-3345.3,1506.03,725.828,2017.64,-2482.01,-2676.86,1291.52,1291.52,-511.635,-626.39,569.012,569.012,552.739,3034.7,-2114.41,1057.2,1057.2,60.3642,60.3642,22.3195,17.7074,31.1398,-110.253,-217.379,163.752,-10.8664,-10.1342,3.71929,-47.1977,-16.7656,569.94,569.94,79.7057,79.7057,78.9305,78.9305,-1131.11,-1131.11,-1131.11,412.664,412.664,132.371,-281.096,-134.365,-134.365,196.04,196.04,-455.162,-179.365,-2421.42,0.23,0.23,-2023.1,-2023.1,-2023.1,5855.93,-1524.23,-1524.23,-1605.79,-1605.79,-0.316,490.582,490.582,-111.966,-111.966,-6730.46,-6730.46,6313.13,6313.13,0,-264.041,-2799.11,-1157.31,2551.72,2551.72,-2196.75,11836.5,5187.99,-2278.3,-6681.5,-6681.5,1642.32,1642.32,-5720.74,-5720.74,603.649,1431.6,9353.3,3381.5,2847.32,2847.32,-1777.28,-1777.28,-1777.28,4589.39,4589.39,-5685.06,6.48429e-07,6.48429e-07,2125.33,-4020.09,-4020.09,5810.36,-2084.83,1597.05,0,3683.51,1483.95,-5550.34,-4041.34,-4041.34,-533.455,294.205,-61.859,-4124.04,-4124.04,-2761.42,1325.33,1325.33,13355.2,-8634.83,-13341.9,11622.4,11708.1,12372.7,-17022.1,3379.16,-3199.61,11622.4,11708.1,12372.7,-12825.6,-7083.41,-4508.15,784.947,18024.8,3265.12,14861.4,36611.2,20108.3,20108.3,2392.39,-11798.8,1094.17,2362.7,936.096,-1228.49,1216.22,-1274.06,-1083.62,-1186.93,1234.21,1262.7,1241.02,-1219.22,427.579,427.579,-1140.4,5103.82,5103.82,-11453.7,1201.15,1626.95,-1238.43,863.582,3030.33,5154.05,5154.05,8298.21,10141.9,10709.3,20678.5,-10849,6179.23,-8292.42,2004.62,6174.55,10362,6075.64,6073.41,-2004.21,-10127,-10693.2,4379.73,4431.01,3061.98,3554.87,2902.09,3500.62,2511.24,2511.24,489.503,1178.88,-2359.37,-2663.02,4399.2,-10133.9,-10133.9,-10700.8,-10700.8,-1763.05,-1763.05,123.68,475.231,1341.94,1341.94,5801.91,5801.91,-5763.09,-5763.09,1983.23,-11.3845,3059.19,-3930.24,15920.3,-18074.3,-20190.3,12015.4,-3055.44,4165.55,2552.39,-3369.27,129.498,129.498,1395.86,1395.86,-526.755,552.425,-3225.05,-557.561,199.481,199.481,2607.91,837.288,3621.77,2408.62,247.924,247.924,407.397,407.552,2594.46,2594.46,2878.08,1545.5,2226.27,1384.8,967.906,255.642,255.642,13.2732,14.2865,0,-813.934,-905.252,0,63.9952,1082.54,1082.54,-76.2814,783.941,-487.487,-490.032,6.97861,-456.903,-445.789,2027.03,-3039.56,-7390.19,-1506.88,-618.189,-618.189,271.419,2375.17,2375.17,1221.68,1212.87,2.12774e-06,0,666.848,666.848,0,2.23102e-06,0,2090.11,0,-1134.88,0,1.3204e-08,3.48798e-08,-1370.5,-1238.15,-1238.15,0,-280.068,-280.068,3.18413e-08,0,1899.62,2978.9,2978.9,2978.9,3503.68,0,0,0,621.631,621.631,621.631,0,-1064.39,-332.7,-332.7,-120.72,2.50742e-06,-60.3642,-60.3642,-3.42691e-10,7.65575e-10,3.59254e-10,1.16414e-08,107.362,106.564,141.123,0,5.66933e-10,0,-4244.93,-4244.93,-4244.93,0,0,0,0,1.59959e-09,4.78657e-06,3833.97,3833.97,2.61308e-07,-7482.4,-1092.05,-1596.81,0,3.51941e-07,-1290.72,-3524.16,1.9325e-06,-25887,-14076.4,-3792.76,-3703.34,61.8606,4140.35,4140.35,5.24877e-06,-103786,1194.16,3.54298e-05,1.86046e-05,1264.91,2033.02,5022.46,1.08617e-05,1.56616e-06,2.08102e-06,601.61,9.33182e-07,8.94643e-05,0.000111743,7360.37,0.000531584,6164.43,8.98559e-06,909.666,3037.64,2.54067e-06,2147.2,5.24137e-07,2685.38,-5002.16,6.24287e-08,9.8737e-07,-3583.71,-3583.71,2.24644e-07,-70.3383,-70.3383,5.2823e-06,623.059,0,6.21162e-07,-3471.33,-8645.1,0,0
2020-08-05 05:00:00 UTC,-3485.89,-1008.08,3577.54,-543.847,-543.847,-440.837,1199.99,1366.49,-1711.28,-1711.28,2246.15,1833.41,-7600.24,55.3889,1009.36,1739.89,3332.99,1054.27,-5994.5,-844.084,85.4959,-3050.61,-3050.61,-2744.29,-3565.9,-1046.06,-691.482,435.599,79.325,2232.26,-772.809,-772.809,-1742.87,-970.308,-970.308,-6041.94,3448.68,3459.77,-11762,-11762,3907.49,6999.42,3531.32,2178.37,5266.43,-7532.38,-10180.8,-10255.8,-10838.5,222.203,-1796.69,-1796.69,370.325,-382.173,-571.635,395.841,395.841,-2915.89,1370.84,638.188,1796.14,-2154.16,-2323.23,1157.73,1157.73,-484.436,-618.242,551.339,551.339,524.412,2752.5,-1904.93,952.464,952.464,63.9857,63.9857,20.8245,17.1157,27.1839,-96.3831,-186.005,143.12,-9.8752,-9.20978,3.6352,-41.2622,-10.4336,506.197,506.197,63.1678,63.1678,62.5571,62.5571,-1004.65,-1004.65,-1004.65,355.011,355.011,122.363,-243.587,-123.201,-123.201,169.024,169.024,-417.371,-157.795,-2177.2,0.23,0.23,-1823.62,-1823.62,-1823.62,5268.18,-1375.38,-1375.38,-1450.57,-1450.57,-0.316,440.359,440.359,-127.204,-127.204,-6096.31,-6096.31,5752.28,5752.28,0,-248.712,-2547.43,-1057.33,2327.93,2327.93,-1980.02,10644.9,4665.65,-2055.2,-6040.68,-6040.68,1490.52,1490.52,-5174.53,-5174.53,545.708,1304.53,8241.94,3317.4,2557.74,2557.74,-1595.64,-1595.64,-1595.64,4069.68,4069.68,-5141.63,6.48438e-07,6.48438e-07,1900.4,-3564.57,-3564.57,5144.6,-1820.73,1420.93,0,3242.95,1362.75,-4872.95,-3582.11,-3582.11,-487.357,271.218,-56.292,-3769.68,-3769.68,-2424.95,1163.48,1163.48,11726.8,-7512.94,-11716.6,10193.7,10268.9,10851.8,-14857.9,2981.85,-2823.74,10193.7,10268.9,10851.8,-11370.7,-6184.39,-3659.22,889.298,16726.9,2927.29,13744.1,33958.7,18660.7,18660.7,2239.68,-10583,990.382,2218.21,877.823,-1118.45,1117.01,-1167.27,-994.627,-1089.41,1147.6,1174.09,1153.94,-1118.97,372.85,372.85,-1046.47,4653.71,4653.71,-10389.7,1050.27,1486.49,-1136.37,816.639,2814.69,4656.67,4656.67,7632.66,9487.3,10018.1,19423.3,-10296.3,5534.29,-7627.76,1994.19,5530.53,9755.54,5720.03,5717.93,-1993.78,-9474.3,-10004,4149.49,4198.07,2900.71,3367.62,2784.38,3142.63,2368.72,2368.72,498.613,1004.53,-2225.47,-2511.89,4171.96,-9480.26,-9480.26,-10010.6,-10010.6,-1687.21,-1687.21,108.426,417.917,1309.37,1309.37,5577.45,5577.45,-5424.49,-5424.49,1624.95,-84.5272,2969.79,-3738.97,15351.4,-16988.3,-18976.8,11666.1,-2966.25,3720.41,2313.52,-3089.49,136.629,136.629,1189.73,1189.73,-397.102,469.869,-2765.82,-473.759,125.429,125.429,2274.66,732.272,3119.47,2149.45,199.304,199.304,321.298,321.422,2356.6,2356.6,2592.26,1372.48,1981.32,1160.06,739.691,216.252,216.252,-17.9082,-20.5776,0,-755.272,-839.973,0,25.9664,1000.39,1000.39,-18.6962,588.615,-454.452,-456.827,38.2869,-479.534,-468.006,1831.22,-2910.27,-7108.66,-1409.67,-574.507,-574.507,261.487,2246.98,2246.98,1114.25,1106.22,1.92502e-06,0,738.117,738.117,0,1.75781e-06,0,1789.72,0,-1046.03,0,1.37461e-08,3.37944e-08,-1278.91,-1116.13,-1116.13,0,-257.446,-257.446,2.74015e-08,0,1641.83,2579.64,2579.64,2579.64,3110.42,0,0,0,545.92,545.92,545.92,0,-1008.87,-324.734,-324.734,-127.962,1.91731e-06,-63.9857,-63.9857,-6.99695e-10,1.18764e-09,-1.41318e-10,8.68305e-09,101.652,100.897,134.075,0,2.7012e-10,0,-3853.11,-3853.11,-3853.11,0,0,0,0,1.22678e-09,3.68653e-06,3507.85,3507.85,3.20123e-07,-6639.28,-980.063,-1433.07,0,2.44914e-07,-1195.33,-3174.33,2.09007e-06,-23512.2,-12854.8,-3545.91,-3446.76,56.2933,3783.35,3783.35,4.26027e-06,-93902.2,1018.83,2.47824e-05,1.57971e-05,1193.12,1917.64,4737.42,9.42741e-06,1.37994e-06,1.82015e-06,602.803,7.60096e-07,7.78418e-05,0.000107796,7272.46,0.000499981,5522.41,8.8071e-06,880.48,2593.3,2.05495e-06,1828.39,4.77813e-07,2467.46,-4412.94,4.81322e-08,9.33058e-07,-3282.12,-3282.12,1.53388e-07,-7.94941,-7.94941,4.08873e-06,440.933,0,5.52941e-07,-3198.96,-7851,0,0
2020-08-05 06:00:00 UTC,-3336.59,-972.33,3529.82,-602.305,-602.305,-319.936,1202.71,1374.5,-1704.35,-1704.35,2017.79,1641.49,-7028.49,-19.7729,902.586,1602.46,3096.31,979.41,-5481.83,-763.044,220.934,-2789.51,-2789.51,-2546.19,-3361.64,-985.026,-649.055,393.172,90.6539,2064.85,-714.8,-714.8,-1600.72,-886.126,-886.126,-5541.5,3076.97,3086.86,-10622.3,-10622.3,3490.41,6335.86,3250.53,2005.19,4710.29,-6745.65,-9162.66,-9230.18,-9754.5,192.691,-1618.46,-1618.46,339.411,-341.496,-475.7,374.131,374.131,-2609.04,1265.09,572.63,1629.96,-1922.61,-2073.47,1057.14,1057.14,-462.596,-607.627,535.111,535.111,501.496,2551.04,-1758.4,879.199,879.199,65.7668,65.7668,19.6327,16.5304,24.3877,-86.5658,-164.083,128.393,-8.86456,-8.26724,3.88064,-36.8218,-6.38142,460.382,460.382,52.1252,52.1252,51.6244,51.6244,-913.531,-913.531,-913.531,313.41,313.41,114.955,-217.086,-115.076,-115.076,150.013,150.013,-390.393,-142.451,-2004.19,0.23,0.23,-1669.72,-1669.72,-1669.72,4816.24,-1261.05,-1261.05,-1329.63,-1329.63,-0.316,401.389,401.389,-132.501,-132.501,-5598.47,-5598.47,5304.46,5304.46,0,-233.957,-2346.88,-977.607,2148.75,2148.75,-1813.12,9730.34,4264.74,-1881.7,-5540.51,-5540.51,1369.63,1369.63,-4747.24,-4747.24,499.161,1202.71,7427.37,3212.07,2335.62,2335.62,-1457.16,-1457.16,-1457.16,3682.31,3682.31,-4717.23,6.48562e-07,6.48562e-07,1730.55,-3225.62,-3225.62,4655.32,-1625.11,1297.55,0,2923.72,1270.51,-4373,-3240.21,-3240.21,-450.356,252.988,-51.183,-3491.3,-3491.3,-2182.65,1048.36,1048.36,10559,-6711.61,-10550.8,9173.09,9240.76,9765.25,-13309.5,2692.64,-2554.31,9173.09,9240.76,9765.25,-10296.2,-5536.65,-3096.89,927.788,15623.8,2670.24,12809.1,31718.8,17438.5,17438.5,2104.51,-9648.63,901.618,2089.8,826.979,-1025.41,1036.18,-1079.85,-922.39,-1010.11,1074.73,1099.52,1080.66,-1037.11,332.88,332.88,-969.582,4296.84,4296.84,-9547.93,932.799,1374.23,-1052.82,776.581,2630.45,4269.74,4269.74,7116.61,8910.76,9409.25,18264.5,-9767.6,5101.58,-7112.35,1920.94,5098.4,9195.64,5391.74,5389.76,-1920.57,-8899.29,-9396.81,3913.45,3959.27,2749.54,3192.13,2638,2904.7,2230.36,2230.36,482.258,897.388,-2095.48,-2365.18,3971.45,-8904.55,-8904.55,-9402.67,-9402.67,-1611.12,-1611.12,99.3615,383.488,1261.46,1261.46,5337.03,5337.03,-5143.17,-5143.17,1431.87,-113.228,2875.96,-3561.72,14744.6,-16016.9,-17864.4,11318.2,-2872.65,3405.5,2136.93,-2884.43,134.463,134.463,1056.72,1056.72,-333.972,416.538,-2492.48,-422.582,91.4426,91.4426,2058.32,666.777,2778.69,1967.1,171.923,171.923,270.262,270.366,2186.87,2186.87,2391.6,1253.71,1811.63,1017.68,595.469,191.195,191.195,-37.4123,-42.3841,0,-717.745,-798.222,0,2.36241,945.549,945.549,17.3715,459.846,-431.17,-433.426,57.9536,-490.871,-479.148,1687.37,-2798.49,-6793.56,-1329.08,-536.614,-536.614,256.618,2154.46,2154.46,1049.85,1042.28,1.80914e-06,0,787.895,787.895,0,1.46588e-06,0,1578.22,0,-984.998,0,1.39084e-08,3.48692e-08,-1212.48,-1032.42,-1032.42,0,-241.899,-241.899,2.47898e-08,0,1453.51,2297.55,2297.55,2297.55,2827.23,0,0,0,484.01,484.01,484.01,0,-964.108,-316.819,-316.819,-131.524,1.57681e-06,-65.7668,-65.7668,-2.20165e-10,1.53429e-10,-2.56863e-10,8.71619e-09,97.1784,96.4563,127.623,-2.60379e-11,4.58751e-10,0,-3546.48,-3546.48,-3546.48,0,0,0,0,3.06845e-10,2.92905e-06,3258.57,3258.57,3.48423e-07,-6030.46,-902.547,-1319.73,0,1.79891e-07,-1122.47,-2909.44,2.11557e-06,-21640.7,-11881.3,-3336.53,-3231.6,51.1841,3502.86,3502.86,3.53083e-06,-86167.7,910.809,1.76002e-05,1.34325e-05,1123.43,1805.63,4460.71,8.0938e-06,1.21392e-06,1.56296e-06,588.555,6.03048e-07,6.7324e-05,0.000104574,7232.43,0.000469386,5091.5,8.73209e-06,846.306,2329.66,1.77706e-06,1648.85,4.46504e-07,2291.38,-4016.17,4.25285e-08,8.98311e-07,-3057.97,-3057.97,1.14279e-07,28.9607,28.9607,3.41092e-06,319.987,0,4.99521e-07,-2984.21,-7229.43,0,0
2020-08-05 07:00:00 UTC,-3193.6,-936.609,3456.26,-632.596,-632.596,-229.834,1192.74,1366.64,-1676.83,-1676.83,1825.38,1491.61,-6540.89,-83.8293,821.41,1476.3,2901.61,917.831,-5047.33,-696.046,316.965,-2585.84,-2585.84,-2367.86,-3166.1,-926.542,-611.771,355.888,96.7377,1917.39,-664.997,-664.997,-1484.09,-819.264,-819.264,-5125.35,2810.7,2819.73,-9763.95,-9763.95,3186.88,5835.46,3015.82,1860.42,4298.55,-6133.47,-8416.8,-8478.82,-8960.41,176.178,-1485.66,-1485.66,312.056,-313.217,-433.105,345.65,345.65,-2393.37,1162.75,523.024,1501.06,-1763.23,-1901.56,977.873,977.873,-430.708,-569.193,499.951,499.951,467.064,2373.84,-1645.09,822.547,822.547,62.0202,62.0202,18.1013,15.275,22.3768,-79.4401,-150.961,118.466,-8.15847,-7.60872,3.70823,-33.927,-5.58479,423.94,423.94,47.4155,47.4155,46.9614,46.9614,-839.353,-839.353,-839.353,282.303,282.303,106.923,-200.078,-106.932,-106.932,138.16,138.16,-366.673,-131.592,-1859.57,0.23,0.23,-1556.03,-1556.03,-1556.03,4482.4,-1176.86,-1176.86,-1240.02,-1240.02,-0.316,372.768,372.768,-134.208,-134.208,-5227.89,-5227.89,4968.63,4968.63,0,-222.164,-2196.35,-916.686,2014.11,2014.11,-1689.49,9054.14,3968.33,-1752.64,-5169.17,-5169.17,1279.97,1279.97,-4429.91,-4429.91,466.226,1127.74,6834.05,3111.86,2171.54,2171.54,-1353.6,-1353.6,-1353.6,3398.56,3398.56,-4402.27,6.48441e-07,6.48441e-07,1604.18,-2976.55,-2976.55,4295.56,-1483.23,1206.34,0,2690.46,1200.35,-4010.12,-2989.16,-2989.16,-424.096,237.242,-47.415,-3273.59,-3273.59,-2005.8,964.153,964.153,9706.06,-6131.36,-9699.05,8425.6,8487.75,8969.48,-12185,2481.72,-2357.19,8425.59,8487.75,8969.48,-9508.15,-5068.55,-2702.56,944.05,14767.2,2481.17,12087,29978.6,16486.5,16486.5,1996.53,-8962.97,841.776,1985.29,784.531,-960.787,974.569,-1014.15,-867.211,-949.669,1017.02,1040.48,1022.63,-975.036,304.745,304.745,-911.475,4025.13,4025.13,-8921.07,854.743,1287.89,-989.691,741.562,2488.17,3983.55,3983.55,6715.21,8456.25,8929.29,17344.3,-9329.43,4770.01,-6711.41,1858.22,4767.22,8750.3,5130.62,5128.74,-1857.87,-8445.92,-8918.09,3728.35,3772,2629.06,3052.25,2513.26,2722.28,2124.87,2124.87,459.474,815.251,-1996.37,-2253.31,3817.11,-8450.65,-8450.65,-8923.37,-8923.37,-1551.37,-1551.37,93.3701,360.643,1220.94,1220.94,5145.35,5145.35,-4927.02,-4927.02,1288.52,-134.369,2803.57,-3423.18,14265.6,-15239,-16979.7,11057.4,-2800.42,3157.63,1995.01,-2726,129.995,129.995,954.105,954.105,-287.684,374.25,-2280.95,-381.136,67.1668,67.1668,1885.46,615.795,2510.44,1818.51,151.757,151.757,232.25,232.341,2056.7,2056.7,2237.38,1162.14,1681.53,910.306,486.453,172.199,172.199,-51.5414,-58.1795,0,-689.674,-767.019,0,-14.6051,901.57,901.57,43.5394,364.255,-411.98,-414.137,72.2612,-496.573,-484.77,1567.95,-2690.07,-6526.14,-1261.42,-507.146,-507.146,247.824,2065.11,2065.11,988.475,981.349,1.67933e-06,0,809.837,809.837,0,1.23555e-06,0,1388.89,0,-926.517,0,1.38704e-08,3.2428e-08,-1149.23,-958.693,-958.693,0,-226.3,-226.3,2.18977e-08,0,1331.95,2106.57,2106.57,2106.57,2597.56,0,0,0,449.818,449.818,449.818,0,-897.785,-296.442,-296.442,-124.032,1.34054e-06,-62.0202,-62.0202,3.27217e-10,7.30902e-10,4.06838e-10,6.7922e-09,90.6384,89.9649,122.844,7.10422e-11,2.42789e-10,0,-3315.3,-3315.3,-3315.3,0,0,0,7.10383e-11,4.02766e-11,2.41732e-06,3065.67,3065.67,3.56731e-07,-5580.82,-840.964,-1229.69,0,1.41249e-07,-1063.12,-2711.38,2.08047e-06,-20238.3,-11143,-3169.51,-3059.84,47.4159,3283.69,3283.69,3.03061e-06,-80421.1,828.123,1.31129e-05,1.17255e-05,1070.3,1720.23,4249.74,7.1514e-06,1.09419e-06,1.37614e-06,581.259,4.90463e-07,5.93893e-05,0.000102567,7231.01,0.000447039,4761.19,8.697e-06,819.811,2125.75,1.58288e-06,1518,4.27388e-07,2144.83,-3696.14,3.84156e-08,8.67923e-07,-2886.47,-2886.47,8.93287e-08,54.8549,54.8549,2.93421e-06,229.861,0,4.52789e-07,-2812.56,-6755.87,0,0
2020-08-05 08:00:00 UTC,-3089.71,-912.24,3391.71,-653.439,-653.439,-152.826,1180.26,1355.55,-1662.3,-1662.3,1657.23,1379.47,-6154.93,-161.827,764.44,1358.96,2769.23,875.962,-4692.83,-639.974,407.717,-2439.91,-2439.91,-2224.19,-3007.25,-879.166,-581.8,325.917,101.341,1798.83,-625.649,-625.649,-1394.96,-769.462,-769.462,-4801.2,2608.52,2616.9,-9084.32,-9084.32,2957.35,5415.2,2827.52,1744.28,3988.55,-5668.48,-7820.56,-7878.2,-8325.64,163.171,-1379.57,-1379.57,294.042,-290.695,-390.316,327.377,327.377,-2220.31,1092.34,486.437,1406.16,-1632.25,-1760.29,919.58,919.58,-408.46,-544.985,476.722,476.722,443.152,2234.71,-1557.19,778.593,778.593,60.1622,60.1622,17.0552,14.5029,20.735,-73.6411,-139.492,110.207,-7.77073,-7.24711,3.41748,-31.6356,-4.29185,395.1,395.1,42.5897,42.5897,42.1834,42.1834,-781.402,-781.402,-781.402,258.579,258.579,100.862,-185.623,-100.655,-100.655,127.978,127.978,-346.881,-122.599,-1743.52,0.23,0.23,-1467.99,-1467.99,-1467.99,4222.44,-1111.7,-1111.7,-1171.24,-1171.24,-0.316,351.48,351.48,-136.33,-136.33,-4943.19,-4943.19,4710.27,4710.27,0,-213.766,-2080.43,-868.341,1910.22,1910.22,-1592.73,8527.18,3737.35,-1652.27,-4883.54,-4883.54,1212.37,1212.37,-4186.55,-4186.55,443.066,1071.02,6365.17,3037.46,2043.22,2043.22,-1271.74,-1271.74,-1271.74,3175.6,3175.6,-4160.49,6.48365e-07,6.48365e-07,1506.02,-2780.42,-2780.42,4010.93,-1372.45,1130.87,0,2504.1,1144.43,-3724.59,-2791.53,-2791.53,-404.515,223.278,-45.27,-3106.18,-3106.18,-1864.65,896.087,896.087,9022.29,-5667.73,-9016.24,7828.15,7885.9,8333.47,-11285.3,2313.15,-2196.93,7828.15,7885.9,8333.46,-8884.01,-4696.97,-2380.97,963.659,14109.1,2333.48,11530.3,28638.9,15752.9,15752.9,1914.26,-8431.37,797.238,1905.46,752.095,-909.715,926.708,-963.536,-824.323,-902.744,972.299,994.722,977.663,-926.962,282.482,282.482,-866.547,3814.84,3814.84,-8437.37,795.383,1219.55,-940.892,714.919,2377.88,3762.59,3762.59,6405.96,8107.56,8561.09,16636.9,-8996.51,4512.99,-6402.51,1811.27,4510.5,8409.77,4930.96,4929.15,-1810.94,-8098.06,-8550.79,3578.89,3620.79,2546.05,2955.88,2416.42,2584.75,2038.52,2038.52,444.955,751.737,-1915.24,-2161.75,3715.17,-8102.41,-8102.41,-8555.64,-8555.64,-1514.22,-1514.22,87.4187,338.174,1201.83,1201.83,5032.22,5032.22,-4788.98,-4788.98,1172.42,-153.546,2771.04,-3337.86,14030.1,-14650.6,-16300.6,10936.1,-2767.97,2963.24,1881.37,-2603.89,124.47,124.47,873.227,873.227,-249.822,339.744,-2110.79,-345.952,46.7993,46.7993,1738.31,574.911,2270.45,1691.72,136.617,136.617,203.01,203.09,1955.39,1955.39,2116.95,1090.28,1578.91,828.739,396.218,157.916,157.916,-64.2945,-72.4439,0,-675.997,-751.834,0,-29.2568,875.887,875.887,66.3844,284.169,-399.125,-401.215,85.4583,-505.829,-493.85,1463.22,-2584.57,-6326.88,-1208.23,-484.287,-484.287,240.308,2000.98,2000.98,943.344,936.544,1.58373e-06,0,824.358,824.358,0,1.07095e-06,0,1194.44,0,-879.144,0,1.37883e-08,3.13885e-08,-1097.01,-899.414,-899.414,0,-213.617,-213.617,1.92685e-08,0,1237.01,1949.48,1949.48,1949.48,2417.9,0,0,0,425.092,425.092,425.092,0,-851.624,-283.175,-283.175,-120.316,1.18386e-06,-60.1622,-60.1622,5.45915e-11,7.20309e-10,-2.18872e-10,7.42231e-09,85.9806,85.3417,120.1,0,4.82104e-10,0,-3134.21,-3134.21,-3134.21,0,0,0,0,3.15221e-10,2.06608e-06,2916.47,2916.47,3.55641e-07,-5219.49,-793.551,-1160.36,0,1.15976e-07,-1013.43,-2554.36,2.02624e-06,-19152.5,-10566.6,-3040.59,-2926.81,45.2708,3115.18,3115.18,2.67759e-06,-75992.8,764.205,1.02153e-05,1.04759e-05,1026.81,1650.32,4077.03,6.35942e-06,1.01347e-06,1.23946e-06,572.367,4.13027e-07,5.32783e-05,0.000101849,7245.15,0.000436775,4505.1,8.66054e-06,803.004,1959.81,1.45337e-06,1418.23,4.17929e-07,2023.58,-3423.32,3.66776e-08,8.42843e-07,-2752.98,-2752.98,7.28232e-08,75.13,75.13,2.62833e-06,152.838,0,4.13971e-07,-2678.26,-6382.06,0,0
2020-08-05 09:00:00 UTC,-3041.29,-901.59,3368.55,-676.05,-676.05,-108.276,1175.38,1351.86,-1663.43,-1663.43,1566.21,1311.86,-5946.77,-200.609,728.465,1300.85,2691.16,851.268,-4500.35,-609.3,460.563,-2351.31,-2351.31,-2146.12,-2927.41,-855.236,-565.055,309.172,105.945,1732.77,-603.696,-603.696,-1345.15,-741.599,-741.599,-4618.81,2489.74,2497.74,-8699.2,-8699.2,2822.38,5182.84,2725.48,1681.34,3806.11,-5390.06,-7481.32,-7536.45,-7964.46,155.251,-1319.29,-1319.29,283.703,-277.7,-364.481,317.598,317.598,-2120.88,1052.9,465.109,1352.47,-1557.08,-1679.22,887.23,887.23,-397.339,-534.106,465.722,465.722,431.253,2160.06,-1510.24,755.122,755.122,59.5405,59.5405,16.4969,14.1096,19.7998,-70.3423,-132.958,105.611,-7.57736,-7.06677,3.25944,-30.3673,-3.43719,379.048,379.048,39.6619,39.6619,39.2847,39.2847,-748.88,-748.88,-748.88,244.271,244.271,97.7274,-177.499,-97.3659,-97.3659,122.224,122.224,-337.123,-117.629,-1680.64,0.23,0.23,-1417.56,-1417.56,-1417.56,4070.13,-1075.96,-1075.96,-1131.76,-1131.76,-0.316,340.002,340.002,-135.23,-135.23,-4776.94,-4776.94,4555.65,4555.65,0,-208.254,-2010.56,-838.053,1847.48,1847.48,-1535.43,8218.88,3602.21,-1591.23,-4717.77,-4717.77,1172.77,1172.77,-4045.82,-4045.82,430.544,1037.59,6092.56,2980.36,1966.75,1966.75,-1221.28,-1221.28,-1221.28,3044.35,3044.35,-4021.4,6.48374e-07,6.48374e-07,1448.39,-2666.18,-2666.18,3845.96,-1306.41,1089.69,0,2396.81,1112.56,-3555.47,-2676.35,-2676.35,-393.36,213.536,-44.658,-3010.79,-3010.79,-1784.31,856.836,856.836,8631.36,-5402.28,-8625.82,7488.26,7543.51,7971.63,-10770.4,2217.03,-2103.94,7488.26,7543.51,7971.63,-8518.42,-4483.32,-2206.45,969.857,13703.2,2245.68,11188.6,27814.9,15301.8,15301.8,1864.85,-8118.03,771.22,1857.27,731.952,-875.1,897.568,-932.825,-798.215,-874.187,944.741,966.526,949.953,-897.725,269.308,269.308,-839.236,3689.91,3689.91,-8151.2,760.957,1176.98,-911.232,699.646,2307.76,3630.85,3630.85,6228.72,7888.81,8330.09,16179.2,-8785.1,4383.51,-6225.46,1766.51,4381.15,8189.07,4801.56,4799.79,-1766.2,-7879.81,-8320.34,3473.12,3513.79,2494.28,2895.76,2343.41,2520.9,1978.77,1978.77,430.204,724.45,-1859.1,-2098.38,3659.96,-7883.94,-7883.94,-8324.94,-8324.94,-1490.98,-1490.98,85.0453,329.129,1186.49,1186.49,4958.08,4958.08,-4715.47,-4715.47,1132.09,-157.011,2747.26,-3287.72,13871.9,-14271.7,-15862.9,10848.4,-2744.24,2859.47,1818.51,-2536.37,119.54,119.54,832.636,832.636,-236.061,322.004,-2036.84,-328.094,39.9759,39.9759,1664.35,556.916,2134.7,1624.59,129.972,129.972,189.459,189.534,1900.01,1900.01,2052.02,1052.29,1523.57,790.295,350.918,151.28,151.28,-71.9301,-80.9882,0,-672.442,-747.877,0,-37.783,868.385,868.385,79.7722,238.839,-392.58,-394.637,93.4629,-512.342,-500.228,1405.98,-2527.96,-6195.62,-1175,-470.468,-470.468,234.68,1971.44,1971.44,927.279,920.595,1.55886e-06,0,843.062,843.062,0,9.87083e-07,0,1098,0,-855.215,0,1.38378e-08,3.14259e-08,-1071.51,-866.386,-866.386,0,-207.547,-207.547,1.82686e-08,0,1181.55,1859.04,1859.04,1859.04,2317.03,0,0,0,412.163,412.163,412.163,0,-828.604,-277.032,-277.032,-119.073,1.11482e-06,-59.5405,-59.5405,-1.31709e-10,-2.68603e-10,-1.30079e-10,6.46609e-09,83.6703,83.0485,120.776,0,3.30159e-10,0,-3024.31,-3024.31,-3024.31,0,0,0,0,2.95866e-10,1.8779e-06,2831.43,2831.43,3.52122e-07,-5013.64,-769.067,-1124.56,0,1.03313e-07,-984.817,-2461.19,1.98037e-06,-18508.7,-10218.8,-2961.88,-2845.08,44.6588,3019.13,3019.13,2.47335e-06,-73395,736.668,8.64908e-06,9.69477e-06,996.708,1601.95,3957.52,5.81025e-06,9.68362e-07,1.14854e-06,564.591,3.69112e-07,4.92567e-05,0.000101125,7241.17,0.000429476,4376.06,8.65601e-06,791.971,1886.87,1.40509e-06,1384.86,4.19113e-07,1953.31,-3282.76,3.66673e-08,8.29449e-07,-2676.85,-2676.85,6.53434e-08,83.5891,83.5891,2.49742e-06,108.282,0,3.9373e-07,-2597.71,-6163.7,0,0
2020-08-05 10:00:00 UTC,-3078.94,-914.977,3457.46,-719.679,-719.679,-75.7113,1212.68,1396.47,-1703.66,-1703.66,1545.9,1286.18,-5937.82,-214.976,712.544,1304.59,2683.27,848.772,-4475.25,-602.907,509.634,-2331.58,-2331.58,-2141.31,-2944.43,-859.926,-562.452,306.569,113.39,1723.1,-600.689,-600.689,-1339.43,-738.879,-738.879,-4590.18,2447.7,2455.57,-8596.61,-8596.61,2775.65,5123.48,2716.28,1675.66,3744.42,-5294.53,-7379.35,-7433.73,-7855.9,150.395,-1301.85,-1301.85,283.371,-272.99,-341.924,321.632,321.632,-2085.85,1053.82,458.558,1344.58,-1528.53,-1648.42,885.895,885.895,-403.494,-549.157,476.326,476.326,438.224,2159.56,-1511.12,755.56,755.56,62.3077,62.3077,16.6686,14.4209,19.489,-69.2815,-129.657,104.002,-7.54553,-7.03708,3.38289,-29.8793,-2.03244,375.911,375.911,36.978,36.978,36.6279,36.6279,-742.659,-742.659,-742.659,238.461,238.461,98.4489,-174.13,-97.8047,-97.8047,119.621,119.621,-338.65,-116.191,-1674.96,0.23,0.23,-1407.99,-1407.99,-1407.99,4037.58,-1070.49,-1070.49,-1124.58,-1124.58,-0.316,338.16,338.16,-136.233,-136.233,-4746.37,-4746.37,4528.61,4528.61,0,-207.887,-1997.43,-831.383,1836.44,1836.44,-1523.14,8152.24,3572.99,-1577.23,-4686.76,-4686.76,1166.31,1166.31,-4020.18,-4020.18,430.588,1032.94,6012.02,2991.27,1949.07,1949.07,-1207.64,-1207.64,-1207.64,3007.64,3007.64,-3996.51,6.48491e-07,6.48491e-07,1433.37,-2633.97,-2633.97,3798.97,-1284.62,1079.54,0,2364.86,1108.6,-3502.73,-2643.65,-2643.65,-392.29,209.914,-45.456,-3007.32,-3007.32,-1760.33,844.383,844.383,8512.16,-5315.14,-8506.77,7386.11,7440.59,7862.87,-10605.1,2189.22,-2074.76,7386.11,7440.59,7862.87,-8415.64,-4415.33,-2127.4,990.257,13662.6,2224.28,11148.7,27724.9,15253.4,15253.4,1866.96,-8048.5,769.919,1859.46,730.44,-861.508,893.065,-928.098,-794.315,-869.878,942.087,963.809,947.284,-893.212,265.146,265.146,-834.964,3671,3671,-8104.79,752.501,1167.67,-906.586,700.639,2293.61,3603.55,3603.55,6226.25,7868.21,8308.34,16124.1,-8790.15,4398.54,-6222.99,1749.32,4396.17,8163.43,4786.52,4784.77,-1749.01,-7859.26,-8298.64,3450.35,3490.76,2492.91,2894.16,2331.06,2534.33,1964.89,1964.89,430.387,732.932,-1846.06,-2083.66,3657.1,-7863.36,-7863.36,-8303.21,-8303.22,-1490.16,-1490.16,84.0814,325.514,1188.88,1188.88,4958.4,4958.4,-4723.95,-4723.95,1153.14,-149.38,2760.18,-3290.72,13880.8,-14236,-15815.1,10907.6,-2757.13,2854.52,1813.04,-2539.06,117.745,117.745,829.489,829.489,-243.333,320.07,-2055.08,-328.373,43.685,43.685,1668.58,562.134,2124.17,1625.11,130.084,130.084,188.986,189.061,1900.2,1900.2,2050.21,1049.5,1518.07,791.077,336.037,152.036,152.036,-80.6545,-90.7694,0,-688.951,-766.15,0,-46.6028,895.603,895.603,93.7782,206.815,-396.345,-398.421,102.991,-530.801,-518.259,1406.07,-2566.96,-6212.23,-1169.71,-469.305,-469.305,231.703,1996.96,1996.96,934.95,928.21,1.60644e-06,0,884.207,884.207,0,9.80648e-07,0,1087.53,0,-859.905,0,1.32623e-08,3.25695e-08,-1079.48,-861.552,-861.552,0,-209.968,-209.968,1.78128e-08,0,1159.04,1823.08,1823.08,1823.08,2297.31,0,0,0,407.887,407.887,407.887,0,-841.73,-283.946,-283.946,-124.607,1.14829e-06,-62.3077,-62.3077,1.79339e-10,8.09327e-10,-8.9704e-10,6.45468e-09,84.9764,84.3449,123.317,0,3.73791e-10,0,-3001.1,-3001.1,-3001.1,0,0,0,0,-2.12964e-11,1.86437e-06,2827.15,2827.15,3.50713e-07,-4957.6,-767.205,-1121.84,0,1.00721e-07,-981.572,-2439.44,1.97542e-06,-18390,-10158.4,-2952.13,-2838.07,45.4568,3015.4,3015.4,2.44742e-06,-72908.7,745.156,8.47983e-06,9.55639e-06,989.717,1590.71,3929.77,5.65739e-06,9.59157e-07,1.12993e-06,552.505,3.64505e-07,4.85805e-05,0.000103267,7359.46,0.000434134,4391.04,8.69626e-06,794.271,1903.45,1.42599e-06,1407.46,4.27587e-07,1945.23,-3287.5,3.72582e-08,8.30039e-07,-2671.9,-2671.9,6.46107e-08,86.4995,86.4995,2.56889e-06,75.7147,0,4.12217e-07,-2586.15,-6122.65,0,0
2020-08-05 11:00:00 UTC,-3201.45,-953.102,3661.88,-790.57,-790.57,-55.8665,1292.03,1489.15,-1796.33,-1796.33,1576.6,1286.46,-6091.92,-220.299,707.883,1354.89,2731.29,863.96,-4575.53,-614.491,558.513,-2366.13,-2366.13,-2190.31,-3035.67,-886.311,-570.068,314.185,123.698,1754.26,-611.754,-611.754,-1368.02,-756.416,-756.416,-4679.36,2481.65,2489.63,-8763.22,-8763.22,2811.54,5242.43,2784.54,1717.77,3789.06,-5337.24,-7522.3,-7577.74,-8008.09,152.759,-1326.55,-1326.55,287.335,-277.988,-350.222,327.199,327.199,-2124.8,1069.28,463.714,1373.91,-1558.2,-1680.42,910.068,910.068,-413.127,-563.148,488.138,488.138,448.726,2215.42,-1557.22,778.611,778.611,63.932,63.932,16.9527,14.6511,19.869,-70.6299,-132.685,106.407,-7.58981,-7.07838,3.6308,-30.4706,-2.20237,383.632,383.632,37.8982,37.8982,37.5398,37.5398,-756.625,-756.625,-756.625,239.544,239.544,100.937,-178.185,-100.285,-100.285,122.405,122.405,-349.954,-118.957,-1717.04,0.23,0.23,-1441.22,-1441.22,-1441.22,4129.68,-1096.75,-1096.75,-1151.54,-1151.54,-0.316,346.858,346.858,-140.191,-140.191,-4858.65,-4858.65,4635.5,4635.5,0,-213.432,-2043.98,-849.648,1879.47,1879.47,-1557.04,8337.56,3654.23,-1611.83,-4797.32,-4797.32,1194.61,1194.61,-4115.93,-4115.93,442.802,1057.46,6128.89,3077.15,1992.29,1992.29,-1231.94,-1231.94,-1231.94,3067.9,3067.9,-4091.95,6.48323e-07,6.48323e-07,1462.55,-2686.39,-2686.39,3874.57,-1306.31,1104.21,0,2411.25,1136.21,-3566.7,-2695.97,-2695.97,-400.709,213.789,-47.71,-3090.01,-3090.01,-1794.95,859.875,859.875,8675.73,-5410.04,-8670.13,7529.32,7584.87,8015.33,-10799,2233.59,-2113.35,7529.32,7584.87,8015.33,-8584.78,-4496.47,-2140.4,1028.59,14010.8,2272.44,11429.2,28422,15637.1,15637.1,1921.09,-8230.1,793.1,1912.84,746.9,-878.187,914.631,-950.774,-813.98,-891.267,966.096,988.374,971.426,-914.832,270.155,270.155,-854.996,3761.07,3761.07,-8303.82,770.288,1194.17,-928.326,718.386,2344.53,3686.27,3686.27,6400.8,8065.68,8516.87,16518.3,-9030.18,4544.02,-6397.35,1776.45,4541.49,8360.71,4902.19,4900.39,-1776.13,-8056.28,-8506.67,3528.35,3569.67,2551.33,2961.99,2388.4,2617.88,2007.9,2007.9,444.76,764.022,-1886.47,-2129.27,3729.74,-8060.59,-8060.59,-8511.48,-8511.48,-1521.02,-1521.02,85.3684,330.578,1216.4,1216.4,5063.99,5063.99,-4831.91,-4831.91,1215.48,-140.236,2833.36,-3363.27,14185.2,-14589.4,-16204.8,11208.5,-2830.15,2939.6,1862.84,-2615.15,121.901,121.901,853.89,853.89,-262.541,329.414,-2146.04,-344.345,51.6993,51.6993,1741.39,584.927,2226.48,1689.91,132.807,132.807,195.87,195.948,1955.81,1955.81,2109.2,1078.72,1559.54,820.018,343.285,158.028,158.028,-89.9031,-101.15,0,-719.552,-800.057,0,-55.2073,945.655,945.655,107.792,188.805,-410.76,-412.912,113.405,-560.948,-547.699,1464.36,-2703.89,-6389.95,-1195.98,-481.416,-481.416,233.779,2077.27,2077.27,970.565,963.569,1.74534e-06,0,954.876,954.876,0,1.04822e-06,0,1132.47,0,-886.289,0,1.39752e-08,3.66898e-08,-1114.57,-877.129,-877.129,0,-218.928,-218.928,1.70721e-08,0,1182.4,1858.29,1858.29,1858.29,2340.55,0,0,0,420.484,420.484,420.484,0,-861.865,-291.168,-291.168,-127.855,1.26461e-06,-63.932,-63.932,-6.02999e-10,1.43751e-10,-4.8516e-10,7.76595e-09,87.1478,86.5001,128.329,0,3.41941e-10,0,-3068.68,-3068.68,-3068.68,0,0,0,0,-2.70774e-11,2.00722e-06,2903.53,2903.53,3.54347e-07,-5060.9,-788.209,-1152.55,0,1.07896e-07,-1007.82,-2493.11,2.0185e-06,-18823.1,-10400.6,-3022.45,-2911.16,47.7109,3098.19,3098.19,2.60831e-06,-74630.8,776.474,9.74356e-06,1.0131e-05,1011.38,1625.53,4015.79,5.95368e-06,1.00391e-06,1.18795e-06,549.726,3.96167e-07,5.14452e-05,0.000109924,7654.41,0.000458901,4536.02,8.77891e-06,815.126,1990.04,1.5123e-06,1468.99,4.40726e-07,2001.74,-3424.57,3.94089e-08,8.40734e-07,-2742.8,-2742.8,7.33774e-08,86.1488,86.1488,2.80755e-06,55.8687,0,4.68899e-07,-2648.93,-6265.61,0,0
2020-08-05 12:00:00 UTC,-3408.33,-1015.31,3955.08,-863.869,-863.869,-70.6145,1401.92,1615.54,-1912.56,-1912.56,1667.25,1350.56,-6454.52,-229.177,741.198,1441.24,2880.97,911.301,-4843.98,-650.609,584.975,-2503.28,-2503.28,-2326.46,-3248.97,-948.611,-594.036,338.153,139.551,1850.81,-644.491,-644.491,-1445.77,-801.444,-801.444,-4942.32,2612.74,2621.14,-9268.34,-9268.34,2954.71,5576.61,2951.72,1820.88,3974.22,-5564.17,-7966.54,-8025.26,-8481.05,163.457,-1403.21,-1403.21,299.448,-294.744,-387.7,338.877,338.877,-2252.88,1112.45,485.267,1453.12,-1655.84,-1785.73,967.706,967.706,-431.88,-585.277,508.579,508.579,468.953,2345.24,-1654.39,827.194,827.194,65.6895,65.6895,17.5624,15.0228,21.0707,-74.8609,-142.732,113.643,-7.8676,-7.33745,3.96976,-32.4297,-3.64066,405.453,405.453,42.1839,42.1839,41.7844,41.7844,-797.054,-797.054,-797.054,248.569,248.569,106.375,-190.856,-105.913,-105.913,131.325,131.325,-375.098,-126.878,-1820.06,0.23,0.23,-1519.75,-1519.75,-1519.75,4353.39,-1157.95,-1157.95,-1213.43,-1213.43,-0.316,365.881,365.881,-142.841,-142.841,-5115.17,-5115.17,4874.53,4874.53,0,-222.929,-2148.99,-892.744,1975.89,1975.89,-1640.38,8789.82,3852.47,-1695.86,-5052.68,-5052.68,1256.54,1256.54,-4334.87,-4334.87,467.013,1111.38,6477.08,3207.87,2099.67,2099.67,-1296.42,-1296.42,-1296.42,3237.47,3237.47,-4310.59,6.48464e-07,6.48464e-07,1540.19,-2834.82,-2834.82,4092.67,-1378.12,1172.72,0,2551.64,1197.52,-3765.55,-2844.7,-2844.7,-419.602,224.591,-50.933,-3259.34,-3259.34,-1901.05,909.951,909.951,9186.02,-5732.85,-9179.74,7974.42,8033.25,8489.17,-11439.5,2364.63,-2234.75,7974.42,8033.25,8489.17,-9065.27,-4760.19,-2305.02,1061.2,14705.6,2394.94,12001.6,29826.6,16408.7,16408.7,2019.78,-8676.04,838.646,2009.83,780.459,-920.617,961.13,-999.304,-855.917,-936.99,1013.98,1037.36,1019.57,-961.305,286.069,286.069,-898.209,3958.76,3958.76,-8747.87,816.416,1255.54,-975.241,751.537,2453.78,3881.12,3881.12,6745.67,8448.99,8921.63,17284.5,-9454.5,4838.69,-6741.85,1823.58,4835.82,8738.95,5123.97,5122.09,-1823.24,-8438.68,-8910.45,3690.68,3733.9,2648.57,3074.89,2491.06,2785.41,2102.45,2102.45,458.01,829.428,-1975.3,-2229.54,3851.33,-8443.4,-8443.41,-8915.72,-8915.72,-1567.82,-1567.82,91.5669,354.003,1247.08,1247.08,5213.07,5213.07,-5004.41,-5004.41,1360.85,-115.051,2917.91,-3472.51,14602.5,-15261.6,-16952.1,11552.9,-2914.5,3137.3,1981.51,-2763.38,132.552,132.552,922.346,922.346,-304.267,357.977,-2351.55,-383.347,70.7484,70.7484,1908.96,636.171,2475.59,1838.44,141.636,141.636,217.675,217.76,2069.6,2069.6,2236.31,1147.71,1657.11,895.718,397.999,172.434,172.434,-95.3318,-107.266,0,-762.481,-847.613,0,-59.0794,1020.16,1020.16,114.461,207.458,-436.254,-438.539,120.006,-595.737,-581.653,1594.89,-2940.95,-6680.84,-1251.24,-505.472,-505.472,240.973,2211.82,2211.82,1033.1,1025.66,1.96146e-06,0,1030.72,1030.72,0,1.20569e-06,0,1209.74,0,-948.585,0,1.44565e-08,4.53835e-08,-1192.83,-925.407,-925.407,0,-238.836,-238.836,1.82925e-08,0,1259.8,1976.19,1976.19,1976.19,2466.08,0,0,0,454.218,454.218,454.218,0,-900.847,-303.252,-303.252,-131.369,1.49624e-06,-65.6895,-65.6895,1.5247e-10,7.49973e-10,-1.29794e-11,9.09924e-09,91.358,90.679,136.165,0,4.74087e-10,0,-3228.31,-3228.31,-3228.31,0,0,0,0,-9.81866e-11,2.32896e-06,3060.85,3060.85,3.60684e-07,-5354.51,-835.755,-1222.07,0,1.27116e-07,-1064.81,-2628.08,2.09508e-06,-19810.4,-10940.4,-3164.11,-3055.63,50.9341,3267.97,3267.97,2.96017e-06,-78596.6,842.154,1.26665e-05,1.13729e-05,1059.01,1702.08,4204.89,6.74409e-06,1.08394e-06,1.30428e-06,553.979,4.53503e-07,5.76865e-05,0.000116528,7910.48,0.000488305,4829.62,8.84415e-06,844.654,2186.17,1.7055e-06,1596.91,4.65513e-07,2136.83,-3739.39,4.36167e-08,8.61287e-07,-2889.7,-2889.7,9.20309e-08,73.974,73.974,3.27075e-06,70.6176,0,5.72429e-07,-2783.19,-6599.38,0,0
2020-08-05 13:00:00 UTC,-3706.01,-1099.05,4314.48,-920.261,-920.261,-145.75,1529.23,1759.98,-2059.74,-2059.74,1900.42,1505.02,-7144.32,-179.973,819.313,1625.52,3143.67,994.387,-5407.58,-732.845,542.467,-2744.56,-2744.56,-2593.74,-3624.95,-1059.12,-644.097,388.214,156.98,2051.1,-710.666,-710.666,-1595.03,-884.57,-884.57,-5469.95,2888.25,2897.53,-10303.6,-10303.6,3260.61,6260.8,3277.71,2021.95,4377.39,-6113.28,-8876.62,-8942.02,-9449.94,183.768,-1562.26,-1562.26,323.648,-328.81,-461.417,363.312,363.312,-2514.84,1204.71,532.287,1601.48,-1856.33,-2001.98,1069.02,1069.02,-469.33,-628.901,549.115,549.115,509.325,2593.12,-1828.58,914.289,914.289,69.2148,69.2148,18.9319,15.9237,23.5629,-83.6404,-162.292,127.674,-8.37906,-7.81445,4.64665,-36.2131,-6.29422,449.927,449.927,50.5655,50.5655,50.0849,50.0849,-882.198,-882.198,-882.198,272.901,272.901,116.83,-215.471,-116.824,-116.824,148.666,148.666,-419.581,-142.233,-2020.93,0.0475,0.0475,-1659.16,-1659.16,-1659.16,4755.61,-1266.28,-1266.28,-1321.28,-1321.28,-0.066,398.405,398.405,-138.749,-138.749,-5559.79,-5559.79,5280.68,5280.68,0,-235.388,-2328.39,-968.063,2139.64,2139.64,-1791.37,9605.02,4209.81,-1846.36,-5499.1,-5499.1,1360.68,1360.68,-4715.34,-4715.34,505.384,1201.48,7164.22,3367.72,2294.76,2294.76,-1416.99,-1416.99,-1416.99,3563.38,3563.38,-4691.27,6.48459e-07,6.48459e-07,1684.85,-3122.29,-3122.29,4517.95,-1523.23,1307.89,0,2832.09,1303.61,-4161.32,-3133.34,-3133.34,-450.531,245.363,-54.73,-3544.97,-3544.97,-2114.69,1013.46,1013.46,10222.6,-6405.11,-10214.9,8886.4,8951.95,9460.03,-12762.4,2621.26,-2480.27,8886.4,8951.95,9460.03,-9996.94,-5298.49,-2734.29,1059.09,15811.2,2619.08,12928.1,32083.5,17648,17648,2168.32,-9478.19,908.189,2155.8,837.238,-986.388,1038.83,-1080.44,-926.276,-1013.61,1091.07,1116.24,1097.09,-1038.95,317.79,317.79,-970.295,4295.63,4295.63,-9508.02,898.953,1362.15,-1053.49,807.082,2632.05,4222.85,4222.85,7310.86,9046.27,9552.34,18459.4,-10073.9,5352.48,-7306.37,1871.59,5348.97,9315.78,5462.19,5460.18,-1871.24,-9034.45,-9539.52,3929.47,3975.48,2792.61,3242.12,2642.74,3072.42,2241.32,2241.32,478.174,954.457,-2105.77,-2376.8,4023.78,-9039.86,-9039.86,-9545.56,-9545.56,-1630.86,-1630.86,101.94,393.03,1282.4,1282.4,5407.89,5407.89,-5260.27,-5260.27,1633,-59.7728,3005.19,-3625.6,15083.4,-16302.8,-18101.8,11900.3,-3001.57,3513.38,2201.3,-3004.72,144.914,144.914,1077.02,1077.02,-392.876,423.393,-2732.11,-459.668,116.831,116.831,2219.51,728.79,2959.11,2102.91,168.577,168.577,275.562,275.668,2264.34,2264.34,2465.22,1282.1,1843.61,1064.64,548.126,203.519,203.519,-91.1967,-102.698,0,-829.099,-921.41,0,-51.411,1139.35,1139.35,103.172,288.58,-473.781,-476.26,116.939,-625.377,-610.524,1815.48,-3263.3,-7072.04,-1343.51,-544.007,-544.007,256.274,2402.53,2402.53,1128.79,1120.65,2.2696e-06,0,1094.47,1094.47,0,1.56684e-06,0,1442.31,0,-1059.09,0,1.45501e-08,5.64432e-08,-1326.45,-1025.55,-1025.55,0,-272.576,-272.576,2.16178e-08,0,1407.59,2217.31,2217.31,2217.31,2730.3,0,0,0,507.396,507.396,507.396,0,-978.671,-326.995,-326.995,-138.419,1.9723e-06,-69.2148,-69.2148,-2.22557e-10,7.90793e-10,1.55715e-12,1.11387e-08,99.5649,98.8249,146.596,0,3.47701e-10,0,-3510.65,-3510.65,-3510.65,0,0,0,0,8.64093e-11,2.94115e-06,3327.48,3327.48,3.67348e-07,-5932.56,-931.848,-1362.58,0,1.65251e-07,-1166.3,-2876.52,2.18119e-06,-21522.5,-11869,-3395.93,-3287.65,54.7312,3554.65,3554.65,3.59556e-06,-85508.7,967.622,1.83988e-05,1.34647e-05,1128.96,1814.5,4482.63,8.02933e-06,1.2066e-06,1.49343e-06,547.742,5.68179e-07,6.8262e-05,0.000122227,8097.83,0.00051913,5341.37,8.81727e-06,874.239,2553.65,2.05159e-06,1824.37,4.91417e-07,2373.8,-4311.76,5.15977e-08,8.93155e-07,-3139.82,-3139.82,1.30715e-07,35.9045,35.9045,4.21607e-06,145.761,0,7.38087e-07,-3012.69,-7196.89,0,0
2020-08-05 14:00:00 UTC,-4018.51,-1181.77,4589.43,-892.511,-892.511,-315.57,1613.57,1851.36,-2184.96,-2184.96,2237.98,1771.08,-8068.77,-111.517,963.976,1840.02,3526.05,1115.32,-6194.03,-852.161,387.387,-3082.84,-3082.84,-2935.25,-4074.3,-1190.65,-710.539,454.656,168.016,2315.85,-801.076,-801.076,-1811.03,-1010.22,-1010.22,-6222.56,3359.08,3369.88,-11899.5,-11899.5,3778.72,7257.85,3722.92,2296.54,5053.29,-7036.48,-10299.3,-10375.2,-10964.6,224.354,-1807.92,-1807.92,363.078,-384.844,-600.886,392.159,392.159,-2937.74,1334.87,609.033,1833.57,-2177.77,-2348.69,1224.31,1224.31,-509.545,-664.29,586.918,586.918,552.193,2921.48,-2059.21,1029.6,1029.6,69.8167,69.8167,20.4566,16.5752,27.4418,-97.2416,-193.746,148.679,-9.21759,-8.59648,5.0689,-42.0888,-12.3294,513.099,513.099,66.512,66.512,65.8746,65.8746,-1006.9,-1006.9,-1006.9,316.228,316.228,128.233,-253.433,-129.908,-129.908,175.888,175.888,-472.771,-164.458,-2295.23,-1.645,-1.645,-1866.5,-1866.5,-1866.5,5349.97,-1429.05,-1429.05,-1480.74,-1480.74,2.257,448.276,448.276,-122.305,-122.305,-6207.9,-6207.9,5858.46,5858.46,0,-250.034,-2583.36,-1071.48,2370.99,2370.99,-2012.93,10814.5,4739.99,-2064.62,-6154.41,-6154.41,1512.31,1512.31,-5273.89,-5273.89,564.682,1332.49,8241.04,3505.63,2582.36,2582.36,-1595.03,-1595.03,-1595.03,4066.97,4066.97,-5251.28,6.48367e-07,6.48367e-07,1897.52,-3565.23,-3565.23,5167.54,-1758.58,1508.91,0,3268.76,1447.11,-4793.8,-3581.86,-3581.86,-497.944,269.615,-60.117,-3925.93,-3925.93,-2447.86,1175.54,1175.54,11841.5,-7483.1,-11831.1,10312.5,10388.6,10978.2,-14865,3016.32,-2859.95,10312.5,10388.6,10978.2,-11432.2,-6160.44,-3495.23,993.238,17268.9,2957.62,14168,35074.5,19284,19284,2347.34,-10691.3,1020.61,2327.04,914.586,-1078.88,1145.51,-1196.13,-1023.02,-1119.4,1190.48,1217.95,1197.05,-1147.1,370.148,370.148,-1071.28,4763.42,4763.42,-10604.4,1047.53,1507.76,-1163.16,878.209,2873.28,4727.78,4727.78,8043.8,9812.66,10361.6,19963.4,-10791.7,6026.02,-8038.36,1926.09,6021.57,10053.7,5894.87,5892.7,-1925.72,-9798.75,-10346.5,4224.92,4274.39,2981.57,3461.51,2837.04,3445.76,2411.15,2411.15,509.729,1123.78,-2265.34,-2556.89,4260.1,-9805.12,-9805.13,-10353.7,-10353.7,-1715.62,-1715.62,115.432,443.848,1330.35,1330.35,5670.3,5670.3,-5600.63,-5600.63,1985.34,10.8442,3117.31,-3830.34,15758.3,-17649.6,-19573.2,12331.2,-3113.42,4026.77,2498.58,-3312.77,157.492,157.492,1300.01,1300.01,-514.142,518.199,-3229.54,-561.704,183.078,183.078,2636.75,850.855,3633.97,2453.88,210.616,210.616,361.604,361.742,2519.99,2519.99,2773.18,1469.19,2103.77,1300.51,788.657,245.363,245.363,-68.4231,-77.2596,0,-889.968,-988.915,0,-22.4596,1243.74,1243.74,60.0867,465.364,-515.711,-518.406,94.556,-627.331,-612.317,2103.82,-3581.1,-7490.39,-1454.15,-594.384,-594.384,266.252,2600.14,2600.14,1235.7,1226.79,2.55492e-06,0,1080.18,1080.18,0,2.16758e-06,0,1723.86,0,-1190.61,0,1.51794e-08,6.4363e-08,-1489.53,-1157.92,-1157.92,0,-311.31,-311.31,2.49367e-08,0,1668.3,2609.18,2609.18,2609.18,3118.02,0,0,0,597.38,597.38,597.38,0,-1061.76,-347.852,-347.852,-139.622,2.6489e-06,-69.8167,-69.8167,-6.60367e-10,4.85211e-10,7.50639e-10,1.414e-08,108.059,107.256,163.418,7.1037e-11,2.98773e-10,0,-3915.56,-3915.56,-3915.56,0,0,0,0,1.1601e-09,3.92797e-06,3683.23,3683.23,3.45226e-07,-6806.72,-1069.09,-1563.25,0,2.40451e-07,-1299.04,-3240.49,2.17532e-06,-23986,-13174.8,-3699.47,-3583.31,60.1185,3938.55,3938.55,4.58497e-06,-95623.5,1138.26,2.82935e-05,1.65137e-05,1214.5,1951.99,4822.3,9.7103e-06,1.3825e-06,1.7582e-06,540.905,7.37132e-07,8.31435e-05,0.000127941,8237.71,0.000558946,6011.95,8.68499e-06,903.262,3039.08,2.53101e-06,2116.14,5.19105e-07,2688.08,-5075.83,6.48497e-08,9.39322e-07,-3473.6,-3473.6,1.96204e-07,-24.0372,-24.0372,5.49373e-06,315.62,0,9.28703e-07,-3313.72,-8039.26,0,0
2020-08-05 15:00:00 UTC,-4244.35,-1237.06,4660.29,-774.576,-774.576,-558.108,1607.46,1835.98,-2239.87,-2239.87,2561.64,2077.54,-8934.62,-69.5994,1140.85,1992.1,3925.19,1241.55,-6947.25,-970.197,139.917,-3438.23,-3438.23,-3209.91,-4415.75,-1288.7,-765.952,510.069,167.918,2535.83,-883.293,-883.293,-2038.29,-1155.33,-1155.33,-6971.36,3956.19,3968.92,-13700.6,-13700.6,4424.9,8297.71,4148.75,2559.16,5879.99,-8118.25,-11937,-12024.9,-12708.2,284.762,-2083.83,-2083.83,410.472,-453.273,-799.493,410.888,410.888,-3444.51,1460.75,700.226,2112.12,-2560.4,-2761.42,1411.6,1411.6,-528.139,-655.917,592.028,592.028,570.965,3221.54,-2283.71,1141.85,1141.85,63.0824,63.0824,21.0865,15.9534,31.8111,-112.669,-231.825,171.854,-10.4104,-9.70897,4.42474,-49.0203,-22.6286,575.505,575.505,89.7185,89.7185,88.8505,88.8505,-1135.17,-1135.17,-1135.17,369.321,369.321,134.046,-297.022,-139.102,-139.102,207.883,207.883,-513.589,-187.732,-2557.54,-7.287,-7.287,-2103.97,-2103.97,-2103.97,6014.13,-1617.23,-1617.23,-1666.33,-1666.33,10.005,514.409,514.409,-93.4885,-93.4885,-6942.34,-6942.34,6486.86,6486.86,0,-266.385,-2859.85,-1167.53,2617.41,2617.41,-2252.15,12175.3,5336.52,-2301.24,-6901.46,-6901.46,1692.86,1692.86,-5916.54,-5916.54,649.925,1485.73,9505.13,3532.82,2899.45,2899.45,-1786.94,-1786.94,-1786.94,4651.41,4651.41,-5895.07,6.48418e-07,6.48418e-07,2122.47,-4070.18,-4070.18,5896.6,-2041.81,1729.11,0,3772.56,1588.62,-5552.45,-4102.12,-4102.12,-560.331,275.157,-69.835,-4303.11,-4303.11,-2833.22,1359.6,1359.6,13702.1,-8760.89,-13688.1,11954.7,12042.9,12726.5,-17332.2,3469.31,-3284.35,11954.7,12042.9,12726.5,-13081.8,-7192.21,-4458.42,861.194,18688.3,3348.41,15395.2,37979.6,20857.6,20857.6,2502.02,-12122,1193.24,2461.66,987.736,-1176.33,1253.06,-1325.58,-1120.39,-1227.37,1279.53,1309.07,1286.59,-1260.83,437.029,437.029,-1179.46,5248.86,5248.86,-11840.4,1280.58,1642.95,-1280.82,937.224,3103.21,5306.77,5306.77,8743,10512,11100.1,21319.3,-11328.4,6697.27,-8736.57,1948.04,6691.78,10713.7,6281.83,6279.53,-1947.65,-10496,-11082.8,4483.85,4536.34,3143.35,3649.35,2992.96,3812.9,2564.32,2564.32,523.034,1305.89,-2409.24,-2719.31,4467.07,-10503.4,-10503.4,-11091,-11091,-1784.43,-1784.43,130.549,500.52,1357.57,1357.57,5871.62,5871.62,-5902.44,-5902.44,2356.46,90.0498,3199.68,-4001.22,16282.5,-18834.6,-20896,12654.3,-3195.58,4535.15,2788.68,-3603.57,164.796,164.796,1532.41,1532.41,-649.157,616.849,-3739.64,-666.822,259.248,259.248,3058.31,975.063,4318.17,2799.2,257.517,257.517,454.118,454.29,2768.65,2768.65,3078.69,1659.7,2370.35,1541.47,1065.07,286.77,286.77,-27.7372,-31.7423,0,-920.215,-1022.56,0,25.0737,1294.61,1294.61,-11.9788,712.576,-550.391,-553.263,52.8173,-591.684,-577.384,2384.75,-3768.86,-7765.84,-1522.32,-641.863,-641.863,239.427,2740.7,2740.7,1334.56,1324.94,2.7451e-06,0,977.689,977.689,0,2.86522e-06,0,1916.48,0,-1288.66,0,1.46111e-08,6.52856e-08,-1625.13,-1267.91,-1267.91,0,-338.963,-338.963,2.83358e-08,0,2022.7,3084.09,3084.09,3084.09,3518.29,0,0,0,727.366,727.366,727.366,0,-1099.12,-347.568,-347.568,-126.156,3.33954e-06,-63.0824,-63.0824,-8.81851e-10,9.67157e-10,4.66923e-10,2.02207e-08,111.366,110.539,190.458,0,2.54743e-10,0,-4345.98,-4345.98,-4345.98,0,0,0,0,2.85895e-09,5.14892e-06,4032.71,4032.71,2.71165e-07,-7775.04,-1212.27,-1772.6,0,3.63828e-07,-1413.45,-3634.39,1.96574e-06,-26683,-14534,-3968.84,-3840.94,69.837,4322.42,4322.42,5.73358e-06,-107104,1322.41,4.09681e-05,1.97338e-05,1291.65,2075.99,5128.63,1.14131e-05,1.54725e-06,2.00702e-06,532.959,8.93053e-07,9.78948e-05,0.000131908,8321.18,0.000589848,6679.89,8.55185e-06,919.59,3539.22,3.07131e-06,2417.06,5.40274e-07,2985.45,-5837.91,8.61219e-08,9.93236e-07,-3798.99,-3798.99,2.79893e-07,-94.3097,-94.3097,6.7503e-06,558.261,0,1.06476e-06,-3576.26,-8888.71,0,0
2020-08-05 16:00:00 UTC,-4400.24,-1273.3,4602.68,-616.208,-616.208,-775.457,1554.98,1767.99,-2239.15,-2239.15,2819.07,2378.47,-9655.86,-63.0349,1323.99,2081.01,4306.8,1362.23,-7581.89,-1069.92,-85.6283,-3797.43,-3797.43,-3435.96,-4647.55,-1355.89,-815.008,559.125,152.136,2729.18,-957.475,-957.475,-2250.36,-1293.28,-1293.28,-7652.15,4493.95,4508.42,-15266.7,-15266.7,5021.8,9151.6,4503.39,2777.88,6666.31,-9244.65,-13353,-13451.3,-14215.8,311.318,-2313.5,-2313.5,442.883,-501.43,-899.717,451.437,451.437,-3854.77,1625.71,790.104,2368.17,-2888.45,-3115.3,1577.68,1577.68,-548.205,-656.98,602.592,602.592,591.655,3473.38,-2468.96,1234.48,1234.48,59.4479,59.4479,21.7429,15.394,34.0482,-125.961,-255.181,187.344,-11.0442,-10.3,4.82388,-53.3827,-32.5902,628.99,628.99,102.527,102.527,101.53,101.53,-1245.46,-1245.46,-1245.46,424.851,424.851,143.348,-325.141,-148.271,-148.271,228.051,228.051,-537.145,-204.456,-2775.97,-4.8555,-4.8555,-2291.36,-2291.36,-2291.36,6576.83,-1753.67,-1753.67,-1812.11,-1812.11,6.66901,558.181,558.181,-77.8073,-77.8073,-7532.28,-7532.28,7015.58,7015.58,0,-278.693,-3088.79,-1250.34,2829.94,2829.94,-2453.01,13309.8,5833.88,-2511.44,-7498.28,-7498.28,1839.08,1839.08,-6425.72,-6425.72,729.705,1623.58,10604.3,3555.83,3173.68,3173.68,-1960.49,-1960.49,-1960.49,5161.35,5161.35,-6400.16,6.48478e-07,6.48478e-07,2301.85,-4495.14,-4495.14,6508.74,-2291.25,1911.8,0,4205.06,1703.12,-6227.91,-4540.91,-4540.91,-620.037,273.459,-64.352,-4610.92,-4610.92,-3159.61,1523.7,1523.7,15306,-9870.31,-15288.6,13375.1,13473.8,14238.6,-19468.5,3842.42,-3660.67,13375.1,13473.8,14238.6,-14517.5,-8089.79,-5299.33,722.827,19827.4,3687.66,16389.5,40294.9,22108.3,22108.3,2617.78,-13352.8,1360.25,2555.56,1044.71,-1249.37,1340.42,-1435.61,-1198.91,-1315.15,1349.52,1380.68,1356.96,-1354.97,500.504,500.504,-1269.96,5643.22,5643.22,-12887.9,1504.51,1753.84,-1379.38,978.524,3274.8,5800.16,5800.16,9309.74,11049.8,11668.1,22334.2,-11687.1,7268.11,-9302.45,1938.36,7261.64,11210.1,6572.87,6570.47,-1937.98,-11032.2,-11648.9,4674.38,4729.11,3263.6,3788.97,3083.8,4123,2684.25,2684.25,508.918,1471.05,-2521.91,-2846.48,4634.54,-11040.3,-11040.3,-11657.9,-11657.9,-1836.27,-1836.27,145.215,555.372,1369.47,1369.47,6014.68,6014.68,-6151.83,-6151.83,2686.72,161.938,3255.64,-4134.52,16651.5,-19771.8,-21884.2,12883.9,-3251.39,4950.23,3017.12,-3839.21,162.771,162.771,1730.65,1730.65,-775.22,699.381,-4174.82,-753.393,331.681,331.681,3393.94,1079.05,4847.22,3062.35,302.256,302.256,535.51,535.712,2973.77,2973.77,3332.41,1819.29,2593.9,1752.98,1305.44,322.983,322.983,10.8565,11.4393,0,-948.996,-1054.66,0,70.0487,1335.36,1335.36,-80.4039,936.823,-578.332,-581.347,13.1835,-552.367,-538.879,2590.79,-3839.3,-7930.51,-1555.3,-677.828,-677.828,200.373,2836.77,2836.77,1403.08,1392.97,2.79973e-06,0,833.898,833.898,0,3.48448e-06,0,2010.97,0,-1355.84,0,1.38327e-08,5.87495e-08,-1713.35,-1364.59,-1364.59,0,-355.599,-355.599,3.13488e-08,0,2303.02,3488.65,3488.65,3488.65,3862.47,0,0,0,812.524,812.524,812.524,0,-1139.88,-351.669,-351.669,-118.888,3.99431e-06,-59.4479,-59.4479,9.42153e-10,2.23397e-09,-4.46941e-10,1.88519e-08,115.811,114.951,192.191,0,2.65372e-10,0,-4720.03,-4720.03,-4720.03,0,0,0,0,3.74342e-09,6.32389e-06,4316.8,4316.8,2.01574e-07,-8596.1,-1333.58,-1949.97,0,4.70132e-07,-1498.83,-3973.89,1.67786e-06,-28902.5,-15666.6,-4160.24,-4040.16,64.3538,4636.58,4636.58,6.80151e-06,-116531,1489.26,5.34502e-05,2.2469e-05,1352.05,2173.08,5368.48,1.28332e-05,1.68778e-06,2.20314e-06,530.094,1.01614e-06,0.000109251,0.000134808,8384.73,0.000612318,7247.64,8.47893e-06,929.483,3964.45,3.61022e-06,2687.85,5.64817e-07,3203.03,-6432.45,1.09943e-07,1.05072e-06,-4062.4,-4062.4,3.68366e-07,-160.148,-160.148,7.98133e-06,775.752,0,1.13479e-06,-3771.14,-9556.41,0,0
2020-08-05 17:00:00 UTC,-4480.12,-1285.84,4468.88,-448.271,-448.271,-978.866,1477.89,1671.62,-2203.36,-2203.36,3058.64,2638.2,-10242.8,-36.0962,1479.38,2156.54,4609.3,1457.89,-8115.91,-1156.8,-319.954,-4082.22,-4082.22,-3596.2,-4785.68,-1396.1,-851.68,595.797,132.322,2873.01,-1013.33,-1013.33,-2413.07,-1400.2,-1400.2,-8201,5033.44,5049.66,-16734.9,-16734.9,5611.34,9917.67,4798.44,2959.84,7429.2,-10238.7,-14693.6,-14801.7,-15643.1,359.982,-2536.56,-2536.56,479.481,-556.683,-1035.39,473.46,473.46,-4268.89,1754.85,878.45,2601.67,-3204,-3455.71,1722.76,1722.76,-553.988,-632.371,593.179,593.179,596.564,3673.88,-2637.34,1318.67,1318.67,51.5333,51.5333,22.1905,14.6997,36.9367,-138.292,-283.778,205.085,-13.3556,-12.4557,2.70187,-59.7446,-42.1236,677.848,677.848,118.959,118.959,117.797,117.797,-1346.07,-1346.07,-1346.07,477.965,477.965,147.197,-358.089,-153.65,-153.65,252.223,252.223,-555.937,-221.88,-2957.67,-9.9775,-9.9775,-2469.72,-2469.72,-2469.72,7087.03,-1888.18,-1888.18,-1949.95,-1949.95,13.7041,601.985,601.985,-52.4753,-52.4753,-8078.98,-8078.98,7491.2,7491.2,0,-286.786,-3296.25,-1327.15,3019.19,3019.19,-2642.03,14367,6297.36,-2703.79,-8056.05,-8056.05,1969.82,1969.82,-6901.07,-6901.07,791.631,1743.04,11651.4,3517.78,3430.31,3430.31,-2125.95,-2125.95,-2125.95,5643.41,5643.41,-6874.06,6.48359e-07,6.48359e-07,2475.57,-4902.61,-4902.61,7098.28,-2534.75,2083.5,0,4620.63,1801.22,-6874.06,-4965.12,-4965.12,-673.353,277.623,-65.442,-4884.52,-4884.52,-3478.56,1671.1,1671.1,16828.8,-10944.7,-16807.7,14720.4,14829,15670.8,-21523.9,4216.34,-3995.99,14720.4,14829,15670.8,-15870.4,-8953.91,-6156.42,562.553,20793,4001.17,17244.8,42275.5,23175.6,23175.6,2706.68,-14491.1,1496.51,2626.43,1096.19,-1313.06,1418.73,-1531.56,-1268.61,-1393.02,1408.19,1440.72,1415.96,-1438.33,558.786,558.786,-1350.05,6001.08,6001.08,-13829.8,1701.86,1857.21,-1466.59,1015.14,3426.81,6251.33,6251.33,9801.78,11492.6,12135.6,23155.1,-11939.5,7785.92,-9793.7,1907.12,7778.5,11605.3,6804.59,6802.1,-1906.75,-11473.5,-12114.9,4810.84,4867.17,3360.84,3901.87,3147.1,4407.17,2770.67,2770.67,497.053,1625.57,-2603.11,-2938.11,4765.1,-11482.3,-11482.3,-12124.7,-12124.7,-1874.06,-1874.06,157.139,599.903,1374.08,1374.08,6114.91,6114.91,-6363.64,-6363.64,3002.63,236.099,3290.49,-4240.51,16887.5,-20511.3,-22682.4,13027.6,-3286.15,5331.32,3221.56,-4044.43,155.452,155.452,1922.55,1922.55,-896,778.887,-4578.31,-830.442,403.114,403.114,3690.25,1175.3,5292.11,3287.17,348.877,348.877,617.142,617.374,3157.65,3157.65,3563.68,1967.82,2800.58,1960.68,1539.05,358.546,358.546,49.2819,54.4331,0,-979.724,-1088.94,0,114.898,1376.04,1376.04,-148.681,1149.4,-600.56,-603.688,-26.2433,-506.941,-494.406,2756.95,-3858.71,-8007.27,-1589.39,-708.573,-708.573,172.89,2882.98,2882.98,1445.81,1435.39,2.75227e-06,0,674.24,674.24,0,4.12228e-06,0,2112.43,0,-1396.04,0,1.64752e-08,4.88287e-08,-1764.88,-1436.5,-1436.5,0,-364.027,-364.027,3.4826e-08,0,2604.63,3881.23,3881.23,3881.23,4176.67,0,0,0,931.519,931.519,931.519,0,-1150.57,-342.845,-342.845,-103.061,4.68687e-06,-51.5333,-51.5333,4.80396e-10,2.26265e-09,-3.50656e-10,2.15042e-08,116.269,115.406,204.234,0,-1.75688e-10,0,-5056.4,-5056.4,-5056.4,0,0,0,0,5.75144e-09,7.51382e-06,4569.74,4569.74,1.08104e-07,-9363.56,-1440.53,-2106.34,0,6.43421e-07,-1569.61,-4283.89,1.3225e-06,-30930.4,-16682.3,-4328.43,-4206.25,65.4439,4916.94,4916.94,7.82749e-06,-125224,1647.82,6.61829e-05,2.48631e-05,1395.58,2243.04,5541.32,1.38959e-05,1.799e-06,2.37324e-06,512.033,1.12665e-06,0.000118714,0.000136519,8418.52,0.000626642,7762.43,8.35418e-06,931.069,4357.96,4.17888e-06,2951.57,5.98245e-07,3386.87,-6949.57,1.40469e-07,1.10905e-06,-4297.32,-4297.32,4.66223e-07,-226.406,-226.406,9.31616e-06,979.336,0,1.1737e-06,-3947.42,-10178,0,0
2020-08-05 18:00:00 UTC,-4516.68,-1288.04,4272.87,-271.912,-271.912,-1174.88,1374.59,1545.06,-2120.68,-2120.68,3231.04,2879.35,-10697.7,-44.0656,1631.49,2174.9,4884.19,1544.82,-8528.41,-1225.89,-542.793,-4371.55,-4371.55,-3733.21,-4850.1,-1416.75,-886.535,630.652,99.4358,3008.46,-1063.06,-1063.06,-2546.28,-1483.74,-1483.74,-8670.48,5524.95,5542.76,-18035.1,-18035.1,6146.13,10603.9,5033.36,3104.71,8117.72,-11196.9,-15905.3,-16022.4,-16933.3,433.949,-2748.14,-2748.14,518.671,-619.402,-1214.48,458.625,458.625,-4680.3,1801.05,952.098,2775.41,-3500.3,-3775.36,1822.78,1822.78,-538.309,-569.729,554.019,554.019,577.779,3821.13,-2776.94,1388.47,1388.47,37.6095,37.6095,22.1305,13.7086,41.2678,-149.72,-317.64,222.74,-14.3465,-13.3798,0.997794,-65.5635,-50.3456,718.874,718.874,143.407,143.407,141.999,141.999,-1435.96,-1435.96,-1435.96,529.752,529.752,142.272,-394.731,-154.075,-154.075,279.412,279.412,-563.525,-238.419,-3102.33,-18.729,-18.729,-2631.91,-2631.91,-2631.91,7535.77,-2013.22,-2013.22,-2072.86,-2072.86,25.7252,643.839,643.839,-25.8045,-25.8045,-8560.94,-8560.94,7895.51,7895.51,0,-293.437,-3474.11,-1388.36,3178.04,3178.04,-2804.73,15304.9,6708.55,-2864.36,-8549.66,-8549.66,2086.56,2086.56,-7323.75,-7323.75,855.056,1843.94,12587.8,3430.45,3651.5,3651.5,-2268.37,-2268.37,-2268.37,6071.22,6071.22,-7297.68,6.48577e-07,6.48577e-07,2640.49,-5270.99,-5270.99,7634,-2753.43,2235.02,0,4991.19,1884.69,-7440.16,-5343.48,-5343.48,-711.016,277.376,-65.884,-5116.22,-5116.22,-3766.22,1804.51,1804.51,18203.7,-11915.5,-18179,15936.8,16054.4,16965.7,-23379.9,4549.02,-4301.94,15936.8,16054.4,16965.7,-17059.6,-9732.05,-6967.85,400.736,21568.1,4272.58,17941.2,43885.8,24043.9,24043.9,2773.67,-15472.7,1602.5,2679.56,1140.1,-1367.95,1484.8,-1609.23,-1327.06,-1458.04,1456.23,1489.88,1464.27,-1507.43,609.453,609.453,-1416.14,6307.02,6307.02,-14627.2,1865.17,1941.91,-1538.55,1046.96,3557.65,6638.98,6638.98,10204.5,11842.9,12505.5,23802.3,-12107.8,8218.73,-10195.8,1870.05,8210.46,11913.1,6985.09,6982.54,-1869.7,-11822.6,-12483.6,4903.89,4961.32,3440.38,3994.22,3197.88,4645.39,2827.31,2827.31,496.559,1757.17,-2656.33,-2998.17,4881.08,-11831.9,-11831.9,-12493.9,-12493.9,-1904.88,-1904.88,167.225,637.609,1376.37,1376.37,6195.2,6195.2,-6537.91,-6537.91,3269.48,299.021,3315.89,-4326.97,17068.9,-21078.4,-23311.7,13132.9,-3311.49,5647.13,3387.37,-4212.59,145.68,145.68,2085.66,2085.66,-1000.1,846.13,-4910.71,-891.979,466.609,466.609,3932.96,1253.79,5659.98,3466.32,390.756,390.756,688.974,689.232,3310.53,3310.53,3757.23,2093.14,2975.74,2131.26,1737.82,387.477,387.477,87.0092,96.6575,0,-997.669,-1109.07,0,157.712,1395.8,1395.8,-214.958,1352.61,-618.288,-621.506,-65.4755,-458.611,-447.12,2886.34,-3822.46,-8019.95,-1622.86,-733.809,-733.809,155.851,2902.36,2902.36,1481.39,1470.71,2.67069e-06,0,510.613,510.613,0,4.61519e-06,0,2122.15,0,-1416.69,0,1.45699e-08,4.17428e-08,-1777.15,-1504.23,-1504.23,0,-365.012,-365.012,3.95338e-08,0,2892.89,4253.98,4253.98,4253.98,4457.77,0,0,0,1019.42,1019.42,1019.42,0,-1116.11,-314.996,-314.996,-75.2159,5.27391e-06,-37.6095,-37.6095,1.29344e-10,1.59622e-09,-3.54473e-10,2.31906e-08,111.362,110.536,221.753,7.1021e-11,2.03557e-10,0,-5339.43,-5339.43,-5339.43,0,0,0,0,6.84386e-09,8.64051e-06,4781.38,4781.38,3.9904e-08,-10055.5,-1539.07,-2250.41,0,8.21024e-07,-1632.34,-4548.93,9.63855e-07,-32684.4,-17540.4,-4474.38,-4342.62,65.886,5153.06,5153.06,8.74346e-06,-132793,1777.94,7.80261e-05,2.68578e-05,1424.1,2288.9,5654.6,1.45543e-05,1.90276e-06,2.51472e-06,496.558,1.22581e-06,0.0001264,0.000137601,8433.21,0.00063729,8192.56,8.25594e-06,931.257,4684.53,4.67787e-06,3180.32,6.27827e-07,3528.94,-7367.94,1.70714e-07,1.15596e-06,-4491.49,-4491.49,5.61521e-07,-279.174,-279.174,1.04547e-05,1175.55,0,1.17324e-06,-4103.45,-10731.8,0,0
2020-08-05 19:00:00 UTC,-4496.76,-1275.3,4086.65,-146.689,-146.689,-1310.93,1282.74,1433.66,-1982.17,-1982.17,3342.45,3050.49,-10962.4,-40.0924,1741.17,2174.09,5058.63,1599.98,-8785.16,-1271.12,-710.125,-4569.25,-4569.25,-3806.55,-4818.27,-1409.49,-909.861,653.978,60.5516,3097.59,-1094.85,-1094.85,-2627.69,-1533.4,-1533.4,-8977.24,5885.53,5904.51,-18937.7,-18937.7,6544.04,11052,5174.86,3191.97,8638.43,-11955.8,-16746.5,-16869.8,-17828.9,479.51,-2899.06,-2899.06,558.297,-661.467,-1423.47,446.968,446.968,-4971.1,1836.38,1008.99,2886.7,-3705.76,-3997.02,1877.14,1877.14,-523.559,-517.334,520.446,520.446,560.385,3904.18,-2865.63,1432.81,1432.81,26.2136,26.2136,22.2254,13.208,44.879,-158.102,-343.54,236.828,-14.8506,-13.8499,-0.00899239,-69.6675,-55.4637,748.931,748.931,162.527,162.527,160.927,160.927,-1504.08,-1504.08,-1504.08,573.582,573.582,138.627,-421.695,-154.196,-154.196,300.463,300.463,-562.371,-250.583,-3189.45,-24.5625,-24.5625,-2742.69,-2742.69,-2742.69,7850.33,-2092.33,-2092.33,-2160.45,-2160.45,33.7384,673.921,673.921,-13.0192,-13.0192,-8892.65,-8892.65,8174.34,8174.34,0,-301.016,-3600.34,-1430.17,3287.05,3287.05,-2913.68,15953.5,6992.91,-2981.79,-8886.96,-8886.96,2171.05,2171.05,-7613.58,-7613.58,890.903,1911.61,13247.9,3363.76,3806.13,3806.13,-2366.1,-2366.1,-2366.1,6372.61,6372.61,-7583.8,6.48452e-07,6.48452e-07,2758.43,-5532.27,-5532.27,8013.91,-2914.59,2335.4,0,5252.99,1938.46,-7851.98,-5610.98,-5610.98,-739.916,280.259,-65.849,-5274.72,-5274.72,-3967.42,1897.32,1897.32,19163.5,-12604.3,-19136.2,16781.5,16905.2,17864.9,-24689.9,4789.25,-4507.83,16781.5,16905.2,17864.9,-17902.2,-10283.2,-7550.92,282.603,22084.3,4462.54,18408,44958.7,24621,24621,2814.74,-16156.9,1673.11,2711.18,1169.66,-1405.07,1529.92,-1661.91,-1366.92,-1502.38,1487.69,1522.08,1495.9,-1554.47,645.359,645.359,-1461.1,6517.02,6517.02,-15175.4,1978.16,2001.52,-1587.49,1067.32,3644.84,6907.49,6907.49,10469.9,12069.2,12744.5,24223,-12198,8507.61,-10460.6,1841.39,8498.75,12106.4,7098.41,7095.81,-1841.05,-12048.1,-12721.6,4957.35,5015.41,3495.66,4058.39,3219.49,4801.76,2862.13,2862.13,488.712,1847.13,-2689.04,-3035.09,4976.97,-12057.8,-12057.8,-12732.4,-12732.4,-1930.27,-1930.27,174.941,666.52,1379.72,1379.72,6262.77,6262.77,-6672.69,-6672.69,3441.53,336.82,3342.21,-4395.72,17266.9,-21382.3,-23712.3,13236.9,-3337.73,5837.57,3481.31,-4323.03,134.197,134.197,2186.27,2186.27,-1072.79,885.222,-5118.01,-928.748,511.362,511.362,4078.45,1300.47,5874.94,3567.01,418.522,418.522,734.884,735.159,3411.06,3411.06,3882.76,2173.02,3089.91,2239.97,1866.52,405.894,405.894,114.209,127.104,0,-1006.98,-1119.58,0,187.948,1405.84,1405.84,-262.52,1493.39,-627.208,-630.47,-94.0307,-419.754,-409.119,2955.42,-3763.38,-8006.75,-1645.39,-750.511,-750.511,144.952,2886.03,2886.03,1499.24,1488.43,2.58e-06,0,394.522,394.522,0,4.88065e-06,0,2124.85,0,-1409.43,0,1.40678e-08,3.06176e-08,-1752.88,-1548.8,-1548.8,0,-357.234,-357.234,4.19736e-08,0,3090.3,4512.71,4512.71,4512.71,4670.53,0,0,0,1072.28,1072.28,1072.28,0,-1083.96,-291.149,-291.149,-52.4257,5.65163e-06,-26.2136,-26.2136,9.7723e-10,3.74866e-09,8.45089e-10,2.63001e-08,107.203,106.407,228.511,0,3.80959e-10,0,-5537.22,-5537.22,-5537.22,0,0,0,0,8.07004e-09,9.48977e-06,4922.38,4922.38,9.92887e-09,-10527.9,-1596.74,-2334.73,0,9.88596e-07,-1665.5,-4734.42,7.18855e-07,-33889.1,-18125.4,-4569.23,-4430.9,65.851,5314.41,5314.41,9.4035e-06,-137992,1868.2,8.69584e-05,2.82046e-05,1441.64,2317.08,5724.24,1.48946e-05,1.98783e-06,2.62032e-06,495.077,1.28584e-06,0.000130674,0.000138306,8425.51,0.000647922,8479.58,8.30069e-06,934.671,4889.65,5.00336e-06,3334.22,6.51802e-07,3598.2,-7611.98,1.90172e-07,1.18575e-06,-4617.32,-4617.32,6.32781e-07,-316.762,-316.762,1.11983e-05,1311.77,0,1.14914e-06,-4207.1,-11112.6,0,0
2020-08-05 20:00:00 UTC,-4474.91,-1263.5,3945.65,-66.3123,-66.3123,-1400.27,1212.13,1348.33,-1867.12,-1867.12,3426,3166.3,-11140.3,-19.8376,1814.12,2184.02,5167.5,1634.41,-8967.75,-1303.57,-828.262,-4704.94,-4704.94,-3869.64,-4793.38,-1403.89,-929.761,673.878,27.86,3173.68,-1119.32,-1119.32,-2679.25,-1560.5,-1560.5,-9194.22,6101.52,6121.2,-19498.2,-19498.2,6790.67,11339.1,5269.88,3250.57,8973.51,-12499.9,-17263.2,-17390.2,-18379,498.242,-2989.98,-2989.98,572.268,-683.576,-1490.19,449.526,449.526,-5135.44,1879.19,1047.05,2949.57,-3831.04,-4132.19,1901.91,1901.91,-518.826,-492.914,505.87,505.87,554.483,3962.19,-2917.72,1458.86,1458.86,20.8301,20.8301,22.4728,13.0495,46.3624,-163.197,-354.948,243.317,-15.1664,-14.1445,-0.341661,-71.6484,-58.7603,768.645,768.645,170.195,170.195,168.517,168.517,-1546.89,-1546.89,-1546.89,604.245,604.245,138.825,-434.294,-155.235,-155.235,309.854,309.854,-559.431,-256.852,-3247.95,-21.5225,-21.5225,-2799.48,-2799.48,-2799.48,8042.3,-2126.58,-2126.58,-2206.81,-2206.81,29.5623,694.246,694.246,-8.89734,-8.89734,-9100.26,-9100.26,8345.51,8345.51,0,-308.115,-3684.64,-1452.57,3353.16,3353.16,-2981.79,16335.5,7160.41,-3062.01,-9096.37,-9096.37,2233,2233,-7793.31,-7793.31,910.639,1951.15,13661.4,3325.79,3905.09,3905.09,-2433.85,-2433.85,-2433.85,6563.33,6563.33,-7758.24,6.48373e-07,6.48373e-07,2834.79,-5696.82,-5696.82,8251.39,-3021.78,2389.07,0,5414.02,1966.01,-8118.21,-5778.22,-5778.22,-756.93,283.029,-66.797,-5371.22,-5371.22,-4090.26,1955.68,1955.68,19755.3,-13035.1,-19726.3,17300.3,17427.9,18417.2,-25505.6,4932.27,-4639.36,17300.3,17427.9,18417.2,-18429.2,-10627.2,-7919.1,212.626,22390.4,4579.94,18684.8,45591,24959.4,24959.4,2837.84,-16580,1714.64,2728.68,1186.79,-1430.09,1556.72,-1694.17,-1390.71,-1528.87,1505.37,1540.17,1513.68,-1582.77,667.302,667.302,-1488.23,6645.99,6645.99,-15511,2046.97,2037.87,-1617.06,1077.31,3697.1,7072.66,7072.66,10628.4,12196.9,12879.4,24457.4,-12238.1,8685.29,-10618.9,1817.23,8676.05,12210,7159.16,7156.55,-1816.9,-12175.4,-12856.1,4982.65,5041.01,3527.05,4094.84,3222.21,4898.05,2880.87,2880.87,477.493,1903.92,-2706.65,-3054.97,5032.39,-12185.3,-12185.3,-12867.1,-12867.1,-1944.41,-1944.41,179.552,683.785,1380.79,1380.79,6299.64,6299.64,-6758.79,-6758.79,3550.17,361.473,3359.12,-4437.5,17374.4,-21546.6,-23927.9,13307.9,-3354.6,5943.63,3531.05,-4388.59,125.391,125.391,2244.57,2244.57,-1119.33,907.312,-5243.75,-950.007,540.383,540.383,4161.83,1327.03,5999.73,3621.34,435.601,435.601,762.479,762.764,3472.27,3472.27,3957.77,2219.63,3157.88,2303.58,1942.91,416.591,416.591,131.975,146.994,0,-1011.26,-1124.47,0,207,1408.37,1408.37,-293.489,1587.66,-632.937,-636.227,-112.987,-394.36,-384.292,2991.34,-3710.2,-7987.44,-1659.38,-760.463,-760.463,139.017,2869.21,2869.21,1515.62,1504.69,2.5344e-06,0,317.547,317.547,0,5.03624e-06,0,2154.61,0,-1403.84,0,1.55336e-08,2.32539e-08,-1733.4,-1586.84,-1586.84,0,-350.837,-350.837,4.61386e-08,0,3187.09,4667.37,4667.37,4667.37,4804.06,0,0,0,1084.52,1084.52,1084.52,0,-1073.33,-280.605,-280.605,-41.6592,5.87133e-06,-20.8301,-20.8301,1.26078e-09,3.81876e-09,-1.57515e-10,2.47786e-08,105.859,105.073,216.835,7.40334e-11,3.1351e-10,0,-5662.38,-5662.38,-5662.38,0,0,0,0,9.39719e-09,1.00423e-05,5007.4,5007.4,2.04965e-09,-10811.8,-1625.7,-2377.07,0,1.08773e-06,-1680.14,-4848.66,5.74e-07,-34625.8,-18472.1,-4621.7,-4479.67,66.7991,5412.31,5412.31,9.81514e-06,-141204,1927.68,9.26852e-05,2.89736e-05,1451.08,2332.26,5761.72,1.50632e-05,2.03708e-06,2.68812e-06,492.136,1.3218e-06,0.000132678,0.000139339,8452.94,0.000655157,8656.07,8.38937e-06,935.723,5014.06,5.21419e-06,3434.27,6.66259e-07,3629.67,-7748.47,2.04246e-07,1.20375e-06,-4692.4,-4692.4,6.83688e-07,-339.767,-339.767,1.16366e-05,1401.23,0,1.11679e-06,-4266.64,-11344.5,0,0
2020-08-05 21:00:00 UTC,-4501.51,-1268.35,3777.58,47.1111,47.1111,-1485.78,1125.24,1243.6,-1914.13,-1914.13,3493.73,3263.05,-11330,-10.9378,1875.36,2200.9,5275.56,1668.58,-9147.12,-1332.82,-925.974,-4849.48,-4849.48,-3959.47,-4831.98,-1416.76,-952.791,696.908,5.51161,3263.13,-1146.05,-1146.05,-2726.35,-1580.9,-1580.9,-9405.27,6246.39,6266.54,-19917.8,-19917.8,6962.4,11568.6,5364.68,3309.03,9215.94,-12922.1,-17634.7,-17764.4,-18774.5,506.599,-3057.95,-3057.95,583.783,-698.011,-1518.02,459.504,459.504,-5246,1926.6,1075.99,2994.5,-3914.7,-4222.44,1917.89,1917.89,-526.726,-495.794,511.26,511.26,562.737,4029.3,-2955.03,1477.51,1477.51,20.1687,20.1687,23.1568,13.5592,47.4328,-166.898,-361.67,247.97,-15.3578,-14.323,-0.211189,-72.938,-59.5643,786.563,786.563,173.312,173.312,171.602,171.602,-1584.04,-1584.04,-1584.04,626.719,626.719,141.715,-442.583,-158.116,-158.116,315.743,315.743,-562.91,-261.828,-3306.32,-17.6505,-17.6505,-2837.49,-2837.49,-2837.49,8180.1,-2147.56,-2147.56,-2235.84,-2235.84,24.2452,700.173,700.173,-7.37787,-7.37787,-9229.14,-9229.14,8464.73,8464.73,0,-310.046,-3741.37,-1481.36,3402.82,3402.82,-3034.12,16607.1,7279.46,-3122.39,-9225.92,-9225.92,2260.96,2260.96,-7900.05,-7900.05,921.281,1979.88,13962.5,3305.2,3978.51,3978.51,-2487.2,-2487.2,-2487.2,6704.52,6704.52,-7861.46,6.48227e-07,6.48227e-07,2896.04,-5818.02,-5818.02,8428.45,-3103.61,2422.83,0,5529.74,1983.96,-8314.46,-5899.44,-5899.44,-768.32,289.718,-61.226,-5439.21,-5439.21,-4178.34,1998.79,1998.79,20183.9,-13349.6,-20153.6,17673.4,17803.8,18814.5,-26099.6,5034.02,-4737.61,17673.4,17803.8,18814.5,-18809.8,-10874.8,-8198.44,153.394,22604.2,4660.5,18881.2,46035.3,25201.1,25201.1,2854.98,-16860.6,1730.43,2744.17,1196.3,-1454.11,1574.98,-1716.73,-1407.97,-1547.8,1520.01,1555.16,1528.4,-1602.26,682.655,682.655,-1506.53,6738.34,6738.34,-15732.5,2081.19,2071.4,-1636.96,1081.97,3735.38,7180.07,7180.07,10741.5,12291.5,12979.2,24630.5,-12276,8811.39,-10731.8,1803.14,8801.88,12282.6,7201.73,7199.1,-1802.81,-12269.6,-12955.5,4999.51,5058.07,3551.72,4123.48,3220.89,4967.07,2894.31,2894.31,466.875,1943.74,-2719.28,-3069.22,5072.62,-12279.6,-12279.6,-12966.7,-12966.7,-1956.38,-1956.38,182.127,693.469,1384.73,1384.73,6333.86,6333.86,-6829.9,-6829.9,3625.83,378.676,3374.24,-4473.29,17467.7,-21669.7,-24080.7,13366.7,-3369.67,6018.58,3564.33,-4434.89,117.124,117.124,2287.84,2287.84,-1150.98,922.894,-5326.87,-962.464,561.071,561.071,4211.59,1342.75,6078.73,3650.38,448.967,448.967,784.165,784.458,3516.91,3516.91,4012.76,2254.02,3208.92,2350.75,2001.94,424.427,424.427,149.501,166.619,0,-1011.86,-1125.29,0,225.326,1404.48,1404.48,-323.823,1678.56,-638.56,-641.879,-131.885,-369.494,-359.99,3006.43,-3638.82,-7973.03,-1677.26,-768.123,-768.123,141.589,2884.93,2884.93,1542.13,1531.01,2.50342e-06,0,205.556,205.556,0,5.16986e-06,0,2180.04,0,-1416.71,0,1.53825e-08,2.15019e-08,-1737.72,-1631.56,-1631.56,0,-351.176,-351.176,4.828e-08,0,3237.25,4767.61,4767.61,4767.61,4919.22,0,0,0,1081.63,1081.63,1081.63,0,-1089.48,-283.018,-283.018,-40.3364,6.01052e-06,-20.1687,-20.1687,1.36731e-09,3.92487e-09,9.46812e-10,2.55356e-08,107.433,106.637,204.455,0,-2.32298e-10,0,-5755.89,-5755.89,-5755.89,0,0,0,0,8.1768e-09,1.04505e-05,5067.58,5067.58,-4.19822e-10,-11014.1,-1641.46,-2400.1,0,1.15828e-06,-1686.49,-4930.38,4.72304e-07,-35124.8,-18727.8,-4657.94,-4521.56,61.2278,5480.74,5480.74,1.0123e-05,-143255,1966.86,9.69559e-05,2.95387e-05,1457.85,2343.14,5788.61,1.5173e-05,2.07654e-06,2.74962e-06,487.101,1.35646e-06,0.000133902,0.000140104,8470.4,0.000661191,8781.31,8.47531e-06,936.66,5096.1,5.36605e-06,3509.3,6.81545e-07,3645.46,-7826.55,2.13331e-07,1.21213e-06,-4745.81,-4745.81,7.21617e-07,-357.903,-357.903,1.19568e-05,1486.86,0,1.06976e-06,-4319,-11529.3,0,0
2020-08-05 22:00:00 UTC,-4452.26,-1250.37,3634.03,83.7206,83.7206,-1490.58,1061.31,1166.46,-1855.27,-1855.27,3528.88,3278.93,-11327.9,58.6816,1881.7,2232.98,5248.33,1659.97,-9186.49,-1342.71,-963.123,-4869.45,-4869.45,-3982.42,-4822.5,-1414.81,-960.008,704.125,-6.28038,3290.73,-1151.48,-1151.48,-2721.98,-1571.09,-1571.09,-9428.33,6239.23,6259.35,-19918.3,-19918.3,6965.83,11587.4,5368.66,3311.48,9237.34,-12998.9,-17625.6,-17755.3,-18764.8,499.834,-3061.13,-3061.13,582.086,-696.032,-1499.93,464.501,464.501,-5237.11,1941.25,1081.39,2979.39,-3910.1,-4217.49,1897.38,1897.38,-532.258,-503.818,518.038,518.038,568.769,4030.62,-2945.51,1472.76,1472.76,21.3714,21.3714,23.6171,14.1192,47.4592,-167.059,-360.588,248.176,-15.5456,-14.4982,-0.13234,-73.0359,-58.203,790.951,790.951,171.269,171.269,169.579,169.579,-1590.86,-1590.86,-1590.86,632.356,632.356,144.119,-442.211,-159.56,-159.56,315.202,315.202,-563.611,-262.386,-3308.77,-13.6465,-13.6465,-2827.34,-2827.34,-2827.34,8176.07,-2132.82,-2132.82,-2226.75,-2226.75,18.7441,695.776,695.776,-11.7284,-11.7284,-9216.4,-9216.4,8460.53,8460.53,0,-310.026,-3743.75,-1487.42,3402.9,3402.9,-3036.55,16592.2,7272.96,-3130.47,-9211.27,-9211.27,2257.28,2257.28,-7884.34,-7884.34,914.261,1975.95,13971.3,3304.57,3985.48,3985.48,-2496.78,-2496.78,-2496.78,6711.84,6711.84,-7843.28,6.48427e-07,6.48427e-07,2909.85,-5827.95,-5827.95,8442.26,-3119.67,2406.76,0,5529.74,1973.26,-8334.24,-5905.55,-5905.55,-764.918,296.213,-63.279,-5433.77,-5433.77,-4177.54,1998.97,1998.97,20182,-13362.7,-20151.6,17664.3,17794.5,18804.7,-26116.2,5033.42,-4738.74,17664.3,17794.5,18804.7,-18816.9,-10880.6,-8228.48,146.988,22577.9,4655.86,18861,45981.5,25172.6,25172.6,2851.91,-16836.9,1708.74,2744.62,1191.52,-1467.62,1572.96,-1715.65,-1406.94,-1546.51,1518.66,1553.77,1527.04,-1600.63,680.279,680.279,-1504.81,6738.44,6738.44,-15706,2060.33,2078.07,-1635.08,1075.16,3737.36,7167.73,7167.73,10728.4,12278.5,12965.5,24610.3,-12264.6,8794.26,-10718.8,1802.88,8784.79,12264.3,7191.01,7188.38,-1802.55,-12256.7,-12941.9,4992.2,5050.68,3550.47,4122.03,3208.78,4956.2,2892.32,2892.32,458.791,1938.45,-2717.41,-3067.11,5084.05,-12266.7,-12266.7,-12953.1,-12953.1,-1957.67,-1957.67,183.162,697.409,1382.5,1382.5,6334.89,6334.89,-6838.47,-6838.47,3611.24,372.789,3364.48,-4476.56,17442.7,-21620.8,-24046.3,13328.4,-3359.94,5982.78,3534.02,-4427.98,107.08,107.08,2274.73,2274.73,-1146.53,914.096,-5286.64,-948.015,560.058,560.058,4153.22,1328.21,5975.7,3593.04,451.438,451.438,782.173,782.466,3512.21,3512.21,4004.9,2247.42,3204.34,2336.72,1986.3,421.849,421.849,153.794,171.435,0,-1009.39,-1122.65,0,229.493,1392.63,1392.63,-331.138,1687.7,-629.333,-632.604,-136.647,-351.896,-342.802,2948.62,-3588.02,-7956.66,-1688.91,-768.292,-768.292,152.955,2851.31,2851.31,1545.73,1534.58,2.47603e-06,0,168.171,168.171,0,5.03317e-06,0,2281.31,0,-1414.75,0,1.73164e-08,1.70072e-08,-1729.19,-1645.36,-1645.36,0,-348.888,-348.888,5.14422e-08,0,3207.94,4757.96,4757.96,4757.96,4939.84,0,0,0,1064.25,1064.25,1064.25,0,-1101.05,-287.227,-287.227,-42.7418,5.91267e-06,-21.3714,-21.3714,1.20047e-09,4.11244e-09,1.32142e-09,2.52358e-08,108.793,107.986,190.428,0,-1.70717e-10,0,-5758.62,-5758.62,-5758.62,0,0,0,0,9.50362e-09,1.04509e-05,5060.59,5060.59,-1.27989e-10,-10998.2,-1623.93,-2374.48,0,1.16116e-06,-1673.5,-4927.46,4.70124e-07,-35091.7,-18714,-4650.38,-4518.08,63.2809,5474.09,5474.09,1.01038e-05,-143038,1958.69,9.67634e-05,2.95073e-05,1456.85,2341.53,5784.62,1.51181e-05,2.0971e-06,2.78657e-06,497.82,1.37443e-06,0.000133011,0.00013888,8416.79,0.000657387,8764.3,8.67181e-06,944.441,5054.49,5.34319e-06,3515.26,6.97201e-07,3595.07,-7711.87,2.11135e-07,1.21243e-06,-4737.51,-4737.51,7.21722e-07,-353.776,-353.776,1.17682e-05,1491.67,0,1.01332e-06,-4324.03,-11547.6,0,0
2020-08-05 23:00:00 UTC,-4364.39,-1223.42,3513.02,58.7365,58.7365,-1420.01,1008.1,1105.93,-1800.07,-1800.07,3499.94,3198.35,-11126.2,131.892,1826.46,2252.34,5104.15,1614.38,-9048.9,-1323.98,-921.874,-4765.7,-4765.7,-3932.77,-4756.39,-1396.38,-950.166,694.283,-7.08625,3251.58,-1134.21,-1134.21,-2663.66,-1530.02,-1530.02,-9250.97,6055.44,6074.97,-19425.6,-19425.6,6774.44,11338.2,5272.14,3251.96,9003.92,-12723.6,-17162.1,-17288.4,-18271.3,474.755,-2987.43,-2987.43,567.799,-674.443,-1420.81,467.659,467.659,-5084.3,1923.34,1057.63,2899.81,-3796.52,-4094.94,1841.59,1841.59,-538.547,-525.686,532.116,532.116,576.166,3964.83,-2879.29,1439.64,1439.64,26.2492,26.2492,24.0261,15.0109,46.2453,-162.901,-348.374,241.869,-15.187,-14.1637,0.510022,-70.9894,-53.5401,778.869,778.869,162.038,162.038,160.441,160.441,-1563.3,-1563.3,-1563.3,619.98,619.98,146.117,-429.385,-159.566,-159.566,305.42,305.42,-558.1,-256.681,-3249.35,-8.4235,-8.4235,-2763.99,-2763.99,-2763.99,8016.73,-2079.52,-2079.52,-2180.93,-2180.93,11.57,679.844,679.844,-26.3787,-26.3787,-9039.21,-9039.21,8315.75,8315.75,0,-309.465,-3684.83,-1472.7,3346.44,3346.44,-2978.9,16255.2,7125.18,-3080.29,-9027.69,-9027.69,2213.04,2213.04,-7725.86,-7725.86,887.14,1936.64,13638.4,3335.07,3911.89,3911.89,-2452.06,-2452.06,-2452.06,6564.29,6564.29,-7681.53,6.48629e-07,6.48629e-07,2870.23,-5708,-5708,8264.59,-3058.46,2330.12,0,5391.77,1931.43,-8146.39,-5778.15,-5778.15,-746.959,302.006,-67.253,-5340.41,-5340.41,-4070.42,1948.74,1948.74,19668.1,-13016.2,-19639.3,17198.7,17325.6,18309.2,-25444.9,4910.53,-4626.73,17198.7,17325.6,18309.1,-18384.7,-10600.9,-7955.74,206.424,22295.9,4552.98,18607.4,45400.8,24861.1,24861.1,2826.14,-16459.4,1642.14,2728.91,1172.55,-1470.15,1548.66,-1686.79,-1385.91,-1522.9,1501.94,1536.66,1510.23,-1575.12,658.252,658.252,-1480.17,6632.75,6632.75,-15392.1,1973.91,2054.51,-1608.23,1058.1,3703.9,7018.04,7018.04,10563.2,12162.7,12843.2,24421.6,-12221.2,8584.78,-10553.8,1844.43,8575.75,12170.9,7136.2,7133.6,-1844.09,-12141.3,-12820.1,4970.69,5028.91,3535.6,4104.75,3200.73,4839.78,2878.11,2878.11,462.588,1868.07,-2704.06,-3052.04,5082.71,-12151.1,-12151.1,-12831,-12831,-1959.99,-1959.99,180.138,686.392,1390.78,1390.78,6349.05,6349.05,-6804.43,-6804.43,3456.27,327.712,3365.27,-4469.82,17473.5,-21433,-23848.1,13324.8,-3360.73,5820.33,3435.64,-4353.89,99.003,99.003,2195.23,2195.23,-1085.66,876.86,-5074.81,-899.479,525.483,525.483,3964.6,1274.19,5659.82,3439.04,438.15,438.15,750.193,750.473,3445.74,3445.74,3919.41,2191.02,3130.17,2254.9,1889.46,407.695,407.695,145.873,162.583,0,-1001.95,-1114.49,0,219.823,1370.3,1370.3,-317.095,1618.95,-613.994,-617.186,-128.693,-349.432,-340.425,2814.36,-3457.41,-7956.03,-1696.56,-760.301,-760.301,176.669,2793.91,2793.91,1539.16,1528.06,2.48076e-06,0,192.606,192.606,0,4.7324e-06,0,2373.72,0,-1396.32,0,1.64684e-08,1.72816e-08,-1699.55,-1625.79,-1625.79,0,-343.565,-343.565,5.02214e-08,0,3083.33,4612.37,4612.37,4612.37,4853,0,0,0,1014.61,1014.61,1014.61,0,-1114.73,-297.089,-297.089,-52.4969,5.54431e-06,-26.2492,-26.2492,1.77219e-09,4.70545e-09,3.78024e-10,2.30994e-08,110.61,109.789,174.59,0,4.89615e-11,0,-5657.84,-5657.84,-5657.84,0,0,0,0,8.68247e-09,9.96499e-06,4973.88,4973.88,4.55281e-10,-10723.6,-1564.65,-2287.8,0,1.07827e-06,-1634.12,-4825.41,5.79116e-07,-34451.8,-18401,-4602.53,-4471.9,67.2551,5377.98,5377.98,9.73493e-06,-140185,1886.06,9.17834e-05,2.89141e-05,1449.69,2330.03,5756.21,1.48797e-05,2.1158e-06,2.8181e-06,528.73,1.38059e-06,0.000130141,0.000138102,8372.58,0.000657134,8556.23,8.89952e-06,959.394,4843.28,5.06221e-06,3410.18,7.05146e-07,3481.77,-7372.23,1.89619e-07,1.19947e-06,-4656.62,-4656.62,6.72639e-07,-328.881,-328.881,1.11631e-05,1420.99,0,9.14202e-07,-4281.1,-11376.7,0,0
2020-08-06 00:00:00 UTC,-4265.01,-1198.11,3616.08,-81.416,-81.416,-1248.6,1075.62,1191.63,-1793.2,-1793.2,3375.49,2974.67,-10671.4,216.413,1679.9,2266.09,4793.8,1516.24,-8677.12,-1267.34,-765.782,-4492.51,-4492.51,-3779.68,-4593.82,-1350.02,-917.148,661.265,2.61951,3121.34,-1085.99,-1085.99,-2532.64,-1447.16,-1447.16,-8799.99,5669.71,5687.99,-18358,-18358,6359.34,10779.2,5049.4,3114.61,8476.48,-12000,-16181,-16300.1,-17226.8,431.532,-2825.04,-2825.04,535.815,-631.332,-1287.5,460.822,460.822,-4772.17,1855.14,1002.11,2730.91,-3564.59,-3844.72,1728.27,1728.27,-537.071,-546.63,541.85,541.85,575.532,3810.35,-2756.52,1378.26,1378.26,32.5012,32.5012,23.9952,15.8022,43.6376,-153.885,-325.778,229.21,-14.7894,-13.7929,0.939272,-67.2721,-46.3689,746.564,746.564,146.565,146.565,145.122,145.122,-1492.47,-1492.47,-1492.47,586.233,586.233,145.943,-404.61,-156.502,-156.502,286.901,286.901,-544.113,-244.418,-3112.21,-7.9375,-7.9375,-2642.72,-2642.72,-2642.72,7662.2,-1987.11,-1987.11,-2085.86,-2085.86,10.903,646.554,646.554,-46.4195,-46.4195,-8665.63,-8665.63,8001.87,8001.87,0,-303.661,-3546.01,-1428.06,3223.47,3223.47,-2853.31,15527.9,6806.33,-2952.06,-8645.35,-8645.35,2118.79,2118.79,-7398.25,-7398.25,835.714,1853.6,12902.4,3399.73,3737.99,3737.99,-2342.18,-2342.18,-2342.18,6232.25,6232.25,-7355.07,6.48149e-07,6.48149e-07,2762.32,-5431.7,-5431.7,7859.29,-2902.15,2189.5,0,5094.56,1853.8,-7709.23,-5489.83,-5489.83,-709.691,307.699,-69.721,-5156.12,-5156.12,-3841.14,1840.08,1840.08,18564.3,-12250.9,-18538.7,16213.6,16333.2,17260.4,-23974.5,4645.62,-4381.91,16213.6,16333.2,17260.4,-17437,-9985.8,-7330.65,339.228,21700.4,4333.83,18069.9,44166.7,24198.6,24198.6,2777.45,-15666.3,1528.04,2696.9,1135.99,-1450.61,1498.35,-1622.94,-1340.55,-1472.17,1466.47,1500.36,1474.56,-1520.78,614.382,614.382,-1427.91,6403.3,6403.3,-14746.2,1813.89,1995.08,-1551.34,1028.13,3617.75,6705.27,6705.27,10236.1,11908.6,12574.9,23976.2,-12125.1,8200.75,-10227.3,1903.15,8192.51,11961.3,7013.36,7010.79,-1902.78,-11888.1,-12552.7,4909.79,4967.3,3491.32,4053.33,3173.6,4636.81,2839.21,2839.21,468.998,1745.39,-2667.51,-3010.79,5034.84,-11897.5,-11897.5,-12563.1,-12563.1,-1950.64,-1950.64,172.595,658.489,1399.16,1399.16,6333.76,6333.76,-6706.29,-6706.29,3204.84,260.92,3344.83,-4431.31,17406.8,-21028.3,-23407.5,13223.5,-3340.35,5541.66,3288.97,-4212.42,106.918,106.918,2046.65,2046.65,-977.68,815.403,-4753.97,-834.429,460.978,460.978,3721.27,1196.82,5292.85,3260.28,401.612,401.612,683.406,683.662,3316.28,3316.28,3753.35,2081.82,2980.59,2091.04,1707.25,379.315,379.315,117.07,130.359,0,-975.496,-1085.04,0,187.249,1327.8,1327.8,-265.725,1444.75,-593.231,-596.317,-98.6779,-379.184,-369.56,2682.37,-3408.83,-7964.84,-1694.18,-742.435,-742.435,210.14,2731.56,2731.56,1484.99,1474.29,2.46578e-06,0,326.464,326.464,0,4.15759e-06,0,2472.12,0,-1349.97,0,1.49533e-08,2.30593e-08,-1632.92,-1560.67,-1560.67,0,-331.912,-331.912,4.6665e-08,0,2852.06,4320.65,4320.65,4320.65,4631.49,0,0,0,942.02,942.02,942.02,0,-1112.62,-305.396,-305.396,-65,4.93279e-06,-32.5012,-32.5012,-1.12572e-10,3.97071e-09,-1.30458e-10,2.1251e-08,110.997,110.173,168.88,0,1.5187e-10,0,-5434.03,-5434.03,-5434.03,0,0,0,0,7.48729e-09,9.02075e-06,4801.47,4801.47,2.05924e-08,-10155.7,-1467.97,-2146.45,0,9.11186e-07,-1573.46,-4608.52,8.41795e-07,-33087,-17730.7,-4495.56,-4372.91,69.7232,5188.93,5188.93,8.97662e-06,-134228,1763.36,8.15677e-05,2.75116e-05,1430.1,2298.53,5678.4,1.43392e-05,2.093e-06,2.78395e-06,560.066,1.3658e-06,0.000124216,0.00013492,8231.22,0.000647099,8174.7,9.05225e-06,970.56,4525.69,4.62242e-06,3212.5,6.9954e-07,3354.17,-6953.63,1.59675e-07,1.16648e-06,-4494.65,-4494.65,5.80509e-07,-274.444,-274.444,1.00012e-05,1249.36,0,8.76463e-07,-4175.92,-10978.6,0,0
2020-08-06 01:00:00 UTC,-4134,-1167.32,3759.88,-270.582,-270.582,-1007.24,1170.78,1310.55,-1816.64,-1816.64,3165.37,2658.75,-10006.2,280.359,1478.24,2246.52,4380.72,1385.61,-8111.38,-1178.55,-527.159,-4105.18,-4105.18,-3549.4,-4358.9,-1282.7,-866.871,610.988,20.0141,2923.28,-1014.06,-1014.06,-2342.15,-1328.53,-1328.53,-8146.2,5118.9,5135.4,-16799.2,-16799.2,5762.45,9927.58,4719.49,2911.16,7711.69,-10944.6,-14745.3,-14853.9,-15698.2,371.549,-2585.22,-2585.22,494.385,-569.089,-1089.67,454.218,454.218,-4317.12,1760.84,920.058,2500.52,-3221.65,-3474.74,1580.02,1580.02,-536.917,-583.428,560.172,560.172,576.931,3585.37,-2575.8,1287.9,1287.9,42.8806,42.8806,23.9625,16.9964,39.7733,-140.437,-291.476,209.694,-14.0566,-13.1094,1.62299,-61.486,-35.6526,696.795,696.795,123.55,123.55,122.337,122.337,-1386.97,-1386.97,-1386.97,535.378,535.378,144.741,-366.706,-151.556,-151.556,258.66,258.66,-521.269,-225.368,-2909.06,-4.458,-4.458,-2455.39,-2455.39,-2455.39,7121.4,-1844.45,-1844.45,-1941.48,-1941.48,6.12301,597.817,597.817,-73.2296,-73.2296,-8088.86,-8088.86,7511.78,7511.78,0,-294.054,-3330.46,-1354.43,3030.04,3030.04,-2659.66,14417.7,6319.61,-2756.68,-8056.85,-8056.85,1976.76,1976.76,-6894.16,-6894.16,758.893,1725.87,11798.1,3471.97,3473.21,3473.21,-2175.1,-2175.1,-2175.1,5728.28,5728.28,-6851.73,6.48307e-07,6.48307e-07,2585.7,-5006.84,-5006.84,7242.39,-2653.57,1998.49,0,4654.54,1745.94,-7038.82,-5049.07,-5049.07,-654.087,312.467,-72.149,-4877.32,-4877.32,-3503.19,1680.6,1680.6,16939.6,-11112.2,-16918.3,14772.4,14881.3,15726.1,-21792.8,4251.76,-4021.99,14772.4,14881.3,15726.1,-16016.1,-9069.11,-6408.46,517.706,20737,4004.7,17211,42185.6,23133.1,23133.1,2691.23,-14465.6,1362.95,2633.96,1084.79,-1393.09,1420.26,-1522.22,-1269.56,-1392.83,1408.85,1441.4,1416.63,-1435.8,550.662,550.662,-1346.24,6041.98,6041.98,-13755.7,1583.34,1897.21,-1462.41,989.869,3470.53,6232.3,6232.3,9729.31,11479.2,12121.5,23198.9,-11913.7,7639.34,-9721.35,1960.59,7632.19,11588.6,6794.8,6792.31,-1960.2,-11460.2,-12100.9,4788.44,4844.53,3400.09,3947.4,3123.93,4332.74,2760.36,2760.36,486.177,1575.91,-2593.43,-2927.18,4921.72,-11468.9,-11468.9,-12110.6,-12110.6,-1916.76,-1916.76,161.587,617.51,1393,1393,6241.89,6241.89,-6497.83,-6497.83,2853.69,173.956,3297.05,-4329.31,17134.5,-20327.7,-22646.9,13029.3,-3292.69,5136.27,3074.46,-3993.86,117.303,117.303,1839.06,1839.06,-834.514,730.425,-4306.88,-746.846,375.877,375.877,3383.57,1090.87,4774.38,3007.77,351.087,351.087,592.397,592.62,3121.09,3121.09,3506.74,1922.55,2759.75,1865.19,1452.29,340.521,340.521,74.814,83.0788,0,-943.032,-1048.82,0,138.688,1280.59,1280.59,-190.741,1196.91,-565.103,-568.045,-54.9892,-425.007,-414.42,2492.72,-3385.66,-7922.26,-1678.13,-711.649,-711.649,255.813,2650.66,2650.66,1408.15,1397.99,2.43201e-06,0,505.578,505.578,0,3.45735e-06,0,2517.04,0,-1282.66,0,1.53736e-08,2.85235e-08,-1538.77,-1461.64,-1461.64,0,-315.475,-315.475,4.22578e-08,0,2529.44,3891.33,3891.33,3891.33,4301.51,0,0,0,840.512,840.512,840.512,0,-1113.87,-320.086,-320.086,-85.7572,4.15513e-06,-42.8806,-42.8806,7.70262e-10,1.87685e-09,9.91518e-12,1.73859e-08,111.729,110.899,157.86,0,-2.05622e-11,0,-5090.01,-5090.01,-5090.01,0,0,0,0,5.74019e-09,7.67578e-06,4539.44,4539.44,8.5058e-08,-9331.58,-1343.53,-1964.5,0,6.90469e-07,-1495.05,-4284.77,1.24769e-06,-30979.1,-16693.3,-4327.93,-4210.39,72.1513,4903.54,4903.54,7.84655e-06,-125091,1593.24,6.68219e-05,2.51799e-05,1390.38,2234.7,5520.7,1.33625e-05,2.00727e-06,2.66483e-06,595.188,1.27816e-06,0.000115209,0.000131726,8130.76,0.000627647,7616.73,9.19359e-06,972.933,4085.04,4.01671e-06,2923.76,6.73994e-07,3164.63,-6367.96,1.25695e-07,1.11654e-06,-4247.35,-4247.35,4.62188e-07,-200.649,-200.649,8.51895e-06,1007.74,0,8.40068e-07,-4006.61,-10341.5,0,0
2020-08-06 02:00:00 UTC,-4007.27,-1140.38,3905.91,-450.098,-450.098,-752.193,1271.74,1437.14,-1882.95,-1882.95,2911.16,2336.18,-9296.6,283.874,1278.52,2182.09,3986.42,1260.92,-7484.42,-1077.52,-254.133,-3698.9,-3698.9,-3289.17,-4123.37,-1213.02,-808.436,552.553,47.0973,2693.69,-934.575,-934.575,-2147.48,-1213.27,-1213.27,-7453.73,4549.11,4563.76,-15146,-15146,5136.4,8984.99,4363.31,2691.5,6896.47,-9785.47,-13221.5,-13318.8,-14075.8,313.57,-2326.83,-2326.83,457.047,-504.49,-881.578,449.628,449.628,-3837.75,1662.57,830.299,2280.34,-2854.07,-3078.21,1449.67,1449.67,-538.294,-628.601,583.448,583.448,580.261,3346.23,-2387.21,1193.61,1193.61,55.1276,55.1276,23.8253,18.1615,35.5761,-125.78,-254.166,188.003,-13.1531,-12.2668,2.31993,-55.045,-24.3858,640.25,640.25,99.063,99.063,98.0951,98.0951,-1270.66,-1270.66,-1270.66,476.955,476.955,142.047,-325.019,-145.613,-145.613,227.744,227.744,-496.049,-203.994,-2689.71,-1.673,-1.673,-2257.47,-2257.47,-2257.47,6540.53,-1701.48,-1701.48,-1786.97,-1786.97,2.297,547.66,547.66,-93.767,-93.767,-7469.94,-7469.94,6972.53,6972.53,0,-281.076,-3092.36,-1272.28,2815.69,2815.69,-2451.15,13225.2,5796.78,-2536.63,-7428.95,-7428.95,1820.71,1820.71,-6357.18,-6357.18,678.645,1587.37,10612.3,3505.78,3183.62,3183.62,-1986.56,-1986.56,-1986.56,5181.52,5181.52,-6319.79,6.48611e-07,6.48611e-07,2383.93,-4544.82,-4544.82,6571.65,-2378.63,1805.19,0,4185.87,1631.58,-6310.75,-4572.12,-4572.12,-594.397,313.963,-71.356,-4577.2,-4577.2,-3144.89,1508.83,1508.83,15207.8,-9898.36,-15190.5,13243.2,13340.9,14098.2,-19465.9,3836.07,-3628.86,13243.2,13340.9,14098.2,-14484.5,-8092.96,-5440.69,692.498,19634.5,3650.42,16236.6,39913.5,21908.8,21908.8,2591.99,-13187.2,1203.62,2555.86,1023.46,-1320.76,1332.98,-1410.43,-1189.79,-1303.93,1341.78,1372.76,1349.18,-1341.09,485.084,485.084,-1255.53,5643.23,5643.23,-12696.9,1355.73,1785.46,-1363.65,943.831,3290.54,5724.12,5724.12,9174.16,10965.4,11578.9,22229,-11614.6,7069.09,-9167.08,1982.33,7062.97,11120.5,6520.32,6517.93,-1981.93,-10948,-11560,4623.8,4677.95,3278.67,3806.43,3038.59,4017.61,2658.79,2658.79,491.535,1416.06,-2498,-2819.48,4761.65,-10956,-10956,-11568.9,-11568.9,-1865.06,-1865.06,149.802,573.375,1373.98,1373.98,6092.06,6092.06,-6239.64,-6239.64,2517.28,97.2851,3227.37,-4190.71,16730,-19491.9,-21703,12751.5,-3223.2,4711.73,2844.16,-3758.12,123.168,123.168,1630.34,1630.34,-707.282,645.105,-3872.7,-662.284,300.026,300.026,3044.27,990.528,4233.75,2744.39,303.237,303.237,503.84,504.03,2913.32,2913.32,3246.68,1756.53,2526.89,1641.91,1190.7,302.451,302.451,28.02,30.7099,0,-920.831,-1023.98,0,85.6134,1247.58,1247.58,-108.588,932.803,-538.546,-541.354,-6.31095,-479.89,-468.129,2290.65,-3350.92,-7822.94,-1640.37,-675.749,-675.749,289.95,2573.82,2573.82,1318.95,1309.44,2.3584e-06,0,671.557,671.557,0,2.8499e-06,0,2457.12,0,-1212.98,0,1.58077e-08,3.27949e-08,-1457.87,-1346.85,-1346.85,0,-299.803,-299.803,3.78843e-08,0,2213.63,3434.61,3434.61,3434.61,3937.9,0,0,0,746.992,746.992,746.992,0,-1118.58,-338.098,-338.098,-110.248,3.48485e-06,-55.1276,-55.1276,-8.65619e-10,2.60698e-09,4.74988e-10,1.40628e-08,112.525,111.689,151.738,0,1.8379e-10,0,-4706.02,-4706.02,-4706.02,0,0,0,0,3.9844e-09,6.39448e-06,4254.74,4254.74,1.73161e-07,-8455.06,-1221.92,-1786.69,0,5.10558e-07,-1412.92,-3932.16,1.6474e-06,-28684.5,-15544.1,-4123.03,-4020.33,71.3582,4596.92,4596.92,6.68175e-06,-115298,1433.11,5.23519e-05,2.24541e-05,1339.23,2152.47,5317.57,1.21874e-05,1.86677e-06,2.45444e-06,616.258,1.13755e-06,0.000104451,0.000127484,8004.36,0.000600274,7049.72,9.31058e-06,965.875,3657.54,3.45959e-06,2638.2,6.41909e-07,2950.61,-5769.5,1.00689e-07,1.07277e-06,-3976.25,-3976.25,3.57838e-07,-126.959,-126.959,7.23203e-06,752.472,0,8.04092e-07,-3806.06,-9627.22,0,0
2020-08-06 03:00:00 UTC,-3876.2,-1110.34,3957.03,-555.522,-555.522,-559.761,1329.04,1511.17,-1901.34,-1901.34,2686.72,2102.95,-8705.06,241.704,1140.47,2084.9,3705.87,1172.19,-6956.33,-992.247,-42.575,-3400.9,-3400.9,-3082.69,-3961.19,-1163.36,-760.646,504.763,75.1178,2506.46,-871.049,-871.049,-1997.75,-1127.02,-1127.02,-6902.55,4094.3,4107.48,-13807.6,-13807.6,4629.45,8209.71,4066.73,2508.59,6225.46,-8806.19,-11995.7,-12084.1,-12770.7,271.97,-2114.84,-2114.84,428.011,-453.701,-727.024,441.698,441.698,-3456.63,1572.1,754.531,2105.5,-2560.3,-2761.32,1350.66,1350.66,-535.338,-659.827,597.583,597.583,578.543,3145.53,-2227.77,1113.89,1113.89,64.2727,64.2727,23.3044,18.6096,32.1341,-113.801,-224.82,170.279,-12.3797,-11.5455,2.67554,-49.8373,-16.4467,590.543,590.543,80.9474,80.9474,80.1607,80.1607,-1170.73,-1170.73,-1170.73,424.47,424.47,137.733,-291.559,-139.532,-139.532,203.145,203.145,-475.159,-186.176,-2507.03,0.0355,0.0355,-2094.49,-2094.49,-2094.49,6062.81,-1579.45,-1579.45,-1660.76,-1660.76,-0.049,506.114,506.114,-111.538,-111.538,-6960.28,-6960.28,6528.24,6528.24,0,-270.659,-2893.61,-1196.96,2639.18,2639.18,-2276.16,12251.6,5369.96,-2357.46,-6911.52,-6911.52,1697.2,1697.2,-5916.1,-5916.1,626.115,1482.1,9666.3,3508.41,2948.08,2948.08,-1837.15,-1837.15,-1837.15,4744.31,4744.31,-5880.53,6.48391e-07,6.48391e-07,2202.97,-4162.45,-4162.45,6014.45,-2154.91,1653.23,0,3809.86,1535.07,-5732.43,-4183.13,-4183.13,-553.032,302.636,-66.744,-4318.3,-4318.3,-2856.95,1369.5,1369.5,13811.4,-8927.81,-13797.3,12013.6,12102.2,12789.2,-17599.8,3499.69,-3308.42,12013.6,12102.2,12789.2,-13255.4,-7317.38,-4668.81,815.89,18678.6,3369.84,15400.1,37933.8,20836.1,20836.1,2496.35,-12184.4,1109.31,2470.05,970.185,-1248.84,1257.95,-1321.61,-1121.26,-1228.39,1280.48,1310.04,1287.55,-1262.34,437.308,437.308,-1181.09,5301.14,5301.14,-11853.4,1211.92,1681.27,-1282.68,901.432,3122.68,5320.04,5320.04,8689.48,10495.3,11082.4,21331.4,-11280,6592.39,-8683.13,1981.03,6587.07,10687.3,6266.36,6264.07,-1980.63,-10479.3,-11065.2,4469.44,4521.78,3158.88,3667.36,2954.42,3751.6,2564.83,2564.83,492.395,1291.27,-2409.72,-2719.84,4597.34,-10486.6,-10486.6,-11073.3,-11073.3,-1808.47,-1808.47,140.308,537.634,1344.38,1344.38,5919.28,5919.28,-5984.91,-5984.91,2251.01,41.1508,3132.13,-4045.48,16246.3,-18710.4,-20834.1,12364.4,-3128.2,4359.14,2649.81,-3551.53,124.807,124.807,1463.54,1463.54,-608.509,576.641,-3520.49,-593.243,241.994,241.994,2764,909.095,3796.96,2522.2,266.487,266.487,434.383,434.548,2734.6,2734.6,3027.05,1619.54,2333.22,1466.07,988.303,272.256,272.256,-6.7354,-8.18179,0,-899.599,-1000.29,0,46.1434,1213.83,1213.83,-47.2732,731.079,-515.581,-518.271,29.8295,-517.401,-504.848,2117.16,-3278.54,-7681.71,-1576.65,-642.788,-642.788,292.106,2493.27,2493.27,1230.62,1221.75,2.21656e-06,0,766.472,766.472,0,2.43371e-06,0,2318.86,0,-1163.33,0,1.47676e-08,3.78258e-08,-1412.52,-1253.23,-1253.23,0,-289.92,-289.92,3.2414e-08,0,1975.83,3072.82,3072.82,3072.82,3626.1,0,0,0,681.17,681.17,681.17,0,-1113.9,-349.752,-349.752,-128.536,2.97664e-06,-64.2727,-64.2727,-7.22064e-10,6.67701e-10,-1.04017e-09,1.24416e-08,112.08,111.248,145.768,0,4.06529e-10,0,-4391.57,-4391.57,-4391.57,0,0,0,0,2.68259e-09,5.41615e-06,4010.04,4010.04,2.42035e-07,-7741.23,-1124.68,-1644.52,0,3.92494e-07,-1340.57,-3644.59,1.90203e-06,-26788.8,-14584.3,-3927.81,-3843.46,66.7459,4334.66,4334.66,5.77613e-06,-107334,1306.92,4.16183e-05,2.01375e-05,1291.9,2076.4,5129.64,1.12082e-05,1.72652e-06,2.25425e-06,627.422,1.01057e-06,9.53756e-05,0.000120161,7734.05,0.000563449,6575.55,9.3545e-06,953.747,3311.33,3.04019e-06,2409,6.16426e-07,2764.22,-5270.23,8.39209e-08,1.03745e-06,-3744.02,-3744.02,2.80924e-07,-72.6426,-72.6426,6.27164e-06,559.916,0,7.56998e-07,-3611.86,-8993.48,0,0
2020-08-06 04:00:00 UTC,-3668.47,-1055.08,3873.04,-608.711,-608.711,-402.977,1331.21,1519.91,-1844.99,-1844.99,2467.48,1888.99,-8061.7,213.787,1015.97,1965.7,3411.16,1078.99,-6408.92,-907.809,110.232,-3094.18,-3094.18,-2860.51,-3753.55,-1100.46,-711.637,455.754,94.2729,2313.61,-805.247,-805.247,-1841.02,-1036.04,-1036.04,-6337.84,3659.49,3671.26,-12496.5,-12496.5,4141.83,7454.16,3752.56,2314.83,5575.68,-7873.98,-10812.9,-10892.6,-11511.4,235.394,-1908.73,-1908.73,395.154,-405.755,-600.817,423.532,423.532,-3095.72,1462.76,678.838,1923.84,-2285.65,-2465.05,1244.74,1244.74,-519.32,-665.482,592.401,592.401,562.304,2922.27,-2049.46,1024.73,1024.73,69.234,69.234,22.2619,18.3613,28.8585,-102.336,-198.109,153.034,-11.3261,-10.563,3.0205,-44.6654,-10.5912,539.067,539.067,66.3188,66.3188,65.678,65.678,-1068.52,-1068.52,-1068.52,374.863,374.863,130.739,-259.98,-131.462,-131.462,180.28,180.28,-448.116,-168.457,-2313.5,0.23,0.23,-1936.22,-1936.22,-1936.22,5595.36,-1460.24,-1460.24,-1539.4,-1539.4,-0.316,467.911,467.911,-129.058,-129.058,-6465.7,-6465.7,6093.7,6093.7,0,-261.597,-2698.96,-1118.69,2465.48,2465.48,-2102.16,11303.6,4954.42,-2181.32,-6409.27,-6409.27,1580.74,1580.74,-5489.79,-5489.79,580.993,1382.89,8759.66,3489.38,2717.22,2717.22,-1691.86,-1691.86,-1691.86,4324.22,4324.22,-5455.16,6.48262e-07,6.48262e-07,2021.88,-3792.24,-3792.24,5470.83,-1941.2,1504.93,0,3447.57,1437.24,-5182.78,-3809.82,-3809.82,-516.46,285.171,-62.169,-4037.03,-4037.03,-2578.94,1235.14,1235.14,12463.9,-7998.44,-12452.3,10827.4,10907.3,11526.4,-15807.9,3173.48,-2998.03,10827.4,10907.3,11526.4,-12072.9,-6577.52,-3936.13,925.561,17707.8,3101.25,14555.3,35932.5,19744.9,19744.9,2386.16,-11225.5,1034.15,2365.78,920.04,-1178.88,1182.13,-1238.02,-1052.63,-1153.19,1215.42,1243.48,1222.13,-1185.02,393.311,393.311,-1108.63,4951.69,4951.69,-11028.5,1095.18,1572.52,-1203.94,859.387,2960.28,4931.42,4931.42,8156.41,10015.4,10575.7,20445.5,-10895.8,6033.39,-8150.81,2014.62,6028.93,10263.2,6017.72,6015.51,-2014.2,-10000.9,-10560,4330.62,4381.33,3046.06,3536.37,2890.97,3434.46,2476.63,2476.63,505.415,1135.7,-2326.85,-2626.32,4426.19,-10007.5,-10007.5,-10567.4,-10567.4,-1760.41,-1760.41,125.894,483.713,1334.17,1334.17,5787.47,5787.47,-5729.15,-5729.15,1902.84,-37.5219,3063.87,-3913.82,15901.2,-17920,-19974.5,12065.6,-3060.11,3977.96,2442.9,-3317.88,128.337,128.337,1284.12,1284.12,-482.307,502.766,-3084.19,-512.587,169.547,169.547,2447.11,808.236,3331.25,2277.79,224.985,224.985,359.057,359.195,2534.99,2534.99,2785.96,1472.56,2127.09,1271.6,789.381,237.986,237.986,-31.738,-36.1324,0,-850.235,-945.419,0,15.7817,1137.19,1137.19,-0.990258,561.753,-483.743,-486.27,54.9983,-529.794,-517.047,1927.04,-3133.01,-7509.06,-1500.27,-609.453,-609.453,282.312,2361.77,2361.77,1126.08,1117.96,1.99198e-06,0,808.88,808.88,0,2.02956e-06,0,2172.7,0,-1100.42,0,1.50967e-08,3.93674e-08,-1350.28,-1156.81,-1156.81,0,-274.995,-274.995,2.66429e-08,0,1754.8,2736.69,2736.69,2736.69,3308,0,0,0,613.12,613.12,613.12,0,-1081.64,-349.149,-349.149,-138.457,2.40215e-06,-69.234,-69.234,-4.68641e-11,1.58804e-09,4.03926e-11,1.07585e-08,108.824,108.015,141.092,0,4.34319e-10,0,-4083.01,-4083.01,-4083.01,0,0,0,0,1.87277e-09,4.47996e-06,3747.14,3747.14,2.96309e-07,-7044.89,-1027.9,-1503.02,0,2.97951e-07,-1263.77,-3363.71,2.0748e-06,-24931.9,-13629.7,-3734.66,-3651.38,62.1706,4051.25,4051.25,4.96241e-06,-99605.1,1150.66,3.2403e-05,1.80491e-05,1247.47,2005,4953.24,1.03496e-05,1.5914e-06,2.08866e-06,638.18,9.04533e-07,8.7055e-05,0.000114124,7491.89,0.000535919,6019.28,9.26263e-06,939.939,2888.35,2.53788e-06,2111.1,5.74378e-07,2571.48,-4712.15,6.67227e-08,9.87376e-07,-3497.15,-3497.15,2.09714e-07,-18.6995,-18.6995,5.13488e-06,403.057,0,6.7141e-07,-3399.38,-8355.61,0,0
2020-08-06 05:00:00 UTC,-3474.91,-1009.06,3836.68,-689.541,-689.541,-245.074,1349.67,1547.6,-1833.32,-1833.32,2165.45,1635.04,-7308.74,115.977,874.665,1785.28,3097.73,979.858,-5732.88,-801.139,288.216,-2762.53,-2762.53,-2590.72,-3467.06,-1014.65,-654.541,398.658,106.582,2088.05,-728.044,-728.044,-1655.82,-927.996,-927.996,-5681.06,3191.64,3201.9,-11035.3,-11035.3,3616.18,6591.55,3383.4,2087.14,4873.74,-6870.41,-9510.83,-9580.9,-10125.2,199.154,-1680.35,-1680.35,356.022,-354.216,-481.98,394.206,394.206,-2705.75,1325.91,596.295,1712.65,-1990.93,-2147.16,1116.15,1116.15,-488.064,-645.588,566.826,566.826,529.307,2655.83,-1854.28,927.139,927.139,70.5114,70.5114,20.6355,17.4872,25.2797,-89.7614,-170.448,134.287,-10.1598,-9.47524,3.11454,-39.1245,-5.72161,479.775,479.775,52.6691,52.6691,52.164,52.164,-950.609,-950.609,-950.609,322.51,322.51,120.605,-226.36,-120.47,-120.47,156.222,156.222,-411.51,-148.764,-2086.07,0.23,0.23,-1753.74,-1753.74,-1753.74,5056.21,-1324.16,-1324.16,-1397.95,-1397.95,-0.316,422.82,422.82,-143.804,-143.804,-5886.54,-5886.54,5580.76,5580.76,0,-248.301,-2468.68,-1026.18,2260.45,2260.45,-1902.2,10212,4475.9,-1975.99,-5823.65,-5823.65,1442.9,1442.9,-4991.48,-4991.48,528.932,1266.94,7750.13,3415.2,2451.03,2451.03,-1525.08,-1525.08,-1525.08,3851.26,3851.26,-4959.19,6.48401e-07,6.48401e-07,1813.89,-3374.27,-3374.27,4860.34,-1701.88,1342.3,0,3045.32,1325.02,-4570.35,-3388.79,-3388.79,-474.542,263.243,-56.603,-3701.58,-3701.58,-2271.52,1087.24,1087.24,10975.9,-6978,-10966.9,9522.06,9592.3,10136.8,-13836.2,2809.76,-2653.72,9522.06,9592.3,10136.7,-10747.9,-5763.47,-3166.81,1015.2,16488.4,2795.57,13508,33434.8,18380,18380,2238.77,-10127.1,948.285,2223.89,861.557,-1083.75,1089.81,-1139,-969.942,-1062.57,1132.96,1159.1,1139.21,-1091.85,345.41,345.41,-1021.33,4533.52,4533.52,-10058.1,969.646,1442.95,-1109.09,810.007,2756.98,4482.02,4482.02,7528.73,9392.67,9918.13,19242,-10345.2,5429.35,-7523.97,1999.72,5425.73,9680.95,5676.29,5674.21,-1999.32,-9379.93,-9904.31,4111.34,4159.48,2889.4,3354.49,2771.48,3097.89,2343.11,2343.11,506.725,973.11,-2201.41,-2484.74,4192.07,-9385.77,-9385.77,-9910.83,-9910.83,-1686.02,-1686.02,109.934,423.707,1304.95,1304.95,5570.03,5570.03,-5405.4,-5405.4,1571.15,-102.223,2979.41,-3729.97,15354,-16878,-18812.3,11730,-2975.85,3567.62,2223.93,-3054.04,135.765,135.765,1096.33,1096.33,-363.761,428.178,-2661.47,-437.779,102.408,102.408,2148.36,710.136,2887.8,2046.2,180.02,180.02,280.352,280.46,2312.19,2312.19,2520.1,1313.15,1901.12,1066.36,589.352,201.561,201.561,-56.999,-64.3663,0,-787.998,-876.21,0,-15.2759,1045.71,1045.71,46.6033,392.938,-452.86,-455.228,80.2676,-544.564,-531.581,1753.53,-3017.2,-7217.94,-1401.07,-567.025,-567.025,267.862,2241.99,2241.99,1035.18,1027.71,1.82922e-06,0,875.241,875.241,0,1.61036e-06,0,1895.92,0,-1014.62,0,1.33884e-08,3.81287e-08,-1258.33,-1044.03,-1044.03,0,-252.604,-252.604,2.40294e-08,0,1519.72,2378.47,2378.47,2378.47,2941.66,0,0,0,538.778,538.778,538.778,0,-1017.39,-335.972,-335.972,-141.012,1.85541e-06,-70.5114,-70.5114,1.22964e-10,1.05014e-09,-1.6599e-10,9.2813e-09,102.351,101.59,135.598,0,3.52533e-10,0,-3721.78,-3721.78,-3721.78,0,0,0,0,7.79961e-10,3.48882e-06,3440.39,3440.39,3.37307e-07,-6269.82,-923.449,-1350.29,0,2.10831e-07,-1169.63,-3042.16,2.16104e-06,-22748.4,-12492.8,-3494.68,-3406.72,56.6043,3713.53,3713.53,4.06548e-06,-90587.4,987.32,2.29725e-05,1.54229e-05,1180.23,1896.91,4686.22,9.06884e-06,1.39735e-06,1.82726e-06,627.639,7.38989e-07,7.59955e-05,0.000110303,7408.35,0.000505395,5417.92,9.05243e-06,908.106,2481.21,2.07446e-06,1811.93,5.22957e-07,2374.29,-4184.52,5.29585e-08,9.37809e-07,-3215.28,-3215.28,1.46424e-07,35.2709,35.2709,4.04311e-06,245.105,0,6.06695e-07,-3138.69,-7599.49,0,0
2020-08-06 06:00:00 UTC,-3315.06,-969.849,3756.23,-723.288,-723.288,-146.324,1339.3,1539.55,-1802.22,-1802.22,1937.47,1467.28,-6750.49,29.2394,785.778,1631.55,2885.56,912.754,-5232.2,-723.093,398.194,-2536.84,-2536.84,-2401.11,-3262.51,-953.58,-614.612,358.729,114.342,1930.24,-673.253,-673.253,-1521.02,-847.949,-847.949,-5210.77,2859.81,2869,-9996.99,-9996.99,3240.66,5992.87,3112.62,1920.13,4368.32,-6152.28,-8599.88,-8663.25,-9155.33,176.217,-1519.25,-1519.25,323.637,-318.835,-418.63,364.435,364.435,-2437.69,1209.54,535.037,1555.21,-1792.15,-1932.76,1020.01,1020.01,-456.166,-612.246,534.206,534.206,495.08,2454.85,-1713.48,856.742,856.742,68.183,68.183,19.0446,16.3023,22.8163,-81.0591,-153.015,121.606,-9.0454,-8.43588,3.33306,-35.2128,-3.84948,436.524,436.524,45.5326,45.5326,45.0985,45.0985,-863.389,-863.389,-863.389,284.64,284.64,112.028,-204.311,-111.6,-111.6,140.692,140.692,-384.442,-135.253,-1919.21,0.23,0.23,-1614.26,-1614.26,-1614.26,4648.4,-1218.98,-1218.98,-1289.11,-1289.11,-0.316,388.22,388.22,-150.55,-150.55,-5439.24,-5439.24,5179.1,5179.1,0,-236.096,-2289.41,-954.205,2099.58,2099.58,-1750.77,9387.44,4114.43,-1820.9,-5373.38,-5373.38,1335.55,1335.55,-4607.35,-4607.35,487.556,1175.84,7024.04,3314.41,2251.26,2251.26,-1401.89,-1401.89,-1401.89,3505.51,3505.51,-4576.66,6.48301e-07,6.48301e-07,1658.67,-3067.83,-3067.83,4419.09,-1526.51,1232.01,0,2759.46,1242.92,-4125.76,-3080.06,-3080.06,-441.664,246.422,-51.483,-3436.25,-3436.25,-2054.43,984.106,984.106,9929.63,-6261.68,-9922.29,8609.06,8672.57,9164.8,-12450.8,2549.85,-2411.52,8609.06,8672.57,9164.8,-9788.8,-5187.24,-2663.35,1046.76,15479.3,2567.81,12653.8,31385.7,17260.7,17260.7,2109.89,-9298.19,880.31,2098.7,812.813,-1004.94,1016.61,-1059.38,-904.49,-990.673,1065.52,1090.1,1071.4,-1017.54,311.553,311.553,-951.494,4204.58,4204.58,-9303.57,878.646,1341.68,-1033.19,770.921,2590.1,4139.06,4139.06,7038.71,8865.33,9361.27,18191,-9841.49,4997.37,-7034.55,1949.15,4994.31,9171.64,5377.67,5375.7,-1948.77,-8853.97,-9348.96,3905.75,3951.48,2751.86,3194.8,2644.47,2861.93,2222.46,2222.46,492.96,861.082,-2088.05,-2356.79,4013.1,-8859.18,-8859.18,-9354.76,-9354.76,-1619.47,-1619.47,101.618,392.174,1265.24,1265.24,5361.92,5361.92,-5143.24,-5143.24,1366.99,-137.736,2901.34,-3570.21,14839.3,-15985,-17801.1,11443.8,-2897.96,3273.62,2063.65,-2854.94,137.514,137.514,971.507,971.507,-291.765,378.623,-2385.08,-388.184,62.9581,62.9581,1941.31,644.981,2578.81,1878.59,151.694,151.694,230.759,230.849,2148.76,2148.76,2328.35,1200.89,1740.96,933.763,464.554,177.722,177.722,-71.3462,-80.3942,0,-743.207,-826.43,0,-32.9689,976.205,976.205,74.2332,288.116,-429.601,-431.85,94.6067,-547.292,-534.313,1623.34,-2901.37,-6914.91,-1318.42,-531.405,-531.405,256.366,2142.45,2142.45,966.873,959.904,1.6829e-06,0,899.707,899.707,0,1.33155e-06,0,1656.57,0,-953.554,0,1.42668e-08,3.6789e-08,-1191.51,-965.119,-965.119,0,-236.521,-236.521,2.14343e-08,0,1360.56,2138.54,2138.54,2138.54,2671.29,0,0,0,484.714,484.714,484.714,0,-951.261,-317.578,-317.578,-136.356,1.52045e-06,-68.183,-68.183,4.3363e-10,7.59096e-10,3.58283e-10,7.66408e-09,95.8794,95.1668,128.573,0,3.07296e-10,0,-3446.15,-3446.15,-3446.15,0,0,0,0,1.23397e-10,2.79707e-06,3204.44,3204.44,3.53758e-07,-5722.71,-855.035,-1250.26,0,1.57164e-07,-1100.26,-2804.52,2.14674e-06,-21059.9,-11607,-3302.06,-3207.6,51.4841,3446.47,3446.47,3.41366e-06,-83648.4,874.54,1.67206e-05,1.32963e-05,1119.45,1799.23,4444.91,7.93096e-06,1.24806e-06,1.58899e-06,623.773,5.96084e-07,6.66292e-05,0.000107895,7393.71,0.000479955,4987.69,8.87857e-06,873.582,2214.48,1.80103e-06,1619.98,4.90122e-07,2222.2,-3811.57,4.46003e-08,8.98971e-07,-3004.7,-3004.7,1.08606e-07,65.0797,65.0797,3.37e-06,146.335,0,5.49391e-07,-2936.92,-7019.67,0,0
2020-08-06 07:00:00 UTC,-3179.8,-936.638,3654.58,-739.118,-739.118,-75.2534,1311.17,1510,-1769.21,-1769.21,1745.06,1338.32,-6292.02,-55.2912,720.123,1492.44,2723.75,861.577,-4817.75,-658.618,479.513,-2370.59,-2370.59,-2241.52,-3082.33,-899.926,-581.585,325.702,118.257,1799.49,-628.474,-628.474,-1413.4,-785.084,-785.084,-4832.87,2613.08,2621.48,-9193.42,-9193.42,2960.05,5518.6,2891.19,1783.55,3988.61,-5602.5,-7902.01,-7960.25,-8412.35,160.988,-1394.92,-1394.92,298.204,-292.445,-379.09,337.699,337.699,-2236.21,1113.81,488.81,1433.51,-1643.12,-1772.02,944.558,944.558,-425.672,-575.124,500.398,500.398,462.137,2288.03,-1602.67,801.333,801.333,64.5294,64.5294,17.602,15.116,20.9336,-74.3856,-140.547,112.104,-8.26555,-7.70858,3.28819,-32.3671,-3.13106,402.171,402.171,41.1649,41.1649,40.7739,40.7739,-793.817,-793.817,-793.817,256.124,256.124,104.376,-188.088,-103.863,-103.863,129.399,129.399,-361.16,-124.898,-1782.76,0.23,0.23,-1505.9,-1505.9,-1505.9,4331.29,-1137.91,-1137.91,-1204.07,-1204.07,-0.316,361.335,361.335,-152.812,-152.812,-5087.9,-5087.9,4860.62,4860.62,0,-225.307,-2147.03,-896.141,1971.79,1971.79,-1633,8745.87,3833.21,-1699.15,-5021.04,-5021.04,1251.19,1251.19,-4306.46,-4306.46,456.712,1104.85,6472.27,3206.52,2095.79,2095.79,-1305.01,-1305.01,-1305.01,3241.29,3241.29,-4277.51,6.48368e-07,6.48368e-07,1539.23,-2834.04,-2834.04,4080.86,-1396.73,1143.25,0,2540.78,1173.76,-3791.99,-2844.75,-2844.75,-416.792,231.178,-47.78,-3224.63,-3224.63,-1888.63,905.164,905.164,9129.95,-5723.42,-9123.75,7909.77,7968.12,8420.35,-11404,2350.74,-2225.34,7909.76,7968.12,8420.34,-9051.71,-4753.96,-2306.5,1055.34,14641,2390.55,11949.3,29680.5,16327.4,16327.4,2001.79,-8657.16,827.38,1992.82,769.972,-944.201,957.077,-995.56,-851.182,-932.241,1008.66,1031.93,1014.23,-957.435,286.145,286.145,-895.171,3943.09,3943.09,-8709.71,811.117,1259.46,-971.997,734.529,2449.95,3869.69,3869.69,6642.7,8415.64,8886.42,17279.7,-9393.68,4670.1,-6638.99,1886.06,4667.43,8727.99,5117.54,5115.66,-1885.7,-8405.41,-8875.32,3723.44,3767.04,2631.36,3054.91,2517.54,2681.34,2119.79,2119.79,466.448,782.319,-1991.59,-2247.92,3863.85,-8410.1,-8410.1,-8880.55,-8880.55,-1560.93,-1560.93,96.4752,372.492,1224.57,1224.57,5173.15,5173.15,-4929.22,-4929.22,1226.33,-159.237,2826.7,-3433.38,14367,-15196.7,-16922.8,11172.8,-2823.49,3036.57,1928.24,-2696.32,133.156,133.156,876.077,876.077,-247.079,339.583,-2178.46,-348.615,40.1821,40.1821,1776.68,595.811,2323.15,1736.74,133.007,133.007,196.131,196.208,2020.02,2020.02,2177.87,1113.26,1615.93,832.775,368.076,159.585,159.585,-81.1213,-91.3109,0,-710.51,-790.121,0,-45.2848,923.588,923.588,93.1783,212.337,-411.32,-413.474,104.266,-546.603,-533.689,1508.81,-2773.26,-6634.41,-1248.13,-501.985,-501.985,244.848,2058.22,2058.22,918.46,911.839,1.57799e-06,0,908.221,908.221,0,1.13056e-06,0,1433.89,0,-899.904,0,1.47307e-08,3.55382e-08,-1131.77,-899.743,-899.743,0,-221.966,-221.966,1.94098e-08,0,1246.1,1960.1,1960.1,1960.1,2455.89,0,0,0,448.013,448.013,448.013,0,-887.822,-297.941,-297.941,-129.05,1.28533e-06,-64.5294,-64.5294,6.00532e-10,4.64698e-10,4.09713e-10,7.28232e-09,89.6315,88.9654,123.324,0,2.97861e-10,0,-3226.27,-3226.27,-3226.27,0,0,0,0,7.68514e-10,2.32168e-06,3015.12,3015.12,3.5497e-07,-5295.44,-796.143,-1164.15,0,1.24305e-07,-1038.03,-2616.06,2.08604e-06,-19722.2,-10893.9,-3134.48,-3038.51,47.7809,3233.65,3233.65,2.93367e-06,-78203.9,795.317,1.25004e-05,1.16114e-05,1067.74,1716.11,4239.57,7.01972e-06,1.12832e-06,1.39263e-06,620.798,4.85622e-07,5.87221e-05,0.00010535,7362.12,0.000456537,4661.65,8.80826e-06,844.321,2016.56,1.60283e-06,1488.81,4.66713e-07,2082.38,-3506.37,4.06472e-08,8.67064e-07,-2834.62,-2834.62,8.63922e-08,87.7943,87.7943,2.90135e-06,75.2569,0,4.92894e-07,-2768.68,-6558.71,0,0
2020-08-06 08:00:00 UTC,-3077.17,-911.606,3568.14,-749.932,-749.932,-24.7688,1283.5,1480.25,-1740.41,-1740.41,1596.03,1243.48,-5943.99,-124.663,673.018,1381.65,2605.41,824.148,-4501.09,-609.508,537.907,-2250.09,-2250.09,-2115.05,-2931.49,-855.182,-555.977,300.094,118.779,1697.88,-594.246,-594.246,-1333.52,-739.417,-739.417,-4549.86,2442.67,2450.51,-8617.04,-8617.04,2765.11,5172.62,2723.92,1680.37,3723.19,-5218.56,-7407.17,-7461.77,-7885.53,151.703,-1306.24,-1306.24,279.149,-274.208,-358.41,315.498,315.498,-2096.14,1039.75,455.843,1346.17,-1540.29,-1661.11,890.201,890.201,-399.123,-539.383,469.253,469.253,433.311,2160.01,-1522.1,761.049,761.049,60.4367,60.4367,16.404,14.055,19.6086,-69.6716,-132.274,105.382,-7.64385,-7.12877,3.22873,-30.3381,-3.1991,376.823,376.823,38.9663,38.9663,38.5969,38.5969,-742.514,-742.514,-742.514,236.703,236.703,98.0855,-176.901,-97.6357,-97.6357,121.729,121.729,-342.135,-117.445,-1679.67,0.23,0.23,-1428.46,-1428.46,-1428.46,4103.81,-1079.95,-1079.95,-1143.68,-1143.68,-0.316,342.991,342.991,-153.886,-153.886,-4837.3,-4837.3,4631.34,4631.34,0,-217.739,-2044.63,-853.088,1879.35,1879.35,-1547.86,8285.97,3631.62,-1611.59,-4769.97,-4769.97,1191.82,1191.82,-4092.59,-4092.59,436.033,1054.36,6079.82,3121.51,1983.95,1983.95,-1234.99,-1234.99,-1234.99,3052.76,3052.76,-4064.69,6.48414e-07,6.48414e-07,1454.23,-2667.14,-2667.14,3840.09,-1304,1080.4,0,2385.11,1124.43,-3553.34,-2676.94,-2676.94,-399.396,218.778,-45.727,-3070.19,-3070.19,-1771.15,848.718,848.718,8561.57,-5341.6,-8556.12,7413.98,7468.68,7892.55,-10660.8,2209.48,-2091.61,7413.98,7468.68,7892.55,-8524.86,-4446.87,-2058.1,1058.7,14027.5,2263.67,11434.6,28437,15646.1,15646.1,1921.07,-8198.34,790.488,1913.38,740.209,-897.319,913.743,-949.411,-812.389,-889.747,966.858,989.152,972.192,-913.783,268.063,268.063,-854.311,3752.72,3752.72,-8280.9,764.943,1198.66,-927.611,709.892,2348.54,3676.76,3676.76,6353.31,8086.08,8538.41,16611.4,-9060.49,4432.21,-6349.92,1839.05,4429.8,8404.33,4927.77,4925.96,-1838.71,-8076.63,-8528.17,3578.26,3620.16,2555.17,2966.45,2423.18,2554.34,2036,2036,452.053,724.604,-1912.87,-2159.07,3764.51,-8080.96,-8080.96,-8533,-8533,-1527.76,-1527.76,89.467,346.1,1212.3,1212.3,5076.94,5076.94,-4808,-4808,1118.65,-175.893,2802.91,-3359.54,14178,-14632.3,-16278.2,11078.2,-2799.76,2863.9,1828.19,-2581.36,128.659,128.659,806.633,806.633,-213.935,310.461,-2026.23,-319.022,22.7101,22.7101,1651.5,559.323,2122.27,1629.02,119.742,119.742,171.553,171.621,1926.25,1926.25,2068.51,1049.78,1525.23,759.84,297.088,146.577,146.577,-87.9503,-98.9373,0,-688.233,-765.389,0,-54.1209,888.341,888.341,106.372,159.522,-398.117,-400.203,110.912,-545.604,-532.749,1420.55,-2663.78,-6423.23,-1196.03,-480.439,-480.439,235.786,1994.39,1994.39,886.521,880.131,1.50712e-06,0,912.82,912.82,0,9.8889e-07,0,1254.47,0,-855.161,0,1.41612e-08,3.35177e-08,-1080.68,-848.942,-848.942,0,-209.424,-209.424,1.73736e-08,0,1170.18,1837.94,1837.94,1837.94,2297.26,0,0,0,422.632,422.632,422.632,0,-832.445,-279.506,-279.506,-120.865,1.13141e-06,-60.4367,-60.4367,5.55794e-10,8.73241e-10,3.40419e-10,7.187e-09,84.1739,83.5484,120.117,0,3.97663e-10,0,-3067.11,-3067.11,-3067.11,0,0,0,0,1.14648e-10,2.00615e-06,2877.73,2877.73,3.49095e-07,-4991.38,-755.801,-1105.16,0,1.05302e-07,-992.48,-2480.29,2.01941e-06,-18760.2,-10375.9,-3015.52,-2914.19,45.7278,3078.46,3078.46,2.61113e-06,-74309.1,737.234,9.88043e-06,1.04163e-05,1025.54,1648.28,4071.99,6.24496e-06,1.04529e-06,1.25451e-06,604.466,4.16151e-07,5.27808e-05,0.00010488,7379.49,0.000448419,4424.6,8.74957e-06,825.013,1869.56,1.4734e-06,1393.15,4.52387e-07,1977.34,-3274.37,3.91393e-08,8.42198e-07,-2711.92,-2711.92,7.11078e-08,104.193,104.193,2.58941e-06,24.7697,0,4.47429e-07,-2646.01,-6225.4,0,0
2020-08-06 09:00:00 UTC,-3040.57,-904.357,3537.18,-762.799,-762.799,-0.764412,1270.8,1466.62,-1739.7,-1739.7,1512.91,1195.88,-5775.78,-173.722,650.66,1320.22,2556.54,808.69,-4340.78,-583.474,573.068,-2192.7,-2192.7,-2057.44,-2868.79,-836.612,-543.855,287.972,121.117,1649.97,-577.8,-577.8,-1293.86,-716.189,-716.189,-4409.85,2348.3,2355.85,-8305.48,-8305.48,2658.72,4979.48,2640.69,1629.04,3580.58,-5008.92,-7132.11,-7184.68,-7592.69,145.291,-1257.4,-1257.4,271.189,-263.681,-336.474,308.003,308.003,-2015.46,1009.22,439.185,1301.45,-1478.97,-1594.96,862.145,862.145,-390.232,-530.863,460.547,460.547,423.805,2099.71,-1479.47,739.736,739.736,60.0081,60.0081,15.972,13.7629,18.847,-66.9869,-126.781,101.534,-7.47168,-6.9682,3.11562,-29.2667,-2.43104,363.765,363.765,36.4721,36.4721,36.1274,36.1274,-716.318,-716.318,-716.318,225.594,225.594,95.5261,-170.09,-94.9415,-94.9415,116.899,116.899,-333.593,-113.299,-1628.38,0.23,0.23,-1385.46,-1385.46,-1385.46,3976.41,-1048.5,-1048.5,-1109.91,-1109.91,-0.316,332.834,332.834,-152.918,-152.918,-4696.46,-4696.46,4501.18,4501.18,0,-212.864,-1986.16,-827.802,1826.75,1826.75,-1500.51,8027.37,3518.26,-1561.91,-4629.55,-4629.55,1158.61,1158.61,-3972.87,-3972.87,426.053,1026.74,5857.9,3068.15,1920.89,1920.89,-1194.1,-1194.1,-1194.1,2945.45,2945.45,-3945.99,6.48367e-07,6.48367e-07,1405.39,-2572.26,-2572.26,3703.74,-1250.32,1046.66,0,2297.64,1097.03,-3416.32,-2581.56,-2581.56,-390.37,210.169,-45.211,-2985.65,-2985.65,-1705.76,816.625,816.625,8242.88,-5126.93,-8237.83,7138.42,7191.09,7599.2,-10243.3,2130.55,-2014.77,7138.42,7191.09,7599.2,-8225.8,-4274.09,-1920.76,1058.76,13674,2191.62,11138.6,27719.4,15253.1,15253.1,1875.87,-7940.06,770.833,1868.62,723.065,-868.422,888.765,-923.144,-790.245,-865.453,942.737,964.473,947.938,-888.743,257.862,257.862,-830.823,3645.17,3645.17,-8040.11,739.881,1162.61,-902.093,695.775,2288.3,3567.7,3567.7,6194.34,7893.89,8335.46,16212.2,-8866.05,4312.31,-6191.11,1802.7,4310.03,8211.68,4814.81,4813.04,-1802.37,-7884.89,-8325.7,3482.42,3523.2,2514.25,2918.94,2362.7,2495,1980.14,1980.14,444.363,698.825,-1860.39,-2099.84,3710.75,-7889.01,-7889.01,-8330.3,-8330.3,-1510.46,-1510.46,84.7474,328.359,1208.81,1208.81,5029.69,5029.69,-4752.7,-4752.7,1073.79,-180.058,2800.62,-3324.71,14102.9,-14304.2,-15896.1,11069.7,-2797.48,2773.45,1775.78,-2519.37,126.339,126.339,771.078,771.078,-200.168,295.765,-1959.2,-305.601,15.4847,15.4847,1593.46,542.618,2019.2,1578.21,112.843,112.843,159.503,159.567,1876.22,1876.22,2010.45,1016.31,1476.93,721.547,261.037,139.739,139.739,-91.3387,-102.72,0,-675.283,-751.005,0,-58.641,869.031,869.031,113.046,134.844,-392.237,-394.293,114.151,-545.973,-533.129,1379.57,-2612.57,-6298.5,-1164.95,-467.97,-467.97,229.608,1972.46,1972.46,881.436,875.082,1.50162e-06,0,922.784,922.784,0,9.2375e-07,0,1144.42,0,-836.592,0,1.3176e-08,3.35547e-08,-1059.27,-824.987,-824.987,0,-204.532,-204.532,1.61258e-08,0,1123.79,1764.14,1764.14,1764.14,2215.98,0,0,0,409.559,409.559,409.559,0,-814.048,-274.65,-274.65,-120.008,1.0544e-06,-60.0081,-60.0081,6.08809e-10,-3.92833e-10,5.24194e-12,5.73389e-09,82.3119,81.7002,119.066,0,1.33699e-10,0,-2975.35,-2975.35,-2975.35,0,0,0,0,-2.80451e-10,1.84428e-06,2802.36,2802.36,3.43574e-07,-4821.95,-736.913,-1077.55,0,9.61994e-08,-967.931,-2402.94,1.97297e-06,-18215.5,-10079.8,-2945.35,-2842.77,45.2118,2993.51,2993.51,2.4347e-06,-72121.3,711.287,8.53118e-06,9.71311e-06,997.399,1603.06,3960.27,5.72368e-06,9.98826e-07,1.16927e-06,586.483,3.76935e-07,4.91808e-05,0.000105836,7449.61,0.000447521,4305.1,8.72929e-06,812.936,1804.46,1.41913e-06,1353.11,4.45354e-07,1923.13,-3165.93,3.76466e-08,8.26919e-07,-2644.44,-2644.44,6.36402e-08,113.001,113.001,2.43105e-06,0.764864,0,4.27462e-07,-2575.93,-6035.04,0,0
2020-08-06 10:00:00 UTC,-3076.27,-916.963,3591.1,-784.634,-784.634,9.81908,1290.24,1489.71,-1764.83,-1764.83,1495.15,1193.56,-5791.5,-205.326,651.689,1309.94,2579.56,815.972,-4334.93,-580.05,601.617,-2211.68,-2211.68,-2071,-2901.45,-846.019,-545.426,289.543,126.415,1656.68,-579.723,-579.723,-1297.01,-717.42,-717.42,-4419.28,2326.91,2334.38,-8262.54,-8262.54,2635.08,4955.1,2643.78,1630.94,3549.59,-4973.33,-7086.42,-7138.65,-7544.04,142.583,-1249.53,-1249.53,271.52,-261.364,-323.387,311.356,311.356,-1998.4,1011.51,435.27,1300.21,-1464.76,-1579.64,864.827,864.827,-395.271,-542.094,468.682,468.682,429.465,2107.06,-1482.26,741.128,741.128,61.9804,61.9804,16.1139,13.9854,18.699,-66.4882,-124.872,100.607,-7.27722,-6.78684,3.42706,-28.847,-1.57421,362.628,362.628,34.9069,34.9069,34.578,34.578,-714.13,-714.13,-714.13,222.187,222.187,96.3114,-168.162,-95.5624,-95.5624,115.394,115.394,-335.628,-112.591,-1630.28,0.23,0.23,-1380.09,-1380.09,-1380.09,3958.44,-1045.15,-1045.15,-1106.03,-1106.03,-0.316,332.192,332.192,-152.961,-152.961,-4679.59,-4679.59,4484.86,4484.86,0,-212.602,-1978.55,-823.543,1819.88,1819.88,-1493.49,7990.78,3502.22,-1554.37,-4612.66,-4612.66,1155.26,1155.26,-3959.04,-3959.04,426.105,1023.94,5818.5,3067.8,1911.22,1911.22,-1186.87,-1186.87,-1186.87,2926.82,2926.82,-3932.4,6.48376e-07,6.48376e-07,1397.53,-2555.89,-2555.89,3680.74,-1239.04,1042.82,0,2282.51,1095.18,-3389.51,-2564.9,-2564.9,-389.886,207.803,-46.007,-2984.48,-2984.48,-1694.93,810.49,810.49,8187.28,-5086.29,-8182.3,7092.65,7144.97,7550.47,-10166.2,2117.69,-1999.7,7092.65,7144.97,7550.46,-8174.53,-4241.85,-1887.79,1065.82,13640.2,2180.22,11108.2,27649.3,15215.2,15215.2,1875.02,-7902.69,770.361,1867.64,722.994,-856.614,885.746,-920.05,-787.808,-862.707,940.534,962.218,945.722,-885.745,255.816,255.816,-827.915,3633.21,3633.21,-8012.81,736.292,1156.68,-898.924,697.495,2278.11,3552.36,3552.36,6193.45,7874.58,8315.07,16159.8,-8857.5,4329.21,-6190.23,1785.27,4326.92,8186.62,4800.12,4798.36,-1784.95,-7865.62,-8305.36,3460.53,3501.06,2512.74,2917.18,2348.99,2508.68,1967.35,1967.35,442.704,707.638,-1848.37,-2086.27,3707.47,-7869.73,-7869.73,-8309.94,-8309.94,-1510.18,-1510.18,83.7444,324.586,1211.61,1211.61,5031.78,5031.78,-4762.12,-4762.12,1095.33,-172.38,2817.11,-3328.63,14137.2,-14270.8,-15849,11140.6,-2813.93,2776.63,1775.96,-2522,125.218,125.218,773.557,773.557,-208.565,296.646,-1981.51,-308.743,20.2672,20.2672,1607.19,547.51,2026.88,1587.15,113.748,113.748,161.602,161.666,1878.08,1878.08,2012.11,1016.84,1476.29,726.05,257.743,140.944,140.944,-95.5809,-107.478,0,-684.662,-761.37,0,-63.0885,887.197,887.197,119.783,124.598,-395.756,-397.83,118.712,-556.727,-543.631,1387.04,-2637.13,-6297.11,-1160.68,-466.933,-466.933,227.402,1996.62,1996.62,893.96,887.516,1.54578e-06,0,943.513,943.513,0,9.33897e-07,0,1102.74,0,-845.999,0,1.33894e-08,3.49345e-08,-1072.08,-828.342,-828.342,0,-207.966,-207.966,1.61617e-08,0,1111.94,1745.99,1745.99,1745.99,2208.92,0,0,0,403.223,403.223,403.223,0,-824.747,-279.91,-279.91,-123.952,1.07857e-06,-61.9804,-61.9804,-6.31234e-11,6.4831e-10,-1.11094e-10,6.05103e-09,83.4374,82.8173,120.305,0,3.30902e-10,0,-2962.1,-2962.1,-2962.1,0,0,0,0,2.9772e-10,1.83437e-06,2800.94,2800.94,3.42553e-07,-4796.16,-738.652,-1080.09,0,9.54934e-08,-966.38,-2391.53,1.96794e-06,-18146.8,-10042.4,-2939.32,-2836.87,46.0079,2992.19,2992.19,2.4147e-06,-71850.5,720.146,8.38832e-06,9.58012e-06,990.957,1592.71,3934.7,5.58074e-06,9.88626e-07,1.145e-06,574.173,3.67351e-07,4.84867e-05,0.000108054,7563.23,0.000453278,4321.95,8.75506e-06,811.907,1826.25,1.43255e-06,1372.87,4.48592e-07,1922.41,-3188.5,3.75268e-08,8.24867e-07,-2642.83,-2642.83,6.4285e-08,113.422,113.422,2.47543e-06,-9.81861,0,4.39803e-07,-2568.76,-6012.06,0,0
2020-08-06 11:00:00 UTC,-3206.11,-956.823,3775.38,-842.492,-842.492,8.61904,1356.07,1565.77,-1847.72,-1847.72,1537.37,1216.75,-5987.37,-216.186,662.231,1359.15,2656.86,840.422,-4472.84,-597.286,629.869,-2280.38,-2280.38,-2144.9,-3011.73,-878.449,-558.786,302.903,133.411,1710.34,-597.356,-597.356,-1336.41,-739.195,-739.195,-4556.82,2379.65,2387.29,-8492.92,-8492.92,2694.48,5108.79,2731.62,1685.12,3629.15,-5095.97,-7281.23,-7334.89,-7751.44,144.915,-1284.14,-1284.14,277.954,-268.003,-329.587,321.101,321.101,-2050.62,1038.48,444.209,1336.83,-1503.88,-1621.84,892.502,892.502,-409.442,-563.303,486.373,486.373,444.942,2178.83,-1532.29,766.143,766.143,64.6726,64.6726,16.6326,14.4619,19.2182,-68.3407,-127.963,103.233,-7.19246,-6.7078,3.92668,-29.3734,-1.39445,373.232,373.232,35.5351,35.5351,35.2007,35.2007,-734.868,-734.868,-734.868,226.737,226.737,99.7009,-172.494,-98.8951,-98.8951,118.31,118.31,-347.662,-115.771,-1684.42,0.23,0.23,-1416.5,-1416.5,-1416.5,4065.69,-1071.35,-1071.35,-1135.35,-1135.35,-0.316,341.077,341.077,-156.86,-156.86,-4804.08,-4804.08,4603.72,4603.72,0,-218.204,-2031.58,-845.168,1868.08,1868.08,-1533.74,8205.59,3596.38,-1597.74,-4735.44,-4735.44,1186.68,1186.68,-4064.24,-4064.24,438.572,1051.15,5975.35,3148.71,1964.07,1964.07,-1219.1,-1219.1,-1219.1,3005.31,3005.31,-4036.22,6.48436e-07,6.48436e-07,1432.86,-2622.52,-2622.52,3778.36,-1270.73,1073.35,0,2344.77,1125.21,-3479.23,-2631.64,-2631.64,-399.501,212.918,-48.207,-3072.59,-3072.59,-1741.51,832.143,832.143,8410.14,-5224.13,-8404.88,7287.81,7341.57,7758.23,-10441.8,2175.6,-2052.37,7287.81,7341.57,7758.22,-8394.67,-4356.63,-1939.36,1092.42,14003,2239.11,11404.3,28378.1,15615.5,15615.5,1928.16,-8118.55,796.039,1919.61,740.81,-874.63,909.259,-944.991,-809.269,-886.067,965.263,987.519,970.587,-909.398,263.193,263.193,-849.856,3731.75,3731.75,-8235.29,759.92,1187.13,-922.737,715.464,2331.95,3648.3,3648.3,6372.95,8075.82,8527.57,16561.6,-9087.89,4480.21,-6369.54,1811.44,4477.75,8385.71,4916.85,4915.04,-1811.11,-8066.39,-8517.35,3540.3,3581.76,2569.97,2983.62,2404.12,2596.11,2012.4,2012.4,453.895,741.959,-1890.7,-2134.04,3778.85,-8070.71,-8070.71,-8522.17,-8522.17,-1540.04,-1540.04,85.5438,331.533,1236.51,1236.51,5132.22,5132.22,-4868.93,-4868.93,1164.56,-161.355,2884.82,-3399.05,14424.1,-14632.8,-16241.6,11419.4,-2881.48,2878.32,1836.65,-2598.36,130.439,130.439,808.091,808.091,-229.198,310.941,-2084.75,-328.776,29.1795,29.1795,1694.63,573.578,2156.74,1665.69,118.039,118.039,172.569,172.637,1935.75,1935.75,2076.32,1051.51,1524.69,764.468,281.855,148.42,148.42,-100.529,-113.041,0,-710.253,-789.71,0,-67.3184,931.827,931.827,126.714,127.718,-410.334,-412.485,124.437,-579.809,-566.165,1456.37,-2770.39,-6461.92,-1187.42,-479.249,-479.249,229.537,2081.46,2081.46,940.593,933.813,1.70092e-06,0,1002.39,1002.39,0,1.01455e-06,0,1141.02,0,-878.427,0,1.39877e-08,3.88963e-08,-1111.16,-855.17,-855.17,0,-218.143,-218.143,1.64783e-08,0,1138.01,1791.78,1791.78,1791.78,2272.99,0,0,0,408.636,408.636,408.636,0,-854.397,-290.684,-290.684,-129.336,1.19318e-06,-64.6726,-64.6726,-3.69479e-10,-2.79807e-10,4.58134e-10,6.82732e-09,86.5447,85.9015,121.613,0,3.68465e-10,0,-3041.35,-3041.35,-3041.35,0,0,0,0,4.60878e-10,1.98758e-06,2881.53,2881.53,3.48044e-07,-4927.75,-762.223,-1114.55,0,1.0309e-07,-994.341,-2456.14,2.01568e-06,-18631.3,-10311.9,-3011.24,-2911.58,48.2079,3080.51,3080.51,2.58339e-06,-73783,754.695,9.70217e-06,1.0171e-05,1013.65,1629.18,4024.79,5.8999e-06,1.03278e-06,1.20206e-06,571.888,3.99246e-07,5.14026e-05,0.000114256,7830.8,0.000476732,4472.43,8.78817e-06,828.703,1925.14,1.52129e-06,1435.23,4.60085e-07,1992.79,-3353.87,3.91721e-08,8.3469e-07,-2716.91,-2716.91,7.19495e-08,108.582,108.582,2.70732e-06,-8.61856,0,4.94999e-07,-2634.78,-6169.94,0,0
2020-08-06 12:00:00 UTC,-3417.25,-1020.24,4066.52,-922.74,-922.74,-8.38066,1460.5,1685.76,-1965.72,-1965.72,1631.14,1276.34,-6353.1,-220.656,691.714,1450.65,2801.02,886.017,-4743.79,-633.862,653.686,-2418.03,-2418.03,-2279.16,-3209.53,-936.38,-583.314,327.431,144.973,1808.74,-630.453,-630.453,-1413.75,-783.454,-783.454,-4823.39,2515.27,2523.35,-9010.71,-9010.71,2843.7,5450.34,2900.55,1789.32,3823.78,-5358.72,-7737.55,-7794.58,-8237.26,155.469,-1363.41,-1363.41,289.585,-285.142,-368.825,332.575,332.575,-2182.26,1081.67,466.159,1414.84,-1604.96,-1730.86,948.546,948.546,-427.402,-583.548,505.475,505.475,464.273,2309.4,-1630.7,815.348,815.348,66.1482,66.1482,17.2579,14.838,20.4666,-72.7355,-137.972,110.298,-7.28717,-6.79613,4.45247,-31.1622,-2.91412,395.403,395.403,40.0248,40.0248,39.647,39.647,-776.766,-776.766,-776.766,237.958,237.958,104.998,-184.985,-104.422,-104.422,127.134,127.134,-370.873,-123.561,-1788.52,0.23,0.23,-1494.32,-1494.32,-1494.32,4294.37,-1128.17,-1128.17,-1197.39,-1197.39,-0.316,359.948,359.948,-162.29,-162.29,-5065.4,-5065.4,4849.66,4849.66,0,-228.852,-2141.44,-890.878,1967.59,1967.59,-1619.32,8666.65,3798.48,-1688.53,-4994.4,-4994.4,1250.86,1250.86,-4285.8,-4285.8,461.662,1106.08,6336.77,3290.69,2076.55,2076.55,-1289.63,-1289.63,-1289.63,3182.6,3182.6,-4255.5,6.4847e-07,6.4847e-07,1512.8,-2775.46,-2775.46,4002.74,-1346.98,1141.37,0,2489.12,1187.04,-3688.94,-2784.91,-2784.91,-418.83,225.416,-51.388,-3245.77,-3245.77,-1850.02,883.775,883.775,8933.44,-5556.91,-8927.51,7744.98,7802.12,8244.92,-11101,2308.8,-2177.02,7744.98,7802.12,8244.92,-8893.74,-4628.96,-2105.61,1126.07,14721.8,2366.64,11996.5,29830.7,16413.1,16413.1,2028.57,-8579.15,842.127,2018.41,775.327,-918.872,957.462,-995.204,-852.78,-933.484,1014.68,1038.07,1020.27,-957.539,279.951,279.951,-894.59,3935.14,3935.14,-8691.81,807.261,1251.72,-971.3,749.427,2444.79,3850.14,3850.14,6724.33,8472.15,8946.09,17360,-9524.32,4773.97,-6720.53,1864.92,4771.18,8778.24,5147,5145.11,-1864.57,-8461.78,-8934.84,3708.78,3752.21,2671.24,3101.2,2516.58,2762.02,2108.74,2108.74,473.563,806.061,-1981.21,-2236.21,3904.92,-8466.53,-8466.53,-8940.14,-8940.14,-1588.34,-1588.34,91.5776,354.395,1268.58,1268.58,5286.51,5286.51,-5043.02,-5043.02,1303.44,-138.415,2967.59,-3510.59,14820.2,-15335.3,-17017.8,11760,-2964.06,3080.02,1957.21,-2748.12,140.664,140.664,878.196,878.196,-269.034,340.132,-2285,-366.817,47.0603,47.0603,1858.99,624.421,2404.69,1812.18,127.594,127.594,195.056,195.133,2050.23,2050.23,2204.84,1121.83,1623.89,841.064,336.707,163.016,163.016,-105.673,-118.839,0,-754.192,-838.393,0,-70.9036,1007.55,1007.55,132.823,148.726,-435.758,-438.041,130.725,-613.949,-599.483,1584.35,-2998.65,-6761.24,-1244.8,-503.725,-503.725,238.015,2218.74,2218.74,1013.92,1006.62,1.94758e-06,0,1085.2,1085.2,0,1.17121e-06,0,1227.81,0,-936.355,0,1.37195e-08,4.50724e-08,-1182.75,-904.368,-904.368,0,-236.185,-236.185,1.78522e-08,0,1215.02,1913.59,1913.59,1913.59,2403.08,0,0,0,435.606,435.606,435.606,0,-891.689,-301.874,-301.874,-132.287,1.41994e-06,-66.1482,-66.1482,9.71767e-11,4.57338e-10,-1.8055e-10,8.2819e-09,90.5863,89.913,124.76,0,2.66944e-10,0,-3209.15,-3209.15,-3209.15,0,0,0,0,2.83831e-10,2.31685e-06,3041.66,3041.66,3.56045e-07,-5226.83,-810.69,-1185.42,0,1.21534e-07,-1051.17,-2596.2,2.10006e-06,-19645,-10870.4,-3157.1,-3060.46,51.3891,3254.18,3254.18,2.94673e-06,-77837.2,819.052,1.27251e-05,1.148e-05,1062.17,1707.17,4217.47,6.70845e-06,1.12145e-06,1.33406e-06,577.621,4.70588e-07,5.80472e-05,0.000121193,8103.63,0.000506365,4765.13,8.83713e-06,859.976,2116.16,1.71044e-06,1558.37,4.84391e-07,2129.2,-3663.48,4.29324e-08,8.56395e-07,-2865.74,-2865.74,9.02806e-08,97.2047,97.2047,3.16249e-06,8.38123,0,5.96859e-07,-2772.75,-6508.75,0,0
2020-08-06 13:00:00 UTC,-3715.47,-1104.36,4410.92,-984.66,-984.66,-82.5465,1575.86,1816.47,-2111.98,-2111.98,1860.82,1428.99,-7037.75,-172.409,769.029,1633.54,3061.98,968.55,-5302.84,-715.26,612.864,-2650.09,-2650.09,-2542.78,-3574.73,-1043.94,-633.052,377.169,160.499,2007.57,-696.226,-696.226,-1562.24,-866.205,-866.205,-5348.63,2784.44,2793.38,-10028.5,-10028.5,3143.31,6122.98,3223.62,1988.59,4219.78,-5922.4,-8629.73,-8693.32,-9187.1,174.346,-1519.94,-1519.94,313.455,-318.257,-437.522,358.205,358.205,-2437.63,1174.37,511.404,1561.8,-1800.4,-1941.65,1050.23,1050.23,-465.809,-629.667,547.738,547.738,505.735,2555.94,-1802.25,901.125,901.125,70.2188,70.2188,18.695,15.8383,22.9101,-81.3624,-156.373,123.547,-7.51169,-7.00553,5.45501,-34.5278,-5.21806,439.207,439.207,47.7891,47.7891,47.3361,47.3361,-861.542,-861.542,-861.542,263.005,263.005,115.502,-208.221,-115.354,-115.354,143.469,143.469,-413.451,-138.251,-1987.61,0.072,0.072,-1627.11,-1627.11,-1627.11,4685.85,-1227.59,-1227.59,-1300.2,-1300.2,-0.099,389.698,389.698,-161.291,-161.291,-5495,-5495,5247.23,5247.23,0,-241.451,-2318.65,-967.165,2128.79,2128.79,-1767.8,9458.87,4145.74,-1840.41,-5424.44,-5424.44,1351.84,1351.84,-4650.97,-4650.97,496.658,1193.7,7012.34,3460.22,2269.63,2269.63,-1413.01,-1413.01,-1413.01,3504.42,3504.42,-4619.2,6.48463e-07,6.48463e-07,1654.15,-3057.32,-3057.32,4419.97,-1489.96,1273.97,0,2764.85,1291.46,-4079.84,-3067.76,-3067.76,-448.891,247.951,-54.69,-3527.39,-3527.39,-2059.51,985.619,985.619,9951.11,-6216.74,-9943.74,8638.97,8702.71,9196.63,-12399.6,2560.66,-2419.16,8638.97,8702.7,9196.63,-9811.85,-5155.97,-2524.32,1124.55,15814.3,2586.51,12911.8,32059.9,17637.7,17637.7,2175.12,-9360.68,907.007,2163.08,831.884,-982.775,1034.34,-1074.75,-922.27,-1009.11,1091.15,1116.31,1097.17,-1034.09,310.922,310.922,-965.602,4266.22,4266.22,-9433.83,884.361,1358.7,-1048.38,804.471,2620.46,4183.28,4183.28,7282.53,9063.32,9570.34,18523.9,-10140.4,5279.38,-7278.07,1913.54,5275.97,9350.12,5482.32,5480.31,-1913.17,-9051.45,-9557.47,3945.43,3991.63,2814.89,3267.98,2665.73,3044.19,2246.73,2246.73,492.357,928.923,-2110.86,-2382.53,4081.2,-9056.89,-9056.89,-9563.54,-9563.54,-1652.05,-1652.05,102.21,394.413,1303.63,1303.63,5482.74,5482.74,-5300.33,-5300.33,1568.92,-85.6297,3055.55,-3664.65,15318.1,-16370.9,-18155.2,12108.3,-3051.8,3448.74,2171.33,-2985.66,151.472,151.472,1030.6,1030.6,-355.049,404.281,-2652.36,-438.868,92.62,92.62,2155.98,714.056,2863.27,2063.61,155.196,155.196,252.845,252.943,2242.35,2242.35,2430.33,1253.93,1807.37,1007.54,481.403,193.708,193.708,-101.937,-114.717,0,-823.184,-914.85,0,-63.5661,1127.7,1127.7,122.052,228.989,-472.864,-475.339,128.126,-643.658,-628.421,1792.15,-3295.15,-7150.96,-1337.91,-541.829,-541.829,255.021,2409.92,2409.92,1121.46,1113.37,2.29215e-06,0,1153.55,1153.55,0,1.51935e-06,0,1458.04,0,-1043.91,0,1.40834e-08,5.63436e-08,-1311.17,-1003.78,-1003.78,0,-268.813,-268.813,2.09446e-08,0,1357.26,2148.08,2148.08,2148.08,2666.05,0,0,0,479.441,479.441,479.441,0,-971.561,-326.725,-326.725,-140.427,1.87946e-06,-70.2188,-70.2188,-3.06919e-10,-2.27711e-10,-2.73272e-10,1.04128e-08,99.0093,98.2735,129.185,0,3.21827e-10,0,-3490.86,-3490.86,-3490.86,0,0,0,0,1.7261e-10,2.9146e-06,3304.46,3304.46,3.66628e-07,-5794.22,-903.22,-1320.72,0,1.57046e-07,-1151.09,-2842.22,2.19737e-06,-21317,-11787.3,-3385.48,-3290.53,54.6912,3536.74,3536.74,3.57224e-06,-84537.9,942.343,1.83824e-05,1.35754e-05,1131.68,1818.88,4493.45,7.97371e-06,1.24933e-06,1.53034e-06,575.1,5.84837e-07,6.84871e-05,0.000126705,8272.92,0.000537897,5268.58,8.82702e-06,890.046,2471.14,2.04534e-06,1784.54,5.13493e-07,2356.61,-4209.42,5.12411e-08,8.88467e-07,-3112.19,-3112.19,1.27418e-07,61.0282,61.0282,4.08023e-06,82.5507,0,7.546e-07,-3000.45,-7098.5,0,0
2020-08-06 14:00:00 UTC,-4030.29,-1187.51,4687.7,-946.944,-946.944,-262.979,1662.68,1910.51,-2231.63,-2231.63,2203.93,1707.77,-7983.74,-113.137,922.272,1844.5,3464.01,1095.7,-6108,-836.732,448.558,-3009.68,-3009.68,-2902.04,-4047.12,-1182.27,-702.952,447.069,172.07,2286.09,-790.484,-790.484,-1784.99,-994.762,-994.762,-6128.93,3246.93,3257.37,-11615,-11615,3654.3,7111.5,3677.06,2268.25,4889.45,-6868.91,-10032.9,-10106.9,-10681,211.909,-1763.31,-1763.31,355.044,-372.787,-560.787,393.482,393.482,-2850.14,1315.23,586.953,1796.37,-2111.96,-2277.7,1209.2,1209.2,-513.781,-680.863,597.322,597.322,557.255,2894.73,-2029.74,1014.87,1014.87,73.5481,73.5481,20.5459,16.9166,26.7232,-94.7257,-185.517,143.448,-8.07863,-7.53427,6.31841,-39.8705,-10.0262,502.675,502.675,61.7692,61.7692,61.1789,61.1789,-988.303,-988.303,-988.303,306.212,306.212,128.054,-243.877,-129.4,-129.4,168.879,168.879,-467.262,-159.694,-2266.98,-1.737,-1.737,-1823.11,-1823.11,-1823.11,5255.77,-1377.55,-1377.55,-1451.11,-1451.11,2.384,436.406,436.406,-146.499,-146.499,-6112.6,-6112.6,5798.95,5798.95,0,-255.435,-2564.15,-1067.88,2350.12,2350.12,-1981.4,10618.2,4653.95,-2054.96,-6048.53,-6048.53,1496.7,1496.7,-5181.77,-5181.77,550.907,1318.19,8066.87,3586.04,2548.65,2548.65,-1590.17,-1590.17,-1590.17,3996.31,3996.31,-5149.59,6.48318e-07,6.48318e-07,1858.44,-3487.83,-3487.83,5053.98,-1718.53,1474.58,0,3194.33,1431.9,-4698.11,-3503.75,-3503.75,-494.121,272.916,-59.231,-3892.54,-3892.54,-2387.51,1145.54,1145.54,11546.1,-7278.98,-11536.1,10045.4,10119.6,10693.9,-14471.5,2948.84,-2793.19,10045.4,10119.6,10693.9,-11216.6,-6002.08,-3286.93,1048.22,17191.6,2914.45,14087.4,34891.9,19186.9,19186.9,2341.92,-10528.3,1012.42,2322.54,905.698,-1067.44,1136.08,-1185.08,-1014.56,-1110.03,1185.32,1212.67,1191.86,-1137.24,362.19,362.19,-1061.91,4713.06,4713.06,-10481.6,1026.87,1499.63,-1152.96,873.154,2847.87,4667.7,4667.7,7988.46,9783,10330.3,19921.6,-10803.2,5946.08,-7983.09,1948.6,5941.75,10036.1,5884.54,5882.38,-1948.22,-9769.17,-10315.3,4215.14,4264.5,2989.23,3470.39,2830.17,3419.45,2405.67,2405.67,508.238,1099.28,-2260.19,-2551.08,4291.29,-9775.51,-9775.51,-10322.4,-10322.4,-1728.27,-1728.27,114.873,441.993,1345.38,1345.38,5717.32,5717.32,-5629.16,-5629.16,1939.05,-6.3359,3158.03,-3856.03,15931.8,-17619.2,-19522.8,12500.1,-3154.03,3962.52,2472.56,-3285.4,167.283,167.283,1255.51,1255.51,-479.384,501.362,-3168.4,-545.297,161.064,161.064,2590.25,840.029,3559.11,2429.42,196.061,196.061,339.082,339.212,2492.85,2492.85,2734.15,1440.23,2065.85,1243.6,732.695,235.163,235.163,-76.0306,-85.7651,0,-873.199,-970.295,0,-31.2514,1215.7,1215.7,74.2758,416.551,-514.307,-516.996,102.41,-640.279,-625.006,2095.79,-3622.59,-7526.44,-1443.31,-589.337,-589.337,265.495,2608.9,2608.9,1224.54,1215.72,2.55844e-06,0,1130.43,1130.43,0,2.14121e-06,0,1726.87,0,-1182.23,0,1.399e-08,6.58251e-08,-1482.28,-1143.04,-1143.04,0,-309.543,-309.543,2.33938e-08,0,1607.06,2526.27,2526.27,2526.27,3059.72,0,0,0,557.214,557.214,557.214,0,-1071.06,-355.017,-355.017,-147.084,2.51542e-06,-73.5481,-73.5481,-4.41557e-10,1.30773e-09,2.04077e-10,1.35051e-08,109.124,108.313,139.582,0,3.40231e-10,0,-3884.3,-3884.3,-3884.3,0,0,0,0,1.16316e-09,3.83745e-06,3648.27,3648.27,3.51933e-07,-6655.04,-1039.88,-1520.54,0,2.27604e-07,-1281.59,-3197.7,2.20522e-06,-23673.7,-13039.2,-3674.17,-3570.58,59.2324,3904.74,3904.74,4.50062e-06,-94197.3,1113.96,2.7635e-05,1.63967e-05,1211.74,1947.55,4811.33,9.5437e-06,1.40558e-06,1.76356e-06,555.649,7.38092e-07,8.19149e-05,0.000131965,8399.99,0.000574687,5932.38,8.67248e-06,910.864,2974.8,2.53115e-06,2085.78,5.39763e-07,2680.35,-5005.28,6.31934e-08,9.33742e-07,-3437.36,-3437.36,1.89597e-07,-1.80031,-1.80031,5.28868e-06,263.014,0,9.52212e-07,-3289.23,-7910.13,0,0
2020-08-06 15:00:00 UTC,-4259.26,-1243.43,4772.13,-813.73,-813.73,-512.519,1669.39,1909.6,-2274.94,-2274.94,2534.5,2036.42,-8882.7,-86.2407,1114.55,1989.98,3896.75,1232.56,-6888.56,-958.049,197.106,-3397.8,-3397.8,-3205.22,-4429,-1292.18,-763.693,507.81,173.907,2527.4,-879.111,-879.111,-2022.61,-1143.82,-1143.82,-6919.59,3835.54,3847.88,-13415.6,-13415.6,4293.3,8151.7,4116.34,2539.18,5710.03,-7975.7,-11658.5,-11744.4,-12411.7,269.22,-2038.11,-2038.11,404.54,-439.882,-743.21,419.016,419.016,-3347.96,1452.47,676.903,2078.37,-2485.99,-2681.16,1401.17,1401.17,-541.136,-689.924,615.53,615.53,585.778,3209.55,-2255.47,1127.74,1127.74,69.7453,69.7453,21.5185,16.7361,31.0347,-109.984,-221.51,165.732,-8.97683,-8.37195,6.17344,-46.2977,-19.0986,565.947,565.947,82.991,82.991,82.1899,82.1899,-1119.38,-1119.38,-1119.38,358.697,358.697,135.288,-285.503,-139.825,-139.825,199.282,199.282,-510.178,-182.439,-2537.58,-7.191,-7.191,-2050.83,-2050.83,-2050.83,5900.81,-1554.97,-1554.97,-1628.51,-1628.51,9.87303,498.407,498.407,-118.373,-118.373,-6819.32,-6819.32,6405.23,6405.23,0,-270.278,-2832.69,-1163.88,2588.65,2588.65,-2216.1,11938.2,5232.58,-2289.64,-6767.56,-6767.56,1669.34,1669.34,-5798.36,-5798.36,629.193,1464.46,9313.99,3605.55,2859.75,2859.75,-1782.43,-1782.43,-1782.43,4571.85,4571.85,-5766.19,6.48386e-07,6.48386e-07,2077.54,-3984.16,-3984.16,5772.69,-1996.65,1695.41,0,3693.64,1570.71,-5445.3,-4014.85,-4014.85,-553.232,281.727,-68.217,-4256.3,-4256.3,-2769.74,1328.25,1328.25,13392,-8546.71,-13378.7,11675.4,11761.5,12429.1,-16919.5,3397.81,-3214.33,11675.4,11761.5,12429.1,-12843.5,-7021.6,-4254.59,905.578,18547.4,3296.16,15264.3,37675.4,20694.5,20694.5,2486.25,-11916.6,1174.89,2448.08,976.949,-1158.8,1240.07,-1309.76,-1108.73,-1214.39,1270.71,1300.04,1277.72,-1247.02,427.885,427.885,-1166.25,5181.65,5181.65,-11672.5,1250.56,1633.88,-1266.45,931.283,3068.9,5228.2,5228.2,8671.48,10446.6,11031.1,21193.8,-11300.5,6621.15,-8665.15,1951.58,6615.78,10655.4,6247.64,6245.35,-1951.2,-10430.8,-11014,4449.2,4501.3,3142.42,3648.25,2963.39,3795.6,2546.46,2546.46,512.534,1282.86,-2392.46,-2700.37,4478.35,-10438.1,-10438.1,-11022,-11022,-1791.54,-1791.54,128.579,493.297,1371.54,1371.54,5903.58,5903.58,-5929.36,-5929.36,2332.14,82.5676,3241.02,-4021.26,16421.2,-18749.4,-20762.9,12827.3,-3236.81,4479.74,2772.02,-3574.24,178.672,178.672,1492.86,1492.86,-619.631,603.698,-3707.89,-657.551,239.822,239.822,3035.67,971.561,4279.61,2796.02,242.003,242.003,432.375,432.539,2741.15,2741.15,3040.74,1632.66,2334.4,1490.07,1021.92,277.271,277.271,-34.0144,-38.7564,0,-897.511,-997.321,0,17.9253,1258.99,1258.99,0.322919,671.084,-549.203,-552.071,59.3494,-602.941,-588.418,2397.37,-3845.02,-7769.27,-1510.68,-634.745,-634.745,242.025,2751.34,2751.34,1308.2,1298.77,2.69089e-06,0,1013,1013,0,2.87579e-06,0,1897.93,0,-1292.14,0,1.48613e-08,6.62175e-08,-1632.41,-1263.7,-1263.7,0,-340.828,-340.828,2.78594e-08,0,1950.36,2989.16,2989.16,2989.16,3468.22,0,0,0,674.43,674.43,674.43,0,-1126.94,-362.998,-362.998,-139.48,3.18581e-06,-69.7453,-69.7453,2.23204e-10,1.85044e-10,1.41601e-10,1.70893e-08,114.3,113.451,160.095,0,-3.22268e-11,0,-4306.51,-4306.51,-4306.51,0,0,0,0,2.61348e-09,4.97152e-06,3991.11,3991.11,2.84597e-07,-7615.68,-1182.55,-1729.14,0,3.44063e-07,-1396.78,-3585.64,2.01754e-06,-26281.7,-14358.7,-3935.28,-3817.21,68.2189,4274.93,4274.93,5.58741e-06,-105269,1300.47,3.9454e-05,1.93357e-05,1282.65,2061.53,5092.91,1.10737e-05,1.5461e-06,1.97687e-06,531.39,8.80993e-07,9.52043e-05,0.000136852,8533.61,0.00060633,6604.16,8.50423e-06,919.385,3502.51,3.10354e-06,2398.08,5.59964e-07,2993.87,-5812.26,8.52734e-08,9.84876e-07,-3761.89,-3761.89,2.70433e-07,-76.615,-76.615,6.49963e-06,512.649,0,1.10944e-06,-3544.81,-8740.38,0,0
2020-08-06 16:00:00 UTC,-4415.38,-1279.25,4730.57,-666.567,-666.567,-711.699,1625.77,1852.24,-2282.61,-2282.61,2801.09,2323.67,-9600.86,-69.3886,1286.1,2094.28,4264.52,1348.86,-7524.93,-1056.72,-10.9211,-3736.79,-3736.79,-3437.89,-4666.99,-1361.17,-814.226,558.343,157.474,2726.56,-954.044,-954.044,-2231.66,-1278.01,-1278.01,-7587.42,4329.5,4343.44,-14876.5,-14876.5,4854.27,8928.16,4464.82,2754.09,6467.89,-9062.13,-12957.7,-13053.1,-13794.9,297.43,-2251.69,-2251.69,452.738,-485.971,-830.802,464.773,464.773,-3721.46,1629.01,768.724,2317.97,-2767.1,-2984.4,1548.88,1548.88,-579.755,-725.702,652.728,652.728,627.032,3467.17,-2432.89,1216.44,1216.44,71.6435,71.6435,22.3996,17.1036,32.9995,-122.934,-242.011,181.332,-9.73049,-9.07484,6.88889,-50.5636,-22.6656,624.169,624.169,90.9175,90.9175,90.0369,90.0369,-1235.65,-1235.65,-1235.65,414.987,414.987,148.331,-312.233,-152.043,-152.043,217.84,217.84,-540.56,-199.632,-2752.21,-13.3995,-13.3995,-2231.95,-2231.95,-2231.95,6402.85,-1695.48,-1695.48,-1773.97,-1773.97,18.4021,551.905,551.905,-103.907,-103.907,-7384.2,-7384.2,6892.12,6892.12,0,-287.38,-3046.44,-1231.91,2778.59,2778.59,-2390.84,12977.1,5688.02,-2469.32,-7338.78,-7338.78,1815.14,1815.14,-6293.36,-6293.36,704.094,1588.79,10315.1,3614.22,3098.57,3098.57,-1932.61,-1932.61,-1932.61,5033.81,5033.81,-6259.03,6.48324e-07,6.48324e-07,2241.02,-4373.58,-4373.58,6330.83,-2223.15,1863,0,4088.06,1676.06,-6059.47,-4420.35,-4420.35,-607.3,277.035,-75.54,-4540.25,-4540.25,-3066.21,1481.15,1481.15,14862.2,-9560.03,-14845.7,12978.5,13074.3,13816.4,-18873,3735.22,-3563.58,12978.5,13074.3,13816.4,-14153.1,-7842.81,-5023.82,792.061,19591.8,3606.56,16172.1,39797.7,21836.5,21836.5,2592.7,-13055.9,1331.33,2535.63,1030.6,-1224.43,1319.96,-1411.74,-1180.46,-1294.75,1332.14,1362.9,1339.49,-1333.62,483.583,483.583,-1249.73,5545.97,5545.97,-12642.8,1459.48,1729.22,-1357.38,970.624,3227.74,5684.6,5684.6,9196.74,10934.5,11546.3,22110.4,-11627.2,7161.48,-9189.63,1932.68,7155.2,11101.4,6509.14,6506.75,-1932.31,-10917.3,-11527.6,4608.94,4662.91,3251.48,3774.88,3047.87,4094.38,2644.49,2644.49,509.027,1440.21,-2484.56,-2804.32,4612.87,-10925.2,-10925.2,-11536.4,-11536.4,-1834.43,-1834.43,139.657,534.68,1383.86,1383.86,6024.42,6024.42,-6153.44,-6153.44,2657.29,158.993,3287.54,-4138.41,16746.8,-19591.1,-21657.9,13002.3,-3283.21,4883.34,2995.26,-3794.02,177.569,177.569,1688.71,1688.71,-739.69,686.014,-4134.68,-740.53,309.035,309.035,3356.03,1076.23,4775.72,3047.12,286.222,286.222,513.582,513.776,2934.62,2934.62,3282.02,1786.01,2547.4,1700.68,1255.72,313.447,313.447,1.05084,0.470508,0,-931.933,-1035.66,0,59.6221,1306.35,1306.35,-62.3738,876.581,-576.135,-579.14,23.6976,-568.383,-554.557,2590.63,-3923.93,-7923.95,-1540.51,-668.389,-668.389,204.466,2847.32,2847.32,1371.25,1361.37,2.74218e-06,0,879.707,879.707,0,3.54279e-06,0,2018.06,0,-1361.12,0,1.38024e-08,5.99293e-08,-1722.92,-1363.28,-1363.28,0,-357.877,-357.877,3.04852e-08,0,2185.18,3344.33,3344.33,3344.33,3830.02,0,0,0,751.482,751.482,751.482,0,-1206.81,-383.787,-383.787,-143.276,3.83078e-06,-71.6435,-71.6435,7.25635e-10,6.20373e-10,1.55723e-10,1.91887e-08,122.728,121.816,182.076,-7.10298e-11,1.03943e-10,0,-4643.09,-4643.09,-4643.09,0,0,0,0,4.49153e-09,6.01341e-06,4256.74,4256.74,2.29708e-07,-8369.09,-1294.99,-1893.54,0,4.28054e-07,-1475.97,-3894.89,1.77546e-06,-28343.5,-15380,-4113.88,-3990.82,75.5424,4565.7,4565.7,6.53773e-06,-114157,1460.78,5.0527e-05,2.17227e-05,1332.02,2140.89,5288.96,1.22076e-05,1.65197e-06,2.14032e-06,507.134,9.85026e-07,0.000105393,0.000138207,8529.51,0.000623788,7141.61,8.37391e-06,923.421,3917.01,3.64783e-06,2665.2,5.92411e-07,3206.74,-6379.71,1.11558e-07,1.0373e-06,-4011.49,-4011.49,3.52521e-07,-141.163,-141.163,7.72544e-06,711.948,0,1.18746e-06,-3717.62,-9355.13,0,0
2020-08-06 17:00:00 UTC,-4492.46,-1291.52,4584.37,-498.198,-498.198,-909.607,1541.88,1748.4,-2242.76,-2242.76,3029,2582.14,-10170.8,-43.4205,1442.38,2164.59,4564.21,1443.64,-8046.76,-1141.44,-237.783,-4014.77,-4014.77,-3610.22,-4815.21,-1404.64,-853.605,597.722,136.434,2881.02,-1012.35,-1012.35,-2395.04,-1383.15,-1383.15,-8133.61,4823.8,4839.34,-16244.9,-16244.9,5390.23,9653.81,4750.36,2930.19,7155.09,-10035.6,-14205.6,-14310.2,-15123.6,336.033,-2444.35,-2444.35,491.083,-532.422,-970.048,488.223,488.223,-4101.52,1747.26,843.544,2523.86,-3061.59,-3302.08,1679.88,1679.88,-589.869,-711.89,650.879,650.879,636.854,3663.75,-2589.65,1294.83,1294.83,65.8344,65.8344,22.7046,16.6331,35.2939,-134.139,-266.4,196.976,-11.1854,-10.4317,5.89451,-55.6495,-29.1385,670.456,670.456,103.656,103.656,102.648,102.648,-1328.63,-1328.63,-1328.63,465.648,465.648,153.627,-340.855,-158.265,-158.265,238.675,238.675,-557.974,-215.37,-2928.06,-18.8575,-18.8575,-2398.55,-2398.55,-2398.55,6868.16,-1828.22,-1828.22,-1902.63,-1902.63,25.9012,600.331,600.331,-72.4313,-72.4313,-7896.19,-7896.19,7315.31,7315.31,0,-294.805,-3233.65,-1291.96,2942.83,2942.83,-2561.13,13932.6,6106.92,-2635.53,-7864.54,-7864.54,1942.39,1942.39,-6744.85,-6744.85,769.042,1696.63,11269.1,3536.03,3321.45,3321.45,-2069.96,-2069.96,-2069.96,5467.37,5467.37,-6712.31,6.48625e-07,6.48625e-07,2398.67,-4745.78,-4745.78,6867.25,-2442.77,2021.59,0,4466.61,1765.14,-6641.95,-4805.95,-4805.95,-654.213,272.966,-69.705,-4787.06,-4787.06,-3355.26,1623.97,1623.97,16274,-10548.9,-16254.3,14230.7,14335.7,15149.5,-20769.3,4066.42,-3887.33,14230.7,14335.7,15149.5,-15380.4,-8638.78,-5832.83,637.997,20408.9,3889.88,16901.2,41475.7,22739.4,22739.4,2667.99,-14096.1,1460.41,2591.64,1075.89,-1276.62,1386.7,-1496.51,-1239.76,-1361.36,1381.3,1413.2,1388.92,-1405.79,537.921,537.921,-1319.52,5865.15,5865.15,-13496.6,1646.5,1811.86,-1433.43,1001.3,3356.1,6094.91,6094.91,9630.55,11293.8,11925.7,22754.6,-11798.6,7650.01,-9622.75,1875.77,7642.84,11410.8,6690.55,6688.1,-1875.41,-11275.4,-11905.7,4702.15,4757.22,3325.68,3861.03,3082.64,4364.09,2706.08,2706.08,492.444,1594.05,-2542.43,-2869.63,4710.87,-11283.8,-11283.8,-11915.1,-11915.1,-1859.72,-1859.72,150.391,574.604,1379.83,1379.83,6084.38,6084.38,-6328.62,-6328.62,2975.66,238.611,3310.17,-4218.28,16911.1,-20191.2,-22286.8,13096.1,-3305.78,5243.8,3187.07,-3977.26,168.914,168.914,1876.62,1876.62,-863.107,764.319,-4533.14,-816.117,383.049,383.049,3640.55,1171.08,5202.47,3257.57,333.152,333.152,595.556,595.78,3102.43,3102.43,3496.49,1926.48,2741.16,1904.6,1485.56,348.272,348.272,38.7857,42.6924,0,-961.586,-1068.75,0,103.873,1343.64,1343.64,-129.388,1082.52,-596.581,-599.689,-14.9288,-522.298,-509.437,2743.12,-3919.95,-7947.07,-1562.82,-694.231,-694.231,175.002,2891.99,2891.99,1415.34,1405.13,2.69863e-06,0,726.037,726.037,0,4.1186e-06,0,2113.37,0,-1404.59,0,1.5016e-08,5.21024e-08,-1776.21,-1440.51,-1440.51,0,-367.045,-367.045,3.56223e-08,0,2460.3,3708.73,3708.73,3708.73,4120.19,0,0,0,834.29,834.29,834.29,0,-1226.75,-380.014,-380.014,-131.659,4.47419e-06,-65.8344,-65.8344,-6.51899e-10,8.95616e-10,7.70962e-10,1.94838e-08,124.501,123.576,200.197,-6.99508e-12,2.98002e-11,0,-4935.03,-4935.03,-4935.03,0,0,0,0,5.26481e-09,7.0433e-06,4484.27,4484.27,1.55057e-07,-9081.18,-1399.07,-2045.73,0,5.44084e-07,-1542.26,-4172.17,1.45837e-06,-30178.6,-16263.2,-4252.9,-4128.57,69.7071,4818.26,4818.26,7.38828e-06,-122198,1617.06,6.07042e-05,2.35143e-05,1363.04,2190.76,5412.15,1.29195e-05,1.7245e-06,2.23395e-06,477.961,1.04963e-06,0.000112409,0.000139131,8539.33,0.00063322,7627.33,8.25558e-06,916.207,4305.46,4.19284e-06,2927.75,6.2057e-07,3373.79,-6870.89,1.41634e-07,1.09009e-06,-4222.21,-4222.21,4.3789e-07,-206.954,-206.954,8.98507e-06,910.013,0,1.21131e-06,-3866.35,-9904.94,0,0
2020-08-06 18:00:00 UTC,-4528.62,-1294.02,4402.57,-317.73,-317.73,-1108.97,1449.22,1634.06,-2158.69,-2158.69,3193.79,2826.09,-10620.4,-60.7102,1597.75,2175.39,4846.21,1532.81,-8456.48,-1208.96,-461.387,-4312.88,-4312.88,-3744.06,-4888.63,-1427.46,-886.981,631.098,107.373,3010.94,-1059.65,-1059.65,-2520.43,-1461.28,-1461.28,-8601.64,5307.77,5324.87,-17495.4,-17495.4,5913.79,10276.8,4978.95,3071.16,7824.58,-10971.7,-15356.8,-15469.9,-16349.2,399.088,-2642.2,-2642.2,556.011,-588.806,-1176.71,480.873,480.873,-4495.6,1803.72,913.589,2712.54,-3333.25,-3595.14,1798.45,1798.45,-586.696,-676.966,631.831,631.831,632.111,3814.29,-2721.65,1360.82,1360.82,56.6098,56.6098,23.4017,16.2906,38.2349,-143.983,-293.727,213.591,-12.1667,-11.3469,4.73699,-60.7915,-37.5134,708.994,708.994,118.973,118.973,117.81,117.81,-1411.01,-1411.01,-1411.01,514.858,514.858,153.16,-372.63,-161.331,-161.331,261.629,261.629,-564.461,-230.885,-3068.82,-22.6185,-22.6185,-2544.79,-2544.79,-2544.79,7285.24,-1942.49,-1942.49,-2014.89,-2014.89,31.0693,640.736,640.736,-41.3539,-41.3539,-8334.59,-8334.59,7675.04,7675.04,0,-298.891,-3393.66,-1345.75,3082.77,3082.77,-2711.83,14786.1,6481.08,-2784.22,-8316.52,-8316.52,2048.69,2048.69,-7131.12,-7131.12,820.224,1786.61,12140.1,3412.79,3523.82,3523.82,-2193.24,-2193.24,-2193.24,5858.61,5858.61,-7099.47,6.48336e-07,6.48336e-07,2547.04,-5087.01,-5087.01,7364.9,-2647.34,2165.76,0,4815.67,1839.85,-7173.92,-5157.15,-5157.15,-693.211,272.717,-85.057,-4994.32,-4994.32,-3624.12,1753.77,1753.77,17576.6,-11470.9,-17553.6,15386.2,15499.6,16379.5,-22531,4377.8,-4177.77,15386.2,15499.6,16379.5,-16491.5,-9374.58,-6627.96,466.015,21035.4,4138.72,17476,42779.5,23435.7,23435.7,2718.04,-14999.8,1559.09,2627.68,1111.18,-1321.7,1443.59,-1566.14,-1290.08,-1417.66,1416.3,1449.03,1424.12,-1466.32,583.612,583.612,-1377.8,6136.24,6136.24,-14216.9,1802.26,1885.33,-1496.91,1023.83,3459.17,6446.8,6446.8,9979.3,11549.6,12195.8,23193.5,-11863.8,8073.27,-9970.92,1798.9,8065.29,11613.9,6809.67,6807.17,-1798.58,-11530.4,-12175,4737.8,4793.29,3378.83,3922.75,3091.64,4602.64,2730.94,2730.94,481.795,1732.93,-2565.79,-2895.98,4781.34,-11539.2,-11539.2,-12184.8,-12184.8,-1874.55,-1874.55,158.329,604.05,1373.1,1373.1,6115.16,6115.16,-6470.01,-6470.01,3270,316.598,3323.74,-4276.76,17003.6,-20574.5,-22715.2,13151.2,-3319.31,5550.93,3350.15,-4127.99,161.002,161.002,2040.45,2040.45,-978.735,833.398,-4895.87,-885.185,453.227,453.227,3904.2,1256.35,5594.62,3450.98,374.281,374.281,667.808,668.059,3243.23,3243.23,3678.69,2047.55,2908.56,2076.91,1694.36,377.338,377.338,77.3876,85.8991,0,-971.553,-1079.96,0,147.538,1356.63,1356.63,-196.616,1288.99,-612.957,-616.149,-55.1286,-471.518,-459.755,2886.83,-3907.44,-7888.61,-1583.79,-714.563,-714.563,155.258,2911.32,2911.32,1442.17,1431.77,2.58797e-06,0,558.392,558.392,0,4.59521e-06,0,2106.27,0,-1427.4,0,1.55143e-08,4.22101e-08,-1794.68,-1505.47,-1505.47,0,-369.203,-369.203,3.75589e-08,0,2749.47,4052.67,4052.67,4052.67,4377.18,0,0,0,919.493,919.493,919.493,0,-1218.83,-365.006,-365.006,-113.213,5.02268e-06,-56.6098,-56.6098,8.50887e-10,1.90299e-09,-1.1915e-09,2.00982e-08,123.01,122.097,211.267,0,-3.19913e-10,0,-5184.3,-5184.3,-5184.3,0,0,0,0,8.6612e-09,8.0076e-06,4672.9,4672.9,8.38557e-08,-9730.9,-1492.03,-2181.63,0,6.88649e-07,-1597.3,-4415.95,1.13235e-06,-31749,-17009.9,-4361.1,-4225.58,85.0601,5029.91,5029.91,8.10388e-06,-129081,1757.78,6.96555e-05,2.47069e-05,1375.56,2210.88,5461.86,1.31301e-05,1.76457e-06,2.27208e-06,437.277,1.08508e-06,0.000116771,0.000139754,8549.9,0.0006388,8048.02,8.15921e-06,903.349,4661.5,4.71371e-06,3169.62,6.45747e-07,3516.18,-7324.21,1.7197e-07,1.13717e-06,-4394.65,-4394.65,5.20288e-07,-264.576,-264.576,1.00317e-05,1109.57,0,1.22382e-06,-3990.18,-10393.6,0,0
2020-08-06 19:00:00 UTC,-4503.18,-1280.26,4157.26,-149.02,-149.02,-1272.28,1332.77,1491.76,-2046.35,-2046.35,3291.38,3014.45,-10883.1,-85.088,1722.37,2146.06,5044.91,1595.65,-8704.18,-1253.17,-652.953,-4543.59,-4543.59,-3834.22,-4884.06,-1428.54,-913.108,657.225,71.1958,3111.44,-1094.66,-1094.66,-2606.42,-1512.3,-1512.3,-8926.51,5654.8,5673.03,-18397.6,-18397.6,6296.65,10765,5121.71,3159.19,8325.45,-11728.9,-16204.8,-16324.1,-17252.1,445.922,-2809.16,-2809.16,555.605,-634.018,-1301.62,469.9,469.9,-4779.86,1836.51,966.679,2822.33,-3553.74,-3833.02,1855.1,1855.1,-559.066,-603.097,581.081,581.081,600.553,3892.23,-2805.17,1402.59,1402.59,42.3393,42.3393,23.4939,15.238,42.8838,-152.612,-321.442,224.925,-12.1317,-11.3143,3.52386,-64.3298,-47.4493,732.368,732.368,145.168,145.168,143.74,143.74,-1475.93,-1475.93,-1475.93,553.996,553.996,142.777,-398.588,-157.144,-157.144,282.553,282.553,-557.804,-240.477,-3156.72,-24.7965,-24.7965,-2641.68,-2641.68,-2641.68,7566.09,-2016.01,-2016.01,-2089.69,-2089.69,34.0604,668.493,668.493,-19.1794,-19.1794,-8625.92,-8625.92,7910.62,7910.62,0,-301.337,-3499.53,-1379.37,3173.85,3173.85,-2812.13,15363.9,6734.44,-2885.8,-8617.54,-8617.54,2120.99,2120.99,-7388.42,-7388.42,856.363,1847.12,12781.8,3281.17,3661.65,3661.65,-2281.72,-2281.72,-2281.72,6144.97,6144.97,-7356.21,6.48783e-07,6.48783e-07,2654,-5334.65,-5334.65,7728.84,-2802.06,2267.62,0,5072.49,1885.66,-7570.09,-5411,-5411,-720.433,269.838,-87.019,-5123.56,-5123.56,-3823.45,1847.92,1847.92,18535.1,-12162,-18509.6,16237.5,16357.3,17285.8,-23843.8,4607.76,-4386.35,16237.5,16357.3,17285.8,-17298.6,-9922.28,-7258.08,312.689,21362.7,4313.36,17794.6,43475.2,23804.6,23804.6,2731.38,-15624.7,1620.06,2631.5,1131.83,-1346.75,1477.49,-1609.36,-1320.19,-1451.48,1433.92,1467.06,1441.83,-1503.02,618.521,618.521,-1413.32,6309.24,6309.24,-14687.3,1911.33,1930.59,-1535.64,1034.37,3515.51,6685.17,6685.17,10178.8,11656.1,12308.3,23345.7,-11799.9,8351.24,-10170.1,1717.24,8342.7,11675.4,6845.7,6843.2,-1716.94,-11636.5,-12287,4707.6,4762.74,3404.29,3952.31,3072.26,4761.19,2713.44,2713.44,479.037,1832.92,-2549.35,-2877.42,4829.61,-11645.5,-11645.5,-12297,-12297,-1880.24,-1880.24,163.158,621.944,1365.32,1365.32,6121.79,6121.79,-6561.42,-6561.42,3475.76,373.144,3335.61,-4310.08,17075.8,-20747,-22857.5,13197.5,-3331.15,5746.27,3447.19,-4214.94,149.007,149.007,2155.98,2155.98,-1066.46,881.011,-5144.01,-932.44,507.072,507.072,4071.42,1312.06,5838.82,3564.3,406.276,406.276,721.741,722.012,3330.97,3330.97,3796.18,2128.67,3021.15,2201.31,1851.24,398.074,398.074,110.909,123.429,0,-972.306,-1080.95,0,184.627,1354.49,1354.49,-254.508,1458.27,-620.468,-623.697,-90.3898,-420.56,-409.92,2962.38,-3857.8,-7752,-1591.42,-724.43,-724.43,143.113,2891.72,2891.72,1456.75,1446.25,2.45882e-06,0,396.366,396.366,0,4.8601e-06,0,2052.21,0,-1428.48,0,1.56896e-08,3.36481e-08,-1778.08,-1555.72,-1555.72,0,-364.178,-364.178,4.08573e-08,0,2939.84,4318.6,4318.6,4318.6,4580.58,0,0,0,961.27,961.27,961.27,0,-1159.64,-330.477,-330.477,-84.6745,5.37982e-06,-42.3393,-42.3393,2.76051e-10,3.71914e-09,3.12777e-10,2.24596e-08,115.06,114.206,215.896,0,2.36748e-10,0,-5354.34,-5354.34,-5354.34,0,0,0,0,9.46228e-09,8.66149e-06,4788.22,4788.22,3.8303e-08,-10197.7,-1556.36,-2275.7,0,8.18953e-07,-1627.18,-4585.14,8.77949e-07,-32780.5,-17481.9,-4414.18,-4271.99,87.0223,5161.97,5161.97,8.53067e-06,-133668,1859.09,7.4763e-05,2.50552e-05,1366.75,2196.71,5426.87,1.27239e-05,1.78049e-06,2.2571e-06,403.44,1.0771e-06,0.000117406,0.000140399,8565.4,0.000643491,8324.22,8.15154e-06,886.099,4904.71,5.08763e-06,3338.34,6.58129e-07,3587.87,-7602.33,1.96668e-07,1.16809e-06,-4497.9,-4497.9,5.78863e-07,-311.42,-311.42,1.07402e-05,1273.07,0,1.1916e-06,-4062.79,-10713,0,0
2020-08-06 20:00:00 UTC,-4490.3,-1272.46,3982.17,-45.1488,-45.1488,-1373.47,1244.61,1385.43,-1972.84,-1972.84,3355.45,3134.12,-11054.4,-94.1652,1801.23,2134.27,5171.07,1635.54,-8871.25,-1281.91,-773.771,-4695.39,-4695.39,-3899.94,-4870.68,-1426.47,-932.882,676.999,41.5077,3187.3,-1119.28,-1119.28,-2659.08,-1540.36,-1540.36,-9142.55,5860.16,5879.06,-18922.1,-18922.1,6532.34,11022.1,5211.12,3214.33,8647.43,-12252.9,-16682.8,-16805.6,-17761.1,464.215,-2895.47,-2895.47,566.282,-655.197,-1352.11,476.318,476.318,-4930.09,1885.57,1003.85,2885.99,-3667.86,-3956.14,1881.57,1881.57,-556.526,-584.694,570.61,570.61,597.161,3948.95,-2852.95,1426.47,1426.47,38.1995,38.1995,23.8152,15.2464,44.6876,-157.456,-331.362,230.067,-12.5112,-11.6682,3.10787,-66.0135,-49.8519,750.131,750.131,153.714,153.714,152.2,152.2,-1518.18,-1518.18,-1518.18,582.445,582.445,142.862,-408.65,-157.919,-157.919,290.507,290.507,-554.221,-245.461,-3211.78,-25.547,-25.547,-2696.96,-2696.96,-2696.96,7730.27,-2054.58,-2054.58,-2134.26,-2134.26,35.0924,686.854,686.854,-10.2206,-10.2206,-8796.25,-8796.25,8047.17,8047.17,0,-305.456,-3562.01,-1396.31,3225.64,3225.64,-2865.21,15703.1,6883.12,-2944.89,-8791.79,-8791.79,2166.56,2166.56,-7539.55,-7539.55,879.162,1882.93,13167.8,3179.74,3743.44,3743.44,-2333.75,-2333.75,-2333.75,6319.81,6319.81,-7504.71,6.48587e-07,6.48587e-07,2721.27,-5482.97,-5482.97,7945.49,-2900.22,2318.57,0,5221.76,1904.75,-7810.79,-5562.35,-5562.35,-737.303,265.955,-78.023,-5196.52,-5196.52,-3939.74,1899.11,1899.11,19081.4,-12571.7,-19054.4,16717.5,16840.8,17796.8,-24612.9,4749.33,-4494.71,16717.5,16840.8,17796.8,-17765.3,-10250.4,-7646.28,217.068,21512.5,4415.01,17947.8,43790.5,23971,23971,2733.53,-15994.1,1653.53,2627.99,1139.1,-1364.2,1493.91,-1632.72,-1335.23,-1468.47,1441.93,1475.26,1449.89,-1521.69,640.88,640.88,-1431.52,6407.7,6407.7,-14957.6,1975.62,1953.97,-1555.49,1034.04,3539.98,6823.55,6823.55,10282.8,11686.2,12340.1,23363.8,-11719.5,8520.46,-10273.9,1650.78,8511.57,11672.7,6844.13,6841.63,-1650.5,-11666.5,-12318.7,4680.72,4735.56,3401.95,3949.59,3041.99,4852.78,2701.8,2701.8,463.559,1899.71,-2538.42,-2865.08,4831.87,-11675.6,-11675.6,-12328.8,-12328.8,-1870.68,-1870.68,167.381,637.446,1347.78,1347.78,6080.04,6080.04,-6585.06,-6585.06,3612.08,413.32,3315.4,-4303.93,16970.2,-20715.1,-22875,13127.1,-3310.99,5854.8,3495.92,-4260.97,137.332,137.332,2226.83,2226.83,-1127.68,909.372,-5297.4,-960.538,545.508,545.508,4167.03,1344.9,5970.38,3621.44,428.135,428.135,757.058,757.341,3380.58,3380.58,3863.84,2176.31,3087.26,2279.76,1948.56,411.186,411.186,132.571,147.681,0,-974.423,-1083.42,0,208.54,1354.41,1354.41,-292.034,1565.33,-624.459,-627.707,-113.199,-386.567,-376.677,2995.48,-3786.43,-7636.86,-1592.12,-728.351,-728.351,135.951,2881.38,2881.38,1478.56,1467.9,2.40996e-06,0,297.308,297.308,0,5.01439e-06,0,2031.08,0,-1426.41,0,1.48003e-08,2.70323e-08,-1761.79,-1593.65,-1593.65,0,-359.221,-359.221,4.46532e-08,0,3028.6,4457.89,4457.89,4457.89,4712.19,0,0,0,972.248,972.248,972.248,0,-1153.71,-322.605,-322.605,-76.3957,5.6021e-06,-38.1995,-38.1995,1.26711e-10,1.7107e-09,-1.36552e-10,2.24299e-08,114.011,113.165,216.345,0,4.45768e-10,0,-5449.17,-5449.17,-5449.17,0,0,0,0,8.76104e-09,9.06567e-06,4851.11,4851.11,1.66225e-08,-10450.7,-1580,-2310.26,0,9.32659e-07,-1629.63,-4675.13,7.17425e-07,-33364.5,-17730.7,-4427.94,-4291.54,78.0257,5236.49,5236.49,8.75412e-06,-136318,1926.65,7.74052e-05,2.50219e-05,1360.88,2187.29,5403.59,1.25416e-05,1.76382e-06,2.22464e-06,382.977,1.0523e-06,0.000116893,0.000139343,8536.93,0.000636399,8492.34,8.20467e-06,871.847,5055.93,5.31355e-06,3450.26,6.65516e-07,3612.72,-7753.72,2.12593e-07,1.18629e-06,-4552.09,-4552.09,6.14021e-07,-342.205,-342.205,1.12154e-05,1374.39,0,1.14841e-06,-4097.27,-10884.7,0,0
2020-08-06 21:00:00 UTC,-4492.44,-1270.12,3852.52,14.3768,14.3768,-1447.95,1169.79,1296.47,-1913.37,-1913.37,3409.47,3218.72,-11194,-86.0431,1855.61,2140.39,5257.92,1663,-9009.4,-1305.39,-864.621,-4817.42,-4817.42,-3964.22,-4875.41,-1429.46,-950.945,695.062,18.2937,3256.94,-1140.14,-1140.14,-2696.15,-1556.58,-1556.58,-9310.71,5996.52,6015.86,-19289.6,-19289.6,6693.95,11213.5,5282.95,3258.62,8875.5,-12638.3,-17012.7,-17137.9,-18112.3,472.639,-2955.67,-2955.67,576.105,-668.36,-1380.94,483.044,483.044,-5030.67,1925.77,1031.59,2924.35,-3744.36,-4038.66,1892.17,1892.17,-559.227,-578.652,568.94,568.94,599.687,3996.94,-2886.57,1443.29,1443.29,36.2253,36.2253,24.3033,15.551,45.6364,-160.773,-337.831,234.384,-12.8659,-11.999,2.94901,-67.3622,-50.9439,765.64,765.64,157.047,157.047,155.498,155.498,-1550,-1550,-1550,604.061,604.061,144.856,-416.421,-159.832,-159.832,296.105,296.105,-554.766,-249.905,-3256,-24.835,-24.835,-2732.36,-2732.36,-2732.36,7843.18,-2074.38,-2074.38,-2165.11,-2165.11,34.1144,701.052,701.052,-8.28112,-8.28112,-8918.86,-8918.86,8145.52,8145.52,0,-310.827,-3609.79,-1409.24,3262.52,3262.52,-2900.75,15931.4,6983.21,-2991.47,-8915.24,-8915.24,2201.44,2201.44,-7647.53,-7647.53,893.175,1906.49,13430.4,3115.36,3801.89,3801.89,-2370.75,-2370.75,-2370.75,6436.51,6436.51,-7607.86,6.48448e-07,6.48448e-07,2772.97,-5588.16,-5588.16,8101.06,-2973.07,2349.41,0,5325.57,1917.79,-7986.15,-5667.5,-5667.5,-747.218,265.573,-83.635,-5247.9,-5247.9,-4021.66,1934.32,1934.32,19463.3,-12859.4,-19435.1,17048.8,17174.5,18149.5,-25152.2,4843.68,-4577.9,17048.8,17174.5,18149.5,-18098.4,-10478,-7918.13,157.922,21617.2,4484.85,18052.8,44007.2,24082.8,24082.8,2737.08,-16246.2,1671.59,2628.67,1140.87,-1384.42,1505.53,-1649.4,-1346.59,-1481.06,1445.65,1479.07,1453.63,-1534.96,654.038,654.038,-1444.15,6478.87,6478.87,-15143.4,2014.35,1972.94,-1569.24,1030.61,3558.63,6918.74,6918.74,10357,11707.1,12362.1,23367.5,-11664.1,8639.94,-10348,1602.69,8630.8,11665.3,6839.81,6837.31,-1602.43,-11687.3,-12340.6,4662.62,4717.24,3397.48,3944.41,3001.29,4916.72,2700.08,2700.08,432.829,1946.54,-2536.8,-2863.26,4840.91,-11696.4,-11696.4,-12350.7,-12350.7,-1866.63,-1866.63,171.871,654.026,1334.34,1334.34,6056.35,6056.35,-6613.14,-6613.14,3710.15,439.972,3297.28,-4305.43,16883.5,-20692,-22870.3,13067.2,-3292.92,5928.16,3526.74,-4293.41,127.356,127.356,2276.84,2276.84,-1171.62,928.817,-5402.25,-979.271,573.547,573.547,4228.46,1365.3,6063.01,3654.8,444.382,444.382,783.158,783.45,3416.27,3416.27,3912.06,2209.91,3134.54,2335.07,2017.05,420.425,420.425,149.163,166.258,0,-975.992,-1085.26,0,226.69,1353.53,1353.53,-320.784,1645.8,-627.537,-630.799,-130.741,-360.543,-351.23,3012.54,-3695.47,-7558.52,-1597.25,-731.498,-731.498,134.778,2881.28,2881.28,1517.24,1506.3,2.45153e-06,0,239.548,239.548,0,5.09948e-06,0,2045.03,0,-1429.4,0,1.62827e-08,2.28979e-08,-1753.6,-1628.47,-1628.47,0,-356.644,-356.644,4.80568e-08,0,3076.66,4550.25,4550.25,4550.25,4810.96,0,0,0,973.456,973.456,973.456,0,-1158.94,-320.666,-320.666,-72.4477,5.75734e-06,-36.2253,-36.2253,7.63505e-10,2.45878e-09,8.98785e-10,2.24374e-08,114.486,113.636,212.528,0,2.67844e-10,0,-5515.25,-5515.25,-5515.25,0,0,0,0,9.88274e-09,9.36989e-06,4895.08,4895.08,5.04006e-09,-10626.8,-1591.05,-2326.4,0,1.00127e-06,-1628.78,-4741.73,6.22194e-07,-33772,-17894.8,-4436,-4299.78,83.6381,5288.21,5288.21,8.90695e-06,-138174,1973.57,7.93945e-05,2.51047e-05,1360.02,2185.9,5400.15,1.24935e-05,1.76211e-06,2.19773e-06,377.294,1.04991e-06,0.000115838,0.000138382,8509.13,0.000630411,8611.03,8.26587e-06,861.733,5159.32,5.47634e-06,3531.59,6.70034e-07,3623.16,-7847.64,2.25765e-07,1.19593e-06,-4589.65,-4589.65,6.42177e-07,-363.902,-363.902,1.15766e-05,1448.97,0,1.1021e-06,-4120.11,-11008.5,0,0
2020-08-06 22:00:00 UTC,-4501.63,-1271.27,3780.81,18.1285,18.1285,-1485.38,1116.86,1232.93,-1872.22,-1872.22,3442.27,3248.24,-11262,-52.9772,1872.4,2164.86,5276.75,1668.96,-9085.72,-1318.87,-916.261,-4879.88,-4879.88,-4009.16,-4890.71,-1434.98,-962.699,706.816,6.04793,3302.52,-1151.95,-1151.95,-2708.16,-1556.8,-1556.8,-9389.51,6031.09,6050.55,-19415.5,-19415.5,6742.79,11303.1,5318.48,3280.54,8955.39,-12800.6,-17120.4,-17246.4,-18226.9,470.407,-2978.59,-2978.59,576.909,-671.356,-1380.98,487.602,487.602,-5058.77,1945.51,1042.88,2928.03,-3768.42,-4064.62,1884.55,1884.55,-563.779,-581.14,572.46,572.46,604.477,4021.52,-2896.45,1448.23,1448.23,36.1071,36.1071,24.7464,15.9856,45.9888,-162.065,-339.831,236.365,-12.982,-12.1073,3.15615,-67.8758,-50.5497,774.66,774.66,157.041,157.041,155.492,155.492,-1565.45,-1565.45,-1565.45,613.949,613.949,147.677,-419.493,-161.86,-161.86,298.111,298.111,-558.142,-252.289,-3277.87,-22.646,-22.646,-2740.41,-2740.41,-2740.41,7882.09,-2073.41,-2073.41,-2174.05,-2174.05,31.1073,706.384,706.384,-10.3664,-10.3664,-8958.77,-8958.77,8175.98,8175.98,0,-314.077,-3627.78,-1414.97,3273.53,3273.53,-2911.32,16003.7,7014.91,-3011.95,-8954.24,-8954.24,2213.71,2213.71,-7681.92,-7681.92,893.432,1910.52,13526.8,3071.07,3824.77,3824.77,-2384.66,-2384.66,-2384.66,6480.83,6480.83,-7637.93,6.48321e-07,6.48321e-07,2801.36,-5629.09,-5629.09,8163.1,-3005.28,2350.79,0,5359.2,1916.41,-8049.76,-5705.15,-5705.15,-747.15,269.418,-90.325,-5259.15,-5259.15,-4050.11,1945.1,1945.1,19590.9,-12964.1,-19562.4,17156.9,17283.4,18264.6,-25343.7,4875.26,-4605.39,17156.9,17283.4,18264.6,-18205.2,-10561,-8035.84,132.284,21608.8,4505.16,18053.2,43992.6,24072.6,24072.6,2732.85,-16317.4,1663.8,2625.61,1136.37,-1400.55,1507.28,-1651.52,-1348.8,-1483.29,1443.66,1477.04,1451.63,-1536.81,656.864,656.864,-1445.63,6500.52,6500.52,-15185.9,2015.5,1982.42,-1570.82,1023.35,3563.08,6945.06,6945.06,10371.7,11684.4,12338.2,23310.9,-11612.2,8681.83,-10362.6,1567.86,8672.6,11624.8,6816.01,6813.51,-1567.61,-11664.7,-12316.8,4639.97,4694.33,3383.27,3927.92,2971.75,4938.04,2691.49,2691.49,415.759,1963.85,-2528.73,-2854.15,4832.38,-11673.7,-11673.7,-12326.9,-12326.9,-1855.42,-1855.42,174.992,665.511,1317.07,1317.07,6010.72,6010.72,-6602.49,-6602.49,3755.88,453.984,3265.83,-4286.32,16726.3,-20584.9,-22802,12955.3,-3261.55,5943.97,3528.6,-4302.11,120.518,120.518,2293.62,2293.62,-1193.46,934.563,-5442.82,-986.111,587.932,587.932,4244.48,1369.1,6079.73,3656.43,451.595,451.595,793.72,794.016,3427.88,3427.88,3927.92,2221.09,3151.64,2354.15,2044.07,423.517,423.517,158.653,176.889,0,-972.957,-1081.96,0,236.533,1347.55,1347.55,-336.985,1688.4,-627.403,-630.665,-141.006,-343.826,-334.893,3007.5,-3645.54,-7499.28,-1604.32,-731.05,-731.05,142.774,2886.45,2886.45,1568.28,1556.97,2.58095e-06,0,235.363,235.363,0,5.06191e-06,0,2102.24,0,-1434.92,0,1.64284e-08,2.1362e-08,-1752.71,-1651.26,-1651.26,0,-356.398,-356.398,4.91089e-08,0,3072.62,4576.41,4576.41,4576.41,4858.62,0,0,0,962.188,962.188,962.188,0,-1168.28,-322.61,-322.61,-72.2113,5.78312e-06,-36.1071,-36.1071,1.86367e-09,2.74911e-09,9.7698e-10,2.2917e-08,115.724,114.865,204.658,0,7.92922e-11,0,-5532.62,-5532.62,-5532.62,0,0,0,0,1.14132e-08,9.45333e-06,4905.11,4905.11,3.00053e-09,-10678.3,-1587.72,-2321.53,0,1.02824e-06,-1619.15,-4756.83,5.78195e-07,-33885.2,-17920.9,-4429.39,-4293.93,90.3286,5298.55,5298.55,8.91052e-06,-138712,1989.91,7.96733e-05,2.49259e-05,1355.69,2178.94,5382.96,1.24014e-05,1.75002e-06,2.1856e-06,377.781,1.03563e-06,0.000114627,0.000136499,8451.56,0.000619321,8652.63,8.35841e-06,855.404,5199.26,5.54206e-06,3570.34,6.70801e-07,3610.99,-7865.12,2.28936e-07,1.19816e-06,-4598.63,-4598.63,6.51198e-07,-373.415,-373.415,1.1679e-05,1486.46,0,1.06563e-06,-4127.34,-11046.7,0,0
2020-08-06 23:00:00 UTC,-4449.3,-1255.62,3725.53,-27.3885,-27.3885,-1437.45,1086.09,1197.98,-1824.75,-1824.75,3417.91,3178.59,-11110.7,11.7822,1824.53,2187.68,5156.54,1630.95,-8982.21,-1305.01,-889.849,-4801.1,-4801.1,-3969.4,-4827.49,-1417.29,-955.562,699.679,2.00837,3273.82,-1138.55,-1138.55,-2660.38,-1522.4,-1522.4,-9250.7,5899.61,5918.64,-19061.1,-19061.1,6608.8,11128,5246.86,3236.38,8796.59,-12605.9,-16788.9,-16912.5,-17874,451.602,-2927.02,-2927.02,565.259,-655.782,-1325.03,488.467,488.467,-4949.73,1932.78,1028.56,2865.05,-3688.73,-3978.66,1835.91,1835.91,-566.272,-591.436,578.854,578.854,607.479,3971.1,-2850.67,1425.34,1425.34,38.5911,38.5911,25.0484,16.6266,45.1425,-159.187,-331.913,232.577,-13.0107,-12.1341,3.35177,-66.797,-47.2597,767.535,767.535,150.531,150.531,149.048,149.048,-1546.6,-1546.6,-1546.6,606.773,606.773,149.559,-411.471,-161.963,-161.963,291.899,291.899,-554.753,-248.915,-3233.79,-18.8835,-18.8835,-2698.37,-2698.37,-2698.37,7773.36,-2035.13,-2035.13,-2143.8,-2143.8,25.9392,697.356,697.356,-21.46,-21.46,-8842.9,-8842.9,8076.71,8076.71,0,-314.983,-3587.37,-1402.06,3233.98,3233.98,-2868.84,15773.1,6913.84,-2977.5,-8833.53,-8833.53,2186.19,2186.19,-7579.72,-7579.72,873.355,1880.46,13297.1,3070.58,3775.03,3775.03,-2350.73,-2350.73,-2350.73,6378.33,6378.33,-7532.21,6.48335e-07,6.48335e-07,2776.89,-5545.7,-5545.7,8041.04,-2964.63,2293.99,0,5261.66,1885.37,-7919.23,-5614.63,-5614.63,-731.287,275.314,-88.934,-5192.93,-5192.93,-3976.68,1906.99,1906.99,19226,-12723.6,-19198.5,16824,16948.1,17910.2,-24874.3,4790.79,-4523.6,16824,16948.1,17910.2,-17898.5,-10370.2,-7853.54,172.46,21383,4433.92,17852.3,43522.5,23820.1,23820.1,2712.48,-16062.5,1622.54,2611.04,1118.41,-1405.6,1489.16,-1627.78,-1333.02,-1465.36,1430.04,1463.11,1437.94,-1516.96,643.334,643.334,-1426.2,6424.81,6424.81,-14971.3,1961.65,1967.3,-1549.63,1006.33,3533.17,6844.08,6844.08,10250.9,11581.9,12229.9,23118.7,-11548.5,8545.38,-10242,1581.41,8536.44,11530.5,6760.74,6758.27,-1581.16,-11562.6,-12208.9,4609.05,4663.05,3365.99,3907.84,2949.36,4860.36,2674.33,2674.33,410.4,1921.54,-2512.61,-2835.96,4821.83,-11571.4,-11571.4,-12218.8,-12218.8,-1853.07,-1853.07,172.767,657.338,1318.59,1318.59,6006.29,6006.29,-6575.96,-6575.96,3660.01,427.518,3250.88,-4275.82,16673.3,-20414.4,-22609.6,12889.6,-3246.64,5828.96,3458.64,-4249.48,114.638,114.638,2239.7,2239.7,-1160.73,910.092,-5312.02,-958.19,569.357,569.357,4126.78,1332.87,5884.51,3557.32,443.197,443.197,772.739,773.028,3381.9,3381.9,3868.45,2181.6,3099.59,2297.23,1976.81,413.76,413.76,152.111,169.574,0,-967.706,-1076.18,0,228.362,1334.8,1334.8,-325.415,1642.09,-617.06,-620.268,-134.522,-344.312,-335.391,2922.06,-3568.76,-7473,-1603.27,-723.772,-723.772,156.328,2852.46,2852.46,1582.14,1570.73,2.66297e-06,0,279.454,279.454,0,4.7831e-06,0,2189.63,0,-1417.24,0,1.65969e-08,2.08582e-08,-1724.73,-1636.91,-1636.91,0,-350.81,-350.81,4.94461e-08,0,2978.32,4473.69,4473.69,4473.69,4799.19,0,0,0,929.611,929.611,929.611,0,-1173.77,-327.347,-327.347,-77.1789,5.53917e-06,-38.5911,-38.5911,6.8597e-10,4.08936e-09,6.32017e-10,1.93813e-08,116.713,115.847,196.379,0,9.37613e-11,0,-5455.9,-5455.9,-5455.9,0,0,0,0,1.08895e-08,9.14507e-06,4841.88,4841.88,7.27737e-09,-10480.4,-1541.79,-2254.38,0,9.81788e-07,-1584.92,-4680.46,6.49257e-07,-33437,-17679.9,-4383.76,-4256.03,88.9375,5229.78,5229.78,8.63963e-06,-136798,1946.07,7.61477e-05,2.43752e-05,1347.05,2165.05,5348.66,1.21571e-05,1.75722e-06,2.18625e-06,393.761,1.04722e-06,0.000111821,0.000134622,8371.37,0.000612985,8517.09,8.546e-06,860.809,5069.39,5.34221e-06,3501.58,6.64976e-07,3530.47,-7650.25,2.14726e-07,1.19153e-06,-4538.07,-4538.07,6.23403e-07,-355.072,-355.072,1.12281e-05,1438.46,0,1.00102e-06,-4089.72,-10909,0,0
2020-08-07 00:00:00 UTC,-4332.02,-1224.95,3753.67,-141.73,-141.73,-1287.71,1117.02,1237.96,-1802.19,-1802.19,3285.14,2968.44,-10642.5,86.1479,1689.33,2181.52,4854.99,1535.59,-8599.71,-1248.12,-757.84,-4547.24,-4547.24,-3806.78,-4635.72,-1362.6,-921.878,665.995,5.98149,3140.43,-1089.2,-1089.2,-2525.97,-1437.28,-1437.28,-8802.89,5558.15,5576.06,-18080.8,-18080.8,6239.87,10612.8,5021.69,3097.52,8325.58,-11939.9,-15904.7,-16021.8,-16932.6,416.005,-2779.69,-2779.69,532.465,-618.011,-1225.59,472.516,472.516,-4675.46,1853.56,978.886,2705,-3488.03,-3762.13,1725.6,1725.6,-552.053,-584.772,568.413,568.413,592.564,3806.83,-2728.79,1364.4,1364.4,39.9821,39.9821,24.5511,16.7458,42.8387,-151.159,-313.96,222.065,-12.7649,-11.9048,3.39728,-63.8335,-42.384,736.951,736.951,139.106,139.106,137.737,137.737,-1477.87,-1477.87,-1477.87,577.314,577.314,147.612,-391.303,-157.569,-157.569,276.991,276.991,-538.672,-238.375,-3095.14,-13.5955,-13.5955,-2588.34,-2588.34,-2588.34,7470.09,-1944.99,-1944.99,-2059.83,-2059.83,18.6751,667.501,667.501,-44.0934,-44.0934,-8518.4,-8518.4,7806.87,7806.87,0,-311.819,-3470.58,-1365.32,3128.81,3128.81,-2759.26,15141.4,6636.88,-2874.09,-8499.14,-8499.14,2106.07,2106.07,-7293.09,-7293.09,828.027,1807.99,12644.2,3133.77,3631.11,3631.11,-2257.5,-2257.5,-2257.5,6085.03,6085.03,-7242.87,6.48367e-07,6.48367e-07,2682.03,-5298.22,-5298.22,7679.14,-2826.4,2165.59,0,4994.78,1817.99,-7532.98,-5355.9,-5355.9,-697.355,282.134,-85.494,-5022.69,-5022.69,-3770.63,1808.59,1808.59,18231.5,-12035.2,-18206.7,15936.2,16053.7,16965.1,-23550.7,4553.2,-4301.72,15936.2,16053.7,16965.1,-17057.2,-9822.93,-7278.03,296.316,20874.1,4244.34,17390,42466.9,23254.2,23254.2,2667.74,-15376.7,1535,2578.82,1087.37,-1389.95,1446.19,-1570.6,-1294.09,-1421.59,1400.21,1432.58,1407.94,-1469.55,607.269,607.269,-1380.33,6219.28,6219.28,-14412.8,1834.42,1918.56,-1499.67,981.128,3461.23,6577.05,6577.05,9948.14,11372.5,12008.8,22772.3,-11468.9,8164.43,-9939.82,1660.14,8156.27,11369.7,6666.47,6664.04,-1659.86,-11353.9,-11988.6,4576.35,4629.97,3335.32,3872.23,2946.17,4651.75,2650.01,2650.01,425.223,1794.85,-2489.76,-2810.17,4791.73,-11362.4,-11362.4,-11998.1,-11998.1,-1853.91,-1853.91,164.803,627.994,1335.49,1335.49,6025.31,6025.31,-6492.38,-6492.38,3386.4,351.498,3246.05,-4253.91,16694.9,-20089.9,-22266.6,12846.5,-3241.83,5542.96,3304.51,-4115.82,119.338,119.338,2085.62,2085.62,-1049.61,844.39,-4968.17,-888.583,502.572,502.572,3865.87,1249.82,5485.03,3363.27,406.441,406.441,703.82,704.083,3257.77,3257.77,3706.38,2072.8,2953.48,2128.69,1790.06,384.67,384.67,126.5,140.928,0,-939.711,-1045.05,0,197.741,1291.33,1291.33,-279.478,1487.77,-595.031,-598.127,-108.555,-367.112,-357.741,2774.54,-3528.98,-7489.1,-1594,-707.331,-707.331,180.015,2778.49,2778.49,1537.86,1526.78,2.6562e-06,0,387.096,387.096,0,4.17039e-06,0,2258.01,0,-1362.55,0,1.58233e-08,2.36385e-08,-1646.22,-1570.21,-1570.21,0,-335.958,-335.958,4.88733e-08,0,2779.53,4222.88,4222.88,4222.88,4584.96,0,0,0,872.022,872.022,872.022,0,-1144.64,-322.777,-322.777,-79.9607,4.89916e-06,-39.9821,-39.9821,-2.91835e-10,2.99405e-09,-9.32626e-11,1.95032e-08,114.452,113.603,183.183,0,3.36811e-10,0,-5259.33,-5259.33,-5259.33,0,0,0,0,8.95928e-09,8.33079e-06,4681.32,4681.32,3.13538e-08,-9968.03,-1454.38,-2126.57,0,8.44831e-07,-1525.64,-4487.97,8.76747e-07,-32248.9,-17093.7,-4294.66,-4173.1,85.4972,5055.17,5055.17,8.03167e-06,-131622,1817.14,6.83672e-05,2.34101e-05,1334.8,2145.36,5300.01,1.18494e-05,1.75999e-06,2.18386e-06,432.42,1.05881e-06,0.000107816,0.000132307,8252.34,0.000609006,8138.61,8.78081e-06,880.002,4730.1,4.83802e-06,3290.53,6.53805e-07,3390.09,-7199.19,1.79705e-07,1.15935e-06,-4386.03,-4386.03,5.40876e-07,-300.598,-300.598,9.96376e-06,1288.52,0,9.45512e-07,-3993.8,-10538.3,0,0
2020-08-07 01:00:00 UTC,-4163.91,-1182.3,3812.52,-305.755,-305.755,-1057.73,1174.76,1312.33,-1800.24,-1800.24,3071.3,2655.12,-9938.67,158.186,1490.21,2149.97,4425.96,1399.92,-8009.92,-1157.98,-541.223,-4151.41,-4151.41,-3557.35,-4369.44,-1286.02,-868.354,612.471,20.5643,2929.21,-1013.37,-1013.37,-2328.67,-1315.74,-1315.74,-8124.73,5029.66,5045.86,-16557.8,-16557.8,5663.8,9788.41,4678.6,2885.94,7582.35,-10881.2,-14522,-14629,-15460.5,362.176,-2547.05,-2547.05,487.293,-559.246,-1060.41,454.125,454.125,-4245,1739.45,898.842,2472.27,-3167.62,-3416.46,1572.99,1572.99,-537.503,-592.01,564.756,564.756,577.896,3562.94,-2540.44,1270.22,1270.22,45.2727,45.2727,23.9256,17.1445,39.1559,-138.307,-283.92,204.353,-12.2253,-11.4015,3.6093,-58.7585,-34.0705,686.924,686.924,120.036,120.036,118.858,118.858,-1369.86,-1369.86,-1369.86,527.653,527.653,144.286,-357.455,-150.926,-150.926,251.994,251.994,-514.048,-220.668,-2883.88,-7.1775,-7.1775,-2408.55,-2408.55,-2408.55,6967.31,-1803.36,-1803.36,-1919.81,-1919.81,9.85703,615.916,615.916,-74.9013,-74.9013,-7972.06,-7972.06,7351.2,7351.2,0,-302.717,-3270,-1302.34,2951.72,2951.72,-2579.43,14103.2,6181.7,-2695.88,-7939.33,-7939.33,1968.39,1968.39,-6811.67,-6811.67,754.908,1689.18,11594.7,3223.14,3389.98,3389.98,-2105.88,-2105.88,-2105.88,5609.08,5609.08,-6760.74,6.48441e-07,6.48441e-07,2513.89,-4892.31,-4892.31,7089.39,-2591.79,1979.24,0,4573.43,1715.91,-6900.61,-4934.69,-4934.69,-644.004,289.854,-78.912,-4751.07,-4751.07,-3446.24,1653.91,1653.91,16666.4,-10941.2,-16645.8,14548.3,14655.6,15487.5,-21452.9,4177.14,-3950.68,14548.3,14655.6,15487.5,-15709.2,-8947.51,-6372.54,473.348,20003,3936.96,16608.9,40671,22290.4,22290.4,2588.16,-14254.7,1394.46,2518.72,1038.46,-1342.26,1374.68,-1476.38,-1229.03,-1348.66,1349.29,1380.46,1356.73,-1390.99,550.082,550.082,-1304.57,5876.31,5876.31,-13492.3,1631.15,1832.77,-1417.16,944.997,3328.3,6137.37,6137.37,9456.55,10996.9,11612.2,22129,-11296.5,7581.56,-9449.03,1754.37,7574.52,11062,6486.07,6483.7,-1754.06,-10979.5,-11593.2,4499.98,4552.69,3259.56,3784.25,2930.92,4328.25,2595.55,2595.55,452.054,1610.04,-2438.59,-2752.41,4700.26,-10987.5,-10987.5,-11602.2,-11602.2,-1830.85,-1830.85,154.02,588.033,1339.26,1339.26,5970.74,5970.74,-6293.26,-6293.26,2991.01,247.727,3214.02,-4167.73,16499.3,-19463.9,-21633.9,12719.3,-3209.88,5108.26,3070.67,-3901.16,126.974,126.974,1856.5,1856.5,-891.494,747.743,-4467.92,-788.348,407.424,407.424,3484.64,1132.46,4904.23,3077.28,351.763,351.763,603.12,603.347,3061.2,3061.2,3453.71,1906.2,2727,1877.12,1512.15,341.191,341.191,86.9491,96.6884,0,-897.094,-997.647,0,150.873,1225.27,1225.27,-208.562,1249.85,-562.922,-565.854,-68.2714,-404.394,-394.277,2558.37,-3461.58,-7476.88,-1571.7,-678.801,-678.801,214.879,2673.1,2673.1,1459.68,1449.16,2.59991e-06,0,539.639,539.639,0,3.42047e-06,0,2299.02,0,-1285.97,0,1.42256e-08,2.77156e-08,-1541.2,-1464.61,-1464.61,0,-316.492,-316.492,4.34187e-08,0,2480.09,3823.88,3823.88,3823.88,4248.05,0,0,0,785.684,785.684,785.684,0,-1115.42,-323.582,-323.582,-90.5408,4.02428e-06,-45.2727,-45.2727,1.97197e-10,2.55993e-09,-3.16341e-11,1.75728e-08,112.22,111.387,164.492,-7.10257e-11,2.27022e-10,0,-4939.29,-4939.29,-4939.29,0,0,0,0,6.20632e-09,7.1124e-06,4424.14,4424.14,9.61277e-08,-9172.35,-1334.35,-1951.08,0,6.52057e-07,-1446.08,-4182.21,1.25102e-06,-30274.3,-16135.5,-4143.19,-4030.59,78.9147,4777.23,4777.23,7.07205e-06,-123015,1629.19,5.65019e-05,2.16863e-05,1307.37,2101.27,5191.08,1.12877e-05,1.71416e-06,2.13026e-06,485.485,1.01554e-06,0.000101476,0.000130535,8206.67,0.000596583,7559.29,9.04315e-06,898.666,4236.81,4.15062e-06,2974.77,6.32367e-07,3177,-6537.27,1.37346e-07,1.10705e-06,-4141.59,-4141.59,4.25505e-07,-219.061,-219.061,8.25045e-06,1058.28,0,8.71941e-07,-3833.25,-9926.73,0,0
2020-08-07 02:00:00 UTC,-4054.15,-1161.05,3983.5,-493.595,-493.595,-813.925,1282.61,1446.46,-1877.34,-1877.34,2813.94,2334.93,-9245.18,151.457,1292.73,2081.63,4041.67,1278.39,-7388.01,-1057.7,-274.104,-3754.2,-3754.2,-3307.08,-4145.59,-1220.15,-811.864,555.981,47.9437,2707.38,-936.089,-936.089,-2137.31,-1201.59,-1201.59,-7440.91,4474.21,4488.61,-14957.5,-14957.5,5051.85,8893.92,4331.53,2671.9,6782.98,-9724.22,-13059.2,-13155.4,-13903,308.086,-2297.93,-2297.93,446.599,-497.635,-876.971,441.452,441.452,-3788.16,1628.09,810.96,2246.77,-2821.04,-3042.58,1435.46,1435.46,-530.927,-619.694,575.311,575.311,572.303,3326.02,-2355.87,1177.93,1177.93,54.3229,54.3229,23.4104,17.7777,35.1652,-124.337,-250.346,184.533,-11.5056,-10.7303,3.98692,-52.9921,-24.5537,631.743,631.743,98.5937,98.5937,97.6304,97.6304,-1254.39,-1254.39,-1254.39,469.523,469.523,140.649,-319.614,-144.347,-144.347,224.046,224.046,-490.706,-200.899,-2670.13,-1.6235,-1.6235,-2214.7,-2214.7,-2214.7,6419.65,-1655.14,-1655.14,-1765.98,-1765.98,2.228,557.302,557.302,-101.483,-101.483,-7368.53,-7368.53,6846.43,6846.43,0,-288.682,-3045.25,-1232.16,2756.19,2756.19,-2386.68,12976.4,5687.73,-2497.52,-7324.17,-7324.17,1813.71,1813.71,-6280.56,-6280.56,677.142,1560.61,10469.5,3304.7,3125.84,3125.84,-1941.38,-1941.38,-1941.38,5096.1,5096.1,-6232.08,6.48298e-07,6.48298e-07,2322.56,-4452.36,-4452.36,6450.59,-2333.13,1791.11,0,4126.24,1608.43,-6216.37,-4480.83,-4480.83,-587.807,295.309,-70.699,-4466.34,-4466.34,-3102.86,1489.22,1489.22,15006.4,-9777.64,-14989.7,13080.4,13176.9,13924.9,-19222.3,3778.39,-3575.82,13080.4,13176.9,13924.9,-14263.2,-8011.9,-5422.37,645.479,19026.5,3603.7,15740.9,38657,21209.4,21209.4,2500.15,-13039.5,1244.97,2450.92,985.975,-1274.7,1295.83,-1373.55,-1156.81,-1268.05,1292.31,1322.16,1299.44,-1304.73,489.07,489.07,-1221.75,5501.81,5501.81,-12493.9,1414.21,1735.14,-1326.97,906.573,3169.58,5656.04,5656.04,8941.4,10559.6,11150.4,21340.1,-11077.7,7014.37,-8934.67,1811.84,7008.34,10681.6,6263.03,6260.74,-1811.51,-10543.5,-11132.9,4378.51,4429.8,3161.44,3670.34,2889.22,4015.31,2514.2,2514.2,477.275,1440.33,-2362.15,-2666.15,4561.87,-10550.9,-10550.9,-11141.2,-11141.2,-1790.09,-1790.09,141.368,540.847,1331.68,1331.68,5860.05,5860.05,-6057.35,-6057.35,2633.93,162.519,3145.29,-4049.99,16143.5,-18757.6,-20862.3,12429.5,-3141.32,4692.85,2851.58,-3680.63,138.791,138.791,1641.07,1641.07,-750.722,659.907,-4018.68,-702.035,322.926,322.926,3152.57,1028.07,4378.6,2829.79,298.829,298.829,508.508,508.7,2861.57,2861.57,3200.81,1742.32,2499.29,1639.9,1245.1,300.396,300.396,42.4474,46.8945,0,-862.213,-958.752,0,99.6354,1174.11,1174.11,-129.554,997.554,-537.729,-540.533,-22.3019,-457.539,-446.304,2377,-3451.19,-7434.92,-1540.49,-647.12,-647.12,247.117,2607.6,2607.6,1382.16,1372.19,2.56426e-06,0,713.632,713.632,0,2.82472e-06,0,2224.97,0,-1220.11,0,1.54193e-08,3.60336e-08,-1462.08,-1353.69,-1353.69,0,-301.94,-301.94,3.71839e-08,0,2177.1,3394.26,3394.26,3394.26,3887.64,0,0,0,701.437,701.437,701.437,0,-1103.25,-333.523,-333.523,-108.639,3.31576e-06,-54.3229,-54.3229,-3.16974e-11,7.46528e-10,3.53329e-10,1.45229e-08,111.425,110.598,146.861,0,1.31014e-10,0,-4591.41,-4591.41,-4591.41,0,0,0,0,4.10654e-09,5.95006e-06,4155.66,4155.66,1.80556e-07,-8332.42,-1215.21,-1776.89,0,4.84681e-07,-1367.55,-3854.3,1.62092e-06,-28109.4,-15095.4,-3965.38,-3870.81,70.7011,4486.55,4486.55,6.10148e-06,-113589,1456.6,4.49932e-05,1.9689e-05,1266.39,2035.41,5028.38,1.04705e-05,1.61776e-06,2.02154e-06,511.061,9.5043e-07,9.3965e-05,0.000124831,7996.87,0.000569028,6995.3,9.12309e-06,902.326,3795.88,3.56569e-06,2676.69,6.06258e-07,2986.04,-5961.89,1.09623e-07,1.05894e-06,-3887.37,-3887.37,3.29427e-07,-139.612,-139.612,6.88138e-06,814.251,0,8.46313e-07,-3655.91,-9266.59,0,0
2020-08-07 03:00:00 UTC,-3932.53,-1132.95,4039.86,-603.428,-603.428,-623.825,1338.99,1519.51,-1893,-1893,2609.98,2110.93,-8692.79,124.019,1158.33,2001.26,3769.15,1192.2,-6896.34,-978.722,-67.9403,-3459.23,-3459.23,-3105.51,-3978.75,-1169.49,-765.762,509.879,72.769,2526.56,-875.183,-875.183,-1995.79,-1120.92,-1120.92,-6917.84,4061.42,4074.49,-13733.6,-13733.6,4591.29,8183.66,4055.64,2501.75,6172.73,-8818.29,-11941.5,-12029.5,-12713,270.946,-2104.49,-2104.49,419.607,-451.595,-739.903,432.3,432.3,-3442.25,1542.8,742.634,2085.49,-2554.76,-2755.34,1342.55,1342.55,-525.652,-643.047,584.349,584.349,567.865,3137.55,-2216.69,1108.35,1108.35,61.8046,61.8046,22.8514,18.0793,32.039,-113.427,-224.18,168.673,-10.9815,-10.2415,4.057,-48.47,-17.6038,586.152,586.152,82.5483,82.5483,81.7455,81.7455,-1162.34,-1162.34,-1162.34,421.999,421.999,136.279,-289.704,-138.394,-138.394,202.088,202.088,-470.847,-184.812,-2500.2,0.053,0.053,-2066.94,-2066.94,-2066.94,5989.19,-1545.74,-1545.74,-1649.18,-1649.18,-0.072,515.731,515.731,-115.786,-115.786,-6899.68,-6899.68,6443.05,6443.05,0,-276.735,-2863.69,-1167.2,2597.63,2597.63,-2232.36,12098.7,5302.97,-2335.79,-6849.05,-6849.05,1697.03,1697.03,-5872.77,-5872.77,627.613,1464.68,9608.44,3329.57,2914.61,2914.61,-1809.02,-1809.02,-1809.02,4700.77,4700.77,-5827.52,6.48381e-07,6.48381e-07,2163.42,-4109.49,-4109.49,5948.98,-2132.83,1649.45,0,3783.98,1520.02,-5693.12,-4131.69,-4131.69,-549.244,287.52,-66.127,-4234.6,-4234.6,-2840.64,1361.94,1361.94,13733.5,-8893.06,-13719.5,11959.3,12047.5,12731.3,-17521.4,3472.38,-3283.1,11959.3,12047.5,12731.3,-13148,-7301.75,-4715.76,759.814,18203,3346.77,15018,36954.1,20289.4,20289.4,2420.59,-12116.4,1148.44,2382.56,940.191,-1215.71,1230.43,-1294.66,-1097.18,-1202.1,1241.31,1269.97,1248.16,-1235.54,443.976,443.976,-1156.11,5198.49,5198.49,-11725,1269.78,1644.09,-1255.54,870.656,3028.67,5283.58,5283.58,8517.84,10168,10736.9,20605.3,-10829,6579.25,-8511.74,1828.83,6573.95,10325.2,6054.01,6051.79,-1828.5,-10153.1,-10720.7,4262.63,4312.55,3061,3553.72,2830.43,3763.77,2442.33,2442.33,482.324,1320.5,-2294.63,-2589.94,4404.48,-10159.9,-10159.9,-10728.3,-10728.3,-1742.92,-1742.92,130.185,498.886,1314.09,1314.09,5723.1,5723.1,-5831.95,-5831.95,2369,105.856,3064.31,-3926.88,15744.4,-18101.3,-20148.7,12085.5,-3060.55,4383.82,2679.06,-3498.24,138.059,138.059,1497.12,1497.12,-658.714,600.823,-3681.24,-639.184,269.325,269.325,2886.84,946.96,3961.83,2617.7,269.064,269.064,449.931,450.101,2703.35,2703.35,3006.9,1621.81,2327.09,1489.49,1057.18,275.054,275.054,6.90146,7.10499,0,-859.329,-955.435,0,60.1631,1166.11,1166.11,-68.067,797.671,-518.416,-521.121,15.0376,-499.242,-487.101,2205.13,-3375.12,-7347.11,-1494.82,-620.183,-620.183,255.317,2532.74,2532.74,1301.71,1292.32,2.44704e-06,0,812.953,812.953,0,2.4353e-06,0,2118.12,0,-1169.46,0,1.36956e-08,3.97438e-08,-1412.79,-1263.28,-1263.28,0,-291.304,-291.304,3.47968e-08,0,1962.72,3066.73,3066.73,3066.73,3600.55,0,0,0,646.85,646.85,646.85,0,-1093.54,-341.71,-341.71,-123.601,2.92625e-06,-61.8046,-61.8046,5.56765e-10,2.02775e-09,1.95043e-10,1.26797e-08,110.444,109.624,139.834,0,2.78439e-10,0,-4312.67,-4312.67,-4312.67,0,0,0,0,2.40309e-09,5.10383e-06,3940.15,3940.15,2.4214e-07,-7681.7,-1126.49,-1647.16,0,3.81481e-07,-1302.95,-3595.61,1.8498e-06,-26402.1,-14258.2,-3802.21,-3724.29,66.1288,4251.63,4251.63,5.3668e-06,-106297,1335.42,3.667e-05,1.79802e-05,1230.19,1977.23,4884.64,9.84425e-06,1.498e-06,1.88713e-06,514.911,8.67609e-07,8.7264e-05,0.000117779,7720.29,0.000537236,6562.48,9.09227e-06,892.753,3465.04,3.13614e-06,2448.71,5.69086e-07,2815.97,-5487.22,9.31746e-08,1.02902e-06,-3686.02,-3686.02,2.64074e-07,-88.0789,-88.0789,6.15645e-06,624.017,0,7.99764e-07,-3494.41,-8728.09,0,0
2020-08-07 04:00:00 UTC,-3690.24,-1066.96,3885.41,-621.124,-621.124,-474.63,1316,1498.8,-1811.93,-1811.93,2381.58,1907.86,-8016.4,88.9387,1043.37,1861.17,3476.3,1099.59,-6326.52,-892.046,71.7701,-3165.14,-3165.14,-2867.95,-3745.82,-1099.09,-714.165,458.282,89.5939,2323.23,-806.827,-806.827,-1837.32,-1030.76,-1030.76,-6341.48,3647.8,3659.53,-12441.4,-12441.4,4125.77,7422.92,3728.13,2299.76,5549.93,-7902.21,-10783.7,-10863.1,-11480.4,238.216,-1901.6,-1901.6,387.575,-405.612,-625.872,410.488,410.488,-3093.88,1430.18,670.405,1908.52,-2289.28,-2468.97,1237.86,1237.86,-503.189,-635.632,569.411,569.411,544.442,2900.44,-2032.49,1016.25,1016.25,64.5642,64.5642,21.5851,17.5329,28.8306,-102.172,-199.094,152.14,-10.1774,-9.4916,3.99084,-43.7099,-12.637,534.39,534.39,69.3935,69.3935,68.7218,68.7218,-1059.08,-1059.08,-1059.08,373.982,373.982,128.177,-259.675,-129.379,-129.379,180.47,180.47,-441.525,-167.516,-2298.45,0.23,0.23,-1914.14,-1914.14,-1914.14,5535.93,-1433.84,-1433.84,-1529.62,-1529.62,-0.316,475.52,475.52,-129.955,-129.955,-6413.68,-6413.68,6019.94,6019.94,0,-265.324,-2672.29,-1093.18,2429.82,2429.82,-2066.99,11181,4900.64,-2162.77,-6356.85,-6356.85,1579.58,1579.58,-5452.75,-5452.75,583.154,1368.48,8728.83,3318.14,2690.05,2690.05,-1669.19,-1669.19,-1669.19,4295.31,4295.31,-5410.84,6.4839e-07,6.4839e-07,1992.03,-3754.7,-3754.7,5424.12,-1930.6,1498.71,0,3430.73,1421.39,-5165.53,-3774.15,-3774.15,-513.531,271.532,-62.407,-3954.04,-3954.04,-2569.51,1229.97,1229.97,12416,-7990,-12404.5,10798.2,10877.8,11495.3,-15776.9,3154.74,-2977.95,10798.2,10877.8,11495.3,-11999.7,-6581.89,-4005.86,863.849,17274.1,3084.62,14209.9,35048.9,19251.3,19251.3,2311.16,-11176.4,1067.28,2280.39,896.214,-1149.51,1157.93,-1214.04,-1031.41,-1129.99,1179.95,1207.18,1186.46,-1161.33,400.143,400.143,-1086.53,4858.36,4858.36,-10912.6,1149.03,1540.09,-1179.93,833.508,2881.11,4902.28,4902.28,7987.2,9722.06,10266,19802.5,-10478.2,5991.19,-7981.84,1892.2,5986.79,9939.81,5828.07,5825.93,-1891.84,-9708.4,-10251.1,4155.29,4203.95,2957.74,3433.84,2784.68,3427.24,2373.12,2373.12,495.71,1149.01,-2229.6,-2516.56,4244.42,-9714.66,-9714.66,-10258.1,-10258.1,-1702.89,-1702.89,115.369,443.587,1312.51,1312.51,5620.26,5620.26,-5585.56,-5585.56,1982.69,13.6475,3008.53,-3808.24,15476.6,-17372.6,-19363,11832.6,-3004.9,3985.93,2461.93,-3261.48,140.448,140.448,1307.45,1307.45,-516.598,520.937,-3200.72,-549.118,187.216,187.216,2537.93,836.368,3464.66,2350.94,224.844,224.844,369.437,369.578,2500.2,2500.2,2760.06,1470.11,2116.24,1287.88,851.621,239.477,239.477,-16.8689,-19.4621,0,-807.416,-897.769,0,30.78,1084.3,1084.3,-23.7673,633.887,-483.424,-485.949,38.7454,-506.146,-493.942,1996.13,-3187.25,-7194.06,-1427.73,-589.002,-589.002,250.53,2378.6,2378.6,1179.74,1171.24,2.14013e-06,0,820.219,820.219,0,2.00817e-06,0,1943.97,0,-1099.06,0,1.45405e-08,3.98452e-08,-1341.96,-1161.61,-1161.61,0,-273.92,-273.92,3.01899e-08,0,1757.13,2743.57,2743.57,2743.57,3279.49,0,0,0,589.77,589.77,589.77,0,-1047.65,-334.904,-334.904,-129.119,2.32815e-06,-64.5642,-64.5642,3.50745e-10,1.0082e-09,2.41886e-12,1.11542e-08,105.772,104.986,136.581,0,1.08582e-10,0,-4015.66,-4015.66,-4015.66,0,0,0,0,1.76744e-09,4.20823e-06,3678.55,3678.55,2.90933e-07,-6996,-1027.6,-1502.58,0,2.94229e-07,-1223.2,-3321.92,2.01115e-06,-24599.5,-13346,-3627.01,-3543.38,62.4086,3969.12,3969.12,4.62774e-06,-98726.7,1163.29,2.8647e-05,1.62598e-05,1195.34,1921.2,4746.23,9.27132e-06,1.39205e-06,1.77274e-06,537.38,7.88641e-07,8.03091e-05,0.000112259,7486.7,0.000514522,5977.28,9.01287e-06,885.747,2998.38,2.58741e-06,2124.22,5.29879e-07,2612.38,-4875.21,6.8903e-08,9.76595e-07,-3440.95,-3440.95,1.95464e-07,-35.5234,-35.5234,4.94066e-06,474.742,0,6.88966e-07,-3295.89,-8126.24,0,0
2020-08-07 05:00:00 UTC,-3481.55,-1015.94,3825.39,-692.298,-692.298,-311.864,1327.39,1518.44,-1795.88,-1795.88,2080.95,1652.64,-7248.06,0.618038,900.908,1681.57,3152.3,997.117,-5641.72,-785.155,250.174,-2819.53,-2819.53,-2588.47,-3450.16,-1010.54,-654.929,399.046,102.739,2089.25,-727.318,-727.318,-1649.08,-921.982,-921.982,-5669.83,3186.97,3197.21,-10994.2,-10994.2,3605.13,6576.78,3354.2,2069.13,4850.5,-6880.36,-9504.48,-9574.51,-10118.4,204.838,-1676.11,-1676.11,346.168,-355.619,-523.365,375.098,375.098,-2714.82,1281.99,587.746,1696.89,-2004.99,-2162.32,1108.94,1108.94,-465.136,-601.809,533.473,533.473,503.861,2626.08,-1835.64,917.822,917.822,63.4187,63.4187,19.6532,16.2534,25.3374,-89.8651,-173.594,134.329,-9.07314,-8.46177,3.90012,-38.5042,-8.96584,474.924,474.924,57.7215,57.7215,57.1659,57.1659,-939.569,-939.569,-939.569,321.327,321.327,117.087,-228.136,-117.649,-117.649,158.068,158.068,-404.981,-148.554,-2068.07,0.23,0.23,-1738.88,-1738.88,-1738.88,5018.23,-1305.22,-1305.22,-1391.66,-1391.66,-0.316,428.346,428.346,-144.423,-144.423,-5852.79,-5852.79,5531.59,5531.59,0,-250.993,-2451.41,-1008.41,2236.47,2236.47,-1878.79,10132.9,4441.23,-1965.22,-5789.62,-5789.62,1443.39,1443.39,-4967.68,-4967.68,531.823,1258.03,7741.48,3285.92,2434.49,2434.49,-1510.94,-1510.94,-1510.94,3836.82,3836.82,-4929.86,6.48422e-07,6.48422e-07,1794.94,-3352.03,-3352.03,4833.88,-1699.39,1337.29,0,3037.82,1311.81,-4568.23,-3368.47,-3368.47,-473.05,252.929,-57.229,-3632.88,-3632.88,-2268.21,1085.04,1085.04,10957.8,-6986.64,-10948.8,9515.7,9585.89,10130,-13840.2,2799.89,-2642.2,9515.7,9585.89,10130,-10710.4,-5778.33,-3232.21,966.008,16172.8,2786.85,13257.9,32796.6,18022.6,18022.6,2180.04,-10103.4,977.925,2156.5,845.769,-1064.08,1072.8,-1121.92,-954.888,-1046.14,1106.83,1132.37,1112.94,-1075.11,351.416,351.416,-1005.74,4463.33,4463.33,-9978.7,1016.56,1420.1,-1092.15,791.952,2703.4,4464.69,4464.69,7392.3,9182.09,9695.76,18790.2,-10033.6,5370.3,-7387.7,1925.47,5366.77,9453.83,5543.13,5541.09,-1925.09,-9169.91,-9682.56,3997.75,4044.56,2824.4,3279.03,2702.52,3080.12,2276.08,2276.08,500.335,969.838,-2138.43,-2413.66,4058.37,-9175.49,-9175.49,-9688.78,-9688.78,-1644.97,-1644.97,102.485,395.31,1289.9,1289.9,5451.1,5451.1,-5290.45,-5290.45,1611.7,-70.7962,2935.93,-3650.52,15025.3,-16479.9,-18382.3,11551.5,-2932.47,3565.28,2237.79,-3006.15,148.574,148.574,1106,1106,-375.7,439.015,-2729.75,-462.097,106.241,106.241,2205.95,728.222,2981.63,2099.96,175.782,175.782,283.023,283.133,2280.66,2280.66,2493.91,1307.03,1887.97,1067.49,632.178,200.533,200.533,-44.0873,-49.8858,0,-745.326,-828.749,0,-2.75663,992.053,992.053,27.1693,458.902,-450.482,-452.838,65.9374,-522.07,-509.613,1808.11,-3054.25,-6982.71,-1345,-552.335,-552.335,241.058,2248.75,2248.75,1079.43,1071.65,1.94441e-06,0,877.173,877.173,0,1.57766e-06,0,1677.45,0,-1010.51,0,1.34846e-08,3.82709e-08,-1247.06,-1044.62,-1044.62,0,-250.877,-250.877,2.44831e-08,0,1533.62,2399.46,2399.46,2399.46,2908.65,0,0,0,524.033,524.033,524.033,0,-969.014,-315.205,-315.205,-126.828,1.76774e-06,-63.4187,-63.4187,9.95196e-12,-8.32341e-11,-1.38209e-10,9.12066e-09,97.9321,97.2044,131.242,0,2.368e-10,0,-3675.8,-3675.8,-3675.8,0,0,0,0,9.82255e-10,3.29801e-06,3384.68,3384.68,3.31145e-07,-6239.75,-923.028,-1349.68,0,2.10704e-07,-1139.44,-3014.02,2.10606e-06,-22521.5,-12291.9,-3420.1,-3326.98,57.2303,3645.77,3645.77,3.85135e-06,-90013,983.5,2.08022e-05,1.42541e-05,1146.46,1842.64,4552.16,8.44604e-06,1.26338e-06,1.60936e-06,561.07,6.73535e-07,7.17965e-05,0.000108927,7408.23,0.000489449,5359.12,8.81208e-06,869.432,2542.88,2.10721e-06,1802.6,4.94232e-07,2413.01,-4295.32,5.17673e-08,9.23642e-07,-3170.73,-3170.73,1.3589e-07,24.7461,24.7461,3.79075e-06,311.912,0,6.12459e-07,-3061.66,-7437.88,0,0
2020-08-07 06:00:00 UTC,-3325.41,-977.334,3738.84,-721.826,-721.826,-205.102,1315.13,1508.66,-1754.17,-1754.17,1863.68,1497.16,-6716.72,-84.5525,819.47,1534.03,2956.92,935.323,-5165.54,-710.55,368.692,-2612.49,-2612.49,-2411.23,-3258.96,-953.63,-617.562,361.679,110.198,1941.58,-675.833,-675.833,-1521.5,-845.851,-845.851,-5225.7,2868.4,2877.62,-9992.49,-9992.49,3246.41,5988.95,3095.28,1909.43,4370.29,-6200.25,-8618.91,-8682.42,-9175.59,181.582,-1520.05,-1520.05,317.431,-320.958,-452.084,350.692,350.692,-2452.14,1179.5,530.441,1547.55,-1808.05,-1949.91,1016.94,1016.94,-438.827,-578.542,508.685,508.685,475.811,2436.41,-1701.28,850.638,850.638,62.6828,62.6828,18.3245,15.3783,22.9197,-81.3475,-155.682,121.764,-8.14259,-7.59391,4.02407,-34.7186,-6.39853,433.654,433.654,49.6022,49.6022,49.1273,49.1273,-856.957,-856.957,-856.957,285.224,285.224,109.425,-205.941,-109.553,-109.553,142.308,142.308,-379.116,-135.253,-1908.53,0.23,0.23,-1606.88,-1606.88,-1606.88,4630.36,-1209.07,-1209.07,-1286.16,-1286.16,-0.316,391.699,391.699,-149.151,-149.151,-5421.76,-5421.76,5150.7,5150.7,0,-237.007,-2279.49,-943.664,2085.61,2085.61,-1738.77,9349.41,4097.76,-1815.85,-5356.52,-5356.52,1336.17,1336.17,-4595.73,-4595.73,489.781,1171.11,7035.74,3222.57,2243.75,2243.75,-1394.72,-1394.72,-1394.72,3503.76,3503.76,-4562,6.48422e-07,6.48422e-07,1650.37,-3061.58,-3061.58,4412.79,-1530.66,1229.85,0,2761.46,1233.6,-4136.34,-3075.29,-3075.29,-441.295,239.837,-51.991,-3386.7,-3386.7,-2057.63,985.402,985.402,9944.26,-6288.12,-9936.9,8628.14,8691.78,9185.1,-12492,2549.27,-2409.99,8628.14,8691.78,9185.1,-9785.11,-5212.33,-2729.59,1007.22,15272.8,2565.39,12492.3,30974.6,17029.6,17029.6,2068.05,-9292.84,899.188,2051.2,805.223,-993.305,1006.16,-1048.88,-895.066,-980.443,1048.37,1072.55,1054.16,-1007.25,316.111,316.111,-941.987,4159.18,4159.18,-9254.4,911.087,1327.82,-1022.87,760.371,2560.29,4130.69,4130.69,6946.15,8727.87,9216.12,17903.8,-9631.69,4951.72,-6942.09,1903.88,4948.72,9023.73,5290.95,5289,-1903.51,-8716.87,-9204.19,3836.53,3881.45,2706.69,3142.38,2605.72,2843.75,2180.63,2180.63,492.345,852.662,-2048.75,-2312.44,3898.92,-8721.91,-8721.91,-9209.81,-9209.81,-1589.62,-1589.62,93.799,362.55,1260.02,1260.02,5281.19,5281.19,-5054.2,-5054.2,1386.63,-115.494,2865.93,-3512.53,14592.7,-15706.9,-17525.6,11284.8,-2862.64,3274.18,2075.71,-2824.18,147.474,147.474,977.764,977.764,-298.729,386.383,-2428.7,-406.46,64.4411,64.4411,1984.23,655.785,2651.22,1920.04,148.221,148.221,232.421,232.511,2127.7,2127.7,2311.37,1197.53,1733.24,929.565,492.689,176.088,176.088,-60.6408,-68.3876,0,-708.655,-788.018,0,-22.9095,932.951,932.951,58.052,345.787,-428.945,-431.19,82.5844,-530.011,-517.44,1666.39,-2923.79,-6754.41,-1283.02,-522.328,-522.328,239.059,2151.37,2151.37,1008.38,1001.11,1.78397e-06,0,898.515,898.515,0,1.3166e-06,0,1445.84,0,-953.604,0,1.35848e-08,3.78241e-08,-1183.5,-970.789,-970.789,0,-235.924,-235.924,2.14171e-08,0,1375.78,2161.04,2161.04,2161.04,2652.28,0,0,0,471.288,471.288,471.288,0,-914.653,-301.633,-301.633,-125.357,1.45278e-06,-62.6828,-62.6828,-3.42793e-11,4.23968e-10,-2.25714e-10,8.53592e-09,92.5416,91.854,125.885,0,3.91938e-10,0,-3419.44,-3419.44,-3419.44,0,0,0,0,2.07436e-10,2.67016e-06,3167.37,3167.37,3.49075e-07,-5714.1,-855.099,-1250.35,0,1.59415e-07,-1080.5,-2789.55,2.1076e-06,-20930.2,-11485.1,-3257.76,-3154.55,51.9921,3397.64,3397.64,3.29272e-06,-83343.6,865.691,1.5605e-05,1.25924e-05,1098.38,1765.36,4361.24,7.61823e-06,1.14708e-06,1.44425e-06,564.707,5.66105e-07,6.43485e-05,0.000105869,7339.22,0.000466254,4942.22,8.69025e-06,847.808,2254.23,1.80851e-06,1604.13,4.63852e-07,2254,-3895.58,4.53414e-08,8.88497e-07,-2978.31,-2978.31,1.02502e-07,61.2099,61.2099,3.16971e-06,205.123,0,5.49894e-07,-2887.18,-6927.49,0,0
2020-08-07 07:00:00 UTC,-3177.7,-939.832,3624,-735.743,-735.743,-134.374,1282.2,1473.64,-1709.32,-1709.32,1675.62,1367.4,-6249.27,-158.861,752.549,1397.76,2785.66,881.157,-4748.86,-646.652,443.961,-2430.4,-2430.4,-2243.73,-3061.27,-895.044,-583.474,327.591,111.671,1806.4,-629.718,-629.718,-1411.39,-781.825,-781.825,-4839.66,2629.73,2638.17,-9204.63,-9204.63,2974.31,5525.42,2871.4,1771.34,4001.16,-5663.47,-7940.06,-7998.58,-8452.86,167.722,-1398.88,-1398.88,291.09,-295.604,-420.637,321.311,321.311,-2258.34,1079.94,485.268,1425.07,-1665.98,-1796.67,939.658,939.658,-404.819,-534,469.409,469.409,438.939,2265.14,-1591.67,795.837,795.837,57.7596,57.7596,16.7643,14.0247,21.1056,-74.8996,-144.233,112.674,-7.38887,-6.89098,3.88428,-32.0244,-6.23976,399.53,399.53,46.2085,46.2085,45.7669,45.7669,-787.73,-787.73,-787.73,258.149,258.149,101.229,-190.67,-101.384,-101.384,131.783,131.783,-354.565,-125.199,-1770.56,0.23,0.23,-1500.52,-1500.52,-1500.52,4316.65,-1132.63,-1132.63,-1200.62,-1200.62,-0.316,363.201,363.201,-146.497,-146.497,-5067.12,-5067.12,4828.21,4828.21,0,-223.357,-2133.97,-886.129,1956.77,1956.77,-1624.38,8715.98,3820.1,-1692.37,-5003.02,-5003.02,1248.14,1248.14,-4292.21,-4292.21,458.117,1099.21,6493.9,3110.41,2089.03,2089.03,-1298.57,-1298.57,-1298.57,3244.07,3244.07,-4262.45,6.48415e-07,6.48415e-07,1536.98,-2835.87,-2835.87,4085.61,-1406.71,1140.26,0,2547.79,1161.45,-3810.11,-2848.03,-2848.03,-415.795,225.126,-48.374,-3177.85,-3177.85,-1895.88,908.815,908.815,9165.56,-5766.49,-9159.31,7947.89,8006.52,8460.93,-11476.1,2354.07,-2228.74,7947.89,8006.52,8460.93,-9059.7,-4787.8,-2397.2,1005.89,14436.2,2386.92,11792,29280.1,16103.2,16103.2,1960.53,-8644.11,833.729,1948.13,764.652,-933.223,946.915,-985.826,-841.97,-922.309,992.675,1015.57,998.152,-947.601,289.462,289.462,-886.18,3901.58,3901.58,-8652.35,831.178,1245.69,-962.251,725.426,2424.52,3856.2,3856.2,6553.07,8281.87,8745.16,17006.4,-9194.4,4625.3,-6549.46,1841.58,4622.68,8582,5031.95,5030.1,-1841.24,-8271.96,-8734.42,3665.09,3708,2577.19,2992.03,2478.05,2658.82,2086.58,2086.58,459.11,773.891,-1960.39,-2212.71,3738.43,-8276.51,-8276.51,-8739.48,-8739.48,-1523.31,-1523.31,90.7506,350.594,1205.33,1205.33,5058.72,5058.72,-4815.45,-4815.45,1248.85,-136.03,2778.52,-3355.83,13996.1,-14909.5,-16652.3,10991.9,-2775.43,3039.29,1939.96,-2666.35,141.585,141.585,884.895,884.895,-255.374,348.075,-2219.76,-366.831,43.1809,43.1809,1817.75,603.399,2394.73,1774.81,130.979,130.979,199.303,199.382,1999.61,1999.61,2162.45,1111.48,1610.04,832.581,399.04,158.66,158.66,-70.2043,-79.0688,0,-678.277,-754.29,0,-34.7989,882.633,882.633,76.4783,270.132,-409.982,-412.129,92.1039,-528.045,-515.566,1547.3,-2783.94,-6475.73,-1221.83,-494.144,-494.144,234.18,2058.77,2058.77,956.764,949.867,1.66505e-06,0,905.532,905.532,0,1.11131e-06,0,1236.16,0,-895.021,0,1.40167e-08,3.5473e-08,-1116.23,-903.198,-903.198,0,-219.618,-219.618,1.83308e-08,0,1266.88,1991.58,1991.58,1991.58,2438.14,0,0,0,436.615,436.615,436.615,0,-843.769,-278.506,-278.506,-115.512,1.23128e-06,-57.7596,-57.7596,2.5684e-10,3.21089e-10,-1.33634e-10,7.74842e-09,85.5479,84.9122,122.331,0,1.48731e-10,0,-3201.44,-3201.44,-3201.44,0,0,0,0,2.19779e-10,2.21468e-06,2980.22,2980.22,3.50713e-07,-5295.23,-797.032,-1165.45,0,1.25756e-07,-1020.94,-2602.77,2.05054e-06,-19596.2,-10786.2,-3094.88,-2988.89,48.3749,3187.59,3187.59,2.83162e-06,-77862.2,786.479,1.16522e-05,1.10473e-05,1051.01,1689.23,4173.15,6.87512e-06,1.03376e-06,1.2729e-06,570.54,4.54897e-07,5.70267e-05,0.000104574,7406.74,0.000441133,4617.01,8.61537e-06,818.508,2054.85,1.60403e-06,1474.39,4.39016e-07,2110.73,-3585.19,4.02965e-08,8.58862e-07,-2809.9,-2809.9,8.04008e-08,82.3643,82.3643,2.72813e-06,134.384,0,4.88664e-07,-2727.69,-6494.05,0,0
2020-08-07 08:00:00 UTC,-3071.42,-913.329,3533.65,-737.599,-737.599,-76.8749,1257.56,1447.76,-1679.6,-1679.6,1531.69,1277.54,-5907.73,-224.811,708.347,1290.4,2672.06,845.227,-4441.1,-598.758,508.116,-2313.81,-2313.81,-2121.25,-2917.82,-852.487,-558.478,302.595,113.076,1707.3,-596.317,-596.317,-1333.38,-737.204,-737.204,-4562.46,2460.48,2468.38,-8627.1,-8627.1,2782.39,5168.24,2706.31,1669.51,3742.29,-5280.19,-7436.63,-7491.44,-7916.89,157.303,-1309.19,-1309.19,274.952,-276.777,-388.615,303.839,303.839,-2113.53,1016.88,454.557,1340.71,-1557.1,-1679.23,886.029,886.029,-383.37,-508.407,445.888,445.888,415.791,2141.33,-1512.15,756.073,756.073,55.363,55.363,15.7893,13.2561,19.7295,-70.0299,-134.906,105.748,-7.04691,-6.57206,3.59844,-30.1105,-5.46377,374.727,374.727,42.6338,42.6338,42.2275,42.2275,-737.901,-737.901,-737.901,238.687,238.687,95.6413,-178.699,-95.6799,-95.6799,123.414,123.414,-336.471,-117.577,-1668.82,0.23,0.23,-1423.94,-1423.94,-1423.94,4090.04,-1077.1,-1077.1,-1139.85,-1139.85,-0.316,343.779,343.779,-145.878,-145.878,-4814.9,-4814.9,4598.36,4598.36,0,-214.575,-2030.43,-843.825,1864.54,1864.54,-1540.87,8257.4,3619.09,-1603.62,-4751.07,-4751.07,1186.87,1186.87,-4076.75,-4076.75,436.937,1048.6,6092.91,3036.7,1976.98,1976.98,-1227.55,-1227.55,-1227.55,3052.11,3052.11,-4049.28,6.48243e-07,6.48243e-07,1452.87,-2668.62,-2668.62,3843.73,-1311.71,1077.68,0,2390.11,1112.74,-3564.71,-2679.36,-2679.36,-398.261,213.246,-46.367,-3027.5,-3027.5,-1776.71,851.723,851.723,8589.58,-5376.15,-8584.09,7443.5,7498.41,7923.97,-10718.4,2211.85,-2094.68,7443.5,7498.41,7923.97,-8524.81,-4472.06,-2137.87,1013.64,13846.5,2257.56,11296,28085.7,15449.8,15449.8,1885.28,-8175.17,790.771,1875.55,736.842,-888.71,904.549,-941.02,-804.1,-880.842,953.148,975.126,958.406,-905.039,269.932,269.932,-846.36,3715.54,3715.54,-8221.4,776.468,1185.56,-918.997,702.337,2328.99,3659.92,3659.92,6272.52,7971.15,8417.04,16380.3,-8893.04,4385.04,-6269.21,1804.27,4382.69,8278.94,4854.25,4852.46,-1803.94,-7961.96,-8407.09,3536.26,3577.67,2502.94,2905.82,2390.1,2527.71,2013.5,2013.5,442.126,713.752,-1891.73,-2135.21,3651.45,-7966.17,-7966.17,-8411.78,-8411.78,-1491.63,-1491.63,85.8645,332.153,1188.61,1188.61,4961.84,4961.84,-4693.3,-4693.3,1133.17,-157.678,2747.08,-3281.44,13788.5,-14373.5,-16047.1,10873.2,-2744.05,2867.66,1839.98,-2552.98,136.613,136.613,815.825,815.825,-218.923,318.936,-2056.52,-334.993,24.2458,24.2458,1686.02,564.372,2184.07,1662.01,118.203,118.203,174.689,174.758,1907.02,1907.02,2054.05,1048.21,1519.51,761.755,325.54,146.138,146.138,-78.7117,-88.5778,0,-661.364,-735.516,0,-45.1201,853.998,853.998,92.2158,210.011,-396.991,-399.071,100.675,-529.884,-517.395,1453.39,-2671.61,-6289.12,-1176.75,-474.134,-474.134,229.086,1992.38,1992.38,912.912,906.332,1.55972e-06,0,902.391,902.391,0,9.73925e-07,0,1063.57,0,-852.467,0,1.41896e-08,3.34752e-08,-1067.68,-853.651,-853.651,0,-207.824,-207.824,1.72542e-08,0,1186.76,1861.39,1861.39,1861.39,2283.78,0,0,0,414.206,414.206,414.206,0,-799.171,-264.838,-264.838,-110.719,1.09019e-06,-55.363,-55.363,3.46762e-10,-7.87749e-11,-1.32115e-10,7.76507e-09,81.052,80.4498,120.269,0,2.64824e-10,0,-3043.2,-3043.2,-3043.2,0,0,0,0,-4.17588e-10,1.91642e-06,2846.15,2846.15,3.46808e-07,-4990.39,-755.431,-1104.62,0,1.05182e-07,-979.932,-2467.3,1.99126e-06,-18640.5,-10282.3,-2982.79,-2871.48,46.3679,3036.2,3036.2,2.53123e-06,-73946.9,725.989,9.26935e-06,9.99769e-06,1014.2,1630.06,4026.99,6.21748e-06,9.67592e-07,1.15993e-06,569.116,3.92847e-07,5.16453e-05,0.000103469,7393.68,0.000431225,4377.59,8.54175e-06,800.825,1897.76,1.46721e-06,1372.68,4.25607e-07,2004.69,-3341.62,3.81621e-08,8.35498e-07,-2689.86,-2689.86,6.63474e-08,98.8481,98.8481,2.4491e-06,76.8784,0,4.453e-07,-2612.35,-6176.91,0,0
2020-08-07 09:00:00 UTC,-3029.05,-904.125,3501.36,-745.995,-745.995,-40.8411,1249.22,1439.76,-1674.13,-1674.13,1449.95,1230.09,-5735.5,-271.682,685.887,1230.37,2622.23,829.467,-4278.24,-572.396,554.138,-2258.98,-2258.98,-2061.44,-2855.39,-833.91,-545.712,289.829,116.32,1656.92,-579.386,-579.386,-1294.13,-714.879,-714.879,-4420.38,2365.32,2372.92,-8310.07,-8310.07,2674.76,4970.08,2621.17,1617,3597.5,-5064.73,-7156.26,-7209,-7618.4,150.883,-1259.33,-1259.33,267.264,-266.078,-365.578,296.657,296.657,-2031.31,986.623,437.592,1297.52,-1494.25,-1611.45,859.816,859.816,-374.667,-500.456,437.561,437.561,406.503,2079.75,-1471.69,735.843,735.843,55.0475,55.0475,15.3605,12.9738,18.9485,-67.2788,-129.231,101.801,-6.86787,-6.40508,3.49453,-29.0066,-4.63457,361.429,361.429,40.0098,40.0098,39.6295,39.6295,-711.221,-711.221,-711.221,227.219,227.219,93.0943,-171.691,-92.9859,-92.9859,118.436,118.436,-327.946,-113.338,-1616.35,0.23,0.23,-1383.86,-1383.86,-1383.86,3967.86,-1049.86,-1049.86,-1107.81,-1107.81,-0.316,333.807,333.807,-143.963,-143.963,-4680.17,-4680.17,4473.94,4473.94,0,-209.367,-1973.57,-819.798,1814.39,1814.39,-1495.9,8010.14,3510.71,-1553.85,-4617.18,-4617.18,1154.03,1154.03,-3962.51,-3962.51,427.159,1022.06,5870.39,2995.42,1915.23,1915.23,-1186.71,-1186.71,-1186.71,2945.82,2945.82,-3937.14,6.4833e-07,6.4833e-07,1407.33,-2576.5,-2576.5,3709.96,-1259.41,1041.84,0,2301.92,1085.44,-3428.19,-2586.41,-2586.41,-389.476,205.283,-45.951,-2951.21,-2951.21,-1710.42,819.234,819.234,8266.67,-5157.76,-8261.59,7162.62,7215.46,7624.95,-10294.2,2132.54,-2017.63,7162.62,7215.46,7624.95,-8226.84,-4296.54,-1990.32,1019.96,13529.4,2186.6,11028.6,27443.7,15098.6,15098.6,1846.24,-7921.38,768.818,1837.77,722.387,-859.845,881.598,-916.82,-783.804,-858.55,931.865,953.351,937.005,-882.005,259.14,259.14,-824.722,3615.63,3615.63,-7990.57,747.413,1151.42,-895.485,691.749,2275,3553.8,3553.8,6129.49,7802.77,8239.25,16035.3,-8734.03,4271.5,-6126.33,1775.85,4269.26,8111.44,4756.04,4754.29,-1775.53,-7793.98,-8229.71,3455.16,3495.61,2468.49,2865.83,2336.02,2469.9,1967.1,1967.1,432.715,687.87,-1848.13,-2086.01,3619.6,-7798.01,-7798.01,-8234.2,-8234.2,-1479.53,-1479.53,83.2252,322.248,1185.06,1185.06,4927.69,4927.69,-4649.92,-4649.92,1083.92,-166.733,2747.04,-3255.12,13741.9,-14080.2,-15712.9,10879,-2744.01,2775.71,1784.08,-2496.75,132.035,132.035,778.585,778.585,-204.09,302.422,-1980.67,-318.117,16.4737,16.4737,1617.95,546.223,2062.59,1601.71,111.96,111.96,162.039,162.103,1860.6,1860.6,1998.64,1014.94,1471.9,725.149,283.149,139.808,139.808,-84.9089,-95.511,0,-657.183,-730.878,0,-52.2335,845.592,845.592,103.156,173.436,-391.689,-393.743,107.089,-535.255,-522.659,1402.54,-2615.42,-6192.55,-1151.69,-463.388,-463.388,225.502,1966.59,1966.59,895.352,888.898,1.52176e-06,0,908.035,908.035,0,9.1164e-07,0,957.13,0,-833.89,0,1.34466e-08,3.33189e-08,-1046.91,-828.459,-828.459,0,-203.063,-203.063,1.60265e-08,0,1140.97,1785.8,1785.8,1785.8,2200.98,0,0,0,401.933,401.933,401.933,0,-781.18,-260.236,-260.236,-110.088,1.0278e-06,-55.0475,-55.0475,-2.19143e-10,5.83818e-11,-1.02513e-10,6.81e-09,79.2323,78.6435,121.547,0,3.34949e-10,0,-2955.27,-2955.27,-2955.27,0,0,0,0,1.06318e-10,1.77205e-06,2777.28,2777.28,3.41543e-07,-4819.56,-734.647,-1074.23,0,9.60072e-08,-956.823,-2391.6,1.95153e-06,-18125,-10008.6,-2923.53,-2808.42,45.9519,2959.34,2959.34,2.37675e-06,-71852.5,699.941,8.12663e-06,9.40834e-06,990.833,1592.5,3934.19,5.76636e-06,9.38637e-07,1.09451e-06,565.785,3.61239e-07,4.84422e-05,0.000104489,7461.16,0.000431538,4264.43,8.55262e-06,793.806,1824.11,1.41208e-06,1333.32,4.24324e-07,1942.85,-3213.74,3.72148e-08,8.23817e-07,-2627.4,-2627.4,6.04555e-08,107.833,107.833,2.32909e-06,40.8424,0,4.25189e-07,-2549.62,-6003.47,0,0
2020-08-07 10:00:00 UTC,-3066.08,-915.917,3550.58,-765.345,-765.345,-29.4483,1266.56,1460.49,-1702.33,-1702.33,1454.45,1230.94,-5777.95,-278.945,685.794,1241.85,2640.82,835.347,-4304.36,-574.615,576.611,-2274.69,-2274.69,-2081.28,-2893.72,-845.13,-548.659,292.776,121.117,1669.04,-583.269,-583.269,-1302.44,-719.302,-719.302,-4447.08,2357.02,2364.59,-8313.91,-8313.91,2666.56,4975.42,2637.98,1627.36,3588.19,-5059.55,-7149.37,-7202.07,-7611.07,148.372,-1258.8,-1258.8,269.297,-265.057,-351.985,302.614,302.614,-2024.59,996.738,436.681,1303.03,-1487.52,-1604.19,866.23,866.23,-382.828,-516.443,449.636,449.636,415.577,2097.38,-1481.51,740.755,740.755,57.6652,57.6652,15.6522,13.3485,18.9058,-67.1595,-127.782,101.372,-6.77775,-6.32104,3.7657,-28.7719,-3.59883,362.553,362.553,38.3563,38.3563,37.9928,37.9928,-713.809,-713.809,-713.809,225.805,225.805,94.5133,-170.507,-94.2006,-94.2006,117.41,117.41,-331.384,-113.192,-1626.71,0.23,0.23,-1385.32,-1385.32,-1385.32,3968.46,-1052.82,-1052.82,-1108.71,-1108.71,-0.316,334.241,334.241,-142.748,-142.748,-4682.46,-4682.46,4475.18,4475.18,0,-209.024,-1973.18,-818.855,1814.74,1814.74,-1496.29,8010.98,3511.08,-1552.18,-4620,-4620,1154.58,1154.58,-3965.16,-3965.16,429.219,1023.46,5859.02,3003.99,1914.14,1914.14,-1184,-1184,-1184,2940.31,2940.31,-3940.7,6.48365e-07,6.48365e-07,1405.94,-2572.96,-2572.96,3705.61,-1253.42,1044.88,0,2298.96,1089.14,-3416.53,-2582.37,-2582.37,-390.532,203.565,-47.005,-2964.43,-2964.43,-1708.83,817.769,817.769,8256.56,-5145.09,-8251.49,7155.72,7208.51,7617.61,-10273.1,2131.26,-2014.27,7155.72,7208.51,7617.61,-8214.9,-4286.15,-1974.53,1027.38,13550,2184.36,11043.8,27486.1,15122.8,15122.8,1853.42,-7916.39,769.651,1845.1,725.675,-850.583,882.208,-917.742,-784.744,-859.477,933.687,955.214,938.837,-882.72,258.078,258.078,-825.254,3619.68,3619.68,-7996.01,745.019,1149.96,-896.05,696.845,2274.1,3552.48,3552.48,6155.89,7813.99,8251.1,16047.5,-8761.32,4310.13,-6152.7,1762.34,4307.85,8114.95,4758.09,4756.34,-1762.03,-7805.17,-8241.53,3445.4,3485.74,2474.68,2873.01,2329.78,2494.61,1961.44,1961.44,431.842,701.766,-1842.82,-2080.01,3636.82,-7809.22,-7809.22,-8246.04,-8246.04,-1483.72,-1483.72,84.1063,325.565,1188.02,1188.02,4941.24,4941.24,-4673.67,-4673.67,1113.72,-159.671,2763.57,-3267.8,13788.4,-14082.9,-15724.7,10954.7,-2760.51,2790.57,1788.08,-2510.31,128.5,128.5,786.4,786.4,-215.736,304.513,-2009.15,-320.558,23.5181,23.5181,1633.4,552.894,2075.61,1610.11,115.175,115.175,166.562,166.628,1870.99,1870.99,2010.04,1020.95,1479.21,737.683,283.985,142.595,142.595,-89.1111,-100.228,0,-672.815,-748.191,0,-56.541,873.465,873.465,109.417,162.524,-395.677,-397.751,111.645,-546.041,-533.186,1407.25,-2633.81,-6214.66,-1153.48,-464.486,-464.486,225.094,1991,1991,907.616,901.074,1.56486e-06,0,927.232,927.232,0,9.28894e-07,0,961.382,0,-845.11,0,1.32829e-08,3.58019e-08,-1060.79,-834.522,-834.522,0,-206.934,-206.934,1.62148e-08,0,1133.65,1776.19,1776.19,1776.19,2208.63,0,0,0,397.824,397.824,397.824,0,-798.416,-267.861,-267.861,-115.323,1.07098e-06,-57.6652,-57.6652,8.01312e-11,-1.4933e-10,7.52102e-10,6.89301e-09,80.9729,80.3712,124.041,0,2.72982e-10,0,-2954.34,-2954.34,-2954.34,0,0,0,0,3.58907e-10,1.78692e-06,2788.52,2788.52,3.41511e-07,-4820.52,-739.889,-1081.9,0,9.69427e-08,-961.129,-2391.42,1.95519e-06,-18133.8,-10016.4,-2930.16,-2814.7,47.0059,2972.31,2972.31,2.38313e-06,-71881.7,713.97,8.20339e-06,9.38223e-06,987.981,1587.92,3922.87,5.66926e-06,9.44078e-07,1.08505e-06,562.931,3.61225e-07,4.81866e-05,0.000106674,7570.87,0.000437607,4302.92,8.61201e-06,797.139,1852.26,1.4341e-06,1364.75,4.31735e-07,1941.35,-3237.5,3.72138e-08,8.2525e-07,-2636.94,-2636.94,6.158e-08,105.913,105.913,2.41949e-06,29.4492,0,4.34438e-07,-2554.84,-6012.07,0,0
2020-08-07 11:00:00 UTC,-3185.66,-952.297,3721.66,-814.121,-814.121,-21.1244,1331.43,1535.99,-1776.96,-1776.96,1499.27,1257.23,-5969.34,-286.081,698.243,1291.43,2717.89,859.724,-4441.03,-592.091,611.531,-2344.91,-2344.91,-2153.05,-3010.36,-879.105,-561.003,305.12,130.792,1718.91,-600.151,-600.151,-1342.47,-742.461,-742.461,-4581.18,2413.56,2421.31,-8550.69,-8550.69,2728.58,5133.76,2724.54,1680.75,3668.83,-5161.18,-7352.8,-7406.99,-7827.64,152.13,-1294.2,-1294.2,275.799,-272.357,-363.114,310.816,310.816,-2080.95,1021.32,446.083,1342.62,-1529.79,-1649.78,896.416,896.416,-395.399,-534.273,464.836,464.836,429.263,2166.99,-1533.92,766.962,766.962,59.7158,59.7158,16.0716,13.6955,19.4452,-69.0733,-131.773,104.528,-6.84856,-6.38707,4.06974,-29.5591,-3.7875,373.232,373.232,39.5829,39.5829,39.208,39.208,-733.827,-733.827,-733.827,229.292,229.292,97.7185,-175.837,-97.4007,-97.4007,121.074,121.074,-344.749,-116.807,-1680.05,0.23,0.23,-1426.73,-1426.73,-1426.73,4084.84,-1085.38,-1085.38,-1141.75,-1141.75,-0.316,344.613,344.613,-145.667,-145.667,-4819.65,-4819.65,4604.42,4604.42,0,-214.848,-2029.6,-841.295,1866.84,1866.84,-1539.43,8246.12,3614.15,-1595.8,-4755.91,-4755.91,1188.58,1188.58,-4082.22,-4082.22,443.729,1053.33,6024.34,3092.83,1969.4,1969.4,-1216.53,-1216.53,-1216.53,3023.34,3023.34,-4057.55,6.48412e-07,6.48412e-07,1445.25,-2645.11,-2645.11,3810.54,-1287.29,1076.56,0,2364.55,1121.24,-3510.72,-2654.48,-2654.48,-401.212,208.233,-49.812,-3061.5,-3061.5,-1757.87,840.465,840.465,8490.87,-5289.29,-8485.5,7359.51,7413.8,7834.56,-10561.9,2192.94,-2070.11,7359.51,7413.8,7834.55,-8447.45,-4406.45,-2025.35,1059.31,13952,2246.99,11371.2,28293.7,15566.4,15566.4,1913.81,-8148.41,796.348,1904.55,743.187,-873.647,908.314,-944.776,-808.277,-885.116,961.159,983.321,966.461,-908.739,265.487,265.487,-849.422,3728.72,3728.72,-8238.84,768.366,1182.01,-922.284,715.8,2333.68,3655.64,3655.64,6352.46,8038.56,8488.23,16500.1,-9022.74,4469.61,-6349.06,1794.95,4467.16,8336.58,4888.04,4886.25,-1794.62,-8029.22,-8478.1,3536.47,3577.88,2536.27,2944.51,2392.22,2585.34,2013.02,2013.02,444.115,737.648,-1891.28,-2134.71,3723.96,-8033.5,-8033.5,-8482.87,-8482.87,-1515.73,-1515.73,87.8341,339.758,1209.64,1209.64,5043.85,5043.85,-4785.49,-4785.49,1183.33,-151.073,2823.64,-3340.65,14057.5,-14463.5,-16165.1,11207.2,-2820.44,2891.56,1845.06,-2592.24,130.792,130.792,820.344,820.344,-235.083,317.323,-2103.08,-335.385,32.8501,32.8501,1709.66,576.572,2186.22,1677.05,120.867,120.867,178.182,178.252,1932.71,1932.71,2077.6,1056.38,1529.12,777.374,301.627,150.565,150.565,-96.1493,-108.135,0,-706.739,-785.794,0,-62.8706,929.679,929.679,119.404,156.119,-410.512,-412.663,119.656,-572.532,-559.046,1464.26,-2752.21,-6403.54,-1184.52,-478.551,-478.551,228.026,2068.98,2068.98,941.391,934.606,1.68276e-06,0,976.666,976.666,0,1.00751e-06,0,1003.77,0,-879.083,0,1.41841e-08,3.98637e-08,-1104.15,-859.453,-859.453,0,-217.942,-217.942,1.66342e-08,0,1166.24,1826.52,1826.52,1826.52,2270.6,0,0,0,411.478,411.478,411.478,0,-824.674,-277.079,-277.079,-119.424,1.19901e-06,-59.7158,-59.7158,3.08593e-11,3.14467e-10,3.5425e-10,7.50671e-09,83.7575,83.135,129.215,0,4.2038e-10,0,-3039.06,-3039.06,-3039.06,0,0,0,0,-1.37201e-10,1.9579e-06,2876.31,2876.31,3.46181e-07,-4959.69,-763.378,-1116.24,0,1.05577e-07,-991.507,-2460.19,2.00631e-06,-18664.7,-10311.9,-3010.55,-2897.5,49.813,3069.52,3069.52,2.57065e-06,-74001.8,750.155,9.68745e-06,1.00898e-05,1013.96,1629.68,4026.04,6.04976e-06,1.00234e-06,1.16143e-06,572.09,4.00063e-07,5.15453e-05,0.000112092,7802.1,0.000458479,4461.86,8.68371e-06,819.057,1942.84,1.52306e-06,1436.14,4.49858e-07,2002.14,-3380.16,3.88135e-08,8.35611e-07,-2716.7,-2716.7,7.08196e-08,102.393,102.393,2.6857e-06,21.1251,0,4.85227e-07,-2627.88,-6189.58,0,0
2020-08-07 12:00:00 UTC,-3394.83,-1014.14,4033.27,-887.484,-887.484,-39.7668,1452.35,1674.89,-1895.11,-1895.11,1609.69,1322.34,-6355.28,-273.873,729.229,1396.8,2861.69,905.206,-4736.52,-633.11,628.453,-2484.04,-2484.04,-2295.14,-3223.35,-941.453,-586.696,330.813,144.235,1822.1,-634.899,-634.899,-1423.86,-789.126,-789.126,-4860.71,2559.02,2567.24,-9105.56,-9105.56,2888.52,5501.79,2904.15,1791.53,3877.3,-5427.02,-7841.72,-7899.51,-8348.15,163.57,-1379.08,-1379.08,288.514,-290.761,-404.956,323.099,323.099,-2222.13,1068.4,470.422,1425.73,-1637.98,-1766.47,955.166,955.166,-414.953,-556.473,485.713,485.713,450.317,2305.01,-1636.5,818.249,818.249,61.3391,61.3391,16.7436,14.1017,20.7802,-73.7735,-142.762,112.378,-7.15745,-6.67515,4.40726,-31.6967,-5.40346,397.165,397.165,44.3693,44.3693,43.9483,43.9483,-778.674,-778.674,-778.674,240.807,240.807,103.436,-189.628,-103.344,-103.344,130.802,130.802,-370.487,-125.367,-1790.74,0.23,0.23,-1511.92,-1511.92,-1511.92,4328.61,-1151.22,-1151.22,-1208.98,-1208.98,-0.316,365.27,365.27,-148.773,-148.773,-5098.74,-5098.74,4864.53,4864.53,0,-225.261,-2144.18,-888.51,1971.78,1971.78,-1630.25,8739.38,3830.36,-1688.01,-5033.65,-5033.65,1255.97,1255.97,-4320.27,-4320.27,469.492,1111.71,6407.61,3235.27,2086.81,2086.81,-1288.1,-1288.1,-1288.1,3210.24,3210.24,-4295,6.48417e-07,6.48417e-07,1530.81,-2808.73,-2808.73,4050.21,-1367.56,1150.23,0,2518.57,1187.08,-3731.13,-2818.33,-2818.33,-421.585,220.461,-53.549,-3245.93,-3245.93,-1874.11,895.77,895.77,9051.43,-5645.32,-9045.34,7849.35,7907.26,8356.02,-11267.5,2335.65,-2203.64,7849.35,7907.25,8356.02,-8975.55,-4696.8,-2209.72,1093.06,14708.6,2380.99,11995,29823.8,16406.9,16406.9,2020.83,-8635.25,844.562,2009.94,779.644,-920.585,959.245,-997.441,-854.144,-935.093,1013.36,1036.73,1018.95,-959.46,282.901,282.901,-896.543,3944.62,3944.62,-8722.31,817.617,1249.23,-973.437,751.648,2453.04,3867.93,3867.93,6723.24,8456.49,8929.55,17340.2,-9483.82,4778.89,-6719.44,1851.1,4776.1,8747.97,5129.26,5127.38,-1850.76,-8446.16,-8918.35,3712.28,3755.75,2640.04,3065,2508.96,2761.4,2113.74,2113.74,464.018,806.395,-1985.91,-2241.51,3853.3,-8450.89,-8450.89,-8923.63,-8923.63,-1563.65,-1563.65,94.7296,365.823,1238.38,1238.38,5193.84,5193.84,-4962.39,-4962.39,1334.48,-125.133,2895.37,-3451.68,14427.3,-15189.6,-16981.9,11499.5,-2892.01,3103.21,1974.07,-2748.72,143.861,143.861,892.906,892.906,-275.572,348.176,-2316.5,-375.801,51.6873,51.6873,1892.69,630.185,2464.09,1841.25,129.313,129.313,200.672,200.751,2053.25,2053.25,2212.46,1129.76,1633.33,854.698,361.92,165.224,165.224,-100.762,-113.337,0,-746.056,-829.314,0,-66.1159,1002.09,1002.09,124.918,178.303,-435.655,-437.937,125.278,-605.754,-591.47,1609.97,-3017.09,-6718.7,-1245.59,-504.822,-504.822,236.611,2204.48,2204.48,998.252,991.056,1.88247e-06,0,1052.2,1052.2,0,1.17151e-06,0,1121,0,-941.428,0,1.39817e-08,4.73126e-08,-1181.41,-911.049,-911.049,0,-237.508,-237.508,1.93445e-08,0,1249.12,1956.97,1956.97,1956.97,2409.85,0,0,0,445.599,445.599,445.599,0,-865.282,-289.317,-289.317,-122.67,1.42734e-06,-61.3391,-61.3391,1.85136e-10,2.97286e-10,-2.52212e-10,8.83392e-09,88.117,87.4622,137.016,0,2.57142e-10,0,-3214.29,-3214.29,-3214.29,0,0,0,0,9.3594e-11,2.31027e-06,3045.61,3045.61,3.5513e-07,-5280.5,-815.69,-1192.73,0,1.25002e-07,-1052.95,-2607.88,2.09297e-06,-19741.3,-10902,-3164.73,-3054.88,53.5502,3254.4,3254.4,2.95319e-06,-78319.6,819.222,1.29016e-05,1.1505e-05,1064.7,1711.22,4227.48,6.92275e-06,1.09458e-06,1.3063e-06,578.821,4.76697e-07,5.86314e-05,0.000117459,8001.21,0.000483445,4770.04,8.73728e-06,849.975,2148.26,1.71849e-06,1570.55,4.77377e-07,2152.46,-3725.98,4.25909e-08,8.5532e-07,-2872.91,-2872.91,9.00121e-08,90.3844,90.3844,3.13413e-06,39.7682,0,6.03469e-07,-2774.71,-6555.93,0,0
2020-08-07 13:00:00 UTC,-3721.5,-1108.07,4467.09,-968.414,-968.414,-119.44,1610.94,1854.9,-2064.85,-2064.85,1829.51,1467.58,-7050.8,-239.526,802.559,1577.66,3128.02,989.438,-5293.45,-712.909,592.785,-2731.06,-2731.06,-2560.67,-3586.57,-1048.66,-637.086,381.203,158.549,2023.41,-701.209,-701.209,-1572.27,-871.258,-871.258,-5389.11,2834.84,2843.95,-10135.5,-10135.5,3196.82,6171.7,3230.48,1992.82,4286.65,-6002.79,-8742.75,-8807.17,-9307.42,182.686,-1537.24,-1537.24,313.845,-324.235,-471.412,350.229,350.229,-2479.92,1166.51,518.309,1573.34,-1834.32,-1978.24,1054.86,1054.86,-454.44,-604.405,529.423,529.423,492.967,2555.59,-1813.15,906.576,906.576,65.683,65.683,18.2509,15.1831,23.2379,-82.4549,-161.206,125.828,-7.62688,-7.11295,5.15276,-35.2849,-7.53813,441.55,441.55,51.8869,51.8869,51.3931,51.3931,-864.711,-864.711,-864.711,266.715,266.715,114.07,-213.065,-114.346,-114.346,147.249,147.249,-413.028,-140.196,-1991.83,0.0585,0.0585,-1648.14,-1648.14,-1648.14,4721.31,-1257.5,-1257.5,-1314.05,-1314.05,-0.081,396.755,396.755,-144.056,-144.056,-5531.16,-5531.16,5259.01,5259.01,0,-236.99,-2318.3,-962.192,2130.86,2130.86,-1777.62,9536.53,4179.79,-1834.17,-5468.15,-5468.15,1356.46,1356.46,-4690.39,-4690.39,505.94,1198.46,7085.94,3384.37,2277.2,2277.2,-1406.47,-1406.47,-1406.47,3531.27,3531.27,-4665.64,6.48337e-07,6.48337e-07,1673.43,-3092.45,-3092.45,4470.19,-1511.86,1282.96,0,2795.77,1289.91,-4123.04,-3103.09,-3103.09,-450.681,241.638,-57.913,-3528.15,-3528.15,-2085.4,998.35,998.35,10077.4,-6312.85,-10069.8,8752.24,8816.81,9317.21,-12579.7,2588.9,-2446.53,8752.24,8816.81,9317.21,-9893.97,-5229.85,-2644.86,1084.84,15775.8,2600.14,12891.1,32002.7,17603.5,17603.5,2164.82,-9418.55,909.322,2151.83,834.728,-982.132,1034.78,-1075.99,-922.407,-1009.45,1087.84,1112.93,1093.84,-1034.82,313.879,313.879,-966.517,4274.04,4274.04,-9462.42,895.737,1353.83,-1049.39,805.483,2623.67,4200.22,4200.22,7281.94,9028.11,9533.16,18455.1,-10076.4,5304.02,-7277.48,1880.81,5300.58,9291.7,5448.06,5446.06,-1880.45,-9016.33,-9520.39,3932.43,3978.47,2769.36,3215.14,2645.98,3057.59,2242.63,2242.63,479.79,938.457,-2107,-2378.18,3997.29,-9021.73,-9021.73,-9526.41,-9526.41,-1613.8,-1613.8,105.271,405.284,1261.01,1261.01,5343.34,5343.34,-5191.26,-5191.26,1635.13,-57.6705,2947.82,-3580.2,14779.9,-16178.8,-18070.6,11696.5,-2944.34,3492.63,2208.52,-2989.54,163.114,163.114,1053.24,1053.24,-372.259,419.093,-2735.94,-463.092,102.282,102.282,2243.78,732.139,3016.12,2141.75,154.641,154.641,259.096,259.196,2248.88,2248.88,2443.46,1266.27,1821.57,1025.35,522.046,196.421,196.421,-96.7956,-108.956,0,-804.725,-894.221,0,-58.657,1114.14,1114.14,114.48,263.458,-475.09,-477.577,122.38,-638.355,-623.236,1866.63,-3417.29,-7088.49,-1336.34,-542.178,-542.178,252.745,2414.78,2414.78,1102.3,1094.36,2.22621e-06,0,1139.74,1139.74,0,1.52224e-06,0,1335.37,0,-1048.62,0,1.3812e-08,5.87917e-08,-1307.79,-1011.7,-1011.7,0,-269.855,-269.855,2.08281e-08,0,1391.47,2192.4,2192.4,2192.4,2676.65,0,0,0,492.745,492.745,492.745,0,-947.422,-315.024,-315.024,-131.356,1.89385e-06,-65.683,-65.683,-1.4966e-10,4.19958e-10,8.63014e-10,1.12264e-08,96.6858,95.9673,147.408,0,3.08077e-10,0,-3490.1,-3490.1,-3490.1,0,0,0,0,6.61868e-10,2.90635e-06,3309.7,3309.7,3.63628e-07,-5850.26,-909.851,-1330.41,0,1.6306e-07,-1151.56,-2851.4,2.18184e-06,-21408.2,-11806.2,-3387.22,-3278.96,57.9144,3537.58,3537.58,3.56505e-06,-85046.9,951.683,1.84678e-05,1.35092e-05,1129.61,1815.56,4485.25,8.16897e-06,1.19273e-06,1.47399e-06,561.026,5.79749e-07,6.89157e-05,0.000119231,8013.12,0.000500938,5293.12,8.65563e-06,869.49,2554.56,2.08028e-06,1809.65,4.97085e-07,2415.95,-4374.55,5.19138e-08,8.90594e-07,-3121.24,-3121.24,1.27896e-07,51.9824,51.9824,4.0376e-06,119.448,0,8.09842e-07,-2998.73,-7142.84,0,0
2020-08-07 14:00:00 UTC,-4053.35,-1197.22,4772.33,-952.133,-952.133,-309.289,1702.1,1953.7,-2212.71,-2212.71,2164.35,1728.31,-7987.39,-181.617,943.68,1790.65,3513.65,1111.4,-6083.86,-831.828,423.741,-3070.3,-3070.3,-2907.94,-4034.41,-1180.06,-705.241,449.358,167.055,2294.73,-792.908,-792.908,-1787.25,-994.599,-994.599,-6147.25,3302.12,3312.74,-11726.3,-11726.3,3713.33,7161.05,3679.55,2269.79,4963.92,-6943.53,-10155.3,-10230.1,-10811.3,221.615,-1781.93,-1781.93,354.388,-379.493,-602.28,382.108,382.108,-2897.52,1302.98,595.751,1801.76,-2150.72,-2319.51,1205.78,1205.78,-498.192,-646.941,572.567,572.567,539.777,2889.44,-2041.89,1020.95,1020.95,67.5328,67.5328,19.9539,16.0676,27.0779,-95.9465,-191.549,146.362,-8.49291,-7.92064,5.59943,-41.0359,-12.9041,504.968,504.968,66.745,66.745,66.105,66.105,-990.714,-990.714,-990.714,310.921,310.921,125.927,-249.96,-127.764,-127.764,173.624,173.624,-465.618,-162.035,-2268.51,-1.6405,-1.6405,-1848.32,-1848.32,-1848.32,5293.69,-1415.74,-1415.74,-1467.54,-1467.54,2.251,445.386,445.386,-124.403,-124.403,-6151.46,-6151.46,5806.15,5806.15,0,-249.687,-2559.82,-1060.13,2349.33,2349.33,-1990.19,10703.3,4691.25,-2041.98,-6097.06,-6097.06,1500.12,1500.12,-5226.47,-5226.47,560.796,1321.27,8145.61,3483.5,2553.62,2553.62,-1577.68,-1577.68,-1577.68,4023.16,4023.16,-5203.81,6.48436e-07,6.48436e-07,1879.29,-3525.88,-3525.88,5107.83,-1743.56,1482.5,0,3227.3,1427.11,-4745.11,-3542.14,-3542.14,-494.574,265.654,-62.476,-3887.42,-3887.42,-2415.56,1159.18,1159.18,11682.3,-7386.18,-11672.2,10168.1,10243.1,10824.5,-14670.4,2978.83,-2821.93,10168.1,10243.1,10824.5,-11300.8,-6084.96,-3429.33,998.275,17120,2927.76,14041.9,34768.8,19116,19116,2326.27,-10590.4,1017.43,2305.1,907.006,-1067.14,1135.01,-1184.78,-1013.12,-1108.71,1179.52,1206.73,1186.02,-1136.48,365.779,365.779,-1061.53,4716.43,4716.43,-10507.5,1043.13,1492.35,-1152.59,871.424,2847.14,4683.99,4683.99,7977.38,9725.42,10269.5,19801.2,-10706.4,5973.41,-7972.03,1904.33,5969.04,9953.14,5835.89,5833.75,-1903.97,-9711.75,-10254.7,4190.04,4239.09,2935.36,3407.88,2804.24,3433.19,2394.07,2394.07,496.155,1111.28,-2249.29,-2538.78,4193.09,-9718.01,-9718.01,-10261.7,-10261.7,-1683.29,-1683.29,117.904,452.651,1296.75,1296.75,5554.9,5554.9,-5502.7,-5502.7,2014.28,26.3154,3033.3,-3757.84,15335.1,-17397.7,-19391.7,12013.4,-3029.61,4014.36,2517.32,-3286.77,181.76,181.76,1284.06,1284.06,-503.358,520.184,-3272.73,-578.767,173.797,173.797,2697.63,860.444,3744.06,2524.06,195.588,195.588,347.356,347.489,2498.97,2498.97,2748.51,1454.75,2082.14,1267.14,784.83,238.738,238.738,-69.2213,-78.1348,0,-850.434,-944.863,0,-24.5941,1198.16,1198.16,64.1238,459.653,-517.169,-519.872,94.8682,-633.034,-617.922,2185.82,-3759.79,-7437.12,-1436.59,-588.688,-588.688,260.054,2625.28,2625.28,1226.73,1217.89,2.57392e-06,0,1137.14,1137.14,0,2.13958e-06,0,1604.86,0,-1180.02,0,1.39231e-08,6.80816e-08,-1468.35,-1147.36,-1147.36,0,-308.18,-308.18,2.46653e-08,0,1643.47,2577.28,2577.28,2577.28,3068.17,0,0,0,576.814,576.814,576.814,0,-1037.99,-339.212,-339.212,-135.055,2.53563e-06,-67.5328,-67.5328,-4.44636e-11,7.71184e-10,-4.77323e-10,1.42211e-08,105.855,105.068,164.572,0,3.4783e-10,0,-3876.37,-3876.37,-3876.37,0,0,0,0,1.11885e-09,3.80857e-06,3650.21,3650.21,3.45054e-07,-6712.15,-1045.82,-1529.22,0,2.34599e-07,-1279.29,-3203.55,2.17732e-06,-23757.6,-13043.6,-3667.68,-3551.49,62.4776,3899.78,3899.78,4.47039e-06,-94734.5,1125.72,2.74412e-05,1.61681e-05,1205.9,1938.17,4788.14,9.68454e-06,1.32857e-06,1.68197e-06,536.65,7.19012e-07,8.20213e-05,0.000122309,8046.74,0.000529697,5959.58,8.45958e-06,882.031,3077.93,2.58525e-06,2105.87,5.09182e-07,2751.81,-5206.12,6.53896e-08,9.35692e-07,-3445.33,-3445.33,1.89979e-07,-14.2924,-14.2924,5.24243e-06,309.337,0,1.02803e-06,-3281.55,-7949.76,0,0
2020-08-07 15:00:00 UTC,-4276.19,-1251.94,4801.15,-815.871,-815.871,-573.158,1672.44,1910.2,-2260.64,-2260.64,2480.74,2051.75,-8860.81,-165.7,1134.3,1921.51,3940.06,1246.25,-6839.73,-949.489,159.252,-3448.22,-3448.22,-3200.98,-4408.01,-1287.38,-763.677,507.794,170.081,2526.99,-878.653,-878.653,-2018.94,-1140.61,-1140.61,-6914.07,3886.18,3898.68,-13503.1,-13503.1,4346.16,8188.61,4107.29,2533.59,5774.71,-8010.64,-11766,-11852.6,-12526.1,280.072,-2053.29,-2053.29,402.09,-446.438,-791.833,403.295,403.295,-3393.63,1431.72,685.254,2078.33,-2524.46,-2722.66,1392.78,1392.78,-520.59,-646.726,583.658,583.658,562.808,3193.59,-2259.22,1129.61,1129.61,62.1937,62.1937,20.7056,15.6214,31.3697,-111.07,-228.47,169.055,-9.61232,-8.96463,5.11487,-47.7599,-22.6035,566.94,566.94,88.9036,88.9036,88.0436,88.0436,-1118.04,-1118.04,-1118.04,361.744,361.744,132.385,-292.465,-137.471,-137.471,204.74,204.74,-508.318,-184.973,-2532,-7.0785,-7.0785,-2077.04,-2077.04,-2077.04,5932.51,-1598.63,-1598.63,-1645.02,-1645.02,9.71803,508.374,508.374,-91.6957,-91.6957,-6851.38,-6851.38,6399.96,6399.96,0,-262.955,-2820.85,-1151.59,2581.97,2581.97,-2220.96,12012.4,5265.11,-2267.35,-6811.29,-6811.29,1669.78,1669.78,-5839.98,-5839.98,640.092,1465.01,9381.02,3473.91,2858.25,2858.25,-1761.36,-1761.36,-1761.36,4590.9,4590.9,-5819.69,6.48387e-07,6.48387e-07,2098.27,-4018.22,-4018.22,5820.73,-2021.28,1698.04,0,3720.93,1561.62,-5486.58,-4048.98,-4048.98,-552.421,272.187,-71.178,-4234,-4234,-2794.21,1340.03,1340.03,13510.5,-8646.52,-13496.9,11783.2,11870.1,12543.9,-17101.1,3422.75,-3237.8,11783.2,11870.1,12543.9,-12907,-7099.97,-4405.37,846.873,18419.7,3304.27,15174.2,37439.1,20561,20561,2461.27,-11964.1,1180.52,2420.6,974.71,-1162.8,1235.58,-1306.62,-1104.13,-1209.72,1260.66,1289.76,1267.61,-1243.11,431.333,431.333,-1163.1,5172.4,5172.4,-11677,1269.52,1621.26,-1263.08,924.062,3063.45,5236.97,5236.97,8624.45,10356.7,10936.1,21015.7,-11158.1,6611.89,-8618.19,1909.59,6606.54,10545.1,6182.95,6180.68,-1909.22,-10341.2,-10919.3,4417.09,4468.81,3079.15,3574.82,2941.36,3784.67,2528.27,2528.27,508.211,1284.33,-2375.37,-2681.08,4360.22,-10348.3,-10348.3,-10927.2,-10927.2,-1739.97,-1739.97,130.266,498.896,1319.32,1319.32,5720.87,5720.87,-5772.41,-5772.41,2380.93,110.323,3098.38,-3905.82,15758.1,-18471.1,-20580.5,12260.4,-3094.54,4518.46,2808.42,-3558.78,191.5,191.5,1520.74,1520.74,-637.517,622.284,-3785.22,-689.319,249.22,249.22,3120.69,981.938,4425.41,2871.64,242.332,242.332,441.358,441.525,2735.88,2735.88,3044.26,1642.99,2344.04,1514.54,1078.1,280.833,280.833,-23.6492,-27.1408,0,-871.724,-968.576,0,28.2654,1234.23,1234.23,-15.7895,727.822,-550.282,-553.155,47.962,-587.647,-573.468,2467.88,-3921.43,-7645.72,-1497.67,-632.154,-632.154,234.158,2764.06,2764.06,1336.16,1326.52,2.78221e-06,0,1017.01,1017.01,0,2.85544e-06,0,1750.37,0,-1287.33,0,1.36183e-08,6.68423e-08,-1616.54,-1263.5,-1263.5,0,-338.907,-338.907,2.86491e-08,0,1988.31,3040.8,3040.8,3040.8,3465.29,0,0,0,701.938,701.938,701.938,0,-1083.42,-342.779,-342.779,-124.379,3.18212e-06,-62.1937,-62.1937,-4.89022e-10,8.01662e-10,8.24415e-10,1.86674e-08,110.005,109.188,191.18,0,1.86168e-10,0,-4284.98,-4284.98,-4284.98,0,0,0,0,2.36632e-09,4.88884e-06,3978.25,3978.25,2.75627e-07,-7658.82,-1185.65,-1733.67,0,3.52825e-07,-1386.68,-3582.24,1.9758e-06,-26321.2,-14327.3,-3915.89,-3785.13,71.1801,4252.65,4252.65,5.51067e-06,-105683,1301.62,3.86454e-05,1.89247e-05,1273.49,2046.81,5056.53,1.11844e-05,1.45275e-06,1.88223e-06,510.902,8.5059e-07,9.51329e-05,0.000124877,8084.23,0.00055267,6594.95,8.25208e-06,884.758,3578.57,3.13105e-06,2390.6,5.17234e-07,3054.05,-5971.82,8.74683e-08,9.84747e-07,-3757.09,-3757.09,2.67441e-07,-92.0492,-92.0492,6.41184e-06,573.32,0,1.15105e-06,-3525.63,-8759.3,0,0
2020-08-07 16:00:00 UTC,-4421.18,-1285.39,4776.05,-677.096,-677.096,-799.75,1634.14,1858.12,-2280.33,-2280.33,2724.86,2315.69,-9522.26,-156.398,1292.07,2005.57,4272.61,1351.42,-7416.87,-1041.56,-78.4595,-3746.99,-3746.99,-3388.54,-4626.77,-1348.91,-802.905,547.022,163.707,2682.17,-940.223,-940.223,-2204.3,-1264.47,-1264.47,-7506.86,4432.69,4446.96,-15056.9,-15056.9,4934.02,9049.48,4437.38,2737.16,6521.34,-8948.13,-13197.8,-13294.9,-14050.5,340.173,-2291.74,-2291.74,443.419,-508.502,-989.399,409.739,409.739,-3847.98,1526.22,767.811,2320.58,-2866.98,-3092.14,1552.4,1552.4,-521.09,-610.111,565.601,565.601,561.769,3417.29,-2445.47,1222.74,1222.74,51.648,51.648,20.6689,14.3509,35.2147,-124.474,-263.992,189.749,-11.0643,-10.3187,3.67506,-54.3621,-33.4522,617.348,617.348,112.124,112.124,111.033,111.033,-1222.43,-1222.43,-1222.43,409.367,409.367,133.959,-332.144,-142.607,-142.607,234.192,234.192,-535.884,-205.013,-2735.31,-13.461,-13.461,-2279.15,-2279.15,-2279.15,6487.33,-1762.04,-1762.04,-1803.36,-1803.36,18.4861,567.857,567.857,-60.5548,-60.5548,-7466.24,-7466.24,6912.81,6912.81,0,-275.372,-3045.07,-1222.73,2780.66,2780.66,-2416.87,13155.5,5766.22,-2458.19,-7439.77,-7439.77,1822.97,1822.97,-6383,-6383,718.225,1594.52,10481.3,3416.11,3119.91,3119.91,-1917.26,-1917.26,-1917.26,5092.23,5092.23,-6364.93,6.48189e-07,6.48189e-07,2283.49,-4450.63,-4450.63,6443.45,-2273.09,1883.1,0,4158.17,1671.39,-6158.58,-4497.66,-4497.66,-608.096,267.835,-80.506,-4525.77,-4525.77,-3128.49,1502.57,1502.57,15134.2,-9778.11,-15117.2,13219.4,13316.9,14072.8,-19275.2,3808.02,-3610.79,13219.4,13316.9,14072.8,-14334,-8014.43,-5302.2,692.609,19465.3,3638.73,16094.8,39581.6,21712.6,21712.6,2561.53,-13195.2,1342.07,2499.2,1031.75,-1233.58,1318.41,-1412.67,-1178.83,-1293.32,1321.93,1352.46,1329.23,-1333.02,492.116,492.116,-1249.67,5556.44,5556.44,-12704.4,1494.32,1721.52,-1357.37,964.092,3231.55,5726.93,5726.93,9153.09,10835.2,11441.4,21914.7,-11437.8,7168.97,-9146.04,1878.75,7162.68,10979,6437.39,6435.03,-1878.4,-10818.2,-11423,4571.66,4625.19,3180.1,3692.04,3026.08,4088.71,2622.23,2622.23,507.797,1447.62,-2463.65,-2780.71,4473.8,-10826,-10826,-11431.7,-11431.7,-1774.07,-1774.07,141.186,539.548,1324.14,1324.14,5811.98,5811.98,-5973.31,-5973.31,2722.06,194.288,3129.89,-4004.99,15983.4,-19271.6,-21458.9,12381.6,-3125.96,4954.49,3054.97,-3781.72,194.879,194.879,1735.88,1735.88,-769.418,715.126,-4249.96,-789.297,324.842,324.842,3489.43,1091.14,4991.34,3164.69,288.483,288.483,530.245,530.445,2934.74,2934.74,3296.76,1807.07,2570.03,1742.15,1343.14,319.753,319.753,16.8353,18.1568,0,-896.233,-995.855,0,75.303,1275.17,1275.17,-87.1407,960.14,-577.567,-580.579,6.32481,-544.627,-531.333,2698.28,-4032.19,-7744.51,-1527.71,-665.971,-665.971,196.47,2853.29,2853.29,1405.69,1395.56,2.85394e-06,0,893.265,893.265,0,3.48367e-06,0,1842.74,0,-1348.86,0,1.51227e-08,6.07502e-08,-1711.37,-1341.08,-1341.08,0,-355.333,-355.333,2.90182e-08,0,2321.78,3469.75,3469.75,3469.75,3791.88,0,0,0,833.886,833.886,833.886,0,-1082.88,-328.299,-328.299,-103.29,3.85472e-06,-51.648,-51.648,1.6722e-09,1.17534e-09,3.76372e-10,2.10912e-08,109.331,108.52,219.752,0,2.14511e-10,0,-4632.49,-4632.49,-4632.49,0,0,0,0,4.53703e-09,5.9552e-06,4251.77,4251.77,1.96661e-07,-8485.39,-1304.55,-1907.52,0,4.73735e-07,-1468.07,-3910.56,1.68694e-06,-28532.7,-15402.2,-4100.69,-3957.89,80.5087,4551.34,4551.34,6.46791e-06,-115312,1467.78,4.96861e-05,2.11787e-05,1320.81,2122.87,5244.44,1.23189e-05,1.53312e-06,2.01996e-06,478.28,9.40973e-07,0.000105455,0.000125799,8081.7,0.000564182,7149.06,8.01438e-06,876.213,4032.53,3.68259e-06,2651.24,5.22112e-07,3299.5,-6628.81,1.16059e-07,1.0329e-06,-4014.65,-4014.65,3.47652e-07,-164.218,-164.218,7.65836e-06,800.064,0,1.25432e-06,-3707.23,-9421.67,0,0
2020-08-07 17:00:00 UTC,-4514.92,-1303.7,4692.78,-524.637,-524.637,-1015.15,1578.09,1785.63,-2252.61,-2252.61,2941.76,2568.09,-10091.6,-143.965,1445.54,2066.95,4572.34,1446.21,-7926.77,-1124.58,-316.862,-4026.37,-4026.37,-3544.83,-4770.59,-1390.33,-838.107,582.224,146.95,2820.43,-994.908,-994.908,-2367.37,-1372.9,-1372.9,-8039.33,4956.68,4972.64,-16496.2,-16496.2,5503.05,9821.64,4724.85,2914.45,7252.3,-9893.02,-14524.5,-14631.4,-15463.1,396.353,-2514.54,-2514.54,483.529,-566.497,-1170.86,416.15,416.15,-4271.35,1620.28,849.979,2542.13,-3184.75,-3434.94,1691.71,1691.71,-518.445,-569.38,543.913,543.913,557.322,3608.46,-2613.5,1306.75,1306.75,40.8597,40.8597,20.7431,13.3011,38.8001,-136.93,-296.578,208.787,-12.5958,-11.7471,2.08911,-60.5812,-43.224,664.637,664.637,133.252,133.252,131.95,131.95,-1320.69,-1320.69,-1320.69,459.619,459.619,135.048,-368.57,-146.779,-146.779,261.234,261.234,-555.392,-223.3,-2912.35,-18.662,-18.662,-2460.21,-2460.21,-2460.21,6989.24,-1907.86,-1907.86,-1943.95,-1943.95,25.6332,620.055,620.055,-27.7313,-27.7313,-8011.84,-8011.84,7363.73,7363.73,0,-283.86,-3242.97,-1286.53,2955.4,2955.4,-2595.42,14189.6,6219.59,-2631.5,-7999.72,-7999.72,1957.15,1957.15,-6865.1,-6865.1,785.716,1708.13,11511.6,3313.22,3358.24,3358.24,-2061.78,-2061.78,-2061.78,5561.11,5561.11,-6849.32,6.48333e-07,6.48333e-07,2458.35,-4855.12,-4855.12,7025.91,-2516.97,2046.19,0,4565.51,1760.23,-6793.41,-4915.6,-4915.6,-657.108,264.883,-89.646,-4782.6,-4782.6,-3441.86,1650.21,1650.21,16640.1,-10847.6,-16619.5,14550.7,14658,15490.1,-21317.3,4172.04,-3945.19,14550.7,14658,15490.1,-15650.7,-8875.34,-6190.32,518.629,20316.2,3941.55,16858.1,41328.2,22649.5,22649.5,2637.05,-14309.4,1478.42,2555.69,1076.54,-1297.53,1389.66,-1502.94,-1242.91,-1364.98,1371.08,1402.76,1378.65,-1409.98,548.478,548.478,-1323.71,5895.5,5895.5,-13613.3,1694.53,1810.54,-1438.03,991.438,3367.89,6163.63,6163.63,9601.93,11203.3,11830.1,22574.5,-11597.6,7679.47,-9594.18,1816.45,7672.24,11296.6,6623.6,6621.17,-1816.12,-11185.1,-11810.4,4665.43,4720.06,3255.84,3779.98,3069.13,4366.44,2681.75,2681.75,499.191,1609.22,-2519.57,-2843.83,4563.35,-11193.4,-11193.4,-11819.7,-11819.7,-1797.19,-1797.19,150.928,575.718,1321.3,1321.3,5867.64,5867.64,-6144.54,-6144.54,3050.56,278.637,3152.02,-4082.05,16132.6,-19873.2,-22110.4,12470.9,-3148.04,5354.69,3277.02,-3971.28,193.58,193.58,1944.43,1944.43,-904.227,805.48,-4689.1,-884.322,404.732,404.732,3832.88,1193.01,5513.71,3428.18,336.451,336.451,619.389,619.621,3110.05,3110.05,3524.46,1959.04,2777.18,1964.07,1602.9,357.492,357.492,57.3523,63.4933,0,-918.695,-1020.89,0,122.638,1308.51,1308.51,-158.431,1183.57,-600.367,-603.495,-35.2254,-496.753,-484.46,2899.02,-4104.4,-7749.3,-1550.14,-693.237,-693.237,164.274,2909.31,2909.31,1453.92,1443.43,2.83195e-06,0,754.74,754.74,0,4.0515e-06,0,1915.62,0,-1390.27,0,1.38495e-08,5.31454e-08,-1767.73,-1410.21,-1410.21,0,-364.555,-364.555,3.25905e-08,0,2629.16,3867.47,3867.47,3867.47,4099.14,0,0,0,951.826,951.826,951.826,0,-1075.79,-311.629,-311.629,-81.7157,4.55248e-06,-40.8597,-40.8597,9.4702e-10,2.50903e-09,1.16352e-09,2.58405e-08,107.958,107.157,242.578,0,1.45181e-11,0,-4941.6,-4941.6,-4941.6,0,0,0,0,7.42284e-09,7.03536e-06,4489.72,4489.72,1.09254e-07,-9235.23,-1406.14,-2056.05,0,6.34817e-07,-1528.56,-4202.73,1.3342e-06,-30487.4,-16339.5,-4240.52,-4095.56,89.6494,4814.04,4814.04,7.34556e-06,-123879,1631.7,6.02059e-05,2.29188e-05,1350.79,2171.06,5363.49,1.30164e-05,1.58759e-06,2.09826e-06,439.708,1.00084e-06,0.000112923,0.000126792,8099.55,0.00057269,7656.62,7.74851e-06,855.856,4464.22,4.22992e-06,2899.82,5.18437e-07,3510.85,-7230.9,1.49996e-07,1.08487e-06,-4236.12,-4236.12,4.34371e-07,-236.381,-236.381,8.99012e-06,1015.66,0,1.33601e-06,-3862.66,-10012.9,0,0
2020-08-07 18:00:00 UTC,-4558.94,-1309.19,4530.57,-359.056,-359.056,-1224.07,1488.9,1674.8,-2185.06,-2185.06,3098.93,2797.66,-10527.2,-163.317,1591.42,2076.32,4839.46,1530.68,-8319.07,-1189.52,-547.745,-4305.81,-4305.81,-3670.19,-4835.02,-1410.61,-869.645,613.762,118.466,2943.1,-1041.43,-1041.43,-2498.18,-1457.25,-1457.25,-8486.23,5421.9,5439.37,-17720.4,-17720.4,6014.1,10452.6,4947.77,3051.92,7917.62,-10798.3,-15658.9,-15774.2,-16670.9,445.782,-2706.46,-2706.46,517.699,-616.838,-1331.99,418.459,418.459,-4637.5,1699.91,925.319,2719.83,-3459.59,-3731.44,1794.01,1794.01,-508.864,-519.706,514.285,514.285,545.362,3751.46,-2743.16,1371.58,1371.58,29.3249,29.3249,20.7532,12.3276,41.9197,-147.655,-324.694,224.915,-13.9356,-12.9966,0.564749,-65.9216,-51.8319,704.792,704.792,151.865,151.865,150.375,150.375,-1404.62,-1404.62,-1404.62,509.058,509.058,134.86,-399.705,-149.169,-149.169,284.438,284.438,-564.242,-238.585,-3049.62,-22.288,-22.288,-2604.88,-2604.88,-2604.88,7398.45,-2021.84,-2021.84,-2055.64,-2055.64,30.6133,661.249,661.249,2.98168,2.98168,-8447.38,-8447.38,7719.19,7719.19,0,-288.452,-3400.96,-1338.42,3093.12,3093.12,-2742.95,15031.4,6588.66,-2776.75,-8448.68,-8448.68,2063.33,2063.33,-7249.74,-7249.74,837.287,1797.04,12395.3,3177.99,3555.45,3555.45,-2185.15,-2185.15,-2185.15,5961.8,5961.8,-7234.96,6.48565e-07,6.48565e-07,2607.4,-5198.84,-5198.84,7524.4,-2728.27,2183.79,0,4914.74,1827.68,-7335.7,-5269.74,-5269.74,-695.451,263.829,-93.705,-4979.61,-4979.61,-3712.28,1774.91,1774.91,17930.1,-11775.6,-17906.1,15689.4,15805.1,16702.4,-23081.5,4489.34,-4224.43,15689.4,15805.1,16702.3,-16761.5,-9618.33,-6999.26,339.421,20909.9,4191.16,17407.4,42560.5,23308.1,23308.1,2679.39,-15218.5,1577.4,2583.61,1106.71,-1349.26,1443.84,-1571.04,-1291.35,-1419.19,1404.79,1437.25,1412.54,-1468.29,596.775,596.775,-1379.86,6161.68,6161.68,-14328.2,1853.97,1882.03,-1499.2,1007.43,3465.99,6515.58,6515.58,9929.1,11437.5,12077.4,22971.4,-11626.3,8083.38,-9920.81,1738.84,8075.38,11480.5,6731.45,6728.98,-1738.54,-11418.6,-12056.9,4701.52,4756.58,3299.73,3830.95,3068.87,4588.71,2709.74,2709.74,479.035,1744.3,-2545.87,-2873.51,4626.77,-11427.2,-11427.2,-12066.5,-12066.5,-1807.79,-1807.79,160.011,609.356,1308.1,1308.1,5881.25,5881.25,-6269.01,-6269.01,3330.58,352.305,3159.75,-4128.95,16214.5,-20222.1,-22496,12505.4,-3155.74,5668.94,3448.87,-4111.51,189.778,189.778,2114.83,2114.83,-1020.89,879.145,-5052.16,-962.534,474.896,474.896,4112.93,1275.65,5936.48,3637.99,376.889,376.889,693.871,694.131,3243.87,3243.87,3702.35,2080.9,2943.45,2143.2,1826.77,387.585,387.585,98.4871,109.538,0,-922.095,-1024.77,0,168.776,1316.13,1316.13,-229.571,1399.36,-616.497,-619.706,-78.2307,-441.702,-430.602,3057.77,-4110.85,-7660.75,-1566.09,-711.716,-711.716,143.197,2934.06,2934.06,1494.69,1483.91,2.77005e-06,0,601.598,601.598,0,4.5182e-06,0,1905.02,0,-1410.55,0,1.58076e-08,4.44513e-08,-1782.35,-1471.55,-1471.55,0,-366.082,-366.082,3.63503e-08,0,2888.32,4211.73,4211.73,4211.73,4361.67,0,0,0,1041.75,1041.75,1041.75,0,-1054.25,-290.28,-290.28,-58.6479,5.10616e-06,-29.3249,-29.3249,5.01137e-10,3.26557e-09,-5.45463e-12,2.69252e-08,105.182,104.402,255.856,0,4.13105e-10,0,-5191.09,-5191.09,-5191.09,0,0,0,0,9.44668e-09,7.96841e-06,4669.49,4669.49,4.42053e-08,-9867.85,-1486.46,-2173.49,0,8.16847e-07,-1572.05,-4440.39,9.89523e-07,-32038.3,-17068,-4335.27,-4187.97,93.7088,5015.7,5015.7,8.03713e-06,-130727,1768.59,6.86457e-05,2.39941e-05,1364.89,2193.72,5419.48,1.32906e-05,1.61821e-06,2.11532e-06,408.643,1.00817e-06,0.000116814,0.000126725,8077.91,0.000576048,8058.07,7.54276e-06,832.059,4822.25,4.7158e-06,3110.11,5.16544e-07,3669.44,-7716.53,1.84364e-07,1.12725e-06,-4400.89,-4400.89,5.1188e-07,-299.152,-299.152,1.00529e-05,1224.8,0,1.3637e-06,-3979.92,-10484.5,0,0
2020-08-07 19:00:00 UTC,-4538.28,-1296.59,4301.24,-206.954,-206.954,-1367.86,1378.19,1541.24,-2090.42,-2090.42,3203.53,2967.79,-10783.6,-168.262,1701.42,2068.01,5015.84,1586.45,-8568.27,-1232.87,-720.726,-4506.01,-4506.01,-3744.04,-4842.26,-1414.02,-890.4,634.517,91.7684,3023.12,-1071.71,-1071.71,-2582.74,-1511.56,-1511.56,-8780.45,5750.37,5768.91,-18548.3,-18548.3,6378.79,10860.9,5083.11,3135.38,8398.16,-11458.4,-16426.9,-16547.8,-17488.5,479.519,-2837.12,-2837.12,542.009,-651.139,-1438.93,420.407,420.407,-4886.9,1759.48,981.274,2838.41,-3646.06,-3932.62,1856.58,1856.58,-499.981,-481.1,490.54,490.54,534.587,3834.2,-2819.05,1409.52,1409.52,20.772,20.772,20.782,11.6969,44.0346,-154.944,-343.588,235.798,-15.1138,-14.0954,-0.812154,-69.7307,-57.5821,732.063,732.063,164.368,164.368,162.752,162.752,-1461.96,-1461.96,-1461.96,546.055,546.055,134.374,-420.62,-150.269,-150.269,300.052,300.052,-566.354,-248.742,-3132.95,-24.425,-24.425,-2703.08,-2703.08,-2703.08,7681.41,-2094.88,-2094.88,-2133.71,-2133.71,33.5514,691.014,691.014,16.8697,16.8697,-8753.81,-8753.81,7974.38,7974.38,0,-295.408,-3515.71,-1374.58,3191.91,3191.91,-2841.83,15613.6,6843.88,-2880.66,-8761.18,-8761.18,2141.97,2141.97,-7519.15,-7519.15,874.959,1861.9,13005,3094.38,3693.66,3693.66,-2273.13,-2273.13,-2273.13,6241.08,6241.08,-7502.17,6.48391e-07,6.48391e-07,2714.87,-5436.85,-5436.85,7867.01,-2881.04,2265.75,0,5149.72,1869.78,-7719.21,-5514.22,-5514.22,-724.731,261.706,-95.344,-5111.5,-5111.5,-3892.83,1860.85,1860.85,18800.5,-12407.2,-18774.2,16460.4,16581.8,17523.2,-24279,4695.97,-4416.38,16460.4,16581.8,17523.2,-17527.5,-10128.4,-7542.26,226.727,21334,4366,17795.5,43437.4,23775.6,23775.6,2707.22,-15855.5,1649.26,2601,1129.3,-1387.54,1481.75,-1618.91,-1325.01,-1457.01,1428.16,1461.17,1436.04,-1509.15,630.698,630.698,-1419.35,6345.64,6345.64,-14827.6,1968.67,1931.76,-1542.2,1018.9,3538.49,6764.35,6764.35,10138.1,11609.9,12259.5,23285.9,-11651,8318.51,-10129.5,1710.76,8310.04,11629.2,6818.63,6816.13,-1710.46,-11590.4,-12238.3,4733.78,4789.22,3351.23,3890.73,3079.79,4717.35,2731.4,2731.4,472.18,1822.16,-2566.22,-2896.47,4703.73,-11599.3,-11599.3,-12248.3,-12248.3,-1835.78,-1835.78,162.88,620.209,1326.59,1326.59,5970.57,5970.57,-6403.78,-6403.78,3465.93,383.008,3202.14,-4205.09,16519.5,-20490.7,-22795.8,12644.2,-3198.03,5847.21,3538.82,-4195.18,180.019,180.019,2214.73,2214.73,-1082.57,919.448,-5228.92,-998.046,513.338,513.338,4242.32,1314.81,6125.83,3728.9,403.929,403.929,739.609,739.885,3325.02,3325.02,3809.57,2153.85,3045.53,2249.74,1960.02,405.281,405.281,128.096,142.688,0,-923.826,-1026.87,0,201.696,1312.31,1312.31,-280.797,1548.15,-622.578,-625.817,-109.305,-395.99,-385.901,3117.02,-4022.02,-7607.9,-1576.49,-724.421,-724.421,128.141,2917.44,2917.44,1510.94,1500.05,2.65775e-06,0,456.05,456.05,0,4.77828e-06,0,1891.34,0,-1413.96,0,1.47926e-08,3.69957e-08,-1777,-1511.56,-1511.56,0,-363.111,-363.111,3.97775e-08,0,3062.92,4445.35,4445.35,4445.35,4541,0,0,0,1103.1,1103.1,1103.1,0,-1034.59,-273.425,-273.425,-41.543,5.41905e-06,-20.772,-20.772,6.07257e-11,4.32032e-09,-2.52322e-10,2.94481e-08,102.698,101.936,261.712,0,5.16532e-11,0,-5366.47,-5366.47,-5366.47,0,0,0,0,1.10115e-08,8.65994e-06,4785.87,4785.87,1.4391e-08,-10287.3,-1539.78,-2251.44,0,9.42528e-07,-1592.16,-4602.92,7.57771e-07,-33121.8,-17568.8,-4404.01,-4251.47,95.3479,5150.6,5150.6,8.55349e-06,-135517,1847.79,7.51491e-05,2.48417e-05,1375.8,2211.25,5462.78,1.33862e-05,1.67183e-06,2.16027e-06,391.583,1.0523e-06,0.000119154,0.000126897,8019.62,0.000589631,8291.7,7.49109e-06,826.222,4997.58,4.97275e-06,3225.59,5.18722e-07,3738.96,-7934.85,2.03133e-07,1.15141e-06,-4503.85,-4503.85,5.64748e-07,-337.803,-337.803,1.06738e-05,1368.78,0,1.31243e-06,-4057.53,-10800.4,0,0
2020-08-07 20:00:00 UTC,-4500.87,-1280.6,4087.62,-92.2259,-92.2259,-1471.76,1274.69,1417.18,-1984.39,-1984.39,3271.52,3092.45,-10939.2,-168.157,1783.38,2053.52,5135.18,1624.19,-8730.47,-1262.18,-852.789,-4658.48,-4658.48,-3793.05,-4821.39,-1409.18,-905.984,650.101,65.8043,3082.67,-1093.14,-1093.14,-2638.32,-1545.73,-1545.73,-8985.48,5976.28,5995.56,-19103.6,-19103.6,6633.57,11127.3,5167.47,3187.41,8739.75,-11966.8,-16940.6,-17065.3,-18035.6,500.554,-2925.98,-2925.98,558.134,-673.759,-1506.61,423.035,423.035,-5053.07,1803.92,1020.83,2915.06,-3770.83,-4067.23,1893.64,1893.64,-493.432,-453.433,473.433,473.433,526.68,3883.83,-2864.88,1432.44,1432.44,14.8256,14.8256,20.9172,11.4108,45.4624,-159.894,-355.519,242.673,-15.7616,-14.6996,-1.54714,-72.0617,-61.1319,751.09,751.09,172.267,172.267,170.571,170.571,-1502.29,-1502.29,-1502.29,574.873,574.873,134.299,-433.845,-151.002,-151.002,309.912,309.912,-564.403,-255.235,-3184.89,-25.1665,-25.1665,-2762.34,-2762.34,-2762.34,7863.34,-2132.94,-2132.94,-2182.18,-2182.18,34.5694,710.174,710.174,23.045,23.045,-8947.1,-8947.1,8135.84,8135.84,0,-301.097,-3590.9,-1396.93,3254.28,3254.28,-2904.05,15984.8,7006.65,-2953.28,-8957.17,-8957.17,2194.85,2194.85,-7688.03,-7688.03,900.373,1904.13,13418.4,3017.73,3786.5,3786.5,-2334.1,-2334.1,-2334.1,6428.85,6428.85,-7666.5,6.48056e-07,6.48056e-07,2787.83,-5596.59,-5596.59,8099.42,-2988.51,2317.48,0,5309.08,1893.7,-7985.36,-5677.07,-5677.07,-744.518,258.715,-95.499,-5191.95,-5191.95,-4014.71,1919.57,1919.57,19390.5,-12842.4,-19362.5,16976.4,17101.6,18072.4,-25099.8,4836.36,-4549.07,16976.4,17101.6,18072.4,-18045.2,-10478.4,-7931.82,138.767,21553.3,4481.28,18004.8,43892.9,24015.6,24015.6,2715.53,-16270.2,1690.99,2602.76,1138.22,-1413.51,1503.3,-1647.97,-1344.56,-1479.04,1438.89,1472.16,1446.84,-1533.07,653.968,653.968,-1442.54,6459.44,6459.44,-15139.5,2042.42,1961.65,-1567.44,1020.74,3575.32,6924.64,6924.64,10253.7,11680.7,12334.3,23400.9,-11605.9,8468.9,-10244.9,1672.1,8460.12,11673.2,6844.39,6841.88,-1671.82,-11661,-12312.9,4733.01,4788.44,3364.35,3905.96,3062.9,4796.57,2735.91,2735.91,455.701,1878.61,-2570.46,-2901.25,4733.02,-11670.1,-11670.1,-12323,-12323,-1840.59,-1840.59,166.736,634.529,1319.78,1319.78,5975.91,5975.91,-6457.79,-6457.79,3568.33,409.134,3210.79,-4225.27,16567,-20565.3,-22893.8,12686.1,-3206.66,5952.36,3585.12,-4240.52,167.493,167.493,2282.35,2282.35,-1129.88,945.5,-5342.21,-1017.94,544.98,544.98,4317.77,1337.47,6233.31,3772.66,425.149,425.149,773.427,773.716,3373.42,3373.42,3875.67,2200.44,3110.91,2324.12,2053.43,417.66,417.66,150.964,168.293,0,-924.601,-1027.87,0,226.664,1309.06,1309.06,-320.33,1657.73,-624.687,-627.935,-133.502,-357.876,-348.636,3137.7,-3919.92,-7521.52,-1580.33,-730.11,-730.11,120.587,2890.73,2890.73,1526.73,1515.73,2.57986e-06,0,344.616,344.616,0,4.91036e-06,0,1876.64,0,-1409.13,0,1.58598e-08,3.03152e-08,-1761.54,-1541.33,-1541.33,0,-357.921,-357.921,4.23202e-08,0,3173.77,4600.68,4600.68,4600.68,4666.94,0,0,0,1132.18,1132.18,1132.18,0,-1020.13,-261.334,-261.334,-29.6507,5.61966e-06,-14.8256,-14.8256,2.17116e-09,4.40141e-09,1.35259e-09,2.80898e-08,100.951,100.203,258.331,0,6.09315e-10,0,-5478.69,-5478.69,-5478.69,0,0,0,0,1.1978e-08,9.12032e-06,4853.94,4853.94,3.0423e-09,-10564,-1563.49,-2286.11,0,1.03291e-06,-1598.07,-4709.08,6.07388e-07,-33795.6,-17866,-4433.03,-4278.87,95.503,5232.62,5232.62,8.84724e-06,-138534,1905.2,7.89022e-05,2.52065e-05,1378.06,2214.9,5471.8,1.33792e-05,1.69087e-06,2.17078e-06,383.572,1.04545e-06,0.000119586,0.000127796,8054.55,0.000593622,8441.12,7.52286e-06,818.029,5112.22,5.1256e-06,3316.98,5.25782e-07,3760.92,-8052.94,2.12235e-07,1.16609e-06,-4561.23,-4561.23,5.98844e-07,-367.089,-367.089,1.11094e-05,1472.82,0,1.24732e-06,-4098.75,-10988.7,0,0
2020-08-07 21:00:00 UTC,-4450.38,-1260.77,3934.65,-43.4879,-43.4879,-1535.64,1196.25,1323.29,-1847.76,-1847.76,3332.16,3163.46,-11018.9,-124.562,1826.68,2065.74,5174.51,1636.63,-8836.35,-1283.88,-953.842,-4738.41,-4738.41,-3823.14,-4782.21,-1399.2,-917.341,661.458,41.7084,3125.61,-1106.31,-1106.31,-2662.56,-1556.81,-1556.81,-9101.22,6116.63,6136.36,-19458.8,-19458.8,6794.93,11322.4,5216.64,3217.73,8960.6,-12305.5,-17277.7,-17404.9,-18394.5,512.943,-2985.67,-2985.67,563.211,-688.309,-1559.99,418.831,418.831,-5163.08,1822.48,1047.17,2946.88,-3858.2,-4161.49,1899.11,1899.11,-483.073,-421.945,452.509,452.509,514.688,3906.31,-2891.86,1445.93,1445.93,8.60654,8.60654,20.8431,10.9998,46.4692,-163.37,-364.828,247.968,-16.2201,-15.1272,-2.08333,-73.8344,-64.1639,764.554,764.554,178.647,178.647,176.887,176.887,-1528.56,-1528.56,-1528.56,595.79,595.79,134.121,-444.099,-151.137,-151.137,317.576,317.576,-562.424,-260.233,-3215.17,-24.53,-24.53,-2796.47,-2796.47,-2796.47,7980.18,-2147.94,-2147.94,-2212.42,-2212.42,33.6954,723.314,723.314,21.8379,21.8379,-9072.36,-9072.36,8241.47,8241.47,0,-307.383,-3643.37,-1412.72,3294.81,3294.81,-2942.18,16219.7,7109.62,-3006.65,-9081.9,-9081.9,2231.56,2231.56,-7796.15,-7796.15,913.984,1929.79,13692.2,2964.96,3849.86,3849.86,-2377.5,-2377.5,-2377.5,6553.9,6553.9,-7767.96,6.48296e-07,6.48296e-07,2841.28,-5704.85,-5704.85,8257.45,-3065.09,2345.29,0,5413.59,1905.19,-8167.34,-5785.35,-5785.35,-755.956,259.31,-94.894,-5241.63,-5241.63,-4094.38,1958.64,1958.64,19778.4,-13133.4,-19749.3,17314.9,17442.6,18432.8,-25645.9,4927.17,-4636.96,17314.9,17442.6,18432.8,-18387.8,-10710.6,-8199.39,81.9205,21680.1,4555.22,18127.5,44155.5,24153.6,24153.6,2718.71,-16533.3,1709.72,2603.06,1142.01,-1436.35,1516.16,-1665.48,-1356.48,-1492.34,1444.91,1478.32,1452.88,-1547.4,668.575,668.575,-1456.33,6533.5,6533.5,-15332.7,2082.95,1983.43,-1582.5,1018.59,3599.92,7026,7026,10323.8,11715.9,12371.4,23456.1,-11564.3,8565.15,-10314.8,1641.31,8556.16,11687.5,6852.8,6850.3,-1641.04,-11696.1,-12349.9,4725.12,4780.46,3367.75,3909.92,3047.14,4847.18,2734.56,2734.56,444.285,1914.65,-2569.19,-2899.82,4747.22,-11705.1,-11705.1,-12360,-12360,-1839.31,-1839.31,169.837,646.037,1308.89,1308.89,5961.8,5961.8,-6483.19,-6483.19,3638.85,427.955,3200.01,-4229.11,16506.4,-20575.9,-22933.2,12654.5,-3195.91,6008.11,3605.53,-4268.81,156.852,156.852,2321.26,2321.26,-1161.46,959.258,-5411.19,-1027.71,566.461,566.461,4353.97,1349.03,6281.84,3787.36,438.926,438.926,794.329,794.626,3404.32,3404.32,3916.64,2228.44,3152.07,2367.61,2110.81,424.65,424.65,167.267,186.551,0,-922.123,-1025.25,0,244.546,1298.11,1298.11,-348.343,1727.96,-623.41,-626.65,-150.712,-327.829,-319.267,3138.17,-3839.49,-7452.15,-1587.02,-733.357,-733.357,120.78,2855.58,2855.58,1549.1,1537.93,2.57532e-06,0,296.54,296.54,0,4.92774e-06,0,1932.01,0,-1399.14,0,1.61633e-08,2.52783e-08,-1738.15,-1562.8,-1562.8,0,-351.552,-351.552,4.49943e-08,0,3236.52,4708.64,4708.64,4708.64,4749.25,0,0,0,1146.49,1146.49,1146.49,0,-997.777,-247.314,-247.314,-17.2129,5.71731e-06,-8.60654,-8.60654,1.1923e-09,5.72777e-09,2.65041e-11,2.91022e-08,98.7248,97.9929,249.337,0,3.11955e-10,0,-5552.39,-5552.39,-5552.39,0,0,0,0,1.28055e-08,9.42293e-06,4895.75,4895.75,-9.24055e-11,-10740.7,-1575.24,-2303.28,0,1.0935e-06,-1597.73,-4777.71,5.11777e-07,-34223.6,-18045.6,-4447.35,-4294.06,94.898,5282.69,5282.69,9.02746e-06,-140446,1941.48,8.12961e-05,2.5408e-05,1377.39,2213.81,5469.11,1.33414e-05,1.70431e-06,2.18935e-06,379.266,1.04861e-06,0.000119644,0.000127589,8057.47,0.00059055,8536.73,7.6142e-06,814.002,5181.3,5.23522e-06,3384.66,5.36596e-07,3760.14,-8103.36,2.19721e-07,1.1744e-06,-4596.25,-4596.25,6.23077e-07,-385.925,-385.925,1.13716e-05,1536.79,0,1.19251e-06,-4126.41,-11113.2,0,0
2020-08-07 22:00:00 UTC,-4439.86,-1254.24,3840.61,-14.7697,-14.7697,-1572.73,1143.74,1259.76,-1793.81,-1793.81,3387.74,3204.8,-11100.8,-66.2353,1848.71,2105.23,5191.63,1642.04,-8941.77,-1302.87,-1017.58,-4806.61,-4806.61,-3874.93,-4795.6,-1404.69,-931.108,675.225,26.5893,3178.92,-1120.6,-1120.6,-2679.85,-1559.81,-1559.81,-9199.84,6157.3,6177.16,-19601.5,-19601.5,6854.27,11411.7,5259.32,3244.06,9059.79,-12521.4,-17388.8,-17516.8,-18512.8,508.142,-3010.74,-3010.74,567.581,-690.709,-1543.23,431.201,431.201,-5187.85,1859.54,1061.33,2956.4,-3877.3,-4182.09,1894.46,1894.46,-495.56,-439.862,467.711,467.711,528.297,3938.81,-2899.34,1449.67,1449.67,11.1266,11.1266,21.6847,11.9324,46.8113,-164.657,-364.787,249.134,-16.3372,-15.2364,-1.74581,-74.0885,-62.4754,774.927,774.927,176.662,176.662,174.92,174.92,-1548.79,-1548.79,-1548.79,608.485,608.485,138.029,-445.277,-154.034,-154.034,318.049,318.049,-564.797,-262.018,-3241.45,-22.368,-22.368,-2800.88,-2800.88,-2800.88,8014.73,-2139.96,-2139.96,-2219,-2219,30.7253,727.317,727.317,16.6382,16.6382,-9105.72,-9105.72,8269.75,8269.75,0,-311.416,-3661.87,-1419.06,3305.45,3305.45,-2951.49,16282.8,7137.28,-3030.52,-9112.99,-9112.99,2243.73,2243.73,-7823.19,-7823.19,913.39,1933.78,13787.5,2931.52,3873.78,3873.78,-2394.95,-2394.95,-2394.95,6596.99,6596.99,-7788.64,6.48289e-07,6.48289e-07,2865.46,-5742.87,-5742.87,8316.07,-3097.16,2347.6,0,5448.01,1905.35,-8236.28,-5819.93,-5819.93,-756.576,263.274,-93.42,-5255.15,-5255.15,-4120.43,1972.8,1972.8,19910,-13238.3,-19880.5,17426.5,17555,18551.6,-25839.3,4956.12,-4669.14,17426.5,17555,18551.6,-18503.8,-10793.8,-8310.07,54.9828,21671.4,4577.63,18128.1,44135.4,24141.2,24141.2,2714.28,-16606.9,1703.9,2599.39,1134.64,-1451.98,1517.46,-1667.76,-1358.32,-1494.18,1443.5,1476.88,1451.46,-1549.04,673.44,673.44,-1457.7,6554.72,6554.72,-15377.2,2086.18,1992.85,-1584,1009.55,3599.21,7054.1,7054.1,10336.4,11692.1,12346.3,23387.8,-11504.9,8607.74,-10327.4,1607.3,8598.67,11641.9,6826.08,6823.59,-1607.04,-11672.3,-12324.9,4698.94,4753.98,3352.84,3892.62,3007.28,4870.04,2726.35,2726.35,418.84,1935.53,-2561.48,-2891.12,4734.95,-11681.4,-11681.4,-12334.9,-12335,-1829.31,-1829.31,172.266,654.946,1291.45,1291.45,5919.05,5919.05,-6480.89,-6480.89,3687.56,443.225,3162.26,-4213.81,16336.2,-20479.2,-22852.3,12509.5,-3158.25,6018.25,3603.56,-4274.83,149.272,149.272,2335.49,2335.49,-1182.19,963.766,-5448.07,-1031.43,581.293,581.293,4370.3,1352.69,6284.69,3788.84,445.782,445.782,803.931,804.231,3414.72,3414.72,3930.59,2238.08,3167.98,2382.03,2137.72,426.671,426.671,177.808,198.361,0,-913.087,-1015.3,0,255.58,1281.06,1281.06,-365.972,1771.22,-620.602,-623.827,-162.064,-306.715,-298.639,3132.91,-3801.91,-7387.99,-1591.65,-732.002,-732.002,128.151,2847.05,2847.05,1574.91,1563.55,2.61115e-06,0,267.22,267.22,0,4.89682e-06,0,2029.34,0,-1404.64,0,1.5817e-08,2.41304e-08,-1733.29,-1589.46,-1589.46,0,-350.875,-350.875,4.75554e-08,0,3225.46,4727.1,4727.1,4727.1,4811.24,0,0,0,1127.29,1127.29,1127.29,0,-1023.88,-256.507,-256.507,-22.2529,5.70868e-06,-11.1266,-11.1266,1.67911e-09,4.50589e-09,1.28281e-09,2.8826e-08,101.493,100.74,237.093,-2.09826e-10,4.7919e-11,0,-5573,-5573,-5573,0,0,0,0,1.25969e-08,9.53111e-06,4904.87,4904.87,4.25245e-10,-10793.5,-1571.11,-2297.25,0,1.10952e-06,-1587.92,-4797.27,4.77334e-07,-34325.5,-18073.1,-4435.27,-4289.37,93.4239,5295.22,5295.22,9.03568e-06,-140925,1961.94,8.15037e-05,2.52763e-05,1373.25,2207.17,5452.69,1.32537e-05,1.69772e-06,2.17905e-06,375.235,1.05047e-06,0.000117988,0.000124596,7943.18,0.000576784,8579.04,7.74559e-06,808.385,5219.49,5.28647e-06,3431.7,5.4259e-07,3744.12,-8120.99,2.25015e-07,1.17406e-06,-4601.6,-4601.6,6.33999e-07,-394.519,-394.519,1.14002e-05,1573.94,0,1.15654e-06,-4131.02,-11137.3,0,0
2020-08-07 23:00:00 UTC,-4366.65,-1230.65,3763.28,-45.9433,-45.9433,-1525.83,1109.95,1221.07,-1716.35,-1716.35,3383.97,3145.45,-10960,20.7784,1805.29,2140.09,5068.44,1603.09,-8861.05,-1293.92,-1003.66,-4733.62,-4733.62,-3844.64,-4725.51,-1385.47,-927.135,671.252,16.8355,3162.27,-1110.09,-1110.09,-2633.93,-1524.4,-1524.4,-9080.64,6034.21,6053.67,-19279,-19279,6731.26,11260.8,5194.87,3204.31,8917.96,-12386.5,-17085.3,-17211.1,-18189.6,488.742,-2964.99,-2964.99,555.54,-675.887,-1488.49,432.983,432.983,-5085.97,1849.56,1048.06,2891.36,-3804.17,-4103.2,1842.72,1842.72,-498.835,-450.918,474.876,474.876,532.135,3892.35,-2854.44,1427.22,1427.22,13.7314,13.7314,22.066,12.6416,46.0681,-162.13,-356.81,245.224,-16.1174,-15.0314,-1.25992,-72.7913,-59.1991,768.971,768.971,170.378,170.378,168.699,168.699,-1533.65,-1533.65,-1533.65,604.43,604.43,140.025,-437.105,-154.306,-154.306,311.75,311.75,-559.749,-258.606,-3201.77,-18.6545,-18.6545,-2755.72,-2755.72,-2755.72,7909.63,-2093.14,-2093.14,-2187.14,-2187.14,25.6252,717.363,717.363,2.6958,2.6958,-8990.02,-8990.02,8173.8,8173.8,0,-313.164,-3625.73,-1408.13,3267.76,3267.76,-2911.36,16055.7,7037.73,-3005.35,-8991.2,-8991.2,2218.5,2218.5,-7718.88,-7718.88,892.87,1905.47,13572.8,2940.92,3830.42,3830.42,-2368.48,-2368.48,-2368.48,6501.31,6501.31,-7677.79,6.48287e-07,6.48287e-07,2840.28,-5662.19,-5662.19,8200.01,-3058.45,2295.55,0,5357.17,1877.41,-8116.2,-5732.28,-5732.28,-742.876,269.198,-90.771,-5193.69,-5193.69,-4049.78,1940.43,1940.43,19573.7,-13013.3,-19545.2,17121.7,17247.9,18227.1,-25402.3,4874.23,-4596.82,17121.7,17247.9,18227.1,-18222.4,-10615,-8134.4,91.052,21456.7,4512.19,17937.7,43688.2,23900.5,23900.5,2693.62,-16364.8,1663.84,2584.47,1117.36,-1454.29,1500.24,-1645.89,-1343.15,-1477.06,1430.32,1463.39,1438.21,-1530.43,661.3,661.3,-1439.65,6482.26,6482.26,-15171.5,2034.74,1978.71,-1564.35,993.829,3568.53,6959.73,6959.73,10221.9,11591.6,12240.1,23202.1,-11438.1,8479.64,-10213.1,1616.92,8470.84,11546.1,6769.9,6767.43,-1616.65,-11572.2,-12219.1,4668.15,4722.83,3330.65,3866.85,2980.05,4798.22,2710.76,2710.76,408.572,1896.92,-2546.83,-2874.59,4719.37,-11581,-11581,-12229,-12229,-1822.43,-1822.43,171.347,651.579,1285.25,1285.25,5895.42,5895.42,-6445.33,-6445.33,3605.29,420.878,3134.23,-4193.72,16232.4,-20289.9,-22658.8,12394,-3130.29,5902.66,3531.19,-4224.59,141.411,141.411,2281.59,2281.59,-1150.51,938.412,-5321.7,-1000.04,564.044,564.044,4251.99,1319.98,6088.28,3687.79,438.003,438.003,783.61,783.903,3370.9,3370.9,3873.33,2199.6,3118.21,2325.01,2071.99,416.818,416.818,172.242,192.142,0,-906.105,-1007.6,0,248.419,1265.07,1265.07,-355.978,1725.64,-608.466,-611.629,-156.636,-303.622,-295.641,3044.94,-3724.93,-7358.22,-1590.89,-724.392,-724.392,142.657,2798.65,2798.65,1573.08,1561.73,2.6346e-06,0,296.557,296.557,0,4.63475e-06,0,2150.88,0,-1385.42,0,1.53941e-08,2.12696e-08,-1699.85,-1581.13,-1581.13,0,-344.012,-344.012,4.77575e-08,0,3129.93,4631.7,4631.7,4631.7,4763.28,0,0,0,1084.07,1084.07,1084.07,0,-1030.99,-261.631,-261.631,-27.4623,5.45936e-06,-13.7314,-13.7314,1.67155e-09,4.79072e-09,8.04679e-10,2.65722e-08,102.633,101.872,220.208,0,-3.19798e-10,0,-5504.58,-5504.58,-5504.58,0,0,0,0,1.07375e-08,9.24411e-06,4844.66,4844.66,7.70782e-10,-10611.5,-1530.8,-2238.3,0,1.05378e-06,-1557.87,-4728.95,5.41426e-07,-33891.3,-17846.7,-4391.13,-4252.29,90.7746,5231.24,5231.24,8.77734e-06,-139048,1921.93,7.81911e-05,2.48043e-05,1365.4,2194.54,5421.5,1.3058e-05,1.69935e-06,2.1886e-06,393.161,1.05145e-06,0.000115264,0.000121648,7814.84,0.00056604,8451.79,7.96724e-06,816.16,5094.31,5.10842e-06,3380.5,5.51773e-07,3658.47,-7903.66,2.08524e-07,1.16859e-06,-4542.57,-4542.57,6.05019e-07,-376.78,-376.78,1.09415e-05,1526.97,0,1.088e-06,-4093.82,-10996.9,0,0
2020-08-08 00:00:00 UTC,-4240.11,-1195.27,3695.63,-100.778,-100.778,-1386.99,1101.49,1215.26,-1707.2,-1707.2,3281.34,2970.79,-10549,107.309,1691.73,2145.15,4801.33,1518.62,-8542.87,-1247.12,-891.038,-4527.72,-4527.72,-3717.95,-4565.09,-1340.17,-901.582,645.699,16.7965,3060.81,-1070.27,-1070.27,-2516.21,-1446.45,-1446.45,-8703.97,5709.81,5728.22,-18359.2,-18359.2,6386.75,10764.2,4995.7,3081.49,8487.23,-11829.1,-16234.2,-16353.6,-17283.4,449.649,-2825.8,-2825.8,529.981,-638.176,-1362.76,431.316,431.316,-4813.62,1801.95,1003.54,2744,-3600.33,-3883.27,1739.92,1739.92,-500.103,-473.476,486.79,486.79,534.394,3753.69,-2736.07,1368.04,1368.04,19.9561,19.9561,22.2957,13.6442,43.8123,-154.318,-335.988,233.776,-15.7689,-14.7064,-0.80859,-69.4121,-52.1834,742.141,742.141,155.758,155.758,154.225,154.225,-1475.36,-1475.36,-1475.36,579.263,579.263,140.498,-414.509,-151.973,-151.973,294.777,294.777,-544.873,-247.616,-3079.14,-13.43,-13.43,-2643.91,-2643.91,-2643.91,7610.03,-1998.66,-1998.66,-2101.5,-2101.5,18.4471,685.704,685.704,-21.1265,-21.1265,-8663.64,-8663.64,7906.25,7906.25,0,-309.731,-3511.07,-1373.57,3164.38,3164.38,-2804.52,15430,6763.41,-2907.35,-8654.41,-8654.41,2138.34,2138.34,-7428.64,-7428.64,846.784,1834.34,12941.2,3004.66,3691.11,3691.11,-2281.84,-2281.84,-2281.84,6217.45,6217.45,-7383.68,6.48514e-07,6.48514e-07,2744.51,-5418.72,-5418.72,7846.25,-2921.5,2174.92,0,5099.34,1814.68,-7740.48,-5477.84,-5477.84,-710.57,276.502,-87.11,-5029.02,-5029.02,-3850.39,1846.47,1846.47,18615.6,-12347.1,-18589.8,16267,16386.9,17317.2,-24123.4,4643.54,-4385.22,16267,16386.9,17317.2,-17409.3,-10085.2,-7577.17,204.744,20944.4,4328.7,17475.5,42627.5,23331,23331,2646.88,-15691.8,1575.32,2550.3,1085.41,-1434.78,1457.63,-1589.93,-1304.5,-1433.71,1399.91,1432.27,1407.63,-1483.7,626.739,626.739,-1394.55,6279.36,6279.36,-14619.2,1908.56,1931.37,-1515.23,969.164,3492.32,6698.72,6698.72,9925.37,11374.4,12010.8,22832.7,-11341,8115.46,-9917.09,1682.7,8107.4,11365,6663.7,6661.27,-1682.41,-11355.7,-11990.6,4624.63,4678.8,3290.27,3819.95,2965.52,4594.86,2681.49,2681.49,418.014,1778.36,-2519.33,-2843.55,4673.92,-11364.3,-11364.3,-12000.1,-12000.1,-1813.29,-1813.29,164.363,625.784,1292.03,1292.03,5879.11,5879.11,-6345.6,-6345.6,3349.32,352.062,3113.8,-4154.31,16150.9,-19927.7,-22285.5,12300.3,-3109.91,5616.45,3368.49,-4093.43,137.94,137.94,2134.43,2134.43,-1048.52,873.473,-4983.08,-925.814,504.123,504.123,3975.17,1239.93,5664.65,3470.96,407.102,407.102,720.974,721.244,3251.11,3251.11,3717.05,2094.78,2978.24,2168.01,1891.5,389.835,389.835,149.338,166.525,0,-886.657,-986.023,0,220.978,1229.27,1229.27,-315.301,1582.97,-585.735,-588.781,-133.439,-320.278,-311.98,2870.68,-3612.31,-7357.39,-1581.78,-707.01,-707.01,168.396,2717.69,2717.69,1516.82,1505.88,2.54453e-06,0,345.569,345.569,0,4.08329e-06,0,2242.52,0,-1340.12,0,1.54298e-08,2.36648e-08,-1631.43,-1530.4,-1530.4,0,-331.219,-331.219,4.47748e-08,0,2923.19,4374.33,4374.33,4374.33,4580.58,0,0,0,1011.75,1011.75,1011.75,0,-1034.52,-270.94,-270.94,-39.9113,4.85355e-06,-19.9561,-19.9561,9.39203e-10,3.867e-09,-1.6486e-09,2.36284e-08,103.472,102.705,201.01,0,-9.55964e-11,0,-5315.29,-5315.29,-5315.29,0,0,0,0,1.03111e-08,8.45354e-06,4686.77,4686.77,1.56378e-08,-10120,-1448.16,-2117.47,0,9.07291e-07,-1501.55,-4543.81,7.52913e-07,-32711.2,-17270.8,-4300.19,-4167.13,87.1133,5062.29,5062.29,8.16282e-06,-133887,1801.04,7.03608e-05,2.38469e-05,1350.66,2170.85,5362.96,1.27257e-05,1.68878e-06,2.19784e-06,429.156,1.04615e-06,0.000111003,0.000119232,7707.5,0.000557414,8089.95,8.27963e-06,835.669,4759.57,4.62583e-06,3192.89,5.52805e-07,3493.23,-7414.37,1.72634e-07,1.13741e-06,-4390.72,-4390.72,5.30164e-07,-326.597,-326.597,9.77683e-06,1387.93,0,9.8818e-07,-3997.33,-10621.5,0,0
2020-08-08 01:00:00 UTC,-4074.14,-1152.06,3706.05,-231.471,-231.471,-1158.88,1139.24,1266.6,-1713.43,-1713.43,3089.96,2683.8,-9897.33,183.058,1508.65,2123.52,4404.73,1393.2,-8005.52,-1164.36,-678.48,-4167.16,-4167.16,-3503.49,-4332.09,-1273.57,-855.756,599.873,28.4659,2879.9,-1003.13,-1003.13,-2332.68,-1329.99,-1329.99,-8087.64,5179.09,5195.78,-16855.5,-16855.5,5813.79,9941.64,4674.8,2883.59,7756.39,-10853.9,-14846.6,-14955.9,-15806.1,390.506,-2594.91,-2594.91,490.181,-577.735,-1167.65,426.573,426.573,-4372.58,1714.26,924.648,2517.73,-3267.91,-3524.66,1592.63,1592.63,-501.352,-511.695,506.523,506.523,537.297,3533.91,-2549.79,1274.89,1274.89,30.4984,30.4984,22.3827,14.9406,40.0794,-141.343,-302.022,214.405,-14.852,-13.8513,0.112819,-63.5275,-41.4944,694.367,694.367,132.972,132.972,131.666,131.666,-1374.96,-1374.96,-1374.96,532.113,532.113,139.57,-376.956,-147.36,-147.36,266.793,266.793,-521.047,-228.824,-2881.54,-7.056,-7.056,-2458.84,-2458.84,-2458.84,7098.07,-1850.76,-1850.76,-1956.89,-1956.89,9.69003,631.311,631.311,-53.2824,-53.2824,-8102.36,-8102.36,7441.35,7441.35,0,-299.989,-3307.07,-1310.67,2984.48,2984.48,-2622.73,14372.4,6299.74,-2728.85,-8079.07,-8079.07,1997.14,1997.14,-6932.53,-6932.53,771.864,1713.95,11882.8,3098.93,3447.82,3447.82,-2131.84,-2131.84,-2131.84,5737.31,5737.31,-6886.13,6.48387e-07,6.48387e-07,2570.18,-5005.89,-5005.89,7248,-2681.79,1991.37,0,4675.68,1712.93,-7100.66,-5049.93,-5049.93,-657.241,284.424,-79.536,-4758.62,-4758.62,-3524,1691.55,1691.55,17043.4,-11245.3,-17021.8,14874,14983.7,15834.3,-22012.4,4264.37,-4033.81,14874,14983.7,15834.3,-16051.2,-9201.95,-6664.64,378.797,20055.8,4018.22,16680.5,40793.9,22347.1,22347.1,2565.95,-14554.2,1433.74,2488.93,1036.28,-1379.64,1384.89,-1494.62,-1238.15,-1359.46,1347.96,1379.11,1355.4,-1403.99,569.378,569.378,-1317.84,5930.92,5930.92,-13685.8,1703.36,1844.38,-1431.69,933.322,3351.99,6252.08,6252.08,9435.32,10987.9,11602.6,22150.6,-11157.7,7545.89,-9427.83,1765.17,7538.92,11042.7,6474.7,6472.34,-1764.85,-10970.4,-11583.7,4531.95,4585.03,3216.46,3734.25,2939.78,4278.48,2617.59,2617.59,443.324,1602.05,-2459.29,-2775.79,4584.89,-10978.4,-10978.4,-11592.6,-11592.6,-1791.79,-1791.79,152.537,581.963,1300.68,1300.68,5833.37,5833.37,-6162.51,-6162.51,2962.32,251.455,3090.83,-4076.59,15991,-19328.8,-21619.7,12205.1,-3087,5181.64,3129.08,-3878.79,140.285,140.285,1910.43,1910.43,-897.162,777.838,-4485.59,-822.906,414.412,414.412,3584.4,1123.45,5072.92,3170,356.642,356.642,624.465,624.699,3056.86,3056.86,3467.32,1930.09,2754.49,1925.76,1616.75,348.182,348.182,110.241,122.788,0,-852.923,-948.503,0,174.809,1174.41,1174.41,-245.758,1347.32,-553.911,-556.795,-93.5504,-356.476,-347.447,2636.72,-3502.58,-7337.18,-1557.08,-677.596,-677.596,202.617,2613.1,2613.1,1431.9,1421.58,2.44691e-06,0,466.728,466.728,0,3.39574e-06,0,2297.1,0,-1273.53,0,1.51105e-08,2.86015e-08,-1536.95,-1439.95,-1439.95,0,-314.144,-314.144,4.10772e-08,0,2605.77,3957.46,3957.46,3957.46,4266.38,0,0,0,902.767,902.767,902.767,0,-1038.67,-286.38,-286.38,-60.9948,4.01331e-06,-30.4984,-30.4984,5.89032e-10,2.76707e-09,9.36439e-10,1.89492e-08,104.474,103.699,177.891,0,1.17135e-10,0,-4993.91,-4993.91,-4993.91,0,0,0,0,6.5219e-09,7.21988e-06,4430.05,4430.05,7.25398e-08,-9323.11,-1330.25,-1945.08,0,6.99753e-07,-1425.35,-4237.02,1.12758e-06,-30697.6,-16301.7,-4142.31,-4021.8,79.5387,4785.66,4785.66,7.17189e-06,-125086,1621.71,5.78582e-05,2.20158e-05,1318.47,2119.11,5235.16,1.19827e-05,1.64024e-06,2.14535e-06,474.22,1.00874e-06,0.000103804,0.000118206,7689.06,0.00054849,7523.83,8.5925e-06,853.465,4269.35,3.95322e-06,2892.11,5.3885e-07,3263.47,-6728.29,1.28737e-07,1.09083e-06,-4146.08,-4146.08,4.20261e-07,-248.116,-248.116,8.15393e-06,1159.53,0,8.88849e-07,-3833.76,-9997.9,0,0
2020-08-08 02:00:00 UTC,-3989.44,-1138.35,3935.5,-430.802,-430.802,-905.09,1276.48,1435.15,-1802.76,-1802.76,2843.45,2371.83,-9247.58,176.715,1315.57,2068.58,4040.65,1278.06,-7418.75,-1068.09,-395.575,-3780.31,-3780.31,-3278.29,-4131.81,-1214.79,-804.8,548.917,53.6689,2679.84,-931.719,-931.719,-2148.91,-1217.56,-1217.56,-7443.57,4612.61,4627.46,-15253.5,-15253.5,5194.19,9044.16,4345.23,2680.34,6953.78,-9744.65,-13365.1,-13463.5,-14228.7,331.397,-2344.61,-2344.61,452.37,-514.066,-959.672,423.792,423.792,-3902.49,1620.65,836.205,2292.75,-2908.91,-3137.38,1456.17,1456.17,-506.878,-563.511,535.195,535.195,545.178,3316.73,-2368.48,1184.24,1184.24,43.674,43.674,22.3915,16.2477,36.0094,-127.164,-265.174,193.133,-13.8109,-12.8803,1.06522,-57.071,-30.1086,640.371,640.371,108.541,108.541,107.48,107.48,-1264.19,-1264.19,-1264.19,475.098,475.098,137.731,-335.955,-142.29,-142.29,236.324,236.324,-498.359,-208.052,-2678.57,-1.6315,-1.6315,-2259.66,-2259.66,-2259.66,6538.45,-1696.65,-1696.65,-1799.07,-1799.07,2.239,570.722,570.722,-82.8496,-82.8496,-7486.08,-7486.08,6929.19,6929.19,0,-286.397,-3079.75,-1240.84,2786.58,2786.58,-2426.4,13222.3,5795.53,-2528.81,-7449.87,-7449.87,1839.54,1839.54,-6388.94,-6388.94,691.431,1582.8,10735.8,3202.02,3179.25,3179.25,-1968.05,-1968.05,-1968.05,5215.07,5215.07,-6344.14,6.48371e-07,6.48371e-07,2372.04,-4555.62,-4555.62,6596.02,-2413.38,1806.66,0,4222.13,1608.62,-6399.07,-4585.79,-4585.79,-599.521,291.491,-70.821,-4484.48,-4484.48,-3175.61,1524.85,1524.85,15360.6,-10058.5,-15343.1,13387.3,13486,14251.6,-19741.8,3860.11,-3654.86,13387.3,13486,14251.6,-14582.6,-8245.36,-5688.27,559.991,19091.3,3678.82,15819.9,38796.7,21276.6,21276.6,2486.21,-13315.7,1282.03,2430.02,982.635,-1306.93,1306.07,-1391.34,-1166.11,-1278.95,1292.36,1322.21,1299.49,-1317.58,506.872,506.872,-1234.75,5557.09,5557.09,-12680.6,1479.09,1747.13,-1341.18,895.521,3187.55,5760.87,5760.87,8938.61,10557.3,11148,21361,-10963.8,7008.55,-8931.89,1812.19,7002.53,10666.5,6254.18,6251.89,-1811.86,-10541.2,-11130.5,4405.32,4456.91,3124.99,3628.03,2889.38,3985.6,2534.87,2534.87,462.685,1446.81,-2381.58,-2688.08,4461.29,-10548.6,-10548.6,-11138.7,-11138.7,-1756.86,-1756.86,140.207,536.01,1298.98,1298.98,5743.29,5743.29,-5954.07,-5954.07,2627.78,171.191,3046.62,-3975.19,15725.1,-18660.1,-20851.3,12019.5,-3042.9,4767.89,2912.52,-3665.72,154.137,154.137,1692.89,1692.89,-764.901,689.518,-4063.83,-740.69,334.285,334.285,3273.86,1028.03,4574.34,2939.66,302.016,302.016,527.661,527.86,2863.72,2863.72,3218.98,1766.29,2528.18,1687.7,1348.74,307.225,307.225,63.3777,70.3487,0,-818.019,-909.553,0,121.31,1124.1,1124.1,-162.661,1085.88,-530.814,-533.581,-44.946,-416.101,-405.805,2473.81,-3540.47,-7318.23,-1527.61,-646.89,-646.89,234.649,2563.89,2563.89,1348.51,1338.79,2.40724e-06,0,652.378,652.378,0,2.82871e-06,0,2236.83,0,-1214.75,0,1.45903e-08,3.4373e-08,-1465.25,-1339.92,-1339.92,0,-301.271,-301.271,3.67638e-08,0,2283.53,3509.88,3509.88,3509.88,3919.86,0,0,0,798.957,798.957,798.957,0,-1052.07,-307.693,-307.693,-87.3437,3.3153e-06,-43.674,-43.674,7.87557e-10,1.53143e-09,-4.43457e-11,1.66272e-08,106.168,105.379,157.469,0,2.10569e-10,0,-4645.93,-4645.93,-4645.93,0,0,0,0,4.31709e-09,6.08571e-06,4168.87,4168.87,1.57824e-07,-8478.52,-1214.65,-1776.06,0,5.18907e-07,-1352.77,-3908.18,1.51528e-06,-28503,-15260,-3961.84,-3866.4,70.8231,4505.56,4505.56,6.19551e-06,-115483,1463.45,4.61492e-05,1.99362e-05,1276.81,2052.15,5069.73,1.10579e-05,1.55096e-06,2.02124e-06,496.465,9.38778e-07,9.56959e-05,0.000115393,7599.68,0.000531427,6989.52,8.74678e-06,856.893,3855.59,3.41108e-06,2613.73,5.14903e-07,3078.47,-6191.43,1.03917e-07,1.04539e-06,-3896.34,-3896.34,3.29772e-07,-169.401,-169.401,6.80314e-06,905.492,0,8.87898e-07,-3658.42,-9340.69,0,0
2020-08-08 03:00:00 UTC,-3872.74,-1111.32,4002.28,-541.405,-541.405,-702.974,1340.37,1517.26,-1829.26,-1829.26,2648.95,2147.49,-8709.69,157.052,1179.43,2000.27,3769.57,1192.34,-6942.41,-990.791,-176.718,-3477.56,-3477.56,-3090.12,-3980.3,-1168.54,-761.503,505.62,78.0406,2510.13,-873.481,-873.481,-2008.75,-1135.59,-1135.59,-6933.71,4172.17,4185.6,-13979.7,-13979.7,4706.38,8309.57,4073.86,2512.99,6312.73,-8840.42,-12188.3,-12278,-12975.8,288.362,-2142.8,-2142.8,426.059,-464.444,-798.076,422.04,422.04,-3531.88,1545.04,763.863,2125.53,-2622.34,-2828.24,1361.35,1361.35,-511.332,-607.537,559.435,559.435,551.627,3137.19,-2221.64,1110.82,1110.82,54.8184,54.8184,22.2335,17.1025,32.7046,-115.678,-235.311,175.44,-12.9091,-12.0392,1.72161,-51.7303,-21.4016,594.027,594.027,89.5025,89.5025,88.6313,88.6313,-1172.48,-1172.48,-1172.48,426.463,426.463,134.73,-302.274,-137.415,-137.415,211.438,211.438,-478.543,-190.529,-2511.42,0.074,0.074,-2104.68,-2104.68,-2104.68,6090.21,-1580.46,-1580.46,-1676.52,-1676.52,-0.102,526.145,526.145,-100.144,-100.144,-6998.11,-6998.11,6513.72,6513.72,0,-274.443,-2893.31,-1176.19,2624.03,2624.03,-2267.21,12306.3,5393.94,-2363.26,-6954.33,-6954.33,1717.67,1717.67,-5962.83,-5962.83,637.779,1482.75,9825.11,3255.88,2960.55,2960.55,-1831.79,-1831.79,-1831.79,4798.63,4798.63,-5920.82,6.48295e-07,6.48295e-07,2204.98,-4195,-4195,6068.23,-2198.8,1661.04,0,3861.62,1520.64,-5842.81,-4218.45,-4218.45,-558.544,286.112,-66.368,-4255.82,-4255.82,-2899.15,1391.08,1391.08,14020,-9119.66,-14005.4,12206.7,12296.8,12994.8,-17941,3538.08,-3348.14,12206.7,12296.8,12994.8,-13409.7,-7490.02,-4926.34,693.757,18281.9,3408.4,15103.2,37117.8,20371.6,20371.6,2415.04,-12345.4,1180.25,2371.31,938.68,-1242.7,1240.28,-1310.8,-1106.06,-1212.42,1243.21,1271.91,1250.07,-1247.54,458.236,458.236,-1168.15,5248.78,5248.78,-11887.3,1322.3,1656.36,-1268.71,862.532,3046.13,5369.93,5369.93,8518.27,10183.7,10753.5,20664.4,-10760.3,6562.35,-8512.16,1843.25,6557.08,10335,6059.76,6057.54,-1842.91,-10168.8,-10737.2,4297.97,4348.3,3037.69,3526.68,2840.69,3734.1,2466.55,2466.55,473.135,1323.71,-2317.38,-2615.63,4342.42,-10175.6,-10175.6,-10744.9,-10744.9,-1720.69,-1720.69,130.715,500.538,1288.61,1288.61,5641.4,5641.4,-5755.77,-5755.77,2349.46,105.632,2991.04,-3873.21,15451.4,-18061.4,-20180.3,11784.5,-2987.46,4435.12,2726.95,-3481.95,153.914,153.914,1530.83,1530.83,-661.179,621.773,-3701.56,-667.612,273.511,273.511,2987.59,944.548,4130.92,2714.22,267.389,267.389,460.02,460.195,2701.78,2701.78,3016.31,1636.9,2346.27,1516.73,1139.77,278.208,278.208,25.6546,28.1264,0,-809.901,-900.438,0,79.2196,1106.35,1106.35,-97.099,873.502,-510.327,-512.99,-5.40287,-460.677,-449.422,2294.97,-3470.32,-7273.02,-1486.16,-621.539,-621.539,243.905,2492.03,2492.03,1261.27,1252.18,2.27711e-06,0,753.426,753.426,0,2.45857e-06,0,2149.77,0,-1168.5,0,1.36475e-08,3.8735e-08,-1422.07,-1255.06,-1255.06,0,-291.81,-291.81,3.33233e-08,0,2044.51,3155.1,3155.1,3155.1,3633.23,0,0,0,724.462,724.462,724.462,0,-1062.98,-325.535,-325.535,-109.63,2.87187e-06,-54.8184,-54.8184,-7.62824e-10,2.00848e-09,5.1116e-10,1.46451e-08,107.228,106.432,147.899,0,4.76708e-10,0,-4360.33,-4360.33,-4360.33,0,0,0,0,3.06145e-09,5.24182e-06,3951.77,3951.77,2.23715e-07,-7800.14,-1125.08,-1645.11,0,4.04659e-07,-1291.27,-3640.97,1.77669e-06,-26741.2,-14409.4,-3802.59,-3726.01,66.3699,4273.52,4273.52,5.46016e-06,-107892,1339,3.77236e-05,1.82934e-05,1242.4,1996.84,4933.08,1.0377e-05,1.46463e-06,1.9102e-06,517.256,8.61902e-07,8.91464e-05,0.000110747,7411.99,0.000510377,6545.67,8.80456e-06,857.259,3499.95,2.992e-06,2386.56,4.9941e-07,2897.71,-5683.22,8.56354e-08,1.01466e-06,-3689.42,-3689.42,2.6419e-07,-111.228,-111.228,5.96376e-06,703.217,0,8.41791e-07,-3499.64,-8803,0,0
2020-08-08 04:00:00 UTC,-3621.03,-1042.36,3807.54,-564.362,-564.362,-540.388,1293.55,1469.75,-1757.12,-1757.12,2418.87,1928.83,-8006.55,134.807,1053.16,1867.03,3452.25,1091.98,-6354.08,-901.504,-27.4924,-3148.17,-3148.17,-2846.77,-3731.56,-1093.57,-709.372,453.489,91.9765,2304.41,-803.01,-803.01,-1839.51,-1036.77,-1036.77,-6331.48,3722.61,3734.59,-12604.1,-12604.1,4202.78,7512.96,3733.36,2302.98,5642.44,-7893.67,-10952.4,-11033.1,-11660,250.973,-1927.52,-1927.52,390.403,-414.667,-672.247,400.101,400.101,-3157.06,1425.8,685.249,1930.23,-2338.14,-2521.67,1244.72,1244.72,-489.943,-604.495,547.219,547.219,529.493,2891.6,-2027.36,1013.68,1013.68,58.6098,58.6098,21.0141,16.6762,29.301,-103.75,-207.718,157.286,-11.7202,-10.9305,2.07434,-46.2607,-15.743,539.403,539.403,74.9526,74.9526,74.2262,74.2262,-1064.53,-1064.53,-1064.53,376.667,376.667,126.543,-269.308,-128.214,-128.214,187.673,187.673,-446.604,-171.759,-2301.67,0.23,0.23,-1941.34,-1941.34,-1941.34,5609.74,-1458.44,-1458.44,-1549.29,-1549.29,-0.316,483.777,483.777,-115.751,-115.751,-6482.17,-6482.17,6064.05,6064.05,0,-262.718,-2690.96,-1096.9,2445.53,2445.53,-2091.6,11329.5,4965.76,-2182.44,-6431.56,-6431.56,1594.53,1594.53,-5516.71,-5516.71,591.884,1381.39,8883.95,3245.09,2724.04,2724.04,-1682.63,-1682.63,-1682.63,4364.99,4364.99,-5476.96,6.48483e-07,6.48483e-07,2023.47,-3817.04,-3817.04,5507.95,-1983.37,1498.24,0,3483.09,1415.17,-5278.99,-3837.52,-3837.52,-521.41,267.823,-63.618,-3961.71,-3961.71,-2608.67,1250.32,1250.32,12610.6,-8153.33,-12598.8,10967.3,11048.2,11675.4,-16074.6,3196.36,-3021.8,10967.3,11048.2,11675.4,-12181.4,-6719.58,-4167.33,807.83,17297.4,3127.6,14245.5,35097.3,19271,19271,2301.26,-11341.6,1091.6,2265.73,891.823,-1171.37,1163.25,-1224.8,-1036.06,-1135.69,1178.23,1205.43,1184.73,-1168.57,410.697,410.697,-1094.1,4888.98,4888.98,-11022.9,1190.37,1544.52,-1188.24,823.42,2888.58,4962.3,4962.3,7959.44,9711.72,10255,19811,-10395.7,5945.38,-7954.11,1907.77,5941.05,9926.78,5820.43,5818.3,-1907.4,-9698.09,-10240.3,4175.69,4224.58,2934.12,3406.42,2792.61,3382.29,2386.49,2386.49,492.414,1145.86,-2242.17,-2530.74,4198.05,-9704.34,-9704.34,-10247.2,-10247.2,-1683,-1683,116.393,447.183,1288.83,1288.83,5546.26,5546.26,-5510.8,-5510.8,1941.13,5.52217,2949.23,-3757.67,15224.6,-17302.5,-19347.7,11599.1,-2945.74,4010.51,2488.64,-3232.07,150.26,150.26,1331.26,1331.26,-511.767,535.86,-3183.08,-565.617,188.059,188.059,2594.87,825.885,3577.53,2407.01,224.279,224.279,377.577,377.721,2487.32,2487.32,2755.72,1476.75,2123.58,1307.22,916.472,241.508,241.508,-0.366488,-0.96261,0,-765.88,-851.571,0,47.447,1032.4,1032.4,-49.4602,696.663,-473.386,-475.858,20.7139,-468.861,-457.512,2047.28,-3216.44,-7116.94,-1416.75,-588.824,-588.824,239.873,2331.7,2331.7,1150.71,1142.42,2.01684e-06,0,766.244,766.244,0,2.01278e-06,0,1995.28,0,-1093.54,0,1.47247e-08,3.80013e-08,-1345.07,-1152.21,-1152.21,0,-272.715,-272.715,2.8909e-08,0,1814.46,2807.77,2807.77,2807.77,3297.43,0,0,0,649.108,649.108,649.108,0,-1019.45,-320.594,-320.594,-117.212,2.26459e-06,-58.6098,-58.6098,-5.33162e-10,9.84421e-10,6.2738e-10,1.11729e-08,102.822,102.058,141.728,0,1.78728e-10,0,-4043.01,-4043.01,-4043.01,0,0,0,0,2.13154e-09,4.29283e-06,3676.15,3676.15,2.79008e-07,-7066.53,-1022.33,-1494.87,0,3.05608e-07,-1205.09,-3348.27,1.96192e-06,-24824.1,-13437.7,-3616.7,-3534.62,63.6197,3977.33,3977.33,4.66811e-06,-99837.9,1160.47,2.90648e-05,1.64447e-05,1202.08,1932.03,4772.98,9.61491e-06,1.36939e-06,1.79909e-06,550.01,7.74951e-07,8.14789e-05,0.000107335,7276.57,0.000494024,5931.68,8.76939e-06,854.719,2995.19,2.43107e-06,2054.01,4.71864e-07,2661.57,-4987.59,6.12304e-08,9.61139e-07,-3429.94,-3429.94,1.91132e-07,-54.7936,-54.7936,4.75684e-06,540.532,0,6.95049e-07,-3290.25,-8167.56,0,0
2020-08-08 05:00:00 UTC,-3424.77,-995.222,3759.03,-644.854,-644.854,-367.398,1307.43,1492.95,-1751.14,-1751.14,2121.16,1672.62,-7253.07,44.2313,909.515,1693.39,3134.54,991.499,-5679.28,-795.1,163.644,-2797.81,-2797.81,-2578.79,-3449.94,-1009.57,-652.343,396.46,105.633,2079.24,-725.593,-725.593,-1652.34,-926.967,-926.967,-5668.94,3242.36,3252.78,-11121.8,-11121.8,3663.39,6647.1,3363.92,2075.12,4922.46,-6871.77,-9630.38,-9701.33,-10252.5,213.251,-1695.97,-1695.97,349.913,-362.052,-550.481,370.669,370.669,-2759.85,1286.33,600.273,1714.48,-2038.63,-2198.61,1114,1114,-459.515,-586.737,523.126,523.126,497.438,2625.37,-1830.79,915.395,915.395,60.291,60.291,19.4011,15.8338,25.6751,-91.013,-179.485,138.186,-10.4234,-9.72099,2.32934,-40.527,-10.7,479.53,479.53,60.9562,60.9562,60.369,60.369,-945.5,-945.5,-945.5,323.227,323.227,116.538,-235.041,-117.322,-117.322,163.134,163.134,-410.294,-151.787,-2074.06,0.23,0.23,-1755.87,-1755.87,-1755.87,5064.35,-1320.55,-1320.55,-1404,-1404,-0.316,434.543,434.543,-132.463,-132.463,-5892.28,-5892.28,5550.81,5550.81,0,-248.468,-2459.52,-1007.21,2242.18,2242.18,-1892.66,10226.9,4482.43,-1976.1,-5834.35,-5834.35,1452.71,1452.71,-5006.35,-5006.35,538.752,1265.95,7855.26,3211.66,2455.73,2455.73,-1519.07,-1519.07,-1519.07,3886.25,3886.25,-4969.84,6.48336e-07,6.48336e-07,1816.44,-3396.46,-3396.46,4893.59,-1739.43,1335.4,0,3076.01,1304.5,-4653.87,-3413.62,-3413.62,-479.673,247.295,-57.955,-3633.92,-3633.92,-2297,1100.48,1100.48,11102.5,-7112.13,-11093.3,9641.9,9713.02,10264.3,-14067,2829.36,-2674.84,9641.89,9713.02,10264.3,-10840.4,-5883.19,-3370.04,912.165,16136.7,2815.44,13243.2,32725.3,17977.9,17977.9,2164.74,-10213,993.072,2137.61,840.894,-1073.42,1073.65,-1127.49,-955.658,-1047.49,1101.7,1127.12,1107.78,-1077.69,359.35,359.35,-1008.84,4476.64,4476.64,-10040.9,1046.35,1417.36,-1095.59,782.51,2698.47,4501.48,4501.48,7353.62,9138.22,9649.44,18718.2,-9926.23,5337.87,-7349.07,1919.35,5334.38,9404.62,5514.27,5512.25,-1918.98,-9126.16,-9636.36,3981.7,4028.32,2800.78,3251.62,2700.07,3047.55,2264.41,2264.41,506.732,974.001,-2127.47,-2401.28,4012.22,-9131.69,-9131.69,-9642.53,-9642.53,-1625.14,-1625.14,101.574,391.708,1271.96,1271.96,5383,5383,-5226.07,-5226.07,1588.24,-71.4666,2884.82,-3605.48,14818.8,-16376.1,-18296.7,11337.2,-2881.49,3585.43,2258.26,-2977.21,155.107,155.107,1129.56,1129.56,-379.477,452.974,-2726.1,-477.298,112.715,112.715,2262.34,722.835,3086.45,2149.85,176.968,176.968,292.406,292.519,2268.04,2268.04,2489.37,1313.1,1894.27,1088.89,693.913,203.05,203.05,-28.8944,-32.8557,0,-709.711,-789.136,0,12.7978,946.952,946.952,3.3412,514.043,-442.196,-444.508,49.4272,-488.617,-476.922,1852.43,-3072.15,-6888.04,-1332.41,-550.236,-550.236,232.642,2209.99,2209.99,1056.42,1048.8,1.84233e-06,0,833.689,833.689,0,1.59573e-06,0,1732.49,0,-1009.54,0,1.43816e-08,3.75925e-08,-1252.56,-1039.62,-1039.62,0,-251.031,-251.031,2.33479e-08,0,1572.59,2443.21,2443.21,2443.21,2927.59,0,0,0,570.292,570.292,570.292,0,-956.968,-308.405,-308.405,-120.574,1.72466e-06,-60.291,-60.291,-8.77211e-10,4.8515e-10,8.37422e-11,9.8806e-09,96.5627,95.8453,134.457,0,2.33555e-10,0,-3688.97,-3688.97,-3688.97,0,0,0,0,1.21631e-09,3.34199e-06,3376.57,3376.57,3.24435e-07,-6287.79,-917.121,-1341.04,0,2.1586e-07,-1120.22,-3029.28,2.07297e-06,-22641,-12331,-3399.56,-3308.67,57.9564,3647.17,3647.17,3.84468e-06,-90669.2,987.854,2.06678e-05,1.41902e-05,1140.58,1833.2,4528.81,8.43521e-06,1.23234e-06,1.6082e-06,557.222,6.55474e-07,7.18479e-05,0.00010404,7186.28,0.000471189,5326.83,8.63566e-06,838.759,2553.19,1.97979e-06,1755.19,4.44097e-07,2448.93,-4401.07,4.6321e-08,9.10779e-07,-3154.81,-3154.81,1.32679e-07,5.1778,5.1778,3.67837e-06,367.466,0,6.13859e-07,-3048.69,-7452.31,0,0
2020-08-08 06:00:00 UTC,-3271.9,-956.961,3652.04,-676.226,-676.226,-255.03,1281.24,1467.51,-1722.49,-1722.49,1916.74,1512.41,-6733.43,-24.5372,822.551,1562.21,2930.08,926.835,-5218.01,-722.902,283.896,-2578.88,-2578.88,-2405.87,-3258.95,-952.599,-616.254,360.371,111.229,1936.48,-675.194,-675.194,-1524.76,-849.749,-849.749,-5230.49,2915.57,2924.94,-10112.9,-10112.9,3297.46,6059.94,3110.25,1918.66,4435.61,-6203.16,-8732.46,-8796.81,-9296.49,187.528,-1538.85,-1538.85,321.319,-326.3,-470.16,349.356,349.356,-2490.36,1188.75,542.162,1562.32,-1836.34,-1980.41,1019.98,1019.98,-437.343,-571.782,504.562,504.562,473.997,2441.37,-1698.45,849.226,849.226,60.9927,60.9927,18.2607,15.202,23.2247,-82.3994,-160.314,125.04,-9.36563,-8.73454,2.66994,-36.4698,-7.4504,438.585,438.585,51.7384,51.7384,51.2426,51.2426,-864.408,-864.408,-864.408,287.655,287.655,109.498,-211.606,-109.73,-109.73,146.394,146.394,-384.351,-138.067,-1917.75,0.23,0.23,-1618.59,-1618.59,-1618.59,4663.87,-1219.14,-1219.14,-1294.37,-1294.37,-0.316,396.258,396.258,-138.228,-138.228,-5445.35,-5445.35,5156.75,5156.75,0,-234.218,-2282.28,-941.057,2086.26,2086.26,-1747.92,9419.06,4128.3,-1823.15,-5384.88,-5384.88,1341.56,1341.56,-4620.1,-4620.1,494.361,1175.08,7138.38,3141.11,2259.9,2259.9,-1402.05,-1402.05,-1402.05,3548.19,3548.19,-4587.18,6.48436e-07,6.48436e-07,1668.44,-3100.63,-3100.63,4464.44,-1570.45,1223.59,0,2795.03,1220.51,-4218.3,-3115.2,-3115.2,-445.459,235.066,-52.105,-3388.63,-3388.63,-2083.04,998.914,998.914,10071.6,-6406.18,-10064.1,8741.93,8806.42,9306.25,-12701.9,2573.31,-2436.48,8741.93,8806.42,9306.25,-9898.06,-5308.9,-2871.11,948.51,15196.4,2587.66,12445.2,30818.5,16939.4,16939.4,2049.4,-9380.81,910.889,2029.1,799.221,-993.053,1004.28,-1051.59,-893.872,-979.492,1040.87,1064.89,1046.62,-1007.1,323.418,323.418,-942.319,4164.48,4164.48,-9296.5,936.991,1323.36,-1023.28,749.982,2543.65,4155.42,4155.42,6904.82,8658.36,9142.72,17757.2,-9498.33,4938.88,-6900.81,1875.97,4935.89,8943.56,5243.94,5242.01,-1875.61,-8647.53,-9130.97,3793.58,3838,2679.43,3110.73,2586.37,2826.58,2153.25,2153.25,496.653,869.935,-2023.03,-2283.41,3852.56,-8652.49,-8652.49,-9136.51,-9136.51,-1567.53,-1567.53,92.8843,358.906,1240.26,1240.26,5205.55,5205.55,-4996.42,-4996.42,1389.42,-107.5,2812.59,-3467.19,14369.6,-15574.2,-17379.8,11060.9,-2809.42,3294.05,2089.47,-2795.09,147.903,147.903,1006.29,1006.29,-311.777,400.796,-2443.77,-419.57,76.4581,76.4581,2030.62,656.562,2725.32,1954.4,153.63,153.63,246.146,246.242,2116.84,2116.84,2309.17,1205.22,1741.47,962.14,557.277,180.715,180.715,-46.3509,-52.3749,0,-684.702,-761.383,0,-7.58181,900.521,900.521,35.0059,396.154,-420.884,-423.087,67.3558,-497.613,-485.769,1691.4,-2902.82,-6639.05,-1266.85,-519.062,-519.062,229.381,2114.43,2114.43,995.459,988.283,1.71392e-06,0,858.07,858.07,0,1.3415e-06,0,1533.54,0,-952.573,0,1.40646e-08,3.6144e-08,-1189.83,-968.239,-968.239,0,-235.786,-235.786,2.17496e-08,0,1404.94,2197,2197,2197,2675.69,0,0,0,509.101,509.101,509.101,0,-911.354,-298.744,-298.744,-121.977,1.43867e-06,-60.9927,-60.9927,-1.34831e-10,3.65828e-10,-7.71119e-10,8.41211e-09,92.025,91.3413,126.945,0,2.94932e-10,0,-3426.5,-3426.5,-3426.5,0,0,0,0,8.4061e-10,2.71021e-06,3157.87,3157.87,3.43426e-07,-5748.8,-849.231,-1241.77,0,1.636e-07,-1058.33,-2798.75,2.07998e-06,-20994.6,-11496.7,-3224.85,-3129.53,52.1061,3400.03,3400.03,3.26158e-06,-83765.4,883.201,1.51985e-05,1.2379e-05,1084.59,1743.21,4306.5,7.41678e-06,1.11229e-06,1.42453e-06,552.181,5.4691e-07,6.35066e-05,0.00010094,7115.73,0.000447645,4929.42,8.59238e-06,817.108,2279.51,1.72668e-06,1586.5,4.27737e-07,2271.31,-3975.95,3.99871e-08,8.78093e-07,-2959.07,-2959.07,1.01689e-07,37.4739,37.4739,3.13521e-06,255.063,0,5.38787e-07,-2868.9,-6931.21,0,0
