timestamp,0,1,2,3,4,5,6,7,8,9,10,11,12,13,14,15,16,17,18,19,20,21,22,23,24,25,26,27,28,29,30,31,32,33,34,35,36,37,38,39,40,41,42,43,44,45,46,47,48,49,50,51,52,53,54,55,56,57,58,59,60,61,62,63,64,65,66,67,68,69,70,71,72,73,74,75,76,77,78,79,80,81,82,83,84,85,86,87,88,89,90,91,92,93,94,95,96,97,98,99,100,101,102,103,104,105,106,107,108,109,110,111,112,113,114,115,116,117,118,119,120,121,122,123,124,125,126,127,128,129,130,131,132,133,134,135,136,137,138,139,140,141,142,143,144,145,146,147,148,149,150,151,152,153,154,155,156,157,158,159,160,161,162,163,164,165,166,167,168,169,170,171,172,173,174,175,176,177,178,179,180,181,182,183,184,185,186,187,188,189,190,191,192,193,194,195,196,197,198,199,200,201,202,203,204,205,206,207,208,209,210,211,212,213,214,215,216,217,218,219,220,221,222,223,224,225,226,227,228,229,230,231,232,233,234,235,236,237,238,239,240,241,242,243,244,245,246,247,248,249,250,251,252,253,254,255,256,257,258,259,260,261,262,263,264,265,266,267,268,269,270,271,272,273,274,275,276,277,278,279,280,281,282,283,284,285,286,287,288,289,290,291,292,293,294,295,296,297,298,299,300,301,302,303,304,305,306,307,308,309,310,311,312,313,314,315,316,317,318,319,320,321,322,323,324,325,326,327,328,329,330,331,332,333,334,335,336,337,338,339,340,341,342,343,344,345,346,347,348,349,350,351,352,353,354,355,356,357,358,359,360,361,362,363,364,365,366,367,368,369,370,371,372,373,374,375,376,377,378,379,380,381,382,383,384,385,386,387,388,389,390,391,392,393,394,395,396,397,398,399,400,401,402,403,404,405,406,407,408,409,410,411,412,413,414,415,416,417,418,419,420,421,422,423,424,425,426,427,428,429,430,431,432,433,434,435,436,437,438,439,440,441,442,443,444,445,446,447,448,449,450
2020-08-01 07:00:00 UTC,3020.65,868.056,-3023.38,409.09,409.09,397.876,-1011.88,-1150.58,1439.72,1439.72,-2049.82,-1666.39,6780.79,-88.8838,-916.402,-1551.24,-2957.43,-935.726,5361.25,763.564,-28.6448,2724.15,2724.15,2426.3,3136.21,917.781,630.89,-374.933,-62.1102,-1989.26,691.538,691.538,1554.02,862.294,862.294,5394.23,-3231.11,-3241.43,10898.5,10898.5,-3637.33,-6552.4,-3166.44,-1953.8,-4869.24,6792.32,9545.14,9615.47,10161.7,-233.042,1673.41,1673.41,-313.015,365.716,697.66,-294.895,-294.895,2783.31,-1132.33,-586.813,-1606.29,2081.73,2244.45,-1019.67,-1019.67,366.759,409.716,-388.225,-388.225,-394.48,-2424.33,1753.55,-874.952,-874.952,-31.6523,-31.6523,-15.7643,-11.3035,-25.7695,90.9844,192.885,-140.549,9.86338,9.19877,-1.05161,41.378,22.3798,-460.188,-460.188,-78.9447,-78.9447,-78.1766,-78.1766,901.411,901.411,901.411,-325.424,-325.424,-100.746,244.457,103.876,103.876,-171.918,-171.918,376.464,151.556,1953.8,-0.229996,-0.229996,1676.98,1676.98,1676.98,-4841.21,1270.85,1270.85,1327.66,1327.66,0.316,-398.851,-398.851,99.999,99.999,5586,5586,-5251.22,-5251.22,0,218.625,2325.88,972.595,-2126.43,-2126.43,1826.91,-9783.51,-4286.9,1883.73,5542.11,5542.11,-1352.94,-1352.94,4740.36,4740.36,-489.075,-1189.38,-7651.79,-2982.48,-2351.26,-2351.26,1474.18,1474.18,1474.18,-3759.94,-3759.94,4715.44,-3.54396e-11,-3.54396e-11,-1764.37,3315.38,3315.38,-4787.82,1684.67,-1343.13,0,-3025.71,-1267.63,4516.7,3328.53,3328.53,446.758,-253.765,48.0667,3438.52,3438.52,2269.58,-1092.81,-1092.81,-10979.2,7039.88,10979.2,-9556.46,-9626.95,-10173.4,13947.9,-2783.49,2653.55,-9545.14,-9615.47,-10161.7,10563.6,5769.48,3541.9,-738.089,-15228.7,-2692.18,-12526.5,-31002,-17071.2,-17071.2,-2015.94,9711.45,-862.215,-2003.45,-820.201,998.669,-1020.35,1066.19,912.647,999.402,-1052.81,-1077.14,-1058.62,1027.53,-342.412,-342.412,958.967,-4245.75,-4245.75,9482.84,-932.392,-1363.39,1040.58,-778.057,-2596.27,-4234.13,-4234.13,-7001.83,-8684.01,-9169.79,-17719.9,9399.82,-5099.15,7001.83,-1813.79,-5092.25,-8941.18,-5242.5,-5240.6,1813.79,8684,9169.78,-3775.66,-3819.91,-2692.74,-3126.9,-2524.36,-2898.21,-2158.32,-2158.32,-444.451,-903.194,2027.82,2288.82,-3934.08,8684.01,8684.01,9169.79,9169.79,1585.28,1585.28,-101.894,-392.579,-1231.04,-1231.04,-5239.98,-5239.98,5098.95,5098.95,-1481.76,93.0711,-2855.18,3515.12,-14537.4,15659.6,17400.6,-11227,2855.18,-3360.81,-2080.54,2862.61,-101.694,-101.694,-1075,-1075,377.151,-415.709,2506.08,415.65,-120.929,-120.929,-1995.75,-665.088,-2692.96,-1875.52,-190.672,-190.672,-292.969,-293.082,-2177.91,-2177.91,-2385.64,-1259.09,-1823.1,-1054.61,-655.913,-196.173,-196.173,11.7327,13.6114,0,703.677,782.877,0,-30.6492,-900.478,-900.478,26.1647,-538.318,408.744,410.881,-30.9028,421.774,411.601,-1584.14,2487.78,6427.05,1321.25,525.978,525.978,-268.669,-1943.13,-1943.13,-947.143,-940.315,4.32755e-10,0,-589.809,-589.809,-3.39896e-11,4.07567e-10,0,-1635.7,1.71305e-12,917.062,2.52129e-10,-5.97704e-10,4.58757e-10,1137.34,994.984,994.984,0,218.521,218.521,1.42353e-10,2.26159e-09,-1603.38,-2508.46,-2508.46,-2508.46,-2795.22,2.67015e-11,2.26082e-09,0,-571.417,-571.417,-571.417,-1.19179e-10,761.266,223.879,223.879,63.3046,-3.18477e-10,31.6534,31.6534,-9.50788e-10,-1.37298e-10,-2.91452e-10,2.76073e-10,-77.4192,-76.8446,-123.181,0,1.5541e-10,7.07508e-12,3546.33,3546.33,3546.33,-7.95512e-12,0,0,0,-3.741e-11,3.36768e-10,-3224.91,-3224.91,3.66899e-10,6222.88,923.699,1350.66,0,2.9438e-10,1122.7,2941.41,-1.42551e-11,21570.9,11816.7,3317.67,3171.76,-48.0667,-3444.19,-3444.19,-1.22572e-11,85897.8,-916.665,3.36995e-10,-6.37018e-10,-1087.13,-1747.28,-4316.64,-8.18731e-10,-6.62674e-10,-3.50503e-11,-580.162,7.81364e-11,-1.80598e-10,7.00772e-10,-7372.73,7.00436e-10,-5092.25,4.68954e-10,-825.439,-2340.8,9.42822e-11,-1700.54,-2.77832e-10,-2174.56,3871.28,-2.53613e-10,-3.19166e-10,3046.4,3046.4,3.7278e-10,4.83992,4.83992,1.20215e-09,-397.876,0,8.92657e-11,2979.45,7278.36,0,0
2020-08-01 08:00:00 UTC,2939.27,850.18,-3011.26,451.461,451.461,324.637,-1019.26,-1162.26,1445.81,1445.81,-1896.46,-1545.2,6422.34,-26.8968,-850.381,-1456.14,-2816.59,-891.159,5030.21,710.968,-116.833,2570.47,2570.47,2292.69,3000.45,876.904,602.233,-346.284,-70.0908,-1876.31,653.773,653.773,1467.46,813.524,813.524,5079.23,-3020.89,-3030.54,10229.5,10229.5,-3398,-6159.2,-2991.77,-1846.01,-4544.88,6306.29,8958.51,9024.52,9537.14,-219.15,1569.14,1569.14,-293.457,343.158,656.43,-276.296,-276.296,2611.15,-1059.2,-548.078,-1511.24,1953.01,2105.7,-963.336,-963.336,346.314,388.497,-367.395,-367.395,-372.552,-2295.72,1668.64,-832.674,-832.674,-30.1708,-30.1708,-14.7301,-10.5335,-24.1672,85.3247,181.835,-132.59,9.33671,8.70758,-0.979052,39.0502,21.1599,-432.272,-432.272,-74.3004,-74.3004,-73.5785,-73.5785,844.692,844.692,844.692,-300.295,-300.295,-95.2168,230.543,98.1377,98.1377,-162.107,-162.107,359.766,142.994,1846.01,-0.229996,-0.229996,1589.5,1589.5,1589.5,-4585.4,1204.87,1204.87,1259.61,1259.61,0.316,-377.627,-377.627,103.629,103.629,5305.25,5305.25,-4999.29,-4999.29,0,210.913,2213.19,926.023,-2025.33,-2025.33,1731.82,-9265.1,-4059.77,1786.56,5259.77,5259.77,-1286.85,-1286.85,4499.8,4499.8,-465.625,-1133.69,-7188.03,-2919.89,-2225.72,-2225.72,1395.06,1395.06,1395.06,-3540.4,-3540.4,4475.79,2.123e-11,2.123e-11,-1667.09,3120.99,3120.99,-4507.54,1573.8,-1270.44,0,-2842.43,-1213.55,4231.82,3132.57,3132.57,427.363,-240.899,45.8497,3276.99,3276.99,2130.28,-1025.9,-1025.9,-10306.4,6579.57,10306.4,-8968.48,-9034.63,-9547.42,13054.1,-2617.47,2495.96,-8958.51,-9024.52,-9537.14,9947.51,5399.51,3217.1,-762.308,-14600.1,-2546.71,-11993.7,-29721,-16368.8,-16368.8,-1939.15,9183.72,-817.328,-1929.46,-788.709,950.443,-974.209,1016.9,871.095,953.859,-1010.34,-1033.68,-1015.91,980.554,-320.09,-320.09,915.093,-4042.81,-4042.81,9007.62,-871.397,-1297.57,992.971,-751.724,-2490.25,-4019.14,-4019.14,-6704.83,-8352.41,-8819.63,-17049,9089.51,-4849.35,6704.83,-1771.67,-4843.11,-8617.56,-5052.75,-5050.93,1771.67,8352.4,8819.63,-3637.37,-3680,-2611.71,-3032.78,-2426.93,-2767.06,-2080.77,-2080.77,-423.189,-841.79,1954.96,2206.59,-3834.31,8352.41,8352.41,8819.63,8819.63,1549.64,1549.64,-96.5849,-372.492,-1212.41,-1212.41,-5131.22,-5131.22,4966.95,4966.95,-1372.86,111.123,-2820.67,3433.29,-14299.6,15095.9,16749.4,-11099,2820.67,-3180.27,-1979.79,2743.42,-101.068,-101.068,-998.207,-998.207,337.711,-384.358,2349.52,384.881,-99.4511,-99.4511,-1872.19,-628.623,-2490.8,-1773.33,-173.752,-173.752,-263.265,-263.368,-2080.03,-2080.03,-2269.98,-1190.2,-1724.46,-975.964,-574.053,-182.454,-182.454,24.1943,27.5487,0,685.227,762.327,0,-15.765,-875.658,-875.658,3.46708,-461.353,396.368,398.441,-43.549,431.413,421.053,-1503.81,2426.57,6244.53,1271.13,504.073,504.073,-262.398,-1893.56,-1893.56,-912.738,-906.158,5.14046e-10,0,-626.079,-626.079,0,-6.73802e-10,0,-1479.28,0,876.248,-1.41479e-11,1.94534e-10,3.97921e-10,1095.18,938.473,938.473,0,208.187,208.187,5.00709e-10,0,-1506.69,-2353.73,-2353.73,-2353.73,-2619.4,0,1.13113e-09,0,-545.528,-545.528,-545.528,0,718.891,212.149,212.149,60.3416,-9.31753e-11,30.1718,30.1718,1.16422e-10,9.71543e-10,1.40605e-10,3.99881e-10,-73.2416,-72.698,-119.046,0,-1.68549e-10,7.19875e-12,3370.71,3370.71,3370.71,0,0,0,0,-9.03105e-12,-8.90676e-11,-3081.1,-3081.1,3.42093e-10,5869.46,879.168,1285.54,0,-4.71551e-11,1078.22,2788.49,-1.95462e-10,20508,11257.3,3192.27,3045.44,-45.8497,-3281.99,-3281.99,1.85103e-10,81545.7,-854.829,-3.41143e-10,1.78635e-10,-1048.07,-1684.51,-4161.55,3.96227e-10,-2.74727e-10,7.03674e-10,-573.138,-2.66156e-10,1.73022e-10,6.33627e-10,-7373.09,4.42657e-10,-4843.11,-3.98489e-10,-806.194,-2189.26,-5.88191e-10,-1601.8,-5.20706e-11,-2076.07,3645.52,-1.8917e-10,-3.48263e-11,2917.35,2917.35,-4.04801e-10,-13.4881,-13.4881,5.35833e-10,-324.637,0,-5.01126e-10,2851.3,6916.36,0,0
2020-08-01 09:00:00 UTC,2899.67,842.444,-3035.54,496.856,496.856,266.445,-1036.86,-1184.98,1465.47,1465.47,-1804.75,-1455.52,6199.71,-0.318449,-798.111,-1412.07,-2713.81,-858.636,4825.44,677.822,-185.33,2454.55,2454.55,2210.11,2924.48,854.048,583.911,-327.966,-77.8134,-1804.33,629.352,629.352,1410,780.492,780.492,4870.37,-2864.05,-2873.19,9757.5,9757.5,-3221.82,-5885.36,-2881.34,-1777.87,-4309.55,5961.16,8533.78,8596.66,9084.96,-206.272,1494.88,1494.88,-281.589,325.986,612.034,-269.342,-269.342,2481.56,-1019.15,-520.887,-1445.78,1854.48,1999.47,-925.052,-925.052,340.092,389.617,-364.844,-364.844,-366.202,-2218.5,1612.31,-804.616,-804.616,-31.7892,-31.7892,-14.33,-10.4129,-22.9894,81.199,172.431,-126.517,9.02205,8.41412,-1.02279,37.273,19.134,-413.713,-413.713,-69.1617,-69.1617,-68.4911,-68.4911,807.612,807.612,807.612,-282.177,-282.177,-92.6288,219.417,95.1726,95.1726,-154.057,-154.057,350.275,136.713,1777.87,-0.229997,-0.229997,1529.39,1529.39,1529.39,-4407.74,1159.82,1159.82,1213.38,1213.38,0.316,-363.699,-363.699,107.335,107.335,5114.46,5114.46,-4828.53,-4828.53,0,206.433,2136.54,893.331,-1956.61,-1956.61,1665.4,-8904.66,-3901.86,1718.97,5067.35,5067.35,-1242.92,-1242.92,4336.57,4336.57,-451.12,-1096.77,-6855.66,-2886.66,-2137.84,-2137.84,1338.61,1338.61,1338.61,-3383.63,-3383.63,4313.07,1.07623e-10,1.07623e-10,-1596.76,2981.52,2981.52,-4306.66,1491.61,-1221.73,0,-2711.71,-1178.53,4024.65,2992.05,2992.05,415.079,-230.757,44.9746,3172.53,3172.53,2030.69,-977.636,-977.636,-9823.97,6245.65,9823.97,-8542.82,-8605.84,-9094.28,12408,-2501.11,2384.3,-8533.78,-8596.66,-9084.96,9508.35,5132.39,2971.02,-789.318,-14184.2,-2444.89,-11638,-28866.3,-15899.9,-15899.9,-1892.34,8818.79,-790.012,-1884.2,-766.846,916.162,-942.92,983.651,842.93,923.005,-981.869,-1004.55,-987.288,948.769,-304.14,-304.14,885.428,-3905.93,-3905.93,8687.76,-830.249,-1251.42,960.787,-733.769,-2416.18,-3871.36,-3871.36,-6511.34,-8131.73,-8586.6,-16601.3,8893.54,-4691.23,6511.34,-1739.84,-4685.39,-8401.83,-4926.27,-4924.48,1739.84,8131.73,8586.6,-3541.91,-3583.42,-2559.31,-2971.91,-2360.79,-2684.77,-2026.91,-2026.91,-409.631,-805.539,1904.35,2149.46,-3772.68,8131.73,8131.73,8586.6,8586.6,1526.81,1526.81,-93.2629,-359.928,-1200.06,-1200.06,-5061.13,-5061.13,4884.72,4884.72,-1306.12,121.842,-2800.26,3381.51,-14141.4,14720.8,16315.1,-11027.6,2800.26,-3057.46,-1911.13,2665.61,-100.794,-100.794,-945.137,-945.137,314.374,-363.114,2252.24,365.531,-86.5352,-86.5352,-1792.91,-605.913,-2358.27,-1706.9,-162.397,-162.397,-242.592,-242.686,-2016.24,-2016.24,-2193.16,-1143.22,-1657.52,-920.125,-513.201,-172.892,-172.892,34.7442,39.3528,0,674.974,750.876,0,-3.29905,-864.484,-864.484,-15.4105,-401.038,388.454,390.487,-54.308,442.041,431.46,-1452.46,2404.21,6137.33,1236.01,489.639,489.639,-256.174,-1869.92,-1869.92,-894.978,-888.525,1.11504e-09,0,-667.563,-667.563,0,-1.68138e-10,0,-1409.01,0,853.426,0,2.45803e-11,1.35982e-10,1071.49,902.459,902.459,0,202.89,202.89,-4.08672e-10,0,-1427.87,-2233.46,-2233.46,-2233.46,-2504.03,0,0,0,-523.404,-523.404,-523.404,0,706.318,211.503,211.503,63.5783,9.15404e-11,31.7903,31.7903,-2.48068e-10,1.74927e-10,1.06961e-09,-3.61642e-10,-71.9689,-71.4347,-117.433,0,1.18917e-10,0,3248.73,3248.73,3248.73,0,0,0,0,7.46746e-11,1.89937e-10,-2986.22,-2986.22,-6.62027e-11,5620.2,844.599,1235,0,-6.64636e-10,1049.81,2681.81,-3.30281e-10,19780.9,10873,3105.5,2960.75,-44.9746,-3177.08,-3177.08,-3.19294e-10,78578.7,-818.325,1.48533e-10,-1.67757e-10,-1020.94,-1640.9,-4053.81,-5.86301e-10,8.34329e-11,-7.84791e-13,-568.176,-5.05109e-11,1.6938e-10,-2.34046e-10,-7403.59,3.41632e-10,-4685.39,-5.93631e-11,-793.572,-2094.75,-1.05734e-09,-1541.11,-3.11189e-10,-2009.2,3499.81,2.22223e-10,-3.66398e-10,2830.44,2830.44,3.51162e-10,-28.8655,-28.8655,-2.35523e-10,-266.445,0,-3.42011e-10,2762.3,6664.8,0,0
2020-08-01 10:00:00 UTC,2918.25,852.06,-3137.17,559.013,559.013,213.154,-1083.37,-1240.9,1511.9,1511.9,-1741.27,-1389.29,6087.42,29.1138,-758.817,-1393.33,-2660.38,-841.73,4706.54,655.845,-260.817,2390.05,2390.05,2169.28,2900.64,846.589,573.873,-317.93,-86.0891,-1765.26,616.163,616.163,1379.36,763.056,763.056,4753.52,-2739.07,-2747.81,9409.11,9409.11,-3084.46,-5677.09,-2819.52,-1739.72,-4130.55,5735.36,8202.43,8262.87,8732.18,-192.245,1438.65,1438.65,-276.737,311.397,553.993,-275.034,-275.034,2373.06,-1008.66,-499.867,-1406.9,1768.8,1907.1,-907.181,-907.181,348.295,415.893,-382.082,-382.082,-375.756,-2184.19,1578.94,-787.996,-787.996,-37.295,-37.295,-14.5672,-11.0107,-22.0336,77.9052,162.221,-120.659,8.47332,7.90236,-1.65432,35.286,15.7238,-401.321,-401.321,-62.2972,-62.2972,-61.695,-61.695,784.726,784.726,784.726,-268.954,-268.954,-92.7661,208.124,94.687,94.687,-145.631,-145.631,345.22,131.19,1739.72,-0.229997,-0.229997,1488.4,1488.4,1488.4,-4285.74,1128.61,1128.61,1182.71,1182.71,0.316,-354.841,-354.841,113.019,113.019,4988.72,4988.72,-4718.69,-4718.69,0,205.042,2087.06,871.144,-1912.35,-1912.35,1619.1,-8655.81,-3792.83,1673.2,4939.12,4939.12,-1215.63,-1215.63,4228.67,4228.67,-443.698,-1073.82,-6603.82,-2891.09,-2077.17,-2077.17,1298.14,1298.14,1298.14,-3268,-3268,4204.94,3.95862e-11,3.95862e-11,-1546.02,2877.83,2877.83,-4154.7,1429.99,-1181.87,0,-2610.35,-1154.61,3869.23,2887.49,2887.49,407.487,-222.809,45.2676,3112.1,3112.1,1953.01,-939.251,-939.251,-9445.09,5981.14,9445.09,-8210.78,-8271.35,-8740.79,11897.7,-2410.41,2294.96,-8202.43,-8262.87,-8732.18,9180.01,4924.38,2752.54,-829.832,-13950.2,-2373.06,-11430.6,-28371.5,-15628.5,-15628.5,-1872.42,8568.81,-776.26,-1865.04,-752.651,894.683,-923.48,963.216,825.549,903.95,-965.422,-987.724,-970.75,929.105,-292.077,-292.077,867.056,-3819.98,-3819.98,8484.87,-802.039,-1220.4,940.851,-722.113,-2368.86,-3772.29,-3772.29,-6402.4,-8009.5,-8457.53,-16356.9,8810.15,-4599.82,6402.4,-1723.82,-4594.2,-8283.03,-4856.61,-4854.85,1723.82,8009.5,8457.53,-3488.65,-3529.54,-2528.47,-2936.09,-2330.28,-2638.8,-1994.92,-1994.92,-408.465,-785.319,1874.3,2115.54,-3729.15,8009.5,8009.5,8457.53,8457.53,1510.84,1510.84,-90.83,-350.729,-1191.41,-1191.41,-5012.1,-5012.1,4827.89,4827.89,-1270.45,125.854,-2781.14,3345.53,-14012.4,14505.7,16079.4,-10955.5,2781.14,-2986.19,-1874.65,2622.2,-104.319,-104.319,-909.343,-909.343,299.413,-349.96,2202.49,356.657,-77.2553,-77.2553,-1756.4,-593.696,-2299.2,-1679.64,-153.307,-153.307,-226.728,-226.817,-1977.66,-1977.66,-2145.59,-1113.21,-1613.47,-879.917,-465.093,-166.189,-166.189,46.3062,52.2976,0,672.086,747.584,0,9.6055,-864.716,-864.716,-35.5723,-346.326,386.787,388.812,-66.4215,460.834,449.84,-1436.45,2445.18,6112.25,1213.71,481.567,481.567,-250.044,-1884,-1884,-893.846,-887.402,2.14147e-10,0,-726.013,-726.013,0,-3.84392e-10,0,-1361.19,0,845.977,0,-1.85174e-12,4.3406e-10,1065.81,882.908,882.908,0,202.01,202.01,2.77679e-10,0,-1356.54,-2126.42,-2126.42,-2126.42,-2432.08,0,0,0,-493.219,-493.219,-493.219,0,724.076,223.064,223.064,74.5901,-3.03398e-10,37.2966,37.2966,-1.98429e-10,3.96836e-10,2.21263e-10,-1.27976e-10,-73.7088,-73.1615,-116.888,0,3.97841e-11,0,3166.19,3166.19,3166.19,0,0,0,0,1.87145e-10,1.32685e-10,-2929.42,-2929.42,3.67576e-10,5427.28,821.881,1201.78,0,8.42578e-11,1029.16,2605.52,-1.23989e-12,19302.2,10624.2,3049.95,2911.88,-45.2676,-3116.26,-3116.26,-1.09884e-10,76615.5,-798.037,1.44474e-10,-2.79557e-10,-1004.83,-1615,-3989.84,3.77389e-10,-2.76129e-10,-3.95772e-10,-560.699,-3.85021e-10,1.74173e-10,4.95386e-10,-7398.22,1.64847e-11,-4594.2,-3.4917e-12,-788.495,-2045.87,8.4774e-11,-1506.16,1.11848e-10,-1980.77,3436.04,-3.72108e-10,-8.13632e-10,2776.6,2776.6,-7.03714e-10,-44.0163,-44.0163,-2.85358e-11,-213.154,0,-4.8704e-10,2703.94,6492.99,0,0
2020-08-01 11:00:00 UTC,2988.16,877.505,-3311.61,634.452,634.452,166.77,-1158.41,-1329.51,1581.09,1581.09,-1693.42,-1347.15,6066.93,76.7936,-734.945,-1383.82,-2659.56,-841.469,4651.84,641.842,-342.958,2365.82,2365.82,2168.52,2939.35,857.256,570.938,-314.996,-98.7711,-1754.75,612.026,612.026,1367.44,755.269,755.269,4705.19,-2649.81,-2658.27,9185.86,9185.86,-2987.49,-5540.55,-2798.69,-1726.87,-4005.83,5555.82,7977.74,8036.53,8492.97,-181.083,1400.61,1400.61,-277.063,300.907,500.308,-285.581,-285.581,2295.02,-1015.47,-487.163,-1386.65,1704.45,1837.73,-899.631,-899.631,363.266,451.831,-407.535,-407.535,-392.681,-2183.38,1566.23,-781.664,-781.664,-43.8893,-43.8893,-15.0384,-11.8136,-21.3422,75.5547,154.435,-116.9,8.44569,7.87659,-1.89597,34.1771,12.3186,-394.625,-394.625,-55.8989,-55.8989,-55.361,-55.361,772.037,772.037,772.037,-257.284,-257.284,-94.4948,200.21,95.7388,95.7388,-139.507,-139.507,347.647,127.824,1726.87,-0.229997,-0.229997,1471.18,1471.18,1471.18,-4233.39,1114.08,1114.08,1171.77,1171.77,0.316,-352.286,-352.286,123.023,123.023,4947.55,4947.55,-4690.02,-4690.02,0,208.307,2074.04,863.631,-1900.91,-1900.91,1598.63,-8546.88,-3745.1,1656.33,4893.56,4893.56,-1210.13,-1210.13,4192.1,4192.1,-444.361,-1069.16,-6451.35,-2954.14,-2050.71,-2050.71,1279.21,1279.21,1279.21,-3203.92,-3203.92,4166.79,-1.78476e-10,-1.78476e-10,-1520.16,2818.5,2818.5,-4064.39,1392.22,-1155.04,0,-2545.84,-1147.35,3775.83,2827.68,2827.68,406.348,-218.627,47.0637,3095.8,3095.8,1902.1,-913.096,-913.096,-9193.34,5798.7,9193.34,-7985.64,-8044.55,-8501.12,11549.7,-2354.35,2236.68,-7977.74,-8036.53,-8492.97,8990.87,4787.24,2556.36,-893.695,-13963.4,-2340.18,-11423.3,-28376.8,-15631.4,-15631.4,-1883.64,8462.75,-781.319,-1875.95,-751.138,892.621,-919.99,959.626,822.3,900.44,-965.448,-987.75,-970.776,925.604,-284.729,-284.729,863.855,-3795.18,-3795.18,8425.89,-792.639,-1210.32,937.385,-722.393,-2365.56,-3737.19,-3737.19,-6390.63,-8032.22,-8481.52,-16426.7,8887.02,-4555.03,6390.63,-1756.04,-4549.52,-8320.63,-4878.65,-4876.89,1756.04,8032.22,8481.52,-3507.87,-3548.99,-2541.82,-2951.59,-2360,-2623.18,-2000.82,-2000.82,-427.594,-762.978,1879.84,2121.8,-3748.31,8032.22,8032.22,8481.52,8481.52,1519.49,1519.49,-89.9033,-347.443,-1202.82,-1202.82,-5045.38,-5045.38,4835.95,4835.95,-1233.93,138.547,-2806.45,3359.58,-14105.1,14559.8,16149.2,-11061.5,2806.45,-2960.91,-1871.73,2618.42,-115.94,-115.94,-879.445,-879.445,273.972,-339.61,2167.75,351.296,-59.7727,-59.7727,-1748.4,-586.163,-2295.06,-1689.07,-140.889,-140.889,-207.819,-207.901,-1965.02,-1965.02,-2125.68,-1097.16,-1590.15,-842.676,-421.031,-159.918,-159.918,57.9641,65.3512,0,668.923,743.995,0,22.2975,-863.448,-863.448,-55.9133,-300.403,391.305,393.354,-78.7745,486.584,475.023,-1458.46,2550.13,6205.4,1209.19,481.948,481.948,-244.779,-1931.62,-1931.62,-905.336,-898.809,-4.49788e-11,0,-800.217,-800.217,0,-6.40982e-11,0,-1304.38,0,856.629,0,-4.73703e-10,6.10373e-11,1083.93,877.652,877.652,0,206.884,206.884,2.51634e-10,0,-1302.48,-2045.18,-2045.18,-2045.18,-2391.67,0,0,0,-479.165,-479.165,-479.165,0,755.975,239.575,239.575,87.7785,-4.2742e-11,43.8915,43.8915,-3.09195e-10,-4.60291e-10,5.81129e-10,-3.85524e-10,-76.8247,-76.2542,-117.407,0,9.07868e-11,0,3136.35,3136.35,3136.35,0,0,0,0,2.77835e-10,1.14629e-10,-2915.39,-2915.39,2.08452e-11,5306.5,805.306,1177.55,0,1.23513e-10,1020.79,2569.47,2.26969e-10,19147.8,10553.1,3049.35,2912.5,-47.0637,-3099.75,-3099.75,5.70867e-11,75943.7,-775.727,4.78419e-11,-1.48267e-10,-1007.8,-1619.78,-4001.64,-2.8956e-10,3.26541e-10,-1.49161e-10,-569.169,3.98752e-10,-2.58723e-10,-1.2029e-09,-7520.94,-8.58203e-11,-4549.52,-2.91963e-10,-800.532,-2010.45,-4.19864e-10,-1475.76,6.94707e-11,-2000.79,3437.47,-5.31631e-12,1.37703e-11,2764.49,2764.49,2.6888e-11,-61.2199,-61.2199,-2.5795e-10,-166.77,0,3.61334e-12,2687.84,6422.82,0,0
2020-08-01 12:00:00 UTC,3111.1,916.6,-3548.35,718.28,718.28,142.25,-1254.44,-1441.52,1671.98,1671.98,-1709.91,-1337.55,6197.65,92.6083,-725.157,-1426.49,-2702.03,-854.91,4731.09,648.609,-400.589,2383.68,2383.68,2221.29,3045.18,887.8,578.595,-322.651,-112.311,-1786.33,621.995,621.995,1388.1,765.955,765.955,4772.45,-2628.05,-2636.44,9208.47,9208.47,-2966.12,-5566.32,-2850.82,-1759.03,-3981.82,5523.8,7969.77,8028.51,8484.49,-174.453,1400.99,1400.99,-282.689,298.509,464.509,-301.647,-301.647,2279.7,-1044.01,-485.985,-1400.39,1688.55,1820.59,-914.546,-914.546,386.113,496.071,-441.076,-441.076,-418.058,-2236.59,1590.44,-793.724,-793.724,-51.0283,-51.0283,-15.8416,-12.8345,-21.256,75.3355,151.15,-116.3,8.47885,7.90751,-2.34208,33.8841,9.55944,-398.456,-398.456,-51.5378,-51.5378,-51.0442,-51.0442,780.011,780.011,780.011,-253.053,-253.053,-98.508,197.891,99.1832,99.1832,-137.343,-137.343,358.693,127.919,1759.03,-0.229997,-0.229997,1486.04,1486.04,1486.04,-4274.6,1124.07,1124.07,1185.53,1185.53,0.316,-357.052,-357.052,131.719,131.719,5008.92,5008.92,-4754.56,-4754.56,0,214.206,2102.43,873.541,-1927.1,-1927.1,1613.56,-8627.16,-3780.28,1675.02,4951.11,4951.11,-1228.61,-1228.61,4243.09,4243.09,-453.936,-1085.43,-6464.01,-3047.94,-2070.1,-2070.1,1289.04,1289.04,1289.04,-3217.73,-3217.73,4216.13,5.33378e-11,5.33378e-11,-1528.27,2827.07,2827.07,-4074.67,1389.47,-1159.97,0,-2548.02,-1164.58,3777.78,2836.07,2836.07,412.633,-219.042,49.4708,3140.08,3140.08,1902.09,-911.821,-911.821,-9188.96,5778.45,9188.96,-7977.66,-8036.51,-8492.62,11520.8,-2359.24,2237.6,-7969.77,-8028.51,-8484.49,9023.33,4780.57,2467.66,-952.232,-14219.9,-2360.57,-11621.1,-28879.3,-15907.7,-15907.7,-1925.32,8546.35,-802.99,-1916.48,-762.7,907.522,-933.846,974.794,834.817,914.185,-982.208,-1004.9,-987.628,939.843,-285.314,-285.314,877.19,-3845.63,-3845.63,8541.34,-804.531,-1224.58,951.858,-734.196,-2403.81,-3781.7,-3781.7,-6501.55,-8184.26,-8642.07,-16756.1,9091.93,-4621.57,6501.55,-1798.43,-4615.91,-8481.56,-4973.01,-4971.21,1798.43,8184.26,8642.07,-3575.98,-3617.9,-2585.71,-3002.56,-2424.69,-2670.51,-2033.97,-2033.97,-454.761,-765.516,1910.99,2156.95,-3801.15,8184.26,8184.26,8642.07,8642.07,1539.91,1539.91,-90.9398,-351.547,-1219.85,-1219.85,-5114.05,-5114.05,4895.53,4895.53,-1258.22,137.876,-2846.53,3403.18,-14264.7,14837.4,16467.8,-11229.1,2846.53,-3012.86,-1915.06,2668.52,-131.131,-131.131,-879.672,-879.672,267.227,-342.054,2216.25,361.785,-51.9758,-51.9758,-1806.72,-599.238,-2388.92,-1755.18,-133.1,-133.1,-198.481,-198.559,-1995.67,-1995.67,-2155.71,-1109.8,-1608.27,-839.326,-413.394,-159.496,-159.496,65.901,74.2458,0,672.609,748.012,0,30.0998,-872.237,-872.237,-69.4063,-278.716,402.194,404.301,-87.5438,512.32,500.179,-1529.26,2717.62,6376.31,1224.6,490.535,490.535,-243.006,-2012.53,-2012.53,-936.367,-929.617,-4.614e-10,0,-885.672,-885.672,0,-4.49215e-12,0,-1331.31,0,887.127,0,-2.85503e-10,5.32055e-10,1124.93,893.452,893.452,0,217.481,217.481,-3.8917e-10,0,-1282.91,-2021.95,-2021.95,-2021.95,-2415.37,0,0,0,-474.714,-474.714,-474.714,0,804.202,260.722,260.722,102.057,2.90226e-10,51.0313,51.0313,-1.48788e-10,-9.19372e-10,2.61895e-10,-1.46314e-10,-81.6556,-81.049,-119.588,0,-3.33954e-11,0,3171.85,3171.85,3171.85,0,0,0,0,1.58507e-11,-2.22432e-10,-2959.62,-2959.62,2.37364e-10,5322.34,809.845,1184.18,0,-6.97355e-12,1034.58,2591.15,-2.42367e-10,19386.8,10693.1,3099.74,2963.43,-49.4708,-3143.91,-3143.91,-1.84688e-10,76866.4,-778.448,-2.86293e-10,-4.76835e-11,-1024.49,-1646.62,-4067.95,-3.86901e-10,-6.61126e-12,3.29553e-10,-573.562,-9.95767e-11,-8.55671e-10,1.00989e-10,-7699.97,-8.55034e-10,-4615.91,-1.76027e-10,-819.421,-2055.04,-1.86602e-10,-1497.65,3.83804e-11,-2071.47,3561.9,-6.6656e-10,-1.88388e-10,2808.77,2808.77,3.82861e-10,-67.6492,-67.6492,8.00135e-11,-142.25,0,-2.04818e-10,2722.18,6484.66,0,0
2020-08-01 13:00:00 UTC,3294.79,965.273,-3776.33,756.166,756.166,196.84,-1334.68,-1532.5,1765.91,1765.91,-1908.08,-1433.97,6681.26,4.98828,-765.731,-1591.81,-2845.94,-900.445,5152.46,711.809,-347.026,2503.06,2503.06,2400.85,3299.65,962.334,612.122,-356.17,-124.307,-1920.38,666.451,666.451,1488.96,822.342,822.342,5127.11,-2803.71,-2812.67,9894.96,9894.96,-3165.18,-6016.3,-3078.82,-1899.73,-4250.23,5888.49,8553.85,8616.89,9106.32,-183.214,1505.34,1505.34,-303.415,319.174,485.739,-329.11,-329.11,2440.52,-1128.62,-519.797,-1502.68,1807.85,1949.21,-983.051,-983.051,424.529,551.808,-488.149,-488.149,-459.934,-2414.72,1704.21,-850.387,-850.387,-57.8495,-57.8495,-17.3392,-14.1902,-22.8184,80.9006,161.265,-124.833,9.18539,8.56644,-2.61386,36.3674,9.21578,-429.669,-429.669,-53.7294,-53.7294,-53.2154,-53.2154,841.577,841.577,841.577,-269.816,-269.816,-107.361,211.901,107.949,107.949,-146.856,-146.856,390.281,137.554,1899.73,0.00200381,0.00200381,1571.19,1571.19,1571.19,-4523.92,1188.26,1188.26,1251.5,1251.5,-0.003,-376.729,-376.729,129.565,129.565,5283.26,5283.26,-5004.57,-5004.57,0,221.887,2213.93,920.497,-2028.04,-2028.04,1707.52,-9131.73,-4001.34,1770.76,5226.39,5226.39,-1293.12,-1293.12,4477.1,4477.1,-477.309,-1141.01,-6900.77,-3142.04,-2192.72,-2192.72,1366.68,1366.68,1366.68,-3423.74,-3423.74,4449.35,6.14129e-11,6.14129e-11,-1617.63,3007.75,3007.75,-4342.46,1479.13,-1249.17,0,-2726.67,-1233.89,4027.21,3017.79,3017.79,431.852,-232.044,52.7289,3312.9,3312.9,2038.76,-978.601,-978.601,-9853.03,6208.86,9853.03,-8562.94,-8626.11,-9115.69,12370.8,-2522.73,2396.34,-8553.85,-8616.89,-9106.32,9614.36,5124.34,2750.65,-943.862,-14890.9,-2500.96,-12184.9,-30249.4,-16661.6,-16661.6,-2014.03,9047.67,-845.774,-2003.49,-797.804,949.467,-981.274,1025.44,878.077,961.421,-1028.8,-1052.57,-1034.48,988.117,-305.295,-305.295,922.024,-4051.72,-4051.72,9012.05,-856.709,-1290.53,1000.47,-767.501,-2514.11,-3991.13,-3991.13,-6850.27,-8542.92,-9020.8,-17464.1,9461.2,-4946.35,6850.27,-1818.9,-4939.86,-8823.25,-5173.36,-5171.48,1818.9,8542.92,9020.8,-3700.99,-3744.37,-2675.92,-3107.35,-2519.14,-2857.14,-2102.15,-2102.15,-480.347,-844,1975.05,2229.25,-3920.73,8542.92,8542.92,9020.8,9020.8,1578.24,1578.24,-97.9644,-377.988,-1238.68,-1238.68,-5229.81,-5229.81,5056.53,5056.53,-1438.89,100.301,-2907.51,3497.25,-14551,15454.1,17158.4,-11484.2,2907.51,-3268.02,-2066.4,2820.1,-140.828,-140.828,-988.404,-988.404,325.278,-388.934,2469.4,413.993,-83.5618,-83.5618,-2019,-659.868,-2729.76,-1936.02,-151.733,-151.733,-238.571,-238.664,-2118.82,-2118.82,-2304.15,-1200.68,-1733.01,-959.052,-531.686,-180.87,-180.87,58.7458,66.2692,0,707.6,786.762,0,19.6857,-932.809,-932.809,-54.9026,-339.871,423.364,425.58,-81.0707,520.727,508.33,-1679.88,2920.75,6605.23,1281.13,514.113,514.113,-252.342,-2128.56,-2128.56,-997.582,-990.39,3.64725e-10,0,-931.98,-931.98,0,2.78043e-11,0,-1583.42,0,961.544,0,-5.02255e-10,3.32413e-11,1216.8,960.521,960.521,0,240.238,240.238,5.19205e-10,0,-1365.49,-2162.38,-2162.38,-2162.38,-2605.63,0,0,0,-508.971,-508.971,-508.971,0,884.501,289.086,289.086,115.699,6.55306e-11,57.8533,57.8533,6.49072e-11,9.42297e-10,-8.52509e-11,-1.12967e-10,-89.7317,-89.065,-123.213,0,7.20071e-11,0,3348.95,3348.95,3348.95,0,0,0,0,-1.99377e-10,-5.05022e-10,-3125.35,-3125.35,-1.27138e-10,5694.14,872.16,1275.3,0,1.96264e-10,1098.24,2748.13,3.39737e-10,20445.2,11267.7,3240.96,3103.83,-52.7289,-3317.01,-3317.01,1.19482e-10,81125.3,-857.5,-1.71504e-10,-4.26009e-11,-1058.83,-1701.81,-4204.31,-5.3356e-11,-3.34031e-11,-7.35155e-10,-569.213,-1.01443e-10,-2.10387e-10,-2.96258e-11,-7920.89,-3.3548e-10,-4939.86,5.60166e-10,-832.028,-2300.99,-7.91635e-11,-1645.77,-7.43724e-10,-2235.98,3955.02,1.74273e-10,-2.55946e-10,2968.82,2968.82,-5.8691e-10,-35.2082,-35.2082,4.98534e-10,-196.84,0,3.36419e-11,2863.02,6856.34,0,0
2020-08-01 14:00:00 UTC,3474.41,1007.18,-3871.05,693.613,693.613,376.015,-1345.66,-1539.62,1829.83,1829.83,-2202.92,-1643.44,7374.66,-95.4324,-875.174,-1766.95,-3099.2,-980.588,5768.6,811.104,-144.116,2716.26,2716.26,2629.07,3594.95,1048.02,657.034,-401.069,-129.07,-2098.93,729.973,729.973,1651.59,921.409,921.409,5681.82,-3246.3,-3256.67,11316.7,11316.7,-3641.92,-6920.19,-3424.36,-2112.95,-4857.07,6624.44,9867.21,9939.91,10504.6,-231.015,1727.52,1727.52,-328.016,373.993,676.107,-326.97,-326.97,2851.11,-1192.84,-587.991,-1693.7,2128.44,2294.81,-1105.92,-1105.92,426.656,516.769,-471.695,-471.695,-460.628,-2648.71,1893.74,-944.745,-944.745,-47.189,-47.189,-17.2773,-12.9418,-26.4868,93.6622,197.341,-146.628,10.4518,9.74752,-1.74829,43.0186,19.6757,-481.886,-481.886,-76.0312,-76.0312,-75.297,-75.297,940.582,940.582,940.582,-308.146,-308.146,-112.015,253.018,115.076,115.076,-177.097,-177.097,431.399,159.252,2112.95,1.75401,1.75401,1744.82,1744.82,1744.82,-5026.23,1323.44,1323.44,1383.52,1383.52,-2.406,-418.388,-418.388,106.354,106.354,5817.34,5817.34,-5467.18,-5467.18,0,229.973,2419.72,1003.46,-2212.51,-2212.51,1894.85,-10155.5,-4449.87,1954.93,5770.66,5770.66,-1415.88,-1415.88,4939.05,4939.05,-524.864,-1246.05,-7880.89,-3168.26,-2438.14,-2438.14,1522.08,1522.08,1522.08,-3873.75,-3873.75,4912.69,1.13525e-10,1.13525e-10,-1801.65,3405.15,3405.15,-4924.45,1698.2,-1429.14,0,-3125.18,-1348.44,4610.66,3421.2,3421.2,470.44,-250.98,57.9031,3607.89,3607.89,2345.31,-1128.17,-1128.17,-11341.5,7222.83,11341.5,-9879.3,-9952.18,-10517.1,14342.2,-2881.16,2743.5,-9867.21,-9939.91,-10504.6,10903.3,5927.33,3543.47,-820.213,-15951.6,-2792.28,-13107.7,-32439.9,-17860.3,-17860.3,-2132.77,10092.1,-937.862,-2114.06,-852.985,1026.72,-1063.69,1118.19,953.381,1044.14,-1100.28,-1125.71,-1106.35,1073.8,-353.474,-353.474,1002.25,-4423.73,-4423.73,9912.94,-992.835,-1406.34,1087.53,-815.035,-2694.01,-4405.48,-4405.48,-7402.98,-9075.77,-9583.48,-18485.9,9890.64,-5494.34,7402.98,-1817.64,-5486.33,-9316.66,-5462.65,-5460.68,1817.64,9075.77,9583.48,-3864.55,-3909.85,-2812.1,-3265.53,-2633.1,-3169.21,-2194.27,-2194.27,-504.198,-993.225,2061.6,2326.93,-4096.1,9075.77,9075.77,9583.48,9583.48,1637.02,1637.02,-107.328,-413.206,-1270.24,-1270.24,-5410,-5410,5328.19,5328.19,-1756.01,28.989,-2993.01,3650.87,-15030.8,16365.7,18158.3,-11811,2993.01,-3705.4,-2316.16,3054.58,-146.38,-146.38,-1195.28,-1195.28,438.069,-477.125,2904.44,502.55,-148.678,-148.678,-2370.11,-764.905,-3303,-2222.36,-194.279,-194.279,-323.016,-323.141,-2320.66,-2320.66,-2556.31,-1362.47,-1955.33,-1179.13,-775.151,-218.898,-218.898,27.5438,31.3734,0,744.688,827.932,0,-18.2388,-990.853,-990.853,1.21944,-527.454,450.459,452.814,-49.6952,493.07,481.199,-1907.34,3077.53,6804.44,1358.45,551.418,551.418,-255.008,-2239.17,-2239.17,-1079.84,-1072.06,-3.58259e-10,0,-883.233,-883.233,0,7.72832e-10,0,-1857.66,0,1047.09,0,3.75856e-10,-2.67885e-10,1328.32,1049.86,1049.86,0,265.07,265.07,-5.77837e-10,0,-1638.74,-2559.43,-2559.43,-2559.43,-2915.41,0,0,0,-624.85,-624.85,-624.85,0,887.323,276.128,276.128,94.3779,-1.04171e-11,47.1915,47.1915,1.00544e-10,-2.70542e-10,-2.12369e-10,-2.3405e-10,-90.2732,-89.6028,-133.516,0,9.40883e-11,0,3684.73,3684.73,3684.73,0,0,0,0,-8.0745e-11,-3.40166e-10,-3402.5,-3402.5,1.80289e-10,6478.89,991.157,1449.29,0,1.79593e-10,1201.41,3059.49,4.12302e-10,22461.1,12318.5,3458.1,3315.15,-57.9031,-3614.06,-3614.06,-3.43806e-10,89477.8,-1008.42,3.45111e-10,-2.43079e-10,-1105.23,-1776.38,-4388.53,-1.66023e-10,-1.78425e-10,-1.68229e-10,-542.204,-1.15124e-11,3.04871e-10,2.25568e-10,-8070.47,-5.13815e-10,-5486.33,6.95847e-10,-837.186,-2725.86,-2.69972e-10,-1906.05,-3.02279e-10,-2489.26,4592.47,6.40257e-10,-6.35041e-10,3231.42,3231.42,-5.8201e-10,29.7178,29.7178,4.58513e-10,-376.015,0,-1.02195e-09,3093.69,7557.36,0,0
2020-08-01 15:00:00 UTC,3607.78,1034.9,-3810.71,547.945,547.945,616.988,-1287.42,-1464.57,1844.71,1844.71,-2482.02,-1911.47,8066.36,-144.774,-1030.59,-1877.9,-3414.31,-1080.31,6384.63,912.17,125.001,2986.24,2986.24,2822.09,3843.17,1117.93,695.674,-439.698,-130.122,-2252.27,791.805,791.805,1840.15,1048.09,1048.09,6279.2,-3819.46,-3831.64,12984.4,12984.4,-4251.09,-7896.61,-3774.24,-2328.87,-5620,7520.35,11426.1,11510.3,12164.3,-298.934,1985.21,1985.21,-362.579,442.208,923.34,-318.054,-318.054,3352.79,-1259.57,-671.229,-1942.67,2514.53,2711.01,-1271.71,-1271.71,412.786,447.848,-430.303,-430.303,-443.432,-2875.74,2089.83,-1042.33,-1042.33,-30.6119,-30.6119,-16.4833,-10.5995,-30.7347,108.482,240.45,-171.136,12.0331,11.2223,-0.00744141,50.8008,34.0807,-535.571,-535.571,-105.324,-105.324,-104.299,-104.299,1046.91,1046.91,1046.91,-354.568,-354.568,-112.309,300.542,119.483,119.483,-212.579,-212.579,465.677,182.762,2328.87,7.45501,7.45501,1960.6,1960.6,1960.6,-5633.43,1492.62,1492.62,1551.53,1551.53,-10.235,-478.569,-478.569,75.1455,75.1455,6482.54,6482.54,-6026.94,-6026.94,0,242.672,2667.63,1088.55,-2431.44,-2431.44,2113.76,-11399.2,-4994.75,2172.67,6449.54,6449.54,-1578.61,-1578.61,5521.72,5521.72,-602.083,-1383.49,-9080.78,-3137.4,-2730.34,-2730.34,1701.54,1701.54,1701.54,-4423.63,-4423.63,5495.87,-4.60244e-11,-4.60244e-11,-2006.06,3881.25,3881.25,-5606.02,1970.66,-1635.35,0,-3603.08,-1471.3,5339.81,3913.05,3913.05,527.235,-254.457,67.8295,3927.56,3927.56,2712.6,-1302.61,-1302.61,-13108,8454.56,13108,-11442.3,-11526.7,-12181,16720.2,-3310.17,3144.21,-11426.1,-11510.3,-12164.3,12461,6918.39,4511.43,-657.599,-17140.4,-3154.74,-14149,-34875,-19177.9,-19177.9,-2251.1,11426.7,-1100.24,-2211.81,-911.618,1121.81,-1156.86,1235.39,1038.26,1138.89,-1172.34,-1199.46,-1178.81,1175.3,-417.876,-417.876,1099.24,-4849.95,-4849.95,11036.2,-1220.02,-1525.13,1192.91,-857.555,-2890.2,-4926.66,-4926.66,-7990,-9641.29,-10180.6,-19570.1,10259.9,-6075.72,7990,-1815.9,-6065.93,-9840.37,-5769.71,-5767.63,1815.9,9641.29,10180.6,-4037.79,-4085.14,-2960.89,-3438.35,-2746.71,-3498.38,-2293.97,-2293.97,-522.366,-1154.48,2155.29,2432.66,-4297.89,9641.29,9641.29,10180.6,10180.6,1705.82,1705.82,-117.659,-452.135,-1308.41,-1308.41,-5622.1,-5622.1,5635.89,5635.89,-2085.27,-42.2625,-3087.29,3827.6,-15596.2,17326.2,19215.7,-12163.1,3087.29,-4154.46,-2568.76,3300.95,-148.14,-148.14,-1408.49,-1408.49,559.076,-566.915,3354.24,592.496,-218.254,-218.254,-2726.89,-874.401,-3889.21,-2509.99,-240.009,-240.009,-410.325,-410.482,-2534.05,-2534.05,-2822.58,-1533.18,-2193.2,-1400.17,-1038.64,-256.377,-256.377,-17.2114,-18.7135,0,762.144,847.438,0,-69.821,-1015.99,-1015.99,79.5173,-775.849,476.583,479.071,-3.49403,441.641,430.86,-2135.88,3147.59,6958.27,1406.32,591.496,591.496,-222.791,-2319.6,-2319.6,-1157.68,-1149.34,4.03877e-10,0,-754.964,-754.964,0,3.63438e-10,0,-2016.78,0,1116.87,0,2.21245e-11,-1.13538e-09,1435.09,1126.59,1126.59,0,284.91,284.91,7.64739e-11,0,-2009.88,-3043.97,-3043.97,-3043.97,-3249.22,0,0,0,-783.579,-783.579,-783.579,0,856.254,246.905,246.905,61.2238,-9.60319e-10,30.613,30.613,3.27881e-10,-3.9885e-10,6.56797e-10,3.60598e-10,-86.8964,-86.2515,-154.503,0,6.36888e-11,0,4074.85,4074.85,4074.85,0,0,0,0,4.32049e-10,1.76381e-10,-3701.73,-3701.73,3.28229e-10,7386.04,1121,1639.14,0,-2.97966e-10,1298.07,3421.45,6.28092e-10,24889.6,13527.6,3675.19,3520.64,-67.8295,-3939.41,-3939.41,1.48848e-10,99875.9,-1172.65,1.18493e-09,1.95846e-11,-1155.44,-1857.1,-4587.95,4.40273e-10,8.21219e-10,-3.83931e-10,-519.833,-6.87136e-10,-1.38024e-10,4.88479e-10,-8174.35,-1.9863e-10,-6065.93,-6.34433e-10,-846.389,-3165.12,8.8355e-10,-2180.53,1.00689e-09,-2739.31,5236.88,-4.15084e-10,-1.17279e-09,3514,3514,-3.30762e-10,98.2202,98.2202,4.69265e-10,-616.988,0,-4.08471e-10,3309.51,8317.04,0,0
2020-08-01 16:00:00 UTC,3711.26,1054.6,-3690.59,377.283,377.283,865.841,-1206.2,-1362.34,1814.19,1814.19,-2730.61,-2196.56,8713.68,-173.094,-1203.44,-1952.24,-3742.28,-1184.09,6965.02,1008.61,404.313,3286.77,3286.77,2991.39,4045.36,1174.78,730.704,-474.716,-125.863,-2390.81,851.704,851.704,2028.05,1176.04,1176.04,6864.99,-4431.14,-4445.27,14685.7,14685.7,-4902.44,-8852.49,-4104.86,-2532.9,-6437.72,8472.15,13021.8,13117.7,13863.2,-372.288,2248.45,2248.45,-401.3,513.37,1182.36,-307.186,-307.186,3872.57,-1329.82,-761.593,-2202.57,2911.52,3138.93,-1441.34,-1441.34,392.128,364.95,-378.528,-378.528,-418.664,-3084.9,2285.44,-1139.63,-1139.63,-11.7179,-11.7179,-15.548,-8.05396,-35.0794,123.556,285.077,-196.373,14.016,13.0716,2.34237,59.111,49.1791,-589.304,-589.304,-135.863,-135.863,-134.534,-134.534,1153.5,1153.5,1153.5,-405.233,-405.233,-111.257,349.579,122.716,122.716,-249.253,-249.253,495.198,206.604,2532.9,6.79252,6.79252,2168.18,2168.18,2168.18,-6246.98,1653.58,1653.58,1715.16,1715.16,-9.329,-538.384,-538.384,42.3368,42.3368,7140.95,7140.95,-6576.4,-6576.4,0,254.509,2912.18,1168.07,-2646.02,-2646.02,2331.28,-12639.7,-5538.19,2392.87,7122.36,7122.36,-1743.56,-1743.56,6098.9,6098.9,-683.728,-1521.63,-10306.3,-3064.05,-3026,-3026,1883.11,1883.11,1883.11,-4982.45,-4982.45,6071.87,-7.90794e-11,-7.90794e-11,-2210.79,4363.69,4363.69,-6296.44,2250.45,-1843.02,0,-4089.61,-1591.63,6087.73,4412.22,4412.22,585.644,-252.594,72.7527,4237.18,4237.18,3085.73,-1483.41,-1483.41,-14914.2,9721.66,14914.2,-13042.9,-13139.1,-13884.9,19162.3,-3744.34,3554.55,-13021.8,-13117.7,-13863.2,14042.7,7937.45,5537.53,-468.312,-18244.2,-3518.91,-15127,-37142.3,-20402.7,-20402.7,-2353.19,12768,-1263.98,-2291.98,-968.105,1207.56,-1245.4,1349.49,1118.52,1228.91,-1238.5,-1267.17,-1245.34,1272.82,-484.715,-484.715,1192.97,-5263.41,-5263.41,12144.7,-1455.03,-1636.43,1294.84,-896.853,-3071.68,-5444.71,-5444.71,-8554.04,-10147,-10714.6,-20515.9,10540.5,-6670.54,8554.04,-1778.53,-6658.73,-10292.4,-6034.75,-6032.57,1778.53,10147,10714.6,-4175.55,-4224.52,-3086.1,-3583.79,-2824.82,-3833.05,-2376.96,-2376.96,-524.571,-1325.87,2233.25,2520.66,-4473.03,10147,10147,10714.6,10714.6,1760.38,1760.38,-129.426,-496.224,-1329.55,-1329.55,-5781.21,-5781.21,5912.35,5912.35,-2446.75,-125.928,-3148.15,3975.69,-16003,18156.4,20136.6,-12388,3148.15,-4596.29,-2810.56,3542.78,-143.571,-143.571,-1626.38,-1626.38,696.926,-657.662,3827.47,685.046,-298.507,-298.507,-3084.47,-986.993,-4459.01,-2787.87,-290.134,-290.134,-501.329,-501.52,-2746.76,-2746.76,-3089.1,-1705.02,-2432.81,-1632.67,-1314.34,-295.666,-295.666,-65.2138,-72.436,0,781.956,869.618,0,-124.887,-1039.48,-1039.48,163.607,-1033.13,501.866,504.483,46.1737,383.371,373.835,-2351,3187.03,7036.02,1443.2,628.116,628.116,-186.521,-2381.1,-2381.1,-1226.3,-1217.46,6.26577e-10,0,-597.763,-597.763,0,6.08673e-10,0,-2118.38,0,1173.6,0,7.1668e-10,-1.06655e-10,1522.64,1195.92,1195.92,0,300.29,300.29,-4.66631e-11,0,-2403.25,-3543.76,-3543.76,-3543.76,-3584.04,0,0,0,-956.004,-956.004,-956.004,0,810.824,210.988,210.988,23.4357,-8.42554e-10,11.718,11.718,6.68477e-10,-2.26324e-10,1.22695e-09,-1.23361e-09,-81.9172,-81.3098,-160.421,-7.10313e-11,-7.32083e-11,0,4459.44,4459.44,4459.44,0,0,0,0,2.2115e-10,4.41028e-10,-3992.77,-3992.77,5.79889e-10,8304.35,1251.12,1829.39,0,-3.43934e-10,1384.71,3782.04,7.65703e-10,27277.7,14700.2,3872.79,3708.18,-72.7527,-4255.04,-4255.04,9.15024e-11,110175,-1347.41,5.72362e-10,-4.83599e-10,-1197.23,-1924.28,-4753.91,4.66258e-10,-1.07403e-09,-2.36721e-10,-491.639,2.87509e-10,3.34364e-10,-1.61541e-10,-8186.81,2.49718e-10,-6658.73,1.03945e-11,-849.334,-3626.85,1.34906e-09,-2480.99,-1.27423e-10,-2966.44,5872.34,-1.50526e-09,8.39689e-10,3790.01,3790.01,1.00313e-10,175.254,175.254,7.8785e-10,-865.841,0,-1.38126e-09,3512.52,9057.11,0,0
2020-08-01 17:00:00 UTC,3802.38,1068.29,-3545.4,209.567,209.567,1118.23,-1110.32,-1242.62,1782.66,1782.66,-3014.63,-2463.47,9364.63,-255.151,-1357.28,-2066.7,-4025.62,-1273.76,7567.7,1110.56,706.363,3571,3571,3167.96,4197.41,1219.29,770.995,-514.994,-104.296,-2548.67,913.056,913.056,2208.35,1294.93,1294.93,7452.34,-5037.03,-5053.07,16397.1,16397.1,-5557.12,-9835.3,-4440.44,-2740,-7274.37,9531.34,14624.8,14732.5,15569.9,-441.277,2517.55,2517.55,-436.102,583.892,1438.98,-295.588,-295.588,4391.61,-1401.53,-854.778,-2435.34,3311.69,3570.26,-1581.01,-1581.01,371.335,279.688,-325.503,-325.503,-393.659,-3295.18,2484.89,-1238.79,-1238.79,7.55971,7.55971,-14.8795,-5.80577,-39.5536,138.991,329.329,-221.469,15.7947,14.7305,4.39371,67.2135,63.7286,-645.821,-645.821,-165.864,-165.864,-164.235,-164.235,1266.09,1266.09,1266.09,-463.95,-463.95,-110.803,398.289,126.207,126.207,-285.649,-285.649,520.06,230.467,2740,11.463,11.463,2377.03,2377.03,2377.03,-6844.45,1815.36,1815.36,1877.39,1877.39,-15.745,-597.797,-597.797,7.97537,7.97537,7782.07,7782.07,-7108.99,-7108.99,0,265.491,3151.1,1250.71,-2853.38,-2853.38,2545.12,-13862.7,-6073.97,2607.15,7778.56,7778.56,-1899.74,-1899.74,6661.07,6661.07,-756.602,-1651.71,-11536.7,-2965.57,-3315.74,-3315.74,2063.6,2063.6,2063.6,-5542.32,-5542.32,6633.84,-7.04134e-11,-7.04134e-11,-2423.97,4852.43,4852.43,-6997.81,2539.08,-2044.66,0,-4578.79,-1704.62,6844.28,4914.78,4914.78,638.985,-256.519,78.301,4541.96,4541.96,3463.69,-1662.16,-1662.16,-16728.2,11005.8,16728.2,-14651.4,-14759.5,-15597.3,21630.8,-4183.43,3960.17,-14624.8,-14732.5,-15569.9,15625.1,8964.43,6605.41,-260.713,-19282.1,-3876.56,-16055.1,-39288,-21562.3,-21562.3,-2444.81,14076.9,-1406.42,-2364.86,-1025.4,1286.63,-1331.58,1457.16,1196.44,1315.96,-1301.54,-1331.69,-1308.73,1366.52,-550.128,-550.128,1282.67,-5667.78,-5667.78,13212.1,-1671.39,-1749.94,1392.36,-936.516,-3247.65,-5946.65,-5946.65,-9101.77,-10615.1,-11209,-21376.5,10778.4,-7269.16,9101.77,-1720.57,-7255.14,-10700.1,-6273.79,-6271.53,1720.57,10615.1,11209,-4291.87,-4342.21,-3196.23,-3711.73,-2883.93,-4168.75,-2449.09,-2449.09,-519.587,-1503.33,2301.03,2597.15,-4631.23,10615.1,10615.1,11209,11209,1805.94,1805.94,-142.06,-543.423,-1338.29,-1338.29,-5905.12,-5905.12,6165.13,6165.13,-2825.2,-216.448,-3200.54,4103.76,-16334.9,18886.5,20976.6,-12593.1,3200.54,-5053.22,-3056.88,3778.19,-134.988,-134.988,-1861.33,-1861.33,843.146,-755.559,4312.29,779.034,-386.246,-386.246,-3447.68,-1102.23,-5028.45,-3064.02,-346.575,-346.575,-601.359,-601.588,-2958.61,-2958.61,-3359.06,-1882.81,-2678.06,-1889.91,-1611.09,-339.516,-339.516,-113.88,-126.893,0,812.535,903.735,0,-181.551,-1081.24,-1081.24,249.528,-1295.55,525.02,527.753,96.1738,320.91,312.703,-2556.49,3209.82,7069.82,1487.6,663.194,663.194,-160.825,-2433.43,-2433.43,-1302.24,-1292.85,4.81729e-10,0,-447.371,-447.371,0,-7.45951e-12,0,-2313.53,0,1218.02,0,-2.95656e-10,5.24589e-10,1577.63,1274.92,1274.92,0,309.645,309.645,1.19944e-09,0,-2769.13,-4044.37,-4044.37,-4044.37,-3937.26,0,0,0,-1100.05,-1100.05,-1100.05,0,765.021,174.118,174.118,-15.1194,5.47743e-10,-7.55965,-7.55965,-4.65505e-10,1.75738e-10,-3.0462e-10,6.37958e-10,-76.9579,-76.3878,-174.864,0,1.05051e-10,0,4837.3,4837.3,4837.3,0,0,0,0,2.36655e-10,2.05206e-10,-4279.84,-4279.84,3.11753e-10,9218.95,1379.89,2017.67,0,-2.44929e-10,1465.24,4137.7,4.27488e-10,29604.9,15841.3,4064.69,3886.91,-78.301,-4564.72,-4564.72,1.55347e-10,120190,-1527.96,9.73693e-10,8.80254e-10,-1233.56,-1982.67,-4898.18,-3.33686e-10,2.91799e-10,2.27324e-10,-460.618,1.00228e-09,-2.05228e-10,2.60152e-10,-8244.52,7.14571e-10,-7255.13,4.45523e-10,-842.967,-4102.01,-8.4348e-10,-2794.45,-4.19434e-10,-3189.89,6511.7,4.17004e-10,-9.4294e-10,4062.84,4062.84,4.11889e-10,262.603,262.603,-8.95432e-10,-1118.23,0,-1.03328e-10,3716.7,9801.56,0,0
2020-08-01 18:00:00 UTC,3851.4,1070.82,-3377.31,51.8856,51.8856,1342.96,-1011.54,-1120.12,1709.21,1709.21,-3253.19,-2697.88,9895.58,-311.899,-1494.09,-2145.82,-4271.16,-1351.47,8062.63,1195,979.06,3835.24,3835.24,3302.6,4254.13,1237.43,805.741,-549.726,-69.5285,-2683.35,963.25,963.25,2353.16,1389.5,1389.5,7958.13,-5585.05,-5602.83,17890.1,17890.1,-6155,-10659,-4715.95,-2910.02,-8047.19,10582.6,16021.3,16139.3,17056.8,-500.693,2754.37,2754.37,-468.37,645.477,1656.58,-288.242,-288.242,4844.83,-1472.99,-939.836,-2641.52,3659.77,3945.42,-1702.2,-1702.2,350.877,200.511,-275.688,-275.688,-369.259,-3465.08,2651.55,-1321.61,-1321.61,24.8875,24.8875,-14.4907,-4.08025,-43.4939,152.499,366.176,-242.072,16.9259,15.7855,5.75451,73.6468,75.8535,-695.235,-695.235,-191.295,-191.295,-189.411,-189.411,1366.97,1366.97,1366.97,-523.596,-523.596,-110.077,438.593,128.719,128.719,-315.83,-315.83,532.328,250.104,2910.02,16.4915,16.4915,2554.45,2554.45,2554.45,-7351.12,1950.25,1950.25,2014.74,2014.74,-22.652,-646.598,-646.598,-21.5092,-21.5092,8324.3,8324.3,-7559.37,-7559.37,0,273.958,3353.22,1321.62,-3029.36,-3029.36,2727.9,-14903.9,-6530.08,2792.4,8333.75,8333.75,-2030.85,-2030.85,7135.86,7135.86,-814.639,-1760.27,-12607.7,-2865.31,-3563.88,-3563.88,2221.83,2221.83,2221.83,-6028.14,-6028.14,7107.54,-3.45221e-10,-3.45221e-10,-2611.38,5277.69,5277.69,-7611.64,2793.24,-2218.96,0,-5006.18,-1800.34,7506.61,5349.61,5349.61,683.615,-262.463,90.9218,4802.53,4802.53,3797.04,-1814.49,-1814.49,-18309.1,12132.1,18309.1,-16053.3,-16171.7,-17089.7,23792.1,-4568.85,4309.94,-16021.3,-16139.3,-17056.8,17002.4,9861.74,7556.84,-67.6937,-20128.9,-4183.98,-16819.1,-41043.6,-22509.7,-22509.7,-2516.68,15193.4,-1517.35,-2422.23,-1069.53,1355.94,-1405.06,1545.32,1262.86,1389.77,-1352.22,-1383.56,-1359.69,1445.11,-605.771,-605.771,1357.38,-6011.95,-6011.95,14112,-1848.55,-1848.46,1473.56,-966.728,-3391.27,-6373.5,-6373.5,-9556.74,-10988.2,-11602.9,-22047.1,10940.1,-7780.91,9556.74,-1657.4,-7764.84,-11015.4,-6458.66,-6456.34,1657.4,10988.2,11602.9,-4374.69,-4426.01,-3281,-3810.2,-2914.87,-4457.56,-2503.82,-2503.82,-504.887,-1660.08,2352.45,2655.18,-4753.36,10988.2,10988.2,11602.9,11602.9,1840.06,1840.06,-152.786,-583.428,-1340.03,-1340.03,-5993.15,-5993.15,6374.27,6374.27,-3161.03,-299.015,-3236.49,4204.79,-16562.7,19471.1,21627.6,-12736.5,3236.49,-5434.43,-3259.13,3974.48,-124.851,-124.851,-2059.35,-2059.35,971.845,-837.778,4729.26,857.471,-464.3,-464.3,-3753.95,-1198.91,-5506.33,-3292.91,-395.955,-395.955,-687.478,-687.739,-3135.97,-3135.97,-3585.72,-2032.66,-2885.02,-2101.27,-1860.03,-375.506,-375.506,-158.053,-176.328,0,832.285,925.83,0,-231.88,-1110.1,-1110.1,327.014,-1529.44,544.098,546.926,142.035,262.595,255.651,-2725.53,3213.45,7057.72,1528.53,691.344,691.344,-145.488,-2459.17,-2459.17,-1360.91,-1351.09,2.19228e-09,0,-304.464,-304.464,0,-6.66304e-10,0,-2448.28,0,1236.12,0,3.35553e-10,-1.08139e-10,1588.71,1342.32,1342.32,0,309.627,309.627,1.99725e-10,0,-3086.47,-4479.09,-4479.09,-4479.09,-4253.4,0,0,0,-1206.54,-1206.54,-1206.54,0,720.16,139.58,139.58,-49.7751,-9.85236e-10,-24.8868,-24.8868,-2.77267e-10,-2.00426e-11,4.11504e-11,7.99303e-10,-72.1055,-71.5719,-186.742,0,1.31049e-10,0,5161.41,5161.41,5161.41,0,0,0,0,1.13124e-10,-5.77075e-10,-4520.2,-4520.2,4.56962e-10,10013.7,1491.48,2180.83,0,-5.42508e-10,1531.59,4445.04,3.57165e-10,31573.9,16803.1,4219.77,4030.63,-90.9218,-4828.59,-4828.59,-3.9723e-10,128667,-1687.21,5.2971e-10,-3.56373e-10,-1261.12,-2026.98,-5007.63,-1.38409e-11,9.53044e-10,8.71178e-10,-428.538,5.62738e-10,9.15104e-10,-3.15896e-10,-8289.83,7.56614e-10,-7764.84,-2.78043e-10,-837.993,-4511.02,3.5894e-10,-3077.6,-4.99599e-10,-3368.24,7046.86,-1.32429e-09,-6.50669e-10,4286.75,4286.75,2.08716e-10,332.514,332.514,-7.65575e-10,-1342.96,0,9.07631e-10,3890.5,10433.8,0,0
2020-08-01 19:00:00 UTC,3838.48,1058.67,-3190.79,-78.1271,-78.1271,1494.78,-918.175,-1006.31,1567.63,1567.63,-3394.13,-2882.95,10213.7,-335.486,-1609.54,-2164.82,-4454.89,-1409.61,8369.8,1249.43,1169.43,4049.71,4049.71,3396.94,4246.99,1237.41,833.32,-577.295,-30.4242,-2789.22,1000.9,1000.9,2449,1447.66,1447.66,8313.26,-5962.79,-5981.76,18896.7,18896.7,-6571.68,-11212,-4885.96,-3014.95,-8592.73,11410.7,16972.3,17097.2,18069.3,-540.79,2916.8,2916.8,-485.971,687.475,1814.37,-277.887,-277.887,5155.82,-1511.48,-997.493,-2765.26,3902.31,4206.82,-1768.35,-1768.35,328.376,129.798,-229.082,-229.082,-343.116,-3562.7,2757.99,-1374.49,-1374.49,39.2361,39.2361,-14.05,-2.66476,-46.2411,161.875,391.134,-255.232,17.0122,15.8659,6.07425,77.3575,84.8633,-727.719,-727.719,-209.845,-209.845,-207.774,-207.774,1434.89,1434.89,1434.89,-569.955,-569.955,-108.3,465.121,129.239,129.239,-335.933,-335.933,532.244,262.628,3014.95,23.5586,23.5586,2679.43,2679.43,2679.43,-7695.96,2043.33,2043.33,2112.45,2112.45,-32.359,-682.145,-682.145,-38.2955,-38.2955,8702.9,8702.9,-7874.92,-7874.92,0,282.181,3494.36,1368.58,-3152.07,-3152.07,2850.27,-15621.4,-6844.38,2919.39,8719.72,8719.72,-2124.97,-2124.97,7467.99,7467.99,-858.257,-1837.92,-13351,-2783.86,-3733.46,-3733.46,2330.2,2330.2,2330.2,-6366,-6366,7437.64,-2.01884e-10,-2.01884e-10,-2742.7,5571.65,5571.65,-8034.21,2974.99,-2330.01,0,-5298.17,-1861.63,7973.85,5650.16,5650.16,716.532,-263.617,94.889,4975.66,4975.66,4021.93,-1921.54,-1921.54,-19390,12909.3,19390,-17008.2,-17133.6,-18106.3,25279.5,-4829.85,4551.92,-16972.3,-17097.2,-18069.3,17953.8,10485.7,8215.67,64.4556,-20688.9,-4398.55,-17325.8,-42198.4,-23131.1,-23131.1,-2560.31,15976.3,-1597.24,-2454.96,-1097.07,1407.75,-1453.62,1605.72,1306.93,1438.88,-1384.75,-1416.85,-1392.4,1497.85,-645.913,-645.913,1407.75,-6246.5,-6246.5,14735.4,-1977.18,-1914.1,1528.35,-982.603,-3486.48,-6673.1,-6673.1,-9854.48,-11225,-11853,-22471.7,11016.6,-8121.86,9854.48,-1609.14,-8104.35,-11211.1,-6573.39,-6571.04,1609.14,11225,11853,-4426.08,-4478.01,-3331.95,-3869.4,-2930.12,-4643.03,-2538.97,-2538.97,-491.821,-1765.36,2385.48,2692.45,-4828.79,11225,11225,11853,11853,1859.53,1859.53,-160.29,-611.391,-1339.2,-1339.2,-6041.54,-6041.54,6503.34,6503.34,-3380.29,-353.201,-3253.83,4265.13,-16678,19835,22034.3,-12809.3,3253.83,-5663.78,-3372.85,4104.13,-111.468,-111.468,-2181.91,-2181.91,1063,-886.552,4993.39,904.932,-519.289,-519.289,-3932.38,-1258.63,-5790.35,-3416.83,-430.1,-430.1,-743.223,-743.506,-3253.06,-3253.06,-3732.75,-2127.88,-3018.93,-2233.53,-2013.29,-398.172,-398.172,-188.11,-209.968,0,847.156,942.497,0,-265.31,-1131.56,-1131.56,379.868,-1686.41,554.729,557.61,173.6,220.206,214.192,-2811.4,3168.56,7023.78,1551.5,708.748,708.748,-133.681,-2446.66,-2446.66,-1385.12,-1375.13,-1.41966e-09,0,-181.223,-181.223,0,-7.69702e-10,0,-2490.23,0,1236.11,0,5.55573e-10,-1.32348e-09,1573.33,1395.31,1395.31,0,303.86,303.86,-7.54577e-10,0,-3293.98,-4781.84,-4781.84,-4781.84,-4466.54,0,0,0,-1251.25,-1251.25,-1251.25,0,671.514,108.047,108.047,-78.4722,1.34211e-09,-39.2344,-39.2344,-3.11353e-11,-1.34964e-09,5.79243e-12,-9.73591e-10,-67.1012,-66.6051,-200.068,0,1.02702e-10,0,5382.44,5382.44,5382.44,0,0,0,0,1.16648e-10,1.28043e-10,-4678.3,-4678.3,-1.15291e-09,10547.1,1557.44,2277.25,0,-7.7886e-10,1565.61,4653.32,1.55404e-10,32927.4,17445.1,4315.09,4121.7,-94.889,-5004.16,-5004.16,6.83925e-11,134562,-1794.36,-6.92532e-10,-9.5815e-10,-1278.83,-2055.43,-5077.93,-1.67324e-10,3.74572e-10,-1.44351e-09,-409.643,1.71197e-10,-1.2698e-10,-3.52551e-10,-8313.29,1.16801e-09,-8104.35,-3.67837e-10,-838.553,-4769.53,-6.3926e-10,-3267.59,1.43444e-10,-3453.63,7349.2,4.26787e-10,-1.31197e-10,4432.58,4432.58,-2.83227e-11,376.653,376.653,9.56198e-10,-1494.78,0,-4.6286e-10,4000.82,10844.4,0,0
2020-08-01 20:00:00 UTC,3860.22,1059.86,-3033.44,-195.141,-195.141,1620.02,-833.655,-903.356,1499.69,1499.69,-3498.61,-3042.58,10501.5,-335.299,-1711.77,-2176.82,-4633.8,-1466.24,8638.92,1293.81,1312.74,4268.55,4268.55,3511.82,4281.59,1249.86,863.739,-607.702,2.75127,-2906.87,1039.03,1039.03,2530.67,1491.16,1491.16,8638.64,-6226.62,-6246.43,19619.4,19619.4,-6873.93,-11588.3,-5030.6,-3104.21,-9005.2,12103.5,17624,17753.7,18763.2,-560.964,3032.09,3032.09,-505.671,714.208,1880.94,-289.192,-289.192,5357.2,-1578.55,-1043.66,-2856.13,4054.39,4370.72,-1813.09,-1813.09,332.909,119.273,-226.087,-226.087,-347.336,-3661,2832.31,-1411.4,-1411.4,42.7315,42.7315,-14.7133,-2.90823,-48.068,168.25,403.693,-262.815,17.0783,15.9276,5.87257,79.3785,87.8419,-754.367,-754.367,-217.591,-217.591,-215.441,-215.441,1492.73,1492.73,1492.73,-606.695,-606.695,-110.64,479.464,132.326,132.326,-346.459,-346.459,533.645,270.417,3104.21,25.6981,25.6981,2764.53,2764.53,2764.53,-7940.38,2102.62,2102.62,2181.07,2181.07,-35.299,-708.063,-708.063,-44.6996,-44.6996,8974.2,8974.2,-8103.93,-8103.93,0,290.734,3598.83,1402.85,-3241.07,-3241.07,2935.21,-16126.4,-7065.58,3013.67,8993.84,8993.84,-2195.12,-2195.12,7704.73,7704.73,-888.585,-1894.23,-13880.3,-2726.7,-3855.44,-3855.44,2410.07,2410.07,2410.07,-6609.04,-6609.04,7670.28,-7.46451e-11,-7.46451e-11,-2840.94,5781.23,5781.23,-8335.79,3111.94,-2397.6,0,-5502.06,-1898.53,8315.61,5863.13,5863.13,741.352,-264.81,96.4121,5096.04,5096.04,4179.7,-1992.99,-1992.99,-20135.6,13457.4,20135.6,-17662.7,-17793,-18803.1,26321.6,-5013.38,4715.63,-17624,-17753.7,-18763.2,18627.6,10928.5,8677.96,153.163,-21079.7,-4552.26,-17678.3,-43001.8,-23563.3,-23563.3,-2587.8,16538.1,-1655.02,-2474.47,-1116.36,1444.72,-1487,1648.26,1337.98,1473.31,-1407.11,-1439.74,-1414.89,1534.5,-675.094,-675.094,1442.55,-6411.44,-6411.44,15178.3,-2071.29,-1961.82,1566.19,-993.079,-3553.22,-6889.09,-6889.09,-10063,-11386,-12023,-22762.5,11059.6,-8364.81,10063,-1570.76,-8346.24,-11339.7,-6648.82,-6646.43,1570.76,11386,12023,-4458.84,-4511.15,-3362.04,-3904.36,-2940.2,-4774.54,-2561.26,-2561.26,-483.847,-1839.55,2406.43,2716.09,-4870.15,11386,11386,12023,12023,1867.63,1867.63,-165.754,-631.686,-1333.12,-1333.12,-6055.94,-6055.94,6578.48,6578.48,-3541.93,-394.967,-3255.12,4295.56,-16702.3,20061.8,22307.9,-12819.3,3255.12,-5818.79,-3448.91,4195.98,-101.688,-101.688,-2265.7,-2265.7,1129.1,-919.806,5183.69,939.521,-559.239,-559.239,-4060,-1297.89,-5998.7,-3504.87,-453.584,-453.584,-781.257,-781.554,-3337.11,-3337.11,-3836.57,-2193.77,-3113,-2324.36,-2121.9,-413.603,-413.603,-211.825,-236.514,0,853.844,950.074,0,-290.756,-1140.12,-1140.12,421.263,-1815.72,564.769,567.701,198.908,188.874,183.559,-2874.14,3126.23,6990.41,1565.69,719.858,719.858,-125.67,-2458.1,-2458.1,-1417.62,-1407.39,9.10098e-11,0,-67.9467,-67.9467,0,1.34203e-09,0,-2501.62,0,1248.53,0,3.38328e-10,9.21812e-10,1571.55,1454.2,1454.2,0,302.475,302.475,3.09772e-10,0,-3409.34,-4967.37,-4967.37,-4967.37,-4646.44,0,0,0,-1258.54,-1258.54,-1258.54,0,680.267,104.501,104.501,-85.463,2.90437e-10,-42.7294,-42.7294,2.15995e-10,4.44466e-10,3.07522e-10,-1.87255e-10,-67.7529,-67.2522,-205.043,0,-6.62338e-11,0,5540.13,5540.13,5540.13,0,0,0,0,5.28428e-10,-6.30475e-10,-4789.22,-4789.22,-3.45402e-10,10906,1593.34,2329.74,0,-4.75333e-10,1579.6,4797.81,2.32732e-10,33886.2,17888.7,4380.4,4184.9,-96.4121,-5125.91,-5125.91,-1.17649e-10,138762,-1869.51,-1.22076e-10,-1.01002e-09,-1290.05,-2073.48,-5122.52,1.12507e-11,-3.37864e-10,5.60425e-10,-393.525,-9.97226e-10,7.08537e-10,-1.23804e-09,-8306.49,-9.84034e-10,-8346.23,-2.19668e-10,-837.769,-4955.62,8.05791e-10,-3407.92,-9.53383e-11,-3509.84,7564.87,1.00686e-09,4.54434e-10,4535.82,4535.82,-6.46226e-10,408.706,408.706,1.94945e-10,-1620.02,0,-5.33413e-10,4077.13,11119.8,0,0
2020-08-01 21:00:00 UTC,3883.28,1061.74,-2870.99,-304.543,-304.543,1708.17,-750.325,-801.407,1481.47,1481.47,-3598.48,-3168.4,10749.5,-367.892,-1789.6,-2214.3,-4765.66,-1507.97,8883.27,1333.82,1421.62,4450.14,4450.14,3619.37,4325.42,1264.99,891.331,-635.283,29.7769,-3013.87,1072.55,1072.55,2597.3,1524.25,1524.25,8913.38,-6414.38,-6434.78,20153.6,20153.6,-7097.5,-11862.2,-5152.89,-3179.68,-9322.49,12664.8,18084.3,18217.4,19253.3,-568.938,3117.01,3117.01,-524.298,731.344,1896.69,-310.575,-310.575,5490.29,-1656.18,-1081.75,-2925.8,4151.95,4475.87,-1844.71,-1844.71,350.823,138.974,-244.893,-244.893,-366.604,-3751.28,2887.47,-1438.79,-1438.79,40.7624,40.7624,-15.9291,-4.01066,-49.3185,172.752,409.665,-267.566,17.29,16.1251,5.54271,80.6432,87.5501,-777.479,-777.479,-219.268,-219.268,-217.1,-217.1,1542.59,1542.59,1542.59,-636.551,-636.551,-115.379,487.457,136.777,136.777,-351.953,-351.953,537.151,275.818,3179.68,25.0041,25.0041,2825.53,2825.53,2825.53,-8126.66,2141.69,2141.69,2231.43,2231.43,-34.346,-726.613,-726.613,-43.6771,-43.6771,9181.86,9181.86,-8285.8,-8285.8,0,299.313,3683.48,1433.26,-3312.64,-3312.64,3000.27,-16504.9,-7231.37,3090.02,9201.05,9201.05,-2249.31,-2249.31,7883.31,7883.31,-907.96,-1936.72,-14268.5,-2704.94,-3950.26,-3950.26,2473.01,2473.01,2473.01,-6790.83,-6790.83,7843.91,-6.86396e-11,-6.86396e-11,-2918.81,5935.89,5935.89,-8558.39,3217.11,-2438.09,0,-5647.24,-1923.81,8571.08,6018.75,6018.75,759.269,-270.031,92.962,5189.45,5189.45,4290.06,-2045.4,-2045.4,-20665.4,13848.8,20665.4,-18125,-18258.7,-19295.3,27064.7,-5141.69,4835.34,-18084.3,-18217.4,-19253.3,19122,11248.4,8994.15,204.031,-21406.8,-4668.26,-17966.7,-43664.9,-23922.3,-23922.3,-2614.54,16962.1,-1696.55,-2495.99,-1128.39,1482.68,-1513.21,1680.72,1362.59,1500.46,-1426.8,-1459.89,-1434.68,1562.92,-697.215,-697.215,1469.3,-6541.93,-6541.93,15519.3,-2138.14,-2004.24,1595.22,-998.455,-3608.6,-7055.6,-7055.6,-10230.7,-11530,-12175.1,-23026,11123.1,-8544.72,10230.7,-1553.59,-8525.34,-11458.5,-6718.47,-6716.06,1553.59,11530,12175.1,-4505.66,-4558.52,-3389.82,-3936.63,-2953.28,-4866.18,-2593.52,-2593.52,-471.139,-1891.61,2436.74,2750.31,-4903.92,11530,11530,12175.1,12175.1,1877.71,1877.71,-169.732,-646.51,-1334.09,-1334.09,-6082.39,-6082.39,6644.07,6644.07,-3647.62,-420.522,-3261.09,4326.85,-16732.4,20266.1,22558.7,-12849.9,3261.09,-5924.29,-3494.39,4267.72,-89.1183,-89.1183,-2324.53,-2324.53,1176.27,-940.826,5303.74,959.248,-587.904,-587.904,-4129.7,-1320.8,-6107.17,-3546.15,-472.546,-472.546,-809.778,-810.086,-3402.09,-3402.09,-3915.09,-2242.19,-3183.95,-2391.46,-2196.17,-425.228,-425.228,-229.758,-256.587,0,864.891,962.485,0,-310.361,-1154.34,-1154.34,452.978,-1908.62,570.206,573.165,217.889,162.403,157.678,-2894.45,3095.14,6991.07,1580.84,728.527,728.527,-123.496,-2470.56,-2470.56,-1443.4,-1433,-7.16585e-10,0,40.2981,40.2981,0,2.03318e-10,0,-2571.2,0,1263.63,0,1.80312e-09,5.70512e-10,1573.24,1507.75,1507.75,0,302.753,302.753,9.90282e-10,0,-3470.63,-5082.55,-5082.55,-5082.55,-4800.52,0,0,0,-1251.73,-1251.73,-1251.73,0,717.452,115.061,115.061,-81.5249,-4.77242e-11,-40.7606,-40.7606,6.50093e-10,-5.7683e-10,-1.10194e-09,-3.26908e-10,-71.2985,-70.7714,-203.165,0,2.64298e-10,0,5662.51,5662.51,5662.51,0,0,0,0,-1.42107e-11,-3.46372e-10,-4874.95,-4874.95,1.6418e-10,11157.4,1613.07,2358.58,0,7.40447e-10,1585.76,4904.58,6.04903e-10,34622.5,18229.9,4432.13,4241.78,-92.962,-5219.94,-5219.94,5.35291e-10,141962,-1921.78,-4.41348e-10,4.17059e-10,-1306.3,-2099.6,-5187.05,2.02842e-10,6.80985e-10,6.07983e-10,-386.679,-1.05479e-09,-2.06154e-10,-1.89385e-09,-8338.25,-4.23469e-10,-8525.34,-3.13307e-10,-843.201,-5072.56,-6.82934e-10,-3507.17,-5.69811e-11,-3530.96,7675.85,9.25472e-10,-7.11631e-10,4615.33,4615.33,3.53347e-10,432.707,432.707,-1.7778e-09,-1708.17,0,-8.97686e-10,4140.01,11320.8,0,0
2020-08-01 22:00:00 UTC,3869.26,1051.63,-2783.15,-321.183,-321.183,1738.92,-699.822,-741.241,1367.73,1367.73,-3697.22,-3230.47,10894.4,-458.5,-1820.31,-2285.27,-4796.18,-1517.62,9055.8,1364.42,1490.77,4537.44,4537.44,3688.64,4331.78,1269.19,910.512,-654.455,53.6086,-3087.79,1093.58,1093.58,2629.05,1534.96,1534.96,9071.06,-6506.86,-6527.55,20445.8,20445.8,-7217.31,-12031.9,-5227.57,-3225.78,-9505.91,13030.5,18326.6,18461.5,19511.3,-566.858,3166.15,3166.15,-532.759,738.773,1888.5,-327.16,-327.16,5554.03,-1710.69,-1105.59,-2952.18,4200.52,4528.21,-1847.26,-1847.26,366.427,159.024,-262.719,-262.719,-383.508,-3806.03,2920,-1454.95,-1454.95,38.2113,38.2113,-17.0204,-5.13632,-50.033,175.358,411.548,-270.028,17.4248,16.2507,5.13881,81.2306,86.0948,-793.643,-793.643,-218.305,-218.305,-216.146,-216.146,1576.17,1576.17,1576.17,-657.909,-657.909,-120.012,490.963,140.502,140.502,-354.097,-354.097,539.061,278.974,3225.78,22.8906,22.8906,2858.53,2858.53,2858.53,-8237.93,2158.68,2158.68,2259.83,2259.83,-31.441,-737.076,-737.076,-39.3672,-39.3672,9305.14,9305.14,-8396.21,-8396.21,0,305.788,3737.06,1454.56,-3356.44,-3356.44,3039.07,-16723.6,-7327.19,3140.23,9322.43,9322.43,-2281.57,-2281.57,7987.62,7987.62,-914.825,-1959.67,-14485.2,-2699.62,-4009.36,-4009.36,2510.52,2510.52,2510.52,-6894.58,-6894.58,7943.2,5.14705e-11,5.14705e-11,-2972.66,6025.83,6025.83,-8689.74,3282.87,-2450.41,0,-5725.02,-1934.62,8718.68,6106.17,6106.17,767.827,-277.574,92.811,5251.45,5251.45,4349.18,-2072.87,-2072.87,-20947,14062.3,20947,-18368.5,-18503.9,-19554.4,27467.2,-5211,4898.14,-18326.6,-18461.5,-19511.3,19395.7,11424.5,9163.97,223.841,-21608.7,-4733.3,-18141.4,-44069.8,-24143.7,-24143.7,-2635,17200.5,-1712.39,-2515.13,-1135.1,1508.1,-1529,1697.97,1377.74,1516.81,-1439.59,-1472.98,-1447.54,1579.19,-708.651,-708.651,1484.13,-6623.28,-6623.28,15715.6,-2166.85,-2034.43,1611.27,-1000.84,-3643.14,-7151.58,-7151.58,-10338.7,-11622.5,-12272.7,-23191.7,11179.6,-8660.8,10338.7,-1542.29,-8640.89,-11532.5,-6761.86,-6759.44,1542.29,11622.5,12272.7,-4550.08,-4603.47,-3395.29,-3943,-2948.33,-4917.34,-2629.38,-2629.38,-441.721,-1926.4,2470.42,2788.33,-4902.54,11622.5,11622.5,12272.7,12272.7,1874.82,1874.82,-173.849,-661.704,-1322.39,-1322.39,-6063.39,-6063.39,6664.53,6664.53,-3716.89,-438.42,-3232.24,4327.33,-16637.2,20379.7,22711.5,-12737.2,3232.24,-5973.73,-3507.87,4313.39,-76.1027,-76.1027,-2355.3,-2355.3,1209.14,-950.079,5370.74,967.274,-607.784,-607.784,-4151.94,-1331.97,-6128.88,-3548.65,-486.004,-486.004,-827.667,-827.981,-3443.34,-3443.34,-3962.26,-2269.08,-3225.01,-2426.94,-2227.1,-431.525,-431.525,-237.528,-265.281,0,879.295,978.594,0,-319.556,-1169.47,-1169.47,467.38,-1945.51,571.393,574.357,225.812,148.978,144.552,-2884.28,3037.13,7003.35,1596.48,733.584,733.584,-129.003,-2458.51,-2458.51,-1471.29,-1460.68,7.49055e-10,0,58.2102,58.2102,0,6.86246e-10,0,-2732.14,0,1267.82,0,-7.5349e-10,1.64378e-09,1561.14,1544.75,1544.75,0,300.423,300.423,-7.97742e-10,0,-3478.54,-5135.94,-5135.94,-5135.94,-4903.85,0,0,0,-1230.91,-1230.91,-1230.91,0,749.962,125.521,125.521,-76.4226,1.80978e-10,-38.2096,-38.2096,-1.15367e-11,-1.0829e-09,1.88908e-11,7.14303e-10,-74.6012,-74.0495,-196.698,0,-5.52485e-11,0,5733.1,5733.1,5733.1,0,0,0,0,9.3269e-12,-3.63766e-10,-4928.56,-4928.56,-8.25847e-10,11286,1618.05,2365.87,0,1.04568e-09,1583.21,4962.58,-4.43437e-11,35054.3,18425.5,4463.21,4280.71,-92.811,-5281.24,-5281.24,-1.26544e-10,143824,-1955.97,-3.84747e-10,-7.83538e-10,-1324.36,-2128.62,-5258.75,-1.14722e-09,-5.53307e-10,-1.17128e-10,-387.96,6.81919e-11,1.22637e-09,1.1405e-09,-8203.27,2.38844e-10,-8640.89,-1.11692e-09,-850.005,-5136.35,-7.51469e-10,-3575.53,-1.30566e-09,-3519.35,7700.59,-1.50172e-10,1.86021e-10,4661.98,4661.98,-5.59042e-10,442.293,442.293,-1.05746e-09,-1738.92,0,-6.25121e-10,4184.26,11438,0,0
2020-08-01 23:00:00 UTC,3894.4,1060.05,-2777,-300.556,-300.556,1703.43,-689.162,-729.217,1356.09,1356.09,-3693.08,-3230.71,10910.6,-467.577,-1821.11,-2301.78,-4804.93,-1520.4,9069.69,1364.86,1449.13,4590.8,4590.8,3732.75,4371.88,1281.75,920.212,-664.152,57.3271,-3125.92,1101.58,1101.58,2626.26,1524.17,1524.17,9100.13,-6443.85,-6464.34,20319.2,20319.2,-7162.58,-11975.5,-5230.32,-3227.48,-9456.33,13037.2,18184.3,18318.1,19359.8,-551.128,3148.08,3148.08,-531.189,729.917,1831.54,-341.338,-341.338,5495.93,-1734.35,-1103.03,-2929.43,4155.96,4480.19,-1827.06,-1827.06,383.865,193.035,-288.443,-288.443,-402.89,-3818.2,2913.44,-1451.69,-1451.69,32.3924,32.3924,-17.9365,-6.38997,-49.6553,174.189,405.126,-267.807,17.214,16.0542,4.31265,80.2921,82.1667,-796.017,-796.017,-211.654,-211.654,-209.561,-209.561,1578.13,1578.13,1578.13,-657.738,-657.738,-124.933,485.357,143.609,143.609,-349.421,-349.421,543.112,277.728,3227.48,19.1786,19.1786,2849.68,2849.68,2849.68,-8228.58,2144.62,2144.62,2255.14,2255.14,-26.342,-734.132,-734.132,-25.7468,-25.7468,9300.94,9300.94,-8406.93,-8406.93,0,310.467,3745.32,1463.09,-3362.42,-3362.42,3036.64,-16692.1,-7313.37,3147.17,9312.25,9312.25,-2281.29,-2281.29,7978.51,7978.51,-905.616,-1956.48,-14416.8,-2756.84,-4009.18,-4009.18,2508.93,2508.93,2508.93,-6872.44,-6872.44,7929.97,6.41167e-11,6.41167e-11,-2979.97,6005.47,6005.47,-8659.58,3281.46,-2414.26,0,-5687.51,-1923.3,8690.9,6080.22,6080.22,763.663,-287.757,89.1847,5256.27,5256.27,4317.42,-2058.72,-2058.72,-20797.7,13964.7,20797.7,-18225.5,-18359.9,-19402.3,27274.8,-5176.37,4868.62,-18184.3,-18318.1,-19359.8,19309.1,11355.3,9046.09,172.842,-21678,-4721.99,-18184.7,-44183.1,-24210,-24210,-2653.24,17165.4,-1702.81,-2536.14,-1129.06,1532.32,-1531.43,1695.05,1379.99,1518.64,-1445.32,-1478.84,-1453.3,1579.61,-705.478,-705.478,1483.68,-6632.51,-6632.51,15710.6,-2148.06,-2047.35,1610.7,-993.387,-3653.92,-7146.75,-7146.75,-10353.9,-11672.9,-12326,-23308.8,11270,-8639.07,10353.9,-1576.03,-8619.25,-11586.7,-6793.63,-6791.2,1576.03,11672.9,12326,-4598.1,-4652.04,-3402.94,-3951.89,-2965.22,-4896.46,-2661.41,-2661.41,-432.169,-1913.97,2500.52,2822.3,-4899.27,11672.9,11672.9,12326,12326,1878.65,1878.65,-173.508,-660.494,-1326.63,-1326.63,-6077.33,-6077.33,6669.31,6669.31,-3678.52,-425.911,-3227.33,4333.69,-16654.6,20459.6,22815.2,-12708.2,3227.33,-5939.81,-3481.92,4314.32,-69.9643,-69.9643,-2336.47,-2336.47,1193.86,-939.508,5312.76,951.161,-599.09,-599.09,-4090.48,-1315.26,-6018.15,-3495.77,-485.309,-485.309,-821.678,-821.99,-3441.38,-3441.38,-3953.66,-2258.6,-3212.57,-2410.42,-2185.05,-429.631,-429.631,-229.089,-255.822,0,900.984,1002.69,0,-309.911,-1201.85,-1201.85,454.257,-1913.2,572.469,575.439,217.081,163.584,158.818,-2833.82,3008.56,7084.32,1609.12,734.635,734.635,-139.504,-2475.27,-2475.27,-1492.01,-1481.25,-8.72484e-10,0,37.5725,37.5725,0,-1.96819e-10,0,-2757.77,0,1280.35,0,9.81035e-10,7.19134e-11,1570.6,1563.84,1563.84,0,303.412,303.412,-9.27126e-10,0,-3411.09,-5074.64,-5074.64,-5074.64,-4908.58,0,0,0,-1193.89,-1193.89,-1193.89,0,786.784,142.014,142.014,-64.7849,-9.98587e-11,-32.3912,-32.3912,8.68179e-10,-5.13113e-11,5.60823e-10,-3.87541e-10,-78.7275,-78.145,-188.529,0,-2.26499e-11,0,5729.34,5729.34,5729.34,0,0,0,0,-1.73689e-10,9.44102e-11,-4928.46,-4928.46,1.56045e-09,11201.8,1589.33,2323.87,0,5.41339e-10,1566.34,4944.92,-6.76429e-10,35039.4,18418.1,4464.55,4300.36,-89.1847,-5284.48,-5284.48,-2.55856e-10,143703,-1942.17,-2.57629e-10,5.95404e-10,-1340.5,-2154.56,-5322.82,3.66486e-10,-4.40261e-10,4.6918e-10,-398.865,1.40422e-09,1.42864e-09,-1.10669e-09,-8118.97,-3.22372e-10,-8619.25,1.47155e-10,-863.987,-5077.19,-1.22386e-10,-3559.77,-3.46018e-10,-3481.51,7586.24,-3.11504e-10,1.16417e-09,4657.69,4657.69,1.14494e-09,430.486,430.486,-7.50129e-10,-1703.43,0,1.12945e-09,4193.92,11412.3,0,0
2020-08-02 00:00:00 UTC,3850.34,1051.66,-2819.79,-217.774,-217.774,1572.98,-719.643,-767.627,1345.04,1345.04,-3587.36,-3107.21,10628.6,-483.185,-1745.93,-2287.22,-4652.19,-1472.06,8825.58,1325.21,1309.85,4487.15,4487.15,3670.2,4299.96,1262.25,906.887,-650.832,54.012,-3073.38,1077.16,1077.16,2542.12,1464.47,1464.47,8846.62,-6173.52,-6193.16,19574.9,19574.9,-6879.27,-11572.6,-5087.99,-3139.63,-9107.59,12603.7,17485.8,17614.5,18616.1,-516.61,3034.66,3034.66,-512.534,698.17,1714.74,-345.961,-345.961,5267.04,-1707.72,-1067.84,-2813.25,3983.12,4293.91,-1746.02,-1746.02,392.78,226.004,-309.384,-309.384,-413.457,-3726.74,2828.97,-1409.74,-1409.74,25.0142,25.0142,-18.4403,-7.61246,-47.7751,167.737,386.996,-258.377,16.876,15.7389,3.65085,77.399,75.3359,-776.304,-776.304,-197.972,-197.972,-196.016,-196.016,1533.8,1533.8,1533.8,-636.3,-636.3,-127.265,466.245,143.212,143.212,-334.874,-334.874,535.533,269.029,3139.63,13.88,13.88,2768.12,2768.12,2768.12,-8010.55,2076.41,2076.41,2192.95,2192.95,-19.064,-709.399,-709.399,-0.709921,-0.709921,9069.59,9069.59,-8230.95,-8230.95,0,310.6,3669.3,1444.89,-3296.14,-3296.14,2960.33,-16233,-7112.26,3076.88,9069.9,9069.9,-2223.52,-2223.52,7769.74,7769.74,-868.65,-1906.1,-13905.2,-2868.07,-3906.91,-3906.91,2442.86,2442.86,2442.86,-6648.2,-6648.2,7718.57,-5.22627e-11,-5.22627e-11,-2912.59,5812.98,5812.98,-8382.59,3171.47,-2313.53,0,-5477.4,-1878.48,8383.35,5877.21,5877.21,738.846,-299.139,88.2017,5149.48,5149.48,4152.65,-1982.52,-1982.52,-20013.6,13406,20013.6,-17523.9,-17653.1,-18655.3,26202.6,-4986.93,4698.02,-17485.8,-17614.5,-18616.1,18659.6,10914.5,8536.99,41.1146,-21421.6,-4582.49,-17932.3,-43642.5,-23923.8,-23923.8,-2641.12,16650.6,-1636.68,-2534.98,-1112.69,1523.73,-1506.37,1655.52,1356.62,1491.86,-1432.15,-1465.35,-1440.06,1549.26,-676.693,-676.693,1453.8,-6498.97,-6498.97,15317,-2044.91,-2023.47,1578.14,-983.686,-3619.28,-6961.49,-6961.49,-10174,-11596.8,-12245.6,-23236,11330.2,-8364.74,10174,-1668.54,-8346.17,-11554.5,-6774.73,-6772.3,1668.54,11596.8,12245.6,-4637.18,-4691.57,-3388.28,-3934.85,-3001.63,-4736.6,-2680.64,-2680.64,-447.066,-1814.29,2518.58,2842.69,-4862.03,11596.8,11596.8,12245.6,12245.6,1876.43,1876.43,-167.888,-639.755,-1336.71,-1336.71,-6081.82,-6081.82,6591.35,6591.35,-3459.59,-365.075,-3215.82,4308.7,-16631.1,20335.1,22733.4,-12648.6,3215.82,-5732.97,-3369.4,4229.83,-73.0954,-73.0954,-2219.45,-2219.45,1102.3,-888.405,5037.85,893.608,-543.804,-543.804,-3877.65,-1250.11,-5661.15,-3337.69,-457.837,-457.837,-769.667,-769.96,-3358.35,-3358.35,-3841.03,-2178.96,-3106.06,-2285.07,-2025.04,-408.772,-408.772,-202.937,-226.55,0,901.911,1003.69,0,-280.131,-1201.57,-1201.57,409.24,-1779.64,561.908,564.825,189.926,198.029,192.514,-2708.59,2992.92,7195.03,1616.87,726.026,726.026,-164.391,-2449.08,-2449.08,-1464.75,-1454.18,4.02555e-10,0,-38.6769,-38.6769,0,1.07376e-09,0,-2759.2,0,1260.9,0,-8.14564e-10,-9.36847e-10,1535.02,1537.54,1537.54,0,298.41,298.41,9.85658e-10,0,-3231.18,-4855.54,-4855.54,-4855.54,-4769.13,0,0,0,-1127.74,-1127.74,-1127.74,0,806.268,156.721,156.721,-50.0284,-2.34088e-12,-25.0135,-25.0135,-1.45454e-09,1.13107e-09,1.51215e-10,-1.68347e-10,-81.2181,-80.6169,-175.806,0,-6.2772e-11,0,5595.6,5595.6,5595.6,0,0,0,0,2.58292e-10,-1.27057e-10,-4826.38,-4826.38,1.68585e-10,10807.8,1526.11,2231.44,0,5.01653e-10,1532.07,4806,6.72784e-11,34219.2,18032.2,4429.22,4267.16,-88.2017,-5174.32,-5174.32,6.80995e-10,140018,-1839.94,6.10179e-11,9.918e-11,-1350.19,-2170.12,-5361.27,5.1589e-10,-9.12305e-10,7.54435e-11,-433.305,4.99106e-10,6.48536e-10,1.10974e-10,-8016.07,9.21554e-10,-8346.17,-1.26035e-09,-889.049,-4804.43,8.60819e-10,-3395.96,-4.09068e-10,-3376.32,7215.34,-5.48266e-10,-4.63829e-10,4559.25,4559.25,1.3907e-10,383.333,383.333,6.04497e-10,-1572.98,0,1.34929e-09,4143.67,11153.3,0,0
2020-08-02 01:00:00 UTC,3788.14,1042.8,-2991.15,-60.6665,-60.6665,1355.45,-824.349,-895.962,1385.9,1385.9,-3385.14,-2869.49,10117.1,-474.528,-1600.99,-2243.09,-4380.37,-1386.03,8363.65,1248.47,1064.05,4247.41,4247.41,3529.03,4176.37,1227.67,874.414,-618.372,35.6053,-2946.27,1027.5,1027.5,2394.31,1366.38,1366.38,8358.72,-5689.69,-5707.8,18229.1,18229.1,-6360.68,-10827.9,-4827.2,-2978.69,-8451.17,11729.5,16228.6,16348,17277.5,-460.553,2825.98,2825.98,-481.629,642.528,1516.99,-351.428,-351.428,4859.9,-1648.75,-998.741,-2618.08,3672.44,3959.07,-1619.87,-1619.87,406.615,284.752,-345.674,-345.674,-430.177,-3560.23,2676.76,-1334.13,-1334.13,11.6337,11.6337,-18.9941,-9.39166,-44.3401,155.826,354.652,-240.82,16.2104,15.1182,2.69406,72.0829,64.012,-735.764,-735.764,-174.736,-174.736,-173.013,-173.013,1447.34,1447.34,1447.34,-591.207,-591.207,-128.968,431.38,141.104,141.104,-308.607,-308.607,521.091,252.373,2978.69,7.49852,7.49852,2605.91,2605.91,2605.91,-7559.57,1949.72,1949.72,2065.6,2065.6,-10.298,-659.706,-659.706,30.8972,30.8972,8577.11,8577.11,-7834.33,-7834.33,0,302.672,3493.29,1394.31,-3144.1,-3144.1,2802.43,-15300.7,-6703.87,2918.31,8563.54,8563.54,-2098.18,-2098.18,7332.86,7332.86,-800.939,-1800.92,-12934.1,-3004.6,-3690.49,-3690.49,2307.59,2307.59,2307.59,-6210.32,-6210.32,7281.99,5.08625e-11,5.08625e-11,-2760.65,5437.08,5437.08,-7846.87,2944.91,-2154.26,0,-5092.66,-1798.55,7782.51,5486.56,5486.56,690.059,-310.404,80.2652,4924.97,4924.97,3854.61,-1843.58,-1843.58,-18591.3,12384.4,18591.3,-16261.4,-16381.3,-17311.3,24246.8,-4642.52,4384.31,-16228.6,-16348,-17277.5,17423.7,10094.6,7661.88,-148.037,-20738.3,-4303.14,-17306.1,-42235.4,-23172.6,-23172.6,-2590.01,15611,-1502.03,-2504.17,-1075.97,1478.62,-1447.64,1571.73,1302.04,1430.2,-1395.44,-1427.78,-1403.14,1481.44,-622.583,-622.583,1388.1,-6206.86,-6206.86,14489.4,-1845.53,-1954.43,1506.66,-961.541,-3515.36,-6572.52,-6572.52,-9791.23,-11329.9,-11963.8,-22788,11287.2,-7888.35,9791.23,-1766.08,-7871.83,-11349.6,-6654.59,-6652.2,1766.08,11329.9,11963.8,-4608.28,-4662.33,-3331.36,-3868.72,-3006.7,-4472.12,-2656.75,-2656.75,-468.066,-1654.75,2496.14,2817.37,-4769.66,11329.9,11329.9,11963.8,11963.8,1856.98,1856.98,-157.557,-601.391,-1343.09,-1343.09,-6039.02,-6039.02,6425.06,6425.06,-3130.85,-280.152,-3189.32,4237.61,-16487.2,19938.1,22299.1,-12532.6,3189.32,-5381.08,-3187.05,4063.77,-86.8732,-86.8732,-2024.04,-2024.04,964.151,-807.125,4627.6,812.363,-459.978,-459.978,-3580.91,-1155.64,-5186.36,-3124.03,-407.325,-407.325,-681.457,-681.716,-3201.5,-3201.5,-3635.92,-2039.6,-2916.29,-2069.86,-1775.12,-372.095,-372.095,-160.84,-179.442,0,878.063,977.064,0,-231.602,-1168.16,-1168.16,335.071,-1555.62,543.556,546.381,146.459,253.732,247.018,-2554.79,3026.34,7270.93,1613.89,703.985,703.985,-205.371,-2413.61,-2413.61,-1398.52,-1388.43,-6.90765e-10,0,-184.078,-184.078,0,-3.98855e-10,0,-2707.24,0,1226.38,0,3.98626e-10,3.90938e-10,1480.48,1473.91,1473.91,0,291.383,291.383,7.3186e-10,0,-2933.45,-4465.32,-4465.32,-4465.32,-4497.84,0,0,0,-1027.46,-1027.46,-1027.46,0,836.825,182.328,182.328,-23.2673,6.2387e-10,-11.6335,-11.6335,1.67155e-10,1.26519e-09,5.07732e-10,5.6769e-10,-84.8588,-84.2302,-158.426,0,-1.07184e-10,0,5316.85,5316.85,5316.85,0,0,0,0,-3.44057e-11,-2.35518e-10,-4618.55,-4618.55,-2.89867e-11,10102.4,1429.59,2090.33,0,-1.0017e-10,1480.58,4537.93,1.06381e-09,32476.7,17212.7,4322.75,4167.88,-80.2652,-4944.86,-4944.86,-2.1792e-10,132297,-1677.16,7.92928e-10,6.30062e-10,-1338.16,-2150.79,-5313.51,9.93374e-10,-2.05925e-10,1.04045e-09,-469.671,8.27679e-11,1.18889e-09,-1.40313e-10,-7931.49,-5.81356e-10,-7871.83,3.92952e-10,-909.68,-4400.73,3.0769e-10,-3131.94,1.02084e-09,-3224.08,6704.94,-5.28304e-10,-8.4761e-10,4364.92,4364.92,5.48051e-10,308.015,308.015,2.02114e-10,-1355.45,0,-7.75463e-10,4024.87,10633.1,0,0
2020-08-02 02:00:00 UTC,3760.92,1048.38,-3231.29,147.595,147.595,1090.38,-952.354,-1054.08,1503.51,1503.51,-3128.74,-2582.95,9538.11,-417.442,-1428.23,-2176.66,-4089.22,-1293.89,7815.3,1153.28,741.771,3932.06,3932.06,3359.92,4080.89,1199.53,832.132,-576.108,-1.85444,-2781.95,966.886,966.886,2230.55,1263.29,1263.29,7782.74,-5083.83,-5100.02,16560.1,16560.1,-5702.74,-9881.59,-4522.74,-2790.79,-7605.28,10596.2,14653.2,14761,15600.1,-392.075,2561.7,2561.7,-451.426,572.996,1254.15,-368.719,-368.719,4346.01,-1588.24,-906.241,-2402.26,3272.68,3528.21,-1496.46,-1496.46,437.71,388.945,-413.314,-413.314,-466.579,-3378.3,2496.05,-1244.33,-1244.33,-10.4362,-10.4362,-19.9754,-12.0134,-39.9174,140.499,310.937,-216.856,14.9012,13.8972,0.950221,64.5477,48.5977,-682.312,-682.312,-143.537,-143.537,-142.126,-142.126,1339.3,1339.3,1339.3,-528.74,-528.74,-131.213,384.084,139.322,139.322,-273.005,-273.005,505.483,229.759,2790.79,1.98751,1.98751,2398.84,2398.84,2398.84,-6970.39,1793.16,1793.16,1901.41,1901.41,-2.728,-597.02,-597.02,60.9987,60.9987,7930.63,7930.63,-7300.02,-7300.02,0,288.389,3253.9,1320.03,-2937.42,-2937.42,2595.65,-14091.3,-6174.08,2703.9,7903.84,7903.84,-1933.18,-1933.18,6764.13,6764.13,-718.649,-1664.09,-11700.6,-3131.59,-3404.47,-3404.47,2128.65,2128.65,2128.65,-5648.82,-5648.82,6716.61,-1.43227e-10,-1.43227e-10,-2552.31,4954.02,4954.02,-7155.58,2649.99,-1963.8,0,-4608.56,-1696.01,7014.48,4988.38,4988.38,628.904,-316.944,72.0247,4643.1,4643.1,3481.63,-1667.5,-1667.5,-16803.1,11103.2,16803.1,-14679.9,-14788.2,-15627.6,21792.4,-4210.58,3984.2,-14653.2,-14761,-15600.1,15847.4,9061.93,6595.77,-357.505,-19766.5,-3941.35,-16432.6,-40235,-22098.8,-22098.8,-2514.44,14276.1,-1338.17,-2452,-1027.91,1394.24,-1366.43,1463.78,1227.16,1346.31,-1340.57,-1371.61,-1347.97,1390.67,-554.175,-554.175,1300.96,-5818.44,-5818.44,13417.2,-1601.36,-1852.03,1411.91,-931.729,-3353.12,-6061.72,-6061.72,-9295.16,-10910.2,-11520.6,-22024.7,11139.2,-7342.7,9295.16,-1822.68,-7328.39,-10988.3,-6442.74,-6440.43,1822.68,10910.2,11520.6,-4506.24,-4559.08,-3234.6,-3756.32,-2959.39,-4169.2,-2592.1,-2592.1,-476.988,-1490.43,2435.39,2748.81,-4642.25,10910.2,10910.2,11520.6,11520.6,1819.57,1819.57,-147.424,-563.57,-1333.86,-1333.86,-5935.2,-5935.2,6198.34,6198.34,-2786.65,-195.339,-3141.81,4125.23,-16219.4,19276.7,21553.6,-12344.2,3141.81,-4966.45,-2966.21,3852.11,-97.5226,-97.5226,-1807.19,-1807.19,827.671,-718.046,4185.22,724.714,-378.367,-378.367,-3250.35,-1054.48,-4655.9,-2874.4,-354.971,-354.971,-588.286,-588.51,-3009.06,-3009.06,-3388.89,-1875.4,-2688.65,-1830.64,-1488.87,-331.397,-331.397,-109.129,-121.566,0,860.278,957.15,0,-173.46,-1138.06,-1138.06,244.72,-1283.43,525.445,528.181,92.4347,326.263,317.968,-2370.54,3037.3,7296.7,1592.03,673.455,673.455,-244.457,-2402.8,-2402.8,-1348.35,-1338.63,-3.93898e-10,0,-378.246,-378.246,0,2.74803e-10,0,-2584.94,0,1198.31,0,-8.18511e-10,9.02799e-10,1447.12,1391.67,1391.67,0,288.981,288.981,2.57694e-10,0,-2575.67,-3964.71,-3964.71,-3964.71,-4158.39,0,0,0,-903.955,-903.955,-903.955,0,904.329,228.357,228.357,20.8725,-3.98551e-11,10.4364,10.4364,1.50113e-09,7.63264e-10,-8.955e-11,3.22012e-11,-91.9357,-91.254,-142.834,0,-6.67225e-11,0,4947.4,4947.4,4947.4,0,0,0,0,3.13623e-10,-1.60649e-10,-4354.48,-4354.48,-2.86448e-10,9214.87,1315.45,1923.44,0,2.57066e-10,1414.4,4191.1,4.32604e-10,30177.5,16124.2,4155.34,4015.51,-72.0247,-4657.6,-4657.6,1.4231e-11,122223,-1509.29,3.59717e-10,4.32224e-10,-1305.6,-2098.44,-5184.19,-3.47265e-10,-5.85581e-10,-4.10242e-10,-506.722,-1.49675e-09,9.3296e-10,-1.58609e-09,-7834.65,3.85139e-10,-7328.39,9.50361e-11,-917.482,-3967.1,-4.79675e-10,-2848.08,-6.69225e-10,-3027.33,6124.75,4.7938e-10,-1.00074e-10,4115.15,4115.15,1.51843e-09,220.64,220.64,2.03071e-10,-1090.38,0,4.4662e-10,3851.16,9954.1,0,0
2020-08-02 03:00:00 UTC,3700.04,1043.45,-3365.87,301.233,301.233,858.047,-1034.31,-1158.23,1586.9,1586.9,-2863.96,-2334.29,8958.4,-315.695,-1284.93,-2062.38,-3842.89,-1215.93,7258.09,1058.24,452.713,3644.15,3644.15,3172.18,3964,1163.66,786.378,-530.371,-38.0603,-2603.75,904.942,904.942,2078.6,1173.34,1173.34,7227.22,-4574.5,-4589.07,15095.4,15095.4,-5137.85,-9030.9,-4223.78,-2606.29,-6861.23,9533.18,13298.5,13396.4,14157.8,-343.117,2328.14,2328.14,-422.655,515.84,1065.23,-368.388,-368.388,3917.33,-1503.83,-822.421,-2215.37,2940.07,3169.7,-1393.32,-1393.32,445.604,445.145,-445.359,-445.359,-477.081,-3186.94,2334.5,-1164.02,-1164.02,-24.0905,-24.0905,-19.8153,-13.0348,-36.0845,127.171,276.576,-196.672,13.8856,12.9499,0.147569,58.444,38.4147,-629.176,-629.176,-121.343,-121.343,-120.154,-120.154,1233.16,1233.16,1233.16,-469.548,-469.548,-128.36,345.505,134.259,134.259,-244.446,-244.446,486.652,209.868,2606.29,-0.0144909,-0.0144909,2222.84,2222.84,2222.84,-6457.56,1662.68,1662.68,1762.92,1762.92,0.021,-547.963,-547.963,80.1627,80.1627,7374.29,7374.29,-6826.51,-6826.51,0,275.286,3040.3,1243.47,-2751.42,-2751.42,2411.97,-13044.6,-5715.57,2512.22,7339.09,7339.09,-1796.22,-1796.22,6280.16,6280.16,-660.765,-1551.27,-10648.5,-3193.15,-3152.27,-3152.27,1968.53,1968.53,1968.53,-5167.63,-5167.63,6236.16,9.8616e-11,9.8616e-11,-2359.73,4536.04,4536.04,-6549.35,2398.43,-1799.84,0,-4194.02,-1597.65,6363.43,4562.67,4562.67,583.028,-307.831,66.5604,4398.16,4398.16,3162.67,-1514.41,-1514.41,-15264.8,10016.1,15264.8,-13320.5,-13418.7,-14180.5,19701.5,-3840.69,3633.87,-13298.5,-13396.4,-14157.8,14489.5,8187.53,5712,-517.729,-18848.6,-3629.77,-15618.6,-38326.5,-21067.6,-21067.6,-2441.01,13152.5,-1217.62,-2393.88,-976.772,1315.66,-1291.33,1370.74,1157.95,1269.56,-1285.02,-1314.76,-1292.11,1309.29,-497.592,-497.592,1223.77,-5474.3,-5474.3,12507.8,-1415.28,-1745.27,1328.03,-893.813,-3185.53,-5620.96,-5620.96,-8830.71,-10481.3,-11067.7,-21211.9,10915.6,-6867.41,8830.71,-1841.69,-6854.89,-10601.3,-6215.86,-6213.62,1841.69,10481.3,11067.7,-4386.38,-4437.8,-3124.16,-3628.03,-2893.63,-3893.72,-2519.23,-2519.23,-477.273,-1370.42,2366.92,2671.54,-4487.13,10481.3,10481.3,11067.7,11067.7,1769.18,1769.18,-138.109,-528.572,-1311.29,-1311.29,-5785.23,-5785.23,5951.34,5951.34,-2496.62,-129.95,-3063.15,3990.25,-15820.9,18573.8,20770.8,-12027.2,3063.15,-4599.87,-2760.61,3645.25,-96.7667,-96.7667,-1632.81,-1632.81,725.518,-645.392,3805.37,650.581,-318.791,-318.791,-2948.6,-965.146,-4165.35,-2631.75,-318.166,-318.166,-517.959,-518.156,-2830.47,-2830.47,-3165.51,-1731.57,-2485.33,-1650.25,-1254.17,-301.523,-301.523,-62.7574,-69.6514,0,866.421,963.797,0,-121.729,-1148.07,-1148.07,165.115,-1041.96,509.585,512.241,43.8301,390.301,380.584,-2176.41,2974.07,7252.15,1547.81,644.326,644.326,-258.469,-2369.94,-2369.94,-1291.3,-1281.99,-8.54334e-10,0,-521.88,-521.88,0,6.19086e-10,0,-2370.3,0,1162.5,0,7.07402e-10,4.70783e-10,1415.05,1302.48,1302.48,0,284.215,284.215,-7.90169e-10,0,-2301.92,-3553.98,-3553.98,-3553.98,-3826.66,0,0,0,-821.967,-821.967,-821.967,0,922.726,251.581,251.581,48.1811,-1.31725e-10,24.0912,24.0912,7.07847e-10,-8.34756e-11,7.96383e-10,4.35079e-10,-93.8117,-93.1157,-135.217,0,-1.70009e-10,0,4616.71,4616.71,4616.71,0,0,0,0,3.09585e-11,-3.5171e-10,-4114.45,-4114.45,-6.16977e-10,8438.77,1212.27,1772.59,0,-7.1924e-10,1348.13,3883.49,-6.42177e-11,28161.8,15145.1,3967.65,3856.65,-66.5604,-4409.75,-4409.75,-2.15621e-10,113582,-1387.53,5.89923e-10,4.55657e-10,-1268.9,-2039.46,-5038.46,3.65419e-10,5.98514e-10,-3.75972e-10,-528.044,6.20615e-10,1.03746e-09,2.81506e-10,-7610.38,-7.3502e-10,-6854.89,-4.29593e-10,-910.283,-3595.21,9.85442e-10,-2603.52,1.12289e-09,-2823.74,5580.36,1.71364e-09,-6.88026e-10,3878.57,3878.57,-1.00826e-10,156.813,156.813,1.44877e-09,-858.047,0,9.58268e-10,3671.99,9337,0,0
2020-08-02 04:00:00 UTC,3488.57,988.644,-3277.53,341.453,341.453,687.218,-1041.51,-1173.39,1526.84,1526.84,-2614.36,-2128.85,8287.3,-244.438,-1171.46,-1908.74,-3575.42,-1131.29,6672.81,966.343,271.57,3356.61,3356.61,2939.93,3708.12,1087.79,737.784,-481.793,-46.3552,-2411.78,839.007,839.007,1919.69,1080.4,1080.4,6663.93,-4147.42,-4160.64,13759.9,13759.9,-4663.39,-8226.32,-3895.11,-2403.46,-6235.11,8694.42,12089.9,12179,12871.1,-305.178,2118.67,2118.67,-392.168,466.798,927.294,-354.196,-354.196,3547.27,-1403.74,-748.561,-2031.92,2656.35,2863.88,-1283.67,-1283.67,429.948,452.765,-441.341,-441.341,-461.299,-2955.4,2152.1,-1073.31,-1073.31,-29.7483,-29.7483,-18.9612,-13.0467,-32.7252,115.431,247.227,-177.667,12.4984,11.6562,-0.519176,52.5734,31.7318,-576.229,-576.229,-105.305,-105.305,-104.275,-104.275,1131.08,1131.08,1131.08,-424.956,-424.956,-120.944,310.77,125.678,125.678,-219.3,-219.3,451.484,190.464,2403.46,-0.229993,-0.229993,2062.29,2062.29,2062.29,-5983.21,1544.8,1544.8,1637.21,1637.21,0.316,-505.335,-505.335,95.3439,95.3439,6862.56,6862.56,-6385.34,-6385.34,0,263.255,2840.2,1165.97,-2576.77,-2576.77,2239.34,-12083.8,-5294.68,2331.76,6820.7,6820.7,-1673.7,-1673.7,5837.67,5837.67,-615.99,-1451.77,-9718.26,-3196.07,-2917.47,-2917.47,1821.67,1821.67,1821.67,-4739.03,-4739.03,5797.11,8.01399e-11,8.01399e-11,-2179.33,4159.91,4159.91,-6000.52,2178.61,-1649.7,0,-3824.83,-1500.4,5794.42,4182.82,4182.82,545.963,-290.137,63.5773,4129.14,4129.14,2878.61,-1377.48,-1377.48,-13892.3,9060.87,13892.3,-12108.1,-12197.4,-12889.8,17855.9,-3509.58,3318.32,-12089.9,-12179,-12871.1,13277.7,7422.81,4956.67,-634.651,-17905.1,-3352.41,-14795.5,-36390.4,-20011.3,-20011.3,-2339.31,12148.4,-1125.37,-2301.55,-932.768,1235.85,-1216.99,1286.33,1089.85,1194.73,-1223.48,-1251.79,-1230.24,1231.63,-449.862,-449.862,1151.03,-5129.6,-5129.6,11655.5,-1276.55,-1636.13,1249.09,-859.224,-3027.16,-5223.7,-5223.7,-8308.16,-10027,-10588,-20383.7,10582.9,-6303.55,8308.16,-1889.77,-6293,-10206.7,-5984.48,-5982.33,1889.77,10027,10588,-4272.02,-4322.1,-3019.19,-3506.09,-2833.41,-3571.21,-2448.95,-2448.95,-480.061,-1216.46,2300.89,2597.02,-4331.14,10027,10027,10588,10588,1728.5,1728.5,-124.522,-477.815,-1306.57,-1306.57,-5677.65,-5677.65,5714.29,5714.29,-2132.19,-43.3246,-3013.2,3873.09,-15571,17833.3,19957.7,-11806.5,3013.2,-4206.54,-2545.4,3408.9,-99.3328,-99.3328,-1445.88,-1445.88,593.108,-567.065,3347.43,564.808,-242.698,-242.698,-2614.05,-858.822,-3653.07,-2372.76,-275.015,-275.015,-440.275,-440.444,-2629.15,-2629.15,-2920.55,-1579.41,-2273.2,-1451.38,-1039.09,-266.888,-266.888,-32.2414,-35.5212,0,827.914,920.964,0,-85.6515,-1087.86,-1087.86,110.013,-855.969,478.484,480.98,12.6975,412.541,402.395,-1972.33,2823.12,7117.33,1485.16,613.024,613.024,-258.446,-2236.99,-2236.99,-1169.27,-1160.84,-1.07686e-09,0,-551.2,-551.2,0,1.30663e-10,0,-2146.52,0,1086.78,0,1.06059e-09,-4.30684e-10,1328.37,1206.41,1206.41,0,264.074,264.074,-1.25496e-09,0,-2072.71,-3206.72,-3206.72,-3206.72,-3508.68,0,0,0,-734.692,-734.692,-734.692,0,891.285,251.644,251.644,59.4966,2.83837e-10,29.7493,29.7493,-4.60733e-10,-9.16054e-11,8.03174e-10,4.71337e-10,-90.491,-89.8196,-131.159,5.52191e-11,-5.89657e-11,0,4307.18,4307.18,4307.18,0,0,0,0,2.2093e-10,-1.14671e-10,-3855.83,-3855.83,9.30442e-10,7732.68,1113.48,1628.14,0,-8.46916e-10,1275.84,3599.7,2.47787e-10,26277.8,14200.5,3787.38,3675.49,-63.5773,-4139.28,-4139.28,-1.75804e-10,105640,-1232.6,6.87602e-10,4.5526e-10,-1233.51,-1982.56,-4897.91,8.35636e-10,2.45399e-11,-5.21906e-10,-550.698,-7.17558e-10,1.39015e-09,1.10419e-09,-7421.63,2.3454e-10,-6293,8.82638e-10,-900.895,-3151.05,8.27445e-10,-2296.27,4.11336e-10,-2620.07,4986.81,3.57929e-11,-5.91232e-10,3628.06,3628.06,-7.79617e-10,99.9537,99.9537,3.50697e-10,-687.218,0,7.57174e-10,3473.75,8723.88,0,0
2020-08-02 05:00:00 UTC,3292.52,943.639,-3248.14,421.047,421.047,493.024,-1071.37,-1215.84,1516.39,1516.39,-2279.62,-1870.76,7492.47,-109.926,-1032.14,-1702.46,-3276.36,-1036.65,5949.28,849.643,41.5237,3026.45,3026.45,2672.04,3442.84,1007.92,679.792,-423.821,-64.7727,-2183.44,760.168,760.168,1728.09,967.698,967.698,5983.22,-3611.35,-3622.87,12110.2,12110.2,-4065.24,-7241.67,-3501.04,-2160.28,-5441.98,7598.04,10598.5,10676.6,11283.2,-259.256,1858.75,1858.75,-353.953,406.376,760.955,-335.076,-335.076,3090.74,-1275.24,-655.41,-1806.62,2306.58,2486.85,-1151.46,-1151.46,411.135,463.067,-437.086,-437.086,-442.386,-2681.05,1936.63,-966.093,-966.093,-36.7054,-36.7054,-17.7919,-12.9228,-28.5665,100.887,212.045,-154.961,10.9171,10.1815,-1.23893,45.6109,23.8101,-510.992,-510.992,-85.9891,-85.9891,-85.1516,-85.1516,1003.28,1003.28,1003.28,-365.24,-365.24,-112.149,269.203,115.464,115.464,-189.189,-189.189,413.596,167.268,2160.28,-0.229994,-0.229994,1855.54,1855.54,1855.54,-5372.64,1392.6,1392.6,1475.36,1475.36,0.316,-451.255,-451.255,112.52,112.52,6200.84,6200.84,-5809.77,-5809.77,0,247.08,2579.69,1063.99,-2348.24,-2348.24,2015.77,-10850.2,-4754.21,2098.53,6151.44,6151.44,-1515.27,-1515.27,5266.69,5266.69,-557.484,-1322.41,-8554.57,-3160.15,-2615.56,-2615.56,1634.59,1634.59,1634.59,-4198.14,-4198.14,5230.37,-1.94058e-11,-1.94058e-11,-1947.19,3684.03,3684.03,-5308.68,1901.35,-1465.59,0,-3364.31,-1377.44,5082.38,3702.83,3702.83,499.078,-266.108,57.7171,3769.81,3769.81,2525.18,-1208.76,-1208.76,-12189.9,7878.3,12189.9,-10612.5,-10690.7,-11297.6,15569.9,-3092.85,2926.19,-10598.5,-10676.6,-11283.2,11758.4,6474.56,4046.93,-756.57,-16615.8,-3001.02,-13681.8,-33761.5,-18574,-18574,-2189.93,10869.5,-1013.23,-2162.13,-877.966,1118.89,-1117.22,1177.15,999.753,1095.76,-1138.47,-1164.8,-1144.76,1128.99,-391.645,-391.645,1054.89,-4671.22,-4671.22,10547.4,-1112.07,-1492.25,1144.77,-816.9,-2813.08,-4713.93,-4713.93,-7641.69,-9390.26,-9915.57,-19161.8,10067.6,-5641.87,7641.69,-1896.8,-5633.42,-9624.68,-5643.25,-5641.22,1896.8,9390.26,9915.57,-4053.65,-4101.17,-2871.75,-3334.83,-2720.8,-3209.85,-2314.04,-2314.04,-487.756,-1033.03,2174.13,2453.95,-4133.44,9390.26,9390.26,9915.57,9915.57,1666.27,1666.27,-109.127,-420.156,-1287.96,-1287.96,-5501.69,-5501.69,5409.39,5409.39,-1754.42,39.5384,-2950,3709.62,-15161.5,16799.6,18779.4,-11554.4,2950,-3748.62,-2299.49,3127.3,-107.06,-107.06,-1227.83,-1227.83,450.461,-478.193,2861.61,473.532,-160.331,-160.331,-2259.1,-747.185,-3110.48,-2099.7,-222.791,-222.791,-348.826,-348.961,-2387.52,-2387.52,-2629.1,-1400.6,-2021.42,-1213.31,-792.102,-225.062,-225.062,1.90812,2.66556,0,771.014,857.688,0,-44.9615,-1000.97,-1000.97,47.453,-648.126,446.784,449.118,-22.0115,441.737,431.03,-1765.71,2691.25,6871.21,1392.67,569.766,569.766,-252.532,-2116.63,-2116.63,-1057.05,-1049.43,7.88884e-10,0,-618.806,-618.806,0,-2.81302e-10,0,-1807.29,0,1007.05,0,6.00905e-11,5.01816e-10,1246.01,1092.15,1092.15,0,244.297,244.297,-2.61307e-10,0,-1792.19,-2779.25,-2779.25,-2779.25,-3110.74,0,0,0,-636.392,-636.392,-636.392,2.82038e-10,853.556,252.275,252.275,73.4108,-4.40258e-10,36.7069,36.7069,-2.0205e-10,-3.66754e-11,-4.05144e-10,-6.48945e-10,-86.6214,-85.9784,-125.457,0,-5.40473e-11,0,3906.84,3906.84,3906.84,0,0,0,0,2.35094e-10,2.85586e-10,-3526.08,-3526.08,-3.69794e-10,6854.07,999.54,1461.55,0,-7.32679e-11,1180.77,3239.49,1.45411e-10,23829,12959,3547.8,3423.76,-57.7171,-3778.27,-3778.27,5.60277e-10,95382.1,-1047.88,1.04971e-09,6.22656e-10,-1165.56,-1873.35,-4628.08,2.73011e-10,5.21782e-10,-4.95086e-10,-561.061,-6.70402e-10,-4.6341e-10,3.72401e-10,-7352.67,6.25796e-10,-5633.42,-8.61502e-10,-881.166,-2679.1,-9.40157e-10,-1969.04,-6.91505e-10,-2396.36,4358.8,7.50713e-10,9.09001e-10,3322.63,3322.63,-3.09453e-10,31.2878,31.2878,-4.50393e-10,-493.024,0,-8.86288e-10,3204.01,7919.01,0,0
2020-08-02 06:00:00 UTC,3134.78,905.332,-3174.7,455.1,455.1,369.117,-1069.11,-1218.31,1490.76,1490.76,-2047.49,-1699.04,6926.64,-19.6964,-940.932,-1551.9,-3067.22,-970.468,5443.72,768.948,-98.8506,2806.63,2806.63,2492.89,3255.58,952.36,641.558,-385.598,-74.6049,-2032.68,706.605,706.605,1591.38,884.581,884.581,5510.83,-3231.07,-3241.38,10943.6,10943.6,-3643.04,-6547.36,-3221.79,-1987.95,-4885.3,6848.72,9542.58,9612.88,10159,-225.851,1675.36,1675.36,-326.552,363.372,641.293,-321.999,-321.999,2766.66,-1185.78,-590.127,-1640.98,2058.69,2219.61,-1051.05,-1051.05,398.492,471.61,-435.036,-435.036,-429.748,-2486.08,1783.82,-890.028,-890.028,-41.8689,-41.8689,-17.0231,-12.9057,-25.6305,90.6254,186.811,-138.701,9.75695,9.0995,-1.80125,40.6003,18.0389,-465.025,-465.025,-72.0793,-72.0793,-71.38,-71.38,913.794,913.794,913.794,-324.157,-324.157,-105.984,239.419,108.273,108.273,-167.603,-167.603,385.766,150.689,1987.95,-0.229996,-0.229996,1697.63,1697.63,1697.63,-4907.93,1277.83,1277.83,1349.51,1349.51,0.316,-408.66,-408.66,116.257,116.257,5683.25,5683.25,-5349.93,-5349.93,0,230.049,2372.23,984.727,-2165.39,-2165.39,1847.18,-9912.16,-4343.26,1918.87,5632.21,5632.21,-1387.14,-1387.14,4821.56,4821.56,-507.458,-1216.56,-7714.7,-3065.91,-2386.39,-2386.39,1493.72,1493.72,1493.72,-3801.71,-3801.71,4790.1,-1.12536e-10,-1.12536e-10,-1776.03,3338.05,3338.05,-4809.17,1704.68,-1332.87,0,-3035.43,-1277.17,4570.58,3353.82,3353.82,459.105,-250.222,51.3118,3488.67,3488.67,2274.1,-1089.93,-1089.93,-10983.6,7051.75,10983.6,-9553.89,-9624.36,-10170.6,13965.6,-2794.01,2648.04,-9542.58,-9612.88,-10159,10650.1,5802.53,3468,-798.903,-15510.6,-2733.73,-12745,-31516.6,-17347.4,-17347.4,-2058.43,9894.38,-916.458,-2038.76,-825.529,1028.36,-1035.85,1087.82,926.567,1015.24,-1066.49,-1091.15,-1072.38,1045.21,-349.325,-349.325,976.249,-4311.43,-4311.43,9677.88,-982.91,-1380.49,1059.4,-774.645,-2627.91,-4314.86,-4314.86,-7116.46,-8820.73,-9314.16,-18013.8,9557.14,-5185.4,7116.46,-1838.3,-5178.26,-9076.73,-5321.98,-5320.05,1838.3,8820.73,9314.16,-3825.9,-3870.74,-2728.7,-3168.66,-2578.89,-2961.44,-2180.72,-2180.72,-471.303,-921.199,2048.87,2312.57,-3947.12,8820.73,8820.73,9314.16,9314.16,1598.82,1598.82,-99.1585,-382.472,-1251.91,-1251.91,-5295.09,-5295.09,5146.23,5146.23,-1537.47,77.1007,-2873.85,3549.92,-14667.9,15854.5,17682.1,-11268.3,2873.85,-3428.95,-2121.96,2911.37,-106.383,-106.383,-1092.24,-1092.24,375.597,-423.376,2564.28,417.901,-119.376,-119.376,-2027.48,-677.857,-2744.85,-1908.81,-193.468,-193.468,-296.386,-296.501,-2210.53,-2210.53,-2421.49,-1278.17,-1846.2,-1071.14,-647.072,-200.096,-200.096,21.6374,24.7244,0,734.543,817.104,0,-21.0086,-948.672,-948.672,11.0605,-516.726,422.892,425.103,-41.8714,452.751,441.852,-1613.57,2563.93,6573.28,1315.56,533.067,533.067,-248.858,-2018.74,-2018.74,-975.9,-968.864,-1.05126e-09,0,-644.39,-644.39,0,1.85056e-10,0,-1567.55,0,951.586,0,-3.38262e-11,5.23363e-10,1182.81,1016.71,1016.71,0,230.101,230.101,-5.82203e-10,0,-1587.21,-2475.76,-2475.76,-2475.76,-2832.01,0,0,0,-559.876,-559.876,-559.876,0,828.273,253.295,253.295,83.7378,3.36034e-10,41.8709,41.8709,3.05881e-11,6.53311e-10,-2.39697e-10,-2.29069e-11,-83.9962,-83.3725,-119.975,0,5.11892e-11,0,3595.14,3595.14,3595.14,0,0,0,0,-4.46169e-11,1.70219e-10,-3271.23,-3271.23,1.06728e-09,6220,913.834,1336.23,0,-7.82436e-11,1106.81,2966.96,6.40234e-10,21908,11975.4,3334.09,3210.69,-51.3118,-3495.82,-3495.82,-9.12642e-10,87391.4,-935.112,-1.49457e-10,1.93712e-10,-1098.41,-1765.42,-4361.45,3.20604e-10,-1.6992e-10,4.31593e-10,-551.501,-6.96804e-10,2.40115e-10,-4.26545e-10,-7308.8,-6.92462e-10,-5178.26,1.81608e-10,-846.86,-2391.29,-2.23724e-10,-1770.14,-7.67226e-11,-2221.78,3936.29,-3.01811e-10,-5.29662e-10,3089.56,3089.56,-1.33765e-10,-3.4842,-3.4842,-3.11856e-10,-369.117,0,-1.07596e-10,2990.86,7309.15,0,0
2020-08-02 07:00:00 UTC,3007.72,874.164,-3113.84,480.118,480.118,280.376,-1065.25,-1217.5,1472.1,1472.1,-1866.01,-1565.3,6481.1,49.7609,-870.011,-1430.89,-2899.97,-917.543,5043.46,706.369,-197.669,2622.15,2622.15,2338.44,3091.44,903.328,608.886,-352.935,-81.7641,-1903.74,662.248,662.248,1484.17,821.75,821.75,5132.85,-2971.07,-2980.55,10119.8,10119.8,-3348.85,-6065.85,-3006.13,-1854.88,-4489.22,6270.5,8819.04,8884.03,9388.67,-207.959,1547.26,1547.26,-302.214,335.353,588.635,-299.547,-299.547,2553.49,-1097.11,-542.972,-1518.71,1899.56,2048.08,-975.907,-975.907,374.092,446.957,-410.511,-410.511,-403.607,-2326.66,1674.94,-835.806,-835.806,-40.3085,-40.3085,-15.8017,-12.0209,-23.6604,83.6709,172.926,-128.766,9.08868,8.47625,-1.74506,37.6796,16.3823,-430.833,-430.833,-66.1287,-66.1287,-65.4886,-65.4886,844.692,844.692,844.692,-293.956,-293.956,-99.2677,222.005,101.277,101.277,-155.303,-155.303,364.655,140.036,1854.88,-0.229996,-0.229996,1589.18,1589.18,1589.18,-4588.8,1198.42,1198.42,1263.62,1263.62,0.316,-380.619,-380.619,117.963,117.963,5328.23,5328.23,-5031.17,-5031.17,0,218.506,2228.81,928.095,-2037.99,-2037.99,1730.11,-9267.36,-4060.76,1795.32,5276.45,5276.45,-1300.39,-1300.39,4517.23,4517.23,-474.526,-1144.28,-7141.79,-2985.72,-2229.04,-2229.04,1395.65,1395.65,1395.65,-3530.35,-3530.35,4488.63,1.86122e-11,1.86122e-11,-1657.89,3100.87,3100.87,-4466.1,1570.8,-1241.16,0,-2810.17,-1206.78,4221.57,3114.87,3114.87,432.862,-237.095,47.2877,3290.84,3290.84,2102.33,-1008.58,-1008.58,-10158,6489.17,10158,-8828.7,-8893.83,-9398.62,12871.9,-2589.41,2457.43,-8819.04,-8884.03,-9388.67,9889.52,5346.36,3081.16,-821.93,-14724.5,-2550.59,-12080.7,-29915.6,-16470.6,-16470.6,-1964.1,9228.17,-849.932,-1949.76,-785.639,970.54,-978.592,1025.87,874.8,958.478,-1014.29,-1037.73,-1019.88,986.612,-320.748,-320.748,921.498,-4061.88,-4061.88,9078.33,-895.936,-1300.54,999.994,-740.618,-2496.21,-4041.28,-4041.28,-6741.75,-8407.55,-8877.86,-17183.2,9174.95,-4865.51,6741.75,-1790.07,-4859.23,-8675.94,-5086.98,-5085.14,1790.07,8407.55,8877.86,-3660.09,-3702.99,-2622.03,-3044.77,-2468.31,-2786.81,-2085.86,-2085.86,-452.057,-845.497,1959.74,2211.97,-3808.95,8407.55,8407.55,8877.86,8877.86,1547.62,1547.62,-92.7095,-358.015,-1220.73,-1220.73,-5134.44,-5134.44,4954.78,4954.78,-1391.2,101.094,-2811.57,3430.23,-14273.6,15159,16878.5,-11036.9,2811.57,-3198.03,-1992.46,2756.77,-104.796,-104.796,-996.033,-996.033,325.601,-384.313,2358.82,378.617,-92.1957,-92.1957,-1861.94,-630.171,-2481.55,-1770.32,-173.21,-173.21,-260.094,-260.195,-2085.26,-2085.26,-2273.8,-1190.48,-1721.21,-971.265,-543.744,-182.583,-182.583,36.4227,41.2582,0,710.425,790.262,0,-3.33802,-913.691,-913.691,-16.0023,-422.985,405.011,407.13,-56.874,460.818,449.776,-1502.17,2468.2,6345.37,1259.96,506.648,506.648,-246.12,-1939.72,-1939.72,-913.998,-907.409,5.33059e-10,0,-661.921,-661.921,0,-1.83638e-10,0,-1377.88,0,902.632,0,-2.85036e-10,-8.38496e-10,1129.44,952.197,952.197,0,217.35,217.35,2.91564e-10,0,-1462.55,-2284.02,-2284.02,-2284.02,-2617.75,0,0,0,-522.522,-522.522,-522.522,0,777.728,239.538,239.538,80.617,8.97694e-11,40.3104,40.3104,-2.51785e-10,7.51626e-10,1.93756e-10,1.13546e-10,-78.9941,-78.4076,-116.15,0,5.32822e-11,0,3377.24,3377.24,3377.24,0,0,0,0,-2.11628e-10,7.19503e-11,-3090.89,-3090.89,-3.44747e-10,5783.16,852.815,1247.01,0,2.45326e-10,1052.55,2777.35,-1.3075e-10,20577.7,11285,3176.26,3054.96,-47.2877,-3297.25,-3297.25,-1.56932e-10,81902.8,-858.848,3.5026e-10,-1.32231e-11,-1050.63,-1688.62,-4171.71,5.12911e-10,1.56955e-10,3.32059e-10,-544.956,-1.70429e-10,-1.41721e-10,-4.00392e-10,-7267.64,1.05182e-09,-4859.23,9.53331e-11,-820.361,-2191.83,-8.14799e-11,-1635.24,-1.8479e-10,-2092.19,3632.25,2.29908e-11,-7.68095e-10,2923.71,2923.71,-2.61555e-10,-27.6204,-27.6204,7.89433e-10,-280.376,0,5.71173e-10,2836.08,6877.36,0,0
2020-08-02 08:00:00 UTC,2929.13,855.748,-3092.17,505.151,505.151,213.937,-1071.48,-1227.44,1464.95,1464.95,-1738.48,-1469.6,6176.73,99.0491,-818.88,-1349.8,-2784.73,-881.079,4767.29,662.671,-274.499,2501.78,2501.78,2229.97,2973.68,868.441,586.055,-330.109,-86.2703,-1813.59,631.55,631.55,1411.31,779.603,779.603,4873.14,-2793.54,-2802.47,9550.1,9550.1,-3148.98,-5723.41,-2857.66,-1763.25,-4221.59,5883.7,8314.35,8375.61,8851.34,-194.91,1458.31,1458.31,-287.103,315.667,545.603,-286.918,-286.918,2403.62,-1042.24,-511.458,-1437.13,1786.25,1925.92,-925.823,-925.823,359.768,435.059,-397.401,-397.401,-388.371,-2218.67,1601.99,-799.477,-799.477,-40.1337,-40.1337,-15.0919,-11.5843,-22.2719,78.7838,162.49,-121.557,8.67072,8.08646,-1.69482,35.587,14.7401,-407.37,-407.37,-61.21,-61.21,-60.6186,-60.6186,797.926,797.926,797.926,-273.877,-273.877,-94.9348,209.177,96.6594,96.6594,-146.17,-146.17,349.435,132.378,1763.25,-0.229997,-0.229997,1515.58,1515.58,1515.58,-4370.13,1145.06,1145.06,1205.74,1205.74,0.316,-362.217,-362.217,119.66,119.66,5088.48,5088.48,-4815.72,-4815.72,0,211.185,2131.51,888.478,-1951.64,-1951.64,1649.53,-8824.72,-3866.83,1710.2,5035.96,5035.96,-1242.74,-1242.74,4312.15,4312.15,-454.14,-1096.53,-6741.07,-2933.51,-2120.43,-2120.43,1326.32,1326.32,1326.32,-3340.51,-3340.51,4285.53,-1.33082e-11,-1.33082e-11,-1575.34,2934.63,2934.63,-4226.18,1474.66,-1179.5,0,-2652.58,-1161.04,3974.09,2947.16,2947.16,416.179,-226.393,45.1626,3158.3,3158.3,1982.6,-951.342,-951.342,-9580.7,6092.54,9580.7,-8322.93,-8384.32,-8860.19,12102.8,-2447.16,2323.29,-8314.35,-8375.61,-8851.34,9358,5026.52,2802.18,-844.478,-14192.5,-2424.34,-11629.2,-28830.9,-15876.5,-15876.5,-1901.79,8771.72,-807.561,-1890.65,-758.69,928.606,-939.286,983.723,839.223,919.527,-978.717,-1001.33,-984.118,946.539,-300.798,-300.798,884.13,-3891.31,-3891.31,8671.32,-838.393,-1244.58,959.455,-718.719,-2405.46,-3855.05,-3855.05,-6490.1,-8128.56,-8583.25,-16619.1,8920.8,-4652.68,6490.1,-1756.25,-4646.94,-8406.33,-4928.91,-4927.12,1756.25,8128.56,8583.25,-3546.17,-3587.73,-2554.27,-2966.06,-2388.97,-2671.87,-2021.69,-2021.69,-435.472,-795.834,1899.45,2143.93,-3729.79,8128.56,8128.56,8583.25,8583.25,1518.06,1518.06,-88.7839,-343.155,-1203.93,-1203.93,-5042.88,-5042.88,4842.25,4842.25,-1292.42,119.131,-2785.54,3360.85,-14072,14699.3,16333.3,-10948.8,2785.54,-3042.12,-1904.6,2653.38,-103.464,-103.464,-930.819,-930.819,292.885,-357.865,2221.23,352.518,-74.2929,-74.2929,-1751.65,-598.235,-2302.21,-1677.85,-159.666,-159.666,-235.663,-235.755,-2001.12,-2001.12,-2174.12,-1130.89,-1636,-903.51,-470.326,-170.859,-170.859,48.2279,54.4648,0,697.514,775.873,0,10.5214,-896.211,-896.211,-37.2047,-352.476,393.958,396.02,-68.9554,470.38,459.148,-1427.75,2414.78,6197.1,1220.57,488.548,488.548,-242.961,-1891.28,-1891.28,-872.265,-865.977,2.21908e-10,0,-680.895,-680.895,0,-6.5166e-10,0,-1248.07,0,867.797,0,-3.23349e-11,-2.58507e-10,1089.37,907.091,907.091,0,208.19,208.19,2.9314e-10,0,-1374.62,-2147.03,-2147.03,-2147.03,-2472.56,0,0,0,-495.623,-495.623,-495.623,0,748.166,232.419,232.419,80.2674,4.38555e-10,40.1355,40.1355,4.86597e-10,1.71383e-10,-4.16345e-10,-1.58482e-10,-76.0108,-75.4463,-114.94,0,3.65345e-11,0,3226.13,3226.13,3226.13,0,0,0,0,4.74594e-11,-1.16801e-10,-2969.31,-2969.31,3.68672e-10,5481.4,813.914,1190.13,0,-4.03341e-10,1016.18,2646.08,-3.36464e-10,19670.6,10809,3070.42,2949.31,-45.1626,-3164.05,-3164.05,2.02429e-10,78179.9,-808.791,8.04968e-10,5.41966e-10,-1018.31,-1636.68,-4043.38,-5.18466e-10,3.09322e-10,-7.83086e-10,-544.446,-2.70083e-10,-6.95719e-10,1.87713e-10,-7312.86,-3.80746e-10,-4646.94,2.76032e-10,-803.096,-2058.48,2.73429e-10,-1544.29,2.08713e-10,-2004.32,3429.5,-1.01072e-10,9.9361e-10,2811.2,2811.2,2.28797e-10,-45.3932,-45.3932,3.9735e-10,-213.937,0,-1.02156e-09,2729.9,6576.25,0,0
2020-08-02 09:00:00 UTC,2906.32,853.209,-3134.95,548.722,548.722,163.486,-1096.38,-1258.21,1488.01,1488.01,-1651.45,-1394.85,5990.64,136.523,-776.957,-1304.69,-2708.69,-857.015,4589.25,632.849,-341.204,2414.07,2414.07,2158.76,2903.9,847.511,570.565,-314.624,-91.515,-1752.62,611.174,611.174,1364.66,753.348,753.348,4701.34,-2663.77,-2672.28,9145.74,9145.74,-3004.75,-5472.49,-2763.26,-1705,-4031.2,5612.27,7944.5,8003.05,8457.59,-183.149,1394.1,1394.1,-279.611,300.586,498.349,-285.075,-285.075,2289.4,-1017.28,-489.905,-1385.51,1697.19,1829.91,-895.745,-895.745,357.84,442.952,-400.383,-400.383,-386.725,-2155.39,1553.81,-775.477,-775.477,-42.7491,-42.7491,-14.9329,-11.7211,-21.2234,75.1299,153.231,-115.843,8.44763,7.8784,-1.7295,33.9428,12.3171,-391.637,-391.637,-55.6892,-55.6892,-55.1526,-55.1526,767.444,767.444,767.444,-259.511,-259.511,-93.121,198.49,94.397,94.397,-138.357,-138.357,340.258,126.552,1705,-0.229997,-0.229997,1467.27,1467.27,1467.27,-4224.67,1110.18,1110.18,1168.48,1168.48,0.316,-351.056,-351.056,122.197,122.197,4934.18,4934.18,-4677.31,-4677.31,0,207.406,2068.82,861.631,-1895.88,-1895.88,1595.47,-8529.3,-3737.4,1653.78,4880.55,4880.55,-1206.92,-1206.92,4180.49,4180.49,-442.945,-1066.61,-6457.74,-2914.03,-2047.46,-2047.46,1278.25,1278.25,1278.25,-3208.81,-3208.81,4154.91,-5.55508e-11,-5.55508e-11,-1519.41,2818.69,2818.69,-4056.23,1408.42,-1131.43,0,-2538.42,-1128.76,3801.13,2830.04,2830.04,405.921,-217.924,44.5126,3075.15,3075.15,1895.38,-908.96,-908.96,-9157.71,5802.42,9157.71,-7952.33,-8011,-8465.67,11540,-2344,2223.9,-7944.5,-8003.05,-8457.59,8983.05,4796.46,2580.6,-874.257,-13869.4,-2339.32,-11350.3,-28166.6,-15512.7,-15512.7,-1866.08,8470.42,-783.898,-1856.63,-742.338,900.267,-914.469,956.653,816.635,894.789,-956.893,-978.999,-962.174,921.071,-286.959,-286.959,860.369,-3781.29,-3781.29,8410.52,-802.294,-1206.96,933.677,-706.01,-2348.07,-3734.14,-3734.14,-6333.79,-7962.27,-8407.65,-16287.5,8782.55,-4514.16,6333.79,-1741.84,-4508.75,-8247.82,-4835.96,-4834.21,1741.84,7962.26,8407.65,-3475.48,-3516.21,-2517.77,-2923.67,-2348.17,-2600.31,-1979.33,-1979.33,-433.607,-761.796,1859.66,2099.01,-3688.54,7962.27,7962.27,8407.65,8407.65,1503.2,1503.2,-85.6839,-331.523,-1198.57,-1198.57,-4999.95,-4999.95,4779.71,4779.71,-1225.11,132.483,-2774.86,3325.01,-13980.4,14429.2,16013.5,-10910.6,2774.86,-2939.08,-1849.7,2589.48,-105.929,-105.929,-882.152,-882.152,267.651,-338.681,2132.01,335.856,-59.4302,-59.4302,-1686.24,-578.157,-2196.5,-1627.23,-147.711,-147.711,-214.88,-214.964,-1946.67,-1946.67,-2107.98,-1089.99,-1577.75,-851.234,-414.617,-161.872,-161.872,58.0277,65.4294,0,686.624,763.717,0,22.1166,-884.332,-884.332,-54.8304,-299.042,388.352,390.386,-78.9426,482.255,470.776,-1391.95,2416.24,6127.81,1194.34,477.241,477.241,-239.357,-1878.62,-1878.62,-857.939,-851.754,2.43669e-10,0,-719.426,-719.426,0,-6.13575e-10,0,-1165.89,0,846.898,0,-2.36933e-10,4.63721e-10,1067.2,876.588,876.588,0,203.069,203.069,5.88657e-10,0,-1305.09,-2037.89,-2037.89,-2037.89,-2377.46,0,0,0,-474.559,-474.559,-474.559,0,744.592,235.082,235.082,85.4982,6.4619e-10,42.7512,42.7512,5.07912e-10,-1.6962e-10,-2.41687e-11,-2.02203e-10,-75.5527,-74.9916,-115.428,7.10435e-11,-1.14757e-10,0,3125.1,3125.1,3125.1,0,0,0,0,-1.65538e-10,-2.01614e-10,-2891.82,-2891.82,-6.85764e-11,5260.38,785.505,1148.59,0,6.76504e-11,989.185,2554.83,1.19775e-10,19081.4,10499.2,3005.23,2884.89,-44.5126,-3080.34,-3080.34,-4.83961e-10,75773.3,-774.477,-2.60737e-10,6.35586e-10,-996.975,-1602.39,-3958.67,-2.72741e-10,-7.18046e-11,2.57009e-10,-543.207,-3.25222e-10,4.22378e-10,3.73335e-10,-7337.59,-7.55093e-10,-4508.75,1.6135e-10,-795.657,-1971.86,2.34575e-10,-1483.21,2.97542e-10,-1956.4,3313.47,-5.76709e-11,3.93389e-10,2738.38,2738.38,2.22438e-10,-60.2989,-60.2989,-5.08315e-10,-163.486,0,3.20108e-10,2660.81,6370.31,0,0
2020-08-02 10:00:00 UTC,2917.46,859.686,-3211.41,598.072,598.072,132.623,-1129.49,-1297.7,1524.34,1524.34,-1600.72,-1340.22,5895.01,155.078,-744.296,-1289.22,-2658.48,-841.129,4491.39,615.645,-387.024,2355.8,2355.8,2116.97,2867.16,836.634,561.118,-305.179,-96.223,-1715.57,599.101,599.101,1338.44,739.204,739.204,4600.21,-2582.46,-2590.7,8905.33,8905.33,-2914.37,-5326.68,-2713.05,-1674.02,-3911.89,5446.44,7721.82,7778.72,8220.51,-175.151,1355.78,1355.78,-275.295,291.223,466.49,-285.559,-285.559,2219.11,-1004.42,-476.154,-1356.7,1642.34,1770.77,-880.676,-880.676,358.934,452.043,-405.475,-405.475,-388.237,-2123.74,1528.16,-762.697,-762.697,-45.0357,-45.0357,-14.922,-11.9089,-20.5903,72.9337,147.238,-112.24,8.223,7.6689,-1.89997,32.8294,10.587,-382.578,-382.578,-51.9483,-51.9483,-51.449,-51.449,750.144,750.144,750.144,-250.779,-250.779,-92.4367,191.68,93.3948,93.3948,-133.341,-133.341,335.496,122.986,1674.02,-0.229997,-0.229997,1438.26,1438.26,1438.26,-4137.32,1089.11,1089.11,1146.2,1146.2,0.316,-344.373,-344.373,124.151,124.151,4842.26,4842.26,-4595.54,-4595.54,0,205.333,2031.7,845.396,-1862.97,-1862.97,1563.08,-8351.52,-3659.51,1620.17,4787.78,4787.78,-1186.04,-1186.04,4101.94,4101.94,-437.188,-1049.55,-6283.51,-2908.64,-2003.65,-2003.65,1249.18,1249.18,1249.18,-3127.66,-3127.66,4076.9,5.91384e-12,5.91384e-12,-1483.8,2746.73,2746.73,-3951.6,1364.87,-1105.8,0,-2469.31,-1112.42,3691.97,2757.04,2757.04,400.399,-212.129,45.0066,3029.32,3029.32,1842.79,-883.209,-883.209,-8902,5623.23,8902,-7729.22,-7786.23,-8228.14,11194.6,-2282.14,2163.69,-7721.82,-7778.72,-8220.51,8754.94,4654.26,2439.48,-895.977,-13686.5,-2287.93,-11191.1,-27787.2,-15305.2,-15305.2,-1848.65,8289.58,-773.002,-1839.76,-730.935,883.92,-899.952,941.157,803.617,880.504,-944.425,-966.241,-949.637,906.301,-278.443,-278.443,846.552,-3717.01,-3717.01,8259.79,-782.151,-1184,918.681,-698.125,-2312.44,-3661.69,-3661.69,-6248.03,-7867.04,-8307.09,-16099,8710.37,-4441.35,6248.03,-1730.17,-4436.11,-8154.94,-4781.51,-4779.78,1730.17,7867.04,8307.09,-3434.27,-3474.52,-2490.21,-2891.65,-2328.84,-2563.93,-1953.3,-1953.3,-436.976,-745.535,1835.2,2071.4,-3646.77,7867.04,7867.04,8307.09,8307.09,1486.43,1486.43,-84.0172,-325.171,-1187.04,-1187.04,-4946.01,-4946.01,4720.99,4720.99,-1200.12,133.768,-2743.55,3286.7,-13813.2,14259.3,15832.3,-10787.6,2743.55,-2888.2,-1825.96,2554.56,-110.426,-110.426,-856.636,-856.636,254.756,-329.996,2096.84,330.455,-51.8212,-51.8212,-1666.5,-569.062,-2166.6,-1615.08,-140.09,-140.09,-202.337,-202.417,-1916.69,-1916.69,-2071.89,-1067.93,-1545.44,-822.697,-386.352,-156.914,-156.914,64.5219,72.6968,0,678.524,754.656,0,29.5581,-876.372,-876.372,-66.5866,-266.401,386.509,388.533,-85.6661,492.254,480.561,-1388.47,2453.12,6096.44,1177.5,470.984,470.984,-235.048,-1887.41,-1887.41,-862.01,-855.795,6.0992e-11,0,-765.261,-765.261,0,1.23626e-10,0,-1132.09,0,836.037,0,1.21169e-10,-3.47941e-10,1054.67,858.051,858.051,0,200.701,200.701,-7.81472e-10,0,-1261.53,-1970.13,-1970.13,-1970.13,-2323.36,0,0,0,-459.939,-459.939,-459.939,0,747.198,238.762,238.762,90.0713,1.73245e-11,45.038,45.038,-3.64838e-10,1.46768e-10,-3.51506e-10,4.4802e-10,-75.7693,-75.2066,-115.701,-7.10439e-11,-1.55686e-10,0,3065.18,3065.18,3065.18,0,0,0,0,3.50344e-11,2.42973e-10,-2848.51,-2848.51,-1.42821e-10,5130.72,771.661,1128.35,0,1.94394e-11,975.723,2501.18,6.59641e-12,18732.1,10317.6,2966.46,2848.37,-45.0066,-3033.99,-3033.99,-1.38288e-10,74343.6,-758.167,-1.75102e-10,1.2638e-10,-983.861,-1581.31,-3906.6,2.83214e-10,1.22621e-10,-8.51525e-10,-536.55,-3.41463e-10,-1.63011e-10,-2.61227e-10,-7265.52,3.27621e-10,-4436.11,-1.06742e-13,-789.294,-1938.05,4.75218e-10,-1456.33,-1.28157e-10,-1942.7,3281.58,7.91035e-10,2.29345e-10,2697.13,2697.13,2.46349e-11,-68.5689,-68.5689,-3.84871e-10,-132.623,0,1.4225e-10,2619.93,6249.16,0,0
2020-08-02 11:00:00 UTC,2974.27,880.713,-3361.43,665.401,665.401,99.9423,-1192.63,-1372,1587.73,1587.73,-1555.63,-1296.9,5863.34,196.313,-719.119,-1277.63,-2647.01,-837.499,4430.21,602.072,-449.318,2324.79,2324.79,2099.98,2874.42,838.12,555.773,-299.835,-104.989,-1695.15,592.725,592.725,1326.02,733.158,733.158,4544.92,-2520.73,-2528.78,8741.68,8741.68,-2844.78,-5229.29,-2690.6,-1660.17,-3818.58,5304.92,7566.45,7622.21,8055.1,-169.183,1328.64,1328.64,-273.204,284.479,440.552,-287.87,-287.87,2168.38,-998.045,-465.497,-1341.66,1602,1727.29,-876.293,-876.293,363.127,465.03,-414.065,-414.065,-393.102,-2114.8,1517.73,-757.499,-757.499,-47.6493,-47.6493,-14.9867,-12.135,-20.1312,71.3462,142.902,-109.849,8.06963,7.52587,-2.09981,32.0616,9.10432,-376.793,-376.793,-48.8885,-48.8885,-48.42,-48.42,738.513,738.513,738.513,-242.394,-242.394,-92.6641,186.977,93.3302,93.3302,-129.803,-129.803,335.658,120.738,1660.17,-0.229997,-0.229997,1426.18,1426.18,1426.18,-4100.34,1078.82,1078.82,1138.71,1138.71,0.316,-342.869,-342.869,131.304,131.304,4814.2,4814.2,-4575.82,-4575.82,0,207.809,2022.82,839.883,-1854.99,-1854.99,1548.55,-8274.31,-3625.68,1608.44,4756.58,4756.58,-1182.67,-1182.67,4077.12,4077.12,-437.995,-1046.53,-6173.55,-2955.63,-1984.88,-1984.88,1235.51,1235.51,1235.51,-3081.24,-3081.24,4050.85,-2.32397e-12,-2.32397e-12,-1465.14,2704.33,2704.33,-3886.87,1336.39,-1088.11,0,-2423.2,-1108.6,3622.7,2714.13,2714.13,399.844,-208.863,46.5607,3017.53,3017.53,1806.74,-864.809,-864.809,-8724.11,5491.95,8724.11,-7573.55,-7629.42,-8062.43,10945.6,-2241.38,2121.75,-7566.45,-7622.21,-8055.1,8619.05,4555.17,2297.84,-943.236,-13701,-2264.15,-11189.6,-27802.7,-15314.2,-15314.2,-1857.45,8212.61,-776.086,-1848.5,-730.245,883.264,-897.65,938.623,801.437,878.142,-945.02,-966.849,-950.235,903.931,-272.865,-272.865,844.376,-3699.85,-3699.85,8217.64,-774.543,-1176.61,916.325,-698.998,-2311.97,-3636.58,-3636.58,-6241.91,-7888.66,-8329.92,-16158.4,8772.44,-4408.23,6241.91,-1756.19,-4403.07,-8187.66,-4800.69,-4798.95,1756.19,7888.66,8329.92,-3449.98,-3490.42,-2501.2,-2904.42,-2352.56,-2553.12,-1958.29,-1958.29,-452.041,-727.536,1839.88,2076.69,-3662.16,7888.66,7888.66,8329.92,8329.92,1493.39,1493.39,-83.2944,-322.614,-1195.84,-1195.84,-4972.42,-4972.42,4728.39,4728.39,-1173.04,143.299,-2766.35,3298.19,-13879.1,14304.6,15894.6,-10888,2766.35,-2865.35,-1823.57,2553.19,-121.107,-121.107,-830.072,-830.072,234.563,-320.963,2071.4,327.165,-38.0577,-38.0577,-1667.14,-562.541,-2170.88,-1629.45,-128.724,-128.724,-185.101,-185.174,-1908.17,-1908.17,-2056.63,-1054.45,-1526.99,-789.259,-351.877,-151.079,-151.079,72.8314,81.9977,0,670.421,745.6,0,38.7336,-866.987,-866.987,-81.4657,-233.934,390.099,392.143,-94.4186,511.397,499.29,-1414.39,2547.6,6167.39,1175.27,471.461,471.461,-231.874,-1926.28,-1926.28,-875.51,-869.199,-2.99864e-10,0,-830.592,-830.592,0,-6.47157e-11,0,-1079.58,0,837.521,0,3.46927e-10,7.66048e-11,1061.23,847.835,847.835,0,202.412,202.412,3.16081e-10,0,-1231.19,-1920.13,-1920.13,-1920.13,-2286.89,0,0,0,-452.814,-452.814,-452.814,0,756.257,244.55,244.55,95.2986,-5.01132e-10,47.6519,47.6519,1.43134e-10,-2.37842e-10,-2.72475e-10,-5.74807e-10,-76.7003,-76.1305,-116.225,0,-7.51089e-12,0,3044.17,3044.17,3044.17,0,0,0,0,3.51106e-10,-3.08474e-10,-2838.91,-2838.91,-6.61953e-11,5047.68,765.447,1119.26,0,-2.39862e-10,971.747,2476.01,-7.95503e-11,18625.8,10268.8,2968.98,2851.03,-46.5607,-3021.95,-3021.95,-1.87058e-10,73876.8,-740.258,6.38923e-13,-2.2467e-10,-986.374,-1585.35,-3916.58,5.07136e-10,2.08316e-10,-4.48106e-10,-542.806,2.43799e-10,-7.92412e-10,-1.68615e-09,-7407.58,6.82642e-10,-4403.07,-2.09211e-10,-798.674,-1913.08,5.32067e-10,-1433.83,-1.8873e-10,-1961.76,3296.59,6.02786e-10,-2.70081e-11,2689.36,2689.36,-2.80993e-10,-82.1638,-82.1638,3.79382e-10,-99.9423,0,-7.34035e-10,2611.19,6202.24,0,0
2020-08-02 12:00:00 UTC,3072.33,911.687,-3531.23,722.25,722.25,95.994,-1257.9,-1447.71,1654.84,1654.84,-1572.49,-1300.02,5981.48,208.909,-718.745,-1308.81,-2690.15,-851.148,4506.14,610.294,-477.59,2357.59,2357.59,2145.99,2972.04,866.17,562.088,-306.149,-118.439,-1721.41,601.823,601.823,1348.69,746.732,746.732,4613.25,-2527.66,-2535.74,8828.52,8828.52,-2850.79,-5300.76,-2741.35,-1691.48,-3823.99,5288.58,7634.08,7690.34,8127.1,-168.91,1340.23,1340.23,-276.397,286.312,436.557,-294.357,-294.357,2183.32,-1011.02,-466.475,-1362.12,1612.36,1738.45,-895.784,-895.784,374.412,484.569,-429.475,-429.475,-405.537,-2159.1,1543.83,-770.506,-770.506,-50.4184,-50.4184,-15.2943,-12.4653,-20.2881,71.9242,143.908,-111.154,8.1115,7.56491,-2.35331,32.3512,8.57865,-381.666,-381.666,-48.3596,-48.3596,-47.8974,-47.8974,746.743,746.743,746.743,-239.615,-239.615,-95.1687,188.848,95.6872,95.6872,-130.944,-130.944,346.739,122.433,1691.48,-0.229997,-0.229997,1444.35,1444.35,1444.35,-4153.2,1091.45,1091.45,1154.05,1154.05,0.316,-347.874,-347.874,135.594,135.594,4880.32,4880.32,-4640.38,-4640.38,0,211.882,2051.61,850.723,-1881.09,-1881.09,1568.04,-8378.99,-3671.54,1630.65,4820.81,4820.81,-1200.61,-1200.61,4132.79,4132.79,-446.216,-1062,-6233.41,-3017.17,-2010.71,-2010.71,1250.27,1250.27,1250.27,-3113.57,-3113.57,4105.32,-1.09148e-10,-1.09148e-10,-1481.37,2732.15,2732.15,-3926.69,1345.5,-1102.64,0,-2446.82,-1126.73,3652.77,2741.74,2741.74,405.508,-210.453,48.9747,3058.86,3058.86,1824.18,-872.223,-872.223,-8805.09,5534.65,8805.09,-7641.31,-7697.68,-8134.56,11036.1,-2265.79,2142.09,-7634.08,-7690.34,-8127.1,8707.94,4593.3,2287.84,-973.561,-13920.8,-2291.21,-11364.8,-28245.8,-15558.2,-15558.2,-1889.48,8313.69,-791.057,-1880.05,-741.742,896.827,-910.857,952.872,813.339,891.2,-959.97,-982.146,-965.268,917.424,-275,-275,856.995,-3750.55,-3750.55,8331.61,-785.553,-1191.99,930.018,-711.094,-2349.11,-3684.07,-3684.07,-6345.26,-8017.09,-8465.54,-16431.2,8932.78,-4482.72,6345.26,-1783.18,-4477.39,-8320.41,-4878.53,-4876.76,1783.18,8017.09,8465.54,-3503.93,-3545,-2537.34,-2946.39,-2399.69,-2602.65,-1985.79,-1985.79,-469.455,-734.018,1865.73,2105.86,-3712.66,8017.09,8017.09,8465.54,8465.54,1510.55,1510.55,-85.4465,-330.823,-1206.92,-1206.92,-5026.89,-5026.89,4783.59,4783.59,-1208.49,139.408,-2801.38,3335.47,-14002.2,14534.6,16157,-11043.9,2801.38,-2918.75,-1863.31,2601.71,-131.683,-131.683,-837.923,-837.923,236.092,-325.604,2127.08,338.893,-36.2746,-36.2746,-1727.49,-575.508,-2267.31,-1691.58,-124.528,-124.528,-181.917,-181.989,-1941.02,-1941.02,-2090.71,-1070.73,-1550.71,-794.823,-357.729,-151.998,-151.998,76.2213,85.7984,0,671.795,747.086,0,41.6005,-869.779,-869.779,-87.2492,-232.668,399.187,401.279,-98.3665,527.273,514.806,-1477.96,2671.68,6289.74,1192.14,479.314,479.314,-233.026,-1990.72,-1990.72,-906.832,-900.295,6.09941e-10,0,-888.828,-888.828,0,-1.27477e-10,0,-1098.19,0,865.529,0,9.20461e-11,-3.53188e-10,1099.81,860.97,860.97,0,212.294,212.294,-4.15841e-11,0,-1239.68,-1931.49,-1931.49,-1931.49,-2312.15,0,0,0,-462.066,-462.066,-462.066,0,779.979,254.211,254.211,100.837,-2.91253e-10,50.4213,50.4213,2.82077e-10,-6.49197e-10,7.26114e-11,5.30348e-10,-79.2191,-78.6306,-117.269,0,1.51484e-10,0,3084.66,3084.66,3084.66,0,0,0,0,3.23967e-10,7.3959e-12,-2883.09,-2883.09,4.73637e-10,5103.56,774.416,1132.38,0,1.65719e-10,988.103,2506.84,-4.39467e-12,18882.5,10414.4,3019.02,2896.66,-48.9747,-3063.12,-3063.12,3.68646e-11,74874.7,-746.889,4.08902e-10,-9.14202e-10,-1000.23,-1607.61,-3971.58,5.6187e-10,2.0079e-10,5.87481e-10,-549.18,2.94132e-10,3.39748e-10,-6.03695e-10,-7604.21,2.31225e-10,-4477.39,-3.31117e-10,-812.695,-1966.2,4.08766e-10,-1464.99,-2.00765e-10,-2021.26,3419.06,2.07953e-10,1.15773e-10,2736.07,2736.07,3.97679e-10,-83.5615,-83.5615,-7.1684e-10,-95.994,0,6.24976e-11,2649.42,6287.56,0,0
2020-08-02 13:00:00 UTC,3221.05,951.402,-3660.9,725.671,725.671,161.205,-1293.54,-1486.93,1721.77,1721.77,-1727.37,-1405.76,6395.72,167.845,-773.014,-1417.72,-2846.51,-900.628,4857.4,663.317,-417.452,2498.42,2498.42,2307.76,3194.29,931.695,592.704,-336.756,-127.368,-1843.63,642.324,642.324,1440.38,797.902,797.902,4938.31,-2704.59,-2713.23,9483.34,9483.34,-3046.22,-5737.27,-2939.3,-1813.63,-4080.15,5644.66,8214.81,8275.35,8745.37,-182.813,1441.47,1441.47,-290.051,308.367,491.022,-306.559,-306.559,2352.9,-1062.52,-495.411,-1453.72,1743.44,1879.77,-958.466,-958.466,393.994,504.205,-449.083,-449.083,-426.508,-2306.3,1645.77,-821.281,-821.281,-51.364,-51.364,-16.003,-12.8298,-21.8975,77.5729,156.897,-120.054,8.2868,7.72841,-2.85604,34.6762,10.842,-409.107,-409.107,-54.613,-54.613,-54.0898,-54.0898,799.443,799.443,799.443,-255.741,-255.741,-101.031,204.78,102.003,102.003,-142.281,-142.281,372.926,132.092,1813.63,-0.0114965,-0.0114965,1523.65,1523.65,1523.65,-4386.24,1151.56,1151.56,1214.79,1214.79,0.015,-365.959,-365.959,130.38,130.38,5130.69,5130.69,-4865.22,-4865.22,0,217.524,2151.92,893.093,-1971.69,-1971.69,1655.48,-8851.91,-3878.75,1718.71,5073.46,5073.46,-1258.53,-1258.53,4347.03,4347.03,-467.146,-1111.7,-6660.75,-3079.31,-2125.62,-2125.62,1323.61,1323.61,1323.61,-3312.56,-3312.56,4319.29,1.30907e-10,1.30907e-10,-1568.23,2909.34,2909.34,-4189.32,1435.83,-1188.48,0,-2622.8,-1189.31,3899.32,2919.7,2919.7,422.393,-222.346,52.0638,3212.3,3212.3,1959.67,-938.26,-938.26,-9462.88,5967.46,9462.88,-8223.19,-8283.85,-8754,11886.8,-2426.31,2297.41,-8214.81,-8275.35,-8745.37,9281.57,4935.24,2598.93,-945.604,-14501.1,-2422.64,-11858.3,-29443.7,-16217.4,-16217.4,-1962.1,8778.26,-825.795,-1951.46,-774.288,931.948,-953.353,998.009,852.035,933.439,-1000.76,-1023.88,-1006.28,960.584,-294.179,-294.179,897.071,-3935.79,-3935.79,8754.73,-833.02,-1251.48,973.48,-742.544,-2448.17,-3874.85,-3874.85,-6650.86,-8326.67,-8792.45,-17035.8,9235.35,-4772.45,6650.86,-1796.65,-4766.4,-8613.95,-5050.64,-5048.81,1796.65,8326.67,8792.45,-3610.79,-3653.11,-2617.72,-3039.75,-2473.36,-2769.24,-2046.2,-2046.2,-484.258,-804.706,1922.49,2169.92,-3822.91,8326.67,8326.67,8792.45,8792.45,1547.06,1547.06,-91.6893,-354.335,-1225.68,-1225.68,-5137.96,-5137.96,4937.5,4937.5,-1369.91,106.44,-2859.55,3425.55,-14287.7,15068,16747.7,-11282.7,2859.55,-3146.06,-1993.71,2734.81,-135.771,-135.771,-939.341,-939.341,289.661,-368.407,2348.85,383.16,-65.9084,-65.9084,-1903.73,-627.986,-2551.02,-1838.33,-144.624,-144.624,-221.62,-221.707,-2050.92,-2050.92,-2224.39,-1153.57,-1664.38,-906.211,-467.141,-171.753,-171.753,66.6028,75.0587,0,704.889,783.805,0,28.6322,-921.06,-921.06,-68.5714,-304.143,418.533,420.725,-89.2342,529.407,516.833,-1595.64,2790.69,6463.32,1243.73,500.24,500.24,-242.727,-2084.81,-2084.81,-966.308,-959.342,-1.41297e-10,0,-898.632,-898.632,0,1.1315e-09,0,-1247.59,0,930.955,0,-7.99433e-11,8.4201e-11,1177.41,922.123,922.123,0,232.062,232.062,-1.73912e-10,0,-1337.1,-2089.61,-2089.61,-2089.61,-2475.9,0,0,0,-493.904,-493.904,-493.904,0,820.534,265.428,265.428,102.728,7.71282e-10,51.367,51.367,-7.80866e-11,-2.99617e-10,-4.77172e-10,3.97867e-10,-83.5629,-82.9421,-120.1,0,-7.51438e-11,0,3247.96,3247.96,3247.96,0,0,0,0,1.00786e-10,-7.20399e-11,-3030.94,-3030.94,-5.18361e-11,5465.43,835.353,1221.48,0,-1.25308e-12,1045.83,2654.79,4.09591e-10,19849.7,10937.9,3148.08,3019.55,-52.0638,-3216.71,-3216.71,-4.91135e-11,78764.9,-818.028,-7.29737e-10,-5.46112e-11,-1030.65,-1656.52,-4092.41,9.92701e-10,9.82623e-11,1.28813e-10,-545.749,-2.22033e-10,2.51191e-10,-1.27266e-10,-7790.44,-5.78365e-10,-4766.4,3.50747e-10,-823.772,-2180.61,6.92255e-10,-1600.59,3.42235e-10,-2155.57,3742.06,-6.64858e-11,5.47045e-10,2879.48,2879.48,4.54375e-10,-53.8143,-53.8143,5.25162e-10,-161.205,0,-7.79453e-10,2778.78,6640.94,0,0
2020-08-02 14:00:00 UTC,3377.92,986.447,-3662.75,619.722,619.722,343.566,-1265.63,-1449.08,1758.35,1758.35,-2012.47,-1642.75,7085.01,92.6044,-904.435,-1567.07,-3135,-991.918,5475.16,761.614,-212.065,2759.91,2759.91,2548.58,3489.63,1017.82,641.188,-385.228,-127.415,-2035.94,710.166,710.166,1611.57,901.21,901.21,5526.52,-3134.06,-3144.07,10844,10844,-3515.87,-6563.01,-3278.29,-2022.81,-4688.77,6458.68,9444.9,9514.49,10055,-223.539,1652.19,1652.19,-322.62,358.647,633.75,-321.809,-321.809,2729.26,-1159.27,-563.963,-1650.64,2030.15,2188.85,-1086.87,-1086.87,413.175,505.262,-459.202,-459.202,-446.276,-2545.75,1819.71,-907.895,-907.895,-47.1977,-47.1977,-16.7855,-12.7245,-25.263,89.3461,185.954,-138.446,9.18741,8.56834,-2.64985,40.0586,17.7925,-460.305,-460.305,-71.0434,-71.0434,-70.3576,-70.3576,900.907,900.907,900.907,-296.334,-296.334,-107.762,238.78,110.64,110.64,-166.996,-166.996,409.811,150.923,2022.81,1.74151,1.74151,1684.18,1684.18,1684.18,-4850.76,1276.7,1276.7,1336.56,1336.56,-2.39,-404.444,-404.444,107.419,107.419,5621.79,5621.79,-5288.58,-5288.58,0,224.328,2340.33,969.202,-2140.36,-2140.36,1828.34,-9799.47,-4293.89,1888.2,5574.64,5574.64,-1370.77,-1370.77,4772.26,4772.26,-510.221,-1207.19,-7576.78,-3089.78,-2352.7,-2352.7,1467.53,1467.53,1467.53,-3731.97,-3731.97,4746,-8.48541e-11,-8.48541e-11,-1738.06,3280.29,3280.29,-4731.49,1641.17,-1356.46,0,-2995.63,-1294.15,4446.23,3296.63,3296.63,456.871,-240.321,56.746,3482.34,3482.34,2246.95,-1077.66,-1077.66,-10855.3,6919.57,10855.3,-9455.98,-9525.73,-10066.4,13735.6,-2761.87,2619.91,-9444.9,-9514.49,-10055,10484.1,5688.36,3353.52,-820.97,-15457.2,-2692.81,-12693.9,-31422,-17299.3,-17299.3,-2066.92,9745.88,-909.876,-2048.57,-824.211,1001.3,-1028.56,1083.02,920.547,1008.83,-1064.97,-1089.59,-1070.85,1038.89,-339.309,-339.309,970.548,-4276.7,-4276.7,9582.63,-959.986,-1358.02,1053.21,-785.44,-2610.28,-4256.86,-4256.86,-7151.8,-8803.37,-9295.83,-17942.4,9605.98,-5275.39,7151.8,-1789.63,-5268.01,-9054,-5308.65,-5306.73,1789.63,8803.37,9295.82,-3762.51,-3806.62,-2737.75,-3179.17,-2564.07,-3050.96,-2136.18,-2136.18,-491.386,-944.781,2007.02,2265.33,-3981.03,8803.37,8803.37,9295.82,9295.83,1600.57,1600.57,-101.065,-389.533,-1252.21,-1252.21,-5299.79,-5299.79,5186.67,5186.67,-1659.16,42.1953,-2934.84,3565.29,-14713.6,15879.8,17635.3,-11573.9,2934.84,-3547.27,-2218.03,2946.15,-135.822,-135.822,-1134.87,-1134.87,398.001,-450.811,2744.6,464.079,-128.627,-128.627,-2214.83,-723.049,-3069.02,-2087,-187.614,-187.614,-303.016,-303.134,-2235.05,-2235.05,-2456.63,-1304.33,-1871.57,-1116.31,-700.762,-207.858,-207.858,33.0308,37.5031,0,738.943,821.673,0,-11.6537,-968.756,-968.756,-8.51459,-495.101,443.315,445.633,-55.2593,495.185,483.291,-1787.89,2870.01,6624.95,1313.14,533.951,533.951,-244.681,-2180.64,-2180.64,-1039.35,-1031.85,-3.80229e-10,0,-807.874,-807.874,0,-1.55066e-10,0,-1471,0,1016.94,0,-4.99095e-10,-7.13143e-10,1286.33,1018.34,1018.34,0,256.321,256.321,2.46444e-10,0,-1582.11,-2442.14,-2442.14,-2442.14,-2792.07,0,0,0,-581.985,-581.985,-581.985,0,859.487,269.199,269.199,94.3955,6.04341e-10,47.2003,47.2003,4.99567e-11,-2.06186e-10,-3.48023e-10,4.54869e-11,-87.4726,-86.823,-129.441,-7.10402e-11,-1.77792e-11,0,3557.08,3557.08,3557.08,0,0,0,0,2.38504e-10,-3.33626e-10,-3284.11,-3284.11,9.05997e-10,6196.3,946.789,1384.42,0,1.31937e-10,1138.89,2943.07,-8.78383e-11,21702.6,11901.9,3343.6,3208.9,-56.746,-3488.81,-3488.81,1.38494e-10,86454.1,-959.608,4.37847e-10,-5.59695e-10,-1075.97,-1729.36,-4272.35,-9.49951e-12,-2.1386e-10,-3.10237e-10,-525.8,1.65661e-10,7.57909e-10,6.25249e-10,-7925.56,8.28749e-10,-5268,7.86323e-10,-826.728,-2566.68,4.60629e-10,-1836.12,-3.21561e-10,-2374.16,4301.83,2.31034e-10,2.78085e-10,3118.85,3118.85,-4.30003e-10,10.392,10.392,5.50406e-10,-343.566,0,6.0047e-10,2988.13,7287.25,0,0
2020-08-02 15:00:00 UTC,3493.89,1008.51,-3539.73,447.513,447.513,586.957,-1180.85,-1343.34,1753.74,1753.74,-2291.51,-1928.15,7777.11,51.2292,-1072.76,-1666.97,-3468.1,-1097.33,6097.76,863.412,62.3145,3050.97,3050.97,2751.19,3731.4,1086.08,683.051,-427.079,-122.576,-2201.53,775.507,775.507,1805.27,1029.51,1029.51,6149.53,-3697.38,-3709.18,12480.4,12480.4,-4118.99,-7505.19,-3626.54,-2237.72,-5450.93,7424.73,10960.9,11041.6,11669,-286.448,1904.58,1904.58,-359.936,424.117,855.333,-322.096,-322.096,3211.92,-1241.79,-645.966,-1899.85,2399.06,2586.53,-1254.15,-1254.15,408.215,455.146,-431.666,-431.666,-439.041,-2776.54,2007.2,-1001.21,-1001.21,-34.0641,-34.0641,-16.4581,-11.0041,-29.3626,103.721,224.9,-160.707,10.2339,9.54433,-1.647,46.8074,30.3439,-513.522,-513.522,-97.2198,-97.2198,-96.2734,-96.2734,1009.38,1009.38,1009.38,-345.299,-345.299,-109.232,281.878,115.909,115.909,-199.102,-199.102,440.433,172.616,2237.72,7.56501,7.56501,1893.88,1893.88,1893.88,-5438.87,1441.96,1441.96,1499.67,1499.67,-10.387,-463.347,-463.347,75.1353,75.1353,6264.63,6264.63,-5826.65,-5826.65,0,235.996,2578.2,1049.47,-2350.34,-2350.34,2039.57,-11005.9,-4822.45,2097.29,6231.64,6231.64,-1528.3,-1528.3,5336.43,5336.43,-586.565,-1340.45,-8746.52,-3047.21,-2635.12,-2635.12,1640.84,1640.84,1640.84,-4267.65,-4267.65,5311.1,-8.02748e-11,-8.02748e-11,-1939.14,3745.94,3745.94,-5396.71,1909.38,-1553.79,0,-3460.45,-1411.58,5159.52,3777.08,3777.08,512.599,-241.554,66.8464,3790.52,3790.52,2604.3,-1247.7,-1247.7,-12575.2,8122.84,12575.2,-10975.8,-11056.8,-11684.4,16056.2,-3179.17,3010.76,-10960.9,-11041.6,-11669,11999,6656.26,4310.05,-655.274,-16589.7,-3043.7,-13689,-33747.9,-18557.6,-18557.6,-2177.46,11037.1,-1064.11,-2139.52,-881.439,1090.43,-1118.09,1195.6,1002.17,1099.85,-1133.68,-1159.9,-1139.93,1136.39,-401.725,-401.725,1063.67,-4687.21,-4687.21,10663.7,-1178.68,-1469.93,1154.44,-827.324,-2798.47,-4759.68,-4759.68,-7709.64,-9340.25,-9862.76,-18974.1,9947.35,-5828.4,7709.64,-1787.5,-5819.38,-9550.55,-5599.78,-5597.76,1787.5,9340.25,9862.76,-3934.6,-3980.73,-2873.17,-3336.47,-2667.9,-3357.88,-2237.94,-2237.94,-500.409,-1100.41,2102.64,2373.25,-4160.3,9340.25,9340.25,9862.76,9862.76,1662.06,1662.06,-111.244,-427.802,-1283.04,-1283.04,-5486.09,-5486.09,5466.33,5466.33,-1969.53,-25.477,-3016.1,3723.7,-15206.3,16770,18638.3,-11879.5,3016.1,-3978.33,-2457.73,3177.83,-134.396,-134.396,-1344.3,-1344.3,516.165,-538.364,3169.85,550.104,-196.826,-196.826,-2546.98,-826.266,-3624.15,-2351.34,-234.182,-234.182,-389.95,-390.1,-2438,-2438,-2712.1,-1469.86,-2102.15,-1336.07,-963.919,-244.915,-244.915,-14.2828,-15.4524,0,754.973,839.64,0,-65.95,-986.435,-986.435,74.1322,-746.565,467.522,469.964,-6.32097,437.209,426.552,-1993.5,2887.54,6758.13,1359.6,572.37,572.37,-214.364,-2249.56,-2249.56,-1112.18,-1104.16,7.51525e-10,0,-653.162,-653.162,0,3.59347e-11,0,-1611.13,0,1085.07,0,4.20885e-10,-1.9235e-10,1389.32,1101.2,1101.2,0,274.827,274.827,2.23013e-10,0,-1934.14,-2903.52,-2903.52,-2903.52,-3131.87,0,0,0,-715.063,-715.063,-715.063,0,847.291,248.701,248.701,68.1283,8.87769e-10,34.0655,34.0655,3.38395e-10,-9.46176e-10,1.72964e-10,3.17239e-10,-85.9208,-85.2831,-150.926,7.10367e-11,3.10814e-10,0,3933.23,3933.23,3933.23,0,0,0,0,5.84787e-11,-1.46516e-10,-3570.95,-3570.95,5.21124e-10,7075.07,1068.24,1562,0,2.5008e-10,1226.74,3292.45,4.38122e-10,24047.1,13067.6,3553.14,3404.54,-66.8464,-3802.31,-3802.31,-3.99078e-10,96499.7,-1118.44,9.85525e-10,-2.81988e-10,-1127.22,-1811.74,-4475.89,-5.22092e-10,1.18476e-10,5.48496e-10,-506.227,8.74547e-11,4.16549e-10,-5.91859e-10,-8013.26,1.15582e-09,-5819.38,4.14006e-10,-832.755,-2981.64,-6.59202e-10,-2091.64,-1.16586e-10,-2605.03,4898.33,-6.91025e-10,-9.23607e-10,3388.2,3388.2,1.81825e-10,81.1747,81.1747,-6.22572e-10,-586.957,0,5.01282e-10,3196.62,8026.42,0,0
2020-08-02 16:00:00 UTC,3606.56,1030.89,-3403.08,279.629,279.629,817.237,-1087.9,-1228.43,1743.61,1743.61,-2545.62,-2205.4,8430.83,19.4247,-1238.94,-1753.27,-3793.64,-1200.34,6684.6,959.212,318.375,3349.54,3349.54,2938.91,3936.24,1143.82,723.238,-467.252,-111.721,-2359.94,839.624,839.624,2001.25,1161.32,1161.32,6748.23,-4255.43,-4269,14067.9,14067.9,-4721.62,-8392.62,-3955.2,-2440.54,-6220.44,8402.35,12427.8,12519.4,13230.8,-347.721,2149.46,2149.46,-398.668,487.728,1061.33,-324.699,-324.699,3679.42,-1332.56,-731.941,-2131.48,2754.13,2969.28,-1399.87,-1399.87,404.037,408.102,-406.056,-406.056,-432.745,-2994.63,2190.44,-1092.38,-1092.38,-21.6859,-21.6859,-16.2789,-9.51088,-33.3363,117.572,262.106,-182.136,11.6421,10.8576,-0.184921,53.5981,42.0471,-564.931,-564.931,-121.915,-121.915,-120.723,-120.723,1115.5,1115.5,1115.5,-395.568,-395.568,-110.221,323.183,120.61,120.61,-229.843,-229.843,466.63,193.276,2440.54,6.14351,6.14351,2090.74,2090.74,2090.74,-6022.39,1595.02,1595.02,1655.54,1655.54,-8.438,-518.757,-518.757,47.7458,47.7458,6894.92,6894.92,-6359.49,-6359.49,0,248.278,2812.72,1124,-2559.56,-2559.56,2246.04,-12183.3,-5338.23,2306.57,6873.96,6873.96,-1688.19,-1688.19,5887.98,5887.98,-668.36,-1476.51,-9886.53,-3010.99,-2915.4,-2915.4,1812.12,1812.12,1812.12,-4790.14,-4790.14,5861.41,-8.02514e-11,-8.02514e-11,-2129.43,4195.45,4195.45,-6036.86,2171.59,-1743.02,0,-3911.06,-1525.56,5862.45,4243.03,4243.03,571.13,-237.342,65.0744,4088.96,4088.96,2949.99,-1411.63,-1411.63,-14236.5,9289.74,14236.5,-12447,-12538.8,-13250.6,18304.2,-3581.32,3385.93,-12427.8,-12519.4,-13230.8,13480.2,7599.96,5225.46,-498.829,-17696.4,-3390.59,-14659.8,-36008.7,-19779.6,-19779.6,-2283.26,12319.2,-1229.68,-2223.34,-937.621,1174.31,-1204.53,1306.78,1080.41,1187.59,-1200.35,-1228.13,-1206.98,1231.5,-466.196,-466.196,1155.12,-5085.36,-5085.36,11735.8,-1408.52,-1575.77,1253.9,-866.326,-2977.48,-5258.82,-5258.82,-8256.09,-9857.32,-10408.8,-19959.8,10262.9,-6378.11,8256.09,-1776.98,-6367.32,-10026.9,-5879.06,-5876.95,1776.98,9857.31,10408.8,-4095,-4143.02,-3006.12,-3490.89,-2759.16,-3662.88,-2334.46,-2334.46,-503.298,-1255.42,2193.33,2475.6,-4344.97,9857.32,9857.32,10408.8,10408.8,1724.47,1724.47,-121.871,-467.769,-1313.98,-1313.98,-5674.82,-5674.82,5751.53,5751.53,-2279.66,-92.3549,-3101.91,3884.84,-15717.6,17633.5,19597.3,-12206.1,3101.91,-4389.2,-2680.76,3407.31,-128.456,-128.456,-1545.02,-1545.02,636.125,-620.928,3582.78,629.847,-266.665,-266.665,-2854.46,-925.765,-4131.19,-2589.43,-281.626,-281.626,-473.704,-473.886,-2638.32,-2638.32,-2961.8,-1629.79,-2325.46,-1552.44,-1211.23,-281.799,-281.799,-56.9463,-63.1942,0,782.953,870.893,0,-115.444,-1020.96,-1020.96,149.555,-983.482,491.211,493.773,37.5861,386.059,376.484,-2173.91,2881.85,6882.29,1393.79,608.623,608.623,-176.138,-2316.99,-2316.99,-1187.81,-1179.25,2.21071e-10,0,-501.936,-501.936,0,4.84115e-10,0,-1728.21,0,1142.7,0,9.95482e-11,2.33106e-10,1477.12,1180.47,1180.47,0,289.487,289.487,-7.59006e-10,0,-2268.11,-3347.41,-3347.41,-3347.41,-3464.07,0,0,0,-846.571,-846.571,-846.571,0,836.815,229.379,229.379,43.3718,-7.79976e-10,21.6864,21.6864,-1.92448e-10,9.43777e-10,7.79656e-12,1.54987e-09,-84.2911,-83.6658,-156.148,0,7.62728e-11,0,4301.62,4301.62,4301.62,0,0,0,0,-1.04048e-10,-1.99336e-10,-3850.17,-3850.17,2.38328e-10,7920.54,1187.75,1736.74,0,3.29506e-10,1305.2,3633.99,4.38886e-10,26340.5,14200,3748.04,3592.9,-65.0744,-4106.68,-4106.68,2.73792e-10,106375,-1276.87,3.16941e-10,4.94816e-10,-1175.84,-1889.88,-4668.93,8.97034e-10,-1.15879e-09,-7.16837e-10,-489.577,7.26139e-10,-8.3503e-10,-3.18968e-10,-8125.26,-2.75306e-10,-6367.32,5.50127e-10,-842.558,-3383.58,8.57767e-11,-2355.31,2.27386e-10,-2809.35,5443.89,1.1528e-09,9.62669e-11,3651.79,3651.79,4.25088e-10,150.709,150.709,-9.2711e-10,-817.237,0,-3.58254e-10,3388.29,8719.45,0,0
2020-08-02 17:00:00 UTC,3687.31,1042.15,-3217.76,103.079,103.079,1049.41,-975.318,-1090.41,1701.17,1701.17,-2812.64,-2476.43,9058.46,-45.1492,-1398.49,-1852.19,-4088.23,-1293.57,7266.98,1056.44,595.231,3639.41,3639.41,3116.18,4097.58,1190.82,763.102,-507.103,-92.7454,-2516.33,901.047,901.047,2182.4,1280.99,1280.99,7328.14,-4821.21,-4836.57,15658.1,15658.1,-5336.47,-9279.78,-4274.77,-2637.76,-7011.5,9428.31,13898.7,14001,14796.8,-408.742,2397.28,2397.28,-438.144,551.741,1275.14,-325.861,-325.861,4150.33,-1423.69,-820.933,-2359.45,3111.56,3354.55,-1538.93,-1538.93,397.344,354.547,-375.934,-375.934,-423.588,-3202.77,2372.67,-1183,-1183,-8.18213,-8.18213,-16.2045,-8.13701,-37.3661,131.562,299.818,-204.202,13.5616,12.6478,1.83087,60.9169,53.5126,-618.099,-618.099,-146.414,-146.414,-144.976,-144.976,1223.98,1223.98,1223.98,-450.941,-450.941,-111.344,365.371,125.063,125.063,-261.15,-261.15,489.866,214.413,2637.76,9.10202,9.10202,2287.8,2287.8,2287.8,-6587.24,1747.97,1747.97,1810,1810,-12.503,-576.704,-576.704,18.0995,18.0995,7507.56,7507.56,-6869.89,-6869.89,0,260.682,3041.85,1201.53,-2757.84,-2757.84,2446.85,-13337.2,-5843.74,2508.88,7499.61,7499.61,-1839.7,-1839.7,6425.33,6425.33,-740.68,-1602.69,-11031.2,-2934.77,-3187.91,-3187.91,1980.78,1980.78,1980.78,-5313.94,-5313.94,6398.1,-5.14418e-11,-5.14418e-11,-2328.33,4650.24,4650.24,-6685.54,2442.02,-1924.2,0,-4361.71,-1630.06,6569.62,4711.41,4711.41,623.861,-238.523,70.4586,4376.04,4376.04,3295.72,-1577.43,-1577.43,-15903.8,10471.4,15903.8,-13922.7,-14025.4,-14821.6,20574.9,-3984.97,3760.09,-13898.7,-14001,-14796.8,14951.4,8551.35,6189.99,-320.512,-18710,-3728.77,-15559.2,-38094.9,-20906.1,-20906.1,-2374.07,13563.8,-1374,-2295.01,-993.097,1251.72,-1287.23,1410.38,1154.89,1270.95,-1261.07,-1290.28,-1268.04,1321.51,-528.08,-528.08,1241.45,-5469.07,-5469.07,12757.7,-1621.03,-1681.86,1347.78,-904.171,-3148.16,-5738.99,-5738.99,-8776.02,-10321.5,-10899,-20821.4,10513.7,-6928.61,8776.02,-1740.73,-6915.87,-10440.5,-6121.59,-6119.39,1740.73,10321.5,10899,-4230.24,-4279.85,-3116.03,-3618.57,-2819.87,-3967.44,-2420.75,-2420.75,-489.496,-1414.56,2274.4,2567.09,-4502.54,10321.5,10321.5,10899,10899,1772.55,1772.55,-134.216,-513.949,-1326.86,-1326.86,-5809.29,-5809.29,6002.09,6002.09,-2612.76,-168.559,-3157.19,4015.75,-16067.8,18385.4,20436.7,-12423.9,3157.19,-4797.03,-2897.43,3629.38,-117.922,-117.922,-1752.27,-1752.27,765.672,-705.648,4008.32,709.842,-343.566,-343.566,-3158.02,-1027.06,-4621.33,-2816.63,-333.129,-333.129,-562.586,-562.8,-2835.87,-2835.87,-3210.33,-1790.87,-2550.14,-1779.34,-1470.05,-320.346,-320.346,-102.428,-114.09,0,812.796,904.26,0,-168.436,-1053.73,-1053.73,229.989,-1225.58,512.738,515.409,84.2921,327.419,319.098,-2339.32,2847.06,6944.64,1432.55,642.356,642.356,-147.498,-2362.93,-2362.93,-1258.97,-1249.89,-6.19239e-10,0,-341.253,-341.253,0,6.21034e-10,0,-1890.49,0,1189.61,0,6.61615e-10,9.67216e-10,1536.89,1258.74,1258.74,0,299.924,299.924,4.34374e-10,0,-2599.34,-3793.48,-3793.48,-3793.48,-3803.51,0,0,0,-973.22,-973.22,-973.22,0,820.965,207.096,207.096,16.3643,-6.4852e-10,8.18221,8.18221,4.89174e-10,-4.06482e-10,1.28131e-10,-6.55931e-10,-82.086,-81.4774,-170.296,0,-1.3989e-10,0,4658.27,4658.27,4658.27,0,0,0,0,4.42685e-11,2.89534e-10,-4120.48,-4120.48,1.06946e-09,8757.89,1300.42,1901.47,0,5.11636e-10,1374.89,3965.04,1.8135e-10,28556.1,15282.7,3932.78,3764.55,-70.4586,-4398.64,-4398.64,3.6825e-10,115933,-1439.12,8.49042e-10,4.22354e-10,-1219.29,-1959.73,-4841.49,-5.3281e-10,1.06027e-09,-1.08522e-09,-471.52,5.51211e-10,8.64977e-10,5.06297e-10,-8189.17,-3.73501e-10,-6915.87,-1.68875e-10,-845.27,-3797.48,4.9154e-10,-2637.35,-1.13556e-09,-2997.59,5974.65,-4.47255e-10,9.96594e-12,3908.58,3908.58,-8.10505e-10,226.343,226.343,-9.22719e-10,-1049.41,0,3.49779e-10,3576.88,9408.52,0,0
2020-08-02 18:00:00 UTC,3725.23,1041.9,-3000.42,-65.1999,-65.1999,1255.08,-854.137,-943.008,1635.84,1635.84,-3036.52,-2706.47,9558.86,-96.8042,-1534.36,-1923.19,-4329.2,-1369.83,7737.77,1136.34,847.552,3893.37,3893.37,3257.96,4173.75,1214.4,798.549,-542.537,-61.3291,-2654.09,952.21,952.21,2321.51,1368.9,1368.9,7811.36,-5314.95,-5331.87,17015,17015,-5878.31,-10025.6,-4532.73,-2796.95,-7716.68,10395.2,15158.6,15270.2,16138.2,-460.194,2611.41,2611.41,-469.492,606.581,1458.76,-324.61,-324.61,4555.22,-1500.55,-900.122,-2543.44,3421.09,3688.17,-1643.8,-1643.8,385.568,296.239,-340.895,-340.895,-409.004,-3365.97,2519.68,-1256.08,-1256.08,5.28099,5.28099,-16.1053,-6.90001,-40.8795,143.708,331.893,-222.55,14.8185,13.82,3.21066,66.7882,63.5879,-663.611,-663.611,-167.922,-167.922,-166.268,-166.268,1317.74,1317.74,1317.74,-504.706,-504.706,-111.608,400.854,128.084,128.084,-287.598,-287.598,502.499,231.98,2796.95,14.0705,14.0705,2451.21,2451.21,2451.21,-7052.03,1871.86,1871.86,1937.55,1937.55,-19.326,-623.803,-623.803,-6.21239,-6.21239,8010.55,8010.55,-7289.04,-7289.04,0,270.671,3230.93,1266.66,-2920.89,-2920.89,2613.12,-14292.9,-6262.43,2678.81,8013.27,8013.27,-1963.57,-1963.57,6865.86,6865.86,-797.853,-1705.66,-12007.2,-2845.77,-3415,-3415,2124.85,2124.85,2124.85,-5759.14,-5759.14,6837.02,6.48991e-12,6.48991e-12,-2498.42,5034.95,5034.95,-7238.46,2674.76,-2076.04,0,-4745.37,-1715.03,7173.76,5106,5106,667.168,-241.056,70.7987,4614.39,4614.39,3592.41,-1718.16,-1718.16,-17328.9,11486.8,17328.9,-15187.2,-15299.2,-16167.7,22523,-4325.64,4080.72,-15158.6,-15270.2,-16138.2,16199.7,9366.15,7039.83,-152.969,-19495.5,-4011.81,-16264.7,-39711.1,-21778.6,-21778.6,-2442.18,14600.2,-1486.51,-2348,-1031.54,1318.8,-1353.8,1492.11,1214.71,1337.76,-1308.3,-1338.61,-1315.52,1393.37,-581.4,-581.4,1310.19,-5785.41,-5785.41,13597.4,-1793.7,-1770.5,1422.52,-928.281,-3277.77,-6135.97,-6135.97,-9188.6,-10665.6,-11262.3,-21445.4,10661.5,-7385.91,9188.6,-1688.97,-7371.43,-10732.5,-6292.81,-6290.55,1688.97,10665.6,11262.3,-4318.63,-4369.28,-3189.04,-3703.4,-2846.69,-4218.79,-2481.02,-2481.02,-467.614,-1556.71,2331.03,2631.01,-4607.45,10665.6,10665.6,11262.3,11262.3,1800.43,1800.43,-144.95,-553.944,-1324.42,-1324.42,-5877.32,-5877.32,6182.06,6182.06,-2905.81,-239.767,-3179.61,4100.06,-16233.5,18925.3,21036.3,-12517.7,3179.61,-5126.95,-3068.22,3803.6,-104.981,-104.981,-1926.49,-1926.49,881.275,-776.49,4368.41,775.747,-413.568,-413.568,-3406.09,-1110.78,-5018.27,-2995.23,-378.806,-378.806,-639.978,-640.222,-2994.62,-2994.62,-3412.15,-1923.44,-2734.99,-1968.07,-1689.8,-352.504,-352.504,-144.858,-161.58,0,832.943,926.838,0,-216.26,-1079.33,-1079.33,304.534,-1440.99,529.549,532.304,128.57,269.625,262.561,-2465.01,2781.49,6940.17,1463.05,667.796,667.796,-127.168,-2381.74,-2381.74,-1315.43,-1305.95,9.8211e-10,0,-186.113,-186.113,0,-5.26917e-10,0,-2012.11,0,1213.14,0,1.56304e-10,-8.53789e-10,1556.55,1327.68,1327.68,0,301.933,301.933,-1.47955e-09,0,-2875.92,-4179.05,-4179.05,-4179.05,-4096.92,0,0,0,-1066.6,-1066.6,-1066.6,0,794.603,182.122,182.122,-10.562,1.82044e-09,-5.28096,-5.28096,1.24248e-10,-6.55756e-10,-3.71626e-10,-1.15879e-09,-78.9916,-78.4064,-182.224,0,3.70904e-12,0,4954.43,4954.43,4954.43,0,0,0,0,-4.21251e-10,-6.48665e-12,-4337.71,-4337.71,3.97631e-10,9469.93,1399.02,2045.63,0,6.9086e-12,1429.66,4241.84,5.30877e-10,30370.7,16159.9,4067.2,3897.54,-70.7987,-4640.51,-4640.51,-3.91711e-10,123790,-1583.91,3.01558e-10,8.54045e-11,-1249.65,-2008.52,-4962.04,2.5434e-10,-9.3908e-10,1.52204e-09,-450.765,1.32088e-09,5.96294e-10,1.02508e-10,-8198.9,1.01943e-10,-7371.43,5.1936e-11,-842.31,-4148.38,3.89008e-10,-2886.73,-2.09136e-09,-3136.81,6401.33,-2.96354e-11,-3.11093e-10,4108.49,4108.49,4.64424e-10,290.032,290.032,-3.54422e-10,-1255.08,0,1.25565e-09,3729.2,9971.17,0,0
2020-08-02 19:00:00 UTC,3726.07,1032.64,-2762.83,-222.509,-222.509,1432.56,-729.152,-791.611,1546.36,1546.36,-3205.85,-2901.64,9929.41,-135.917,-1652.88,-1962.3,-4522.51,-1431.01,8096.77,1198.87,1067.78,4116.88,4116.88,3366.79,4205.9,1225.32,827.583,-571.561,-28.8948,-2766.33,991.898,991.898,2421.7,1429.37,1429.37,8194.57,-5722.35,-5740.56,18107,18107,-6327.14,-10618.3,-4727.39,-2917.09,-8303.43,11215.7,16178,16297.1,17223.6,-502.449,2785.18,2785.18,-493.778,651.27,1612.4,-321.026,-321.026,4885.42,-1559.48,-965.691,-2691.71,3674.47,3961.27,-1726.57,-1726.57,370.88,238.408,-304.637,-304.637,-391.445,-3484.28,2629.56,-1310.68,-1310.68,17.8866,17.8866,-15.9245,-5.76722,-43.7424,153.605,358.215,-237.371,15.6994,14.6416,4.22733,71.4543,72.1226,-700.4,-700.4,-185.93,-185.93,-184.095,-184.095,1392.92,1392.92,1392.92,-551.061,-551.061,-111.397,429.736,129.976,129.976,-309.202,-309.202,509.412,246.147,2917.09,22.3116,22.3116,2584.41,2584.41,2584.41,-7417.49,1970.6,1970.6,2041.31,2041.31,-30.646,-661.125,-661.125,-24.6847,-24.6847,8412.39,8412.39,-7624.62,-7624.62,0,278.933,3380.96,1316.45,-3051.59,-3051.59,2744.29,-15053.4,-6595.56,2815,8423.24,8423.24,-2063.75,-2063.75,7218.12,7218.12,-845.097,-1789.56,-12793.5,-2762.25,-3595.44,-3595.44,2239.66,2239.66,2239.66,-6115.7,-6115.7,7187.08,1.16345e-10,1.16345e-10,-2637.68,5344.98,5344.98,-7686.25,2863.86,-2197.03,0,-5054.64,-1783.49,7663.04,5422.98,5422.98,703.931,-240.991,69.9307,4796.1,4796.1,3830.47,-1834.5,-1834.5,-18483.7,12309.2,18483.7,-16210.6,-16330.1,-17257.2,24101.3,-4598.13,4345.05,-16178,-16297.1,-17223.6,17207.8,10026.2,7734.59,-14.2151,-20094.2,-4239.36,-16805.5,-40950.9,-22446.9,-22446.9,-2488.4,15426.3,-1570.72,-2382.88,-1062.26,1372.96,-1405.03,1556.52,1261.25,1389.71,-1343.89,-1375.04,-1351.31,1449.26,-624.442,-624.442,1363.64,-6033.33,-6033.33,14255.4,-1929.29,-1839.13,1480.64,-947.481,-3381.84,-6454.11,-6454.11,-9498.32,-10925.6,-11536.8,-21915.9,10749.6,-7728.74,9498.32,-1651.63,-7712.89,-10952.5,-6421.8,-6419.49,1651.63,10925.6,11536.8,-4385.51,-4436.95,-3246.6,-3770.26,-2865.81,-4403.63,-2526.98,-2526.98,-449.882,-1661.64,2374.21,2679.75,-4698.51,10925.6,10925.6,11536.8,11536.8,1824.86,1824.86,-153.621,-586.314,-1323.79,-1323.79,-5938.48,-5938.48,6325.94,6325.94,-3117.37,-289.04,-3200.31,4169.77,-16391.8,19329.1,21488.5,-12602.8,3200.31,-5368.55,-3190,3934.29,-92.1661,-92.1661,-2057.3,-2057.3,969.758,-828.758,4629.76,824.145,-467.201,-467.201,-3583.85,-1170.81,-5310.77,-3119.78,-414.33,-414.33,-699.668,-699.934,-3115.51,-3115.51,-3565.26,-2023.58,-2876.46,-2109.02,-1858.53,-376.391,-376.391,-180.664,-201.661,0,843.131,938.348,0,-255.893,-1091.17,-1091.17,367.019,-1623.6,539.658,542.464,166.245,216.811,210.915,-2549.51,2698.36,6909.02,1489,686.358,686.358,-116.027,-2377.54,-2377.54,-1357.3,-1347.51,9.15855e-12,0,-35.8396,-35.8396,0,-1.45874e-09,0,-2089.52,0,1224.04,0,1.73796e-09,-4.12671e-10,1558.87,1383.85,1383.85,0,300.228,300.228,8.53576e-10,0,-3101.92,-4494.88,-4494.88,-4494.88,-4332.38,0,0,0,-1138.29,-1138.29,-1138.29,0,762.353,156.94,156.94,-35.7732,-1.37296e-10,-17.8862,-17.8862,-1.07613e-09,4.82008e-10,-1.17811e-09,7.68676e-10,-75.5017,-74.9428,-197.196,0,1.03975e-10,0,5189.07,5189.07,5189.07,0,0,0,0,7.86095e-11,-4.51354e-10,-4503.71,-4503.71,7.38336e-10,10045.4,1475.94,2158.1,0,-4.34573e-10,1471.11,4464.36,-5.55532e-11,31808.8,16842.9,4174.89,3997.4,-69.9307,-4824.8,-4824.8,1.45241e-10,130042,-1690.68,7.68792e-10,1.83077e-10,-1272.8,-2045.73,-5053.97,1.16685e-10,-9.9981e-10,1.04158e-11,-442.257,-6.14982e-11,1.53668e-09,5.22539e-11,-8198.36,3.885e-12,-7712.89,1.00474e-10,-839.634,-4403.74,-2.19686e-09,-3067.13,-8.55056e-10,-3230.1,6703.63,-7.00965e-10,6.2837e-10,4261.64,4261.64,1.37724e-09,339.126,339.126,-2.55271e-10,-1432.56,0,-1.54151e-10,3848.39,10407.5,0,0
2020-08-02 20:00:00 UTC,3712.18,1021.04,-2549.01,-352.347,-352.347,1562.7,-621.429,-661.644,1453.96,1453.96,-3331.54,-3055.8,10197.5,-174.214,-1747.75,-1990.27,-4666.97,-1476.73,8365.83,1246.57,1235.95,4306.56,4306.56,3456.13,4204.66,1226.91,853.296,-597.264,6.2803,-2865.15,1024.33,1024.33,2493.01,1468.22,1468.22,8497.01,-6024.66,-6043.83,18916.6,18916.6,-6665.38,-11059.1,-4869.86,-3005.01,-8753.38,11914.9,16931.5,17056.1,18025.9,-530.784,2915.96,2915.96,-510.045,683.619,1720.92,-319.865,-319.865,5127.37,-1606.41,-1014.78,-2794.36,3861.98,4163.35,-1780.17,-1780.17,360.024,194.844,-277.428,-277.428,-378.432,-3569.75,2710.13,-1350.71,-1350.71,27.231,27.231,-15.9507,-5.11616,-45.8984,161.074,376.509,-247.566,15.861,14.7923,4.37473,74.3296,78.0305,-728.665,-728.665,-198.707,-198.707,-196.743,-196.743,1451.63,1451.63,1451.63,-590.471,-590.471,-111.735,449.745,131.593,131.593,-324.172,-324.172,510.395,256.111,3005.01,21.1496,21.1496,2674.41,2674.41,2674.41,-7699.7,2030.43,2030.43,2114.97,2114.97,-29.051,-689.056,-689.056,-30.5655,-30.5655,8716.33,8716.33,-7883.56,-7883.56,0,288.598,3501.36,1356.9,-3152.83,-3152.83,2842.62,-15621.4,-6844.37,2927.16,8729.76,8729.76,-2143.64,-2143.64,7481.38,7481.38,-878.847,-1853.24,-13390.1,-2704.59,-3737.72,-3737.72,2332.47,2332.47,2332.47,-6388.9,-6388.9,7444.27,-8.77787e-11,-8.77787e-11,-2745.85,5579.11,5579.11,-8026.23,3013.4,-2280.56,0,-5287.04,-1828.8,8041.74,5661.15,5661.15,731.693,-243.199,75.059,4931.67,4931.67,4008.02,-1919.94,-1919.94,-19340.2,12928.6,19340.2,-16967.2,-17092.3,-18062.7,25284.7,-4806.2,4534.52,-16931.5,-17056.1,-18025.9,17970.1,10524.7,8253.66,84.9545,-20541.6,-4412.78,-17208.5,-41874.8,-22943.5,-22943.5,-2520.21,16055.7,-1637.58,-2405.49,-1086.4,1411.12,-1443.16,1605.28,1296.69,1429.14,-1369.23,-1400.97,-1376.79,1491.17,-656.762,-656.762,1403.47,-6218.12,-6218.12,14753.4,-2036.31,-1894.41,1523.89,-962.279,-3458.92,-6697.1,-6697.1,-9728.77,-11117,-11738.9,-22260.1,10805.7,-7983.74,9728.77,-1621.94,-7966.82,-11111.4,-6514.96,-6512.62,1621.94,11117,11738.9,-4437.29,-4489.34,-3287.37,-3817.62,-2875.94,-4538.53,-2563.97,-2563.97,-431.486,-1739.63,2408.97,2718.98,-4759.23,11117,11117,11738.9,11738.9,1841.74,1841.74,-159.749,-609.177,-1323.58,-1323.58,-5980.95,-5980.95,6431.27,6431.27,-3273.04,-325.855,-3214.63,4220.02,-16477.9,19607.4,21818.4,-12667.5,3214.63,-5538.87,-3270.98,4031.57,-78.6016,-78.6016,-2151.93,-2151.93,1037.16,-865.171,4816.58,857.277,-508.08,-508.08,-3701.23,-1211.63,-5488.08,-3196.61,-442.049,-442.049,-744.136,-744.419,-3205.5,-3205.5,-3678.27,-2096.77,-2980.67,-2213.78,-1979.44,-394.316,-394.316,-207.089,-231.24,0,855.337,952.07,0,-284.998,-1106.3,-1106.3,413.455,-1758.58,546.331,549.169,194.118,176.642,171.636,-2595.56,2614.03,6877.9,1505.11,699.331,699.331,-106.215,-2364.82,-2364.82,-1384.04,-1374.06,3.57473e-10,0,90.6402,90.6402,0,-7.04811e-10,0,-2155.14,0,1225.63,0,-3.79807e-10,-8.02095e-10,1546.36,1433.31,1433.31,0,295.492,295.492,2.15494e-10,0,-3256.9,-4726.73,-4726.73,-4726.73,-4515.98,0,0,0,-1167.96,-1167.96,-1167.96,0,738.482,138.027,138.027,-54.4619,-7.95919e-10,-27.2301,-27.2301,1.42004e-09,1.83899e-09,2.89567e-10,-6.43996e-10,-73.0511,-72.5106,-189.703,0,-2.15564e-10,0,5369.06,5369.06,5369.06,0,0,0,0,-1.332e-10,-2.35205e-10,-4626.8,-4626.8,2.60099e-10,10463.9,1525.71,2230.86,0,3.89993e-10,1496.99,4630.73,4.59931e-10,32890.4,17347.6,4254.06,4069.35,-75.059,-4962.01,-4962.01,-7.05154e-10,134750,-1769.61,1.8154e-10,-6.43977e-10,-1291.43,-2075.68,-5127.95,-5.76417e-10,-9.4152e-10,-3.6149e-10,-434.259,2.24989e-10,-4.3402e-10,3.31416e-10,-8238.75,6.12443e-10,-7966.82,3.45377e-11,-840.143,-4585.49,6.35701e-10,-3204.18,-2.68793e-10,-3282.81,6897.84,-9.32036e-10,1.10545e-09,4374.52,4374.52,6.89499e-10,376.097,376.097,7.98928e-10,-1562.7,0,-1.04363e-09,3935.56,10722.2,0,0
2020-08-02 21:00:00 UTC,3727.59,1020.39,-2405.93,-423.836,-423.836,1656.65,-536.97,-559.276,1395.04,1395.04,-3432.03,-3165.21,10422.5,-216.694,-1813.32,-2030.13,-4771.32,-1509.76,8587.92,1284.98,1356.6,4457.32,4457.32,3543.6,4206.31,1229.71,878.153,-622.11,39.2774,-2960.76,1053.91,1053.91,2549.65,1495.27,1495.27,8742.19,-6237.42,-6257.27,19514.7,19514.7,-6911.71,-11396.1,-4986.85,-3077.21,-9093.27,12480.8,17479.9,17608.5,18609.7,-546.762,3014.06,3014.06,-521.072,705.925,1787.46,-322.768,-322.768,5298.24,-1651.02,-1054.03,-2853.44,3995.77,4307.54,-1800.03,-1800.03,357.354,171.638,-264.49,-264.49,-374.704,-3643.98,2774.55,-1382.72,-1382.72,32.7143,32.7143,-16.3195,-5.06545,-47.4948,166.647,389.049,-255.09,16.1273,15.0407,4.4583,76.4985,81.3177,-752.246,-752.246,-206.496,-206.496,-204.454,-204.454,1499.65,1499.65,1499.65,-622.711,-622.711,-113.559,464.003,133.823,133.823,-334.662,-334.662,511.945,263.699,3077.21,19.8906,19.8906,2742.26,2742.26,2742.26,-7914.38,2073.09,2073.09,2170.48,2170.48,-27.321,-709.117,-709.117,-31.5756,-31.5756,8947.7,8947.7,-8084.48,-8084.48,0,296.949,3595.89,1392.4,-3232.08,-3232.08,2918.08,-16053.8,-7033.77,3015.48,8961.58,8961.58,-2202.62,-2202.62,7680,7680,-898.04,-1898.14,-13841,-2670.66,-3848.02,-3848.02,2405.44,2405.44,2405.44,-6598.45,-6598.45,7637.23,1.41611e-10,1.41611e-10,-2834.48,5758.17,5758.17,-8285.39,3132.86,-2332.66,0,-5458.06,-1859.92,8334.86,5841.45,5841.45,748.8,-251.824,82.7894,5036.74,5036.74,4138.87,-1981.43,-1981.43,-19966.2,13388.7,19966.2,-17517.9,-17647.1,-18648.9,26159.7,-4959.03,4672.08,-17479.9,-17608.5,-18609.7,18543.7,10898.1,8634.35,154.133,-20897.1,-4545.01,-17525.9,-42602.6,-23335.6,-23335.6,-2547.18,16533.7,-1681.1,-2426.99,-1101.03,1450.47,-1473.79,1641.22,1325.19,1460.45,-1389.43,-1421.65,-1397.1,1523.65,-680.573,-680.573,1433.87,-6364.17,-6364.17,15133,-2109.88,-1944.34,1556.86,-969.812,-3520.45,-6883.83,-6883.83,-9915.28,-11269.5,-11899.9,-22537.8,10862.8,-8193.1,9915.28,-1595.61,-8175.28,-11235.4,-6587.67,-6585.3,1595.61,11269.5,11899.9,-4477.26,-4529.79,-3316.69,-3851.69,-2884.89,-4647.91,-2592.19,-2592.19,-418.406,-1800.88,2435.48,2748.9,-4805.56,11269.5,11269.5,11899.9,11899.9,1851.61,1851.61,-165.555,-630.811,-1317.07,-1317.07,-5999.39,-5999.39,6505.4,6505.4,-3403.09,-357.099,-3216.49,4251.49,-16500,19820.7,22079.4,-12686.2,3216.49,-5665.03,-3327.07,4113.63,-65.2501,-65.2501,-2222.08,-2222.08,1093,-890.965,4961.81,880.188,-542.699,-542.699,-3787.77,-1241.92,-5610.37,-3248.81,-464.247,-464.247,-778.339,-778.635,-3279.68,-3279.68,-3768.64,-2153.1,-3061.99,-2292.64,-2064.24,-408.072,-408.072,-225.916,-252.31,0,870.911,969.507,0,-305.586,-1127.43,-1127.43,447.003,-1858.03,553.487,556.361,214.046,150.184,145.762,-2623.69,2559.12,6864.16,1523.59,709.046,709.046,-105.268,-2372.19,-2372.19,-1433.56,-1423.22,1.11069e-09,0,161.783,161.783,0,8.25804e-10,0,-2236.93,0,1228.42,0,-5.33909e-10,-6.07365e-10,1532.67,1481.17,1481.17,0,291.416,291.416,-5.5087e-10,0,-3345.68,-4889.52,-4889.52,-4889.52,-4665.61,0,0,0,-1174.72,-1174.72,-1174.72,0,732.083,128.508,128.508,-65.4287,1.24481e-09,-32.7131,-32.7131,-1.80667e-09,3.81457e-10,-2.01905e-10,1.13592e-09,-72.4227,-71.887,-183.091,0,7.07159e-11,0,5508.32,5508.32,5508.32,0,0,0,0,-2.18011e-10,-3.86285e-10,-4724.19,-4724.19,4.46542e-10,10763.6,1556.11,2275.3,0,3.07017e-10,1506.56,4754.53,1.83897e-10,33718.3,17736.3,4313.5,4127.53,-82.7894,-5067.76,-5067.76,7.54165e-10,138330,-1831.04,2.53662e-10,-2.15609e-11,-1305.64,-2098.52,-5184.39,8.03619e-10,3.94958e-10,2.99315e-10,-430.274,-9.95138e-11,1.03769e-09,-6.81389e-10,-8253.63,-9.42633e-10,-8175.28,-1.25625e-09,-844.47,-4727.7,-7.20961e-10,-3325.32,1.29002e-09,-3311.52,7036.58,2.18394e-10,-4.60277e-10,4465.69,4465.69,-1.00549e-11,402.395,402.395,-3.37058e-10,-1656.65,0,-2.93705e-10,4006.3,10957.1,0,0
2020-08-02 22:00:00 UTC,3757.74,1025.05,-2356.9,-437.864,-437.864,1695.48,-499.442,-513.373,1359.21,1359.21,-3523.86,-3222.83,10600.1,-289.833,-1841.76,-2101.25,-4815.73,-1523.81,8769.12,1315.98,1420.58,4552.71,4552.71,3628.94,4239.23,1241.44,900.118,-644.066,61.0398,-3045.92,1078.67,1078.67,2589.89,1510.73,1510.73,8914.22,-6337.66,-6357.82,19863.3,19863.3,-7037.41,-11631.2,-5077.61,-3133.23,-9280.42,12832.2,17789.9,17920.9,18939.9,-548.949,3073.35,3073.35,-523.993,716.634,1811.46,-328.129,-328.129,5387.09,-1684.66,-1077.76,-2869.77,4069.06,4386.53,-1792.64,-1792.64,363.278,170.402,-266.834,-266.834,-380.748,-3705.82,2820.66,-1405.61,-1405.61,34.0875,34.0875,-16.9172,-5.50376,-48.4459,170.049,395.633,-259.857,16.3266,15.2265,4.24728,77.7974,82.082,-770.023,-770.023,-209.324,-209.324,-207.253,-207.253,1533.51,1533.51,1533.51,-643.11,-643.11,-117.199,472.316,136.94,136.94,-340.518,-340.518,517.566,268.918,3133.23,22.4856,22.4856,2790.49,2790.49,2790.49,-8045.57,2104.06,2104.06,2209.73,2209.73,-30.887,-722.964,-722.964,-28.2491,-28.2491,9102.74,9102.74,-8221.1,-8221.1,0,304.475,3659.31,1418.66,-3285.89,-3285.89,2964.31,-16328.9,-7154.27,3069.99,9115.15,9115.15,-2239.75,-2239.75,7813.22,7813.22,-904.336,-1924.05,-14107.3,-2673.46,-3915.35,-3915.35,2449.45,2449.45,2449.45,-6725.15,-6725.15,7766.83,-7.16668e-12,-7.16668e-12,-2898.47,5868.87,5868.87,-8447.8,3209.13,-2355.49,0,-5556.81,-1877.36,8510.74,5949.74,5949.74,756.599,-263.65,91.6199,5117.14,5117.14,4215.15,-2015.02,-2015.02,-20323.3,13652.5,20323.3,-17829.4,-17960.9,-18980.5,26660.5,-5048.05,4750.71,-17789.9,-17920.9,-18939.9,18884.9,11114,8836.2,175.736,-21172.4,-4626.49,-17762.5,-43160,-23639.1,-23639.1,-2576.18,16828.7,-1699.52,-2454.83,-1111.08,1480.97,-1496.2,1663.11,1345.97,1482.8,-1406.29,-1438.91,-1414.06,1545.76,-693.273,-693.273,1453.94,-6468.56,-6468.56,15379.9,-2142.96,-1983.76,1578.58,-976.447,-3567.64,-7004.2,-7004.2,-10062.9,-11400.4,-12038.2,-22778.5,10957.3,-8347.53,10062.9,-1584.5,-8329.03,-11345.8,-6652.36,-6649.97,1584.5,11400.4,12038.2,-4518.9,-4571.91,-3344.26,-3883.72,-2898.25,-4728.46,-2620.37,-2620.37,-408.827,-1843.8,2461.96,2778.78,-4845.34,11400.4,11400.4,12038.2,12038.2,1862.14,1862.14,-169.662,-646.165,-1316.9,-1316.9,-6025.86,-6025.86,6570.11,6570.11,-3492.75,-377.479,-3222.34,4282.49,-16535.2,20021.7,22308.7,-12717.4,3222.34,-5744.71,-3359.92,4178.02,-55.0018,-55.0018,-2263.91,-2263.91,1130.39,-905.399,5057.29,892.884,-565.832,-565.832,-3838.68,-1260.28,-5663.71,-3276.77,-478.856,-478.856,-799.18,-799.484,-3335.54,-3335.54,-3832.42,-2189.34,-3115.58,-2341.64,-2104.65,-417.089,-417.089,-232.953,-260.175,0,893.294,994.449,0,-313.7,-1159.92,-1159.92,460.636,-1903.95,560.903,563.814,221.325,144.375,140.07,-2635.86,2544.81,6899.5,1547.24,716.506,716.506,-113.962,-2389.57,-2389.57,-1476.62,-1465.97,-5.70676e-10,0,176.946,176.946,0,2.59717e-10,0,-2380.62,0,1240.13,0,-1.32689e-09,3.60333e-10,1531.67,1523.79,1523.79,0,291.513,291.513,5.78886e-11,0,-3365.59,-4974.72,-4974.72,-4974.72,-4770.59,0,0,0,-1161.87,-1161.87,-1161.87,0,744.052,129.199,129.199,-68.1751,-1.48335e-09,-34.0862,-34.0862,9.99688e-10,1.00631e-09,-1.33263e-10,4.1572e-10,-73.8825,-73.336,-189.592,0,3.42228e-10,0,5598.18,5598.18,5598.18,0,0,0,0,1.20315e-10,-3.34149e-10,-4796.59,-4796.59,-1.18322e-09,10935.1,1570.59,2296.48,0,7.66068e-10,1513.6,4830.29,-2.44412e-10,34268.9,17996,4362.71,4178.73,-91.6199,-5147.51,-5147.51,6.81738e-10,140682,-1873.44,3.94161e-12,1.56228e-09,-1319.83,-2121.33,-5240.74,3.21268e-10,2.88486e-10,9.32814e-10,-429.206,-8.3698e-10,-5.08694e-10,-6.34679e-10,-8280.53,4.29386e-10,-8329.03,-5.74669e-10,-853.451,-4820.49,7.11965e-10,-3416.13,1.22345e-10,-3323.37,7115.45,1.27136e-09,3.78895e-10,4531.54,4531.54,6.15708e-10,415.129,415.129,-1.82675e-09,-1695.48,0,-7.83823e-10,4065.58,11112.9,0,0
2020-08-02 23:00:00 UTC,3750.34,1022.85,-2353.72,-405.814,-405.814,1646.06,-497.78,-511.676,1314.92,1314.92,-3520.19,-3202.28,10564.2,-325.652,-1827.08,-2125.08,-4779.85,-1512.46,8748.2,1313.27,1377.98,4564.01,4564.01,3657.19,4235.43,1242.27,908.167,-652.111,71.7882,-3076.87,1078.78,1078.78,2565.48,1486.21,1486.21,8892.73,-6262.15,-6282.06,19702,19702,-6968.3,-11577.6,-5060.21,-3122.49,-9211.1,12808.8,17634,17763.7,18773.8,-534.625,3052.41,3052.41,-514.92,707.821,1776.62,-330.016,-330.016,5330.2,-1683.2,-1072.81,-2819.34,4031.04,4345.55,-1747.14,-1747.14,367.839,179.501,-273.664,-273.664,-385.827,-3695.35,2812.31,-1401.47,-1401.47,32.3668,32.3668,-17.3286,-6.12179,-48.1091,168.936,391.571,-258.351,16.1979,15.1065,3.77304,77.1923,79.8356,-770.168,-770.168,-205.328,-205.328,-203.297,-203.297,1529.8,1529.8,1529.8,-643.067,-643.067,-119.958,468.658,138.22,138.22,-337.518,-337.518,517.85,267.965,3122.49,19.4521,19.4521,2780.83,2780.83,2780.83,-8025.86,2091.1,2091.1,2203.71,2203.71,-26.72,-719.448,-719.448,-16.2544,-16.2544,9088.63,9088.63,-8221.22,-8221.22,0,308.192,3661.94,1425.48,-3287.48,-3287.48,2958.46,-16281.9,-7133.7,3071.07,9095.77,9095.77,-2235.56,-2235.56,7796.42,7796.42,-893.061,-1917.42,-14028.3,-2725.11,-3909.26,-3909.26,2444.96,2444.96,2444.96,-6697.43,-6697.43,7746.98,-1.14008e-11,-1.14008e-11,-2904.88,5846.25,5846.25,-8413.86,3205.7,-2318.47,0,-5516.42,-1864.32,8476.27,5921.03,5921.03,750.453,-274.443,90.9788,5113.87,5113.87,4182.11,-1998.44,-1998.44,-20161.6,13547.8,20161.6,-17672.7,-17803,-18813.7,26453.6,-5013,4717.58,-17634,-17763.7,-18773.8,18784,11037.4,8719.13,128.09,-21217.9,-4610.16,-17786.9,-43235.5,-23685.1,-23685.1,-2588.79,16771.2,-1682.55,-2471.26,-1106.45,1501.46,-1497.56,1657.75,1347.38,1483.5,-1410.85,-1443.56,-1418.64,1544.61,-688.575,-688.575,1451.78,-6469.84,-6469.84,15350.3,-2117.47,-1994.97,1576.15,-971.645,-3578.74,-6990.48,-6990.48,-10071.1,-11442.3,-12082.5,-22878,11040.3,-8322.18,10071.1,-1616.62,-8303.79,-11395.3,-6681.39,-6678.99,1616.62,11442.3,12082.5,-4564.4,-4617.94,-3355.48,-3896.75,-2911.81,-4706.97,-2651.46,-2651.46,-397.328,-1825.67,2491.17,2811.75,-4871.57,11442.3,11442.3,12082.5,12082.5,1872.18,1872.18,-171.827,-654.399,-1321.02,-1321.02,-6055.37,-6055.37,6588.32,6588.32,-3449.83,-359.328,-3229.17,4298.71,-16601.2,20088.6,22399,-12749.2,3229.17,-5700.7,-3326.72,4180.68,-47.5642,-47.5642,-2238.79,-2238.79,1114.92,-891.58,4990.62,873.976,-556.828,-556.828,-3768.72,-1242.48,-5513.55,-3215.69,-477.414,-477.414,-789.922,-790.222,-3333.4,-3333.4,-3822,-2176.43,-3100.67,-2320.37,-2055.09,-414.333,-414.333,-222.649,-248.627,0,916.557,1020.31,0,-302.416,-1191.58,-1191.58,444.409,-1857.35,560.297,563.205,210.446,160.31,155.638,-2577.38,2536.03,6972.1,1562.37,717.01,717.01,-128.04,-2384.78,-2384.78,-1480.44,-1469.76,-1.00125e-09,0,146.11,146.11,0,-4.92439e-10,0,-2440.22,0,1240.95,0,-8.99091e-10,-4.74603e-10,1518.38,1539.29,1539.29,0,290.162,290.162,-7.8291e-11,0,-3292.74,-4922.49,-4922.49,-4922.49,-4758.34,0,0,0,-1123.52,-1123.52,-1123.52,0,753.694,133.832,133.832,-64.7336,8.94449e-10,-32.3656,-32.3656,4.91743e-10,1.12575e-09,1.41088e-09,2.26251e-10,-75.3305,-74.7733,-186.097,0,5.359e-11,0,5589.02,5589.02,5589.02,0,0,0,0,-3.88027e-10,8.83291e-11,-4793.12,-4793.12,3.45002e-10,10844.2,1537.64,2248.3,0,9.44466e-10,1496.15,4808.67,2.97969e-11,34219.1,17972.9,4368.79,4195.41,-90.9788,-5142.41,-5142.41,3.42568e-10,140399,-1853.75,-9.52051e-11,5.71769e-10,-1335.49,-2146.5,-5302.92,-6.04725e-10,8.62847e-10,9.00703e-10,-457.546,8.77058e-10,2.50019e-10,1.61108e-10,-8272.2,-7.4362e-10,-8303.79,1.32515e-10,-871.026,-4753.2,9.19565e-11,-3398.37,-1.09075e-09,-3276,6984.41,-7.86854e-10,4.80038e-10,4527.87,4527.87,-6.65582e-10,402.386,402.386,-3.04917e-10,-1646.06,0,9.12664e-11,4076.09,11084.8,0,0
2020-08-03 00:00:00 UTC,3727.91,1021.89,-2517.71,-293.556,-293.556,1518.21,-590.018,-621.079,1326.81,1326.81,-3407.7,-3059.33,10278.2,-338.242,-1738.49,-2114.66,-4612.39,-1459.46,8490.02,1271.08,1234.62,4442.52,4442.52,3570.77,4148.21,1218.29,889.001,-632.953,63.7776,-3001.59,1052.15,1052.15,2481.27,1428.67,1428.67,8614.82,-6008.53,-6027.64,18988.4,18988.4,-6698.48,-11191.4,-4916.42,-3033.75,-8872.68,12346.2,16973.7,17098.6,18070.8,-504.422,2944.15,2944.15,-495.562,678.538,1678.12,-329.317,-329.317,5117.99,-1647.42,-1038.31,-2714.52,3871.95,4174.1,-1676.77,-1676.77,369.671,197.671,-283.664,-283.664,-388.481,-3599.59,2738.12,-1364.62,-1364.62,27.5993,27.5993,-17.51,-6.90687,-46.3509,162.858,376.006,-250.1,15.9819,14.905,3.36468,74.7432,74.3532,-750.647,-750.647,-193.922,-193.922,-192.005,-192.005,1484.49,1484.49,1484.49,-621.435,-621.435,-121.318,452.071,137.089,137.089,-324.962,-324.962,510.803,260.21,3033.75,14.086,14.086,2701.76,2701.76,2701.76,-7815.83,2025.11,2025.11,2142.86,2142.86,-19.347,-695.103,-695.103,5.45004,5.45004,8861.45,8861.45,-8045.69,-8045.69,0,307.033,3586.24,1407.33,-3221.22,-3221.22,2885.41,-15839.2,-6939.76,3003.17,8859.06,8859.06,-2178.05,-2178.05,7591.86,7591.86,-856.555,-1867.2,-13543.4,-2820.56,-3811.14,-3811.14,2381.74,2381.74,2381.74,-6483.83,-6483.83,7540.16,2.35466e-10,2.35466e-10,-2842.28,5665.01,5665.01,-8154.75,3102.49,-2224.16,0,-5319.45,-1819.57,8184.55,5729.19,5729.19,725.505,-285.655,87.6206,5009.71,5009.71,4028.44,-1925.66,-1925.66,-19424.4,13025,19424.4,-17009.6,-17135,-18107.8,25448.9,-4838.38,4555.71,-16973.7,-17098.6,-18070.8,18167,10621.4,8252.89,11.718,-20948.9,-4474.63,-17528.3,-42672.5,-23388.1,-23388.1,-2574.62,16268.6,-1610.23,-2469.03,-1087.47,1497.14,-1472.64,1617.36,1324.33,1456.84,-1397.88,-1430.29,-1405.6,1514.03,-660.973,-660.973,1421.44,-6341.02,-6341.02,14961,-2010.56,-1970.98,1543.1,-959.273,-3543.12,-6807.79,-6807.79,-9906.72,-11356.4,-11991.7,-22759.3,11082.9,-8087.22,9906.72,-1685.57,-8069.86,-11343.2,-6650.87,-6648.49,1685.57,11356.4,11991.7,-4579.81,-4633.53,-3338.44,-3876.94,-2927.55,-4579.95,-2658.63,-2658.63,-404.593,-1737.53,2497.9,2819.36,-4839.45,11356.4,11356.4,11991.7,11991.7,1868.42,1868.42,-167.514,-638.467,-1328.81,-1328.81,-6053.64,-6053.64,6524.29,6524.29,-3281.42,-313.093,-3213.84,4276.35,-16558.9,19959.2,22278.8,-12675.6,3213.84,-5522.44,-3238.27,4110.18,-58.8058,-58.8058,-2130.58,-2130.58,1036.35,-846.815,4779.82,831.334,-508.454,-508.454,-3626.53,-1193.04,-5280.66,-3121.48,-447.103,-447.103,-738.437,-738.717,-3261.09,-3261.09,-3722.34,-2104.81,-3004.83,-2199.26,-1913.97,-393.906,-393.906,-196.533,-219.398,0,903.711,1005.91,0,-272.252,-1180.02,-1180.02,398.489,-1725.68,550.934,553.795,183.511,196.988,191.52,-2516.13,2653.73,7059.69,1573.03,708.12,708.12,-156.394,-2373.09,-2373.09,-1439.19,-1428.81,2.45695e-09,0,39.5145,39.5145,0,-3.87894e-11,0,-2442.78,0,1217.02,0,-6.94862e-10,-5.50128e-10,1477.29,1501.61,1501.61,0,284.588,284.588,2.14716e-10,0,-3135.82,-4722.11,-4722.11,-4722.11,-4616.33,0,0,0,-1075,-1075,-1075,0,758.18,141.638,141.638,-55.1985,7.73585e-10,-27.5984,-27.5984,8.51746e-10,9.74551e-11,6.62464e-10,1.43359e-09,-76.3877,-75.8225,-173.061,0,7.06494e-11,0,5458.94,5458.94,5458.94,0,0,0,0,-1.02481e-10,4.70403e-10,-4697.55,-4697.55,7.22937e-10,10472.6,1473.64,2154.73,0,-5.57712e-10,1465.26,4675.45,-2.96713e-10,33415.8,17596.2,4329.67,4163.04,-87.6206,-5034.81,-5034.81,-2.55269e-10,136786,-1763.08,-2.60719e-10,1.83254e-10,-1339.11,-2152.3,-5317.25,6.19749e-10,7.31581e-10,5.25094e-10,-483.496,9.8619e-10,-7.49017e-11,6.08013e-10,-8160.68,-5.1572e-10,-8069.86,-7.10977e-10,-890.523,-4545.93,-1.18515e-10,-3267.83,1.06263e-09,-3213,6748.01,-1.70888e-10,1.47543e-09,4439.28,4439.28,3.76196e-10,358.209,358.209,1.05491e-09,-1518.21,0,-1.21826e-09,4031.32,10841.5,0,0
2020-08-03 01:00:00 UTC,3673.24,1015.35,-2724.72,-110.199,-110.199,1302.39,-705.05,-760.942,1375.19,1375.19,-3207.95,-2803.85,9758.03,-345.449,-1579.98,-2083.93,-4315.96,-1365.64,8023.01,1193.78,992.035,4167.62,4167.62,3411.17,4012.2,1180.16,852.043,-596.011,41.8409,-2857,997.431,997.431,2323.66,1325.83,1325.83,8100.72,-5522.8,-5540.39,17630.8,17630.8,-6174.74,-10438.1,-4651.72,-2870.39,-8204.96,11433.7,15705.9,15821.5,16721,-449.061,2733.52,2733.52,-465.436,622.828,1480.32,-334.919,-334.919,4708.76,-1586.9,-967.425,-2528.56,3558.58,3836.36,-1561.63,-1561.63,383.457,256.799,-320.12,-320.12,-405.167,-3430.15,2585.72,-1288.9,-1288.9,14.1231,14.1231,-18.057,-8.68692,-42.9043,150.796,343.48,-232.402,15.2853,14.2554,2.3889,69.3699,62.9691,-709.465,-709.465,-170.628,-170.628,-168.945,-168.945,1396.73,1396.73,1396.73,-575.255,-575.255,-122.892,416.97,134.902,134.902,-298.53,-298.53,496.559,243.397,2870.39,7.55852,7.55852,2537.8,2537.8,2537.8,-7357.42,1898.8,1898.8,2013.26,2013.26,-10.38,-644.331,-644.331,34.374,34.374,8358.35,8358.35,-7638.01,-7638.01,0,297.456,3404.59,1354.67,-3064.81,-3064.81,2725.64,-14892.5,-6525.05,2840.11,8343.25,8343.25,-2049.15,-2049.15,7146.35,7146.35,-788.477,-1760,-12565.2,-2942.53,-3590.37,-3590.37,2243.36,2243.36,2243.36,-6041.35,-6041.35,7096.09,4.52591e-11,4.52591e-11,-2689.91,5287.29,5287.29,-7617.59,2875.63,-2064.24,0,-4933.73,-1736.34,7579.6,5336.36,5336.36,676.133,-295.845,80.8492,4784.71,4784.71,3731.8,-1783.54,-1783.54,-17995.4,12003.3,17995.4,-15736.6,-15852.7,-16752.7,23490.2,-4495.77,4239.69,-15705.9,-15821.5,-16721,16919.4,9798.26,7390.95,-169.56,-20225.7,-4189.58,-16871,-41187.8,-22594.1,-22594.1,-2519.53,15209,-1469.28,-2435.06,-1050.67,1444.68,-1411.23,1531.89,1267.6,1392.88,-1358.54,-1390.01,-1366.04,1443.93,-605.609,-605.609,1353.67,-6042.28,-6042.28,14112.8,-1805.04,-1898.68,1469.38,-937.222,-3431.83,-6408.28,-6408.28,-9513.25,-11064.6,-11683.6,-22256.4,11014.6,-7614.1,9513.25,-1769.33,-7598.72,-11109.9,-6514.05,-6511.71,1769.33,11064.6,11683.6,-4529.89,-4583.02,-3276.69,-3805.21,-2920.69,-4320.99,-2622.08,-2622.08,-425.246,-1584.4,2463.55,2780.6,-4754.72,11064.6,11064.6,11683.6,11683.6,1847.16,1847.16,-158.53,-605.109,-1331.2,-1331.2,-6002.28,-6002.28,6356.28,6356.28,-2965.67,-231.315,-3186.68,4201.77,-16408.8,19512.8,21789.8,-12563.3,3186.68,-5174.91,-3059.34,3939.28,-73.3903,-73.3903,-1939.87,-1939.87,903.078,-768.464,4386.87,755.106,-427.148,-427.148,-3346.35,-1102.48,-4821.98,-2921.94,-397.075,-397.075,-652.593,-652.842,-3102.23,-3102.23,-3516.29,-1966.15,-2815.2,-1987.3,-1671.87,-357.647,-357.647,-154.894,-172.804,0,876.075,975.06,0,-224.359,-1142.19,-1142.19,324.85,-1502.57,532.045,534.811,140.47,251.562,244.921,-2374.45,2717.79,7114.33,1569.89,685.333,685.333,-198.702,-2342.53,-2342.53,-1385.89,-1375.9,-8.55586e-10,0,-133.819,-133.819,0,-5.36486e-10,0,-2419.98,0,1178.97,0,1.34382e-09,-1.61154e-10,1417.7,1429.23,1429.23,0,277.085,277.085,-8.96432e-10,0,-2845.46,-4328.97,-4328.97,-4328.97,-4340.98,0,0,0,-982.005,-982.005,-982.005,0,788.653,167.383,167.383,-28.2462,-6.85565e-11,-14.1229,-14.1229,-9.05597e-10,-6.32962e-11,3.47674e-10,1.35147e-09,-80.0144,-79.4218,-157.237,0,-1.1142e-10,0,5172.97,5172.97,5172.97,0,0,0,0,4.33073e-10,2.84242e-10,-4486.13,-4486.13,-2.62855e-10,9762.24,1370.69,2004.2,0,-9.75783e-11,1412.8,4402.62,2.79337e-10,31632.1,16753.3,4216.22,4055.82,-80.8492,-4804.64,-4804.64,1.66343e-10,128899,-1606.67,3.61036e-10,-1.05595e-10,-1320.7,-2122.71,-5244.15,-4.88141e-12,-1.08521e-09,-2.77584e-10,-523.016,9.28116e-10,-1.0805e-09,8.40877e-10,-8091.69,5.32702e-10,-7598.71,-2.38622e-09,-905.326,-4159.36,-1.24555e-09,-3008.65,-2.57697e-12,-3067.94,6268.29,1.17883e-09,-3.00982e-10,4238.75,4238.75,-1.3933e-09,284.251,284.251,2.56846e-10,-1302.39,0,4.31832e-10,3908.48,10318.9,0,0
2020-08-03 02:00:00 UTC,3671.7,1028.63,-3061.24,121.52,121.52,1029.83,-882.028,-975.847,1498.15,1498.15,-2963.04,-2517.97,9216.93,-293.392,-1405.89,-2034.17,-4034.28,-1276.5,7504.79,1102.1,658.36,3858.21,3858.21,3245.11,3922.72,1154.04,810.143,-554.127,3.3088,-2694.29,937.914,937.914,2165.21,1226.95,1226.95,7547.27,-4933.76,-4949.47,16002.5,16002.5,-5537.03,-9493.96,-4362.64,-2691.99,-7388.1,10342.1,14153.3,14257.5,15067.9,-379.628,2474.26,2474.26,-441.531,553.781,1200.87,-362.061,-362.061,4197.99,-1548.8,-879.105,-2332.96,3156.8,3403.31,-1454.27,-1454.27,424.184,379.244,-401.702,-401.702,-452.254,-3264.81,2417.33,-1205.2,-1205.2,-10.9542,-10.9542,-19.4937,-11.8653,-38.5118,135.56,298.107,-208.013,14.0878,13.1385,0.595364,61.7425,46.1863,-658.26,-658.26,-137.416,-137.416,-136.065,-136.065,1294.87,1294.87,1294.87,-515.15,-515.15,-126.58,368.357,134.331,134.331,-261.784,-261.784,481.908,220.58,2691.99,1.85851,1.85851,2332.7,2332.7,2332.7,-6776.63,1742.94,1742.94,1850.56,1850.56,-2.551,-581.675,-581.675,64.9944,64.9944,7720.27,7720.27,-7112.74,-7112.74,0,283.414,3169.63,1282.83,-2862.08,-2862.08,2522.74,-13698.3,-6001.94,2630.37,7691.72,7691.72,-1886.14,-1886.14,6584.08,6584.08,-706.52,-1625.06,-11345.5,-3075.42,-3309.17,-3309.17,2067.72,2067.72,2067.72,-5485.99,-5485.99,6536.83,2.37215e-10,2.37215e-10,-2483.07,4809.02,4809.02,-6935.54,2581.96,-1880.38,0,-4457.43,-1636.83,6817.33,4843.05,4843.05,615.573,-303.361,71.9707,4518.61,4518.61,3365.13,-1609.82,-1609.82,-16235.2,10738.6,16235.2,-14178.2,-14282.8,-15093.6,21069.7,-4071.74,3847.06,-14153.3,-14257.5,-15067.9,15363.5,8776.33,6337.12,-379.882,-19278.1,-3831.24,-16017.6,-39225,-21541.6,-21541.6,-2453.31,13889.9,-1305.28,-2392.5,-1000.06,1364.35,-1331.4,1425.72,1194.07,1310.47,-1305.41,-1335.64,-1312.61,1354.69,-537.551,-537.551,1267.97,-5666.09,-5666.09,13063.1,-1558.67,-1799.39,1376.18,-904.157,-3267.86,-5902.33,-5902.33,-9043.44,-10651.4,-11247.3,-21490.6,10881,-7111.71,9043.44,-1808.11,-7098.29,-10745.7,-6300.54,-6298.28,1808.11,10651.4,11247.3,-4415.28,-4467.05,-3180.58,-3693.57,-2866.71,-4042.15,-2549.72,-2549.72,-434.411,-1439.39,2395.57,2703.87,-4607.85,10651.4,10651.4,11247.3,11247.3,1806.66,1806.66,-145.913,-557.929,-1325.66,-1325.66,-5894.37,-5894.37,6138.08,6138.08,-2656.04,-160.46,-3142.51,4090.9,-16135.4,18861.6,21044.6,-12378.4,3142.51,-4792.59,-2859.96,3739.29,-87.6168,-87.6168,-1738.9,-1738.9,784.12,-688.213,4001,683.447,-354.609,-354.609,-3070.72,-1014.39,-4359.78,-2718.3,-346.57,-346.57,-564.974,-565.19,-2920.13,-2920.13,-3283.04,-1811.55,-2598.62,-1763.85,-1403.3,-319.761,-319.761,-101.103,-112.592,0,860.874,957.939,0,-164.577,-1120.92,-1120.92,231.027,-1224.07,517.645,520.341,83.9759,331.715,323.312,-2231.2,2822.78,7149.52,1550.72,656.021,656.021,-238.05,-2348.39,-2348.39,-1324.96,-1315.41,-2.10722e-10,0,-351.377,-351.377,0,-2.54599e-10,0,-2319.36,0,1152.9,0,-8.16057e-10,-1.41158e-10,1384.91,1347.8,1347.8,0,275.409,275.409,1.57642e-10,0,-2492.35,-3824.52,-3824.52,-3824.52,-4020.16,0,0,0,-861.001,-861.001,-861.001,0,876.475,222.057,222.057,21.9084,6.14678e-10,10.9543,10.9543,1.41791e-09,-4.98536e-10,-7.24849e-10,6.65592e-11,-88.9742,-88.3145,-140.137,0,-6.55161e-11,0,4810.12,4810.12,4810.12,0,0,0,0,2.06199e-10,-5.33292e-10,-4233.79,-4233.79,1.26767e-10,8892.75,1258.58,1840.3,0,-3.21369e-10,1353.84,4062.38,4.33584e-10,29367.1,15684.3,4042.81,3908.48,-71.9707,-4533.21,-4533.21,6.09716e-11,118960,-1458.22,2.25262e-10,1.10494e-10,-1284.26,-2064.14,-5099.44,9.46798e-10,-1.01797e-09,1.82739e-09,-534.482,-3.71063e-10,-3.81539e-10,-1.39809e-10,-8009.22,5.85848e-10,-7098.29,-8.51733e-11,-906.049,-3782.41,4.88759e-10,-2742.44,-2.08382e-10,-2901.16,5789.02,1.41739e-09,-4.96111e-10,3997.31,3997.31,1.09579e-09,200.722,200.722,-2.62926e-10,-1029.83,0,-3.80496e-10,3739.77,9658.21,0,0
2020-08-03 03:00:00 UTC,3630.14,1026.69,-3301.76,282.24,282.24,796.813,-1026.54,-1152.2,1582.43,1582.43,-2757.29,-2284.74,8731.6,-244.599,-1264.82,-1975.84,-3794.62,-1200.65,7046.57,1023.21,380.501,3576.16,3576.16,3089.49,3837.6,1128.03,771.267,-515.266,-31.0259,-2543.2,884.772,884.772,2032.44,1147.36,1147.36,7062.22,-4452.62,-4466.81,14662.2,14662.2,-5007.18,-8726.13,-4109.29,-2535.64,-6695.8,9387.67,12896.3,12991.2,13729.6,-329.143,2260.08,2260.08,-417.496,499.295,1003.29,-371.703,-371.703,3792.15,-1488.91,-801.362,-2164.48,2840.37,3062.23,-1363.48,-1363.48,444.467,456.189,-450.312,-450.312,-476.38,-3110.25,2280.77,-1137.3,-1137.3,-27.7197,-27.7197,-19.9034,-13.5086,-34.9392,123.202,263.7,-188.44,12.9498,12.0772,-0.632684,55.6276,34.9427,-611.576,-611.576,-114.051,-114.051,-112.933,-112.933,1203.2,1203.2,1203.2,-461.67,-461.67,-126.137,330.411,131.495,131.495,-233.459,-233.459,467.046,201.745,2535.64,-0.0144915,-0.0144915,2170.41,2170.41,2170.41,-6303.01,1623.1,1623.1,1722.73,1722.73,0.021,-535.9,-535.9,84.0362,84.0362,7207.75,7207.75,-6678.64,-6678.64,0,271.696,2973.63,1214.19,-2691.9,-2691.9,2353.5,-12731.8,-5578.55,2453.14,7170.85,7170.85,-1758.87,-1758.87,6137.63,6137.63,-650.668,-1520.04,-10363.6,-3151.82,-3075.93,-3075.93,1919.85,1919.85,1919.85,-5037.36,-5037.36,6093.9,1.37646e-10,1.37646e-10,-2304.24,4419.84,4419.84,-6372.7,2343.68,-1732.95,0,-4072.6,-1550.47,6205.19,4446.35,4446.35,572.118,-297.594,66.5974,4303.31,4303.31,3069.04,-1467.95,-1467.95,-14807.8,9722.33,14807.8,-12917,-13012.2,-13750.9,19119.5,-3729.23,3523.39,-12896.3,-12991.2,-13729.6,14101.8,7957.65,5500.67,-538.476,-18466.5,-3542.03,-15292.9,-37536.8,-20631.5,-20631.5,-2393.53,12845.6,-1192.53,-2347.53,-957.312,1285.7,-1263.52,1341.3,1131.5,1241.06,-1257.29,-1286.39,-1264.23,1281.03,-484.096,-484.096,1198.05,-5353.57,-5353.57,12228,-1381.88,-1704.15,1300.2,-874.953,-3117.28,-5494.3,-5494.3,-8646.55,-10277.5,-10852.5,-20779.9,10716.8,-6712.92,8646.55,-1817.35,-6700.96,-10407.2,-6102.03,-6099.84,1817.35,10277.5,10852.5,-4306.74,-4357.23,-3083.63,-3580.94,-2805.64,-3817.07,-2484.19,-2484.19,-433.148,-1337.53,2334,2634.39,-4469.65,10277.5,10277.5,10852.5,10852.5,1761.59,1761.59,-137.975,-528.048,-1305.09,-1305.09,-5759.84,-5759.84,5924.57,5924.57,-2425.97,-110.569,-3070.2,3972.56,-15781.2,18246.8,20359.1,-12082.7,3070.2,-4485.55,-2694.37,3567.16,-93.8901,-93.8901,-1586.53,-1586.53,698.454,-626.916,3701.44,626.67,-303.612,-303.612,-2844.28,-944.445,-3977.2,-2542.48,-311.012,-311.012,-500.822,-501.014,-2768.46,-2768.46,-3091.88,-1687.33,-2421.75,-1602.73,-1194.74,-293.12,-293.12,-54.3029,-60.192,0,865.439,962.76,0,-113.041,-1133.57,-1133.57,150.526,-982.19,504.859,507.491,34.6331,400.041,390.115,-2098.52,2887.14,7141.5,1514.94,630.771,630.771,-252.744,-2326.67,-2326.67,-1235.9,-1226.99,1.53851e-09,0,-503.02,-503.02,0,-5.85671e-10,0,-2213.29,0,1126.95,0,1.64278e-09,5.61791e-10,1360.84,1272.18,1272.18,0,273.146,273.146,4.01502e-10,0,-2223.26,-3430.9,-3430.9,-3430.9,-3732.81,0,0,0,-771.771,-771.771,-771.771,0,920.888,255.42,255.42,55.4393,-6.0019e-10,27.7205,27.7205,3.30092e-10,8.79217e-11,2.15807e-10,-4.84853e-10,-93.4136,-92.7205,-133.591,0,-7.56159e-11,0,4507.82,4507.82,4507.82,0,0,0,0,-5.87375e-10,1.43226e-10,-4025.07,-4025.07,1.86413e-10,8180.31,1167.07,1706.5,0,2.90834e-10,1300.26,3780.84,-1.96923e-11,27519.7,14796.8,3881.36,3772.28,-66.5974,-4315.02,-4315.02,-2.65814e-11,110995,-1354.62,-7.24701e-11,4.80702e-10,-1251.26,-2011.09,-4968.39,1.00204e-09,1.39681e-09,-1.86047e-10,-546.792,1.0866e-10,-1.06793e-10,1.79813e-09,-7779.15,5.26775e-10,-6700.96,-1.10082e-09,-899.004,-3489.59,-2.12216e-11,-2542.4,4.77343e-10,-2751.03,5386.75,1.04813e-09,6.29649e-10,3793.59,3793.59,7.19558e-10,141.044,141.044,5.80359e-10,-796.813,0,9.59582e-10,3583.6,9102.64,0,0
2020-08-03 04:00:00 UTC,3452.85,980.933,-3266.97,334.63,334.63,634.171,-1054.54,-1190.88,1536.08,1536.08,-2544.67,-2092.71,8145.51,-196.79,-1155.51,-1857.58,-3545.87,-1121.94,6537.94,942.925,207.539,3314.32,3314.32,2901.9,3669.14,1077.26,729.343,-473.356,-49.9123,-2378.63,827.301,827.301,1890.16,1062.59,1062.59,6556.8,-4024.79,-4037.62,13394.6,13394.6,-4530.39,-7996.16,-3820.6,-2357.49,-6064.43,8526.61,11743.1,11829.6,12501.8,-290.553,2060.29,2060.29,-387.394,451.626,866.186,-360.523,-360.523,3434.36,-1393.76,-726.88,-1991.38,2566.98,2767.55,-1264.8,-1264.8,436.863,477.314,-457.072,-457.072,-469.454,-2910.66,2112.96,-1053.84,-1053.84,-35.1878,-35.1878,-19.225,-13.69,-31.7302,112.003,235.689,-170.712,11.5188,10.7426,-1.58279,49.9992,28.128,-562.643,-562.643,-98.0751,-98.0751,-97.1169,-97.1169,1107.48,1107.48,1107.48,-414.138,-414.138,-120.682,297.698,124.81,124.81,-209.635,-209.635,441.75,183.941,2357.49,-0.229993,-0.229993,2017.76,2017.76,2017.76,-5851.21,1511.67,1511.67,1602.92,1602.92,0.316,-495.03,-495.03,98.1512,98.1512,6719.72,6719.72,-6257.88,-6257.88,0,259.969,2782.58,1140.85,-2525.43,-2525.43,2189.22,-11817.3,-5177.9,2280.48,6676.62,6676.62,-1641.23,-1641.23,5715.63,5715.63,-607.046,-1424.41,-9474.05,-3160.9,-2852.02,-2852.02,1779.82,1779.82,1779.82,-4627.88,-4627.88,5675.58,-9.52801e-12,-9.52801e-12,-2132.27,4060.52,4060.52,-5848.82,2133.09,-1590.23,0,-3720,-1458.2,5660.29,4083.17,4083.17,535.896,-281.771,63.2843,4052.82,4052.82,2797.66,-1337.34,-1337.34,-13497.3,8808.49,13497.3,-11760.2,-11847,-12519.5,17354.9,-3412.58,3222.3,-11743.1,-11829.6,-12501.8,12944.4,7225.38,4775.15,-652.083,-17580.5,-3277.05,-14518.9,-35713.2,-19638.4,-19638.4,-2301.44,11887.4,-1102.74,-2264.87,-913.604,1212.81,-1193.13,1261.1,1067.25,1170.36,-1200.22,-1227.99,-1206.85,1207.41,-438.236,-438.236,1128.95,-5029.45,-5029.45,11420.3,-1246,-1601.13,1225.2,-840.331,-2966.09,-5115.21,-5115.21,-8164.68,-9850.55,-10401.6,-19997,10415.4,-6200.88,8164.68,-1854.07,-6190.67,-10032.5,-5882.36,-5880.24,1854.07,9850.55,10401.6,-4192.72,-4241.86,-2980.8,-3461.49,-2756.23,-3524.6,-2410.91,-2410.91,-446.561,-1198.66,2265.15,2556.68,-4316.76,9850.55,9850.55,10401.6,10401.6,1717.25,1717.25,-125.992,-483.213,-1294.12,-1294.12,-5636.74,-5636.74,5682.77,5682.77,-2103.3,-36.1604,-3009.74,3848.5,-15471.5,17552.9,19596,-11826.9,3009.74,-4122.61,-2496.98,3351.84,-97.7096,-97.7096,-1411.89,-1411.89,580.763,-553.827,3294.23,550.966,-235.358,-235.358,-2550.66,-849.663,-3538.26,-2316.67,-269.466,-269.466,-427.329,-427.493,-2583.57,-2583.57,-2866.29,-1546.71,-2225.53,-1417.56,-996.601,-260.895,-260.895,-24.9197,-27.327,0,827.46,920.484,0,-78.2555,-1078.23,-1078.23,97.3884,-803.961,476.651,479.138,4.67948,423.444,413.059,-1924.76,2790.8,7022.94,1457.2,601.286,601.286,-253.986,-2215.31,-2215.31,-1123.94,-1115.84,-5.25091e-10,0,-545.294,-545.294,0,-3.96005e-10,0,-2048.15,0,1076.27,0,2.91632e-10,2.76876e-10,1308.83,1189.82,1189.82,0,261.634,261.634,-3.75435e-11,0,-1997.78,-3095.06,-3095.06,-3095.06,-3434.43,0,0,0,-689.405,-689.405,-689.405,0,906.356,262.258,262.258,70.3756,-4.93108e-10,35.1892,35.1892,7.85563e-10,-4.95679e-10,-5.06095e-11,3.83475e-10,-91.964,-91.2814,-130.261,0,7.90916e-11,0,4213.94,4213.94,4213.94,0,0,0,0,2.91005e-10,4.71524e-10,-3784.45,-3784.45,-1.86997e-10,7507.77,1074.85,1571.67,0,-2.49441e-10,1233.85,3510.94,3.3235e-10,25728.9,13905,3707.77,3605.3,-63.2843,-4062.96,-4062.96,8.6264e-11,103431,-1214.73,9.85518e-10,-1.17629e-10,-1214.35,-1951.77,-4821.82,-4.01294e-10,2.94802e-10,-6.21696e-10,-564.716,-9.54304e-11,-2.74355e-10,8.18226e-10,-7583.98,-1.30224e-10,-6190.67,7.94407e-11,-890.5,-3095.15,-7.52463e-10,-2267.69,7.75184e-10,-2567.94,4867.33,3.62123e-10,9.44708e-10,3560.68,3560.68,-2.52674e-11,89.5324,89.5324,1.31077e-10,-634.171,0,-3.03232e-10,3400.47,8523.22,0,0
2020-08-03 05:00:00 UTC,3293.86,946.17,-3292.38,433.223,433.223,447.317,-1102.78,-1254.04,1538.96,1538.96,-2242.32,-1847.07,7432.36,-83.1327,-1020.37,-1684.91,-3266.38,-1033.49,5888.83,836.919,-15.7883,3004.41,3004.41,2664.45,3439.82,1008.36,677.463,-421.492,-68.4251,-2174.53,756.26,756.26,1715.11,958.628,958.628,5936.25,-3508.34,-3519.53,11829.2,11829.2,-3958.52,-7054.77,-3463.11,-2136.87,-5312.62,7507.73,10308.9,10384.8,10974.8,-242.23,1812.38,1812.38,-355.602,392.317,680.999,-353.656,-353.656,2987.88,-1294.19,-639.991,-1782.28,2221.38,2395,-1142.52,-1142.52,432.424,513.6,-472.994,-472.994,-466.43,-2669.56,1911.93,-953.802,-953.802,-46.2491,-46.2491,-18.6955,-14.3191,-27.693,97.9442,199.202,-148.115,10.0961,9.41583,-2.42466,43.0833,18.5375,-502.367,-502.367,-76.4219,-76.4219,-75.6791,-75.6791,991.182,991.182,991.182,-358.07,-358.07,-114.371,255.556,116.754,116.754,-178.812,-178.812,407.762,161.228,2136.87,-0.229995,-0.229995,1819.12,1819.12,1819.12,-5264.1,1365.6,1365.6,1447.46,1447.46,0.316,-443.109,-443.109,114.731,114.731,6084.58,6084.58,-5705.55,-5705.55,0,244.479,2532.54,1042.88,-2306.14,-2306.14,1974.55,-10629.9,-4657.72,2056.42,6034.21,6034.21,-1489.25,-1489.25,5167.57,5167.57,-551.277,-1300.3,-8349.17,-3131.47,-2561.52,-2561.52,1598.93,1598.93,1598.93,-4104.38,-4104.38,5131.65,-2.52253e-11,-2.52253e-11,-1906.09,3599.34,3599.34,-5179.74,1861.08,-1417.75,0,-3276.32,-1343.63,4967.45,3617.63,3617.63,490.7,-258.58,57.9871,3715.2,3715.2,2457.3,-1175.18,-1175.18,-11858.7,7664.75,11858.7,-10322.1,-10398.2,-10988.5,15147.4,-3011.29,2845.69,-10308.9,-10384.8,-10974.8,11478.5,6308.41,3889.76,-773.316,-16349.2,-2938.84,-13454,-33198.3,-18263.1,-18263.1,-2162.07,10657.4,-997.603,-2134.78,-862.165,1095.73,-1097.54,1156.68,980.838,1075.49,-1118.76,-1144.63,-1124.93,1109.15,-382.135,-382.135,1036.98,-4590.82,-4590.82,10360.7,-1088.67,-1462.99,1125.39,-800.81,-2758.06,-4625.7,-4625.7,-7535.8,-9236.94,-9753.67,-18823.1,9927.13,-5587.31,7535.8,-1848.62,-5579.03,-9464.59,-5549.39,-5547.38,1848.62,9236.94,9753.67,-3983.45,-4030.14,-2826.51,-3282.28,-2647.11,-3181.07,-2281.99,-2281.99,-452.735,-1032.52,2144.01,2419.96,-4084.6,9236.94,9236.94,9753.67,9753.67,1643.81,1643.81,-109.938,-422.896,-1266.02,-1266.02,-5422.96,-5422.96,5355,5355,-1758.64,32.7467,-2921.25,3664.37,-14931.7,16531.3,18454.9,-11471.9,2921.25,-3695.08,-2268.38,3086.42,-105.919,-105.919,-1210.77,-1210.77,457.312,-472.887,2856.71,472.954,-163.869,-163.869,-2239.89,-748.919,-3066.41,-2076.97,-220.716,-220.716,-343.106,-343.238,-2356.84,-2356.84,-2593.33,-1379.7,-1989.46,-1198.67,-770.967,-222.474,-222.474,7.92338,9.4017,0,773.731,860.694,0,-39.2246,-999.831,-999.831,37.2587,-604.523,448.405,450.748,-28.7424,453.945,442.961,-1746.39,2708.72,6794.64,1367.61,559.981,559.981,-247.064,-2118.57,-2118.57,-1028.93,-1021.51,-5.87676e-10,0,-630.138,-630.138,0,1.62783e-09,0,-1763.23,0,1007.49,0,8.31019e-10,-3.81503e-10,1236.79,1087.69,1087.69,0,244.959,244.959,8.15536e-11,0,-1715.23,-2670.07,-2670.07,-2670.07,-3071.49,0,0,0,-587.804,-587.804,-587.804,0,898.893,275.369,275.369,92.4982,1.42825e-10,46.2515,46.2515,3.89446e-10,-5.68339e-11,1.4127e-10,1.04425e-10,-90.9843,-90.3087,-125.092,0,1.2645e-10,0,3828.72,3828.72,3828.72,0,0,0,0,9.78913e-11,2.71799e-10,-3473.33,-3473.33,-4.79465e-11,6667.69,969.814,1418.08,0,5.33004e-10,1147.3,3165.6,4.11501e-10,23377.6,12713.3,3476.28,3363.9,-57.9871,-3723.48,-3723.48,-4.32692e-12,93588.4,-1047.39,2.50998e-10,-7.9967e-10,-1149.41,-1847.4,-4563.97,-6.01703e-10,-1.82529e-10,1.87419e-10,-557.922,8.09449e-10,-7.39468e-11,-3.46142e-10,-7443.63,6.25092e-10,-5579.03,-8.8092e-10,-864.995,-2672.58,1.09033e-09,-1958.51,3.53812e-10,-2362.69,4316.85,1.7639e-10,-2.54159e-10,3271.32,3271.32,1.85567e-10,27.6571,27.6571,8.03461e-11,-447.317,0,7.85088e-11,3139.96,7747.37,0,0
2020-08-03 06:00:00 UTC,3177.36,920.512,-3302.68,495.462,495.462,320.555,-1134.77,-1296.11,1535.82,1535.82,-2024.02,-1678.78,6924.78,3.91241,-929.526,-1554.36,-3074.66,-972.823,5425.92,761.63,-167.472,2792,2792,2504.01,3281.53,961.103,642.586,-386.625,-80.131,-2037.25,707.275,707.275,1589.27,881.801,881.801,5500.62,-3141.29,-3151.32,10724.9,10724.9,-3551.69,-6401.28,-3209.7,-1980.49,-4777.2,6790.47,9303.19,9371.73,9904.11,-208.832,1638.21,1638.21,-330.564,350.855,559.345,-344.727,-344.727,2676.23,-1215.1,-577.403,-1627.47,1982.28,2137.24,-1050.26,-1050.26,425.407,531.406,-478.388,-478.388,-459.971,-2496.44,1773.86,-885.068,-885.068,-52.7294,-52.7294,-18.1454,-14.5316,-24.8856,88.1497,174.426,-132.463,8.95651,8.353,-3.10583,38.2078,12.4386,-459.51,-459.51,-62.2357,-62.2357,-61.6339,-61.6339,907.98,907.98,907.98,-318.299,-318.299,-109.388,226.638,110.675,110.675,-157.752,-157.752,383.487,145.442,1980.49,-0.229996,-0.229996,1673.28,1673.28,1673.28,-4833.07,1259.89,1259.89,1331.76,1331.76,0.316,-403.94,-403.94,121.11,121.11,5609.91,5609.91,-5286.55,-5286.55,0,230.108,2343.32,971.383,-2139.68,-2139.68,1818.15,-9759.78,-4276.5,1890.02,5556.74,5556.74,-1371.59,-1371.59,4758.84,4758.84,-503.466,-1202.92,-7549.34,-3075.91,-2348.27,-2348.27,1467.44,1467.44,1467.44,-3729.15,-3729.15,4727.31,4.74196e-11,4.74196e-11,-1745.9,3272.19,3272.19,-4706.84,1671.39,-1293.76,0,-2963.12,-1254.33,4476.92,3287.42,3287.42,453.994,-245.684,52.0159,3460.32,3460.32,2217.64,-1062.13,-1062.13,-10708.6,6868.18,10708.6,-9313.94,-9382.64,-9915.19,13606.4,-2726.44,2581.78,-9303.19,-9371.73,-9904.11,10430.4,5662.79,3306.14,-833.92,-15384.2,-2689.67,-12629.1,-31241.1,-17195.6,-17195.6,-2048.78,9747.87,-909.2,-2029.49,-820.547,1008.38,-1024.81,1075.74,915.382,1003.37,-1056.85,-1081.28,-1062.69,1033.86,-341.488,-341.488,966.169,-4262.39,-4262.39,9561.64,-966.364,-1362.57,1048.52,-769.8,-2598.09,-4257.99,-4257.99,-7071.11,-8752.12,-9241.71,-17860.6,9519.82,-5165.15,7071.11,-1814.88,-5158.07,-9004.51,-5279.63,-5277.72,1814.88,8752.12,9241.71,-3797.36,-3841.86,-2706.71,-3143.12,-2538.78,-2950.63,-2170.75,-2170.75,-446.92,-920.836,2039.5,2302,-3916.42,8752.12,8752.12,9241.71,9241.71,1588.11,1588.11,-99.013,-381.758,-1243.32,-1243.32,-5259.4,-5259.4,5124.08,5124.08,-1544.17,71.8831,-2865.71,3530.27,-14550.4,15730.7,17532.5,-11257.1,2865.71,-3406.12,-2113.08,2896.65,-110.554,-110.554,-1080.97,-1080.97,381.292,-421.25,2575.7,423.036,-121.383,-121.383,-2037.97,-682.815,-2753.54,-1917.3,-189.824,-189.824,-290.19,-290.303,-2197.44,-2197.44,-2404.38,-1266.59,-1827.82,-1059.92,-628.499,-198.083,-198.083,29.626,33.6735,0,739.141,822.185,0,-13.6814,-949.677,-949.677,-2.42406,-470.312,429.03,431.274,-50.9346,473.274,461.91,-1625.47,2649.69,6572.62,1301.94,527.944,527.944,-245.497,-2047.58,-2047.58,-958.502,-951.592,-1.36347e-10,0,-683.065,-683.065,0,5.16534e-10,0,-1546.65,0,960.314,0,4.84021e-10,1.97945e-10,1185.15,1019,1019,0,233.378,233.378,-4.20498e-10,0,-1515.5,-2376.41,-2376.41,-2376.41,-2812.09,0,0,0,-512.807,-512.807,-512.807,0,885.416,280.966,280.966,105.459,2.4701e-10,52.7325,52.7325,-2.77497e-11,-7.18271e-11,-3.24635e-10,5.23479e-10,-89.5511,-88.8859,-121.242,7.10403e-11,-3.76889e-11,0,3543.3,3543.3,3543.3,0,0,0,0,1.25279e-10,5.06524e-11,-3245.15,-3245.15,1.84312e-10,6071.38,894,1307.23,0,3.18125e-10,1084.8,2913.59,-6.26583e-11,21622.4,11823.9,3299.61,3182.12,-52.0159,-3467.24,-3467.24,2.67502e-10,86243.1,-934.699,2.64804e-10,2.51515e-10,-1093.39,-1757.35,-4341.5,-5.23659e-10,1.22891e-10,9.30516e-10,-545.552,8.95598e-11,-4.38478e-11,-5.29812e-10,-7423.42,7.5909e-10,-5158.07,-3.51424e-10,-838.409,-2402.22,9.69223e-10,-1762.1,-9.13384e-12,-2220.32,3955.27,-1.8431e-10,4.53466e-10,3065.35,3065.35,-4.20818e-10,-9.17673,-9.17673,1.08978e-10,-320.555,0,5.50386e-10,2954.18,7190.66,0,0
2020-08-03 07:00:00 UTC,3060.43,892.159,-3257.62,534.875,534.875,233.095,-1133.05,-1297.7,1523.3,1523.3,-1851.2,-1538.04,6490.58,58.508,-852.044,-1448.58,-2897.07,-916.627,5038.65,701.081,-264.188,2602.65,2602.65,2350.54,3112.58,910.904,610.494,-354.543,-85.5362,-1910.46,663.496,663.496,1482.72,819.061,819.061,5126.8,-2879.55,-2888.74,9904.62,9904.62,-3257.18,-5922.28,-2999.12,-1850.55,-4383.09,6231.63,8577.96,8641.17,9132,-189.298,1510.74,1510.74,-306.9,322.333,499.796,-325.177,-325.177,2460.26,-1132.03,-530.485,-1505.29,1820.62,1962.97,-974.973,-974.973,404.325,513.197,-458.744,-458.744,-437.516,-2342.19,1664.64,-830.677,-830.677,-52.2774,-52.2774,-17.0927,-13.8574,-22.9101,81.1931,159.611,-122.114,8.20724,7.65421,-3.19885,35.0988,10.2363,-425.883,-425.883,-55.4427,-55.4427,-54.9083,-54.9083,840.899,840.899,840.899,-289.344,-289.344,-103.161,208.323,104.076,104.076,-144.736,-144.736,361.876,134.495,1850.55,-0.229996,-0.229996,1567,1567,1567,-4518.71,1182.22,1182.22,1248.16,1248.16,0.316,-377.05,-377.05,124.467,124.467,5264.45,5264.45,-4976.95,-4976.95,0,219.793,2204.01,916.261,-2015.8,-2015.8,1702.38,-9124.77,-3998.29,1768.32,5209.82,5209.82,-1287.44,-1287.44,4462.78,4462.78,-470.623,-1132.28,-6976.3,-3009.11,-2192.67,-2192.67,1370.06,1370.06,1370.06,-3458.39,-3458.39,4433.85,-8.95525e-11,-8.95525e-11,-1627.8,3034.71,3034.71,-4364,1535.43,-1204.34,0,-2738.07,-1187.2,4125.54,3047.9,3047.9,428.449,-233.406,47.8327,3266.09,3266.09,2045.81,-980.509,-980.509,-9881.87,6300.8,9881.87,-8587.1,-8650.44,-9141.42,12505.9,-2522.77,2391.35,-8577.96,-8641.17,-9132,9672.91,5204.4,2902.8,-866.506,-14633.3,-2509.69,-11991.6,-29712.3,-16359,-16359,-1958.72,9093.91,-849.131,-1943.98,-783.807,949.946,-969.368,1015.54,865.502,948.568,-1007.14,-1030.41,-1012.7,977.043,-313.381,-313.381,912.938,-4017.23,-4017.23,8977.7,-884.809,-1285.16,990.744,-739.426,-2472.58,-3991.66,-3991.66,-6706.63,-8362.37,-8830.15,-17084.9,9165.92,-4841.99,6706.63,-1779.44,-4835.76,-8630.66,-5060.44,-5058.6,1779.44,8362.37,8830.15,-3648.72,-3691.48,-2606.02,-3026.18,-2444.34,-2771.37,-2084.29,-2084.29,-434.354,-839.941,1958.27,2210.32,-3782.97,8362.37,8362.37,8830.15,8830.15,1540.02,1540.02,-92.3336,-356.49,-1216,-1216,-5110.5,-5110.5,4933.44,4933.44,-1384.99,100.476,-2811.21,3414.83,-14192.6,15071.2,16784.3,-11056.4,2811.21,-3172.15,-1982.71,2746.33,-109.864,-109.864,-979.439,-979.439,327.041,-379.531,2356.1,381.689,-91.9914,-91.9914,-1871.46,-630.703,-2486.15,-1780.04,-167.575,-167.575,-250.922,-251.02,-2073.29,-2073.29,-2256.89,-1178.05,-1702.75,-952.264,-520.284,-179.054,-179.054,43.6411,49.341,0,709.84,789.608,0,3.34267,-905.686,-905.686,-28.481,-376.727,411.291,413.444,-65.0417,480.46,468.983,-1517.58,2559.77,6368.12,1246.1,502.392,502.392,-240.799,-1975.03,-1975.03,-908.99,-902.437,-3.82399e-10,0,-714.521,-714.521,0,2.58275e-10,0,-1386.98,0,910.196,0,4.22583e-10,-1.01271e-10,1128.56,955.557,955.557,0,220.039,220.039,8.20721e-10,0,-1385.37,-2180.62,-2180.62,-2180.62,-2603.89,0,0,0,-469.547,-469.547,-469.547,0,841.876,270.244,270.244,104.555,2.73538e-11,52.2806,52.2806,1.42723e-10,-9.66912e-10,2.07521e-10,6.3086e-10,-85.2121,-84.5791,-118.557,0,8.24975e-11,0,3329.82,3329.82,3329.82,0,0,0,0,2.5653e-10,-8.38726e-11,-3068.35,-3068.35,1.36903e-10,5638.22,834.406,1220.09,0,2.71552e-10,1034.64,2727.27,-8.56067e-11,20325.4,11151,3152.3,3034.54,-47.8327,-3272.1,-3272.1,-2.71709e-11,80892.9,-853.264,3.18789e-10,-3.59896e-10,-1049.84,-1687.35,-4168.58,1.98137e-10,-2.01099e-11,5.5231e-10,-542.561,-2.352e-10,2.30514e-10,-1.59863e-10,-7406.45,-1.37417e-09,-4835.76,-2.6269e-10,-816.936,-2191.24,2.08421e-10,-1619.14,5.12222e-10,-2091.96,3651.51,-6.54633e-10,5.1653e-10,2903,2903,1.70058e-10,-35.8822,-35.8822,4.09338e-10,-233.095,0,1.70247e-10,2804.36,6762.6,0,0
2020-08-03 08:00:00 UTC,2979.53,874.528,-3233.4,573.246,573.246,159.279,-1134.04,-1301.95,1514.59,1514.59,-1696.24,-1429.27,6142.87,128.367,-795.489,-1347.59,-2773.66,-877.575,4716.67,649.497,-355.64,2466.35,2466.35,2222.44,2972.36,869.04,583.7,-327.755,-90.0875,-1804.59,627.885,627.885,1400.09,772.05,772.05,4829.62,-2684.94,-2693.52,9262.77,9262.77,-3038.04,-5525,-2828.52,-1745.27,-4089.61,5795.68,8009.03,8068.05,8526.29,-175.358,1410.17,1410.17,-291.214,300.377,450.452,-311.507,-311.507,2292.14,-1072.85,-496.58,-1415.65,1692.36,1824.7,-919.219,-919.219,387.905,499.343,-443.608,-443.608,-420.041,-2218.74,1581.34,-789.188,-789.188,-52.0181,-52.0181,-16.2965,-13.3743,-21.3316,75.6379,147.867,-114.071,7.92005,7.38637,-2.92206,32.897,8.33555,-399.295,-399.295,-49.7993,-49.7993,-49.3209,-49.3209,787.867,787.867,787.867,-266.917,-266.917,-98.1479,193.94,98.7221,98.7221,-134.486,-134.486,344.254,125.861,1745.27,-0.229997,-0.229997,1487.46,1487.46,1487.46,-4281.78,1124.52,1124.52,1185.91,1185.91,0.316,-357.481,-357.481,127.22,127.22,5006.46,5006.46,-4745.53,-4745.53,0,212.423,2099.44,873.364,-1922.96,-1922.96,1614.64,-8644.72,-3787.97,1676.02,4950.63,4950.63,-1225.79,-1225.79,4242.14,4242.14,-449.028,-1080.98,-6532.92,-2961.35,-2074.77,-2074.77,1293.97,1293.97,1293.97,-3249.68,-3249.68,4215.21,2.64791e-11,2.64791e-11,-1538.08,2851.41,2851.41,-4099.09,1430.43,-1133.69,0,-2562.65,-1136.21,3853.34,2863.27,2863.27,410.418,-221.715,45.7327,3119.14,3119.14,1911.96,-916.19,-916.19,-9235.25,5857.2,9235.25,-8016.99,-8076.13,-8534.5,11645.3,-2365.24,2241.85,-8009.03,-8068.05,-8526.29,9085.93,4848.48,2580.93,-898.495,-14074.1,-2372.37,-11514.6,-28569.3,-15733.1,-15733.1,-1893,8599.83,-806.767,-1881.28,-755.944,907.623,-927.437,970.571,827.97,907.335,-969.746,-992.15,-975.097,934.295,-291.671,-291.671,872.885,-3832.49,-3832.49,8540.26,-825.059,-1224.81,947.272,-715.804,-2378.8,-3791.17,-3791.17,-6433.61,-8072.86,-8524.44,-16509,8907.67,-4597.92,6433.61,-1755.19,-4592.31,-8354.85,-4898.72,-4896.95,1755.19,8072.86,8524.44,-3534.09,-3575.51,-2539.07,-2948.41,-2372.49,-2638.16,-2017.32,-2017.32,-425.653,-777.633,1895.34,2139.3,-3700.15,8072.86,8072.86,8524.44,8524.44,1512,1512,-86.6355,-335.071,-1205.22,-1205.22,-5028.86,-5028.86,4815.7,4815.7,-1258.66,125.616,-2788.7,3347.06,-14033.7,14586.7,16228.8,-10969,2788.7,-2988.97,-1879.18,2634.65,-108.273,-108.273,-898.051,-898.051,284.815,-345.476,2184.62,348.328,-68.2406,-68.2406,-1736.13,-590.842,-2264.4,-1668.35,-150.247,-150.247,-219.651,-219.738,-1979.59,-1979.59,-2143.91,-1108.87,-1605.3,-866.192,-427.432,-164.137,-164.137,56.616,63.8527,0,692.946,770.82,0,18.9808,-881.503,-881.503,-51.9374,-298.064,399.72,401.813,-78.1458,491.753,480.057,-1429.23,2486.52,6224.01,1202.76,483.251,483.251,-235.761,-1925.83,-1925.83,-876.518,-870.199,1.96726e-10,0,-745.757,-745.757,0,3.49824e-10,0,-1216.85,0,868.395,0,9.70899e-13,4.20455e-10,1082.83,902.589,902.589,0,208.921,208.921,-2.19302e-10,0,-1289.07,-2025.94,-2025.94,-2025.94,-2439.24,0,0,0,-443.99,-443.99,-443.99,0,807.978,261.976,261.976,104.036,-8.49393e-10,52.0212,52.0212,1.40554e-10,2.82548e-10,-4.70944e-10,-6.34294e-10,-81.7318,-81.1246,-117.648,0,-2.73202e-12,0,3165.97,3165.97,3165.97,0,0,0,0,7.40926e-11,2.91616e-10,-2934.9,-2934.9,3.06546e-10,5299.88,786.175,1149.57,0,4.32655e-10,994.233,2583.12,-6.28487e-11,19348.9,10639.9,3040.62,2923.66,-45.7327,-3124.59,-3124.59,-3.28261e-10,76883.4,-790.511,4.83508e-10,-7.51733e-13,-1016.11,-1633.14,-4034.64,-1.18638e-10,-6.07029e-10,-2.09727e-10,-540.861,5.52069e-11,6.8641e-10,9.14574e-11,-7402.43,1.20528e-10,-4592.31,1.17569e-09,-804.601,-2025.06,-1.77363e-10,-1509.32,-6.50684e-11,-1988.32,3404.48,4.77072e-10,-8.9954e-11,2780.77,2780.77,4.60655e-10,-59.6394,-59.6394,6.29982e-11,-159.279,0,4.99787e-10,2689.92,6433.81,0,0
2020-08-03 09:00:00 UTC,2953.16,870.688,-3247.14,610.248,610.248,115.655,-1142.16,-1313.13,1532.23,1532.23,-1611.75,-1361.27,5962.37,165.781,-758.186,-1300.26,-2702.87,-855.174,4544.74,621.122,-413.341,2380.27,2380.27,2154.73,2909.14,849.945,568.768,-312.827,-96.0084,-1745.9,608.259,608.259,1355.15,746.747,746.747,4664.12,-2564.04,-2572.23,8886.71,8886.71,-2902.14,-5298,-2738.14,-1689.5,-3907.97,5526.61,7670.45,7726.98,8165.83,-165.658,1350.74,1350.74,-282.681,286.859,414.593,-306.389,-306.389,2189.44,-1042.5,-475.697,-1365.82,1613.48,1739.66,-890.264,-890.264,382.656,499.784,-441.205,-441.205,-414.664,-2156.01,1535.75,-766.479,-766.479,-53.2555,-53.2555,-15.9769,-13.2805,-20.383,72.3159,140.286,-109.18,7.71072,7.19114,-2.89928,31.4997,6.69607,-384.319,-384.319,-45.6478,-45.6478,-45.2107,-45.2107,758.042,758.042,758.042,-252.696,-252.696,-95.9891,184.971,96.2571,96.2571,-127.999,-127.999,336.141,120.775,1689.5,-0.229997,-0.229997,1439.7,1439.7,1439.7,-4136.25,1091.12,1091.12,1148.75,1148.75,0.316,-346.728,-346.728,127.425,127.425,4849.54,4849.54,-4601.48,-4601.48,0,207.799,2033.89,844.823,-1864.54,-1864.54,1559.63,-8350.48,-3659.05,1617.26,4793.62,4793.62,-1188.8,-1188.8,4109.29,4109.29,-437.706,-1049.87,-6260.28,-2923.72,-2001.13,-2001.13,1244.83,1244.83,1244.83,-3119.87,-3119.87,4084.01,-3.90277e-12,-3.90277e-12,-1481.92,2738.1,2738.1,-3936.51,1363.48,-1093.96,0,-2456.1,-1106.49,3682.29,2749.13,2749.13,399.872,-212.458,45.2546,3035.14,3035.14,1831.63,-877.05,-877.05,-8845.32,5587.55,8845.32,-7677.76,-7734.39,-8173.36,11123.5,-2269.74,2149.49,-7670.45,-7726.98,-8165.83,8724.2,4631.35,2390.06,-916.059,-13719.9,-2287.06,-11213.2,-27843,-15335.1,-15335.1,-1854.36,8295.91,-781.28,-1844.34,-737.607,877.964,-901.042,942.571,804.213,881.315,-945.792,-967.64,-951.011,907.503,-278.112,-278.112,847.886,-3719.92,-3719.92,8273.53,-788.154,-1185,920.15,-700.748,-2315.77,-3666.79,-3666.79,-6272.88,-7883.56,-8324.54,-16122.7,8739.51,-4472.08,6272.88,-1723.09,-4466.77,-8167.16,-4788.67,-4786.93,1723.09,7883.56,8324.54,-3448.94,-3489.36,-2491.59,-2893.26,-2318.45,-2571.16,-1967.77,-1967.77,-418.512,-751.755,1848.79,2086.75,-3642.95,7883.56,7883.56,8324.54,8324.54,1488.84,1488.84,-84.1373,-325.569,-1190.22,-1190.22,-4955.28,-4955.28,4735.29,4735.29,-1209.27,131.75,-2759.84,3294.72,-13857.7,14257.7,15856.4,-10860.4,2759.84,-2890.25,-1822.01,2570.38,-106.214,-106.214,-856.879,-856.879,269.71,-328.334,2109.1,333.206,-60.1384,-60.1384,-1673.06,-572.756,-2148.95,-1613.34,-142.07,-142.07,-204.562,-204.643,-1926.25,-1926.25,-2080.96,-1071.45,-1550.95,-824.724,-380.534,-157.106,-157.106,65.0441,73.2843,0,687.104,764.284,0,28.8807,-876.102,-876.102,-66.8643,-252.122,394.067,396.132,-86.7647,500.822,488.935,-1385.18,2459.56,6128.13,1174.79,471.363,471.363,-231.591,-1910.74,-1910.74,-870.344,-864.069,-9.35829e-11,0,-778.559,-778.559,0,2.05081e-10,0,-1132.49,0,849.329,0,5.41857e-11,-2.2925e-10,1063.56,873.222,873.222,0,204.418,204.418,-1.45059e-10,0,-1228.54,-1929.95,-1929.95,-1929.95,-2346.44,0,0,0,-427.837,-427.837,-427.837,0,797.35,261.222,261.222,106.511,3.68687e-10,53.2587,53.2587,-4.12552e-11,-3.03982e-10,-3.16398e-10,4.62499e-10,-80.6343,-80.0352,-119.269,0,1.06668e-10,0,3062.46,3062.46,3062.46,0,0,0,0,7.92025e-11,-2.24134e-10,-2856.74,-2856.74,4.20047e-10,5098.45,764.256,1117.52,0,-8.54934e-11,971.932,2494.19,-1.99094e-10,18746.1,10319.7,2966.94,2852.54,-45.2546,-3040.23,-3040.23,1.78269e-10,74434.6,-764.421,-1.12702e-10,3.11832e-10,-991.154,-1593.03,-3935.55,-2.69169e-10,1.86952e-10,1.60648e-10,-535.145,-3.7019e-10,-5.85058e-10,-3.73964e-10,-7372.42,3.9479e-10,-4466.77,-4.31295e-10,-794.319,-1952.28,-4.02962e-10,-1463.83,-8.21682e-10,-1929.49,3286.4,-3.33609e-10,-2.18376e-10,2707.42,2707.42,6.39065e-10,-70.1445,-70.1445,2.12066e-10,-115.655,0,7.17071e-10,2617.45,6232.3,0,0
2020-08-03 10:00:00 UTC,2999.06,887.421,-3354.31,661.336,661.336,87.0082,-1185.68,-1364.62,1580.75,1580.75,-1579.84,-1330.28,5944.62,192.78,-740.121,-1295.49,-2695.6,-852.873,4504.98,611.908,-464.529,2363.78,2363.78,2147.42,2922.4,853.494,565.727,-309.787,-103.154,-1734.47,604.505,604.505,1347,742.354,742.354,4628.48,-2515.55,-2523.58,8765.05,8765.05,-2847.72,-5229.18,-2724.12,-1680.85,-3835.36,5421.41,7553.93,7609.6,8041.77,-160.728,1330.53,1330.53,-280.953,281.657,394.067,-308.558,-308.558,2150.68,-1038.08,-467.261,-1354.1,1582.85,1706.63,-886.973,-886.973,386.737,511.307,-449.006,-449.006,-419.351,-2151.72,1532.81,-765.011,-765.011,-55.5004,-55.5004,-16.0543,-13.4855,-20.0397,71.1329,136.906,-107.34,7.5402,7.03211,-3.13375,30.8647,5.49666,-380.172,-380.172,-43.2214,-43.2214,-42.8088,-42.8088,749.728,749.728,749.728,-246.2,-246.2,-96.3495,181.335,96.3833,96.3833,-125.251,-125.251,336.809,119.095,1680.85,-0.229997,-0.229997,1427.39,1427.39,1427.39,-4096.29,1083.2,1083.2,1139.55,1139.55,0.316,-344.285,-344.285,129.088,129.088,4810.64,4810.64,-4567.34,-4567.34,0,207.458,2017.75,837.107,-1850.65,-1850.65,1544.28,-8268.94,-3623.33,1600.63,4753.99,4753.99,-1180.38,-1180.38,4076.41,4076.41,-436.587,-1043.04,-6165.12,-2937.31,-1980.03,-1980.03,1229.19,1229.19,1229.19,-3075.94,-3075.94,4051.69,8.72192e-11,8.72192e-11,-1463.78,2700.15,2700.15,-3882.21,1336.88,-1084.3,0,-2419.89,-1102.62,3618.96,2710.63,2710.63,397.448,-209.176,46.4207,3026.31,3026.31,1804.13,-863.57,-863.57,-8711.55,5487.32,8711.55,-7561.01,-7616.79,-8049.08,10934.2,-2238.3,2118.87,-7553.93,-7609.6,-8041.77,8604.59,4551.45,2300.88,-938.87,-13669,-2260.93,-11164.1,-27729.3,-15273.9,-15273.9,-1856.86,8207.65,-775.938,-1847.62,-732.722,870.356,-895.713,936.585,799.409,876.019,-942.549,-964.321,-947.75,901.971,-272.78,-272.78,842.678,-3697.68,-3697.68,8213.39,-774.177,-1174.55,914.495,-698.269,-2300.8,-3632.52,-3632.52,-6259.95,-7859.31,-8298.93,-16065.2,8744.71,-4470.45,6259.95,-1711.98,-4465.14,-8139.83,-4772.65,-4770.92,1711.98,7859.31,8298.93,-3432.01,-3472.23,-2484.26,-2884.74,-2310.81,-2573.16,-1956.99,-1956.99,-420.197,-755.158,1838.66,2075.32,-3631.34,7859.31,7859.31,8298.93,8298.93,1483.26,1483.26,-83.8411,-324.399,-1185.91,-1185.91,-4936.86,-4936.86,4722.17,4722.17,-1219.7,126.694,-2751.49,3283.99,-13806.3,14202.3,15807.9,-10828.5,2751.49,-2882.16,-1818.68,2566.94,-107.935,-107.935,-851.116,-851.116,272.499,-326.631,2120.27,335.426,-60.9484,-60.9484,-1682.72,-575.735,-2152.26,-1622.2,-139.903,-139.903,-201.84,-201.919,-1921.44,-1921.44,-2073.82,-1065.97,-1541.37,-819.836,-365.016,-156.838,-156.838,73.2875,82.5233,0,696.871,775.037,0,37.77,-897.864,-897.864,-80.497,-223.148,397.668,399.751,-95.525,518.723,506.424,-1395.49,2517.93,6146.26,1170.91,470.099,470.099,-230.244,-1942.01,-1942.01,-883.493,-877.123,-4.59676e-10,0,-826.92,-826.92,0,1.5944e-10,0,-1100.95,0,852.872,0,-2.68212e-10,6.07468e-10,1070.41,867.508,867.508,0,206.47,206.47,8.57144e-11,0,-1204.03,-1891.73,-1891.73,-1891.73,-2320.32,0,0,0,-420.557,-420.557,-420.557,0,806.12,266.426,266.426,111.001,-1.2112e-10,55.5039,55.5039,3.02927e-10,-1.01569e-10,2.71993e-10,-2.73096e-10,-81.5483,-80.9424,-121.292,0,2.06096e-12,0,3035.24,3035.24,3035.24,0,0,0,0,2.67385e-10,-4.12949e-10,-2847.22,-2847.22,-6.50068e-10,5037.12,760.506,1112.04,0,6.85197e-11,970.871,2469.71,-1.36898e-10,18599.3,10247.6,2952.74,2843.68,-46.4207,-3031.12,-3031.12,4.83574e-11,73817.1,-767.827,4.51271e-10,3.83227e-11,-985.721,-1584.3,-3913.98,6.34607e-10,-1.26428e-10,5.05221e-10,-528.666,7.47966e-11,1.37888e-10,2.58416e-11,-7363.33,-2.76064e-11,-4465.14,3.88568e-10,-793.483,-1962.95,1.06224e-09,-1470.08,-1.0375e-10,-1930.76,3304.93,-2.94328e-10,5.27188e-10,2697.3,2697.3,-5.17655e-10,-74.6757,-74.6757,-7.00127e-11,-87.0082,0,3.73834e-10,2604.55,6187.36,0,0
2020-08-03 11:00:00 UTC,3131.1,928.553,-3558.31,728.71,728.71,78.1793,-1261.77,-1452.94,1665.36,1665.36,-1612.78,-1344.98,6125.1,208.415,-745.811,-1341.97,-2766.96,-875.453,4627.13,625.917,-506.535,2427.63,2427.63,2220.86,3048.23,890.139,577.872,-321.929,-115.205,-1783.72,620.579,620.579,1382.52,761.791,761.791,4748.84,-2537.65,-2545.76,8918.03,8918.03,-2873.29,-5338.63,-2802.2,-1729.03,-3870.58,5476.64,7671.97,7728.51,8167.44,-159.507,1352.02,1352.02,-287.192,284.791,383.493,-321.225,-321.225,2176.78,-1065.8,-471.553,-1384.16,1600.6,1725.77,-912.748,-912.748,405.408,543.587,-474.479,-474.479,-439.924,-2219.95,1574.48,-785.773,-785.773,-60.2316,-60.2316,-16.6969,-14.1896,-20.3249,72.1869,137.544,-108.77,7.44198,6.94051,-3.71145,31.0363,4.27606,-388.39,-388.39,-41.8548,-41.8548,-41.4567,-41.4567,765.718,765.718,765.718,-246.374,-246.374,-100.256,183.161,100.023,100.023,-126.232,-126.232,349.959,121.2,1729.03,-0.229997,-0.229997,1453.65,1453.65,1453.65,-4168.11,1104.31,1104.31,1160.88,1160.88,0.316,-351.201,-351.201,132.354,132.354,4899.38,4899.38,-4651.95,-4651.95,0,211.921,2054.27,850.794,-1884.7,-1884.7,1570.61,-8413.81,-3686.8,1627.19,4841.3,4841.3,-1203.2,-1203.2,4152.14,4152.14,-447.719,-1063.57,-6253.28,-3011.29,-2013.39,-2013.39,1247.94,1247.94,1247.94,-3120.96,-3120.96,4127.33,8.66141e-11,8.66141e-11,-1485.07,2739.29,2739.29,-3940.54,1349.64,-1108.67,0,-2456.98,-1127.95,3663,2749.87,2749.87,405.272,-210.751,49.2318,3097.4,3097.4,1832.13,-876.449,-876.449,-8844.87,5559.83,8844.87,-7679.28,-7735.93,-8174.98,11086.3,-2274.04,2151.13,-7671.97,-7728.51,-8167.44,8736.08,4611.85,2307.74,-972.474,-13953.9,-2297.5,-11392.8,-28292.9,-15584.9,-15584.9,-1905.7,8348.16,-794.547,-1895.98,-742.767,887.216,-913.362,954.694,815.324,893.372,-962.112,-984.337,-967.421,919.656,-276.08,-276.08,859.074,-3772.4,-3772.4,8376.41,-785.871,-1194.07,932.274,-709.931,-2339.35,-3695.07,-3695.07,-6408.11,-8018.23,-8466.75,-16380.2,8946.91,-4601.72,6408.11,-1726.85,-4596.1,-8293.98,-4863.03,-4861.27,1726.85,8018.23,8466.75,-3497.05,-3538.04,-2521,-2927.42,-2354.65,-2648.58,-1994.06,-1994.06,-428.214,-787.468,1873.49,2114.63,-3672.42,8018.23,8018.23,8466.75,8466.75,1497.73,1497.73,-86.6292,-334.867,-1192.68,-1192.68,-4980.24,-4980.24,4782.36,4782.36,-1292.42,111.268,-2773.14,3319.19,-13899.2,14472.4,16118.4,-10921.9,2773.14,-2965.61,-1869.98,2631.24,-113.941,-113.941,-878.076,-878.076,292.833,-338.437,2219.4,354.215,-70.1761,-70.1761,-1766.3,-600.525,-2270.58,-1696.6,-142.358,-142.358,-209.951,-210.034,-1969.24,-1969.24,-2126.05,-1093.46,-1579.04,-849.23,-380.117,-162.825,-162.825,80.3878,90.4948,0,720.002,800.611,0,44.6543,-942.015,-942.015,-91.3149,-215.806,411.232,413.386,-103.392,544.674,531.762,-1463.1,2661.21,6298.22,1192.81,480.677,480.677,-230.974,-2028.48,-2028.48,-926.677,-919.997,7.91472e-11,0,-894.447,-894.447,0,4.73682e-11,0,-1131.83,0,889.463,0,2.53355e-10,-1.59129e-10,1117.13,892.147,892.147,0,218.567,218.567,-7.39951e-11,0,-1213.08,-1910.63,-1910.63,-1910.63,-2369.34,0,0,0,-422.41,-422.41,-422.41,0,845.366,282.278,282.278,120.463,-8.69709e-11,60.2358,60.2358,3.33687e-11,-4.60392e-10,1.44784e-11,1.40978e-10,-85.6073,-84.9712,-125.824,0,6.75035e-11,0,3089.33,3089.33,3089.33,0,0,0,0,-1.99737e-10,-4.17104e-10,-2912.01,-2912.01,-2.86297e-10,5126.19,781.906,1143.33,0,2.54484e-10,996.875,2513.91,1.74803e-10,18944.2,10443.6,3005.15,2903.18,-49.2318,-3102.23,-3102.23,-7.38328e-12,75175.5,-800.401,-1.00224e-10,-6.10942e-10,-1004.39,-1614.31,-3988.12,-8.81734e-11,8.7852e-10,-5.663e-10,-526.421,-2.96733e-10,9.66046e-11,-1.0426e-09,-7458.38,-5.52267e-10,-4596.1,4.52242e-10,-806.093,-2058.25,-1.32525e-10,-1532.41,6.24316e-10,-1993.16,3462.89,4.44999e-10,-4.09595e-11,2756.85,2756.85,-4.63749e-10,-72.7858,-72.7858,-5.20354e-10,-78.1793,0,-3.46212e-10,2655.1,6309.65,0,0
2020-08-03 12:00:00 UTC,3354.22,996.304,-3876.23,815.994,815.994,85.9973,-1379.41,-1588.5,1793.04,1793.04,-1699.72,-1405.2,6497.38,225.304,-776.821,-1430.26,-2922.66,-924.724,4898.97,660.924,-547.389,2566.08,2566.08,2370.93,3279.91,957.979,604.484,-348.534,-131.658,-1890.74,655.427,655.427,1458.89,803.298,803.298,5016.87,-2638.21,-2646.63,9355.72,9355.72,-2986.94,-5627.65,-2969.28,-1832.13,-4023.41,5685.51,8038.4,8097.64,8557.55,-163.974,1416.9,1416.9,-301.262,297.275,390.514,-341.683,-341.683,2274.37,-1122.57,-490.484,-1454.66,1672.05,1802.81,-964.333,-964.333,435.178,589.42,-512.277,-512.277,-472.486,-2357.08,1664.93,-830.825,-830.825,-66.1843,-66.1843,-17.7616,-15.2033,-21.2786,75.603,143.45,-114.15,7.683,7.16529,-4.26749,32.4085,3.59438,-408.978,-408.978,-42.4737,-42.4737,-42.071,-42.071,805.267,805.267,805.267,-253.315,-253.315,-107.147,191.773,106.702,106.702,-131.955,-131.955,375.486,127.569,1832.13,-0.229996,-0.229996,1522.34,1522.34,1522.34,-4364.24,1156.81,1156.81,1215.74,1215.74,0.316,-368.093,-368.093,138.039,138.039,5129.27,5129.27,-4868.57,-4868.57,0,221.816,2149.77,889.727,-1972.23,-1972.23,1643.53,-8809.18,-3860.02,1702.46,5068.69,5068.69,-1259.74,-1259.74,4347.5,4347.5,-470.336,-1112.46,-6542.91,-3151.96,-2107.84,-2107.84,1304.74,1304.74,1304.74,-3264.12,-3264.12,4321.64,7.40674e-11,7.40674e-11,-1550.94,2863.83,2863.83,-4122.92,1406.31,-1168.79,0,-2573.64,-1185.36,3825.42,2874.72,2874.72,421.866,-220.442,52.5829,3256.25,3256.25,1919.64,-918.474,-918.474,-9267.62,5819.66,9267.62,-8046.42,-8105.78,-8565.82,11608.5,-2383.25,2255.01,-8038.4,-8097.64,-8557.55,9142.59,4826.02,2415.74,-1018.84,-14609.1,-2403.93,-11927.6,-29609,-16309.9,-16309.9,-2002.9,8740.06,-836.063,-1991.99,-773.139,926.368,-956.177,999.225,854.121,935.679,-1007.22,-1030.49,-1012.78,962.789,-288.996,-288.996,899.069,-3953.21,-3953.21,8780.64,-823.602,-1249.78,975.642,-740.721,-2439.62,-3866.15,-3866.15,-6732.3,-8382.31,-8851.2,-17113.2,9367.53,-4875.1,6732.3,-1774.85,-4868.79,-8654.67,-5074.51,-5072.68,1774.85,8382.31,8851.2,-3654.02,-3696.84,-2610.56,-3031.44,-2457.64,-2806.18,-2084.38,-2084.38,-444.743,-848.036,1958.35,2210.4,-3782.58,8382.31,8382.31,8851.2,8851.2,1537.99,1537.99,-93.1035,-359.287,-1215.1,-1215.1,-5104.46,-5104.46,4932.96,4932.96,-1431.29,86.5001,-2837.56,3412.61,-14195.7,15119.7,16833.7,-11193.4,2837.56,-3150.46,-1983.49,2770.71,-126.464,-126.464,-939.099,-939.099,328.057,-364.326,2412.19,389.293,-85.958,-85.958,-1926.93,-650.416,-2509.88,-1841.54,-148.583,-148.583,-228.407,-228.496,-2074.49,-2074.49,-2242.61,-1156.27,-1667.21,-915.648,-425.327,-175.726,-175.726,87.8426,98.879,0,760.654,845.607,0,51.1238,-1016.62,-1016.62,-101.64,-226.997,436.233,438.518,-111.967,582.669,568.851,-1593.03,2906.49,6596.28,1245.62,503.656,503.656,-237.794,-2173.72,-2173.72,-997.207,-990.017,-1.1609e-10,0,-983.434,-983.434,0,-1.106e-10,0,-1203.15,0,957.196,0,5.49059e-12,1.44123e-10,1200.89,945.692,945.692,0,240.096,240.096,2.29704e-10,0,-1261.67,-1994.05,-1994.05,-1994.05,-2491.41,0,0,0,-441.614,-441.614,-441.614,0,907.704,305.386,305.386,132.369,3.91191e-11,66.1893,66.1893,-1.01303e-10,3.28281e-10,3.92434e-10,2.41777e-10,-92.0418,-91.3577,-132.227,0,-3.89707e-11,0,3232.87,3232.87,3232.87,0,0,0,0,-2.36517e-10,-1.84512e-10,-3058.31,-3058.31,-3.06377e-10,5377.5,822.809,1203.14,0,-7.83994e-11,1050.82,2633.06,-3.08527e-11,19832.1,10934.3,3136.79,3039.57,-52.5829,-3261.13,-3261.13,-3.28732e-10,78711.2,-861.277,2.46895e-10,1.20285e-10,-1049.88,-1687.42,-4168.75,1.55141e-10,-1.30883e-10,-1.8845e-10,-532.318,-4.6101e-10,-4.16865e-10,7.92346e-11,-7703.29,4.59286e-10,-4868.79,3.19061e-10,-834.956,-2242.43,-3.65903e-10,-1656.15,4.1573e-10,-2126.69,3768.47,-3.26764e-10,-8.4001e-11,2892.77,2892.77,-6.31038e-11,-64.115,-64.115,1.68526e-10,-85.9973,0,-5.25375e-10,2778.27,6609.4,0,0
2020-08-03 13:00:00 UTC,3641.03,1076.31,-4181.61,853.589,853.589,161.793,-1481.14,-1703.28,1917.9,1917.9,-1937.57,-1576.94,7200.01,179.253,-867.068,-1609.77,-3203.3,-1013.53,5479,745.426,-502.486,2832.78,2832.78,2656.22,3670.94,1073.42,658.513,-402.548,-147.253,-2106.42,725.619,725.619,1612.08,886.259,886.259,5568.87,-2908.82,-2918.11,10379.7,10379.7,-3291.63,-6292.3,-3298.51,-2035.29,-4431.41,6268.71,8924.36,8990.12,9500.77,-180.964,1573.23,1573.23,-328.846,329.669,443.738,-373.956,-373.956,2524.65,-1230.81,-539.04,-1602.47,1860.56,2006.03,-1063.61,-1063.61,481.273,650.602,-565.912,-565.912,-522.491,-2611.87,1837.22,-916.613,-916.613,-72.7464,-72.7464,-19.5309,-16.6294,-23.672,84.0853,160.415,-127.136,8.22486,7.67064,-5.05317,35.8831,4.72606,-453.894,-453.894,-48.3503,-48.3503,-47.8912,-47.8912,892.909,892.909,892.909,-278.484,-278.484,-118.781,213.964,118.516,118.516,-147.344,-147.344,419.748,142.094,2035.29,-0.025995,-0.025995,1656.49,1656.49,1656.49,-4748.85,1262.15,1262.15,1319.22,1319.22,0.036,-399.315,-399.315,133.024,133.024,5555.74,5555.74,-5255.05,-5255.05,0,233.301,2320.43,961.801,-2127.91,-2127.91,1787.96,-9588.46,-4201.44,1845.03,5497.36,5497.36,-1358.28,-1358.28,4712.71,4712.71,-505.831,-1197.42,-7205.17,-3293.77,-2293.77,-2293.77,1419.04,1419.04,1419.04,-3575.97,-3575.97,4687.67,-4.07868e-11,-4.07868e-11,-1688.23,3139.79,3139.79,-4531.01,1543.95,-1302.62,0,-2844.79,-1288.95,4205.02,3151.77,3151.77,450.635,-241.173,56.385,3534.79,3534.79,2126.8,-1019.88,-1019.88,-10274.8,6472.73,10274.8,-8934.24,-9000.15,-9510.97,12898.1,-2630.84,2495.95,-8924.36,-8990.12,-9500.77,10040.8,5348.22,2840.85,-1011.02,-15644.8,-2618.52,-12796.3,-31716.6,-17470.2,-17470.2,-2144.73,9513.37,-901.634,-2131.35,-824.983,987.726,-1029.38,1076.02,920.891,1008.43,-1079.3,-1104.24,-1085.25,1036.8,-319.712,-319.712,967.601,-4275.26,-4275.26,9512.76,-901.822,-1352.1,1049.94,-791.345,-2603.36,-4189.04,-4189.04,-7273.4,-8934.64,-9434.44,-18191.1,9940.31,-5384.93,7273.4,-1802.62,-5377.24,-9180.05,-5382.55,-5380.61,1802.62,8934.63,9434.44,-3876.01,-3921.43,-2731.69,-3172.15,-2589.19,-3086.11,-2216.36,-2216.36,-454.021,-979.791,2082.35,2350.37,-3929.73,8934.64,8934.64,9434.44,9434.44,1585.21,1585.21,-105.952,-407.35,-1228.75,-1228.75,-5237.51,-5237.51,5144.4,5144.4,-1716.81,25.1281,-2895.57,3529.69,-14484.4,16069.7,17889.9,-11449,2895.57,-3520.78,-2194.4,3002.46,-133.079,-133.079,-1099.41,-1099.41,424.725,-431.661,2793.91,462.949,-138.649,-138.649,-2221.32,-743.603,-2962.24,-2083.52,-180.779,-180.779,-291.829,-291.942,-2263.08,-2263.08,-2466.07,-1289.9,-1850.7,-1093.4,-577.608,-208.5,-208.5,83.9827,94.6233,0,836.67,929.863,0,43.2015,-1145.53,-1145.53,-90.2,-308.074,472.423,474.895,-109.426,610.7,596.136,-1787.71,3177.58,6953.68,1332.9,539.947,539.947,-252.424,-2356.87,-2356.87,-1093.7,-1085.81,1.90437e-10,0,-1028.08,-1028.08,0,5.96105e-10,0,-1427.97,0,1072.43,0,2.92237e-10,-1.65897e-11,1336.49,1053.61,1053.61,0,274.901,274.901,1.37954e-11,0,-1394.87,-2218.59,-2218.59,-2218.59,-2762.81,0,0,0,-484.78,-484.78,-484.78,0,1003.81,337.343,337.343,145.493,6.12439e-10,72.7524,72.7524,6.34631e-11,-5.93878e-10,-1.97847e-10,-2.96079e-10,-101.948,-101.19,-143.492,0,-8.00928e-11,0,3501.12,3501.12,3501.12,0,0,0,0,-3.37411e-10,1.78691e-10,-3315.12,-3315.12,2.07766e-10,5941.05,917.287,1341.29,0,2.38624e-10,1149.58,2871.66,-1.0125e-10,21465.5,11814.7,3349.52,3256.7,-56.385,-3539.88,-3539.88,1.99907e-10,85319.7,-993.641,8.23305e-10,-2.20421e-10,-1116.36,-1794.27,-4432.72,7.17751e-10,2.8256e-10,4.42603e-11,-531.464,-2.60437e-10,-2.33007e-10,1.11469e-09,-7922.56,-7.60687e-10,-5377.24,-3.72207e-10,-858.83,-2610.73,2.67262e-10,-1895.22,5.75168e-10,-2341.7,4304.84,-4.58261e-11,5.34032e-10,3131.65,3131.65,2.94624e-10,-24.2671,-24.2671,9.1102e-11,-161.793,0,8.6433e-11,2994.43,7177.57,0,0
2020-08-03 14:00:00 UTC,3901.43,1141.27,-4316.21,778.196,778.196,348.332,-1502.13,-1721.26,1997.31,1997.31,-2290.3,-1860.93,8108.84,92.144,-1022.76,-1819.67,-3580.02,-1132.74,6273.78,868.214,-311.604,3183.21,3183.21,2996.74,4119.6,1204.34,724.749,-468.763,-157.915,-2370.06,816.009,816.009,1829.33,1013.07,1013.07,6324.53,-3388.96,-3399.77,11985.8,11985.8,-3820.39,-7285.7,-3737.27,-2306.05,-5122.2,7197.68,10353.4,10429.7,11022.2,-222.103,1819.84,1819.84,-370.325,386.092,580.696,-404.423,-404.423,2950.6,-1366.76,-618.655,-1838.28,2182.71,2353.31,-1219.87,-1219.87,522.437,687.677,-605.028,-605.028,-566.4,-2934.02,2060.5,-1027.74,-1027.74,-73.6035,-73.6035,-21.1047,-17.3415,-27.5448,97.6995,191.902,-148.35,9.35917,8.72853,-5.15987,42.0227,10.6083,-517.434,-517.434,-64.0327,-64.0327,-63.4194,-63.4194,1018.31,1018.31,1018.31,-322.168,-322.168,-130.297,252.134,131.637,131.637,-174.673,-174.673,473.157,164.456,2306.05,1.65951,1.65951,1859.99,1859.99,1859.99,-5327.34,1424.12,1424.12,1475.22,1475.22,-2.278,-448.944,-448.944,112.435,112.435,6187.39,6187.39,-5808.81,-5808.81,0,246.03,2564.62,1059.85,-2348.83,-2348.83,2003.09,-10767.2,-4717.85,2054.19,6138.03,6138.03,-1504.35,-1504.35,5258.85,5258.85,-563.168,-1323.29,-8283.62,-3377.83,-2572.35,-2572.35,1591.39,1591.39,1591.39,-4075.52,-4075.52,5236.43,3.16961e-11,3.16961e-11,-1897.04,3580.64,3580.64,-5175.45,1783.92,-1499.54,0,-3281.06,-1422.87,4845.39,3598.78,3598.78,496.966,-263.415,61.4322,3895.94,3895.94,2461.04,-1182.77,-1182.77,-11896.9,7567.71,11896.9,-10366.7,-10443.2,-11035.9,15033.2,-3023.87,2876.24,-10353.4,-10429.7,-11022.2,11470.3,6222.4,3647.7,-917.795,-16972.1,-2951.28,-13933.5,-34437.8,-18961.3,-18961.3,-2303.5,10717.3,-1013.85,-2280.92,-893.238,1077.13,-1128.71,1185.5,1011.63,1107.88,-1169.03,-1196.06,-1175.48,1139.23,-373.227,-373.227,1063.18,-4719.57,-4719.57,10579.8,-1056.02,-1490.14,1153.6,-852.381,-2821.95,-4675.1,-4675.1,-7954.22,-9616.45,-10154.4,-19509.8,10543.1,-6038.41,7954.22,-1825.1,-6028.73,-9824.67,-5760.51,-5758.43,1825.1,9616.45,10154.4,-4141.29,-4189.81,-2884.73,-3349.93,-2739.08,-3441.33,-2376.29,-2376.29,-457.789,-1154,2232.61,2519.97,-4118.69,9616.45,9616.45,10154.4,10154.4,1648.23,1648.23,-121.283,-464.719,-1251.16,-1251.16,-5419.27,-5419.27,5427.88,5427.88,-2079.81,-53.081,-2971.14,3687.82,-14928.1,17242,19183.7,-11757.3,2971.14,-4017.26,-2474.12,3289.71,-136.974,-136.974,-1328.5,-1328.5,556.715,-528.042,3289.51,563.1,-212.334,-212.334,-2604.78,-863.24,-3568.76,-2393.74,-229.66,-229.66,-385.284,-385.432,-2505.61,-2505.61,-2762.21,-1474.52,-2105.85,-1339.98,-829.107,-252.112,-252.112,55.6785,62.9905,0,900.22,1000.41,0,8.18302,-1248.13,-1248.13,-37.3653,-500.825,509.28,511.941,-81.207,597.111,582.732,-2031.33,3371.22,7279.27,1429.06,585.561,585.561,-257.307,-2519.29,-2519.29,-1196.66,-1188.03,6.2393e-10,0,-965.491,-965.491,0,-1.26507e-09,0,-1723.63,0,1203.11,0,1.29081e-09,7.36078e-10,1501.4,1185.54,1185.54,0,313.339,313.339,1.02033e-10,0,-1659.29,-2611.18,-2611.18,-2611.18,-3152.63,0,0,0,-581.639,-581.639,-581.639,0,1088.89,358.99,358.99,147.207,-6.16074e-10,73.6097,73.6097,-2.70938e-10,-9.43327e-11,2.24194e-10,-8.39769e-11,-110.559,-109.738,-162.611,0,-2.36069e-10,0,3889.02,3889.02,3889.02,0,0,0,0,-2.2961e-10,6.42908e-11,-3650.34,-3650.34,3.36216e-10,6806.64,1049.97,1535.28,0,6.4803e-10,1272.05,3225.23,4.89611e-10,23838.6,13050.7,3619.49,3523.7,-61.4322,-3903.16,-3903.16,2.57918e-10,95149.3,-1169.42,1.35713e-09,-5.28884e-10,-1196.91,-1923.74,-4752.58,-1.27632e-10,-3.70149e-10,3.36396e-10,-525.478,2.24568e-10,-5.40573e-11,7.18003e-10,-8074.24,3.09501e-11,-6028.73,-2.11662e-10,-876.49,-3090.66,-5.98982e-10,-2190.68,4.66291e-10,-2618.74,4998.52,2.72289e-10,5.96313e-10,3445.61,3445.61,4.14254e-10,42.0696,42.0696,2.35013e-10,-348.332,0,2.56595e-11,3272.41,7977.6,0,0
2020-08-03 15:00:00 UTC,4058.03,1173.94,-4210.01,605.141,605.141,604.074,-1417.08,-1613.84,1992.24,1992.24,-2615.77,-2182.44,8925.53,38.7438,-1210.62,-1952.22,-3965.58,-1254.76,7003.53,985.901,-29.435,3548.03,3548.03,3258.91,4447.52,1297.91,777.591,-521.587,-157.726,-2579.6,895.094,895.094,2050.45,1155.03,1155.03,7051.15,-4001.14,-4013.9,13803.9,13803.9,-4478.7,-8341.82,-4144,-2557.05,-5958.56,8249.64,12024.2,12112.8,12801.1,-288.535,2099.33,2099.33,-414.205,457.394,809.295,-411.522,-411.522,3477.03,-1472.07,-710.851,-2112.59,2583.01,2784.82,-1402.06,-1402.06,527.579,652.214,-589.869,-589.869,-570.182,-3210.75,2277.02,-1135.44,-1135.44,-62.2015,-62.2015,-21.147,-15.951,-32.0519,113.488,233.99,-173.284,10.8305,10.1007,-3.95704,49.7066,23.116,-578.865,-578.865,-90.8728,-90.8728,-89.9928,-89.9928,1142.29,1142.29,1142.29,-374.266,-374.266,-134.05,299.586,139.196,139.196,-209.743,-209.743,513.548,188.998,2557.05,7.23402,7.23402,2102.67,2102.67,2102.67,-5998.71,1619.63,1619.63,1664.61,1664.61,-9.932,-517.116,-517.116,80.6006,80.6006,6935.67,6935.67,-6441.69,-6441.69,0,261.958,2842.36,1155.09,-2596.3,-2596.3,2244.46,-12143.5,-5320.82,2289.45,6900.28,6900.28,-1686.75,-1686.75,5914.98,5914.98,-650.185,-1478.25,-9576.89,-3371.31,-2890.5,-2890.5,1782.8,1782.8,1782.8,-4670.28,-4670.28,5895.24,-9.77816e-11,-9.77816e-11,-2126.02,4098.77,4098.77,-5916.31,2078.12,-1718.96,0,-3793.8,-1560.91,5629.16,4132,4132,560.834,-267.548,70.8466,4258.38,4258.38,2854.27,-1370.98,-1370.98,-13792.9,8882.69,13792.9,-12042.2,-12131,-12819.6,17576.2,-3483.69,3310.46,-12024.2,-12112.8,-12801.1,13154.2,7285.89,4654.78,-769.503,-18346.4,-3349.01,-15125.9,-37252.8,-20488.3,-20488.3,-2444.55,12185.5,-1190.53,-2400.65,-963.721,1181.44,-1234.13,1314.77,1108.15,1214.97,-1254.12,-1283.14,-1261.05,1252.88,-442.653,-442.653,1171.08,-5198.51,-5198.51,11828.5,-1299.99,-1624.41,1270.86,-907.196,-3051.48,-5255.71,-5255.71,-8619.06,-10287.4,-10863,-20819.5,11023,-6670.09,8619.06,-1851.92,-6658.28,-10461.2,-6133.7,-6131.49,1851.92,10287.4,10863,-4398.56,-4450.1,-3040.77,-3531.19,-2890.69,-3780.97,-2529.51,-2529.51,-467.68,-1322.55,2376.57,2682.45,-4312.05,10287.4,10287.4,10863,10863,1716.12,1716.12,-134.702,-515.054,-1281.89,-1281.89,-5621.66,-5621.66,5718.14,5718.14,-2416.99,-123.921,-3055.32,3855.29,-15449,18380.6,20461.5,-12082.6,3055.32,-4503.26,-2743.47,3565.88,-135.465,-135.465,-1558.61,-1558.61,684.564,-623.075,3756.17,657.78,-284.07,-284.07,-2958.74,-975.501,-4133.41,-2676.47,-280.983,-280.983,-480.418,-480.601,-2742.92,-2742.92,-3055.76,-1660.73,-2366.28,-1585.44,-1104.43,-294.298,-294.298,10.1635,12.0644,0,937.403,1041.87,0,-44.7247,-1299.38,-1299.38,43.5533,-761.717,538.473,541.283,-34.4063,546.37,533.047,-2247.46,3421.49,7506.2,1491.06,631.04,631.04,-228.399,-2613.77,-2613.77,-1289.99,-1280.69,1.39664e-09,0,-807.164,-807.164,0,-3.04654e-10,0,-1908.31,0,1296.47,0,1.21425e-09,8.01561e-10,1635.01,1290.4,1290.4,0,339.657,339.657,8.78909e-10,0,-2034.2,-3110.06,-3110.06,-3110.06,-3540.37,0,0,0,-729.208,-729.208,-729.208,0,1097.82,345.952,345.952,124.403,1.33424e-09,62.2059,62.2059,-5.64594e-10,1.82783e-10,-7.77231e-10,9.30407e-10,-111.098,-110.273,-194.495,0,-5.09007e-11,0,4318.45,4318.45,4318.45,0,0,0,0,-3.19166e-10,7.36272e-10,-3987.42,-3987.42,-2.40594e-11,7786.67,1189.84,1739.8,0,5.62296e-10,1379.73,3620.78,6.06889e-10,26555.8,14397.7,3882.77,3769.33,-70.8466,-4271.03,-4271.03,1.81617e-10,106780,-1341.05,1.95413e-09,3.88747e-10,-1274.09,-2047.78,-5059.02,8.11305e-10,1.47076e-09,1.02602e-09,-517.937,4.14171e-10,1.10882e-10,1.57292e-09,-8171.97,-1.08221e-09,-6658.28,4.26248e-10,-893.169,-3541.89,7.01497e-10,-2467.21,7.30413e-10,-2875.64,5635.2,-9.87721e-10,-3.3091e-10,3762.03,3762.03,-1.01723e-09,116.704,116.704,9.58503e-10,-604.074,0,5.86212e-10,3525.92,8814.3,0,0
2020-08-03 16:00:00 UTC,4172.32,1197.05,-4085.38,432.115,432.115,855.936,-1330.23,-1504.82,1977.99,1977.99,-2866.1,-2466.69,9585.28,25.1825,-1382.57,-2023.11,-4303.31,-1361.64,7584.36,1081.73,245.354,3864.04,3864.04,3440.5,4635.83,1350.99,817.171,-561.153,-144.011,-2735.33,958.207,958.207,2243.83,1285.25,1285.25,7653.72,-4618.64,-4633.35,15531.9,15531.9,-5140.6,-9318.73,-4480.22,-2764.54,-6796.26,9264.23,13648.5,13749,14530.4,-361.931,2367.92,2367.92,-450.371,529.464,1076.59,-397.276,-397.276,4005.73,-1538.85,-804,-2353.7,2989.68,3223.18,-1550.11,-1550.11,503.423,561.584,-532.481,-532.481,-541.49,-3422.68,2479.46,-1236.09,-1236.09,-41.9934,-41.9934,-20.1249,-13.2623,-36.5049,128.955,279.677,-198.943,12.8667,11.9997,-1.47293,58.1936,38.8002,-633.32,-633.32,-122.48,-122.48,-121.286,-121.286,1250.91,1250.91,1250.91,-428.178,-428.178,-132.377,349.601,141.937,141.937,-247.213,-247.213,540.54,213.13,2764.54,13.5655,13.5655,2332.71,2332.71,2332.71,-6633.11,1804.14,1804.14,1845.09,1845.09,-18.63,-584.937,-584.937,45.3901,45.3901,7641.38,7641.38,-7026.77,-7026.77,0,276.252,3099.67,1237.11,-2822.98,-2822.98,2469.14,-13446.8,-5891.76,2510.08,7621.45,7621.45,-1861.93,-1861.93,6537.35,6537.35,-738.784,-1625.28,-10838.5,-3296.36,-3190.98,-3190.98,1962.81,1962.81,1962.81,-5246.25,-5246.25,6519.38,1.12419e-10,1.12419e-10,-2342.53,4598.5,4598.5,-6630.69,2368.87,-1928.03,0,-4292.61,-1683.59,6399.4,4648.34,4648.34,623.338,-263.542,68.9786,4584.45,4584.45,3239.22,-1550.89,-1550.89,-15633.4,10178.6,15633.4,-13671.7,-13772.5,-14554.3,20071.2,-3933.62,3721.54,-13648.5,-13749,-14530.4,14780.3,8334.01,5687.85,-590.758,-19523.3,-3729.76,-16162,-39671,-21796.5,-21796.5,-2553.17,13596.3,-1365.19,-2486.15,-1027.54,1267.55,-1327.3,1432.73,1193.09,1309.75,-1325.83,-1356.53,-1333.15,1354.76,-513.437,-513.437,1268.5,-5633.29,-5633.29,12997,-1548.86,-1740.02,1376.8,-953.514,-3247.65,-5805.72,-5805.72,-9207.22,-10836,-11442.2,-21856.9,11340.1,-7271.76,9207.22,-1832.97,-7257.73,-10964.9,-6429.03,-6426.72,1832.97,10836,11442.2,-4586.63,-4640.38,-3162.34,-3672.42,-2988.52,-4106.09,-2645.45,-2645.45,-461.912,-1492.83,2485.5,2805.39,-4468.78,10836,10836,11442.2,11442.2,1765.3,1765.3,-148.252,-565.661,-1294.34,-1294.34,-5758.48,-5758.48,5964.57,5964.57,-2768.24,-204.185,-3111.41,3985.56,-15832.7,19301.1,21478.8,-12299.2,3111.41,-4960.93,-2994.62,3814.88,-131.585,-131.585,-1784.39,-1784.39,822.352,-717.314,4224.63,752.739,-364.194,-364.194,-3313.81,-1086.71,-4693.6,-2952.04,-333.159,-333.159,-574.891,-575.11,-2961.48,-2961.48,-3329.53,-1837.28,-2611.35,-1829.88,-1382.12,-336.198,-336.198,-35.3592,-38.8718,0,970.858,1079.18,0,-97.4727,-1346.68,-1346.68,124.239,-1018.61,565.967,568.917,12.4767,494.007,481.782,-2457.14,3456.56,7608.5,1530.52,668.839,668.839,-192.357,-2682.36,-2682.36,-1366.35,-1356.49,-4.97719e-10,0,-649.396,-649.396,0,5.40895e-10,0,-1991.77,0,1349.43,0,-4.54357e-10,7.93083e-10,1715.69,1368.34,1368.34,0,352.582,352.582,3.60967e-10,0,-2418.85,-3621.4,-3621.4,-3621.4,-3881.67,0,0,0,-890.875,-890.875,-890.875,0,1044.97,306.386,306.386,83.9869,-8.36117e-10,41.9954,41.9954,-5.36516e-10,-7.48704e-10,-1.07488e-09,-2.82809e-10,-105.319,-104.537,-225.093,0,-9.37231e-11,0,4714.55,4714.55,4714.55,0,0,0,0,2.37548e-10,9.75509e-10,-4291.33,-4291.33,-3.84924e-10,8722.66,1321.82,1932.77,0,2.07366e-10,1467.96,3990.94,1.10778e-09,29081.4,15618.6,4101.77,3973.47,-68.9786,-4603.08,-4603.08,-3.73765e-10,117752,-1514.43,8.83519e-10,-6.42408e-10,-1332.48,-2141.63,-5290.89,-6.55612e-11,-1.82628e-09,1.51527e-10,-501.455,-2.35148e-10,6.80021e-10,1.73191e-09,-8193.41,-4.35705e-10,-7257.73,1.59858e-10,-895.609,-3998.76,4.31851e-10,-2751.09,-1.30431e-11,-3109.95,6265.85,-5.23478e-10,-1.14601e-09,4047.96,4047.96,-6.40018e-10,195.593,195.593,-2.62045e-10,-855.936,0,-3.13282e-10,3741.03,9569.35,0,0
2020-08-03 17:00:00 UTC,4245.04,1207.5,-3937.72,247.936,247.936,1099.96,-1244.86,-1397.61,1924.96,1924.96,-3101.11,-2740.15,10176,2.37681,-1548.92,-2081.54,-4610.23,-1458.78,8116.44,1171.61,524.578,4170.09,4170.09,3593.06,4749.51,1384.53,853.239,-597.206,-119.676,-2876.18,1014.99,1014.99,2416.22,1400.8,1400.8,8208.57,-5239.62,-5256.31,17215.8,17215.8,-5811.18,-10248.8,-4786.06,-2953.29,-7652.6,10317.8,15236.3,15348.4,16220.9,-434.564,2632.23,2632.23,-485.874,600.54,1341.36,-381.246,-381.246,4526.5,-1605.94,-900.762,-2585.26,3390.15,3654.83,-1684.99,-1684.99,473.33,459.229,-466.262,-466.262,-506.197,-3608.76,2673.14,-1332.34,-1332.34,-20.0331,-20.0331,-19.1115,-10.6066,-40.903,144.163,324.788,-224.245,15.1205,14.1017,1.32384,66.7574,54.2636,-687.089,-687.089,-153.696,-153.696,-152.189,-152.189,1357.58,1357.58,1357.58,-487.154,-487.154,-130.119,398.913,143.716,143.716,-284.196,-284.196,560.644,236.733,2953.29,18.6706,18.6706,2547.29,2547.29,2547.29,-7234.53,1972.74,1972.74,2013.28,2013.28,-25.644,-647.276,-647.276,12.7507,12.7507,8302.7,8302.7,-7575.47,-7575.47,0,289.27,3343.25,1317.95,-3036.12,-3036.12,2682.98,-14681.2,-6432.51,2723.53,8297.1,8297.1,-2024.55,-2024.55,7118.94,7118.94,-815.83,-1760.06,-12065.8,-3198.87,-3479.22,-3479.22,2139.78,2139.78,2139.78,-5805.4,-5805.4,7101.14,-1.35165e-10,-1.35165e-10,-2557.34,5085.97,5085.97,-7329.57,2659.4,-2123.77,0,-4777.73,-1793.88,7156.4,5150.28,5150.28,679.568,-265.101,75.1419,4892.62,4892.62,3613.84,-1727.65,-1727.65,-17429.6,11452.6,17429.6,-15265.1,-15377.7,-16250.7,22519,-4367.45,4123.17,-15236.3,-15348.4,-16220.9,16358,9357.94,6734,-398.369,-20581,-4091.5,-17102.4,-41851.1,-22974.6,-22974.6,-2646.56,14929.9,-1514.99,-2559.69,-1086.09,1347.05,-1414.21,1540.58,1272.01,1397.72,-1389.6,-1421.79,-1397.27,1449.03,-579.646,-579.646,1358.47,-6042.96,-6042.96,14086,-1773.47,-1853.83,1474.61,-994.169,-3426.28,-6320.49,-6320.49,-9748.73,-11315.8,-11948.9,-22750.4,11586.2,-7849.73,9748.73,-1791.67,-7833.37,-11394,-6680.61,-6678.21,1791.67,11315.8,11948.9,-4731,-4786.46,-3270.05,-3797.55,-3062.84,-4419.1,-2734.69,-2734.69,-456.687,-1664.41,2569.35,2900.02,-4612.05,11315.8,11315.8,11948.9,11948.9,1808.04,1808.04,-160.565,-611.616,-1304.34,-1304.34,-5876.54,-5876.54,6195.29,6195.29,-3115.97,-286.42,-3161.18,4104.13,-16160.2,20088.6,22353.7,-12492.7,3161.18,-5406.1,-3237.39,4044.12,-126.119,-126.119,-2011.3,-2011.3,964.124,-813.303,4686.58,848.851,-448.491,-448.491,-3667.39,-1192.9,-5256.64,-3222.05,-387.317,-387.317,-672.072,-672.328,-3166.95,-3166.95,-3590.75,-2008.94,-2847.48,-2071.75,-1659.83,-377.553,-377.553,-80.523,-89.4071,0,1000.95,1112.74,0,-149.933,-1389.13,-1389.13,204.084,-1270.03,590.083,593.154,58.9348,438.802,427.747,-2660.03,3491.94,7649.8,1572.1,703.047,703.047,-165.586,-2723.87,-2723.87,-1414.75,-1404.55,7.17595e-11,0,-478.884,-478.884,0,-1.31527e-09,0,-2072.01,0,1382.9,0,-1.44987e-11,-8.17989e-12,1755.17,1438.83,1438.83,0,358.441,358.441,5.35229e-10,0,-2795.56,-4124.69,-4124.69,-4124.69,-4216.91,0,0,0,-1048.65,-1048.65,-1048.65,0,979.573,261.229,261.229,40.0662,6.58552e-10,20.0335,20.0335,-1.48505e-09,1.61885e-10,6.18058e-10,1.63199e-10,-98.2805,-97.5516,-247.833,0,-1.98626e-10,0,5091.75,5091.75,5091.75,0,0,0,0,3.68946e-11,2.02235e-10,-4575.84,-4575.84,1.43295e-10,9626.57,1449.24,2119.07,0,-4.76898e-10,1547.2,4344.87,8.39672e-10,31448.9,16757.2,4296.97,4155.29,-75.1419,-4916.55,-4916.55,1.41547e-10,128027,-1688.86,8.69102e-10,-3.31853e-10,-1377.42,-2213.88,-5469.37,7.28345e-10,-2.21157e-10,7.40126e-10,-477.177,-1.07895e-10,7.02098e-10,8.93726e-10,-8230.84,-8.77671e-10,-7833.37,1.82869e-09,-888.125,-4452.07,2.34795e-10,-3028.48,-1.10841e-09,-3333.43,6889.44,-5.88694e-10,-1.3838e-10,4313.23,4313.23,-3.30639e-10,272.07,272.07,1.24708e-09,-1099.96,0,4.11208e-10,3945.88,10295.5,0,0
2020-08-03 18:00:00 UTC,4264.96,1203.34,-3719.79,45.9851,45.9851,1332.94,-1136.03,-1262.24,1824.91,1824.91,-3289.93,-2998.92,10650.8,-2.14137,-1711.61,-2099.14,-4888.62,-1546.88,8554.25,1247.27,797.037,4473.28,4473.28,3737.55,4827.45,1409.07,889.235,-633.187,-88.2522,-3016.11,1067.26,1067.26,2560.31,1492.57,1492.57,8694.42,-5772.97,-5791.34,18648.9,18648.9,-6392.31,-11041.8,-5035.83,-3107.43,-8402.67,11290.8,16593.7,16715.9,17666.2,-496.459,2859.7,2859.7,-513.6,661.486,1574.78,-363.199,-363.199,4973.81,-1657.29,-985.514,-2765.08,3736.27,4027.87,-1780.14,-1780.14,442.007,359.892,-400.937,-400.937,-469.767,-3755.31,2824.37,-1407.46,-1407.46,0.668531,0.668531,-18.1647,-8.22204,-44.7218,157.313,363.959,-245.982,16.911,15.7715,3.62567,74.0325,67.8645,-733.408,-733.408,-181.103,-181.103,-179.323,-179.323,1448.96,1448.96,1448.96,-541.546,-541.546,-127.674,441.523,144.638,144.638,-316.21,-316.21,573.875,256.977,3107.43,22.2566,22.2566,2720.76,2720.76,2720.76,-7729.12,2107.12,2107.12,2147.73,2147.73,-30.569,-695.764,-695.764,-17.9339,-17.9339,8832.47,8832.47,-8013.57,-8013.57,0,297.074,3538.54,1383.52,-3206.86,-3206.86,2860.44,-15694.5,-6876.4,2901.05,8840.35,8840.35,-2154.18,-2154.18,7584.11,7584.11,-878.323,-1869.4,-13112.9,-3069.72,-3719.31,-3719.31,2289.45,2289.45,2289.45,-6279.21,-6279.21,7566.29,2.77839e-11,2.77839e-11,-2740.2,5498.04,5498.04,-7925.14,2911.29,-2286.69,0,-5191.45,-1880.65,7806.54,5572.77,5572.77,726.381,-265.194,79.5612,5133.34,5133.34,3934.33,-1879,-1879,-18966.1,12553.1,18966.1,-16628,-16750.7,-17701.6,24627.5,-4737.08,4465.7,-16593.7,-16715.9,-17666.2,17694.6,10239.2,7673.63,-201.141,-21348.5,-4391.97,-17801.4,-43443.1,-23832.4,-23832.4,-2705,16028.3,-1630.22,-2602.14,-1124.28,1415.09,-1481.95,1623.69,1333.24,1466.03,-1435.02,-1468.28,-1442.95,1522.18,-636.628,-636.628,1428.28,-6368.26,-6368.26,14958.2,-1957.84,-1943.97,1550.45,-1018.29,-3556.61,-6739.53,-6739.53,-10154.6,-11640.8,-12292.1,-23333.4,11681,-8313.81,10154.6,-1727.93,-8295.46,-11666.7,-6840.54,-6838.09,1727.93,11640.8,12292.1,-4807.51,-4863.87,-3339.48,-3878.21,-3084.56,-4670.43,-2787.31,-2787.31,-436.248,-1811.18,2618.8,2955.83,-4710.9,11640.8,11640.8,12292.1,12292.1,1834.18,1834.18,-170.66,-649.184,-1303.43,-1303.43,-5941.73,-5941.73,6370.21,6370.21,-3412.67,-359.89,-3186.05,4185.75,-16340.3,20588.5,22917,-12591.6,3186.05,-5757.92,-3427.04,4216.54,-119.226,-119.226,-2198.32,-2198.32,1089.67,-892.489,5070.27,929.209,-525.233,-525.233,-3965.13,-1279.21,-5725.21,-3443.75,-432.939,-432.939,-753.644,-753.931,-3326.72,-3326.72,-3797.45,-2147.65,-3039.04,-2269.72,-1904.63,-410.869,-410.869,-126.75,-141.152,0,1007.41,1120.07,0,-201.782,-1398.91,-1398.91,284.254,-1511,606.562,609.716,107.276,374.884,365.228,-2825.78,3505.6,7588.24,1600.22,726.924,726.924,-146.008,-2731.75,-2731.75,-1443.27,-1432.87,1.3746e-09,0,-289.722,-289.722,0,-3.21667e-10,0,-2093.32,0,1407.38,0,-5.17835e-10,9.57822e-10,1772.74,1508.87,1508.87,0,360.72,360.72,6.71718e-10,0,-3106.79,-4559.31,-4559.31,-4559.31,-4504.21,0,0,0,-1168.08,-1168.08,-1168.08,0,911.813,217.097,217.097,-1.33706,-1.82585e-10,-0.66853,-0.66853,-1.57333e-09,-3.89303e-10,-8.26106e-10,9.91155e-10,-91.1683,-90.4927,-261.069,0,-1.75181e-10,0,5398.27,5398.27,5398.27,0,0,0,0,1.90947e-10,-4.39189e-10,-4794.85,-4794.85,4.27904e-10,10389.8,1552.59,2270.17,0,-1.3208e-10,1603.61,4637.02,7.03412e-10,33344.6,17658,4432.43,4283.36,-79.5612,-5161.06,-5161.06,3.17008e-10,136302,-1838.07,3.27868e-11,-5.95839e-11,-1403.93,-2256.48,-5574.62,-3.58477e-11,-1.57204e-09,9.17535e-10,-451.154,-9.06245e-10,5.47668e-10,-1.41057e-10,-8234.94,-6.95884e-10,-8295.46,3.96696e-10,-871.881,-4832.71,3.87995e-10,-3263.44,1.36392e-09,-3503.22,7408.88,-8.58561e-10,-4.12509e-10,4514.51,4514.51,9.5999e-10,341.177,341.177,6.26266e-10,-1332.94,0,1.27012e-09,4102.14,10873.4,0,0
2020-08-03 19:00:00 UTC,4227.76,1183.73,-3442.42,-140.963,-140.963,1524.8,-1003.01,-1102.24,1705.18,1705.18,-3423.03,-3198.89,10951.1,-12.0643,-1839.37,-2092.1,-5080.04,-1607.46,8848.78,1301.46,1034.39,4705.37,4705.37,3826.2,4819.99,1408.95,915.181,-659.123,-51.3859,-3115.69,1103.25,1103.25,2654.58,1550.8,1550.8,9037.84,-6194.52,-6214.23,19741.4,19741.4,-6853.28,-11640.3,-5201.94,-3209.95,-9000.18,12091.9,17643,17772.8,18783.4,-546.328,3035.92,3035.92,-531.076,709.414,1771.2,-341.225,-341.225,5325.36,-1683.38,-1052.25,-2891.72,4011.27,4324.25,-1840.11,-1840.11,405.794,259.329,-332.553,-332.553,-428.255,-3841.26,2928.41,-1459.12,-1459.12,20.4893,20.4893,-17.0986,-5.94766,-47.7377,167.625,395.586,-262.922,18.1501,16.9272,5.45821,79.6565,79.5816,-767.9,-767.9,-204.261,-204.261,-202.248,-202.248,1516.72,1516.72,1516.72,-587.99,-587.99,-124.004,475.299,143.685,143.685,-341.798,-341.798,576.952,272.488,3209.95,24.6901,24.6901,2848.53,2848.53,2848.53,-8101.67,2199.43,2199.43,2249.78,2249.78,-33.913,-735.871,-735.871,-39.2617,-39.2617,9235.71,9235.71,-8339.97,-8339.97,0,305.306,3688.04,1429.81,-3332.32,-3332.32,2991.15,-16454.1,-7209.12,3041.51,9252.96,9252.96,-2257.31,-2257.31,7939.21,7939.21,-926.069,-1950.99,-13921.7,-2939.76,-3903.3,-3903.3,2404.22,2404.22,2404.22,-6642.57,-6642.57,7917.1,-4.15551e-11,-4.15551e-11,-2882.23,5816.18,5816.18,-8386.42,3107.55,-2411.47,0,-5511.54,-1944.72,8309.85,5898.01,5898.01,762.093,-263.366,82.4964,5298.87,5298.87,4183.24,-1995.75,-1995.75,-20156.4,13411.1,20156.4,-17681.7,-17812.2,-18823.4,26268.4,-5024.81,4729.9,-17643,-17772.8,-18783.4,18722,10925.3,8425.51,-38.6433,-21863.7,-4620.31,-18279.2,-44527.8,-24413.9,-24413.9,-2733.23,16858.6,-1713.36,-2618.31,-1153.13,1464.17,-1529.9,1683.28,1376.6,1514.47,-1464.33,-1498.28,-1472.42,1574.26,-680.646,-680.646,1478.08,-6602.68,-6602.68,15597,-2099.51,-2008.15,1604.57,-1036.2,-3652.42,-7055.52,-7055.52,-10425.5,-11848.8,-12511.7,-23700,11687.1,-8630.56,10425.5,-1676.95,-8610.78,-11834.7,-6939.01,-6936.52,1676.95,11848.8,12511.7,-4844.53,-4901.33,-3387.92,-3934.49,-3091.07,-4838.17,-2813.98,-2813.98,-422.353,-1910.78,2643.86,2984.11,-4787.08,11848.8,11848.8,12511.7,12511.7,1854.79,1854.79,-177.094,-673.2,-1305.6,-1305.6,-5996,-5996,6500.91,6500.91,-3608.53,-407.679,-3205.69,4248.65,-16473.2,20896.4,23268.1,-12668.7,3205.69,-5995.71,-3547.94,4331.87,-107.026,-107.026,-2332.95,-2332.95,1179.91,-947.343,5316.9,980.345,-582.882,-582.882,-4157.08,-1331.22,-6026.28,-3578.58,-468.821,-468.821,-814.991,-815.3,-3437.28,-3437.28,-3942.34,-2246.35,-3177.01,-2415.12,-2089.76,-435.148,-435.148,-166.82,-186.013,0,1006.53,1119.29,0,-245.449,-1396.08,-1396.08,353.365,-1709.39,614.668,617.861,149.731,313.091,304.812,-2920.22,3389.82,7485.48,1618.54,742.333,742.333,-133.545,-2703.39,-2703.39,-1460.8,-1450.26,-9.23556e-10,0,-109.266,-109.266,0,-9.6773e-10,0,-2095.55,0,1407.26,0,5.41585e-10,3.15186e-10,1757.3,1558.72,1558.72,0,355.254,355.254,-1.2602e-09,0,-3349.86,-4905.46,-4905.46,-4905.46,-4717.77,0,0,0,-1253.84,-1253.84,-1253.84,0,834.082,171.692,171.692,-40.9787,-3.82283e-11,-20.4889,-20.4889,-1.0911e-09,9.11813e-10,-1.84818e-10,-1.02903e-10,-83.1991,-82.5832,-265.512,2.08828e-10,6.7471e-11,0,5625.02,5625.02,5625.02,0,0,0,0,2.28217e-10,-8.91472e-10,-4946.77,-4946.77,6.77897e-10,10976.6,1627.86,2380.22,0,1.40822e-10,1641.3,4857.15,-9.67061e-10,34754.3,18301.6,4531.35,4364.53,-82.4964,-5329.17,-5329.17,-4.99997e-10,142531,-1939.35,2.21418e-10,-6.09773e-10,-1417.36,-2278.07,-5627.97,-3.33489e-10,3.70083e-10,-1.81144e-10,-433.639,-1.02435e-09,8.92749e-10,4.92668e-10,-8247.02,1.80627e-10,-8610.78,-1.10595e-09,-858.969,-5081.67,3.8374e-10,-3425.73,1.58563e-09,-3598.01,7735.66,5.82199e-10,-7.72592e-11,4655.37,4655.37,7.87456e-10,396.823,396.823,-8.06391e-10,-1524.8,0,-2.21793e-10,4210.76,11294.5,0,0
2020-08-03 20:00:00 UTC,4143,1151.72,-3070.37,-317.092,-317.092,1666.28,-824.895,-890.779,1569.09,1569.09,-3501.06,-3349.76,11096.6,-19.4067,-1939.3,-2059.88,-5203.47,-1646.53,9014.18,1335.38,1223.19,4879.41,4879.41,3875.01,4757.34,1392.94,933.521,-677.454,-12.6095,-3184.95,1126.47,1126.47,2707.8,1580.79,1580.79,9260.86,-6486.61,-6507.24,20466.1,20466.1,-7175.6,-12033,-5291.36,-3265.14,-9422.38,12719.4,18350.1,18485.1,19536.3,-580.472,3155.77,3155.77,-539.129,742.096,1914.99,-320.602,-320.602,5566.04,-1690.35,-1097.38,-2966.25,4202.56,4530.4,-1869.55,-1869.55,371.782,172.384,-272.077,-272.077,-389.582,-3876.11,2984.17,-1486.81,-1486.81,36.848,36.848,-16.169,-4.13554,-49.833,174.746,417.28,-273.853,18.4487,17.2056,6.2495,82.9853,88.3002,-790.263,-790.263,-221.245,-221.245,-219.061,-219.061,1561.16,1561.16,1561.16,-624.829,-624.829,-120.258,497.81,141.812,141.812,-359.055,-359.055,571.278,282.425,3265.14,25.7216,25.7216,2928.52,2928.52,2928.52,-8342.78,2253.6,2253.6,2314.16,2314.16,-35.331,-761.006,-761.006,-50.7084,-50.7084,9491.27,9491.27,-8547.81,-8547.81,0,311.307,3784.91,1461.14,-3412.39,-3412.39,3074.32,-16947.5,-7425.26,3134.88,9513.55,9513.55,-2322.8,-2322.8,8163.2,8163.2,-952.935,-2001.39,-14477.6,-2828.25,-4025.11,-4025.11,2484.5,2484.5,2484.5,-6892.62,-6892.62,8136.6,-2.03419e-10,-2.03419e-10,-2980.18,6031.98,6031.98,-8700.12,3250.78,-2485.3,0,-5727.9,-1977.8,8666.75,6117.51,6117.51,784.11,-264.916,81.4973,5393.12,5393.12,4350.95,-2074.64,-2074.64,-20958.9,14003.8,20958.9,-18392,-18527.7,-19579.5,27393.7,-5216.57,4906.55,-18350.1,-18485.1,-19536.3,19421.3,11399.8,8959.64,88.546,-22139,-4774.27,-18546.3,-45116.5,-24726.8,-24726.8,-2735.69,17411.6,-1768.55,-2611.93,-1168.33,1495.59,-1558.21,1720.2,1402.55,1543.51,-1478.84,-1513.14,-1487.01,1605.67,-712.251,-712.251,1508.2,-6745.19,-6745.19,16002.4,-2199.78,-2051.55,1637.33,-1043.4,-3706.26,-7263.65,-7263.65,-10564.6,-11943.8,-12612.1,-23861.8,11617.8,-8802.89,10564.6,-1639.64,-8782.32,-11900.9,-6977.81,-6975.32,1639.64,11943.8,12612.1,-4853.64,-4910.55,-3406.66,-3956.26,-3083.07,-4923.24,-2823.45,-2823.45,-409.325,-1969.27,2652.75,2994.15,-4822.84,11943.8,11943.8,12612.1,12612.1,1861.68,1861.68,-181.21,-688.518,-1299.41,-1299.41,-6007.22,-6007.22,6562,6562,-3713.85,-433.882,-3214.43,4273.24,-16536.4,21009.5,23414.4,-12707.3,3214.43,-6115.5,-3594.56,4387.97,-86.5401,-86.5401,-2414.66,-2414.66,1234.48,-976.847,5432.86,1000.43,-618.883,-618.883,-4212.12,-1349.58,-6085.38,-3597.89,-497.248,-497.248,-857.459,-857.784,-3497.33,-3497.33,-4023.47,-2303.51,-3258.61,-2510.34,-2204.46,-450.938,-450.938,-198.662,-221.667,0,1012.45,1126.14,0,-280.79,-1390.65,-1390.65,408.812,-1857.09,616.185,619.384,183.182,258.054,251.011,-2910.24,3167.9,7355.89,1622.29,749.062,749.062,-123.861,-2645.12,-2645.12,-1481.12,-1470.44,1.17493e-10,0,62.0021,62.0021,0,-1.11136e-10,0,-2070.22,0,1391.29,0,-3.81051e-10,-7.30342e-10,1720.28,1593.39,1593.39,0,345.032,345.032,9.501e-11,0,-3511.93,-5146.43,-5146.43,-5146.43,-4858.23,0,0,0,-1292.87,-1292.87,-1292.87,0,761.392,132.007,132.007,-73.696,7.7878e-10,-36.8465,-36.8465,2.06901e-10,-4.23269e-10,2.7438e-10,-1.04994e-10,-75.9358,-75.3742,-263.494,0,-5.71645e-11,0,5773.48,5773.48,5773.48,0,0,0,0,-6.1092e-12,3.03116e-11,-5031.21,-5031.21,-6.69138e-10,11358.1,1670.79,2442.99,0,1.14234e-09,1654.4,5000.52,3.74162e-10,35644.8,18697.7,4581.55,4403.46,-81.4973,-5424.8,-5424.8,-5.246e-10,146503,-1998.76,8.29072e-11,1.21162e-09,-1422.12,-2285.73,-5646.9,-1.13913e-10,7.62196e-10,5.91325e-10,-426.778,1.63372e-10,-6.71234e-10,-2.37871e-10,-8256.83,-1.45131e-10,-8782.32,2.22972e-10,-851.773,-5195.39,2.90929e-10,-3523.34,-8.71064e-10,-3603.13,7810.01,1.11675e-10,2.18401e-10,4731.77,4731.77,-2.51318e-12,436.273,436.273,7.05644e-11,-1666.28,0,-8.80045e-10,4270.73,11545.3,0,0
2020-08-03 21:00:00 UTC,4137.99,1145.43,-2901.12,-395.016,-395.016,1762.54,-730.202,-776.725,1502.18,1502.18,-3583.73,-3450.09,11273.6,-55.3312,-2000.9,-2084.2,-5292.38,-1674.67,9199.01,1367.89,1348.49,5010,5010,3940.84,4736.04,1389.28,953.697,-697.622,18.9084,-3262.13,1150.45,1150.45,2753.76,1602.75,1602.75,9469.7,-6671.03,-6692.24,20962.5,20962.5,-7390.55,-12294.6,-5384.01,-3322.32,-9721.05,13246.4,18798.5,18936.8,20013.7,-592.465,3237.33,3237.33,-551.062,760.163,1959.2,-328.157,-328.157,5704.31,-1737.85,-1130.91,-3024.75,4308.65,4644.74,-1894.55,-1894.55,372.919,160.018,-266.462,-266.462,-390.231,-3935.76,3027.46,-1508.29,-1508.29,40.0728,40.0728,-16.7225,-4.40955,-51.1408,179.28,425.698,-278.941,18.3556,17.1188,5.91801,84.2328,90.1647,-809.935,-809.935,-226.402,-226.402,-224.165,-224.165,1603.28,1603.28,1603.28,-654.884,-654.884,-122.193,507.44,143.93,143.93,-366.113,-366.113,568.969,287.767,3322.32,25.1881,25.1881,2977.87,2977.87,2977.87,-8503.83,2280.78,2280.78,2355.4,2355.4,-34.598,-776.882,-776.882,-51.443,-51.443,9661.97,9661.97,-8691.95,-8691.95,0,317.943,3854.97,1487.07,-3468.6,-3468.6,3129.23,-17273.9,-7568.23,3203.85,9684.58,9684.58,-2366.9,-2366.9,8310.06,8310.06,-964.102,-2032.19,-14844.1,-2777.8,-4110.3,-4110.3,2543.57,2543.57,2543.57,-7060.83,-7060.83,8277.29,2.09324e-11,2.09324e-11,-3049.19,6174.94,6174.94,-8908.51,3348.9,-2527.48,0,-5867.7,-1999.66,8907.52,6261.41,6261.41,796.001,-272.681,88.1207,5465.84,5465.84,4458.06,-2125.76,-2125.76,-21473.8,14386.5,21473.8,-18842.5,-18981.4,-20059.1,28119.1,-5340.14,5022.64,-18798.5,-18936.8,-20013.7,19884.8,11707.8,9294.76,161.572,-22357.2,-4877.5,-18749.9,-45567.9,-24967.2,-24967.2,-2745.96,17780.4,-1801.74,-2617.34,-1175.94,1523.62,-1579.36,1746.09,1422.25,1565.23,-1489.93,-1524.49,-1498.16,1628.51,-731.84,-731.84,1529.73,-6849.05,-6849.05,16282.3,-2260.12,-2088.33,1660.72,-1045.54,-3744.06,-7404.1,-7404.1,-10680.1,-12023.4,-12696.1,-23998.8,11601.9,-8943.87,10680.1,-1609.27,-8922.63,-11954.5,-7009.26,-7006.75,1609.27,12023.4,12696.1,-4858.74,-4915.71,-3420.6,-3972.45,-3076.46,-4999.05,-2829.39,-2829.39,-399.899,-2016.66,2658.33,3000.45,-4851.4,12023.4,12023.4,12696.1,12696.1,1864.44,1864.44,-185.313,-703.783,-1289.85,-1289.85,-6004.65,-6004.65,6608.08,6608.08,-3810.54,-458.606,-3209.12,4288.03,-16510.7,21096.1,23535.9,-12697.2,3209.12,-6208.42,-3636.07,4435.89,-76.154,-76.154,-2471.87,-2471.87,1275.69,-998.571,5538.74,1019.36,-645.803,-645.803,-4279.59,-1366.49,-6183.32,-3638.68,-514.845,-514.845,-886.008,-886.345,-3545.42,-3545.42,-4085.91,-2345.62,-3319.34,-2571.88,-2285.05,-461.065,-461.065,-220.239,-245.829,0,1009.65,1123.18,0,-304.084,-1382.13,-1382.13,445.915,-1959.62,618.604,621.814,206.134,222.759,216.515,-2931.88,3089.16,7295.67,1630.58,754.63,754.63,-121.022,-2639.47,-2639.47,-1525.89,-1514.88,6.65656e-11,0,137.342,137.342,0,-2.05018e-10,0,-2129.95,0,1387.64,0,-4.68497e-10,6.89973e-11,1696.7,1632.02,1632.02,0,339.357,339.357,3.06992e-10,0,-3585.13,-5274.64,-5274.64,-5274.64,-4989.11,0,0,0,-1288.4,-1288.4,-1288.4,0,763.177,127.282,127.282,-80.1456,6.74318e-10,-40.071,-40.071,4.84009e-10,-1.27452e-09,1.17631e-09,-4.22212e-10,-76.0753,-75.5127,-255.1,0,-1.88745e-10,0,5879.05,5879.05,5879.05,0,0,0,0,-2.01212e-11,4.07129e-10,-5095.77,-5095.77,-1.45585e-10,11600.1,1690.06,2471.16,0,-2.5369e-10,1657.83,5097.11,3.41121e-11,36250.7,18975.9,4614.06,4434.13,-88.1207,-5498.01,-5498.01,-3.51401e-10,149156,-2046.39,3.5896e-10,1.13089e-09,-1425.12,-2290.54,-5658.78,-2.4831e-10,-9.85526e-10,3.4017e-10,-421.294,-1.06106e-09,3.61263e-10,-8.46005e-10,-8265.18,-8.24445e-10,-8922.63,-9.03975e-10,-847.285,-5300.41,7.04646e-10,-3611.06,-6.06498e-10,-3624.6,7918.27,5.31077e-10,4.84591e-10,4789.63,4789.63,8.11817e-10,460.741,460.741,1.24663e-09,-1762.54,0,1.19775e-09,4314.91,11717.1,0,0
2020-08-03 22:00:00 UTC,4198.8,1161.22,-2952.29,-377.054,-377.054,1814.34,-735.951,-776.859,1495.69,1495.69,-3655.03,-3491.63,11445.2,-107.914,-2020.58,-2148.49,-5336.22,-1688.55,9366.31,1393.86,1411.74,5090.8,5090.8,4006.1,4739.44,1392.44,971.973,-715.888,42.2875,-3332.5,1170.57,1170.57,2783.99,1612.85,1612.85,9630.08,-6756.42,-6777.9,21230.7,21230.7,-7504.16,-12426.9,-5464.58,-3372.05,-9898.77,13620.9,19004.9,19144.7,20233.4,-587.136,3281.33,3281.33,-563.803,765.528,1927.65,-353.957,-353.957,5752.31,-1808.81,-1154.16,-3061.3,4341.17,4679.78,-1907.87,-1907.87,397.57,198.934,-298.244,-298.244,-417.243,-4003.04,3058.24,-1523.58,-1523.58,34.1929,34.1929,-18.2368,-6.10128,-51.7151,181.414,424.333,-279.891,18.3462,17.1101,5.20296,84.2629,87.0085,-825.9,-825.9,-222.579,-222.579,-220.379,-220.379,1638.22,1638.22,1638.22,-676.517,-676.517,-128.069,507.725,148.587,148.587,-365.726,-365.726,570.243,289.719,3372.05,23.0866,23.0866,2995.38,2995.38,2995.38,-8578.85,2284.1,2284.1,2369.67,2369.67,-31.712,-780.319,-780.319,-48.949,-48.949,9730.42,9730.42,-8755.48,-8755.48,0,320.543,3888.66,1504.89,-3494.93,-3494.93,3156.98,-17420.1,-7632.26,3242.56,9751.92,9751.92,-2382.76,-2382.76,8365.2,8365.2,-961.101,-2041.5,-15018.5,-2763.19,-4154.94,-4154.94,2577.23,2577.23,2577.23,-7142.7,-7142.7,8327.62,-2.42193e-10,-2.42193e-10,-3088.69,6243.94,6243.94,-9012.84,3400.71,-2540.98,0,-5932.76,-2008.16,9027.42,6327.41,6327.41,796.992,-284.004,93.173,5507.98,5507.98,4507.52,-2150,-2150,-21713.7,14568.2,21713.7,-19049.9,-19190.4,-20279.8,28461.6,-5397.19,5078.09,-19004.9,-19144.7,-20233.4,20106.2,11852.4,9457.34,199.981,-22458.9,-4924.49,-18846,-45774.5,-25079.3,-25079.3,-2753.92,17939.9,-1807.01,-2624.87,-1177.01,1538.81,-1590.09,1756.28,1432.23,1575.91,-1495.86,-1530.55,-1504.12,1638.99,-740.279,-740.279,1539.18,-6900.94,-6900.94,16405,-2276.6,-2113.17,1670.95,-1044.2,-3759.01,-7464.83,-7464.83,-10756.6,-12056.3,-12730.8,-24038.8,11599.6,-9055.14,10756.6,-1570.46,-9033.37,-11961.1,-7013.11,-7010.6,1570.46,12056.3,12730.8,-4845.31,-4902.12,-3420.55,-3972.39,-3049.38,-5064.16,-2827.18,-2827.18,-380.207,-2054.59,2656.26,2998.1,-4853.15,12056.3,12056.3,12730.8,12730.8,1859.22,1859.22,-188.204,-714.418,-1275.52,-1275.52,-5977.12,-5977.12,6635.03,6635.03,-3905.89,-486.376,-3172.92,4287.84,-16383.5,21105.1,23559.9,-12546.9,3172.92,-6276.52,-3675.99,4472.66,-78.1006,-78.1006,-2507.52,-2507.52,1311.14,-1014.97,5644.26,1041.07,-670.086,-670.086,-4383.77,-1385.65,-6366.23,-3718.83,-521.324,-521.324,-901.363,-901.705,-3580.38,-3580.38,-4129.18,-2373.16,-3359.2,-2603.6,-2340.2,-466.025,-466.025,-231.83,-258.812,0,994.289,1106.12,0,-316.183,-1366.03,-1366.03,464.888,-2018.76,622.062,625.289,218.643,207.137,201.254,-3000.83,3257.86,7266.05,1640.54,757.118,757.118,-125.99,-2677.71,-2677.71,-1577.35,-1565.97,-3.39547e-10,0,118.687,118.687,0,-2.01052e-10,0,-2246.34,0,1390.79,0,1.35643e-10,-1.00055e-09,1684.61,1667.25,1667.25,0,336.801,336.801,1.41858e-09,0,-3584.4,-5307.17,-5307.17,-5307.17,-5096.08,0,0,0,-1260.69,-1260.69,-1260.69,0,814.844,146.547,146.547,-68.3858,1.7577e-10,-34.1916,-34.1916,-1.47182e-10,-1.03386e-09,8.78007e-10,2.19092e-09,-81.2048,-80.604,-241.916,0,-2.27941e-10,0,5932.42,5932.42,5932.42,0,0,0,0,-2.13805e-10,1.15737e-10,-5134.87,-5134.87,8.42387e-10,11709,1693.79,2476.61,0,1.3583e-10,1654.45,5143.12,8.01841e-11,36516.7,19111.1,4624.37,4452.2,-93.173,-5539.18,-5539.18,1.92918e-10,150252,-2083.8,-2.83402e-10,1.53081e-10,-1424,-2288.75,-5654.36,-5.00791e-10,-5.5541e-10,2.57905e-10,-406.943,-2.36578e-10,-7.54185e-10,7.51283e-10,-8085.61,-8.79917e-10,-9033.37,5.12369e-10,-837.813,-5412.17,6.49988e-10,-3690.7,1.15005e-09,-3668.98,8102.6,-2.32474e-10,5.62339e-10,4826.28,4826.28,5.74799e-10,473.767,473.767,-1.17115e-09,-1814.34,0,7.61344e-10,4342.2,11803.1,0,0
2020-08-03 23:00:00 UTC,4167.62,1152.38,-2878.48,-343.928,-343.928,1769.57,-692.258,-725.948,1463.48,1463.48,-3631.85,-3442.95,11336.8,-151.378,-1988.08,-2165.95,-5257.26,-1663.56,9295.38,1382.77,1379.49,5049.41,5049.41,3986.75,4696.23,1380.44,969.368,-713.285,48.1786,-3321.65,1162.25,1162.25,2744.1,1581.29,1581.29,9544.68,-6625.03,-6646.09,20873.1,20873.1,-7374.65,-12217.4,-5408.14,-3337.22,-9752.23,13510.6,18643.2,18780.4,19848.4,-562.686,3226.95,3226.95,-560.628,747.373,1830.57,-373.037,-373.037,5624.14,-1830,-1140.06,-3020.82,4239.99,4570.74,-1881.47,-1881.47,418.517,246.697,-332.598,-332.598,-440.817,-3974.83,3008.57,-1498.92,-1498.92,25.1817,25.1817,-19.3738,-7.82827,-50.7164,178.067,410.549,-273.325,17.7969,16.5977,4.0557,81.9187,80.6363,-819.736,-819.736,-211.137,-211.137,-209.05,-209.05,1625.8,1625.8,1625.8,-671.782,-671.782,-132.5,493.841,150.788,150.788,-354.923,-354.923,565.63,284.244,3337.22,19.3331,19.3331,2943.16,2943.16,2943.16,-8456.24,2234.8,2234.8,2329.14,2329.14,-26.556,-763.46,-763.46,-36.9375,-36.9375,9584.69,9584.69,-8641.8,-8641.8,0,318.418,3842.78,1495.57,-3452.5,-3452.5,3115.95,-17157.2,-7517.09,3210.3,9600.92,9600.92,-2346.22,-2346.22,8232.26,8232.26,-936.057,-2008.4,-14765,-2796.05,-4103.19,-4103.19,2548.73,2548.73,2548.73,-7032.13,-7032.13,8190.83,7.81661e-12,7.81661e-12,-3056.34,6148.02,6148.02,-8874.65,3355.53,-2479.76,0,-5826.66,-1974.09,8887.49,6224.48,6224.48,779.991,-292.931,86.4246,5441.89,5441.89,4423.77,-2111.2,-2111.2,-21315,14300.1,21315,-18686.5,-18824.3,-19893,27937.9,-5301.27,4991.41,-18643.2,-18780.4,-19848.4,19777.4,11636.9,9240.13,158.632,-22245.6,-4847.47,-18655.7,-45323,-24838,-24838,-2737.56,17653,-1765.09,-2614.5,-1158.51,1541.17,-1572.52,1732.12,1416.36,1557.93,-1484.23,-1518.65,-1492.43,1619.03,-726.647,-726.647,1519.75,-6820.45,-6820.45,16172.4,-2218.14,-2099.76,1649.8,-1026.36,-3725.09,-7353.56,-7353.56,-10634.2,-11962.1,-12631.3,-23878,11558.7,-8906.78,10634.2,-1593.27,-8885.72,-11877.2,-6963.92,-6961.43,1593.27,11962.1,12631.3,-4821.58,-4878.12,-3403,-3952.01,-3039.78,-4977.56,-2811.73,-2811.73,-383.676,-2010.84,2641.74,2981.72,-4835.67,11962.1,11962.1,12631.3,12631.3,1854.37,1854.37,-185.437,-704.227,-1276.06,-1276.06,-5965.42,-5965.42,6594.94,6594.94,-3797.12,-457.165,-3141.07,4270.23,-16295,20935.6,23390.8,-12401.2,3141.07,-6153.97,-3600.33,4414.46,-70.6435,-70.6435,-2450.71,-2450.71,1271.36,-988.339,5488.56,1004.67,-649.82,-649.82,-4257.22,-1346.98,-6143.87,-3612.24,-512.565,-512.565,-879.406,-879.739,-3530.69,-3530.69,-4065.55,-2330.94,-3303.63,-2545.71,-2271.29,-455.976,-455.976,-225.989,-252.285,0,989.394,1100.76,0,-308.996,-1349.86,-1349.86,454.566,-1977.5,612.605,615.784,212.8,207.32,201.454,-2907.15,3180.05,7263.15,1638.91,750.42,750.42,-137.726,-2657.73,-2657.73,-1602.62,-1591.06,-8.88709e-11,0,85.37,85.37,0,3.63604e-10,0,-2307.18,0,1378.82,0,1.53662e-10,-1.29666e-10,1664.98,1661.82,1661.82,0,332.553,332.553,1.89251e-09,0,-3477.33,-5175.27,-5175.27,-5175.27,-5055.48,0,0,0,-1205.42,-1205.42,-1205.42,0,859.369,168.837,168.837,-50.3634,4.08082e-10,-25.181,-25.181,8.66106e-10,2.29062e-10,-1.80309e-11,3.39936e-10,-85.9446,-85.3084,-222.855,1.42025e-10,2.57738e-10,0,5858.7,5858.7,5858.7,0,0,0,0,3.58281e-10,5.57797e-10,-5068.96,-5068.96,-7.92099e-11,11492.6,1644.74,2404.89,0,-2.48751e-10,1622.8,5065.88,2.07128e-11,36013.7,18878,4573.49,4419.89,-86.4246,-5470.84,-5470.84,-8.21138e-11,147999,-2038.56,7.86494e-10,-8.69741e-11,-1416.22,-2276.24,-5623.45,6.04404e-10,8.05208e-10,-3.86011e-10,-423.062,2.64489e-10,2.81192e-10,9.33355e-10,-7870.58,1.4378e-10,-8885.71,-2.64144e-10,-845.374,-5262.49,-1.90708e-09,-3620.79,-3.7036e-10,-3580.94,7869.46,-1.2259e-10,4.42897e-10,4760.27,4760.27,-3.14523e-12,456.578,456.578,-1.2566e-11,-1769.57,0,-6.5637e-10,4304.17,11659.9,0,0
2020-08-04 00:00:00 UTC,4096.42,1136.19,-2979.56,-212.355,-212.355,1622.67,-750.596,-800.752,1458.49,1458.49,-3507.94,-3251.74,10940.8,-205.947,-1865.47,-2166.58,-5003.48,-1583.23,8965.6,1331.01,1234.9,4828.71,4828.71,3860.84,4544.96,1337.44,943.493,-687.422,45.847,-3219.26,1122.09,1122.09,2625.68,1503.07,1503.07,9168.18,-6273.23,-6293.19,19894.8,19894.8,-7000.38,-11689.5,-5211.97,-3216.15,-9282.76,12934.2,17732.5,17863,18878.7,-519.563,3078.14,3078.14,-534.602,706.524,1688.35,-375.499,-375.499,5328.54,-1783.7,-1089.2,-2874.66,4017.83,4331.32,-1786.1,-1786.1,425.211,281.892,-353.541,-353.541,-449.191,-3844.33,2888.71,-1439.41,-1439.41,16.598,16.598,-19.7933,-9.12223,-48.2841,169.664,386.662,-260.041,16.8265,15.6928,2.83071,77.5728,72.5298,-791.001,-791.001,-194.549,-194.549,-192.628,-192.628,1565.18,1565.18,1565.18,-644.446,-644.446,-133.641,467.81,149.006,149.006,-335.389,-335.389,550.12,271.767,3216.15,14.0015,14.0015,2821.24,2821.24,2821.24,-8136.8,2132.26,2132.26,2234.22,2234.22,-19.232,-725.953,-725.953,-11.1562,-11.1562,9226.96,9226.96,-8357.46,-8357.46,0,313.277,3720.16,1461.81,-3344.33,-3344.33,3005.08,-16489,-7224.42,3107.05,9231.86,9231.86,-2257.43,-2257.43,7912,7912,-886.389,-1932.73,-14082.9,-2895.7,-3955.62,-3955.62,2460.12,2460.12,2460.12,-6728.63,-6728.63,7867.23,2.57444e-10,2.57444e-10,-2954.53,5887.58,5887.58,-8498.6,3207.72,-2351.79,0,-5551.7,-1906.69,8479.44,5952.61,5952.61,744.388,-302.497,80.4642,5274.51,5274.51,4209.48,-2011.09,-2011.09,-20291.9,13580.5,20291.9,-17771.6,-17902.7,-18919.1,26551.3,-5054.21,4765.75,-17732.5,-17863,-18878.7,18904,11058.3,8632.59,28.5513,-21752.3,-4647.55,-18205.5,-44299.1,-24289.7,-24289.7,-2699.74,16910.4,-1665.29,-2591.62,-1128.82,1522.07,-1529.86,1674.13,1377.16,1513.82,-1456.97,-1490.75,-1465.02,1570.82,-687.864,-687.864,1473.24,-6612.41,-6612.41,15578.5,-2072.99,-2052.45,1599.2,-1002.88,-3652.88,-7071.66,-7071.66,-10345.3,-11767,-12425.3,-23560.5,11519.3,-8537.15,10345.3,-1672.89,-8517.8,-11727.7,-6876.27,-6873.81,1672.89,11767,12425.3,-4789.45,-4845.61,-3376.31,-3920.99,-3036.54,-4782.42,-2787.85,-2787.85,-398.138,-1887.5,2619.31,2956.4,-4808.79,11767,11767,12425.3,12425.3,1854.84,1854.84,-177.718,-675.789,-1294.2,-1294.2,-5984.73,-5984.73,6522.58,6522.58,-3538.88,-385.635,-3139,4252.22,-16329.1,20631.1,23069,-12368.9,3139,-5879.55,-3459.23,4285.83,-81.8632,-81.8632,-2296.62,-2296.62,1158.42,-924.315,5166.54,938.952,-581.245,-581.245,-4025.45,-1273.7,-5794.86,-3448.37,-472.254,-472.254,-807.879,-808.186,-3410.19,-3410.19,-3907.94,-2223.77,-3160.14,-2371.93,-2086.88,-425.659,-425.659,-200.12,-223.354,0,952.092,1059.27,0,-278.111,-1294.01,-1294.01,407.533,-1826.71,593.495,596.577,186.533,234.434,228.021,-2794.28,3119.01,7313.56,1638.31,735.691,735.691,-166.493,-2614.11,-2614.11,-1569.88,-1558.56,-6.47477e-10,0,-41.0343,-41.0343,0,-1.09443e-09,0,-2362.62,0,1335.92,0,-2.13813e-09,1.14465e-10,1602.34,1610.56,1610.56,0,320.788,320.788,-5.11292e-10,0,-3255.42,-4894.84,-4894.84,-4894.84,-4865.22,0,0,0,-1116.31,-1116.31,-1116.31,0,874.439,183.981,183.981,-33.196,-1.22679e-09,-16.5977,-16.5977,-2.02976e-11,-3.92297e-10,7.34454e-10,9.65712e-10,-88.0087,-87.3569,-197.375,0,-5.48528e-11,0,5664.16,5664.16,5664.16,0,0,0,0,1.54831e-10,-8.61154e-10,-4911.98,-4911.98,5.53039e-10,10969.8,1558.54,2278.86,0,-1.74811e-10,1572.35,4872.06,1.08137e-10,34761.2,18294.6,4486.14,4344.27,-80.4642,-5299.71,-5299.71,3.59134e-10,142406,-1912.59,8.26313e-10,2.32613e-10,-1404.2,-2256.92,-5575.7,9.55735e-10,4.7157e-11,1.91973e-10,-458.392,2.50202e-10,-9.97919e-10,-3.80369e-10,-7759.1,-9.18139e-10,-8517.8,-2.44677e-10,-864.381,-4945,7.70712e-11,-3419.75,1.38825e-09,-3466.4,7473.82,1.01309e-09,8.29997e-10,4611.58,4611.58,4.05623e-10,399.63,399.63,1.19029e-09,-1622.67,0,-3.39438e-10,4214.52,11302.4,0,0
2020-08-04 01:00:00 UTC,3982.63,1111.26,-3158.32,-15.0405,-15.0405,1378.09,-862.576,-938.508,1491.54,1491.54,-3293.09,-2941.45,10290.3,-256.811,-1668.65,-2144.43,-4609.57,-1458.57,8408.61,1241.91,983.125,4448.76,4448.76,3644.78,4324.15,1273.92,896.487,-640.437,29.9522,-3034.3,1053.42,1053.42,2438.07,1384.21,1384.21,8535.03,-5702.42,-5720.58,18288.8,18288.8,-6385.81,-10800.3,-4886.84,-3015.49,-8500.61,11896.4,16238.4,16357.9,17287.9,-454.167,2829.91,2829.91,-496.644,640.813,1460.81,-379.047,-379.047,4847.33,-1706.4,-1005.32,-2642.9,3651.54,3936.55,-1638.12,-1638.12,436.941,343.8,-390.359,-390.359,-463.878,-3630.37,2696.47,-1343.93,-1343.93,1.78077,1.78077,-20.2807,-11.022,-44.2222,155.555,348.078,-238.475,15.8493,14.7814,1.69372,71.001,59.6384,-740.558,-740.558,-167.861,-167.861,-166.206,-166.206,1460.76,1460.76,1460.76,-593.091,-593.091,-133.933,425.603,145.234,145.234,-303.789,-303.789,526.732,251.058,3015.49,7.39102,7.39102,2623.19,2623.19,2623.19,-7582.56,1976.59,1976.59,2078.53,2078.53,-10.151,-666.448,-666.448,23.0882,23.0882,8618.33,8618.33,-7859.85,-7859.85,0,302.204,3499.42,1394.03,-3152.33,-3152.33,2809.63,-15350.6,-6725.73,2911.57,8608.19,8608.19,-2104.59,-2104.59,7374.33,7374.33,-807.901,-1804.9,-12932.9,-3016.43,-3690.47,-3690.47,2297.66,2297.66,2297.66,-6208.81,-6208.81,7329.58,1.05086e-10,1.05086e-10,-2768.73,5441.82,5441.82,-7857.44,2944.15,-2157.53,0,-5095.17,-1800.73,7775.02,5491.42,5491.42,687.628,-309.846,78.4441,4991.88,4991.88,3856.67,-1844.83,-1844.83,-18602.1,12382.6,18602.1,-16271.2,-16391.2,-17321.7,24248.8,-4645.89,4388.36,-16238.4,-16357.9,-17287.9,17428.1,10092.9,7642.24,-170.197,-20834.9,-4307.51,-17380.5,-42412.7,-23274.6,-23274.6,-2622.84,15651,-1502.28,-2538.13,-1081.71,1460.23,-1453.47,1573.35,1306.64,1434.94,-1403.77,-1436.3,-1411.52,1485.67,-622.009,-622.009,1391.66,-6245.64,-6245.64,14557.4,-1837.17,-1958.57,1510.49,-969.844,-3510.96,-6589.84,-6589.84,-9845.95,-11378.5,-12015.1,-22877.7,11375.5,-7952.12,9845.95,-1762.05,-7935.33,-11406.3,-6687.84,-6685.44,1762.05,11378.5,12015.1,-4690.8,-4745.79,-3306.78,-3840.2,-3010.91,-4472.33,-2719.28,-2719.28,-426.866,-1702.57,2554.88,2883.68,-4725.83,11378.5,11378.5,12015.1,12015.1,1836.79,1836.79,-165.11,-629.083,-1307.77,-1307.77,-5952.65,-5952.65,6351.27,6351.27,-3156.28,-286.102,-3126.45,4183.1,-16234.2,20031.7,22398.7,-12307.1,3126.45,-5446.34,-3235.57,4068.97,-98.8943,-98.8943,-2060.65,-2060.65,995.438,-827.354,4690.11,844.715,-481.113,-481.113,-3675.3,-1164.83,-5253.64,-3197.46,-410.914,-410.914,-700.33,-700.596,-3211.17,-3211.17,-3652.1,-2053.3,-2928.45,-2108.04,-1802.34,-379.903,-379.903,-157.108,-175.242,0,900.169,1001.45,0,-227.21,-1220.21,-1220.21,329.96,-1574.63,564.573,567.508,142.678,282.019,274.622,-2616.93,3142.48,7334.98,1624.4,707.535,707.535,-208.764,-2544.87,-2544.87,-1493.83,-1483.06,1.33733e-09,0,-227.163,-227.163,0,1.58807e-10,0,-2391.95,0,1272.54,0,-3.34373e-10,-2.11736e-10,1515.58,1517.98,1517.98,0,305.242,305.242,-4.76801e-10,0,-2909.57,-4435.49,-4435.49,-4435.49,-4537.83,0,0,0,-996.673,-996.673,-996.673,0,900.858,210.354,210.354,-3.56155,1.91327e-10,-1.78077,-1.78077,1.57132e-10,7.6951e-10,8.4404e-10,-4.42525e-10,-91.1314,-90.4561,-177.535,0,-2.40186e-10,0,5320.41,5320.41,5320.41,0,0,0,0,-1.67437e-10,-9.96684e-10,-4647.18,-4647.18,1.24199e-09,10117.1,1435.6,2099.1,0,-8.95601e-11,1497.77,4543.14,4.6822e-10,32597.8,17265.4,4330.07,4195.08,-78.4441,-5011.88,-5011.88,2.91426e-10,132884,-1724.36,1.91197e-10,-7.54596e-10,-1369.66,-2201.4,-5438.56,-1.18716e-09,9.15574e-10,3.82987e-10,-498.749,-5.32141e-10,1.03308e-09,2.88826e-10,-7735.75,1.66271e-09,-7935.33,1.28059e-09,-881.446,-4473.45,-4.06834e-10,-3108.78,9.83718e-10,-3282.74,6872.75,-6.41517e-10,8.91825e-11,4361.05,4361.05,6.06368e-10,313.279,313.279,4.84802e-10,-1378.09,0,-4.063e-10,4049.31,10673.1,0,0
2020-08-04 02:00:00 UTC,3905.29,1100.92,-3396.23,209.442,209.442,1091.42,-999.076,-1107.47,1603.1,1603.1,-3029.73,-2601.23,9599.81,-248.295,-1457.15,-2094.36,-4223.09,-1336.25,7786.36,1137.47,659.499,4030.61,4030.61,3412.29,4158.82,1224.45,841.106,-585.078,-9.03119,-2818.18,977.157,977.157,2246.13,1268.59,1268.59,7842.91,-5038.5,-5054.55,16432.1,16432.1,-5662.22,-9743.58,-4531.39,-2796.13,-7566.39,10614.6,14493.1,14599.8,15429.7,-380.393,2536.46,2536.46,-462.4,564.446,1177.49,-394.722,-394.722,4281.79,-1633.52,-903.423,-2405.57,3212.02,3462.82,-1502.59,-1502.59,465.842,449.057,-457.433,-457.433,-498.068,-3410.19,2486.75,-1239.71,-1239.71,-21.0742,-21.0742,-21.1633,-13.6703,-39.3381,138.58,300.404,-212.054,14.641,13.6545,0.201933,62.9128,43.2318,-679.732,-679.732,-134.363,-134.363,-133.043,-133.043,1338.63,1338.63,1338.63,-524.792,-524.792,-134.997,373.691,142.094,142.094,-264.841,-264.841,505.795,225.805,2796.13,1.74501,1.74501,2391.12,2391.12,2391.12,-6923.26,1798.59,1798.59,1895.33,1895.33,-2.396,-597.701,-597.701,56.4128,56.4128,7894.66,7894.66,-7258.8,-7258.8,0,286.677,3230.88,1307.24,-2919.06,-2919.06,2576.54,-13999.6,-6133.92,2673.29,7869.88,7869.88,-1922.96,-1922.96,6738.57,6738.57,-719.933,-1654.5,-11577.9,-3125.38,-3371.87,-3371.87,2099.76,2099.76,2099.76,-5591.99,-5591.99,6696.1,1.26393e-10,1.26393e-10,-2535.04,4908.74,4908.74,-7089.97,2624.97,-1940.28,0,-4560.13,-1678,6938.45,4943.36,4943.36,623.13,-311.842,72.8258,4665.52,4665.52,3444.79,-1648.57,-1648.57,-16621.2,10978.3,16621.2,-14519.2,-14626.3,-15456.6,21550.1,-4168.33,3940.32,-14493.1,-14599.8,-15429.7,15684.7,8961.63,6494.39,-386.697,-19688.7,-3905.61,-16359.2,-40044.9,-21997.5,-21997.5,-2527.89,14176.2,-1325.52,-2467.38,-1021.39,1371.46,-1359.43,1452.97,1220.13,1338.46,-1335.84,-1366.77,-1343.21,1382.28,-546.931,-546.931,1292.96,-5804.7,-5804.7,13360.1,-1575.6,-1837.64,1403.23,-925.914,-3318,-6019.1,-6019.1,-9259.01,-10861.5,-11469.2,-21923.8,11135,-7323.8,9259.01,-1809.76,-7309.56,-10949.4,-6419.95,-6417.64,1809.76,10861.5,11469.2,-4530.22,-4583.33,-3196.44,-3712.01,-2941.88,-4133.59,-2615.92,-2615.92,-446.296,-1521.61,2457.76,2774.07,-4574.84,10861.5,10861.5,11469.2,11469.2,1794.17,1794.17,-150.058,-572.946,-1305.44,-1305.44,-5842.56,-5842.56,6107.8,6107.8,-2773.57,-195.88,-3084.35,4062.92,-15966.1,19211.4,21463.8,-12127.5,3084.35,-4977.83,-2987.87,3816.22,-111.975,-111.975,-1819.15,-1819.15,841.646,-729.071,4205.71,749.867,-387.576,-387.576,-3309.4,-1055.15,-4667.31,-2924.31,-351.467,-351.467,-594.417,-594.644,-2985.61,-2985.61,-3367.27,-1867.64,-2670.51,-1843.51,-1500.23,-334.481,-334.481,-104.487,-116.359,0,865.662,962.924,0,-167.255,-1168.96,-1168.96,236.931,-1280.81,538.317,541.12,88.0359,348.355,339.533,-2416.74,3145.92,7308.7,1588.51,671.597,671.597,-244.65,-2501.09,-2501.09,-1419.59,-1409.35,-1.14344e-09,0,-437.737,-437.737,0,3.97582e-11,0,-2334.41,0,1223.17,0,6.59005e-10,-7.91098e-10,1462.44,1409.8,1409.8,0,297.055,297.055,-5.12202e-10,0,-2523.92,-3886.12,-3886.12,-3886.12,-4154.46,0,0,0,-871.345,-871.345,-871.345,0,963.955,256.345,256.345,42.1484,1.55282e-10,21.0747,21.0747,-1.03116e-09,5.86773e-10,-8.69183e-10,2.54806e-11,-97.6423,-96.9181,-158.935,0,8.38071e-11,0,4904.35,4904.35,4904.35,0,0,0,0,2.30451e-10,3.7265e-10,-4339.29,-4339.29,3.71577e-10,9120.27,1302,1903.78,0,2.73403e-10,1411.07,4151.9,-3.09996e-11,30006.9,16021.1,4115.28,4002.48,-72.8258,-4680.31,-4680.31,3.94905e-10,121613,-1540.03,-3.00345e-10,2.65229e-10,-1317.6,-2117.73,-5231.83,-1.38716e-10,1.27645e-10,8.22647e-10,-518.184,-9.48808e-11,2.85969e-10,-9.57216e-10,-7658.58,6.74894e-10,-7309.56,3.3946e-10,-883.186,-3995.36,-3.31507e-10,-2788.48,-3.0272e-10,-3067.26,6233.71,-3.43612e-10,2.60083e-10,4067.88,4067.88,-8.42096e-10,224.14,224.14,2.31969e-10,-1091.42,0,1.77286e-10,3834.94,9900.42,0,0
2020-08-04 03:00:00 UTC,3814.48,1084.08,-3571.93,372.354,372.354,841.689,-1115.35,-1252.04,1685.24,1685.24,-2803.85,-2322.65,8999.16,-225.094,-1285.58,-2032.74,-3904.84,-1235.54,7240.94,1047.3,380.437,3671.21,3671.21,3198.41,4007.82,1177.85,790.434,-534.425,-43.6472,-2620.33,909.573,909.573,2085.34,1175.44,1175.44,7249.29,-4512.55,-4526.93,14939,14939,-5078.14,-8897.53,-4226.8,-2608.16,-6795.94,9518.82,13113.5,13210.1,13960.9,-329.115,2299.64,2299.64,-430.784,505.886,986.843,-393.291,-393.291,3844.39,-1543.41,-815.937,-2212.89,2874.71,3099.25,-1397.32,-1397.32,473.579,505.489,-489.515,-489.515,-508.417,-3211.88,2326.39,-1159.99,-1159.99,-34.854,-34.854,-21.0023,-14.7027,-35.4594,125.118,265.434,-191.409,13.4517,12.5453,-0.781036,56.5649,32.9447,-625.862,-625.862,-111.906,-111.906,-110.811,-110.811,1231.43,1231.43,1231.43,-465.555,-465.555,-132.035,334.34,136.932,136.932,-235.732,-235.732,485.823,205.5,2608.16,-0.0134903,-0.0134903,2210.68,2210.68,2210.68,-6400.89,1662.73,1662.73,1753.61,1753.61,0.018,-547.272,-547.272,77.4282,77.4282,7327.09,7327.09,-6777.54,-6777.54,0,273.784,3014.54,1229.8,-2730.26,-2730.26,2389.64,-12932.2,-5666.34,2480.53,7293.09,7293.09,-1784.15,-1784.15,6243.97,6243.97,-660.94,-1540.6,-10507.8,-3189.51,-3116.47,-3116.47,1938.28,1938.28,1938.28,-5102.88,-5102.88,6204.08,-5.75493e-11,-5.75493e-11,-2337.88,4482.21,4482.21,-6471.35,2368.35,-1773.54,0,-4137.75,-1578.86,6276.39,4509.43,4509.43,577.82,-302.184,67.7125,4407.27,4407.27,3119.98,-1492.15,-1492.15,-15052.8,9870.17,15052.8,-13134.9,-13231.8,-13982.9,19418.6,-3791.5,3581.62,-13113.5,-13210.1,-13960.9,14303.6,8071.91,5590.4,-549.779,-18751.8,-3589.89,-15528.4,-38100.6,-20945,-20945,-2448.75,13034,-1205.37,-2403.3,-971.183,1291.95,-1282.45,1359.94,1149.1,1259.99,-1278.23,-1307.82,-1285.29,1299.74,-489.58,-489.58,1215.05,-5450.11,-5450.11,12430.8,-1390.29,-1728.79,1318.6,-888.285,-3150.7,-5572.28,-5572.28,-8787.11,-10421.7,-11004.7,-21094.4,10899.9,-6843.77,8787.11,-1825.19,-6831.34,-10549.9,-6185.75,-6183.53,1825.19,10421.7,11004.7,-4391.21,-4442.69,-3091.3,-3589.87,-2870.48,-3864.79,-2529.95,-2529.95,-451.484,-1394.28,2376.99,2682.91,-4431.08,10421.7,10421.7,11004.7,11004.7,1748.62,1748.62,-139.523,-533.483,-1289.67,-1289.67,-5711.63,-5711.63,5881.45,5881.45,-2487.89,-131.69,-3015.25,3941.45,-15608.5,18486.3,20655.3,-11842.7,3015.25,-4619.31,-2790.32,3611.39,-114.495,-114.495,-1645.96,-1645.96,736.569,-658.359,3835.08,677.172,-325.733,-325.733,-3020.82,-970.99,-4199.43,-2697.08,-313.534,-313.534,-522.137,-522.337,-2807.25,-2807.25,-3145.26,-1725.58,-2468.94,-1661.54,-1269.37,-303.971,-303.971,-57.0615,-63.2658,0,865.838,962.923,0,-115.063,-1167.4,-1167.4,155.107,-1023.44,519.276,521.983,38.0094,411.175,400.964,-2237.95,3133.04,7260.54,1542.02,641.587,641.587,-258.166,-2447.35,-2447.35,-1325.28,-1315.72,-4.48544e-10,0,-590.242,-590.242,0,-2.8638e-10,0,-2250.59,0,1176.67,0,2.7768e-10,4.20285e-11,1422.5,1310.78,1310.78,0,289.036,289.036,-1.02826e-10,0,-2243.14,-3468.83,-3468.83,-3468.83,-3819.42,0,0,0,-785.086,-785.086,-785.086,0,982.043,279.624,279.624,69.7081,2.02349e-10,34.8554,34.8554,1.05685e-09,-2.02516e-09,-6.22661e-10,-1.17451e-09,-99.5016,-98.7632,-148.612,0,2.03709e-10,0,4568.54,4568.54,4568.54,0,0,0,0,-1.68092e-10,-2.32045e-10,-4095.43,-4095.43,4.1534e-10,8329.22,1199.08,1753.3,0,-2.49387e-10,1342.05,3839.1,4.47226e-11,27952,15022.3,3927.4,3836.85,-67.7125,-4419.29,-4419.29,2.61341e-11,112800,-1411.04,2.36095e-10,7.834e-10,-1274.3,-2048.13,-5059.89,6.09774e-10,-1.60383e-10,1.68535e-10,-532.645,2.71904e-10,-4.68427e-10,9.6301e-10,-7456.78,5.4399e-10,-6831.34,6.30993e-10,-876.179,-3632.2,8.13958e-10,-2546.86,2.78743e-10,-2879.58,5717.91,9.83449e-10,2.74931e-10,3835.52,3835.52,-8.02414e-10,159.506,159.506,-1.04869e-10,-841.689,0,-3.73031e-10,3647.93,9263.63,0,0
2020-08-04 04:00:00 UTC,3594.7,1025.92,-3514.34,426.996,426.996,653.275,-1142.45,-1290.84,1631.84,1631.84,-2565.89,-2093.69,8307.95,-187.189,-1152.83,-1904.13,-3597.62,-1138.31,6649.13,955.003,190.101,3345.68,3345.68,2960.36,3777.94,1108.47,738.497,-482.507,-61.856,-2416,839.635,839.635,1918.08,1078.17,1078.17,6648.46,-4039.22,-4052.11,13505.4,13505.4,-4550.39,-8058.52,-3888.53,-2399.4,-6096.68,8542.75,11812.1,11899.1,12575.3,-287.005,2073.94,2073.94,-397.749,452.588,834.557,-379.619,-379.619,3443.1,-1436.77,-734.565,-2018.52,2567.25,2767.84,-1284.26,-1284.26,462.005,523.582,-492.774,-492.774,-497.279,-2975.35,2133.98,-1064.29,-1064.29,-42.3692,-42.3692,-20.1692,-14.825,-31.8341,112.458,234.241,-171.637,12.1856,11.3645,-1.38253,50.5491,25.4558,-570.127,-570.127,-94.177,-94.177,-93.2585,-93.2585,1122.42,1122.42,1122.42,-413.283,-413.283,-125.191,297.846,128.727,128.727,-209.189,-209.189,454.881,185.406,2399.4,-0.229992,-0.229992,2039.59,2039.59,2039.59,-5898.48,1534.79,1534.79,1620.6,1620.6,0.316,-502.359,-502.359,97.0932,97.0932,6788.05,6788.05,-6315.49,-6315.49,0,262.718,2805.92,1149.24,-2547.46,-2547.46,2206.29,-11913.3,-5219.99,2292.11,6745.42,6745.42,-1656.16,-1656.16,5776.92,5776.92,-612.512,-1435.78,-9511.65,-3212.65,-2868.96,-2868.96,1783.88,1783.88,1783.88,-4645.71,-4645.71,5739.25,7.44401e-11,7.44401e-11,-2144.18,4079.48,4079.48,-5882.13,2132.65,-1612.14,0,-3741.46,-1476.62,5668.63,4102.79,4102.79,538.83,-284.746,63.7293,4118.67,4118.67,2814.18,-1345.01,-1345.01,-13576.2,8840.6,13576.2,-11829.4,-11916.7,-12593.1,17430.5,-3435.39,3243.28,-11812.1,-11899.1,-12575.3,13010.2,7249.71,4760.91,-686.635,-17786.4,-3296.51,-14681.3,-36109.4,-19858.3,-19858.3,-2346.53,11974.3,-1114.38,-2310.17,-922.714,1218.57,-1205.24,1272.39,1078.4,1182.32,-1214.9,-1243.01,-1221.6,1219.14,-439.172,-439.172,1139.54,-5087.7,-5087.7,11539.4,-1247.76,-1615.48,1236.66,-848.512,-2989.12,-5154.46,-5154.46,-8243.99,-9961.52,-10518.8,-20262.6,10575.6,-6246.07,8243.99,-1886.5,-6235.72,-10153.2,-5953.12,-5950.97,1886.5,9961.52,10518.8,-4274.34,-4324.43,-2986.71,-3468.38,-2821.14,-3528.3,-2454.44,-2454.44,-466.531,-1224.13,2306.04,2602.84,-4279.01,9961.52,9961.52,10518.8,10518.8,1708.02,1708.02,-125.634,-481.669,-1285.65,-1285.65,-5604.94,-5604.94,5634.61,5634.61,-2102.62,-38.9557,-2959.03,3821.26,-15335.4,17739.1,19840.7,-11595.9,2959.03,-4203.64,-2566.08,3367.76,-120.375,-120.375,-1442.61,-1442.61,590.104,-573.696,3353.28,585.413,-239.782,-239.782,-2669.86,-862.676,-3677.16,-2431.5,-264.825,-264.825,-434.543,-434.71,-2597.22,-2597.22,-2887.97,-1564.34,-2245.01,-1443.66,-1038.14,-265.849,-265.849,-24.4166,-26.7574,0,819.118,910.962,0,-76.4289,-1094.93,-1094.93,95.8011,-819.698,485.757,488.292,4.71889,435.057,424.394,-2033.5,3006.65,7147.05,1474.77,609.649,609.649,-254.827,-2308.59,-2308.59,-1189.06,-1180.49,-4.34643e-10,0,-634.594,-634.594,0,2.08384e-10,0,-2085.06,0,1107.42,0,4.23511e-10,-1.28934e-11,1352.2,1208.52,1208.52,0,272.181,272.181,7.01463e-10,0,-1994.45,-3091.88,-3091.88,-3091.88,-3479.71,0,0,0,-701.437,-701.437,-701.437,0,959.329,284.532,284.532,84.7385,1.54432e-09,42.3713,42.3713,-7.81598e-10,9.20289e-10,-2.03818e-10,1.23217e-09,-97.1093,-96.3883,-142.237,0,1.20223e-10,0,4243.75,4243.75,4243.75,0,0,0,0,-2.77728e-10,-9.57627e-11,-3823.34,-3823.34,7.58135e-10,7571.32,1092.42,1597.34,0,2.77471e-11,1265.77,3538.83,1.12288e-10,25971.2,14033.7,3737.73,3649.83,-63.7293,-4129.16,-4129.16,7.37831e-10,104436,-1239.99,6.00404e-10,-2.63068e-10,-1236.27,-1987,-4908.88,-2.7259e-10,-4.84372e-10,-1.52492e-12,-559.983,-1.01123e-09,8.32725e-10,-3.2069e-10,-7238.12,7.95566e-10,-6235.72,9.40399e-10,-871.442,-3162.65,-6.73977e-10,-2222.66,-4.13546e-10,-2675.3,5101.36,-6.53557e-11,5.91395e-10,3576.71,3576.71,2.64266e-10,97.5297,97.5297,7.82917e-11,-653.275,0,8.23818e-10,3436.83,8613.69,0,0
2020-08-04 05:00:00 UTC,3415.96,985.686,-3528.22,532.118,532.118,463.561,-1185.94,-1348.65,1640.57,1640.57,-2246.5,-1821.46,7531.21,-78.7391,-1000.61,-1724.37,-3277.98,-1037.16,5946.64,841.651,-32.534,2992.11,2992.11,2689.55,3510.1,1027.79,679.857,-423.886,-80.5516,-2185.11,760.235,760.235,1726.5,966.038,966.038,5964.82,-3502.9,-3514.08,11865.5,11865.5,-3953.43,-7079.33,-3502.68,-2161.29,-5307.3,7443.74,10322.6,10398.6,10989.4,-239.506,1815.26,1815.26,-361.373,391.786,658.945,-364.689,-364.689,2984.42,-1317.77,-643.166,-1795.59,2214.59,2387.68,-1152.66,-1152.66,448.326,543.629,-495.958,-495.958,-484.061,-2709.16,1917.13,-956.386,-956.386,-50.9079,-50.9079,-19.2281,-14.9856,-27.6686,97.9139,198.339,-148.906,10.8395,10.1091,-1.93462,43.7157,16.7989,-506.058,-506.058,-73.7276,-73.7276,-73.0125,-73.0125,997.37,997.37,997.37,-354.188,-354.188,-117.176,255.858,119.137,119.137,-178.649,-178.649,418.181,162.243,2161.29,-0.229994,-0.229994,1834.83,1834.83,1834.83,-5297.1,1381.43,1381.43,1461.42,1461.42,0.316,-449.04,-449.04,119.594,119.594,6140.58,6140.58,-5758.23,-5758.23,0,249.21,2554.25,1050.63,-2326.62,-2326.62,1985.46,-10697.1,-4687.16,2065.46,6088.08,6088.08,-1503.2,-1503.2,5216.64,5216.64,-556.214,-1310.85,-8354.29,-3200.67,-2572.83,-2572.83,1601.24,1601.24,1601.24,-4109.85,-4109.85,5181.54,1.62452e-10,1.62452e-10,-1913.09,3605.79,3605.79,-5192.82,1855.22,-1429.71,0,-3282.42,-1358.21,4959.9,3625,3625,493.501,-261.389,57.9951,3763.35,3763.35,2461.38,-1176.36,-1176.36,-11875.8,7655.82,11875.8,-10335.8,-10412,-11003,15142.5,-3020.04,2851.76,-10322.6,-10398.6,-10989.4,11503.4,6302.34,3831.11,-823.888,-16555.2,-2951.26,-13611.8,-33591.8,-18481.1,-18481.1,-2204.87,10718,-1009.06,-2177.86,-869.057,1110.63,-1108.57,1166.98,990.837,1086.26,-1133.13,-1159.33,-1139.38,1119.83,-381.494,-381.494,1046.71,-4639.53,-4639.53,10458.5,-1088.69,-1476.34,1135.92,-806.514,-2785.55,-4656.56,-4656.56,-7590.35,-9357.91,-9881.41,-19128.2,10101,-5575.63,7590.35,-1913.13,-5567.38,-9608.08,-5633.52,-5631.48,1913.13,9357.91,9881.41,-4076.05,-4123.82,-2846.34,-3305.33,-2730.58,-3162.95,-2328.41,-2328.41,-485.206,-1032.67,2187.63,2469.19,-4073.88,9357.91,9357.91,9881.41,9881.41,1647.05,1647.05,-108.42,-417.254,-1271.62,-1271.62,-5436.77,-5436.77,5327.67,5327.67,-1711.79,46.4402,-2901.88,3659.74,-14929.1,16759.3,18736.7,-11367.2,2901.88,-3743.56,-2324.61,3089,-133.379,-133.379,-1217.8,-1217.8,437.7,-483.113,2862.84,495.099,-149.773,-149.773,-2322.54,-751.862,-3169.43,-2173.68,-207.784,-207.784,-336.503,-336.633,-2357.21,-2357.21,-2596.4,-1383.75,-1992.58,-1196.49,-790.988,-222.295,-222.295,8.65274,10.2137,0,750.518,834.655,0,-36.0497,-997.028,-997.028,34.3202,-616.784,452.671,455.036,-28.4723,461.621,450.469,-1846.5,2911.35,6936.85,1384.62,568.141,568.141,-247.741,-2199.26,-2199.26,-1092.48,-1084.6,2.06741e-10,0,-725.699,-725.699,0,-6.33315e-10,0,-1798.24,0,1026.89,0,3.41825e-10,-6.26247e-11,1269.26,1092.99,1092.99,0,252.219,252.219,-2.312e-10,0,-1709.67,-2659.84,-2659.84,-2659.84,-3090.03,0,0,0,-605.666,-605.666,-605.666,0,932.429,289.784,289.784,101.816,2.59005e-10,50.9109,50.9109,-3.36223e-10,2.4108e-10,-7.91064e-11,-1.68747e-10,-94.2223,-93.5225,-134.377,0,-9.57901e-11,0,3853.51,3853.51,3853.51,0,0,0,0,1.9616e-10,-4.61721e-10,-3498.49,-3498.49,3.40783e-10,6697.81,980.997,1434.44,0,6.17764e-11,1173.32,3184.97,5.9505e-10,23577.4,12821.3,3507.89,3407.45,-57.9951,-3772.14,-3772.14,4.51793e-10,94386.5,-1047.34,6.22207e-10,5.5607e-10,-1172.79,-1884.98,-4656.81,6.79253e-10,7.41274e-10,-3.32348e-10,-564.388,1.7553e-11,-5.887e-10,4.2834e-10,-7217.01,1.05866e-09,-5567.38,5.19511e-10,-853.885,-2685.13,1.07503e-10,-1881.11,-4.94822e-10,-2469.02,4496.23,-4.0892e-10,5.853e-10,3276.96,3276.96,-6.109e-11,28.6344,28.6344,3.83709e-10,-463.561,0,1.89601e-11,3171.95,7818.54,0,0
2020-08-04 06:00:00 UTC,3274.78,952.783,-3504.18,593.039,593.039,328.773,-1203.4,-1374.35,1641.73,1641.73,-2014.19,-1629.15,6961.27,2.44667,-894.134,-1587.34,-3048.42,-964.518,5433.12,759.369,-186.225,2739.83,2739.83,2497.7,3310.06,967.93,639.005,-383.046,-90.6608,-2023.99,703.666,703.666,1584.9,881.046,881.046,5471.54,-3114.55,-3124.5,10681.6,10681.6,-3521.39,-6380.28,-3221.04,-1987.49,-4736.34,6664.91,9252.79,9320.96,9850.45,-205.713,1629.39,1629.39,-332.64,348.227,540.234,-350.175,-350.175,2656.41,-1224.05,-576.271,-1626.81,1964.46,2118.03,-1050.73,-1050.73,434.489,550.204,-492.327,-492.327,-470.11,-2512.33,1766.7,-881.504,-881.504,-55.7699,-55.7699,-18.3965,-14.9001,-24.7029,87.5416,173.148,-132.618,9.70104,9.04735,-2.4462,38.7213,11.1426,-459.42,-459.42,-59.9418,-59.9418,-59.3637,-59.3637,906.254,906.254,906.254,-312.219,-312.219,-110.79,226.065,111.744,111.744,-157.076,-157.076,390.271,145.591,1987.49,-0.229996,-0.229996,1676.35,1676.35,1676.35,-4832.87,1264.48,1264.48,1335.95,1335.95,0.316,-406.5,-406.5,127.399,127.399,5626.33,5626.33,-5305.51,-5305.51,0,233.985,2350.3,972.646,-2146.87,-2146.87,1816.27,-9759.55,-4276.4,1887.74,5570.41,5570.41,-1377.3,-1377.3,4773.33,4773.33,-506.559,-1207.35,-7503.84,-3129.3,-2344.71,-2344.71,1461.44,1461.44,1461.44,-3709.78,-3709.78,4741.97,3.37104e-11,3.37104e-11,-1739.15,3253.95,3253.95,-4686.24,1651.56,-1299.69,0,-2949.26,-1263.95,4437.27,3269.86,3269.86,455.627,-245.38,52.1069,3483.73,3483.73,2206.79,-1055.93,-1055.93,-10652.8,6810.04,10652.8,-9263.42,-9331.75,-9861.41,13505.6,-2717.71,2570.61,-9252.79,-9320.96,-9850.45,10386.2,5617.82,3217.91,-880.587,-15489.9,-2685.53,-12704.2,-31427.2,-17298.2,-17298.2,-2078.15,9744.95,-917.751,-2058.79,-820.755,1019.15,-1029.07,1079.9,919.013,1007.37,-1063.45,-1088.04,-1069.32,1038.05,-338.944,-338.944,970.117,-4282.05,-4282.05,9597.86,-962.898,-1365.89,1052.8,-768.434,-2607.72,-4262.47,-4262.47,-7079.29,-8813.57,-9306.61,-18041.8,9625.57,-5121.39,7079.29,-1865.49,-5114.43,-9085.74,-5327.26,-5325.33,1865.49,8813.57,9306.6,-3860.36,-3905.6,-2708.89,-3145.67,-2601.08,-2915.68,-2200.67,-2200.67,-474.523,-915.189,2067.61,2333.73,-3890.75,8813.57,8813.57,9306.61,9306.61,1581.91,1581.91,-98.104,-378.311,-1237.95,-1237.95,-5238.38,-5238.38,5067.96,5067.96,-1490.75,85.5536,-2832.44,3503.99,-14455.2,15851.2,17692,-11109.7,2832.44,-3425.29,-2149.01,2880.71,-133.994,-133.994,-1078.87,-1078.87,359.489,-427.471,2563.19,439.362,-106.109,-106.109,-2094.41,-681.672,-2822.34,-1988.97,-177.299,-177.299,-281.402,-281.512,-2184.18,-2184.18,-2391.57,-1261.38,-1817.97,-1047.02,-636.97,-195.943,-195.943,30.8286,35.0122,0,713.761,793.765,0,-9.97069,-940.254,-940.254,-6.29996,-475.277,430.121,432.37,-51.1613,478.426,466.956,-1702.41,2813.25,6671.03,1308.56,532.322,532.322,-243.358,-2112.34,-2112.34,-1018.33,-1010.98,1.71986e-11,0,-777.564,-777.564,0,-8.31748e-10,0,-1581.05,0,967.131,0,3.04193e-10,1.75529e-10,1204.85,1012.37,1012.37,0,236.853,236.853,-7.31984e-11,0,-1502.81,-2353.67,-2353.67,-2353.67,-2806.3,0,0,0,-530.942,-530.942,-530.942,0,904.638,289.846,289.846,111.54,4.21248e-10,55.7734,55.7734,3.80028e-10,7.82378e-11,-1.69842e-10,1.0606e-10,-91.3568,-90.6781,-127.454,0,-8.16899e-11,0,3545.92,3545.92,3545.92,0,0,0,0,-2.488e-10,3.10078e-10,-3248.72,-3248.72,2.38552e-10,6062.78,899.418,1315.15,0,6.68083e-10,1103.16,2914.73,2.23534e-10,21675,11852.7,3305.75,3201.5,-52.1069,-3491.07,-3491.07,6.54422e-11,86446,-928.88,8.26788e-10,1.74394e-10,-1108.46,-1781.57,-4401.35,5.61068e-10,-1.70319e-10,1.42543e-11,-554.791,-3.25544e-10,-3.40414e-11,6.27499e-10,-7212.58,6.89375e-10,-5114.43,-3.99463e-10,-824.519,-2395.11,7.17249e-11,-1679.81,4.42503e-10,-2300.92,4083.38,-3.82165e-10,-9.85637e-10,3052.01,3052.01,4.12515e-11,-12.0171,-12.0171,-6.20976e-10,-328.773,0,9.38104e-10,2961.74,7204.97,0,0
2020-08-04 07:00:00 UTC,3136.6,919.039,-3454.39,628.517,628.517,220.319,-1208.73,-1385.11,1624.45,1624.45,-1814.17,-1473.11,6463.55,73.9949,-809.549,-1459.38,-2854.01,-903,4985.27,689.357,-305.194,2530.66,2530.66,2317.92,3108.79,907.805,601.748,-345.799,-95.4614,-1876.66,653.319,653.319,1464.58,811.099,811.099,5047.21,-2832.19,-2841.24,9775.71,9775.71,-3202.29,-5845.01,-2980.25,-1838.9,-4307.29,6043.91,8457.79,8520.11,9004.06,-186.202,1488.83,1488.83,-305.994,317.527,482.712,-325.333,-325.333,2422.75,-1126.95,-525.111,-1491.95,1789.99,1929.95,-967,-967,406.561,521.004,-463.765,-463.765,-440.148,-2333.94,1650.53,-823.654,-823.654,-53.7606,-53.7606,-17.0496,-13.921,-22.5413,79.9106,157.759,-121.543,8.95876,8.35509,-2.3603,35.4738,9.3464,-421.618,-421.618,-53.4438,-53.4438,-52.9301,-52.9301,830.352,830.352,830.352,-280.375,-280.375,-103.134,206.698,103.795,103.795,-143.417,-143.417,365.171,133.686,1838.9,-0.229996,-0.229996,1558.73,1558.73,1558.73,-4489,1176.96,1176.96,1243.21,1243.21,0.316,-375.842,-375.842,132.207,132.207,5245.31,5245.31,-4967.24,-4967.24,0,222.655,2198.36,912.99,-2012.07,-2012.07,1690.2,-9063.99,-3971.66,1756.45,5187.28,5187.28,-1285.06,-1285.06,4445.6,4445.6,-471.558,-1130.8,-6878.86,-3060.04,-2175.99,-2175.99,1356.97,1356.97,1356.97,-3415.01,-3415.01,4416.53,3.04615e-11,3.04615e-11,-1609.14,2993.94,2993.94,-4310.36,1502.97,-1201.71,0,-2703.04,-1191.79,4055.36,3007.85,3007.85,427.784,-231.653,47.9457,3268,3268,2018.48,-966.81,-966.81,-9747.95,6189.37,9747.95,-8466.67,-8529.13,-9013.21,12301.5,-2494.62,2363.06,-8457.79,-8520.11,-9004.06,9560.61,5117.24,2775.52,-915.42,-14670.4,-2489.52,-12008.7,-29757.5,-16383.6,-16383.6,-1978.76,9030.48,-853.407,-1964.12,-780.045,957.399,-968.488,1014.98,864.553,947.622,-1008.78,-1032.09,-1014.34,976.288,-308.426,-308.426,912.36,-4012.81,-4012.81,8959.04,-875.34,-1281.48,990.128,-734.207,-2471.07,-3971.4,-3971.4,-6686.61,-8387.65,-8856.84,-17185.6,9236.65,-4778.62,6686.61,-1821.62,-4772.56,-8673.87,-5085.77,-5083.93,1821.62,8387.65,8856.84,-3690.83,-3734.08,-2602.21,-3021.76,-2486.93,-2728.28,-2104,-2104,-453.763,-826.996,1976.79,2231.22,-3760.36,8387.65,8387.65,8856.84,8856.84,1533.67,1533.67,-91.6602,-353.937,-1209.99,-1209.99,-5088.44,-5088.44,4880.03,4880.03,-1325.83,116.103,-2781.57,3389.14,-14105,15131.4,16865.2,-10927.9,2781.57,-3170.6,-2004.07,2722.24,-130.58,-130.58,-968.928,-968.928,303.32,-381.927,2329.11,393.018,-75.6227,-75.6227,-1908.18,-626.443,-2534.01,-1833.08,-154.971,-154.971,-239.494,-239.588,-2052.71,-2052.71,-2234.27,-1166.03,-1683.02,-930.906,-513.063,-175.555,-175.555,48.5421,54.8229,0,689.572,766.876,0,10.6602,-900.206,-900.206,-38.3888,-362.032,412.172,414.33,-69.3692,491.554,479.837,-1577.82,2712.69,6447.79,1246.67,504.436,504.436,-237.289,-2026.49,-2026.49,-945.697,-938.879,-3.99245e-10,0,-805.506,-805.506,0,-1.94658e-10,0,-1382.42,0,907.102,0,3.56588e-10,-1.60043e-10,1139.42,938.645,938.645,0,220.63,220.63,-3.32272e-10,0,-1366.32,-2143.51,-2143.51,-2143.51,-2570.97,0,0,0,-488.557,-488.557,-488.557,0,846.744,273.683,273.683,107.521,-1.22953e-10,53.7639,53.7639,-1.61845e-10,9.63038e-11,7.61505e-11,8.73411e-10,-85.5863,-84.9505,-121.827,0,1.40415e-10,0,3314.3,3314.3,3314.3,0,0,0,0,3.47821e-10,-1.44376e-10,-3056.97,-3056.97,-1.83444e-10,5588.07,832.373,1217.12,0,3.84146e-11,1045.31,2711.85,3.31272e-10,20253.2,11119.1,3143.61,3038.68,-47.9457,-3274.48,-3274.48,-2.54641e-11,80562.8,-840.111,1.89568e-10,3.7214e-10,-1059.77,-1703.31,-4208.01,6.45221e-10,3.81449e-10,-1.70213e-10,-554.876,6.12424e-10,3.20979e-12,1.11685e-09,-7228.02,1.81605e-09,-4772.56,-1.94774e-11,-803.972,-2169.04,4.45695e-11,-1535.1,1.01195e-10,-2153.91,3741.26,-5.99627e-11,-7.58488e-10,2880.27,2880.27,7.7811e-11,-43.5363,-43.5363,4.52267e-11,-220.319,0,1.20066e-09,2795.57,6735.17,0,0
2020-08-04 08:00:00 UTC,3039.49,896.497,-3389.7,648.425,648.425,148.133,-1193.94,-1371.32,1609.84,1609.84,-1652.64,-1367.62,6096.94,152.373,-756.468,-1345.38,-2731.77,-864.319,4646.81,635.691,-392.104,2397.94,2397.94,2185.92,2958.74,863.157,574.525,-318.582,-98.3985,-1768.94,616.864,616.864,1378.95,761.944,761.944,4742.79,-2637.86,-2646.28,9127.32,9127.32,-2982.31,-5447.47,-2801.93,-1728.86,-4011.02,5609.1,7890.15,7948.29,8399.72,-173.582,1387.91,1387.91,-288.091,296.004,443.067,-307.246,-307.246,2257.63,-1058.31,-489.924,-1398.1,1665.7,1795.96,-908.316,-908.316,384.863,496.929,-440.881,-440.881,-416.812,-2202.02,1565.68,-781.389,-781.389,-51.829,-51.829,-16.0357,-13.1612,-20.9859,74.4143,146.881,-113.639,8.51692,7.94301,-2.15604,33.2325,8.19333,-394.115,-394.115,-48.9816,-48.9816,-48.512,-48.512,775.153,775.153,775.153,-258,-258,-97.2947,192.921,97.7705,97.7705,-133.73,-133.73,346.005,125.096,1728.86,-0.229997,-0.229997,1474.2,1474.2,1474.2,-4240.41,1114.64,1114.64,1176.62,1176.62,0.316,-354.49,-354.49,133.887,133.887,4969.97,4969.97,-4719.64,-4719.64,0,214.034,2087.06,868.001,-1912.93,-1912.93,1598.57,-8560.74,-3751.17,1660.56,4911.22,4911.22,-1218.77,-1218.77,4209.78,4209.78,-447.597,-1075.62,-6430.02,-2995.24,-2053.49,-2053.49,1279.66,1279.66,1279.66,-3202.25,-3202.25,4182.59,7.32311e-11,7.32311e-11,-1516.63,2807.35,2807.35,-4040.6,1396.86,-1130.12,0,-2525.55,-1138.81,3780.64,2819.55,2819.55,408.288,-219.913,45.6967,3108.56,3108.56,1883.57,-902.582,-902.582,-9098.26,5745.93,9098.26,-7897.87,-7956.14,-8407.69,11439.9,-2333.56,2211.98,-7890.15,-7948.29,-8399.72,8963.75,4759.98,2468.52,-934.686,-14053.3,-2347.21,-11486.8,-28505.1,-15696.6,-15696.6,-1902.14,8512.5,-806.575,-1890.74,-750.818,909.306,-923.53,966.918,824.049,903.231,-967.279,-989.627,-972.617,930.511,-286.455,-286.455,869.61,-3813.82,-3813.82,8490.34,-813.38,-1217.79,943.744,-710.035,-2369.61,-3759.57,-3759.57,-6395.05,-8064.72,-8515.85,-16530.3,8932.76,-4530.59,6395.05,-1782.72,-4525.14,-8359.48,-4901.43,-4899.66,1782.72,8064.72,8515.84,-3552.2,-3593.83,-2528.65,-2936.31,-2394.75,-2595.89,-2024.61,-2024.61,-437.933,-763.861,1902.19,2147.03,-3678.93,8064.72,8064.72,8515.84,8515.85,1503.65,1503.65,-86.4977,-334.502,-1196,-1196,-4998.52,-4998.52,4763.92,4763.92,-1207.47,138.781,-2759.7,3319.12,-13931.5,14588.6,16233.2,-10849.9,2759.7,-2982.28,-1893.88,2606.15,-125.21,-125.21,-889.375,-889.375,264.453,-347.813,2158.29,357.81,-54.5605,-54.5605,-1763.95,-585.493,-2305.37,-1709.81,-139.953,-139.953,-210.589,-210.672,-1956.47,-1956.47,-2119.46,-1096.73,-1584.74,-849.146,-423.42,-161.165,-161.165,60.5481,68.25,0,674.974,750.686,0,24.4634,-871.804,-871.804,-59.9949,-286.592,399.954,402.049,-81.7904,500.247,488.368,-1476.66,2603.17,6267.99,1200.02,483.497,483.497,-232.541,-1966.74,-1966.74,-905.98,-899.448,-1.14918e-10,0,-819.223,-819.223,0,-4.06593e-10,0,-1190.81,0,862.521,0,-1.06691e-10,-1.21109e-10,1089.57,884.753,884.753,0,208.49,208.49,3.04895e-10,0,-1273.36,-1994.5,-1994.5,-1994.5,-2399.87,0,0,0,-461.41,-461.41,-461.41,0,801.706,260.568,260.568,103.658,4.57896e-10,51.8321,51.8321,-1.41773e-10,3.44513e-10,5.04101e-10,-2.24849e-10,-81.0602,-80.458,-118.732,0,-5.44646e-11,0,3142.94,3142.94,3142.94,0,0,0,0,-2.7577e-10,-1.67252e-10,-2915.8,-2915.8,-1.56774e-10,5245.47,787.391,1151.35,0,-9.00275e-11,1000.37,2562.92,2.54043e-10,19215.1,10575.8,3024.78,2914.76,-45.6967,-3114.26,-3114.26,-1.6678e-10,76297,-776.546,4.65636e-10,-6.51668e-10,-1019.78,-1639.04,-4049.22,1.27693e-10,5.2493e-10,1.03571e-10,-553.228,2.7137e-10,3.31883e-10,-3.83914e-11,-7262.24,5.572e-10,-4525.14,8.16331e-11,-789.97,-2002.96,1.25105e-11,-1434.97,-6.21357e-10,-2036.81,3473.77,-6.63866e-10,-5.41587e-11,2754.37,2754.37,-2.46361e-11,-64.8461,-64.8461,5.07034e-10,-148.133,0,-2.56882e-10,2671.12,6390.54,0,0
2020-08-04 09:00:00 UTC,3008.66,891.009,-3373.93,670.707,670.707,102.326,-1189.84,-1368.65,1619.72,1619.72,-1571.65,-1310.97,5926.76,191.96,-727.046,-1295.9,-2673.86,-845.993,4485.99,608.984,-450.473,2332.98,2332.98,2127.5,2897.77,845.04,562.056,-306.117,-101.607,-1719.77,599.934,599.934,1337.97,737.902,737.902,4596.94,-2523.76,-2531.82,8767.43,8767.43,-2856.1,-5222.16,-2716.05,-1675.87,-3845.29,5382.83,7561.34,7617.07,8049.66,-163.185,1330.86,1330.86,-281.378,282.623,401.393,-305.421,-305.421,2156.27,-1035.96,-470.946,-1350.67,1586.72,1710.81,-879.855,-879.855,382.682,503.088,-442.869,-442.869,-414.832,-2143.98,1523.42,-760.336,-760.336,-54.0376,-54.0376,-15.8874,-13.274,-20.0551,71.1699,138.559,-108.443,8.25412,7.69792,-2.24712,31.6974,6.0636,-379.994,-379.994,-44.1141,-44.1141,-43.6928,-43.6928,748.002,748.002,748.002,-245.669,-245.669,-95.5862,183.259,95.6763,95.6763,-126.682,-126.682,337.126,119.808,1675.87,-0.229997,-0.229997,1427.5,1427.5,1427.5,-4099.7,1081.31,1081.31,1140.25,1140.25,0.316,-343.657,-343.657,134.556,134.556,4817.86,4817.86,-4580.97,-4580.97,0,209.579,2024.29,841.323,-1856.9,-1856.9,1545.98,-8276.39,-3626.59,1604.93,4758.81,4758.81,-1182.71,-1182.71,4080.48,4080.48,-435.655,-1045.24,-6169.09,-2962.38,-1982.86,-1982.86,1233.88,1233.88,1233.88,-3078.67,-3078.67,4054.62,-9.68484e-11,-9.68484e-11,-1463.03,2699.13,2699.13,-3884.27,1333.23,-1090.76,0,-2422.7,-1110.58,3618.13,2710.31,2710.31,397.837,-211.917,45.1466,3026.43,3026.43,1805.64,-865.126,-865.126,-8721.72,5486.11,8721.72,-7568.44,-7624.27,-8056.98,10936.8,-2241.11,2124.18,-7561.34,-7617.07,-8049.66,8617.43,4551.37,2283.75,-951.374,-13715.5,-2265.63,-11199.4,-27816.9,-15320.2,-15320.2,-1863.49,8219.77,-781.245,-1853.86,-733.809,879.435,-898.409,939.719,801.51,878.46,-944.841,-966.667,-950.056,904.809,-273.48,-273.48,845.514,-3704.61,-3704.61,8231.46,-777.655,-1180.45,917.591,-697.521,-2310.22,-3640.28,-3640.28,-6244.5,-7887.69,-8328.9,-16162.9,8775.26,-4412.28,6244.5,-1752.91,-4407.12,-8184.13,-4798.62,-4796.88,1752.91,7887.69,8328.9,-3465,-3505.6,-2493.47,-2895.45,-2338.09,-2537.88,-1974.27,-1974.27,-429.305,-737.428,1854.89,2093.64,-3646.4,7887.69,7887.69,8328.9,8328.9,1490.96,1490.96,-83.6083,-323.67,-1192.14,-1192.14,-4962.58,-4962.58,4720.99,4720.99,-1158.63,147.303,-2759.04,3292.32,-13881.2,14292.3,15880.9,-10852.3,2759.04,-2887.03,-1835.32,2547.11,-120.01,-120.01,-850.614,-850.614,247.692,-330.352,2079.17,338.492,-45.7154,-45.7154,-1687.65,-567.195,-2173.02,-1642.31,-133.783,-133.783,-197.778,-197.856,-1907.43,-1907.43,-2061.08,-1061.61,-1533.84,-812.262,-375.051,-154.988,-154.988,69.3534,78.1073,0,676.607,752.493,0,34.196,-872.05,-872.05,-75.059,-239.596,394.921,396.99,-91.059,510.139,498.046,-1418.57,2544.9,6177.03,1173.68,471.903,471.903,-229.407,-1948.6,-1948.6,-896.072,-889.613,2.85837e-10,0,-837.428,-837.428,0,3.29612e-11,0,-1102.14,0,844.431,0,8.01627e-10,-6.57774e-10,1069.15,860.153,860.153,0,203.862,203.862,4.9914e-11,0,-1210.56,-1897.73,-1897.73,-1897.73,-2315.18,0,0,0,-439.521,-439.521,-439.521,0,797.545,262.515,262.515,108.075,1.02989e-10,54.0409,54.0409,-5.20787e-11,3.80613e-10,4.71285e-10,9.88472e-11,-80.5577,-79.9591,-119.267,0,-7.0536e-11,0,3044.93,3044.93,3044.93,0,0,0,0,1.45863e-10,5.78221e-12,-2842.08,-2842.08,2.70506e-10,5050.02,763.342,1116.19,0,-3.73271e-10,976.597,2477.76,-9.09956e-11,18635.3,10270.5,2958.94,2848.79,-45.1466,-3031.65,-3031.65,3.97951e-11,73929.3,-749.928,-3.82967e-10,-1.60125e-10,-994.424,-1598.28,-3948.53,5.58318e-11,4.13147e-10,2.22808e-10,-548.193,-2.71792e-10,3.23365e-10,1.80463e-10,-7326.97,2.50717e-10,-4407.12,2.45937e-10,-783.944,-1924.9,-1.11074e-10,-1398.85,-6.74981e-11,-1970.56,3329.96,-6.97834e-10,-2.13879e-10,2687.66,2687.66,5.92009e-10,-75.1477,-75.1477,-8.74655e-10,-102.326,0,-2.34798e-10,2604.39,6196.31,0,0
2020-08-04 10:00:00 UTC,3058.33,908.175,-3472.6,714.873,714.873,68.1132,-1230.58,-1417.22,1667.43,1667.43,-1553.91,-1290.19,5937.73,213.135,-714.353,-1301.01,-2679.41,-847.752,4473.73,603.779,-506.188,2329.2,2329.2,2136.12,2925.42,853.167,562.509,-306.57,-107.456,-1722.09,600.149,600.149,1336.15,735.861,735.861,4589.18,-2478.7,-2486.62,8668.91,8668.91,-2807.97,-5165.72,-2714.81,-1675.1,-3784.65,5318.64,7457.65,7512.61,7939.26,-156.508,1313.97,1313.97,-281.647,277.328,371.487,-312.619,-312.619,2117.91,-1042.3,-463.966,-1342.43,1555.29,1676.92,-878.595,-878.595,392.685,525.673,-459.162,-459.162,-426.079,-2151.75,1526.76,-761.997,-761.997,-58.0998,-58.0998,-16.2373,-13.808,-19.7371,70.1018,134.136,-106.263,7.98442,7.4464,-2.71079,30.8623,4.07972,-377.415,-377.415,-40.5332,-40.5332,-40.1477,-40.1477,743.873,743.873,743.873,-240.805,-240.805,-96.9333,178.742,96.6516,96.6516,-123.184,-123.184,338.481,117.998,1675.1,-0.229997,-0.229997,1418.91,1418.91,1418.91,-4070.49,1076.33,1076.33,1133.88,1133.88,0.316,-341.777,-341.777,136.645,136.645,4791.78,4791.78,-4559.74,-4559.74,0,209.671,2013.84,836.474,-1848.42,-1848.42,1535.32,-8216.08,-3600.16,1592.88,4731.82,4731.82,-1177.11,-1177.11,4058.17,4058.17,-435.094,-1041.3,-6086.51,-2988.58,-1966.99,-1966.99,1221.51,1221.51,1221.51,-3041.92,-3041.92,4032.92,-4.2332e-11,-4.2332e-11,-1448.59,2667.31,2667.31,-3837.65,1309.38,-1082.35,0,-2390.48,-1109.5,3561.95,2677.67,2677.67,396.716,-209.656,46.1917,3027.01,3027.01,1781.07,-852.815,-852.815,-8601.29,5393.4,8601.29,-7464.55,-7519.61,-7946.38,10763,-2213.13,2096.1,-7457.65,-7512.61,-7939.26,8515.47,4479.19,2190.07,-979.443,-13708.7,-2245.68,-11185.7,-27797.2,-15310.6,-15310.6,-1870.32,8152.14,-777.838,-1861.56,-734.934,867.896,-895.748,936.797,799.337,875.994,-944.706,-966.528,-949.919,902.072,-268.846,-268.846,842.845,-3691.49,-3691.49,8191.58,-765.726,-1173.78,914.684,-701.285,-2303.56,-3616.7,-3616.7,-6255.08,-7890.4,-8331.77,-16158.8,8812.17,-4429.91,6255.08,-1745.81,-4424.7,-8182.89,-4797.89,-4796.15,1745.81,7890.4,8331.77,-3450.93,-3491.37,-2500,-2903.03,-2336.96,-2553.7,-1963.73,-1963.73,-435.925,-742.794,1844.99,2082.46,-3657.43,7890.4,7890.4,8331.77,8331.77,1494.67,1494.67,-82.8951,-321.068,-1198.01,-1198.01,-4977.81,-4977.81,4740.6,4740.6,-1175.1,142.594,-2776.6,3304.18,-13926.1,14290.8,15883.3,-10926.8,2776.6,-2886.32,-1832.72,2555.31,-118.818,-118.818,-847.122,-847.122,251.226,-328.183,2092.32,337.215,-47.3237,-47.3237,-1690.41,-571.021,-2159.24,-1643.47,-133.556,-133.556,-196.966,-197.044,-1910.9,-1910.9,-2062.33,-1059.95,-1530.02,-811.201,-355.393,-155.59,-155.59,79.2198,89.1687,0,695.634,773.556,0,44.4064,-904.38,-904.38,-90.871,-205.104,399.817,401.912,-101.728,531.694,519.1,-1419.5,2590.71,6219.14,1174.1,471.947,471.947,-229.74,-1981.97,-1981.97,-906.162,-899.629,2.42481e-10,0,-879.63,-879.63,0,5.79362e-10,0,-1086.28,0,852.545,0,-5.77211e-10,3.9988e-10,1078.97,861.314,861.314,0,207.013,207.013,-2.54305e-10,0,-1180.93,-1857.23,-1857.23,-1857.23,-2301.72,0,0,0,-424.658,-424.658,-424.658,0,818.797,272.996,272.996,116.2,-6.0191e-10,58.1037,58.1037,-1.22634e-10,1.09482e-10,-1.61954e-10,-2.77012e-10,-82.6844,-82.0699,-121.557,0,-1.30842e-10,0,3026.12,3026.12,3026.12,0,0,0,0,-1.3623e-11,-5.55372e-11,-2843.26,-2843.26,-2.98454e-10,4997.49,762.969,1115.64,0,-1.8476e-11,977.761,2459.03,2.89902e-10,18540.1,10228.7,2959.61,2849.22,-46.1917,-3031.78,-3031.78,1.3944e-10,73510.1,-755.414,-1.24394e-10,-2.26237e-11,-989.114,-1589.75,-3927.45,3.38551e-10,-2.16675e-10,1.32339e-10,-540.234,4.60261e-10,8.76892e-11,-2.61871e-10,-7437.22,-2.00752e-10,-4424.7,1.00123e-10,-789.932,-1936.62,3.46486e-10,-1420.9,-8.61192e-10,-1966.6,3333.88,-7.55364e-10,2.18218e-10,2689.35,2689.35,2.82303e-11,-80.9276,-80.9276,4.76529e-10,-68.1132,0,7.28459e-10,2599.27,6164.68,0,0
2020-08-04 11:00:00 UTC,3184.14,947.897,-3685.03,785.246,785.246,41.0984,-1315.64,-1516.61,1756.65,1756.65,-1575.87,-1294.91,6090.58,230.763,-714.347,-1342.69,-2738.67,-866.503,4568.34,613.837,-567.036,2375.28,2375.28,2190.61,3025.71,882.139,571.068,-315.126,-118.463,-1757.02,612.229,612.229,1365.97,753.594,753.594,4683.96,-2502.46,-2510.46,8811.08,8811.08,-2832.86,-5270.21,-2780.98,-1715.93,-3815.28,5358.27,7575.92,7631.75,8065.18,-157.461,1334.56,1334.56,-285.345,281.118,374.042,-319.383,-319.383,2148.13,-1057.61,-466.768,-1370.11,1578.02,1701.43,-903.473,-903.473,403.884,543.543,-473.695,-473.695,-438.355,-2207.67,1571.49,-784.284,-784.284,-60.4705,-60.4705,-16.5733,-14.1258,-20.0445,71.202,136.042,-107.978,7.79387,7.26869,-3.24555,31.0923,3.88268,-384.268,-384.268,-40.7681,-40.7681,-40.3811,-40.3811,756.528,756.528,756.528,-240.897,-240.897,-99.6302,181.528,99.2862,99.2862,-125.022,-125.022,349.507,120.202,1715.93,-0.229997,-0.229997,1450.02,1450.02,1450.02,-4156.83,1100.6,1100.6,1159.33,1159.33,0.316,-349.726,-349.726,142.212,142.212,4899.42,4899.42,-4664.02,-4664.02,0,215.594,2059.41,854.999,-1890.64,-1890.64,1567.37,-8389.44,-3676.12,1626.1,4837.01,4837.01,-1204.14,-1204.14,4149.28,4149.28,-445.813,-1064.83,-6185.75,-3087.96,-2007.6,-2007.6,1244.72,1244.72,1244.72,-3095.19,-3095.19,4123.51,-7.68633e-11,-7.68633e-11,-1475.64,2713.83,2713.83,-3903.66,1327.1,-1103.69,0,-2429.5,-1136.4,3615.59,2723.82,2723.82,404.833,-214.357,48.5477,3110.89,3110.89,1809.64,-865.809,-865.809,-8736.81,5467.07,8736.81,-7583.04,-7638.98,-8072.52,10917.5,-2250.34,2129.31,-7575.92,-7631.75,-8065.18,8664.43,4543.6,2178.22,-1026.8,-14069,-2290,-11473.5,-28515.4,-15707.1,-15707.1,-1927.94,8320.86,-798.964,-1919,-751.642,885.111,-917.71,959.223,819.298,897.695,-969.714,-992.116,-975.066,924.039,-272.714,-272.714,863.124,-3781.11,-3781.11,8385.77,-779.032,-1200.59,936.664,-719.755,-2355.92,-3694.18,-3694.18,-6430.12,-8098.83,-8551.86,-16579.8,9073.81,-4565.44,6430.12,-1782.92,-4559.9,-8393.13,-4921.16,-4919.38,1782.92,8098.83,8551.85,-3537.36,-3578.82,-2560.44,-2973.22,-2403.14,-2632.57,-2010.6,-2010.6,-454.494,-770.34,1889.04,2132.17,-3736.6,8098.83,8098.83,8551.86,8551.86,1526.22,1526.22,-84.9612,-329.074,-1223.48,-1223.48,-5083.07,-5083.07,4845.54,4845.54,-1228.59,137.132,-2842.15,3375.65,-14213.7,14661.6,16301.3,-11194.5,2842.15,-2970.28,-1883.07,2629.64,-124.066,-124.066,-869.517,-869.517,263.875,-337.043,2171.98,350.469,-51.6445,-51.6445,-1756.17,-591.573,-2244.75,-1704.94,-135.544,-135.544,-202.745,-202.825,-1964.04,-1964.04,-2118.14,-1087.26,-1568.27,-836.524,-355.435,-161.169,-161.169,90.3216,101.626,0,728.963,810.476,0,55.2412,-960.723,-960.723,-107.909,-179.904,415.017,417.191,-114.007,565.804,552.41,-1474.87,2734.93,6417.23,1203.09,484.77,484.77,-233.06,-2064.63,-2064.63,-936.466,-929.714,-8.12158e-10,0,-949.374,-949.374,0,6.27604e-10,0,-1110.43,0,881.475,0,-3.34235e-10,-8.63482e-10,1117.65,878.79,878.79,0,216.794,216.794,1.02267e-10,0,-1197.91,-1883.56,-1883.56,-1883.56,-2340.78,0,0,0,-429.956,-429.956,-429.956,0,842.274,281.999,281.999,120.941,3.93075e-10,60.4747,60.4747,-4.1933e-11,-1.18184e-10,-4.437e-10,-3.9178e-10,-85.2304,-84.597,-126.098,0,2.10925e-11,0,3092.36,3092.36,3092.36,0,0,0,0,-1.66181e-10,-5.76458e-11,-2918.99,-2918.99,7.15419e-11,5088.18,782.659,1144.43,0,-2.8509e-10,1004.63,2509.78,-1.65492e-12,18961.2,10470.3,3032.83,2925.39,-48.5477,-3115.4,-3115.4,-1.41163e-10,75154,-783.275,1.14084e-09,-3.34153e-10,-1012.72,-1627.7,-4021.21,1.25984e-10,-2.74792e-10,3.92068e-10,-544.764,-2.56192e-10,4.42641e-10,1.31763e-10,-7684.31,4.79492e-10,-4559.9,9.41019e-11,-812.508,-2011.81,2.47489e-10,-1476.34,-1.8436e-10,-2025.86,3461.11,-6.26073e-10,3.48782e-10,2758.3,2758.3,-1.19184e-10,-84.1712,-84.1712,-1.57947e-11,-41.0984,0,8.85724e-10,2663.23,6306.65,0,0
2020-08-04 12:00:00 UTC,3406.95,1015.18,-3998.22,869.237,869.237,51.1381,-1431.26,-1649.62,1879.52,1879.52,-1669.42,-1360.08,6474,242.551,-748.004,-1435.09,-2897.71,-916.828,4852.07,651.026,-603.77,2519.97,2519.97,2342.72,3263.94,951.872,597.792,-341.844,-136.268,-1864.61,647.82,647.82,1446.52,798.544,798.544,4961.44,-2613.88,-2622.23,9280.04,9280.04,-2957.5,-5579.12,-2954.15,-1822.79,-3981,5577.03,7972.27,8031.02,8487.15,-163.398,1404.32,1404.32,-299.929,294.962,386.716,-339.325,-339.325,2255.65,-1114.73,-487.006,-1447.11,1657.22,1786.82,-960.251,-960.251,433.009,587.21,-510.088,-510.088,-470.162,-2348.28,1666.42,-831.564,-831.564,-65.9452,-65.9452,-17.6024,-15.0688,-21.0816,74.9044,142.937,-113.922,8.05567,7.51284,-3.78338,32.6312,3.54557,-405.948,-405.948,-42.0579,-42.0579,-41.6598,-41.6598,797.885,797.885,797.885,-248.43,-248.43,-106.566,191.234,106.07,106.07,-131.56,-131.56,376.132,127.124,1822.79,-0.229996,-0.229996,1523.51,1523.51,1523.51,-4364.89,1158.15,1158.15,1217.42,1217.42,0.316,-367.401,-367.401,146.376,146.376,5141.68,5141.68,-4890.84,-4890.84,0,225.166,2159,896.397,-1982.29,-1982.29,1645.11,-8809.96,-3860.36,1704.39,5077.44,5077.44,-1262.31,-1262.31,4355.55,4355.55,-468.036,-1115.35,-6497.74,-3230.14,-2107.11,-2107.11,1304.68,1304.68,1304.68,-3248.84,-3248.84,4329.55,1.20507e-10,1.20507e-10,-1546.88,2848.69,2848.69,-4100.1,1390.55,-1165.75,0,-2554.86,-1194.89,3793.42,2858.68,2858.68,421.924,-225.576,51.6728,3276.14,3276.14,1903.95,-910.713,-910.713,-9191.06,5749.93,9191.06,-7980.16,-8039.03,-8495.28,11483.6,-2366.85,2238.86,-7972.27,-8031.02,-8487.15,9100.99,4776.1,2302.96,-1069.77,-14752.4,-2403.46,-12032.9,-29892,-16465.7,-16465.7,-2027.2,8737.09,-841.504,-2017.09,-784.819,925.278,-962.839,1005.67,860.202,942.242,-1017.06,-1040.56,-1022.68,969.322,-286.83,-286.83,905.034,-3970.57,-3970.57,8809.81,-819.174,-1259.88,982.101,-752.914,-2462.37,-3875.41,-3875.41,-6769.71,-8480,-8954.36,-17341.9,9508.8,-4851.35,6769.71,-1833,-4845.1,-8769.69,-5141.95,-5140.09,1833,8480,8954.36,-3698.76,-3742.11,-2658.22,-3086.8,-2505.06,-2797.05,-2104.67,-2104.67,-467.501,-832.595,1977.42,2231.93,-3860.81,8480,8480,8954.36,8954.36,1573.45,1573.45,-91.2375,-352.816,-1253.71,-1253.71,-5232.73,-5232.73,5020.5,5020.5,-1369.1,113.616,-2921.96,3486,-14610.3,15327.9,17047.8,-11517.5,2921.96,-3162.2,-1999.51,2776.15,-135.676,-135.676,-933.649,-933.649,301.721,-363.95,2370.31,387.088,-68.5123,-68.5123,-1919.24,-642.258,-2491.8,-1851.24,-142.955,-142.955,-222.357,-222.444,-2074.79,-2074.79,-2240.8,-1153.35,-1661.44,-907.112,-403.488,-174.754,-174.754,97.4809,109.681,0,772.132,858.287,0,61.0256,-1036.26,-1036.26,-117.549,-193.034,440.724,443.032,-122.427,603.872,589.569,-1605.02,2981.5,6722.24,1258.76,508.602,508.602,-241.028,-2209.47,-2209.47,-1006.8,-999.543,-2.73235e-10,0,-1036.02,-1036.02,0,-3.2689e-10,0,-1190.92,0,951.098,0,-1.66949e-10,3.79263e-10,1203.95,932.618,932.618,0,239.056,239.056,-9.58423e-12,0,-1255.34,-1976.78,-1976.78,-1976.78,-2468.56,0,0,0,-453.827,-453.827,-453.827,0,903.211,304.177,304.177,131.89,-3.19492e-10,65.9502,65.9502,5.80496e-10,1.64783e-10,-3.98548e-10,9.65953e-11,-91.5534,-90.873,-134.118,0,-4.37743e-11,0,3243.87,3243.87,3243.87,0,0,0,0,-8.59178e-11,-2.38517e-11,-3072.43,-3072.43,4.92916e-10,5354.81,828.076,1210.84,0,-1.89084e-11,1060.35,2635.95,-6.86695e-11,19898.2,10989.1,3172.43,3068.69,-51.6728,-3280.51,-3280.51,-9.25719e-11,78888.4,-845.896,1.73843e-10,1.47779e-10,-1060.11,-1703.85,-4209.35,-3.72983e-10,7.45896e-10,2.1961e-10,-551.041,3.70289e-10,-2.28222e-10,9.17927e-11,-7923.87,-6.9926e-10,-4845.1,-8.33811e-10,-843.244,-2200.94,-3.64453e-10,-1602,-3.59057e-11,-2160.69,3770.47,-1.05309e-10,6.55952e-10,2902,2902,-1.2348e-10,-74.4138,-74.4138,4.9096e-10,-51.1381,0,-1.85842e-10,2793.86,6623.06,0,0
2020-08-04 13:00:00 UTC,3715.76,1102.61,-4338.25,919.336,919.336,146.142,-1541.98,-1773.91,2033.47,2033.47,-1902.57,-1525.44,7186.94,201.303,-834.227,-1614.63,-3176.6,-1005.08,5433.53,735.677,-544.689,2783.78,2783.78,2621.4,3639.17,1062.8,651.037,-395.074,-149.371,-2076.96,717.542,717.542,1601.41,883.677,883.677,5516.37,-2903.24,-2912.51,10354.6,10354.6,-3280.99,-6278.77,-3289.3,-2029.61,-4410.79,6194.48,8913.44,8979.12,9489.15,-183.605,1569.6,1569.6,-325.771,330.042,458.615,-366.529,-366.529,2526.11,-1214.67,-536.636,-1599.54,1863.59,2009.29,-1063.08,-1063.08,472.686,634.283,-553.46,-553.46,-512.966,-2603.93,1841.12,-918.554,-918.554,-70.0225,-70.0225,-19.1299,-16.1382,-23.6596,83.9956,162.241,-127.833,8.40512,7.83875,-4.68543,36.253,5.94015,-451.979,-451.979,-50.1945,-50.1945,-49.7172,-49.7172,887.374,887.374,887.374,-276.136,-276.136,-117.394,215.611,117.341,117.341,-148.701,-148.701,419.314,142.478,2029.61,-0.0229949,-0.0229949,1664.02,1664.02,1664.02,-4768.89,1268.12,1268.12,1325.66,1325.66,0.032,-399.967,-399.967,140.489,140.489,5587.74,5587.74,-5294.65,-5294.65,0,236.859,2337.46,971.688,-2144.98,-2144.98,1796.87,-9629.42,-4219.39,1854.42,5526.08,5526.08,-1365.42,-1365.42,4737.52,4737.52,-505.537,-1204.35,-7199.85,-3377.58,-2302.86,-2302.86,1426.31,1426.31,1426.31,-3579.19,-3579.19,4712.27,-5.5303e-11,-5.5303e-11,-1693.53,3142.39,3142.39,-4534.56,1537.59,-1307.23,0,-2843.05,-1303.56,4196.81,3153.42,3153.42,452.069,-246.965,55.041,3560.04,3560.04,2124.4,-1018.19,-1018.19,-10261.4,6445.4,10261.4,-8923.31,-8989.13,-9499.32,12856,-2630.57,2494.15,-8913.44,-8979.12,-9489.15,10053.2,5330.41,2761.5,-1056.7,-15837.2,-2629.21,-12944.1,-32109.2,-17687,-17687,-2171.77,9545.58,-906.805,-2159.62,-840.755,991.853,-1039.85,1085.88,930.352,1018.65,-1093.27,-1118.53,-1099.3,1046.98,-319.027,-319.027,976.892,-4305.8,-4305.8,9569.79,-899.371,-1366.57,1059.99,-807.985,-2639.85,-4213.06,-4213.06,-7328.87,-9065.85,-9573,-18491.2,10111.3,-5363.84,7328.87,-1875.96,-5356.21,-9332.79,-5472.11,-5470.13,1875.96,9065.85,9573,-3932.46,-3978.55,-2795.55,-3246.31,-2652.67,-3084.44,-2240.87,-2240.87,-486.383,-957.598,2105.38,2376.36,-4025.62,9065.85,9065.85,9573,9573,1631.09,1631.09,-102.516,-395.147,-1281.61,-1281.61,-5406.38,-5406.38,5261.75,5261.75,-1648.94,55.3329,-2994.94,3627.03,-15037.9,16353.8,18176.2,-11805.3,2994.94,-3540.53,-2221.67,3016.61,-148.653,-148.653,-1090.42,-1090.42,391.126,-430.841,2756.63,464.015,-115.687,-115.687,-2235.51,-736.54,-3001.71,-2120.6,-170.193,-170.193,-280.729,-280.838,-2268.76,-2268.76,-2469.26,-1288.82,-1849.34,-1076.31,-561.896,-205.542,-205.542,89.617,100.932,0,830.615,923.075,0,49.4047,-1141.23,-1141.23,-100.345,-293.465,477.82,480.32,-115.367,626.984,612.063,-1831.54,3291.7,7094.18,1352.84,546.82,546.82,-258.594,-2407.3,-2407.3,-1121.02,-1112.94,-2.26332e-10,0,-1093.01,-1093.01,0,-2.4266e-10,0,-1410.94,0,1061.83,0,-4.70358e-11,-7.11819e-10,1333.12,1038.87,1038.87,0,272.222,272.222,1.5911e-10,0,-1404.33,-2224.19,-2224.19,-2224.19,-2746.12,0,0,0,-499.099,-499.099,-499.099,0,985.699,329.592,329.592,140.045,1.61354e-10,70.0281,70.0281,-4.87083e-10,3.71326e-10,-4.64495e-10,-1.7496e-10,-100.193,-99.4488,-145.158,0,-5.88406e-11,0,3527.3,3527.3,3527.3,0,0,0,0,1.2363e-11,-1.04423e-10,-3337.63,-3337.63,3.15119e-10,5952.5,927.505,1356.23,0,2.49192e-10,1164.85,2888.4,3.45402e-10,21612.8,11917.5,3403.86,3298.7,-55.041,-3564.57,-3564.57,2.89025e-10,85799.2,-971.482,6.81763e-10,-1.31523e-11,-1128.7,-1814.11,-4481.74,4.91057e-10,1.86646e-11,-5.8907e-10,-545.982,4.35069e-10,6.92778e-10,-4.66259e-10,-8049.63,1.16168e-09,-5356.21,-2.57778e-10,-870.328,-2574.58,-3.57473e-10,-1835.14,4.9175e-10,-2401.59,4356.11,-2.26485e-10,-1.04205e-09,3151.87,3151.87,-5.3046e-11,-34.7057,-34.7057,-1.07392e-09,-146.142,0,1.29799e-10,3025.28,7228.04,0,0
2020-08-04 14:00:00 UTC,4031.26,1185.27,-4580.4,882.267,882.267,343.421,-1603.19,-1837.28,2165.25,2165.25,-2259.54,-1798.68,8144.55,118.806,-981.237,-1840.57,-3559.82,-1126.35,6253.93,861.136,-356.862,3131.59,3131.59,2968.23,4070.31,1189.87,720.097,-464.112,-152.95,-2351.17,811.035,811.035,1823.82,1012.53,1012.53,6297.85,-3408.57,-3419.45,12047.1,12047.1,-3838.9,-7329.4,-3750.41,-2314.16,-5141.75,7221.57,10424.7,10501.5,11098.1,-226.471,1831.28,1831.28,-366.158,389.622,610.064,-395.249,-395.249,2977.43,-1350.26,-619.125,-1839.58,2207.85,2380.41,-1220.69,-1220.69,511.201,663.656,-587.401,-587.401,-553.823,-2941.41,2078.57,-1036.72,-1036.72,-69.438,-69.438,-20.6847,-16.7421,-27.798,98.5324,195.489,-149.741,9.15409,8.53727,-5.20122,42.3144,12.6243,-518.504,-518.504,-67.5586,-67.5586,-66.9099,-66.9099,1019.76,1019.76,1019.76,-325.886,-325.886,-128.753,255.445,130.506,130.506,-177.349,-177.349,470.657,165.611,2314.16,1.67051,1.67051,1880.41,1880.41,1880.41,-5387.41,1438.76,1438.76,1491.69,1491.69,-2.291,-452.138,-452.138,121.026,121.026,6263.11,6263.11,-5890.26,-5890.26,0,251.195,2600.85,1078.93,-2383.12,-2383.12,2027.53,-10888.1,-4770.85,2080.46,6209.98,6209.98,-1521.48,-1521.48,5320.05,5320.05,-565.195,-1338.17,-8336.62,-3499.94,-2602.01,-2602.01,1612.13,1612.13,1612.13,-4107.61,-4107.61,5296.83,-1.15692e-10,-1.15692e-10,-1915.93,3609.02,3609.02,-5217.51,1786.19,-1520.51,0,-3304.28,-1453.26,4866.29,3625.94,3625.94,499.807,-273.429,60.0071,3948.55,3948.55,2477.7,-1190.36,-1190.36,-11976,7592.63,11976,-10438.2,-10515.2,-11112,15099.2,-3047.23,2897.16,-10424.7,-10501.5,-11098.1,11567.6,6246.39,3586.86,-972.753,-17312.7,-2983.46,-14202.6,-35137.2,-19347.8,-19347.8,-2349.79,10821.1,-1024.13,-2329.01,-918.734,1089.73,-1149.14,1204.64,1029.97,1127.69,-1193.97,-1221.58,-1200.56,1159.05,-374.838,-374.838,1081.32,-4785.69,-4785.69,10712,-1057.61,-1517.93,1173.25,-879.171,-2886.77,-4732.26,-4732.26,-8070.15,-9838.4,-10388.8,-20007.8,10819.3,-6047.25,8070.15,-1928.98,-6037.55,-10076.5,-5908.18,-5906.05,1928.98,9838.4,10388.8,-4230.5,-4280.08,-2984.35,-3465.62,-2853.11,-3461.41,-2410.88,-2410.88,-522.654,-1129.87,2265.12,2556.65,-4253.01,9838.4,9838.4,10388.8,10388.8,1713.29,1713.29,-115.427,-443.74,-1328.44,-1328.44,-5661.06,-5661.06,5595.91,5595.91,-2007.16,-18.4539,-3102.6,3827.19,-15719.3,17720.6,19667.2,-12203.7,3102.6,-4071.77,-2529.42,3328.89,-160.929,-160.929,-1325.29,-1325.29,516.275,-531.076,3266.77,570.963,-184.583,-184.583,-2664.77,-859.137,-3707.66,-2481.38,-215.014,-215.014,-372.425,-372.569,-2528.57,-2528.57,-2784,-1482.99,-2118.52,-1323.22,-822.061,-248.996,-248.996,61.6355,69.6588,0,885.748,984.229,0,14.7302,-1235.48,-1235.48,-48.6474,-496.343,518.416,521.125,-87.4942,618.647,603.798,-2127.11,3592.45,7494.36,1464.39,597.985,597.985,-267.738,-2606.05,-2606.05,-1247.88,-1238.88,1.02883e-09,0,-1069.14,-1069.14,0,4.66495e-10,0,-1718.02,0,1188.66,0,3.36044e-10,-6.54598e-10,1483.84,1176.08,1176.08,0,308.531,308.531,4.62437e-10,0,-1679.17,-2643.32,-2643.32,-2643.32,-3157.81,0,0,0,-586.36,-586.36,-586.36,0,1065.08,347.778,347.778,138.876,1.4444e-09,69.4435,69.4435,2.89344e-11,4.41417e-10,-3.61319e-10,-4.66286e-13,-108.296,-107.491,-163.32,0,1.6204e-10,0,3947.43,3947.43,3947.43,0,0,0,0,-1.12812e-10,2.15251e-10,-3700.15,-3700.15,-3.233e-10,6877.65,1074.18,1570.69,0,5.33278e-11,1302.65,3269.2,4.25952e-10,24169,13266.2,3712.85,3598.88,-60.0071,-3955.01,-3955.01,4.10772e-10,96307.9,-1145.31,1.99638e-09,-1.8488e-10,-1214.33,-1951.74,-4821.77,-2.73688e-10,9.00973e-10,-6.25608e-10,-533.223,-1.04331e-09,4.00125e-10,-2.89378e-10,-8118,-6.62811e-10,-6037.55,6.80463e-10,-895.187,-3072.7,-2.55153e-10,-2128.4,-2.948e-10,-2726.51,5146.15,8.16369e-10,6.4869e-10,3493.17,3493.17,2.2091e-10,30.1611,30.1611,7.27002e-10,-343.421,0,1.46978e-09,3333.98,8099.74,0,0
2020-08-04 15:00:00 UTC,4256.03,1240.34,-4637.85,757.417,757.417,608.447,-1587.53,-1809.92,2221.44,2221.44,-2581.52,-2106.45,9012.54,83.2944,-1159.39,-1984,-3958.26,-1252.44,7004.25,979.643,-85.905,3498.17,3498.17,3230.38,4369.03,1276.07,774.803,-518.8,-144.24,-2567.34,892.594,892.594,2051.69,1158.78,1158.78,7051.14,-4053.39,-4066.32,13953.8,13953.8,-4535.99,-8423.88,-4178.6,-2578.4,-6033,8392.25,12173.5,12263.2,12960,-294.212,2125.54,2125.54,-412.335,463.875,843.758,-404.917,-404.917,3527.05,-1465.72,-716.717,-2123.93,2625.88,2831.03,-1407.54,-1407.54,516.996,627.125,-572.035,-572.035,-558.232,-3235.55,2313.08,-1153.37,-1153.37,-57.7635,-57.7635,-20.8929,-15.4856,-32.5268,115.136,238.247,-174.962,10.4038,9.7028,-4.27242,49.9146,25.2371,-583.215,-583.215,-94.9327,-94.9327,-94.0114,-94.0114,1152.13,1152.13,1152.13,-385.437,-385.437,-132.738,303.572,138.345,138.345,-212.931,-212.931,507.879,190.557,2578.4,7.30602,7.30602,2131.27,2131.27,2131.27,-6088.28,1638.58,1638.58,1686.75,1686.75,-10.03,-520.965,-520.965,87.8423,87.8423,7037.66,7037.66,-6547.56,-6547.56,0,266.818,2890.5,1181.01,-2641.01,-2641.01,2281.51,-12321.7,-5398.87,2329.68,6999.09,6999.09,-1708.95,-1708.95,5997.51,5997.51,-652.404,-1497.32,-9680.86,-3511.05,-2936.79,-2936.79,1814.78,1814.78,1814.78,-4726.15,-4726.15,5976.36,-1.16358e-10,-1.16358e-10,-2156.01,4147.84,4147.84,-5992.68,2088.66,-1754.95,0,-3840.27,-1602.02,5675.98,4180.13,4180.13,564.046,-281.195,69.8366,4337.3,4337.3,2889.24,-1387.17,-1387.17,-13959.7,8961.02,13959.7,-12191.9,-12281.9,-12979,17749.9,-3529.4,3351.89,-12173.5,-12263.2,-12960,13323.1,7349.34,4631.17,-820.029,-18772.8,-3395.99,-15468.2,-38126.4,-20971.7,-20971.7,-2505.82,12338.4,-1199.89,-2464.65,-991.686,1200.42,-1260.95,1339.68,1131.95,1240.85,-1285.73,-1315.48,-1292.83,1278.83,-445.847,-445.847,1194.91,-5292.22,-5292.22,12013,-1299.66,-1661.42,1296.62,-937.221,-3128.37,-5332.86,-5332.86,-8788.34,-10556.2,-11146.8,-21400.9,11355.7,-6736.92,8788.34,-1951.3,-6724.88,-10754.5,-6305.7,-6303.43,1951.3,10556.2,11146.8,-4499.12,-4551.86,-3151.15,-3659.39,-3015.16,-3836.71,-2569.74,-2569.74,-536.732,-1314.92,2414.37,2725.1,-4461.37,10556.2,10556.2,11146.8,11146.8,1784.11,1784.11,-130.317,-499.556,-1358.2,-1358.2,-5869.89,-5869.89,5906.22,5906.22,-2385.48,-99.6119,-3185.2,4003.65,-16254.3,18946,21031.5,-12519.7,3185.2,-4602.1,-2833.13,3629.98,-168.979,-168.979,-1569.67,-1569.67,657.148,-635.012,3795.49,683.303,-263.998,-263.998,-3106.43,-985.304,-4437.08,-2844.2,-263.773,-263.773,-469.575,-469.755,-2785.19,-2785.19,-3099.71,-1681.9,-2395.97,-1578.93,-1119.9,-292.752,-292.752,17.1549,19.8923,0,913.337,1014.93,0,-37.1983,-1281.92,-1281.92,29.7863,-765.85,553.39,556.278,-41.8527,576.78,562.785,-2423.28,3784.92,7756.29,1537.8,647.105,647.105,-242.953,-2745.74,-2745.74,-1355.95,-1346.18,-5.24975e-11,0,-960.555,-960.555,0,-6.53207e-10,0,-1895.72,0,1274.68,0,4.94973e-10,-2.20872e-10,1599.57,1284.26,1284.26,0,331.52,331.52,9.48101e-11,0,-2064.49,-3163.03,-3163.03,-3163.03,-3571.52,0,0,0,-725.58,-725.58,-725.58,0,1075.28,334.358,334.358,115.527,-5.82487e-10,57.7673,57.7673,8.12323e-10,-3.42968e-10,2.82216e-10,-7.42295e-10,-108.911,-108.102,-191.852,0,-2.60888e-10,0,4399.76,4399.76,4399.76,0,0,0,0,1.56433e-10,-1.21586e-10,-4061.46,-4061.46,5.40066e-10,7910.6,1225.61,1792.1,0,7.2053e-10,1423.33,3685.72,9.7764e-10,27005.1,14691.4,3992.51,3864.72,-69.8366,-4349.18,-4349.18,-2.59747e-10,108369,-1333.45,1.45139e-09,-3.79134e-10,-1294.34,-2080.34,-5139.47,-2.0567e-09,6.52676e-11,9.22169e-10,-522.26,4.61616e-10,-5.49967e-10,-9.24988e-10,-8178.71,-5.58598e-10,-6724.88,4.44008e-10,-908.339,-3591.72,2.41768e-10,-2430.18,-1.83345e-09,-3039.63,5950.63,5.59542e-11,-5.3456e-10,3832.11,3832.11,-1.43502e-10,108.326,108.326,2.50853e-10,-608.447,0,-2.01223e-10,3609.14,8993.89,0,0
2020-08-04 16:00:00 UTC,4398.59,1271.47,-4570.38,601.444,601.444,836.297,-1528.81,-1734.62,2225.6,2225.6,-2853.04,-2392.36,9723.85,55.9473,-1329.24,-2084.55,-4308.45,-1363.27,7632.79,1080.54,159.554,3822.79,3822.79,3463.48,4588,1340.13,826.649,-570.627,-121.908,-2770.94,969.143,969.143,2256.14,1286.62,1286.62,7718.68,-4569.7,-4584.26,15521.1,15521.1,-5105.37,-9346.59,-4532.43,-2796.76,-6778.11,9516.2,13610.3,13710.5,14489.7,-327.308,2368.08,2368.08,-414.815,516.639,950.832,-430.46,-430.46,3947.37,-1593.67,-797.446,-2346.39,2976.59,3209.07,-1549.35,-1549.35,517.983,591.689,-554.812,-554.812,-557.744,-3475.65,2497.79,-1245.2,-1245.2,-48.3342,-48.3342,-20.7925,-14.0282,-36.7171,129.7,267.118,-188.381,10.4576,9.75294,-4.74251,53.9959,37.2355,-632.891,-632.891,-120.515,-120.515,-119.338,-119.338,1264.8,1264.8,1264.8,-439.648,-439.648,-137.258,332.992,144.017,144.017,-235.409,-235.409,526.769,206.448,2796.76,6.19952,6.19952,2330.13,2330.13,2330.13,-6669.59,1796.39,1796.39,1844.21,1844.21,-8.517,-577.512,-577.512,59.2438,59.2438,7673,7673,-7082.28,-7082.28,0,279.069,3124.81,1255.08,-2850.56,-2850.56,2487.84,-13492.5,-5911.8,2535.66,7646.98,7646.98,-1869.09,-1869.09,6554.67,6554.67,-734.289,-1633.35,-10792.7,-3482.45,-3213.19,-3213.19,1978.94,1978.94,1978.94,-5235.45,-5235.45,6533.68,9.7563e-11,9.7563e-11,-2343.17,4586.39,4586.39,-6616.04,2344.7,-1936.83,0,-4277.3,-1714.27,6361.68,4635.4,4635.4,622.412,-277.035,65.5044,4643.86,4643.86,3221.36,-1552.91,-1552.91,-15583.6,10094,15583.6,-13633.3,-13733.9,-14513.5,19937.4,-3909.98,3730.11,-13610.3,-13710.5,-14489.7,14772.2,8269.68,5505.4,-678.682,-19893.4,-3739.44,-16446.4,-40406.5,-22205.4,-22205.4,-2617.83,13617.9,-1370.08,-2554.07,-1048.4,1279.63,-1347.28,1450.15,1210.39,1328.64,-1353.69,-1385.03,-1361.16,1373.68,-510.045,-510.045,1285.9,-5692.15,-5692.15,13092.6,-1531.07,-1767.41,1395.56,-977.61,-3304.61,-5832.95,-5832.95,-9341.85,-11081.1,-11701.1,-22399.7,11690.9,-7294.37,9341.85,-1941.72,-7280.25,-11240.2,-6590.46,-6588.09,1941.72,11081.1,11701.1,-4688.24,-4743.19,-3269.51,-3796.89,-3103.61,-4139.83,-2689.31,-2689.31,-521.012,-1475.85,2526.71,2851.9,-4620.05,11081.1,11081.1,11701.1,11701.1,1835.4,1835.4,-143.871,-550.235,-1372.25,-1372.25,-6013.64,-6013.64,6152.94,6152.94,-2707.83,-170.425,-3239.62,4136.39,-16620.3,19810.5,22006.7,-12735,3239.62,-5020.96,-3066,3860.84,-168.464,-168.464,-1771.32,-1771.32,780.855,-719.566,4226.84,771.109,-335.473,-335.473,-3445.61,-1088.38,-4971.27,-3112.48,-308.288,-308.288,-552.139,-552.35,-2986.06,-2986.06,-3350,-1842.25,-2619.25,-1793.97,-1371.75,-329.434,-329.434,-25.0018,-27.2827,0,934.986,1039.1,0,-85.5646,-1315.15,-1315.15,103.889,-999.297,579.74,582.763,1.76864,529.884,516.878,-2634.41,3847.06,7900.36,1569.87,683.077,683.077,-203.184,-2832.43,-2832.43,-1427.37,-1417.08,1.67806e-10,0,-818.932,-818.932,0,-2.23446e-10,0,-2022.6,0,1338.6,0,8.63642e-10,-5.93637e-11,1679.03,1386.16,1386.16,0,346.267,346.267,-1.05548e-09,0,-2338.82,-3589.41,-3589.41,-3589.41,-3924.1,0,0,0,-789.094,-789.094,-789.094,0,1075.78,320.974,320.974,96.6684,7.09444e-10,48.3369,48.3369,7.80603e-10,-1.09054e-11,-5.51608e-10,1.56397e-09,-108.99,-108.181,-202.144,0,4.56024e-11,0,4761.35,4761.35,4761.35,0,0,0,0,2.87447e-10,1.92501e-10,-4343.21,-4343.21,2.70136e-10,8739.39,1346.57,1968.96,0,-7.68089e-10,1504.18,4021.6,2.59053e-10,29299.4,15816.7,4187.14,4057.67,-65.5044,-4661.75,-4661.75,-2.22435e-10,118303,-1497.59,7.49235e-10,1.22211e-10,-1354.57,-2177.14,-5378.61,-2.35091e-10,1.15939e-09,7.08864e-10,-515.245,7.15199e-10,4.14932e-10,2.32803e-11,-8218.42,1.44585e-10,-7280.25,2.8995e-10,-913.897,-4014.18,-9.4923e-10,-2690.94,8.5701e-10,-3264.98,6558.1,-4.22504e-10,1.12694e-10,4093.59,4093.59,-4.93668e-10,178.21,178.21,-5.62806e-11,-836.297,0,5.63048e-10,3800.65,9669.13,0,0
2020-08-04 17:00:00 UTC,4454.14,1276.19,-4333.99,392.383,392.383,1085.92,-1398.46,-1574.96,2163.95,2163.95,-3090.44,-2674.19,10307.4,27.3273,-1501.46,-2141.79,-4617.93,-1461.21,8173.14,1171.07,449.314,4144.32,4144.32,3608.32,4698.62,1372.14,860.85,-604.814,-98.9899,-2904.51,1023.33,1023.33,2430.26,1406.49,1406.49,8281.31,-5180.73,-5197.23,17142.4,17142.4,-5769.09,-10189.8,-4830.7,-2980.84,-7631.63,10587.5,15109.8,15221,16086.2,-396.089,2619.58,2619.58,-459.735,584.146,1107.98,-434.417,-434.417,4433.06,-1698.73,-895.218,-2598.56,3339.36,3600.08,-1703.84,-1703.84,508.057,532.065,-520.04,-520.04,-545.008,-3667.48,2672.71,-1332.12,-1332.12,-34.1007,-34.1007,-20.7057,-12.6374,-40.7504,143.68,304.655,-209.346,11.5264,10.7498,-3.3856,60.5485,48.7543,-685.329,-685.329,-145.094,-145.094,-143.67,-143.67,1373.03,1373.03,1373.03,-498.556,-498.556,-135.973,374.531,147.226,147.226,-266.143,-266.143,544.791,226.523,2980.84,9.32803,9.32803,2529.81,2529.81,2529.81,-7237.5,1954.78,1954.78,1999.41,1999.41,-12.812,-634.768,-634.768,24.3993,24.3993,8287.36,8287.36,-7590.43,-7590.43,0,288.893,3351.11,1331.64,-3048.15,-3048.15,2691.71,-14652.2,-6419.82,2736.34,8276.64,8276.64,-2018.73,-2018.73,7094.65,7094.65,-806.464,-1759.15,-11949.8,-3386.06,-3485.35,-3485.35,2145.82,2145.82,2145.82,-5761.56,-5761.56,7075.06,1.76661e-10,1.76661e-10,-2541.93,5043.64,5043.64,-7271.73,2617.61,-2122.89,0,-4735.21,-1818.17,7076.42,5106.54,5106.54,675.085,-278.038,70.1317,4925.21,4925.21,3573.51,-1721.55,-1721.55,-17280.6,11296.8,17280.6,-15138.2,-15249.8,-16115.5,22248.8,-4318.16,4111.66,-15109.8,-15221,-16086.2,16261.4,9236.79,6493.36,-486.134,-20874.5,-4081.14,-17322.7,-42429.1,-23297.6,-23297.6,-2701.61,14874.2,-1515.79,-2618.11,-1099.97,1358.98,-1428.78,1551.85,1284.18,1411.06,-1412.56,-1445.29,-1420.36,1462.3,-573.711,-573.711,1370.65,-6072.48,-6072.48,14114.7,-1748.44,-1872.78,1487.69,-1012.35,-3470.22,-6317.43,-6317.43,-9834.84,-11524.9,-12169.7,-23228.5,11903.2,-7813.39,9834.84,-1910.64,-7797.19,-11638.2,-6823.81,-6821.36,1910.64,11524.9,12169.7,-4830.38,-4887.01,-3367.26,-3910.45,-3169.31,-4421.83,-2779.42,-2779.42,-508.397,-1629.63,2611.38,2947.46,-4752.13,11524.9,11524.9,12169.7,12169.7,1874.94,1874.94,-155.944,-595.308,-1379.08,-1379.08,-6120.42,-6120.42,6364.08,6364.08,-3020.4,-243.012,-3279.28,4244.47,-16891.1,20527.5,22816.2,-12893.6,3279.28,-5423.84,-3281.41,4066.87,-158.875,-158.875,-1979.55,-1979.55,904.048,-805.746,4631.26,850.871,-409.542,-409.542,-3745.59,-1182.71,-5439.14,-3339.03,-359.656,-359.656,-642.222,-642.467,-3172.31,-3172.31,-3588.35,-2000.1,-2837.51,-2017.96,-1633.41,-367.497,-367.497,-72.6073,-80.5609,0,958.084,1064.96,0,-139.95,-1343.72,-1343.72,187.535,-1255.53,599.245,602.366,51.1249,465.732,454.109,-2798.19,3803.69,7925.88,1603.79,714.402,714.402,-174.533,-2862.52,-2862.52,-1485.7,-1474.99,-4.58674e-10,0,-624.001,-624.001,0,-2.93856e-11,0,-2107.42,0,1370.53,0,-6.71274e-10,8.47896e-10,1721.36,1453.02,1453.02,0,351.902,351.902,-1.2094e-10,0,-2697.94,-4044.08,-4044.08,-4044.08,-4262.76,0,0,0,-937.74,-937.74,-937.74,0,1053.12,295.695,295.695,68.2013,2.64137e-10,34.102,34.102,1.56101e-10,2.44594e-10,1.58777e-10,-4.4958e-10,-105.728,-104.944,-219.241,0,1.34226e-10,0,5115.47,5115.47,5115.47,0,0,0,0,1.5875e-10,-7.54139e-11,-4603.47,-4603.47,-5.20449e-10,9592.41,1465.32,2142.58,0,-8.18554e-11,1578.86,4355.54,3.32961e-10,31512.4,16891,4364.8,4224.79,-70.1317,-4948,-4948,-6.49936e-10,127910,-1654.3,6.37364e-10,-4.73629e-10,-1399.95,-2250.09,-5558.85,-3.60653e-10,-2.69922e-10,-9.38393e-12,-499.461,3.76739e-10,-1.88516e-10,-2.58953e-10,-8246.46,3.84929e-10,-7797.19,5.45571e-10,-910.822,-4409.92,-4.88834e-10,-2948.73,1.11006e-10,-3455.66,7084.62,3.67757e-10,4.41632e-10,4336.74,4336.74,-5.0065e-10,252.603,252.603,3.31888e-10,-1085.92,0,1.6589e-09,3987.56,10341.3,0,0
2020-08-04 18:00:00 UTC,4505.8,1282.72,-4163.76,227.876,227.876,1299.85,-1301.2,-1454.69,2112.1,2112.1,-3273.02,-2903.63,10778.2,17.8977,-1643.31,-2176.88,-4874.91,-1542.54,8601.41,1243.03,692.888,4416.38,4416.38,3730.88,4736.55,1384.89,893.437,-637.388,-62.9857,-3030.51,1070.11,1070.11,2557.26,1486.67,1486.67,8748.15,-5697.89,-5716.03,18505.7,18505.7,-6335.72,-10901.9,-5072.81,-3130.25,-8367.72,11584,16376.9,16497.4,17435.3,-451.179,2836.1,2836.1,-498.016,640.736,1294.07,-432.115,-432.115,4846.9,-1777.23,-978,-2792.84,3650.26,3935.17,-1815.42,-1815.42,492.693,464.774,-478.715,-478.715,-526.355,-3818.71,2817.87,-1404.23,-1404.23,-18.5458,-18.5458,-20.706,-11.5244,-44.2573,155.803,341.705,-232.978,12.6389,11.7873,-1.8284,67.2636,58.5101,-733.362,-733.362,-166.09,-166.09,-164.455,-164.455,1467.78,1467.78,1467.78,-556.495,-556.495,-133.426,416.997,149.588,149.588,-297.742,-297.742,556.762,246.665,3130.25,12.8265,12.8265,2694.51,2694.51,2694.51,-7709.23,2080.92,2080.92,2128.34,2128.34,-17.618,-683.391,-683.391,-0.0952971,-0.0952971,8798.92,8798.92,-8016.25,-8016.25,0,299.469,3543.82,1397.98,-3213.45,-3213.45,2860.27,-15617.9,-6842.83,2907.68,8798.96,8798.96,-2145.01,-2145.01,7542.82,7542.82,-865.428,-1864.16,-12928.8,-3299.68,-3714.46,-3714.46,2289.7,2289.7,2289.7,-6207.87,-6207.87,7522,-5.11168e-11,-5.11168e-11,-2714.55,5431.27,5431.27,-7827.99,2853.19,-2272.9,0,-5119.78,-1902.17,7684.85,5504.44,5504.44,719.283,-279.943,73.9449,5161.76,5161.76,3869.22,-1864.93,-1864.93,-18711.2,12314.9,18711.2,-16410.3,-16531.3,-17469.8,24203.2,-4657.11,4434.8,-16376.9,-16497.4,-17435.3,17517,10054.5,7339.91,-321.693,-21674.7,-4367,-18039.6,-44083.3,-24190.6,-24190.6,-2767.84,15920.6,-1628.71,-2669.23,-1142.58,1423.06,-1496.71,1633.89,1345.71,1479.45,-1460.75,-1494.61,-1468.82,1535.17,-626.985,-626.985,1439.95,-6389.89,-6389.89,14959.4,-1923.01,-1962.15,1563.01,-1041.73,-3606.25,-6719.98,-6719.98,-10242.8,-11881.4,-12546.2,-23893.6,12062.8,-8251.63,10242.8,-1874.77,-8233.55,-11951.6,-7007.55,-7005.04,1874.77,11881.4,12546.2,-4930.1,-4987.91,-3444.98,-4000.74,-3226.46,-4660.15,-2839.31,-2839.31,-510.605,-1761.73,2667.65,3010.96,-4855.62,11881.4,11881.4,12546.2,12546.2,1902.85,1902.85,-165.439,-630.731,-1379.93,-1379.93,-6191.85,-6191.85,6527.03,6527.03,-3289.57,-308.143,-3305.28,4324.13,-17071.6,21102.9,23462.5,-12998.4,3305.28,-5757.78,-3461.85,4238.28,-152.837,-152.837,-2151.71,-2151.71,1011.88,-878.125,4980.07,921.283,-474.798,-474.798,-4016.8,-1263.42,-5864.28,-3545.59,-401.163,-401.163,-716.461,-716.734,-3327.71,-3327.71,-3786.58,-2130.95,-3019.07,-2197.91,-1853.25,-397.735,-397.735,-114.012,-126.906,0,966.692,1074.7,0,-186.869,-1352.44,-1352.44,259.546,-1476.54,616.513,619.721,94.2146,411.016,400.589,-2954.16,3798.87,7928.66,1636.33,739.948,739.948,-156.034,-2891.57,-2891.57,-1537.24,-1526.15,4.24369e-10,0,-470.623,-470.623,0,-6.70064e-10,0,-2151.14,0,1383.25,0,-1.16113e-10,3.96801e-10,1724.93,1516.08,1516.08,0,350.187,350.187,-6.17156e-10,0,-2990.52,-4432.73,-4432.73,-4432.73,-4559.15,0,0,0,-1039.82,-1039.82,-1039.82,0,1019.1,266.125,266.125,37.0916,1.30648e-10,18.5462,18.5462,1.5565e-09,-1.20293e-09,-4.58396e-10,-7.73933e-10,-101.439,-100.687,-230.315,0,-1.20191e-10,0,5413.53,5413.53,5413.53,0,0,0,0,-1.87631e-10,-4.78505e-10,-4820.25,-4820.25,-9.72815e-11,10306.7,1566.91,2291.12,0,-6.53218e-10,1636.04,4634.6,5.09589e-10,33351.3,17777.1,4512.5,4361.21,-73.9449,-5188.18,-5188.18,-2.29015e-10,135882,-1788.95,-1.02646e-10,2.94409e-10,-1430.11,-2298.57,-5678.61,-3.48426e-10,3.36404e-11,2.81146e-10,-478.991,2.77654e-10,-5.4046e-10,1.51304e-09,-8262.84,9.85632e-10,-8233.55,-2.69115e-10,-904.917,-4754.55,6.75433e-10,-3168.67,-1.18818e-10,-3620.84,7562.39,3.02053e-11,1.65186e-09,4537.42,4537.42,-9.5534e-11,312.189,312.189,-5.57261e-10,-1299.85,0,-1.55772e-09,4144.34,10905.1,0,0
2020-08-04 19:00:00 UTC,4472.44,1265.2,-3868.05,50.4558,50.4558,1457.96,-1157.81,-1283.02,2005.36,2005.36,-3391.12,-3088.8,11051.7,12.3894,-1762.41,-2170.96,-5057.74,-1600.41,8873.31,1291.32,889.47,4640.21,4640.21,3813.01,4716.42,1380.66,918.52,-662.46,-24.0629,-3126.49,1104.15,1104.15,2643.42,1538.75,1538.75,9073.56,-6071.4,-6090.72,19438.7,19438.7,-6745.92,-11361.8,-5218.6,-3220.23,-8902.07,12362.2,17249.8,17376.8,18364.8,-502.073,2984.74,2984.74,-544.929,684.44,1536.24,-416.485,-416.485,5152.51,-1805.68,-1035.37,-2907.65,3862.92,4164.37,-1872.92,-1872.92,478.98,414.517,-446.733,-446.733,-510.122,-3904.73,2902.71,-1446.36,-1446.36,-7.69075,-7.69075,-20.7289,-10.8272,-46.5592,163.69,363.519,-246.065,14.7704,13.7752,0.584935,72.3371,64.7972,-763.051,-763.051,-179.739,-179.739,-177.966,-177.966,1529.69,1529.69,1529.69,-600.146,-600.146,-133.158,441.596,150.539,150.539,-315.989,-315.989,555.224,258.704,3220.23,15.0681,15.0681,2804.13,2804.13,2804.13,-8030.52,2161.68,2161.68,2214.42,2214.42,-20.697,-714.88,-714.88,-16.9849,-16.9849,9142.53,9142.53,-8301.7,-8301.7,0,305.869,3673.19,1441.47,-3324.74,-3324.74,2975.02,-16272.9,-7129.75,3027.76,9150,9150,-2230.83,-2230.83,7843.36,7843.36,-904.659,-1935.22,-13614.5,-3213.16,-3873.03,-3873.03,2390.17,2390.17,2390.17,-6519.32,-6519.32,7820.2,7.14084e-11,7.14084e-11,-2834.03,5700.04,5700.04,-8214.12,3023.91,-2370.31,0,-5387.13,-1953.31,8120.54,5779.81,5779.81,750.356,-280.74,81.3353,5312.24,5312.24,4076.54,-1961.28,-1961.28,-19699.6,13032.3,19699.6,-17286.9,-17414.4,-18403,25572.3,-4892.84,4654.88,-17249.8,-17376.8,-18364.8,18392.1,10632,7949.98,-191.534,-22159.9,-4565.46,-18483.1,-45085.3,-24727.1,-24727.1,-2800.26,16645.2,-1707.55,-2690.35,-1166.53,1468.62,-1540.38,1688.41,1385.36,1523.67,-1487.51,-1522,-1495.73,1582.7,-664.784,-664.784,1485.37,-6598.02,-6598.02,15528.2,-2049.47,-2021.45,1612.39,-1054.48,-3688.5,-6996.61,-6996.61,-10483.2,-12081.8,-12757.8,-24258.2,12097.7,-8516.68,10483.2,-1844.55,-8497.42,-12119.7,-7106.15,-7103.61,1844.55,12081.8,12757.8,-4982.89,-5041.32,-3490.81,-4053.98,-3238.69,-4797.47,-2876.45,-2876.45,-493.746,-1848.34,2702.55,3050.35,-4931.48,12081.8,12081.8,12757.8,12757.8,1924.59,1924.59,-172.113,-655.694,-1382.16,-1382.16,-6249.04,-6249.04,6644.59,6644.59,-3443.62,-342.551,-3323.31,4383.55,-17213.2,21402,23809.2,-13070,3323.31,-5945.14,-3550.36,4334.88,-136.835,-136.835,-2259.23,-2259.23,1083.15,-919.55,5165.87,954.879,-520.045,-520.045,-4140.43,-1304.39,-6041.23,-3624.36,-433.055,-433.055,-767.089,-767.381,-3419.78,-3419.78,-3905.84,-2211.13,-3132.2,-2317.57,-1996.73,-417.789,-417.789,-147.237,-164.102,0,975.012,1084.17,0,-223.808,-1354.89,-1354.89,317.492,-1640.78,622.987,626.227,129.096,358.855,349.587,-2998.02,3655.29,7871.84,1650.08,754.134,754.134,-141.449,-2866.17,-2866.17,-1559.17,-1547.92,-3.43261e-10,0,-300.452,-300.452,0,1.80736e-10,0,-2150.2,0,1379.04,0,2.77008e-10,4.7005e-10,1707.32,1564.12,1564.12,0,343.262,343.262,-1.18586e-09,0,-3200.18,-4704.64,-4704.64,-4704.64,-4752.75,0,0,0,-1095.26,-1095.26,-1095.26,0,989.149,243.699,243.699,15.3815,2.01682e-11,7.69082,7.69082,3.25655e-10,2.80884e-10,-7.58663e-10,-6.43936e-10,-98.0056,-97.279,-232.9,0,-6.07707e-11,0,5613.64,5613.64,5613.64,0,0,0,0,-3.35933e-10,-2.20903e-10,-4952.26,-4952.26,4.8871e-10,10789.6,1629.17,2382.14,0,-7.64634e-10,1663.36,4823.33,-6.09877e-11,34576.6,18353.8,4592.41,4435.18,-81.3353,-5341.13,-5341.13,2.32045e-10,141259,-1877.33,-2.48297e-10,-6.57832e-10,-1448.82,-2328.64,-5752.9,-1.56824e-09,1.0426e-09,2.20747e-10,-475.977,-9.37533e-10,3.49974e-10,-1.89756e-10,-8252.67,-5.36567e-10,-8497.42,-4.59601e-10,-902.437,-4939.07,7.46783e-10,-3305.62,-3.28721e-11,-3675.78,7764.79,1.10689e-09,6.94572e-10,4654.18,4654.18,1.12338e-10,357.003,357.003,1.28136e-09,-1457.96,0,-7.61896e-11,4235.96,11260.2,0,0
2020-08-04 20:00:00 UTC,4431.87,1247.84,-3596.51,-91.9968,-91.9968,1579.41,-1024.89,-1124.51,1900.58,1900.58,-3464.63,-3233.77,11231.1,20.6594,-1858.63,-2147.95,-5199.92,-1645.41,9055.45,1324.37,1040.97,4820.38,4820.38,3878.69,4691.81,1375.39,939.06,-682.991,9.26012,-3204.96,1130.26,1130.26,2702.82,1572.02,1572.02,9312.72,-6332.96,-6353.1,20089.9,20089.9,-7038.98,-11685.7,-5316.09,-3280.4,-9292.56,12957.1,17860.2,17991.6,19014.6,-531.088,3089.7,3089.7,-566.081,712.732,1656.28,-410.339,-410.339,5357.51,-1837.86,-1078.92,-2983.52,4014.86,4328.12,-1905.28,-1905.28,466.336,372.395,-419.351,-419.351,-495.331,-3959.62,2957,-1473.32,-1473.32,0.908305,0.908305,-20.6716,-10.222,-48.2453,169.528,378.443,-254.335,15.2871,14.2571,1.24115,74.9773,69.6605,-784.556,-784.556,-190.102,-190.102,-188.224,-188.224,1574.65,1574.65,1574.65,-633.497,-633.497,-132.536,457.831,150.958,150.958,-328.182,-328.182,552.135,266.512,3280.4,12.2305,12.2305,2873.67,2873.67,2873.67,-8259.75,2206.31,2206.31,2270.75,2270.75,-16.799,-735.772,-735.772,-25.6224,-25.6224,9380.75,9380.75,-8501.84,-8501.84,0,311.241,3767.91,1474.3,-3403.29,-3403.29,3057.47,-16728.3,-7329.23,3121.91,9392.01,9392.01,-2292.66,-2292.66,8049.1,8049.1,-930.324,-1984.27,-14112.1,-3144.71,-3990.37,-3990.37,2467.96,2467.96,2467.96,-6747,-6747,8020.8,-1.47834e-10,-1.47834e-10,-2923.85,5896.18,5896.18,-8496.28,3155.08,-2432.62,0,-5579.99,-1983.1,8446.36,5979.44,5979.44,771.283,-283.222,81.7263,5410.24,5410.24,4224.62,-2027.81,-2027.81,-20397.5,13553,20397.5,-17899.9,-18031.9,-19055.6,26558.1,-5071.16,4799.26,-17860.2,-17991.6,-19014.6,19023.1,11050.9,8400.91,-91.9809,-22474.4,-4707.11,-18774.8,-45742.7,-25079.4,-25079.4,-2813.44,17157,-1756.79,-2696.27,-1183.44,1500.01,-1569.32,1725.44,1412.25,1553.56,-1505.23,-1540.14,-1513.54,1614.54,-692.669,-692.669,1515.63,-6739.88,-6739.88,15916.2,-2136.52,-2065.35,1645.28,-1063.48,-3745.8,-7191.46,-7191.46,-10637.9,-12208.9,-12892,-24486.3,12094.1,-8687.65,10637.9,-1823.22,-8667.62,-12221.7,-7165.93,-7163.37,1823.22,12208.9,12892,-5009.45,-5068.2,-3524.18,-4092.75,-3238.83,-4886.66,-2896.96,-2896.96,-479.243,-1902.78,2721.82,3072.09,-4985.36,12208.9,12208.9,12892,12892,1942.59,1942.59,-175.301,-667.688,-1389.36,-1389.36,-6301.75,-6301.75,6738.99,6738.99,-3539.97,-363.816,-3349.26,4433.58,-17357.4,21572.7,24022,-13171.8,3349.26,-6060.79,-3600.53,4397.52,-122.468,-122.468,-2328.61,-2328.61,1129.28,-944.846,5274.96,971.944,-550.625,-550.625,-4206,-1326.76,-6123.81,-3659.6,-455.523,-455.523,-801.564,-801.868,-3480.39,-3480.39,-3984.29,-2263.83,-3208.12,-2394.2,-2092.37,-430.362,-430.362,-173.799,-193.846,0,976.314,1085.85,0,-252.974,-1345.03,-1345.03,363.506,-1768.46,626.261,629.516,157.137,315.382,307.094,-3009.95,3506.79,7803.52,1660.48,762.437,762.437,-135.262,-2837.26,-2837.26,-1582.04,-1570.63,9.3776e-10,0,-161.802,-161.802,0,-8.6378e-10,0,-2118.59,0,1373.78,0,4.42281e-10,9.49869e-10,1686.52,1603.4,1603.4,0,336.866,336.866,1.89858e-10,0,-3332.92,-4895.52,-4895.52,-4895.52,-4893.47,0,0,0,-1124.81,-1124.81,-1124.81,0,961.712,224.958,224.958,-1.81661,-5.18518e-10,-0.908303,-0.908303,4.18582e-10,-6.32194e-10,1.7361e-10,-7.79938e-10,-95.0735,-94.3689,-221.34,0,1.12038e-10,0,5756.95,5756.95,5756.95,0,0,0,0,2.89048e-10,5.31335e-10,-5038.94,-5038.94,6.63136e-10,11118.2,1659.38,2426.3,0,6.35556e-10,1671.7,4955.56,-3.64804e-10,35424.8,18747.2,4648,4484.33,-81.7263,-5440.52,-5440.52,-8.51141e-10,144979,-1932.62,-1.87832e-10,-4.81407e-10,-1459.15,-2345.24,-5793.91,5.57412e-10,9.64398e-11,9.44211e-11,-469.795,1.04416e-09,-1.29455e-09,-2.96692e-10,-8305.68,-7.06641e-10,-8667.61,1.19488e-09,-902.824,-5048.28,-9.54018e-10,-3400.14,-2.69007e-10,-3696.35,7865.61,2.15878e-10,1.27662e-09,4731.54,4731.54,-2.16187e-10,386.872,386.872,4.48615e-10,-1579.41,0,2.5272e-11,4300.48,11501.3,0,0
2020-08-04 21:00:00 UTC,4439.31,1246.47,-3493.81,-152.796,-152.796,1653.53,-968.539,-1053.95,1844.9,1844.9,-3531.83,-3324.1,11395.4,0.649052,-1915.22,-2165.64,-5289.9,-1673.89,9216.76,1352.17,1134.22,4941.83,4941.83,3952.4,4700.31,1380.38,959.343,-703.265,34.0236,-3283.16,1153.72,1153.72,2744.44,1590.16,1590.16,9501.54,-6480.85,-6501.46,20513.6,20513.6,-7211.7,-11929.9,-5401.33,-3333.01,-9533.03,13387.7,18248.3,18382.6,19427.9,-541.145,3159.76,3159.76,-572.611,728.161,1702.08,-412.619,-412.619,5477.3,-1868.75,-1105.61,-3024.21,4109.91,4430.55,-1919.3,-1919.3,464.545,355.889,-410.204,-410.204,-492.792,-4013.91,2999.04,-1494.19,-1494.19,4.77596,4.77596,-20.9579,-10.2142,-49.3824,173.543,386.899,-259.33,15.135,14.1152,0.885208,76.1693,71.9353,-801.591,-801.591,-195.54,-195.54,-193.607,-193.607,1609.52,1609.52,1609.52,-657.411,-657.411,-134.128,467.399,152.748,152.748,-335.222,-335.222,552.544,271.718,3333.01,12.431,12.431,2919.4,2919.4,2919.4,-8406.29,2231.88,2231.88,2308.09,2308.09,-17.076,-748.308,-748.308,-23.6636,-23.6636,9536.67,9536.67,-8641.64,-8641.64,0,317.594,3834,1499.32,-3459.06,-3459.06,3109.05,-17027.9,-7460.46,3185.27,9547.07,9547.07,-2333.7,-2333.7,8181.45,8181.45,-944.667,-2016.99,-14438.4,-3122.93,-4068.36,-4068.36,2523.77,2523.77,2523.77,-6899.45,-6899.45,8147.98,1.85845e-10,1.85845e-10,-2986.29,6024.43,6024.43,-8682.25,3244.82,-2467.22,0,-5703.91,-2001.15,8665.2,6108.25,6108.25,784.822,-288.084,68.1477,5482.59,5482.59,4318.67,-2071.55,-2071.55,-20845.8,13888.5,20845.8,-18289.8,-18424.7,-19470.6,27192.7,-5182.05,4898.18,-18248.3,-18382.6,-19427.9,19440,11321.1,8681.4,-37.9734,-22715.3,-4801.38,-18992,-46231,-25345.6,-25345.6,-2830.59,17496.6,-1790.53,-2708.74,-1191.64,1528.38,-1588.95,1750.46,1430.91,1574.15,-1521.1,-1556.37,-1529.5,1636.11,-712.901,-712.901,1535.93,-6840.42,-6840.42,16184.3,-2192.1,-2099.37,1667.31,-1065.9,-3784.81,-7321.32,-7321.32,-10762.5,-12311.2,-13000,-24666.4,12121.6,-8825.06,10762.5,-1806.03,-8804.39,-12302.6,-7213.38,-7210.8,1806.03,12311.2,13000,-5030.26,-5089.25,-3550.85,-4123.72,-3231.78,-4965.28,-2915.18,-2915.18,-460.727,-1946.06,2738.94,3091.41,-5035.38,12311.2,12311.2,13000,13000,1957.54,1957.54,-179.126,-682.041,-1393.15,-1393.15,-6343.33,-6343.33,6821.56,6821.56,-3627.75,-382.671,-3368.95,4475.81,-17455,21709.1,24188.3,-13257.5,3368.95,-6150.8,-3645.05,4449.2,-116.946,-116.946,-2377.06,-2377.06,1162.79,-963.52,5373.81,988.297,-572.533,-572.533,-4276.38,-1346.24,-6238.63,-3708.28,-468.658,-468.658,-824.093,-824.406,-3528.42,-3528.42,-4044.08,-2302.18,-3263.53,-2445.86,-2158.5,-438.924,-438.924,-190.142,-212.144,0,975.584,1085.15,0,-270.76,-1341.07,-1341.07,391.695,-1848.66,630.62,633.897,174.46,291.327,283.581,-3042.25,3524.81,7782.23,1668.88,768.859,768.859,-130.827,-2840.3,-2840.3,-1609.93,-1598.32,-2.70957e-10,0,-104.027,-104.027,0,-1.13563e-10,0,-2155.93,0,1378.75,0,7.36118e-10,-3.05722e-10,1674.2,1642.55,1642.55,0,334.621,334.621,2.39895e-10,0,-3391.49,-5010.48,-5010.48,-5010.48,-5002.1,0,0,0,-1119.02,-1119.02,-1119.02,0,957.382,218.249,218.249,-9.55192,9.53486e-10,-4.77593,-4.77593,-5.04328e-10,-1.13382e-10,3.5173e-10,-6.54719e-10,-94.7677,-94.0655,-214.76,0,-7.5986e-11,0,5858.66,5858.66,5858.66,0,0,0,0,-1.61769e-10,-1.40528e-10,-5103.63,-5103.63,-4.91825e-10,11327.4,1672.6,2445.62,0,2.32815e-10,1675.85,5044.72,4.67264e-10,35995.1,19020,4681.49,4529.8,-68.1477,-5513.25,-5513.25,-1.85265e-10,147426,-1976.08,3.93388e-10,5.90794e-10,-1468.32,-2359.99,-5830.35,-8.70584e-10,6.13373e-11,-6.78581e-10,-468.985,-2.81831e-10,-7.86347e-10,-1.97623e-11,-8378.36,-5.94566e-10,-8804.39,-5.67644e-10,-903.221,-5146.89,-4.26e-10,-3482.91,5.81254e-10,-3729.03,7984.66,-1.91931e-10,-2.70181e-10,4789.94,4789.94,-3.51599e-10,406.249,406.249,4.36837e-10,-1653.53,0,5.90218e-10,4349.23,11666.3,0,0
2020-08-04 22:00:00 UTC,4431.09,1241.13,-3364.74,-177.294,-177.294,1688.6,-891.785,-961.353,1792.79,1792.79,-3579.24,-3363.07,11470.9,-47.0767,-1936.77,-2198.18,-5309.91,-1680.22,9312.06,1368.97,1192.62,5004.72,5004.72,4000.02,4703.41,1381.87,972.882,-716.797,52.0158,-3335.24,1167.56,1167.56,2759.54,1591.42,1591.42,9597.2,-6520.18,-6540.91,20642.3,20642.3,-7270.53,-12000.2,-5439.47,-3356.55,-9633.1,13604.9,18343.9,18478.8,19529.6,-536.175,3182.19,3182.19,-578.323,730.058,1681.02,-426.329,-426.329,5497.35,-1909.04,-1120.54,-3031.13,4123.89,4445.62,-1911.29,-1911.29,478.225,376.762,-427.479,-427.479,-507.752,-4044.52,3003.63,-1496.47,-1496.47,1.68631,1.68631,-21.8685,-11.2515,-49.6713,174.626,386.116,-260.187,15.3795,14.3432,0.693294,76.4248,69.8617,-811.343,-811.343,-192.896,-192.896,-190.988,-190.988,1628.99,1628.99,1628.99,-670.048,-670.048,-138.001,467.849,155.572,155.572,-335.132,-335.132,553.978,273.134,3356.55,15.2081,15.2081,2930.03,2930.03,2930.03,-8439,2230.93,2230.93,2317.15,2317.15,-20.89,-750.507,-750.507,-17.9786,-17.9786,9572.56,9572.56,-8678.09,-8678.09,0,321.049,3853.34,1508.67,-3474.07,-3474.07,3120.51,-17101.3,-7492.62,3206.73,9580.45,9580.45,-2343.68,-2343.68,8209.8,8209.8,-943.625,-2022.55,-14535.9,-3109.01,-4091.24,-4091.24,2543.5,2543.5,2543.5,-6947.34,-6947.34,8171.94,9.46788e-11,9.46788e-11,-3014.46,6066.42,6066.42,-8743.42,3283.24,-2462.08,0,-5737.04,-1996.34,8742.3,6147.37,6147.37,785.584,-293.929,68.7577,5497.6,5497.6,4346.01,-2079.64,-2079.64,-20960.2,13990.4,20960.2,-18385.8,-18521.4,-19572.9,27376.5,-5211.46,4920.94,-18343.9,-18478.8,-19529.6,19558.6,11401.5,8780.79,-18.6794,-22751.7,-4825,-19028.1,-46301,-25383.4,-25383.4,-2831.08,17578.3,-1787.03,-2709.85,-1189.87,1545.31,-1593.01,1754.9,1435.11,1578.59,-1523.03,-1558.35,-1531.44,1640.29,-717.137,-717.137,1539.62,-6866.81,-6866.81,16241,-2196.25,-2112.92,1671.28,-1060.12,-3794.22,-7350.7,-7350.7,-10782.8,-12320.4,-13009.8,-24676.7,12105.3,-8851.99,10782.8,-1796.15,-8831.19,-12298.5,-7210.95,-7208.37,1796.15,12320.4,13009.8,-5025.08,-5084.01,-3551.8,-4124.84,-3215.75,-4978.12,-2916.01,-2916.01,-447.543,-1956.31,2739.72,3092.3,-5041.63,12320.4,12320.4,13009.8,13009.8,1958.03,1958.03,-180.095,-685.669,-1389.83,-1389.83,-6341.27,-6341.27,6840.31,6840.31,-3645.57,-387.002,-3356.09,4481.49,-17422.1,21689.5,24186,-13201.9,3356.09,-6148.94,-3634.43,4456.38,-107.53,-107.53,-2382.77,-2382.77,1171.7,-962.971,5375.81,983.159,-579.973,-579.973,-4256.59,-1342.09,-6200.27,-3681.08,-474.628,-474.628,-830.531,-830.846,-3537.9,-3537.9,-4054.72,-2308.07,-3275.78,-2452.13,-2170.15,-439.676,-439.676,-200.562,-223.82,0,971.509,1080.77,0,-281.574,-1326.98,-1326.98,409.491,-1889.98,628.639,631.904,185.727,270.947,263.675,-3010.1,3464.7,7752.96,1676.32,769.789,769.789,-136.393,-2833.52,-2833.52,-1656.22,-1644.28,8.66327e-10,0,-80.1313,-80.1313,0,-2.04528e-10,0,-2235.82,0,1380.24,0,9.28384e-10,-1.37857e-09,1671.68,1668.62,1668.62,0,332.391,332.391,4.78581e-10,0,-3376.48,-5022.58,-5022.58,-5022.58,-5061.58,0,0,0,-1099.58,-1099.58,-1099.58,0,986.023,228.741,228.741,-3.37261,1.93562e-09,-1.6863,-1.6863,-3.31629e-11,-1.32617e-09,2.71621e-10,-9.59621e-10,-97.7007,-96.9767,-211.8,0,2.96694e-10,0,5886.59,5886.59,5886.59,0,0,0,0,-4.20087e-10,-9.44837e-11,-5114.81,-5114.81,-5.42711e-10,11367.9,1665.32,2434.99,0,4.53838e-10,1663.74,5064.99,3.52269e-10,36125.7,19075.6,4679.6,4535.68,-68.7577,-5527.5,-5527.5,9.49493e-11,147965,-1985.73,-1.71181e-10,-2.4107e-10,-1468.74,-2360.67,-5832.02,-2.6985e-11,-1.03261e-09,1.26839e-09,-469.165,-8.99664e-10,2.12998e-10,-4.64902e-10,-8295.13,1.20923e-09,-8831.19,1.01218e-09,-905.937,-5148.42,-3.39743e-10,-3512.83,-3.14105e-10,-3699.21,7937.67,-5.66044e-10,-4.9271e-10,4797.9,4797.9,1.58766e-10,410.474,410.474,5.48544e-10,-1688.6,0,1.48958e-09,4362.11,11712.9,0,0
2020-08-04 23:00:00 UTC,4431.08,1241.95,-3401.82,-113.323,-113.323,1645.36,-900.098,-972.072,1774.92,1774.92,-3564.77,-3309.24,11397.2,-95.678,-1899.05,-2230.92,-5232.61,-1655.75,9261.68,1361.09,1155.62,4961.59,4961.59,4004.1,4704.64,1383.24,973.729,-717.643,52.1252,-3338.58,1163.58,1163.58,2727.49,1563.36,1563.36,9521.65,-6384.31,-6404.61,20328.3,20328.3,-7133.14,-11865.1,-5401.4,-3333.05,-9471.83,13444.2,18038.6,18171.3,19204.6,-514.733,3136.14,3136.14,-567.886,714.411,1614.95,-433.338,-433.338,5389.72,-1906.17,-1104.71,-2974.39,4045.18,4360.8,-1870.36,-1870.36,490.318,404.996,-447.641,-447.641,-521.389,-4024.48,2967.12,-1478.34,-1478.34,-3.64388,-3.64388,-22.4938,-12.2732,-48.9024,172.007,377.194,-256.111,14.9702,13.9615,-0.196598,74.8917,65.7263,-806.686,-806.686,-185.281,-185.281,-183.45,-183.45,1616.08,1616.08,1616.08,-662.319,-662.319,-141.603,459.06,157.334,157.334,-328.215,-328.215,555.225,269.913,3333.05,17.0606,17.0606,2892.91,2892.91,2892.91,-8335.23,2194.15,2194.15,2287.95,2287.95,-23.435,-737.146,-737.146,-3.91836,-3.91836,9459.3,9459.3,-8595.14,-8595.14,0,321.356,3818.81,1502.97,-3443.57,-3443.57,3085.28,-16892.4,-7401.1,3179.09,9461.02,9461.02,-2314.87,-2314.87,8105.88,8105.88,-922.615,-1996.81,-14323.8,-3150.33,-4047.91,-4047.91,2519.99,2519.99,2519.99,-6856.96,-6856.96,8064.68,7.46006e-12,7.46006e-12,-2993.24,5989.01,5989.01,-8631.8,3245.53,-2408.96,0,-5646.44,-1970.06,8621.71,6063.18,6063.18,771.832,-302.942,70.1898,5448.87,5448.87,4273.82,-2048.48,-2048.48,-20624.3,13760.1,20624.3,-18079.1,-18212.4,-19246.4,26929.3,-5128.89,4851.06,-18038.6,-18171.3,-19204.6,19281.3,11217,8588.67,-66.4857,-22611,-4760.84,-18896.6,-45999.4,-25222.8,-25222.8,-2824.48,17338,-1744.74,-2710.12,-1176.89,1552.66,-1580.51,1736.37,1423.88,1565.66,-1515.29,-1550.43,-1523.66,1625.59,-703.345,-703.345,1525.1,-6808.8,-6808.8,16052.8,-2138.06,-2105.66,1655.47,-1047.13,-3775.66,-7259.95,-7259.95,-10703.5,-12268.3,-12954.8,-24585.1,12110,-8745.77,10703.5,-1819.41,-8725.46,-12252.9,-7184.25,-7181.68,1819.41,12268.3,12954.8,-5015.71,-5074.53,-3546.34,-4118.48,-3197.95,-4926.28,-2914.14,-2914.14,-434.898,-1919.88,2737.96,3090.32,-5053.37,12268.3,12268.3,12954.8,12954.8,1962.62,1962.62,-179.964,-685.342,-1393.29,-1393.29,-6356.33,-6356.33,6842.63,6842.63,-3575.31,-364.304,-3349.47,4487.42,-17441.7,21591.4,24086.5,-13167.7,3349.47,-6059.82,-3587.08,4420.67,-109.862,-109.862,-2332.18,-2332.18,1136.43,-941.315,5276.49,960.001,-559.421,-559.421,-4180.49,-1317.18,-6095.64,-3625.31,-462.072,-462.072,-806.913,-807.22,-3504.08,-3504.08,-4008.33,-2274.88,-3232.97,-2395.74,-2111.29,-429.793,-429.793,-193.913,-216.388,0,958.352,1066.17,0,-273.345,-1306.46,-1306.46,397.189,-1849.15,622.385,625.619,179.1,276.659,269.284,-2970.77,3454.52,7780.41,1685.22,766.017,766.017,-152.784,-2833.93,-2833.93,-1678.32,-1666.22,-7.75672e-10,0,-143.695,-143.695,0,-7.28444e-10,0,-2317.04,0,1381.61,0,-2.03681e-10,7.77254e-10,1665.96,1670.29,1670.29,0,332.759,332.759,-1.54935e-10,0,-3275.31,-4919.28,-4919.28,-4919.28,-5020.23,0,0,0,-1053.6,-1053.6,-1053.6,0,1011.76,242.123,242.123,7.28777,-1.58495e-09,3.6439,3.6439,-3.90667e-10,8.13756e-10,1.20407e-10,-6.49398e-10,-100.796,-100.049,-205.38,0,1.20328e-10,0,5829.53,5829.53,5829.53,0,0,0,0,-4.53178e-10,-4.03796e-10,-5068.31,-5068.31,1.60948e-09,11188.4,1624.55,2375.37,0,2.38113e-10,1638.91,5001.42,5.9937e-10,35736.2,18895.3,4648.05,4515.08,-70.1898,-5476.67,-5476.67,1.76149e-11,146172,-1947.83,-3.31728e-10,-1.46354e-10,-1467.8,-2359.15,-5828.28,-4.95208e-11,-5.89175e-11,9.24017e-10,-491.227,1.72642e-10,1.04848e-09,8.35449e-10,-8197.02,1.16277e-09,-8725.46,-9.41293e-10,-914.723,-5050.35,-3.62695e-10,-3465.76,-1.59056e-09,-3657.54,7805.79,-4.38868e-10,-1.39772e-09,4753.13,4753.13,-5.35161e-10,392.906,392.906,-4.31117e-10,-1645.36,0,-1.18371e-09,4339.45,11612.3,0,0
2020-08-05 00:00:00 UTC,4307.52,1208.7,-3407.57,-19.728,-19.728,1487.59,-926.469,-1008.7,1729.18,1729.18,-3441.05,-3119.38,10950.2,-166.644,-1777.46,-2224.53,-4957.08,-1568.55,8903.34,1307.19,1015.56,4753.2,4753.2,3866.72,4554.77,1341.08,944.288,-688.216,44.07,-3222.57,1119.52,1119.52,2603.34,1483.31,1483.31,9108.85,-6028.46,-6047.64,19319.3,19319.3,-6751.48,-11324.2,-5184.88,-3199.43,-8988.34,12787.9,17111.2,17237.2,18217.2,-474.486,2982.6,2982.6,-539.632,673.841,1486.19,-428.477,-428.477,5094.34,-1846.42,-1053.93,-2820.13,3824.3,4122.75,-1766.81,-1766.81,489.318,425.568,-457.427,-457.427,-521.229,-3873.69,2841.88,-1416.15,-1416.15,-9.71533,-9.71533,-22.5227,-13.0964,-46.4169,163.431,355.45,-243.966,14.5654,13.584,-0.646301,71.3025,58.7354,-776.233,-776.233,-170.266,-170.266,-168.585,-168.585,1549.39,1549.39,1549.39,-631.37,-631.37,-141.535,435.26,154.472,154.472,-310.41,-310.41,541.044,258.163,3199.43,11.0915,11.0915,2770.2,2770.2,2770.2,-8003.47,2093.34,2093.34,2192.53,2192.53,-15.235,-700.431,-700.431,20.7362,20.7362,9093.4,9093.4,-8300.15,-8300.15,0,316.068,3690.42,1465.59,-3330.39,-3330.39,2968.96,-16204.3,-7099.73,3068.15,9084.29,9084.29,-2223.92,-2223.92,7780.33,7780.33,-872.557,-1918.9,-13629,-3229.28,-3892.24,-3892.24,2425.57,2425.57,2425.57,-6546.57,-6546.57,7736.78,-1.31853e-11,-1.31853e-11,-2889.56,5723.95,5723.95,-8248.02,3094.61,-2278.26,0,-5365.62,-1899.45,8202.76,5786.6,5786.6,735.945,-310.93,69.1707,5272.27,5272.27,4055.4,-1947.36,-1947.36,-19584.5,13030.4,19584.5,-17147.7,-17274.2,-18254.8,25522.4,-4876.5,4623.65,-17111.2,-17237.2,-18217.2,18383.2,10630,7987.79,-193.545,-22066.4,-4553.72,-18404.3,-44873.6,-24616.8,-24616.8,-2780.19,16572.4,-1639.95,-2681.24,-1144.31,1532.41,-1534.72,1675.57,1381.8,1518.46,-1483.57,-1517.96,-1491.76,1574.38,-662.608,-662.608,1475.9,-6590.64,-6590.64,15433.5,-1988.62,-2054.01,1601.97,-1020.96,-3696.75,-6967.06,-6967.06,-10391.7,-12043.4,-12717.2,-24203,12034.9,-8360.51,10391.7,-1891.72,-8341.95,-12068.5,-7076.08,-7073.55,1891.72,12043.4,12717.2,-4969.8,-5028.08,-3506.73,-4072.46,-3187.4,-4715.72,-2881.81,-2881.81,-449.646,-1794.73,2707.59,3056.04,-5003.8,12043.4,12043.4,12717.2,12717.2,1954.13,1954.13,-171.599,-654.414,-1404.26,-1404.26,-6345.84,-6345.84,6741,6741,-3307.73,-293.065,-3330.33,4449.32,-17388.6,21220.9,23703.3,-13068.1,3330.33,-5767.09,-3426.85,4281.99,-112.614,-112.614,-2176.79,-2176.79,1025.62,-874.496,4930.78,887.12,-493.401,-493.401,-3908.43,-1234.75,-5665.61,-3418.61,-426.298,-426.298,-738.71,-738.99,-3376.72,-3376.72,-3843.42,-2164.03,-3083.94,-2226.95,-1918.42,-400.687,-400.687,-165.777,-184.912,0,936.256,1041.6,0,-240.485,-1267.41,-1267.41,347.265,-1687.09,599.264,602.38,150.223,302.349,294.45,-2810.51,3358.84,7804.52,1682.84,750.051,750.051,-182.24,-2755.67,-2755.67,-1617.89,-1606.22,-2.94882e-10,0,-231.458,-231.458,0,-4.00322e-10,0,-2381.82,0,1339.54,0,6.29779e-10,4.80333e-10,1601.21,1612.22,1612.22,0,322.073,322.073,-5.85472e-10,0,-3059.59,-4642.38,-4642.38,-4642.38,-4811.6,0,0,0,-983.986,-983.986,-983.986,0,1010.6,250.33,250.33,19.4307,2.95832e-10,9.71544,9.71544,-5.45988e-11,-6.76044e-10,1.85863e-09,1.87177e-09,-101.243,-100.493,-187.006,1.42034e-10,-2.47298e-11,0,5623.84,5623.84,5623.84,0,0,0,0,-1.72528e-10,-9.70077e-12,-4901.81,-4901.81,-1.47677e-09,10654.8,1533.67,2242.51,0,-2.50845e-10,1584.72,4798.54,4.325e-10,34434.5,18272.5,4551.54,4425.62,-69.1707,-5296.34,-5296.34,-1.64463e-10,140412,-1820.15,1.61309e-10,3.54159e-10,-1451.52,-2332.98,-5763.62,-6.69068e-10,4.7884e-10,-1.16808e-09,-523.169,7.28866e-10,-1.1861e-09,7.89541e-10,-8041.04,-2.50449e-10,-8341.95,4.39296e-10,-933.77,-4708.09,3.51688e-10,-3263.25,2.49173e-10,-3505.65,7327.04,6.24653e-10,3.645e-10,4594.62,4594.62,2.43581e-10,336.97,336.97,4.49723e-10,-1487.59,0,5.4578e-11,4240.26,11242.4,0,0
2020-08-05 01:00:00 UTC,4147.96,1168.06,-3476.65,127.023,127.023,1251.28,-996.011,-1097.69,1707.43,1707.43,-3240.45,-2844.93,10304,-223.758,-1605.07,-2191.64,-4586.07,-1451.13,8367.7,1223.25,787.019,4392.74,4392.74,3662.25,4357.33,1284.82,898.822,-642.77,24.5583,-3044.04,1053.55,1053.55,2424.75,1370.76,1370.76,8497.92,-5478.17,-5495.61,17761,17761,-6158.67,-10459.4,-4864.7,-3001.83,-8233.43,11765.3,15661.3,15776.6,16673.5,-411.877,2741.4,2741.4,-504.038,610.339,1265.03,-432.304,-432.304,4628.2,-1773.46,-973.872,-2598.91,3468.34,3739.1,-1625.56,-1625.56,501.198,486.444,-493.802,-493.802,-536.026,-3661.23,2654.24,-1322.94,-1322.94,-24.1598,-24.1598,-23.0019,-14.9518,-42.4613,149.687,318.332,-223.426,13.8579,12.9242,-1.50331,65.1915,46.1691,-727.565,-727.565,-144.255,-144.255,-142.834,-142.834,1447.71,1447.71,1447.71,-580.495,-580.495,-142.001,394.845,150.926,150.926,-280.1,-280.1,519.991,238.39,3001.83,5.97052,5.97052,2574.77,2574.77,2574.77,-7450.92,1941.1,1941.1,2037.67,2037.67,-8.199,-640.52,-640.52,48.7179,48.7179,8481.94,8481.94,-7793.55,-7793.55,0,302.072,3464.22,1394.71,-3134.63,-3134.63,2774.72,-15072.7,-6604.01,2871.3,8460.54,8460.54,-2068.72,-2068.72,7242.06,7242.06,-793.43,-1788.89,-12509.1,-3304.59,-3627.74,-3627.74,2262.8,2262.8,2262.8,-6037.4,-6037.4,7199.66,-5.81631e-11,-5.81631e-11,-2708.83,5289.7,5289.7,-7625.5,2839,-2089.77,0,-4922.74,-1790.94,7514.13,5336.64,5336.64,678.408,-317.518,70.6697,4983.35,4983.35,3715.34,-1784.74,-1784.74,-17947.4,11877.1,17947.4,-15691.8,-15807.6,-16705,23301.5,-4483.78,4255.22,-15661.3,-15776.6,-16673.5,16934.3,9695.87,7067.97,-363.702,-21075.8,-4214.06,-17526.4,-42848,-23524.1,-23524.1,-2691.67,15314.7,-1472.45,-2616.11,-1094.28,1467.1,-1455.57,1571.51,1308.76,1436.76,-1425.07,-1458.09,-1432.94,1486.3,-597.319,-597.319,1391.53,-6216.49,-6216.49,14398.1,-1753.19,-1957.18,1510.27,-984.437,-3544.96,-6480.05,-6480.05,-9873.96,-11605.5,-12254.8,-23403.7,11819.5,-7787.24,9873.96,-1951.01,-7771.14,-11688.5,-6853.29,-6850.83,1951.01,11605.5,12254.8,-4849.12,-4905.98,-3413.28,-3963.88,-3131.53,-4402.09,-2805.33,-2805.33,-460.259,-1620.68,2635.73,2974.94,-4892.53,11605.5,11605.5,12254.8,12254.8,1921.03,1921.03,-160.941,-614.765,-1398.08,-1398.08,-6255.97,-6255.97,6532.2,6532.2,-2944.46,-201.724,-3280.46,4347.79,-17120,20516,22920.4,-12866.8,3280.46,-5343.39,-3198.34,4058.3,-119.621,-119.621,-1960.94,-1960.94,880.22,-784.575,4463.23,794.109,-406.963,-406.963,-3548.7,-1124.06,-5095.08,-3144.52,-375.485,-375.485,-645.161,-645.406,-3178.09,-3178.09,-3592.78,-2000.71,-2859.74,-1992.11,-1653.95,-360.327,-360.327,-125.307,-139.637,0,901.621,1003.01,0,-192.999,-1216.35,-1216.35,275.217,-1443.17,569.311,572.274,108.791,343.174,334.427,-2600.19,3290.21,7761.91,1664.74,720.186,720.186,-223.739,-2655.74,-2655.74,-1521.53,-1510.56,-7.20375e-11,0,-367.809,-367.809,0,-7.74399e-10,0,-2406.6,0,1283.41,0,5.37065e-10,7.23237e-10,1520.31,1522.85,1522.85,0,309.106,309.106,1.49987e-10,0,-2727.58,-4196.44,-4196.44,-4196.44,-4492.82,0,0,0,-875.606,-875.606,-875.606,0,1037.28,276.342,276.342,48.3195,-3.95455e-10,24.1604,24.1604,-3.52305e-10,-5.97015e-10,-4.82689e-10,6.94547e-10,-104.372,-103.597,-169.939,2.48426e-12,1.20041e-10,0,5275.03,5275.03,5275.03,0,0,0,0,2.54375e-10,7.83184e-10,-4632.82,-4632.82,-8.41553e-10,9823.62,1409.41,2060.82,0,5.49147e-11,1507.96,4469.22,9.74717e-10,32247.6,17218.5,4381.41,4260.14,-70.6697,-5002.09,-5002.09,8.88379e-11,130840,-1642.88,3.52605e-10,-1.68858e-11,-1413,-2271.07,-5610.66,4.52365e-10,8.69283e-10,5.01007e-10,-564.296,-1.30224e-10,2.236e-09,-4.72835e-10,-7916.63,-4.27215e-10,-7771.14,2.57349e-10,-940.062,-4247.24,3.48159e-10,-2967.46,-7.81119e-10,-3295.14,6693.23,-9.12614e-10,3.64754e-10,4341.67,4341.67,-3.68957e-10,260.864,260.864,-1.14403e-09,-1251.28,0,1.41638e-10,4067.43,10619.2,0,0
2020-08-05 02:00:00 UTC,4042.25,1146.96,-3617.8,302.947,302.947,1008.35,-1087.7,-1213.13,1766.12,1766.12,-3004.16,-2550.79,9659.19,-219.426,-1423.58,-2132.98,-4235.77,-1340.27,7796.31,1129.68,521.795,4025.4,4025.4,3450.44,4200.79,1238.41,848.707,-592.676,-9.40996,-2848.36,984.148,984.148,2248.47,1263.95,1263.95,7867.25,-4897.99,-4913.59,16129.1,16129.1,-5523.79,-9546.61,-4538.64,-2800.6,-7409.87,10611.1,14144.8,14248.9,15058.8,-350.421,2485.1,2485.1,-468.876,544.749,1040.65,-435.344,-435.344,4142.56,-1688.89,-883.655,-2381.62,3095.01,3336.7,-1498.39,-1498.39,514.597,554.574,-534.563,-534.563,-552.695,-3450.08,2466.39,-1229.59,-1229.59,-40.0593,-40.0593,-23.2706,-16.62,-38.265,135.048,279.646,-201.57,12.8644,11.9976,-2.56142,58.5595,33.6214,-673.472,-673.472,-117.827,-117.827,-116.671,-116.671,1336.43,1336.43,1336.43,-519.812,-519.812,-141.476,352.293,146.914,146.914,-248.317,-248.317,501.307,217.26,2800.6,1.72151,1.72151,2365.4,2365.4,2365.4,-6851.27,1781.53,1781.53,1871.49,1871.49,-2.363,-579.33,-579.33,74.1654,74.1654,7820.1,7820.1,-7235.85,-7235.85,0,286.405,3216.41,1315.94,-2917.05,-2917.05,2562.69,-13849.8,-6068.29,2652.65,7787.52,7787.52,-1899.8,-1899.8,6662.31,6662.31,-708.254,-1646.73,-11315.6,-3359.12,-3337.79,-3337.79,2084.74,2084.74,2084.74,-5489.84,-5489.84,6622.82,-1.86395e-11,-1.86395e-11,-2503.27,4820.48,4820.48,-6954.28,2556.58,-1904.29,0,-4456.01,-1679.67,6770.64,4852.51,4852.51,616.64,-322.236,70.8437,4679.75,4679.75,3358.96,-1612.83,-1612.83,-16226,10658.8,16226,-14169.6,-14274.1,-15084.4,20959.1,-4070,3864.27,-14144.8,-14248.9,-15058.8,15389.8,8706.3,6109.04,-528.055,-19958.2,-3849.98,-16544,-40560.3,-22289.5,-22289.5,-2591.65,13968.4,-1295.17,-2540.29,-1036.08,1385.59,-1367.78,1457.31,1227.71,1346.26,-1358.77,-1390.23,-1366.27,1389.09,-528.748,-528.748,1298.61,-5810.05,-5810.05,13284.2,-1504.83,-1847.21,1409.27,-942.38,-3363.25,-5955.38,-5955.38,-9322.96,-11087.6,-11708,-22430.6,11532.4,-7228.94,9322.96,-1965.04,-7215.07,-11217.3,-6577.05,-6574.69,1965.04,11087.6,11708,-4673.21,-4728,-3295.38,-3826.92,-3048.29,-4094.35,-2694.4,-2694.4,-473.934,-1463.43,2531.5,2857.3,-4729.58,11087.6,11087.6,11708,11708,1869.29,1869.29,-147.414,-564.153,-1383.4,-1383.4,-6110.47,-6110.47,6281.55,6281.55,-2614.84,-128.808,-3215.94,4213.12,-16739,19675.4,21965.8,-12603.1,3215.94,-4920.87,-2968.95,3825.95,-125.543,-125.543,-1752.69,-1752.69,757.754,-699.731,4039.09,711.999,-333.903,-333.903,-3220.02,-1025.64,-4569.57,-2888.29,-327.919,-327.919,-557.427,-557.64,-2974.46,-2974.46,-3338.18,-1836.79,-2631.64,-1762.86,-1391.65,-321.176,-321.176,-81.5859,-90.7145,0,872.153,970.101,0,-142.303,-1176.42,-1176.42,197.87,-1193.08,543.683,546.516,63.7765,394.169,384.335,-2405.58,3245.29,7666.69,1636.09,685.234,685.234,-264.877,-2592.44,-2592.44,-1449.23,-1438.78,-3.92475e-10,0,-530.401,-530.401,0,6.74437e-10,0,-2344.51,0,1237.1,0,-4.08985e-10,1.23155e-10,1467.3,1424.91,1424.91,0,301.043,301.043,1.8332e-09,0,-2398.98,-3731.44,-3731.44,-3731.44,-4144.35,0,0,0,-774.196,-774.196,-774.196,0,1067.35,305.373,305.373,80.1186,-2.25969e-10,40.0611,40.0611,4.78408e-10,2.65303e-10,-1.05983e-09,-8.81419e-11,-107.745,-106.946,-155.645,0,-1.16926e-12,0,4894.76,4894.76,4894.76,0,0,0,0,2.48927e-10,2.32475e-11,-4348.99,-4348.99,1.2117e-09,8957.14,1293.83,1891.84,0,-3.51506e-10,1434.92,4118,5.68279e-10,29868.2,16065.6,4179.44,4072.51,-70.8437,-4693.23,-4693.23,-1.59374e-10,120511,-1482.2,2.47913e-10,-2.74844e-10,-1357.13,-2181.26,-5388.79,-3.83716e-10,2.33357e-10,-5.62897e-10,-573.472,-7.79825e-10,3.33667e-10,-3.51963e-10,-7788.47,-3.67069e-10,-7215.07,-9.88605e-11,-933.284,-3830.66,-5.27347e-10,-2688.45,3.99614e-10,-3081.97,6108.3,-2.11896e-10,5.34826e-10,4073.75,4073.75,1.55961e-09,183.021,183.021,1.07578e-09,-1008.35,0,-4.17603e-10,3875.25,9928.71,0,0
2020-08-05 03:00:00 UTC,3929.16,1122.21,-3697.92,426.319,426.319,798.486,-1155.49,-1299.95,1794.49,1794.49,-2789.78,-2314.64,9090.27,-186.36,-1281.75,-2053.93,-3958.45,-1252.5,7288.8,1046.36,289.464,3721.69,3721.69,3259.28,4071.83,1198.51,802.975,-546.961,-42.3669,-2669.95,922.94,922.94,2101.75,1178.48,1178.48,7326.61,-4415.33,-4429.4,14738.9,14738.9,-4989.28,-8742.95,-4250.76,-2622.94,-6707.05,9598.53,12855.5,12950.1,13686.1,-302.747,2263.71,2263.71,-442.526,490.103,855.184,-437.493,-437.493,3733.37,-1614.67,-805.441,-2205.97,2776.9,2993.82,-1400.9,-1400.9,524.756,613.025,-568.865,-568.865,-565.622,-3263.31,2306.07,-1149.88,-1149.88,-53.8725,-53.8725,-23.254,-17.7606,-34.6077,122.38,246.494,-182.342,12.0948,11.2799,-3.15094,52.8691,23.498,-623.6,-623.6,-96.0055,-96.0055,-95.0676,-95.0676,1237.2,1237.2,1237.2,-464.531,-464.531,-139.134,315.299,142.361,142.361,-220.868,-220.868,483.319,198.307,2622.94,-0.0264906,-0.0264906,2190.37,2190.37,2190.37,-6342.77,1650,1650,1734.71,1734.71,0.036,-532.287,-532.287,93.088,93.088,7268.43,7268.43,-6762.37,-6762.37,0,274.08,3003.98,1238.03,-2730.18,-2730.18,2378.4,-12815.2,-5615.07,2463.11,7227.56,7227.56,-1765.37,-1765.37,6183.39,6183.39,-651,-1534.38,-10309.3,-3380.17,-3088.4,-3088.4,1929.11,1929.11,1929.11,-5025.77,-5025.77,6146.21,1.35015e-10,1.35015e-10,-2312.18,4414.62,4414.62,-6368.52,2314.09,-1750.35,0,-4060.48,-1583.19,6147.51,4439.58,4439.58,571.926,-311.796,66.1644,4418.44,4418.44,3055.48,-1466.71,-1466.71,-14760.6,9627.83,14760.6,-12876,-12971,-13707.3,18973.6,-3717.31,3528.74,-12855.5,-12950.1,-13686.1,14085.4,7877.09,5291.05,-660.622,-18972.4,-3548.93,-15681,-38526.1,-21185.9,-21185.9,-2498.14,12873.7,-1179.78,-2460.31,-984.532,1302.71,-1289.88,1363.52,1155.83,1266.88,-1297.02,-1327.04,-1304.18,1305.7,-475.692,-475.692,1219.94,-5455.56,-5455.56,12372,-1333.62,-1738.53,1323.84,-902.815,-3189.3,-5524.94,-5524.94,-8836.78,-10607.1,-11200.6,-21508.8,11216.2,-6759.91,8836.78,-1955.1,-6747.78,-10768.7,-6314.03,-6311.76,1955.1,10607.1,11200.6,-4511.03,-4563.91,-3168.82,-3679.9,-2956.25,-3829.63,-2596.74,-2596.74,-471.237,-1343.83,2439.74,2753.73,-4553.66,10607.1,10607.1,11200.6,11200.6,1806.96,1806.96,-138.1,-529.022,-1347.59,-1347.59,-5917.06,-5917.06,6015.19,6015.19,-2357.09,-76.6506,-3110.28,4056.79,-16190.4,18863.1,21065.8,-12183.5,3110.28,-4562.01,-2767.98,3617.91,-124.607,-124.607,-1585.46,-1585.46,664.737,-631.187,3691.99,643.442,-279.424,-279.424,-2936.89,-943.975,-4123.1,-2659.21,-293.099,-293.099,-488.948,-489.135,-2796.73,-2796.73,-3119.06,-1698.27,-2436.3,-1586.7,-1180.04,-291.138,-291.138,-42.9949,-47.5229,0,859.946,956.419,0,-99.2176,-1153.55,-1153.55,130.515,-974.547,521.998,524.721,23.3266,439.284,428.474,-2223.7,3176.84,7542.51,1581.67,652.212,652.212,-276.495,-2523.63,-2523.63,-1366.87,-1357.01,-9.25722e-10,0,-643.783,-643.783,0,7.94676e-10,0,-2233.34,0,1197.28,0,8.4929e-10,6.88321e-11,1433.89,1335.62,1335.62,0,294.664,294.664,3.10294e-10,0,-2137.31,-3337.94,-3337.94,-3337.94,-3833.99,0,0,0,-699.269,-699.269,-699.269,0,1090.44,329.815,329.815,107.745,-5.03777e-10,53.8758,53.8758,-5.64231e-10,1.10914e-09,-1.32808e-09,-6.01216e-10,-110.003,-109.186,-146.852,0,2.87721e-11,0,4565.86,4565.86,4565.86,0,0,0,0,-7.00461e-10,1.82902e-11,-4102.33,-4102.33,2.16227e-10,8213.75,1195.11,1747.5,0,-1.29989e-10,1366.13,3817.64,4.02542e-10,27850.5,15064.9,3982.1,3894.24,-66.1644,-4429.28,-4429.28,9.91111e-11,111943,-1360.89,8.93268e-11,7.37991e-10,-1307.94,-2102.2,-5193.47,-7.44429e-10,4.19913e-10,4.19586e-10,-581.461,6.52124e-11,1.01437e-09,-4.18173e-11,-7516.28,2.85959e-10,-6747.78,7.17471e-10,-920.053,-3489.2,4.41249e-10,-2466.69,-4.68661e-10,-2883.95,5596.1,3.34121e-10,4.16194e-10,3838.81,3838.81,-5.47183e-10,125.15,125.15,-6.1053e-11,-798.486,0,-6.84534e-10,3682.87,9287.22,0,0
2020-08-05 04:00:00 UTC,3695.49,1058.49,-3609.83,459.024,459.024,623.059,-1172.44,-1326.62,1725.98,1725.98,-2570.13,-2101.59,8419.38,-163.795,-1157.97,-1932.41,-3657.63,-1157.31,6725.38,959.818,121.287,3407.65,3407.65,3035.33,3864.79,1136.02,753.405,-497.409,-62.7265,-2475.2,855.958,855.958,1940.25,1084.01,1084.01,6747.21,-3955.31,-3967.92,13357.8,13357.8,-4474.92,-7948.61,-3924.74,-2421.75,-6023.42,8633.45,11605.6,11691.1,12355.4,-262.758,2046.53,2046.53,-408.911,439.013,714.896,-421.489,-421.489,3348.91,-1505.31,-725.662,-2016.35,2483.78,2677.85,-1290.99,-1290.99,511.655,626.422,-569.012,-569.012,-552.713,-3033.03,2119.32,-1057,-1057,-60.3602,-60.3602,-22.3194,-17.7073,-31.1395,110.255,217.381,-163.751,10.8664,10.1342,-3.71928,47.1984,16.7656,-569.864,-569.864,-79.7048,-79.7048,-78.9295,-78.9295,1131.14,1131.14,1131.14,-412.64,-412.64,-132.371,281.1,134.367,134.367,-196.036,-196.036,455.19,179.369,2421.75,-0.229992,-0.229992,2023.55,2023.55,2023.55,-5852.13,1524.49,1524.49,1606.07,1606.07,0.316,-490.555,-490.555,111.967,111.967,6744.79,6744.79,-6308.72,-6308.72,0,264.063,2799.98,1157.46,-2549.66,-2549.66,2197.28,-11821,-5179.51,2278.87,6695.62,6695.62,-1642.02,-1642.02,5731.09,5731.09,-603.534,-1430.95,-9348.66,-3380.9,-2846.42,-2846.42,1777.63,1777.63,1777.63,-4582.75,-4582.75,5695.28,-3.23466e-11,-3.23466e-11,-2123.91,4025.19,4025.19,-5799.76,2086.2,-1596.25,0,-3679.25,-1483.25,5560.09,4046.51,4046.51,533.545,-294.178,61.8602,4129.39,4129.39,2762.02,-1325.17,-1325.17,-13342.3,8641.02,13342.3,-11622.4,-11708.1,-12372.7,17066.8,-3375.53,3202.84,-11605.6,-11691.1,-12355.4,12834.4,7088.07,4509.53,-784.946,-17992.7,-3263.36,-14825.7,-36513.3,-20086.6,-20086.6,-2390.6,11842.9,-1092.48,-2360.94,-935.814,1228.96,-1212.47,1276.5,1085.29,1189.34,-1232.47,-1260.98,-1239.27,1225.17,-427.32,-427.32,1144.47,-5095.65,-5095.65,11495.3,-1199.11,-1626.11,1241.93,-863.341,-3027.41,-5116.77,-5116.77,-8293.25,-10133.9,-10700.8,-20644.8,10861.5,-6174.55,8293.25,-2004.38,-6164.43,-10355.2,-6071.59,-6069.41,2004.38,10133.9,10700.8,-4379.29,-4430.62,-3060.86,-3554.49,-2901.93,-3498.21,-2511.23,-2511.23,-489.498,-1178.02,2359.4,2663.06,-4395.33,10133.9,10133.9,10700.8,10700.8,1763.4,1763.4,-123.678,-475.177,-1341.9,-1341.9,-5801.24,-5801.24,5763.75,5763.75,-1982.67,11.3847,-3057.31,3931.94,-15899.2,18096.5,20221,-11955.5,3057.31,-4163.29,-2552.39,3376.39,-129.498,-129.498,-1394.65,-1394.65,527.076,-551.998,3226.95,557.583,-199.437,-199.437,-2600.56,-837.237,-3621.77,-2402.35,-247.857,-247.857,-407.305,-407.461,-2590.26,-2590.26,-2869.06,-1544.02,-2220.86,-1384.34,-967.698,-255.626,-255.626,-13.267,-14.2792,0,814.075,905.397,0,-63.9934,-1082.44,-1082.44,76.2892,-783.348,487.572,490.118,-6.9736,456.982,445.853,-2023.69,3039.56,7398.93,1511.41,619.715,619.715,-271.272,-2375.17,-2375.17,-1221.64,-1212.83,-5.78948e-10,0,-666.848,-666.848,0,3.80275e-10,0,-2090.11,0,1134.92,0,1.23762e-09,9.44146e-11,1370.55,1238.15,1238.15,0,280.068,280.068,1.26334e-09,0,-1899.62,-2978.9,-2978.9,-2978.9,-3503.68,0,0,0,-621.631,-621.631,-621.631,0,1064.42,332.701,332.701,120.72,-4.67775e-10,60.3644,60.3644,4.79779e-10,4.36399e-10,-2.91999e-10,1.8293e-10,-107.362,-106.564,-141.121,0,-2.34528e-10,0,4245.47,4245.47,4245.47,0,0,0,0,3.87254e-10,1.09948e-10,-3832.66,-3832.66,-7.76345e-11,7484.09,1092.08,1596.86,0,-5.20297e-10,1290.77,3524.53,4.77392e-10,25907.1,14080.4,3793.2,3703.48,-61.8602,-4138.81,-4138.81,-6.5444e-10,103786,-1194.16,-3.39746e-10,3.26705e-13,-1264.88,-2032.98,-5022.46,-4.31614e-10,-1.92755e-10,-6.64991e-10,-601.61,-5.3777e-11,-1.16615e-10,-7.79213e-11,-7360.37,4.19476e-10,-6164.43,1.90994e-10,-909.625,-3037.36,1.23393e-09,-2147.06,-4.83303e-10,-2685.16,5002.91,8.5277e-10,-3.76412e-10,3584.85,3584.85,-4.41143e-10,70.3395,70.3395,-1.15146e-10,-623.059,0,5.01781e-10,3471.45,8647.35,0,0
2020-08-05 05:00:00 UTC,3488.04,1009.19,-3576.9,543.9,543.9,440.933,-1198.82,-1364.65,1712.11,1712.11,-2245.74,-1832.81,7612.36,-55.3877,-1009.11,-1739.03,-3329.83,-1053.57,6000.97,844.858,-85.4898,3050.99,3050.99,2746.26,3569.22,1047,691.548,-435.572,-79.3196,-2231.36,772.997,772.997,1743.83,970.605,970.605,6043.47,-3448.34,-3459.35,11768.1,11768.1,-3906.57,-6998.43,-3528.89,-2177.47,-5265.85,7534.66,10180.8,10255.8,10838.5,-222.196,1796.9,1796.9,-370.299,382.298,571.671,-395.82,-395.82,2918.63,-1370.25,-638.06,-1795.13,2155.5,2323.97,-1157.3,-1157.3,484.453,618.274,-551.339,-551.339,-524.39,-2751.13,1908.91,-952.299,-952.299,-63.9813,-63.9813,-20.8244,-17.1156,-27.1837,96.3852,186.007,-143.12,9.87522,9.2098,-3.63519,41.2627,10.4336,-506.137,-506.137,-63.1672,-63.1672,-62.5564,-62.5564,1004.68,1004.68,1004.68,-354.994,-354.994,-122.362,243.59,123.202,123.202,-169.02,-169.02,417.394,157.797,2177.47,-0.229994,-0.229994,1823.99,1823.99,1823.99,-5265.1,1375.59,1375.59,1450.8,1450.8,0.316,-440.337,-440.337,127.206,127.206,6108.07,6108.07,-5748.62,-5748.62,0,248.731,2548.15,1057.46,-2326.22,-2326.22,1980.46,-10632.4,-4658.79,2055.67,6052.23,6052.23,-1490.27,-1490.27,5182.99,5182.99,-545.615,-1303.99,-8238.34,-3316.83,-2557.01,-2557.01,1595.92,1595.92,1595.92,-4064.46,-4064.46,5149.99,-4.17664e-11,-4.17664e-11,-1899.26,3568.58,3568.58,-5136.29,1821.78,-1420.3,0,-3239.65,-1362.16,4880.45,3586.17,3586.17,487.433,-271.195,56.293,3774.15,3774.15,2425.41,-1163.36,-1163.36,-11716.9,7517.63,11716.9,-10193.7,-10268.9,-10851.8,14892,-2979.02,2826.26,-10180.8,-10255.8,-10838.5,11377.6,6187.95,3660.13,-889.297,-16699.3,-2925.88,-13713.5,-33874.5,-18641.9,-18641.9,-2238.1,10618.5,-988.998,-2216.67,-877.575,1118.84,-1113.85,1169.32,996.033,1091.44,-1146.1,-1172.6,-1152.42,1123.98,-372.653,-372.653,1049.9,-4646.92,-4646.92,10423.9,-1048.72,-1485.79,1139.31,-816.424,-2812.17,-4626.22,-4626.22,-7628.46,-9480.26,-10010.6,-19393.6,10307.6,-5530.53,7628.46,-1993.95,-5522.41,-9749.51,-5716.44,-5714.38,1993.95,9480.26,10010.6,-4149.09,-4197.72,-2899.69,-3367.28,-2784.22,-3140.69,-2368.71,-2368.71,-498.608,-1003.9,2225.5,2511.93,-4168.48,9480.26,9480.26,10010.6,10010.6,1687.53,1687.53,-108.425,-417.875,-1309.33,-1309.33,-5576.83,-5576.83,5425.08,5425.08,-1624.58,84.5279,-2968.02,3740.5,-15331.9,17007.9,19003.9,-11609.6,2968.02,-3718.59,-2313.52,3095.47,-136.629,-136.629,-1188.85,-1188.85,397.297,-469.542,2767.22,473.775,-125.411,-125.411,-2269.07,-732.232,-3119.47,-2144.46,-199.26,-199.26,-321.241,-321.365,-2353.13,-2353.13,-2584.94,-1371.3,-1977.04,-1159.73,-739.569,-216.24,-216.24,17.913,20.5833,0,755.394,840.098,0,-25.9654,-1000.31,-1000.31,18.7006,-588.281,454.525,456.901,-38.2826,479.621,468.076,-1828.49,2910.27,7116.75,1413.64,575.824,575.824,-261.351,-2246.98,-2246.98,-1114.21,-1106.18,8.35975e-10,0,-738.117,-738.117,0,-6.25977e-10,0,-1789.72,0,1046.06,0,4.32069e-10,2.68801e-10,1278.96,1116.13,1116.13,0,257.446,257.446,5.95617e-10,0,-1641.83,-2579.64,-2579.64,-2579.64,-3110.42,0,0,0,-545.92,-545.92,-545.92,0,1008.89,324.735,324.735,127.963,7.43069e-10,63.9859,63.9859,7.51949e-10,-3.76476e-10,1.66151e-10,8.76426e-10,-101.652,-100.896,-134.073,0,6.22846e-11,0,3853.56,3853.56,3853.56,0,0,0,0,-2.06065e-10,3.00922e-10,-3506.76,-3506.76,2.38052e-10,6640.61,980.092,1433.11,0,7.81489e-11,1195.38,3174.63,6.47171e-10,23528.8,12858.1,3546.3,3446.88,-56.293,-3782.06,-3782.06,-1.91769e-10,93902.3,-1018.83,8.26743e-10,-2.1045e-10,-1193.1,-1917.61,-4737.42,1.82453e-10,4.89169e-11,1.18337e-09,-602.803,3.14585e-10,4.79501e-10,-9.02721e-10,-7272.46,-3.8943e-10,-5522.41,7.15261e-10,-880.44,-2593.09,-7.04178e-10,-1828.29,2.09547e-10,-2467.27,4413.53,-2.68937e-11,-2.09192e-10,3283.08,3283.08,-2.71482e-10,7.95033,7.95033,-1.95892e-09,-440.933,0,6.91866e-11,3199.06,7852.86,0,0
2020-08-05 06:00:00 UTC,3338.57,973.362,-3529.19,602.37,602.37,319.987,-1201.54,-1372.65,1705.18,1705.18,-2017.46,-1641.01,7038.85,19.7734,-902.389,-1601.73,-3093.58,-978.811,5487.24,763.677,-220.894,2789.83,2789.83,2547.88,3364.59,985.855,649.113,-393.151,-90.6468,-2064.08,714.961,714.961,1601.53,886.374,886.374,5542.79,-3076.7,-3086.52,10627.3,10627.3,-3489.68,-6335.05,-3248.47,-2004.42,-4709.82,6747.47,9162.67,9230.18,9754.5,-192.686,1618.63,1618.63,-339.389,341.596,475.725,-374.112,-374.112,2611.24,-1264.58,-572.527,-1629.12,1923.67,2074.06,-1056.79,-1056.79,462.612,607.657,-535.111,-535.111,-501.475,-2549.86,1761.79,-879.059,-879.059,-65.7621,-65.7621,-19.6326,-16.5303,-24.3876,86.5675,164.084,-128.392,8.86458,8.26725,-3.88064,36.8222,6.38142,-460.333,-460.333,-52.1248,-52.1248,-51.6239,-51.6239,913.553,913.553,913.553,-313.397,-313.397,-114.955,217.089,115.077,115.077,-150.01,-150.01,390.413,142.453,2004.42,-0.229996,-0.229996,1670.03,1670.03,1670.03,-4813.67,1261.23,1261.23,1329.83,1329.83,0.316,-401.371,-401.371,132.502,132.502,5608.38,5608.38,-5301.34,-5301.34,0,233.974,2347.49,977.713,-2147.29,-2147.29,1813.49,-9719.86,-4259.01,1882.09,5550.22,5550.22,-1369.42,-1369.42,4754.36,4754.36,-499.082,-1202.25,-7424.45,-3211.53,-2335.02,-2335.02,1457.39,1457.39,1457.39,-3678.03,-3678.03,4724.26,-1.6094e-10,-1.6094e-10,-1729.61,3228.91,3228.91,-4648.51,1625.94,-1297.03,0,-2921.04,-1270,4379.05,3243.53,3243.53,450.42,-252.968,51.1838,3495.14,3495.14,2183.03,-1048.27,-1048.27,-10551,6715.35,10551,-9173.09,-9240.76,-9765.25,13336.9,-2690.34,2556.38,-9162.67,-9230.18,-9754.5,10301.9,5539.5,3097.54,-927.787,-15599.7,-2669.07,-12782.5,-31645.4,-17422.1,-17422.1,-2103.12,9678.12,-900.471,-2088.43,-826.76,1025.74,-1033.45,1081.61,923.598,1011.85,-1073.41,-1098.22,-1079.33,1041.41,-332.723,-332.723,972.525,-4291.05,-4291.05,9576.8,-931.572,-1373.63,1055.34,-776.386,-2628.25,-4244.13,-4244.13,-7112.96,-8904.55,-9402.67,-18238.1,9777.78,-5098.4,7112.96,-1920.72,-5091.5,-9190.29,-5388.56,-5386.61,1920.72,8904.55,9402.67,-3913.09,-3958.95,-2748.63,-3191.82,-2637.86,-2903.05,-2230.36,-2230.36,-482.253,-896.885,2095.5,2365.21,-3968.3,8904.55,8904.55,9402.67,9402.67,1611.41,1611.41,-99.3606,-383.452,-1261.43,-1261.43,-5336.46,-5336.46,5143.7,5143.7,-1431.57,113.229,-2874.31,3563.11,-14726.5,16034.4,17888.4,-11265,2874.31,-3403.96,-2136.93,2889.65,-134.463,-134.463,-1056.02,-1056.02,334.119,-416.268,2493.62,422.594,-91.4331,-91.4331,-2053.74,-666.744,-2778.69,-1962.92,-171.891,-171.891,-270.221,-270.326,-2183.89,-2183.89,-2385.37,-1252.73,-1808.05,-1017.44,-595.39,-191.186,-191.186,37.4168,42.3894,0,717.855,798.334,0,-2.36163,-945.473,-945.473,-17.368,-459.642,431.236,433.493,-57.9494,490.962,479.221,-1685.05,2798.49,6800.95,1332.61,537.763,537.763,-256.487,-2154.46,-2154.46,-1049.82,-1042.25,1.11249e-10,0,-787.895,-787.895,0,7.12693e-10,0,-1578.22,0,985.026,0,1.09395e-10,-6.79761e-10,1212.52,1032.42,1032.42,0,241.899,241.899,-2.50635e-10,0,-1453.51,-2297.55,-2297.55,-2297.55,-2827.23,0,0,0,-484.01,-484.01,-484.01,0,964.132,316.82,316.82,131.524,6.16036e-10,65.767,65.767,2.3808e-10,3.98471e-10,2.64808e-10,-5.23072e-10,-97.1781,-96.456,-127.622,2.60379e-11,-1.26347e-10,0,3546.86,3546.86,3546.86,0,0,0,0,1.5456e-10,4.01767e-10,-3257.62,-3257.62,4.58218e-10,6031.56,902.571,1319.77,0,2.2325e-10,1122.51,2909.69,1.27093e-10,21654.7,11884.1,3336.87,3231.7,-51.1838,-3501.76,-3501.76,-3.67794e-11,86167.8,-910.809,1.40979e-09,-5.43043e-10,-1123.41,-1805.6,-4460.71,6.12081e-10,-1.22952e-10,4.83084e-11,-588.555,-2.48224e-10,-7.45045e-11,-4.70552e-10,-7232.43,-4.79178e-10,-5091.5,2.34302e-10,-846.268,-2329.5,-1.73152e-10,-1648.77,7.47348e-11,-2291.22,4016.66,-5.15013e-10,-1.74588e-10,3058.8,3058.8,-5.00032e-10,-28.9599,-28.9599,-7.68848e-11,-319.987,0,8.15622e-10,2984.3,7231,0,0
2020-08-05 07:00:00 UTC,3195.42,937.567,-3455.66,632.668,632.668,229.861,-1191.58,-1364.81,1677.63,1677.63,-1825.11,-1491.21,6549.86,83.8317,-821.247,-1475.68,-2899.21,-917.304,5051.92,696.572,-316.883,2586.1,2586.1,2369.32,3168.72,927.275,611.822,-355.87,-96.7296,-1916.72,665.136,665.136,1484.78,819.476,819.476,5126.45,-2810.48,-2819.45,9768.17,9768.17,-3186.27,-5834.78,-3014.05,-1859.76,-4298.16,6134.97,8416.8,8478.82,8960.42,-176.174,1485.81,1485.81,-312.038,313.301,433.126,-345.634,-345.634,2395.22,-1162.32,-522.937,-1500.34,1764.12,1902.06,-977.571,-977.571,430.722,569.22,-499.951,-499.951,-467.045,-2372.81,1648.06,-822.424,-822.424,-62.016,-62.016,-18.1012,-15.2749,-22.3767,79.4416,150.962,-118.465,8.15848,7.60873,-3.70822,33.9274,5.58479,-423.898,-423.898,-47.4151,-47.4151,-46.961,-46.961,839.372,839.372,839.372,-282.292,-282.292,-106.922,200.08,106.933,106.933,-138.157,-138.157,366.69,131.594,1859.76,-0.229996,-0.229996,1556.3,1556.3,1556.3,-4480.18,1177.02,1177.02,1240.19,1240.19,0.316,-372.753,-372.753,134.21,134.21,5236.53,5236.53,-4965.89,-4965.89,0,222.179,2196.88,916.78,-2012.83,-2012.83,1689.8,-9045.06,-3963.37,1752.98,5177.62,5177.62,-1279.79,-1279.79,4436.11,4436.11,-466.158,-1127.34,-6831.57,-3111.35,-2171.02,-2171.02,1353.8,1353.8,1353.8,-3394.92,-3394.92,4408.39,-4.14386e-11,-4.14386e-11,-1603.37,2979.34,2979.34,-4289.77,1483.92,-1205.88,0,-2688.19,-1199.89,4015.2,2991.99,2991.99,424.153,-237.224,47.4157,3276.96,3276.96,2006.12,-964.072,-964.072,-9699.24,6134.49,9699.24,-8425.59,-8487.75,-8969.48,12207.9,-2479.77,2358.94,-8416.8,-8478.82,-8960.42,9512.97,5070.94,2703.06,-944.049,-14745.7,-2480.15,-12063.4,-29913.1,-16471.9,-16471.9,-1995.28,8988.4,-840.776,-1984.05,-784.333,961.077,-972.16,1015.7,868.279,951.21,-1015.84,-1039.31,-1021.45,978.837,-304.614,-304.614,914.076,-4020.04,-4020.04,8946.27,-853.712,-1287.36,991.925,-741.385,-2486.2,-3961.25,-3961.25,-6711.96,-8450.65,-8923.37,-17320.5,9338.71,-4767.22,6711.96,-1858.01,-4761.19,-8745.46,-5127.74,-5125.89,1858.01,8450.65,8923.37,-3728.03,-3771.72,-2628.23,-3051.97,-2513.13,-2720.83,-2124.87,-2124.87,-459.47,-814.836,1996.39,2253.35,-3814.19,8450.65,8450.65,8923.37,8923.37,1551.65,1551.65,-93.3693,-360.611,-1220.91,-1220.91,-5144.82,-5144.82,4927.5,4927.5,-1288.28,134.37,-2802,3424.46,-14248.7,15254.8,17001.4,-11006.7,2802,-3156.3,-1995.01,2730.66,-129.995,-129.995,-953.539,-953.539,287.801,-374.02,2281.9,381.146,-67.1615,-67.1615,-1881.62,-615.767,-2510.44,-1814.94,-151.732,-151.732,-232.22,-232.311,-2054.06,-2054.06,-2231.93,-1161.3,-1678.44,-910.107,-486.4,-172.191,-172.191,51.546,58.1849,0,689.776,767.123,0,14.6058,-901.501,-901.501,-43.536,-364.127,412.04,414.198,-72.2568,496.667,484.845,-1565.95,2690.07,6532.96,1264.59,508.173,508.173,-247.702,-2065.11,-2065.11,-988.448,-981.321,1.00155e-10,0,-809.837,-809.837,0,-1.73815e-10,0,-1388.89,0,926.542,0,1.86918e-11,1.34343e-10,1149.26,958.693,958.693,0,226.3,226.3,-1.70783e-10,0,-1331.95,-2106.57,-2106.57,-2106.57,-2597.56,0,0,0,-449.818,-449.818,-449.818,0,897.806,296.443,296.443,124.032,1.17083e-10,62.0204,62.0204,-3.18615e-10,-3.07043e-10,-4.0332e-10,8.01584e-10,-90.6382,-89.9646,-122.843,-7.10422e-11,8.96155e-11,0,3315.63,3315.63,3315.63,0,0,0,-7.10383e-11,1.68596e-10,-4.39922e-11,-3064.83,-3064.83,5.01867e-10,5581.76,840.986,1229.72,0,-1.87905e-10,1063.16,2711.6,1.07066e-10,20250.6,11145.5,3169.82,3059.93,-47.4157,-3282.73,-3282.73,-2.20574e-11,80421.2,-828.123,6.31646e-10,8.50625e-11,-1070.28,-1720.2,-4249.73,3.25714e-10,1.56724e-10,-3.23758e-11,-581.259,4.01781e-11,-1.22266e-10,4.84496e-10,-7231.01,9.17235e-10,-4761.19,6.81671e-10,-819.774,-2125.61,1.84902e-10,-1517.93,-3.08534e-10,-2144.7,3696.56,-6.77882e-13,1.89757e-10,2887.21,2887.21,1.36895e-10,-54.8541,-54.8541,-7.77635e-10,-229.861,0,1.26508e-09,2812.64,6757.24,0,0
2020-08-05 08:00:00 UTC,3091.41,913.149,-3391.13,653.516,653.516,152.838,-1179.13,-1353.74,1663.09,1663.09,-1657.01,-1379.13,6162.88,161.835,-764.298,-1358.44,-2767.05,-875.483,4696.8,640.419,-407.582,2440.15,2440.15,2225.48,3009.61,879.827,581.847,-325.902,-101.332,-1798.25,625.772,625.772,1395.57,769.649,769.649,4802.17,-2608.33,-2616.66,9087.98,9087.98,-2956.82,-5414.61,-2825.96,-1743.7,-3988.22,5669.76,7820.56,7878.2,8325.64,-163.167,1379.7,1379.7,-294.025,290.767,390.333,-327.363,-327.363,2221.9,-1091.96,-486.362,-1405.53,1633.01,1760.72,-919.313,-919.313,408.472,545.01,-476.722,-476.722,-443.136,-2233.81,1559.85,-778.483,-778.483,-60.1583,-60.1583,-17.0551,-14.5029,-20.7348,73.6423,139.493,-110.206,7.77075,7.24712,-3.41748,31.6359,4.29185,-395.063,-395.063,-42.5895,-42.5895,-42.1831,-42.1831,781.419,781.419,781.419,-258.57,-258.57,-100.861,185.625,100.656,100.656,-127.976,-127.976,346.896,122.601,1743.7,-0.229997,-0.229997,1468.23,1468.23,1468.23,-4220.46,1111.83,1111.83,1171.39,1171.39,0.316,-351.466,-351.466,136.332,136.332,4950.92,4950.92,-4707.82,-4707.82,0,213.78,2080.91,868.424,-1909.07,-1909.07,1593.01,-8519.13,-3732.94,1652.57,4891.08,4891.08,-1212.21,-1212.21,4192.09,4192.09,-443.004,-1070.66,-6363.02,-3036.97,-2042.75,-2042.75,1271.92,1271.92,1271.92,-3172.42,-3172.42,4165.96,2.97384e-11,2.97384e-11,-1505.3,2782.87,2782.87,-4005.88,1373.04,-1130.47,0,-2502.13,-1144.02,3728.98,2793.99,2793.99,404.567,-223.263,45.2706,3109.21,3109.21,1864.92,-896.017,-896.017,-9016.4,5670.4,9016.4,-7828.15,-7885.9,-8333.46,11305,-2311.45,2198.46,-7820.56,-7878.2,-8325.64,8888.22,4699.02,2381.36,-963.658,-14089.5,-2332.58,-11508.8,-28579.1,-15739.6,-15739.6,-1913.11,8453.88,-796.341,-1904.31,-751.913,909.975,-924.531,964.937,825.288,904.136,-971.22,-993.658,-976.579,930.396,-282.369,-282.369,868.897,-3810.27,-3810.27,8459.9,-794.49,-1219.08,942.912,-714.755,-2376.08,-3742.69,-3742.69,-6403,-8102.41,-8555.64,-16615.1,9005.14,-4510.5,6403,-1811.08,-4505.1,-8405.29,-4928.29,-4926.51,1811.08,8102.41,8555.64,-3578.6,-3620.53,-2545.27,-2955.61,-2416.3,-2583.44,-2038.52,-2038.52,-444.951,-751.384,1915.26,2161.77,-3712.4,8102.41,8102.41,8555.64,8555.64,1514.48,1514.48,-87.418,-338.146,-1201.8,-1201.8,-5031.71,-5031.71,4789.44,4789.44,-1172.23,153.547,-2769.5,3339.08,-14013.7,14665.2,16320.6,-10886.5,2769.5,-2962.06,-1881.37,2608.14,-124.47,-124.47,-872.753,-872.753,249.918,-339.543,2111.61,345.96,-46.7966,-46.7966,-1735.04,-574.886,-2270.45,-1688.63,-136.597,-136.597,-202.987,-203.067,-1953,-1953,-2112.06,-1089.54,-1576.19,-828.573,-396.183,-157.909,-157.909,64.2995,72.4498,0,676.094,751.934,0,29.2574,-875.822,-875.822,-66.3807,-284.092,399.181,401.272,-85.4534,505.926,493.928,-1461.47,2584.57,6333.28,1211.15,485.223,485.223,-240.193,-2000.98,-2000.98,-943.319,-936.518,2.73901e-10,0,-824.358,-824.358,0,2.60529e-10,0,-1194.44,0,879.166,0,6.23108e-12,-2.82075e-11,1097.04,899.414,899.414,0,213.617,213.617,2.47897e-10,0,-1237.01,-1949.48,-1949.48,-1949.48,-2417.9,0,0,0,-425.092,-425.092,-425.092,0,851.643,283.176,283.176,120.317,-5.07977e-10,60.1624,60.1624,-5.19587e-11,-3.78916e-10,2.19856e-10,-5.13174e-10,-85.9804,-85.3414,-120.099,0,-1.497e-10,0,3134.5,3134.5,3134.5,0,0,0,0,-2.19891e-10,1.70765e-10,-2915.72,-2915.72,2.43817e-10,5220.31,793.57,1160.39,0,-1.73801e-10,1013.47,2554.55,9.55361e-11,19163.6,10568.9,3040.87,2926.9,-45.2706,-3114.31,-3114.31,5.24537e-11,75992.8,-764.205,-1.04561e-10,2.47479e-10,-1026.79,-1650.3,-4077.03,-5.68594e-10,3.14921e-10,9.00761e-11,-572.367,8.15254e-10,-9.05989e-10,2.58655e-10,-7245.15,7.40309e-10,-4505.1,-1.5819e-12,-802.969,-1959.69,-4.40233e-11,-1418.17,2.4737e-12,-2023.46,3423.68,1.40764e-10,3.12166e-10,2753.66,2753.66,3.46769e-10,-75.1291,-75.1291,3.01901e-10,-152.838,0,4.82802e-10,2678.33,6383.28,0,0
2020-08-05 09:00:00 UTC,3042.93,902.478,-3367.98,676.132,676.132,108.282,-1174.26,-1350.06,1664.21,1664.21,-1566.01,-1311.55,5954.18,200.621,-728.336,-1300.37,-2689.09,-850.815,4504,609.703,-460.39,2351.54,2351.54,2147.33,2929.65,855.861,565.1,-309.159,-105.935,-1732.23,603.811,603.811,1345.72,741.773,741.773,4619.7,-2489.57,-2497.52,8702.55,8702.55,-2821.91,-5182.31,-2724.03,-1680.79,-3805.81,5391.22,7481.32,7536.45,7964.46,-155.248,1319.4,1319.4,-283.688,277.766,364.496,-317.584,-317.584,2122.33,-1052.55,-465.041,-1351.89,1557.78,1679.61,-886.982,-886.982,397.351,534.129,-465.722,-465.722,-431.237,-2159.22,1512.75,-755.018,-755.018,-59.5367,-59.5367,-16.4968,-14.1095,-19.7997,70.3434,132.959,-105.611,7.57738,7.06678,-3.25943,30.3676,3.43719,-379.014,-379.014,-39.6617,-39.6617,-39.2845,-39.2845,748.895,748.895,748.895,-244.263,-244.263,-97.7271,177.5,97.3666,97.3666,-122.222,-122.222,337.138,117.63,1680.79,-0.229997,-0.229997,1417.78,1417.78,1417.78,-4068.29,1076.09,1076.09,1131.9,1131.9,0.316,-339.989,-339.989,135.232,135.232,4784.15,4784.15,-4553.35,-4553.35,0,208.267,2011.01,838.131,-1846.41,-1846.41,1535.69,-8211.4,-3598.12,1591.51,4724.81,4724.81,-1172.62,-1172.62,4050.99,4050.99,-430.485,-1037.25,-6090.59,-2979.9,-1966.32,-1966.32,1221.44,1221.44,1221.44,-3041.43,-3041.43,4026.51,1.99267e-11,1.99267e-11,-1447.73,2668.42,2668.42,-3841.31,1306.94,-1089.31,0,-2395.01,-1112.17,3559.46,2678.61,2678.61,393.409,-213.522,44.6586,3013.64,3013.64,1784.56,-856.772,-856.772,-8625.97,5404.7,8625.97,-7488.26,-7543.51,-7971.63,10788.3,-2215.47,2105.34,-7481.32,-7536.45,-7964.46,8522.28,4485.19,2206.79,-969.856,-13684.7,-2244.85,-11168.4,-27758.5,-15289.2,-15289.2,-1863.76,8138.89,-770.38,-1856.19,-731.781,875.342,-895.526,934.138,799.119,875.493,-943.722,-965.521,-948.93,900.946,-269.205,-269.205,841.441,-3685.63,-3685.63,8172.23,-760.14,-1176.54,913.126,-699.488,-2306.07,-3612.32,-3612.32,-6225.93,-7883.94,-8324.94,-16158.6,8793.33,-4381.15,6225.93,-1766.32,-4376.06,-8184.82,-4799.03,-4797.29,1766.32,7883.94,8324.94,-3472.85,-3513.54,-2493.53,-2895.51,-2343.3,-2519.65,-1978.76,-1978.76,-430.2,-724.122,1859.12,2098.41,-3657.28,7883.94,7883.94,8324.94,8324.94,1491.23,1491.23,-85.0447,-329.102,-1186.47,-1186.47,-4957.58,-4957.58,4715.92,4715.92,-1131.91,157.013,-2745.75,3288.9,-13855.9,14285.5,15881.8,-10799.6,2745.75,-2858.37,-1818.51,2540.41,-119.54,-119.54,-832.205,-832.205,236.15,-321.818,2037.6,328.101,-39.9738,-39.9738,-1661.36,-556.892,-2134.7,-1621.74,-129.953,-129.953,-189.439,-189.514,-1897.75,-1897.75,-2047.43,-1051.6,-1521.04,-790.143,-350.89,-151.274,-151.274,71.9354,80.9945,0,672.539,747.976,0,37.7837,-868.322,-868.322,-79.7681,-238.784,392.634,394.692,-93.4577,512.442,500.308,-1404.37,2527.96,6201.77,1177.75,471.351,471.351,-234.57,-1971.44,-1971.44,-927.255,-920.571,-2.99465e-10,0,-843.062,-843.062,0,-7.97498e-11,0,-1098,0,855.236,0,-9.19869e-11,-1.27361e-10,1071.55,866.386,866.386,0,207.547,207.547,-5.05526e-11,0,-1181.55,-1859.04,-1859.04,-1859.04,-2317.03,0,0,0,-412.163,-412.163,-412.163,0,828.622,277.033,277.033,119.073,2.09331e-11,59.5407,59.5407,1.32386e-10,5.68206e-10,1.30243e-10,1.27501e-10,-83.6701,-83.0483,-120.775,0,2.24597e-12,0,3024.58,3024.58,3024.58,0,0,0,0,-2.40889e-10,2.44308e-10,-2830.72,-2830.72,-2.53214e-10,5014.4,769.085,1124.59,0,4.55545e-11,984.848,2461.37,-5.6689e-11,18519,10220.9,2962.15,2845.16,-44.6586,-3018.32,-3018.32,1.57934e-10,73395.1,-736.668,4.49772e-10,5.2468e-10,-996.688,-1601.92,-3957.52,-2.65225e-10,-4.60838e-10,1.61639e-10,-564.591,-2.05357e-10,7.73019e-11,-3.36876e-10,-7241.16,-6.36799e-10,-4376.06,-4.77525e-10,-791.936,-1886.76,1.69778e-11,-1384.8,-3.11422e-10,-1953.19,3283.1,1.1007e-10,4.0373e-10,2677.49,2677.49,-2.00614e-10,-83.5881,-83.5881,1.67112e-10,-108.282,0,1.31857e-09,2597.78,6164.85,0,0
2020-08-05 10:00:00 UTC,3080.63,915.891,-3456.86,719.772,719.772,75.7147,-1211.49,-1394.56,1704.49,1704.49,-1545.7,-1285.89,5945.22,214.99,-712.421,-1304.11,-2681.22,-848.322,4478.86,603.302,-509.423,2331.79,2331.79,2142.5,2946.69,860.558,562.496,-306.556,-113.379,-1722.57,600.803,600.803,1339.99,739.052,739.052,4591.07,-2447.54,-2455.35,8599.88,8599.88,-2775.18,-5122.95,-2714.84,-1675.12,-3744.13,5295.65,7379.35,7433.73,7855.9,-150.391,1301.97,1301.97,-283.355,273.054,341.937,-321.618,-321.618,2087.26,-1053.47,-458.491,-1344.01,1529.2,1648.79,-885.647,-885.647,403.506,549.182,-476.326,-476.326,-438.208,-2158.72,1513.63,-755.456,-755.456,-62.3035,-62.3035,-16.6686,-14.4208,-19.4889,69.2826,129.658,-104.002,7.54554,7.03709,-3.38289,29.8795,2.03244,-375.878,-375.878,-36.9779,-36.9779,-36.6277,-36.6277,742.674,742.674,742.674,-238.453,-238.453,-98.4486,174.131,97.8054,97.8054,-119.619,-119.619,338.665,116.193,1675.12,-0.229997,-0.229997,1408.21,1408.21,1408.21,-4035.77,1070.62,1070.62,1124.72,1124.72,0.316,-338.148,-338.148,136.235,136.235,4753.49,4753.49,-4526.34,-4526.34,0,207.9,1997.88,831.459,-1835.38,-1835.38,1523.4,-8144.88,-3568.97,1577.5,4693.7,4693.7,-1166.16,-1166.16,4025.29,4025.29,-430.53,-1032.61,-6010.1,-2990.81,-1948.65,-1948.65,1207.8,1207.8,1207.8,-3004.78,-3004.78,4001.55,-9.47971e-11,-9.47971e-11,-1432.72,2636.16,2636.16,-3794.43,1285.14,-1079.18,0,-2363.11,-1108.21,3506.61,2645.86,2645.86,392.339,-209.9,45.4566,3010.16,3010.16,1760.58,-844.321,-844.321,-8506.92,5317.48,8506.92,-7386.11,-7440.59,-7862.87,10622.5,-2187.7,2076.12,-7379.35,-7433.73,-7855.9,8419.42,4417.14,2127.71,-990.256,-13644.2,-2223.47,-11128.6,-27668.8,-15240.9,-15240.9,-1865.87,8069,-769.083,-1858.37,-730.269,861.742,-891.042,929.397,795.211,871.171,-941.073,-962.811,-946.266,896.401,-265.047,-265.047,837.146,-3666.76,-3666.76,8125.58,-751.702,-1167.23,908.46,-700.482,-2291.94,-3585.29,-3585.29,-6223.46,-7863.36,-8303.22,-16103.5,8798.39,-4396.17,6223.46,-1749.13,-4391.04,-8159.22,-4784.01,-4782.28,1749.13,7863.36,8303.21,-3450.08,-3490.51,-2492.16,-2893.91,-2330.95,-2533.07,-1964.88,-1964.88,-430.383,-732.596,1846.08,2083.69,-3654.42,7863.36,7863.36,8303.22,8303.22,1490.42,1490.42,-84.0807,-325.488,-1188.85,-1188.85,-4957.91,-4957.91,4724.39,4724.39,-1152.95,149.381,-2758.65,3291.9,-13864.7,14249.8,15833.9,-10858.3,2758.65,-2853.43,-1813.04,2543.1,-117.745,-117.745,-829.061,-829.061,243.426,-319.885,2055.86,328.381,-43.6826,-43.6826,-1665.57,-562.111,-2124.17,-1622.26,-130.066,-130.066,-188.967,-189.041,-1897.95,-1897.95,-2045.63,-1048.81,-1515.55,-790.925,-336.011,-152.03,-152.03,80.6606,90.7766,0,689.052,766.253,0,46.6036,-895.535,-895.535,-93.7733,-206.774,396.4,398.477,-102.986,530.909,518.345,-1404.46,2566.96,6218.41,1172.44,470.184,470.184,-231.596,-1996.96,-1996.96,-934.925,-928.185,4.51061e-10,0,-884.207,-884.207,0,1.82169e-10,0,-1087.53,0,859.926,0,4.78353e-10,8.42593e-10,1079.52,861.552,861.552,0,209.968,209.968,-6.34964e-11,0,-1159.04,-1823.08,-1823.08,-1823.08,-2297.31,0,0,0,-407.887,-407.887,-407.887,0,841.748,283.947,283.947,124.607,-5.41134e-11,62.3079,62.3079,-1.79331e-10,-5.31427e-10,8.97084e-10,2.88972e-11,-84.9762,-84.3447,-123.316,0,-4.13868e-11,0,3001.37,3001.37,3001.37,0,0,0,0,7.61273e-11,6.15277e-13,-2826.44,-2826.44,1.63515e-10,4958.35,767.223,1121.86,0,1.24828e-10,981.602,2439.62,5.49583e-11,18400.1,10160.5,2952.39,2838.15,-45.4566,-3014.58,-3014.58,1.34738e-10,72908.7,-745.156,1.37209e-10,6.89977e-10,-989.697,-1590.69,-3929.77,1.97817e-10,7.92222e-10,-3.47282e-10,-552.505,-7.75056e-11,-1.63966e-10,-4.93524e-10,-7359.46,5.46945e-10,-4391.04,3.22814e-10,-794.236,-1903.34,9.98539e-11,-1407.4,-1.02679e-09,-1945.12,3287.83,4.5575e-10,3.12275e-10,2672.53,2672.53,7.77984e-10,-86.4985,-86.4985,-1.57941e-10,-75.7147,0,2.76331e-10,2586.22,6123.78,0,0
2020-08-05 11:00:00 UTC,3203.27,954.094,-3661.2,790.683,790.683,55.8687,-1290.67,-1486.97,1797.25,1797.25,-1576.4,-1286.16,6099.7,220.313,-707.761,-1354.37,-2729.16,-863.494,4579.3,614.901,-558.26,2366.35,2366.35,2191.56,3038.07,886.982,570.113,-314.172,-123.685,-1753.7,611.872,611.872,1368.61,756.596,756.596,4680.28,-2481.48,-2489.41,8766.62,8766.62,-2811.07,-5241.88,-2783.03,-1717.2,-3788.76,5338.38,7522.3,7577.74,8008.09,-152.756,1326.67,1326.67,-287.32,278.054,350.236,-327.184,-327.184,2126.25,-1068.92,-463.646,-1373.32,1558.9,1680.81,-909.806,-909.806,413.14,563.174,-488.138,-488.138,-448.709,-2214.53,1559.88,-778.501,-778.501,-63.9276,-63.9276,-16.9526,-14.6511,-19.8689,70.631,132.686,-106.406,7.58983,7.07839,-3.6308,30.4709,2.20237,-383.598,-383.598,-37.898,-37.898,-37.5395,-37.5395,756.641,756.641,756.641,-239.536,-239.536,-100.936,178.187,100.286,100.286,-122.403,-122.403,349.97,118.959,1717.2,-0.229997,-0.229997,1441.45,1441.45,1441.45,-4127.79,1096.88,1096.88,1151.69,1151.69,0.316,-346.845,-346.845,140.193,140.193,4866.12,4866.12,-4633.12,-4633.12,0,213.447,2044.44,849.728,-1878.36,-1878.36,1557.3,-8329.86,-3650.02,1612.11,4804.59,4804.59,-1194.45,-1194.45,4121.28,4121.28,-442.74,-1057.11,-6126.9,-3076.66,-1991.85,-1991.85,1232.1,1232.1,1232.1,-3064.93,-3064.93,4097.24,7.79694e-11,7.79694e-11,-1461.88,2688.67,2688.67,-3869.85,1306.85,-1103.83,0,-2409.42,-1135.8,3570.72,2698.27,2698.27,400.76,-213.775,47.7107,3093.01,3093.01,1795.2,-859.81,-859.81,-8670.29,5412.47,8670.29,-7529.32,-7584.87,-8015.33,10817,-2232,2114.76,-7522.3,-7577.74,-8008.09,8588.71,4498.35,2140.71,-1028.59,-13991.4,-2271.59,-11408.1,-28363,-15624,-15624,-1919.93,8251.54,-792.212,-1911.69,-746.721,878.43,-912.51,952.137,814.921,892.625,-965.031,-987.323,-970.356,918.177,-270.052,-270.052,857.284,-3756.63,-3756.63,8325.65,-769.45,-1193.72,930.291,-718.22,-2342.78,-3667.16,-3667.16,-6397.85,-8060.59,-8511.48,-16496.7,9038.87,-4541.49,6397.85,-1776.26,-4536.02,-8356.29,-4899.56,-4897.79,1776.26,8060.59,8511.48,-3528.06,-3569.41,-2550.54,-2961.73,-2388.28,-2616.54,-2007.9,-2007.9,-444.756,-763.658,1886.49,2129.3,-3726.95,8060.59,8060.59,8511.48,8511.48,1521.28,1521.28,-85.3677,-330.55,-1216.37,-1216.37,-5063.48,-5063.48,4832.38,4832.38,-1215.27,140.237,-2831.75,3364.51,-14168.4,14603.8,16224.6,-11156.5,2831.75,-2938.45,-1862.84,2619.43,-121.901,-121.901,-853.437,-853.437,262.643,-329.221,2146.88,344.353,-51.696,-51.696,-1738.11,-584.901,-2226.48,-1686.82,-132.787,-132.787,-195.849,-195.926,-1953.42,-1953.42,-2104.35,-1077.99,-1556.89,-819.855,-343.259,-158.021,-158.021,89.9103,101.158,0,719.663,800.17,0,55.2083,-945.58,-945.58,-107.786,-188.771,410.82,412.972,-113.398,561.068,547.795,-1462.61,2703.89,6396.48,1198.84,482.341,482.341,-233.67,-2077.27,-2077.27,-970.539,-963.542,-1.84379e-10,0,-954.876,-954.876,0,9.10633e-10,0,-1132.47,0,886.311,0,-2.08937e-10,4.78683e-10,1114.61,877.129,877.129,0,218.928,218.928,7.56727e-10,0,-1182.4,-1858.29,-1858.29,-1858.29,-2340.55,0,0,0,-420.484,-420.484,-420.484,0,861.885,291.169,291.169,127.855,-4.57434e-10,63.9322,63.9322,6.03094e-10,1.46091e-10,4.85247e-10,-7.4202e-10,-87.1476,-86.4999,-128.328,0,-9.53674e-12,0,3068.97,3068.97,3068.97,0,0,0,0,1.22696e-10,5.21125e-11,-2902.78,-2902.78,-1.41945e-10,5061.67,788.227,1152.58,0,-3.2553e-11,1007.85,2493.3,1.07389e-10,18833.8,10402.8,3022.73,2911.24,-47.7107,-3097.33,-3097.33,-6.72675e-11,74630.8,-776.474,6.32921e-10,2.40015e-10,-1011.36,-1625.51,-4015.79,1.4496e-11,-5.04282e-10,-3.8167e-10,-549.726,-5.08121e-10,5.06314e-10,2.75185e-10,-7654.41,-1.31013e-09,-4536.02,1.71962e-10,-815.09,-1989.92,-2.14592e-10,-1468.93,-1.43846e-10,-2001.62,3424.93,2.73899e-10,3.84091e-11,2743.47,2743.47,3.26356e-10,-86.1477,-86.1477,2.35329e-10,-55.8687,0,-3.14783e-11,2649,6266.79,0,0
2020-08-05 12:00:00 UTC,3410.39,1016.43,-3954.29,864.003,864.003,70.6176,-1400.32,-1612.97,1913.61,1913.61,-1667.02,-1350.23,6463.25,229.193,-741.065,-1440.65,-2878.6,-910.782,4848.2,651.069,-584.698,2503.53,2503.53,2327.87,3251.73,949.38,594.085,-338.137,-139.534,-1850.2,644.622,644.622,1446.43,801.646,801.646,4943.34,-2612.55,-2620.9,9272.14,9272.14,-2954.18,-5575.98,-2950.02,-1820.24,-3973.88,5565.42,7966.55,8025.26,8481.05,-163.453,1403.34,1403.34,-299.431,294.818,387.717,-338.861,-338.861,2254.52,-1112.06,-485.193,-1452.45,1656.63,1786.17,-967.41,-967.41,431.894,585.305,-508.579,-508.579,-468.935,-2344.25,1657.39,-827.069,-827.069,-65.6849,-65.6849,-17.5623,-15.0227,-21.0705,74.8622,142.733,-113.643,7.86762,7.33746,-3.96976,32.43,3.64066,-405.415,-405.415,-42.1836,-42.1836,-41.7841,-41.7841,797.071,797.071,797.071,-248.56,-248.56,-106.374,190.858,105.913,105.913,-131.323,-131.323,375.117,126.88,1820.24,-0.229996,-0.229996,1520.01,1520.01,1520.01,-4351.3,1158.09,1158.09,1213.59,1213.59,0.316,-365.866,-365.866,142.844,142.844,5123.44,5123.44,-4871.9,-4871.9,0,222.945,2149.5,892.833,-1974.66,-1974.66,1640.68,-8781.26,-3847.79,1696.18,5060.75,5060.75,-1256.37,-1256.37,4340.81,4340.81,-466.944,-1110.99,-6474.86,-3207.33,-2099.18,-2099.18,1296.61,1296.61,1296.61,-3234.17,-3234.17,4316.46,-6.80852e-11,-6.80852e-11,-1539.44,2837.36,2837.36,-4087.41,1378.71,-1172.29,0,-2549.59,-1197.07,3770.03,2847.25,2847.25,419.658,-224.575,50.9338,3262.68,3262.68,1901.34,-909.878,-909.878,-9179.91,5735.58,9179.91,-7974.42,-8033.25,-8489.17,11459.7,-2362.85,2236.33,-7966.55,-8025.26,-8481.05,9069.65,4762.29,2305.38,-1061.2,-14684.2,-2393.99,-11978.3,-29761.7,-16394.2,-16394.2,-2018.5,8699.87,-837.653,-2008.56,-780.264,920.884,-958.787,1000.81,856.957,938.491,-1012.81,-1036.21,-1018.39,964.999,-285.954,-285.954,900.735,-3953.84,-3953.84,8772.1,-815.475,-1255.04,977.41,-751.356,-2451.86,-3859.95,-3859.95,-6742.39,-8443.41,-8915.72,-17260.9,9464.03,-4835.82,6742.39,-1823.38,-4829.62,-8734.12,-5121.09,-5119.24,1823.38,8443.4,8915.72,-3690.37,-3733.62,-2647.73,-3074.61,-2490.93,-2783.89,-2102.44,-2102.44,-458.006,-828.998,1975.32,2229.57,-3848.36,8443.41,8443.41,8915.72,8915.72,1568.1,1568.1,-91.5661,-353.972,-1247.05,-1247.05,-5212.53,-5212.53,5004.91,5004.91,-1360.59,115.052,-2916.21,3473.83,-14584.8,15277.4,16973.8,-11497.6,2916.21,-3135.99,-1981.51,2768.17,-132.552,-132.552,-921.818,-921.818,304.394,-357.76,2352.57,383.357,-70.7425,-70.7425,-1905.02,-636.141,-2475.59,-1834.79,-141.614,-141.614,-217.649,-217.734,-2066.93,-2066.93,-2230.86,-1146.89,-1654.11,-895.524,-397.963,-172.426,-172.426,95.34,107.276,0,762.605,847.74,0,59.0806,-1020.07,-1020.07,-114.454,-207.417,436.322,438.607,-119.999,595.872,581.761,-1592.81,2940.95,6687.99,1254.37,506.492,506.492,-240.857,-2211.82,-2211.82,-1033.07,-1025.63,5.55241e-10,0,-1030.72,-1030.72,0,-3.43551e-10,0,-1209.74,0,948.611,0,-6.11345e-10,-7.05547e-10,1192.87,925.407,925.407,0,238.836,238.836,4.22776e-10,0,-1259.8,-1976.19,-1976.19,-1976.19,-2466.08,0,0,0,-454.218,-454.218,-454.218,0,900.868,303.253,303.253,131.37,-2.35181e-10,65.6898,65.6898,-1.50498e-10,-3.99253e-10,1.2981e-11,-6.98623e-10,-91.3577,-90.6788,-136.163,0,-1.41683e-10,0,3228.63,3228.63,3228.63,0,0,0,0,3.04231e-10,2.18245e-10,-3060.01,-3060.01,1.04785e-12,5355.38,835.776,1222.1,0,-3.2334e-10,1064.84,2628.29,3.14809e-11,19822.2,10942.8,3164.42,3055.72,-50.9338,-3267.02,-3267.02,4.12693e-10,78596.6,-842.154,-4.01317e-10,2.18243e-10,-1058.98,-1702.05,-4204.89,-4.56128e-10,-2.20293e-10,2.25558e-10,-553.979,2.55002e-10,1.10265e-10,3.64426e-10,-7910.48,5.60433e-10,-4829.62,7.87281e-11,-844.617,-2186.03,-9.62552e-11,-1596.84,-7.35939e-10,-2136.69,3739.81,3.71684e-10,-1.48297e-10,2890.44,2890.44,3.56943e-10,-73.9728,-73.9728,1.09857e-10,-70.6176,0,1.80249e-10,2783.26,6600.69,0,0
2020-08-05 13:00:00 UTC,3708.45,1100.37,-4313.54,920.414,920.414,145.761,-1527.33,-1756.94,2060.94,2060.94,-1900.12,-1504.61,7155.02,179.983,-819.15,-1624.77,-3140.85,-993.769,5412.85,733.429,-542.228,2744.86,2744.86,2595.49,3628.39,1060.08,644.155,-388.193,-156.959,-2050.34,710.826,710.826,1595.84,884.817,884.817,5471.21,-2888.01,-2897.23,10308.3,10308.3,-3259.97,-6260.01,-3275.62,-2021.16,-4376.99,6114.78,8876.62,8942.02,9449.94,-183.763,1562.42,1562.42,-323.628,328.903,461.441,-363.294,-363.294,2516.88,-1204.25,-532.197,-1600.68,1857.32,2002.54,-1068.66,-1068.66,469.346,628.933,-549.115,-549.115,-509.303,-2591.9,1832.25,-914.137,-914.137,-69.2096,-69.2096,-18.9318,-15.9236,-23.5627,83.642,162.293,-127.673,8.37908,7.81447,-4.64665,36.2135,6.29422,-449.88,-449.88,-50.5652,-50.5652,-50.0845,-50.0845,882.219,882.219,882.219,-272.89,-272.89,-116.83,215.473,116.825,116.825,-148.663,-148.663,419.604,142.236,2021.16,-0.0474948,-0.0474948,1659.47,1659.47,1659.47,-4753.1,1266.46,1266.46,1321.47,1321.47,0.066,-398.387,-398.387,138.752,138.752,5569.57,5569.57,-5277.59,-5277.59,0,235.405,2328.99,968.166,-2138.19,-2138.19,1791.73,-9594.81,-4204.23,1846.74,5508.67,5508.67,-1360.48,-1360.48,4722.37,4722.37,-505.303,-1201.03,-7161.5,-3367.13,-2294.17,-2294.17,1417.21,1417.21,1417.21,-3559.38,-3559.38,4698.23,-6.58392e-11,-6.58392e-11,-1683.96,3125.37,3125.37,-4511.54,1523.96,-1307.36,0,-2829.57,-1303.07,4166.79,3136.44,3136.44,450.595,-245.344,54.7309,3548.92,3548.92,2115.04,-1013.37,-1013.37,-10215.1,6408.52,10215.1,-8886.4,-8951.95,-9460.03,12787.5,-2619.07,2482.21,-8876.62,-8942.02,-9449.94,10002.3,5301.1,2734.8,-1059.08,-15786.5,-2617.95,-12901.1,-32008.4,-17631.3,-17631.3,-2166.84,9506.64,-907.025,-2154.34,-837.013,986.694,-1036.1,1082.2,927.494,1015.36,-1089.71,-1114.9,-1095.73,1043.27,-317.647,-317.647,973.243,-4289.83,-4289.83,9536.65,-897.813,-1361.57,1056.02,-806.873,-2629.84,-4197.8,-4197.8,-7307.01,-9039.87,-9545.56,-18432.5,10084.7,-5348.97,7307.01,-1871.38,-5341.37,-9310.29,-5458.92,-5456.95,1871.38,9039.86,9545.56,-3929.12,-3975.16,-2791.67,-3241.8,-2642.61,-3070.57,-2241.32,-2241.32,-478.17,-953.887,2105.8,2376.83,-4020.55,9039.86,9039.87,9545.56,9545.56,1631.16,1631.16,-101.939,-392.992,-1282.37,-1282.37,-5407.31,-5407.31,5260.82,5260.82,-1632.62,59.7732,-3003.38,3627.03,-15064.5,16320.9,18126.5,-11841.6,3003.38,-3511.75,-2201.3,3010.37,-144.914,-144.914,-1076.29,-1076.29,393.068,-423.114,2733.48,459.683,-116.815,-116.815,-2214.19,-728.751,-2959.11,-2098.14,-168.546,-168.546,-275.52,-275.627,-2261.14,-2261.14,-2458.6,-1281.07,-1839.9,-1064.36,-548.059,-203.508,-203.508,91.2056,102.708,0,829.246,921.561,0,51.4123,-1139.24,-1139.24,-103.165,-288.5,473.861,476.34,-116.93,625.526,610.644,-1812.8,3263.3,7080.05,1347.12,545.188,545.188,-256.144,-2402.53,-2402.53,-1128.75,-1120.61,-4.95987e-10,0,-1094.47,-1094.47,0,1.78769e-10,0,-1442.31,0,1059.12,0,-5.28464e-10,-7.07608e-11,1326.5,1025.55,1025.55,0,272.576,272.576,-4.9018e-10,0,-1407.59,-2217.31,-2217.31,-2217.31,-2730.3,0,0,0,-507.396,-507.396,-507.396,0,978.696,326.997,326.997,138.419,1.97094e-11,69.2151,69.2151,2.35418e-10,-3.07725e-10,-6.12805e-13,-2.52357e-10,-99.5646,-98.8246,-146.594,0,-2.41135e-11,0,3511.02,3511.02,3511.02,0,0,0,0,3.71028e-10,-5.16584e-10,-3326.5,-3326.5,-3.15013e-10,5933.63,931.875,1362.62,0,3.78618e-10,1166.34,2876.77,2.25474e-10,21536.5,11871.8,3396.29,3287.75,-54.7309,-3553.52,-3553.52,5.97085e-11,85508.8,-967.622,1.7254e-10,-5.0495e-10,-1128.93,-1814.47,-4482.63,-4.35898e-10,-5.57828e-10,1.6762e-10,-547.742,-1.2599e-10,4.05139e-10,-8.11856e-11,-8097.83,-8.23114e-10,-5341.37,1.56422e-10,-874.2,-2553.45,-2.87237e-10,-1824.27,-3.18059e-10,-2373.64,4312.32,9.0399e-10,6.96527e-11,3140.7,3140.7,-1.52893e-10,-35.9032,-35.9032,-2.20144e-10,-145.761,0,-1.38608e-10,3012.78,7198.45,0,0
2020-08-05 14:00:00 UTC,4021.38,1183.29,-4588.37,892.654,892.654,315.62,-1611.46,-1847.99,2186.32,2186.32,-2237.57,-1770.51,8082.44,111.522,-963.75,-1839.07,-3522.51,-1114.54,6200.94,852.95,-387.266,3083.22,3083.22,2937.5,4078.63,1191.86,710.609,-454.628,-167.992,-2314.88,801.278,801.278,1812.07,1010.54,1010.54,6224.19,-3358.76,-3369.48,11905.8,11905.8,-3777.86,-7256.79,-3720.22,-2295.53,-5052.75,7038.47,10299.3,10375.2,10964.6,-224.347,1808.13,1808.13,-363.053,384.971,600.926,-392.138,-392.138,2940.52,-1334.3,-608.916,-1832.51,2179.13,2349.45,-1223.84,-1223.84,509.564,664.326,-586.918,-586.918,-552.168,-2919.93,2063.87,-1029.41,-1029.41,-69.8114,-69.8114,-20.4566,-16.5751,-27.4415,97.2437,193.748,-148.678,9.21761,8.5965,-5.06889,42.0893,12.3295,-513.037,-513.037,-66.5114,-66.5114,-65.8739,-65.8739,1006.93,1006.93,1006.93,-316.214,-316.214,-128.232,253.437,129.91,129.91,-175.885,-175.885,472.801,164.461,2295.53,1.64501,1.64501,1866.89,1866.89,1866.89,-5346.8,1429.27,1429.27,1480.98,1480.98,-2.257,-448.254,-448.254,122.307,122.307,6220.09,6220.09,-5854.66,-5854.66,0,250.054,2584.1,1071.61,-2369.22,-2369.22,2013.38,-10801.5,-4732.91,2065.1,6166.39,6166.39,-1512.06,-1512.06,5282.69,5282.69,-564.581,-1331.93,-8237.45,-3504.99,-2581.62,-2581.62,1595.31,1595.31,1595.31,-4061.75,-4061.75,5260,2.42599e-11,2.42599e-11,-1896.38,3569.24,3569.24,-5159.15,1759.55,-1508.2,0,-3265.4,-1446.44,4801.07,3585.91,3585.91,498.022,-269.592,60.1181,3930.78,3930.78,2448.34,-1175.42,-1175.42,-11831.3,7487.75,11831.3,-10312.5,-10388.6,-10978.2,14899.1,-3013.43,2862.53,-10299.3,-10375.2,-10964.6,11439.1,6163.97,3496.06,-993.237,-17239.5,-2956.17,-14135.5,-34984.8,-19264,-19264,-2345.61,10727.5,-1019.15,-2325.34,-914.319,1079.25,-1142.18,1198.29,1024.5,1121.54,-1188.86,-1216.35,-1195.42,1152.37,-369.954,-369.954,1074.88,-4756.3,-4756.3,10640.1,-1045.99,-1507.05,1166.25,-877.961,-2870.66,-4696.4,-4696.4,-8039.14,-9805.13,-10353.7,-19932,10804.1,-6021.57,8039.14,-1925.87,-6011.95,-10047.3,-5891.06,-5888.93,1925.87,9805.12,10353.7,-4224.51,-4274.02,-2980.5,-3461.15,-2836.88,-3443.42,-2411.15,-2411.15,-509.724,-1122.99,2265.37,2556.93,-4256.47,9805.13,9805.13,10353.7,10353.7,1715.95,1715.95,-115.43,-443.802,-1330.31,-1330.31,-5669.65,-5669.65,5601.26,5601.26,-1984.78,-10.844,-3115.36,3831.94,-15737.7,17670.8,19602.1,-12268.2,3115.36,-4024.65,-2498.58,3319.65,-157.492,-157.492,-1298.96,-1298.96,514.45,-517.813,3231.45,561.727,-183.04,-183.04,-2629.24,-850.803,-3633.97,-2447.37,-210.567,-210.567,-361.531,-361.67,-2516.02,-2516.02,-2764.8,-1467.84,-2098.94,-1300.11,-788.518,-245.348,-245.348,68.4317,77.2697,0,890.137,989.089,0,22.4609,-1243.61,-1243.61,-60.08,-465.155,515.806,518.502,-94.5479,627.481,612.438,-2100.21,3581.1,7499.37,1458.37,595.794,595.794,-266.111,-2600.14,-2600.14,-1235.65,-1226.74,6.19237e-11,0,-1080.18,-1080.18,0,4.53583e-10,0,-1723.86,0,1190.65,0,-8.91809e-10,1.38048e-09,1489.59,1157.92,1157.92,0,311.31,311.31,-2.26943e-10,0,-1668.3,-2609.18,-2609.18,-2609.18,-3118.02,0,0,0,-597.38,-597.38,-597.38,0,1061.79,347.853,347.853,139.623,2.85413e-11,69.8169,69.8169,7.21521e-10,2.77765e-10,-7.38463e-10,4.30088e-10,-108.058,-107.255,-163.416,-7.1037e-11,-5.14481e-11,0,3916.02,3916.02,3916.02,0,0,0,0,-5.36594e-11,-2.8688e-10,-3682.02,-3682.02,7.09699e-10,6808.11,1069.13,1563.3,0,1.5779e-10,1299.09,3240.8,6.2513e-10,24003.3,13178.2,3699.89,3583.43,-60.1181,-3937.16,-3937.16,-4.18971e-10,95623.6,-1138.26,2.26874e-09,-2.13839e-10,-1214.47,-1951.96,-4822.3,1.12016e-10,6.03297e-10,-5.76893e-10,-540.905,7.22386e-10,1.66405e-11,-1.07147e-09,-8237.71,6.77952e-10,-6011.95,4.92985e-10,-903.221,-3038.8,-4.13167e-10,-2116.01,-1.06613e-09,-2687.86,5076.61,1.09859e-09,1.77694e-09,3474.68,3474.68,-3.85769e-10,24.0386,24.0386,6.8123e-10,-315.62,0,-8.68379e-11,3313.83,8041.2,0,0
2020-08-05 15:00:00 UTC,4247.55,1238.73,-4659.2,774.684,774.684,558.261,-1605.36,-1832.67,2241.3,2241.3,-2561.1,-2076.76,8951.38,69.6015,-1140.53,-1990.98,-3920.81,-1240.59,6955.94,971.22,-139.901,3438.71,3438.71,3212.6,4420.84,1290.12,766.033,-510.033,-167.894,-2534.67,883.54,883.54,2039.6,1155.75,1155.75,6973.4,-3955.75,-3968.37,13708.9,13708.9,-4423.73,-8296.33,-4145.4,-2557.91,-5879.26,8120.89,11937,12024.9,12708.2,-284.751,2084.11,2084.11,-410.44,453.449,799.564,-410.865,-410.865,3448.34,-1460.07,-700.071,-2110.72,2562.28,2762.48,-1410.97,-1410.97,528.159,655.953,-592.028,-592.028,-570.937,-3219.66,2289.44,-1141.62,-1141.62,-63.0781,-63.0781,-21.0864,-15.9533,-31.8108,112.672,231.828,-171.853,10.4105,9.709,-4.42473,49.021,22.6286,-575.428,-575.428,-89.7174,-89.7174,-88.8492,-88.8492,1135.21,1135.21,1135.21,-369.302,-369.302,-134.046,297.027,139.103,139.103,-207.878,-207.878,513.623,187.736,2557.91,7.28702,7.28702,2104.46,2104.46,2104.46,-6010.12,1617.52,1617.52,1666.64,1666.64,-10.005,-514.38,-514.38,93.4894,93.4894,6957.58,6957.58,-6482.2,-6482.2,0,266.407,2860.76,1167.68,-2615.25,-2615.25,2252.71,-12158.9,-5327.54,2301.83,6916.53,6916.53,-1692.54,-1692.54,5927.61,5927.61,-649.792,-1485.04,-9500.34,-3532.17,-2898.51,-2898.51,1787.29,1787.29,1787.29,-4644.59,-4644.59,5906.06,-2.62202e-11,-2.62202e-11,-2121.05,4075.42,4075.42,-5885.68,2043.12,-1728.17,0,-3768.1,-1587.82,5562.2,4107.44,4107.44,560.431,-275.133,69.8366,4308.94,4308.94,2833.85,-1359.44,-1359.44,-13688.5,8767.27,13688.5,-11954.7,-12042.9,-12726.5,17378.6,-3465.48,3287.76,-11937,-12024.9,-12708.2,13090.9,7197.02,4459.77,-861.193,-18653.9,-3346.56,-15356.8,-37874.3,-20834.2,-20834.2,-2500.06,12168.6,-1191.24,-2459.76,-987.424,1176.76,-1249.08,1328.22,1122.18,1229.95,-1277.66,-1307.22,-1284.71,1267.19,-436.758,-436.758,1183.81,-5240.22,-5240.22,11884.8,-1278.26,-1642.1,1284.56,-936.941,-3100.15,-5267.26,-5267.26,-8737.49,-10503.4,-11091,-21283.5,11342.1,-6691.78,8737.49,-1947.81,-6679.89,-10706.4,-6277.51,-6275.25,1947.81,10503.4,11091,-4483.38,-4535.93,-3142.17,-3648.95,-2992.78,-3810.04,-2564.32,-2564.32,-523.028,-1304.82,2409.28,2719.35,-4463.08,10503.4,10503.4,11091,11091,1784.79,1784.79,-130.547,-500.462,-1357.53,-1357.53,-5870.93,-5870.93,5903.14,5903.14,-2355.67,-90.049,-3197.63,4002.98,-16260.5,18858.7,20928.9,-12587.9,3197.63,-4532.48,-2788.68,3611.72,-164.796,-164.796,-1530.95,-1530.95,649.632,-616.332,3742.2,666.853,-259.174,-259.174,-3048.2,-974.994,-4318.17,-2790.74,-257.444,-257.444,-454.003,-454.177,-2763.87,-2763.87,-3068.37,-1657.99,-2364.22,-1540.9,-1064.81,-286.75,-286.75,27.7454,31.7519,0,920.397,1022.75,0,-25.072,-1294.47,-1294.47,11.9863,-712.086,550.499,553.373,-52.81,591.817,577.491,-2380.11,3768.86,7775.5,1526.95,643.508,643.508,-239.313,-2740.7,-2740.7,-1334.51,-1324.89,3.57017e-10,0,-977.689,-977.689,0,-1.15712e-09,0,-1916.48,0,1288.7,0,-7.299e-11,-9.83593e-10,1625.2,1267.91,1267.91,0,338.963,338.963,-3.3011e-10,0,-2022.7,-3084.09,-3084.09,-3084.09,-3518.29,0,0,0,-727.366,-727.366,-727.366,0,1099.16,347.57,347.57,126.156,-4.40306e-10,63.0827,63.0827,1.0828e-09,2.86213e-10,-4.04332e-10,-1.51855e-09,-111.366,-110.539,-190.455,0,-1.87801e-10,0,4346.55,4346.55,4346.55,0,0,0,0,-1.28283e-10,3.98677e-10,-4031.27,-4031.27,1.14175e-09,7776.86,1212.31,1772.66,0,-1.06394e-10,1413.51,3634.79,6.94244e-10,26704.4,14538.2,3969.32,3841.09,-69.8366,-4320.75,-4320.75,2.71301e-10,107104,-1322.41,1.71052e-09,8.18185e-10,-1291.61,-2075.95,-5128.63,2.37419e-10,5.2828e-10,-7.73399e-11,-532.959,-1.30582e-09,-5.56966e-10,3.03566e-10,-8321.18,-1.76243e-09,-6679.89,4.87745e-10,-919.549,-3538.84,9.40847e-10,-2416.88,8.67525e-11,-2985.18,5838.94,-4.42157e-10,2.2407e-10,3800.27,3800.27,1.64067e-10,94.3115,94.3115,-3.99539e-10,-558.261,0,-5.39415e-10,3576.39,8891.08,0,0
2020-08-05 16:00:00 UTC,4403.68,1275.08,-4601.61,616.276,616.276,775.752,-1553.01,-1764.92,2240.58,2240.58,-2818.42,-2377.44,9675.44,63.0368,-1323.57,-2079.78,-4301.52,-1361.07,7592.24,1071.16,85.6351,3798.01,3798.01,3439.04,4653.19,1357.46,815.1,-559.082,-152.116,-2727.84,957.764,957.764,2251.96,1293.81,1293.81,7654.61,-4493.39,-4507.71,15277.1,15277.1,-5020.28,-9149.92,-4499.44,-2776.4,-6665.37,9248.08,13353,13451.3,14215.8,-311.304,2313.84,2313.84,-442.846,501.646,899.807,-451.409,-451.409,3859.56,-1624.88,-789.907,-2366.4,2890.85,3116.65,-1576.9,-1576.9,548.227,657.015,-602.592,-602.592,-591.626,-3471.2,2475.67,-1234.2,-1234.2,-59.4441,-59.4441,-21.7428,-15.3939,-34.0478,125.965,255.184,-187.343,11.0442,10.3,-4.82388,53.3835,32.5902,-628.898,-628.898,-102.526,-102.526,-101.529,-101.529,1245.5,1245.5,1245.5,-424.826,-424.826,-143.347,325.147,148.273,148.273,-228.044,-228.044,537.183,204.461,2776.4,4.85552,4.85552,2291.94,2291.94,2291.94,-6572.04,1754.01,1754.01,1812.47,1812.47,-6.669,-558.147,-558.147,77.808,77.808,7550.24,7550.24,-7010.13,-7010.13,0,278.717,3089.84,1250.52,-2827.42,-2827.42,2453.68,-13290.2,-5823.16,2512.14,7516.07,7516.07,-1838.7,-1838.7,6438.78,6438.78,-729.538,-1622.75,-10598.3,-3555.17,-3172.57,-3172.57,1960.92,1960.92,1960.92,-5152.96,-5152.96,6413.12,-8.10014e-11,-8.10014e-11,-2300.18,4501.53,4501.53,-6495.44,2292.91,-1910.66,0,-4199.52,-1702.2,6240.18,4547.43,4547.43,620.16,-273.436,64.3534,4617.61,4617.61,3160.4,-1523.49,-1523.49,-15289.1,9878.41,15289.1,-13375.1,-13473.8,-14238.6,19527.1,-3837.72,3664.91,-13353,-13451.3,-14215.8,14528.7,8095.88,5301.24,-722.826,-19788.7,-3685.42,-16346,-40176.4,-22082,-22082,-2615.63,13409.4,-1357.64,-2553.51,-1044.36,1249.87,-1335.86,1438.72,1200.95,1318.11,-1347.43,-1378.63,-1354.87,1362.32,-500.149,-500.149,1275.01,-5633.24,-5633.24,12940.6,-1501.32,-1752.87,1383.72,-978.216,-3271.39,-5752.98,-5752.98,-9303.49,-11040.3,-11657.9,-22294.8,11701.7,-7261.64,9303.49,-1938.13,-7247.64,-11202.1,-6568.14,-6565.78,1938.13,11040.3,11657.9,-4673.88,-4728.66,-3262.32,-3788.54,-3083.61,-4119.66,-2684.24,-2684.24,-508.913,-1469.7,2521.95,2846.53,-4630.24,11040.3,11040.3,11657.9,11657.9,1836.65,1836.65,-145.213,-555.302,-1369.43,-1369.43,-6013.96,-6013.96,6152.59,6152.59,-2685.7,-161.936,-3253.51,4136.39,-16628.5,19798.4,21920.3,-12815.1,3253.51,-4947.06,-3017.12,3848.45,-162.771,-162.771,-1728.78,-1728.78,775.887,-698.738,4178.01,753.433,-331.56,-331.56,-3381.49,-1078.96,-4847.22,-3052.21,-302.156,-302.156,-535.351,-535.555,-2968.25,-2968.25,-3320.33,-1817.23,-2586.56,-1752.24,-1305.06,-322.958,-322.958,-10.8471,-11.4282,0,949.188,1054.86,0,-70.0462,-1335.21,-1335.21,80.4154,-935.976,578.452,581.469,-13.1758,552.484,538.972,-2585.33,3839.3,7940.58,1560.14,679.663,679.663,-200.293,-2836.77,-2836.77,-1403.03,-1392.91,-8.3355e-10,0,-833.898,-833.898,0,1.87541e-10,0,-2010.97,0,1355.89,0,9.4591e-10,-1.192e-09,1713.44,1364.59,1364.59,0,355.599,355.599,3.64814e-10,0,-2303.02,-3488.65,-3488.65,-3488.65,-3862.47,0,0,0,-812.524,-812.524,-812.524,0,1139.92,351.67,351.67,118.888,8.4771e-10,59.4481,59.4481,-5.15897e-10,-6.55074e-10,6.27534e-10,8.35977e-10,-115.811,-114.951,-192.188,0,-1.34719e-10,0,4720.7,4720.7,4720.7,0,0,0,0,-8.97549e-11,4.1912e-10,-4315.14,-4315.14,-5.66056e-11,8598.33,1333.63,1950.04,0,2.25205e-11,1498.9,3974.36,1.28274e-10,28927.6,15671.6,4160.77,4040.33,-64.3534,-4634.65,-4634.65,1.46358e-10,116531,-1489.26,1.11071e-09,9.88468e-10,-1352.01,-2173.04,-5368.48,1.72117e-10,3.70376e-10,-1.62861e-10,-530.094,-4.26973e-10,-6.98331e-10,5.09418e-10,-8384.73,-1.19052e-09,-7247.64,-1.14746e-09,-929.442,-3963.98,6.47827e-10,-2687.63,4.32153e-10,-3202.72,6433.7,9.52114e-10,-5.34413e-10,4063.87,4063.87,7.63127e-10,160.15,160.15,-8.82468e-10,-775.752,0,4.23846e-10,3771.28,9559.15,0,0
2020-08-05 17:00:00 UTC,4483.69,1287.65,-4467.88,448.307,448.307,979.336,-1476.11,-1668.87,2204.75,2204.75,-3057.88,-2636.94,10264.8,36.0973,-1478.85,-2155.23,-4603.25,-1456.57,8127.77,1158.25,320.039,4082.89,4082.89,3599.58,4791.67,1397.76,851.78,-595.748,-132.307,-2871.53,1013.66,1013.66,2414.91,1400.82,1400.82,8203.83,-5032.73,-5048.76,16747.4,16747.4,-5609.45,-9915.7,-4793.96,-2958.16,-7428.04,10242.9,14693.6,14801.8,15643.1,-359.964,2536.98,2536.98,-479.437,556.949,1035.51,-473.429,-473.429,4274.77,-1753.88,-878.207,-2599.54,3206.95,3457.36,-1721.83,-1721.83,554.011,632.404,-593.179,-593.179,-596.535,-3671.43,2644.99,-1318.35,-1318.35,-51.5305,-51.5305,-22.1904,-14.6997,-36.9362,138.296,283.782,-205.084,13.3556,12.4557,-2.70187,59.7456,42.1236,-677.741,-677.741,-118.957,-118.957,-117.795,-117.795,1346.12,1346.12,1346.12,-477.934,-477.934,-147.197,358.096,153.652,153.652,-252.215,-252.215,555.978,221.885,2958.16,9.97753,9.97753,2470.39,2470.39,2470.39,-7081.47,1888.58,1888.58,1950.37,1950.37,-13.704,-601.945,-601.945,52.4756,52.4756,8099.64,8099.64,-7484.99,-7484.99,0,286.811,3297.46,1327.35,-3016.32,-3016.32,2642.8,-14344.2,-6284.87,2704.6,8076.59,8076.59,-1969.39,-1969.39,6916.13,6916.13,-791.435,-1742.09,-11644.2,-3517.14,-3429.01,-3429.01,2126.46,2126.46,2126.46,-5633.37,-5633.37,6889,3.35277e-11,3.35277e-11,-2473.63,4910.21,4910.21,-7082.47,2536.78,-2082.14,0,-4613.94,-1800.2,6889.01,4972.91,4972.91,673.498,-277.599,65.4435,4892.04,4892.04,3479.51,-1670.85,-1670.85,-16808.3,10954.7,16808.3,-14720.4,-14829,-15670.8,21595.6,-4210.68,4001.04,-14693.6,-14801.8,-15643.1,15883.8,8961.37,6159,-562.553,-20750.3,-3998.54,-17196.7,-42145,-23146.7,-23146.7,-2704.38,14557.8,-1493.35,-2624.26,-1095.81,1313.6,-1413.63,1535.09,1270.9,1396.34,-1405.92,-1438.49,-1413.68,1446.62,-558.342,-558.342,1355.76,-5989.79,-5989.79,13890.4,-1697.78,-1856.11,1471.49,-1014.8,-3423.08,-6196.56,-6196.56,-9794.86,-11482.3,-12124.7,-23112.8,11954.7,-7778.5,9794.86,-1906.9,-7762.43,-11596.7,-6799.52,-6797.08,1906.9,11482.3,12124.7,-4810.3,-4866.7,-3359.48,-3901.41,-3146.9,-4403.35,-2770.66,-2770.66,-497.048,-1623.92,2603.15,2938.17,-4760.55,11482.3,11482.3,12124.7,12124.7,1874.45,1874.45,-157.137,-599.823,-1374.05,-1374.05,-6114.16,-6114.16,6364.45,6364.45,-3001.35,-236.094,-3288.32,4242.48,-16863.8,20539.9,22721.2,-12957.3,3288.32,-5327.65,-3221.56,4054.69,-155.452,-155.452,-1920.24,-1920.24,896.883,-778.108,4582.13,830.491,-402.936,-402.936,-3675.53,-1175.2,-5292.11,-3275.49,-348.744,-348.744,-616.93,-617.165,-3151.43,-3151.43,-3549.86,-1965.41,-2792.02,-1959.76,-1538.52,-358.516,-358.516,-49.2695,-54.4185,0,979.929,1089.15,0,-114.895,-1375.88,-1375.88,148.699,-1148.12,600.69,603.82,26.2525,507.039,494.484,-2750.75,3858.71,8017.54,1594.43,710.579,710.579,-172.831,-2882.98,-2882.98,-1445.75,-1435.33,-1.33386e-10,0,-674.24,-674.24,0,1.26443e-09,0,-2112.43,0,1396.1,0,-1.50441e-09,8.44538e-10,1764.97,1436.5,1436.5,0,364.027,364.027,1.25604e-10,0,-2604.63,-3881.23,-3881.23,-3881.23,-4176.67,0,0,0,-931.519,-931.519,-931.519,0,1150.61,342.846,342.846,103.061,3.90573e-10,51.5335,51.5335,2.13661e-10,1.2408e-10,6.88803e-10,-1.83123e-10,-116.269,-115.405,-204.23,0,1.96661e-10,0,5057.17,5057.17,5057.17,0,0,0,0,-4.99693e-10,1.74902e-10,-4567.88,-4567.88,7.73449e-10,9366.2,1440.59,2106.43,0,-7.13016e-12,1569.69,4284.44,8.2934e-10,30959.2,16687.8,4329,4206.42,-65.4435,-4914.77,-4914.77,4.17836e-10,125224,-1647.82,-5.65983e-10,6.54276e-11,-1395.54,-2243,-5541.31,-7.55863e-10,1.03423e-09,7.73919e-10,-512.033,5.38297e-10,-2.76033e-11,2.63552e-10,-8418.51,3.4265e-10,-7762.43,-6.50217e-10,-931.028,-4357.39,-1.57716e-09,-2951.3,-8.7365e-10,-3386.53,6951.03,5.43982e-10,-1.26712e-09,4298.97,4298.97,3.98032e-10,226.409,226.409,-4.7594e-12,-979.336,0,4.40464e-10,3947.58,10181.1,0,0
2020-08-05 18:00:00 UTC,4520.31,1289.86,-4271.95,271.926,271.926,1175.55,-1373.05,-1542.71,2121.97,2121.97,-3230.19,-2877.86,10721.7,44.0669,-1630.84,-2173.56,-4877.4,-1543.33,8541.51,1227.52,543.035,4372.32,4372.32,3736.85,4856.25,1418.47,886.643,-630.597,-99.4273,-3006.83,1063.42,1063.42,2548.33,1484.43,1484.43,8673.65,-5524.09,-5541.68,18049.5,18049.5,-6143.86,-10601.6,-5028.44,-3102.87,-8116.34,11201.9,15905.3,16022.4,16933.3,-433.923,2748.64,2748.64,-518.619,619.731,1214.64,-458.596,-458.596,4687.36,-1800.03,-951.812,-2772.98,3503.82,3777.34,-1821.73,-1821.73,538.33,569.755,-554.019,-554.019,-577.751,-3818.49,2785.43,-1388.12,-1388.12,-37.608,-37.608,-22.1304,-13.7085,-41.2673,149.725,317.645,-222.738,14.3465,13.3799,-0.997793,65.5647,50.3457,-718.754,-718.754,-143.404,-143.404,-141.996,-141.996,1436.01,1436.01,1436.01,-529.713,-529.713,-142.271,394.74,154.077,154.077,-279.402,-279.402,563.567,238.425,3102.87,18.7291,18.7291,2632.68,2632.68,2632.68,-7529.48,2013.67,2013.67,2073.34,2073.34,-25.725,-643.793,-643.793,25.8046,25.8046,8584.14,8584.14,-7888.61,-7888.61,0,293.465,3475.45,1388.58,-3174.85,-3174.85,2805.6,-15279,-6694.37,2865.27,8572.8,8572.8,-2086.07,-2086.07,7340.73,7340.73,-854.827,-1842.87,-12579.4,-3429.84,-3650.02,-3650.02,2268.94,2268.94,2268.94,-6059.61,-6059.61,7314.53,-1.79642e-10,-1.79642e-10,-2638.29,5279.77,5279.77,-7615.72,2755.83,-2233.46,0,-4983.39,-1883.57,7457.68,5352.51,5352.51,711.177,-277.352,65.8855,5124.47,5124.47,3767.34,-1804.22,-1804.22,-18179.7,11927.3,18179.7,-15936.8,-16054.4,-16965.7,23464.6,-4542.43,4307.79,-15905.3,-16022.4,-16933.3,17075.1,9740.86,6971.15,-400.735,-21522.2,-4269.57,-17889.1,-43745.1,-24012.7,-24012.7,-2771.26,15548.7,-1598.88,-2677.3,-1139.69,1368.54,-1479.21,1613.13,1329.56,1461.68,-1453.8,-1487.49,-1461.83,1516.53,-608.925,-608.925,1422.42,-6294.56,-6294.56,14695.1,-1860.27,-1940.72,1543.95,-1046.61,-3553.63,-6577.23,-6577.23,-10197,-11831.9,-12493.9,-23757.7,12123.4,-8210.46,10197,-1869.84,-8192.56,-11904.1,-6979.74,-6977.24,1869.84,11831.9,12493.9,-4903.34,-4960.83,-3438.96,-3993.74,-3197.67,-4641.14,-2827.3,-2827.3,-496.554,-1755.24,2656.37,2998.23,-4876.31,11831.9,11831.9,12493.9,12493.9,1905.29,1905.29,-167.223,-637.518,-1376.34,-1376.34,-6194.43,-6194.43,6538.77,6538.77,-3267.96,-299.015,-3313.69,4329.02,-17044.6,21108.6,23352.6,-13061.4,3313.69,-5643.02,-3387.37,4223.72,-145.68,-145.68,-2082.95,-2082.95,1001.2,-845.225,4915.11,892.035,-466.37,-466.37,-3916.24,-1253.68,-5659.98,-3453.34,-390.589,-390.589,-688.71,-688.972,-3303.7,-3303.7,-3741.88,-2090.41,-2966.08,-2130.17,-1737.15,-387.442,-387.442,-86.9927,-96.638,0,997.881,1109.29,0,-157.706,-1395.64,-1395.64,214.987,-1350.85,618.427,621.647,65.4872,458.692,447.185,-2879.55,3822.46,8030.26,1628.12,735.96,735.96,-155.802,-2902.36,-2902.36,-1481.33,-1470.65,-1.72861e-09,0,-510.613,-510.613,0,-1.3016e-09,0,-2122.15,0,1416.75,0,5.90518e-10,-8.93051e-10,1777.24,1504.23,1504.23,0,365.012,365.012,-5.70256e-10,0,-2892.89,-4253.98,-4253.98,-4253.98,-4457.77,0,0,0,-1019.42,-1019.42,-1019.42,0,1116.14,314.997,314.997,75.216,1.1096e-09,37.6096,37.6096,8.37196e-10,1.56967e-09,8.36975e-10,9.34328e-10,-111.362,-110.535,-221.748,-7.1021e-11,-1.52754e-10,0,5340.29,5340.29,5340.29,0,0,0,0,-8.29308e-11,-2.61422e-10,-4779.34,-4779.34,1.08021e-09,10058.6,1539.14,2250.52,0,-1.23715e-10,1632.42,4549.56,-1.1462e-10,32716.5,17546.6,4475,4342.81,-65.8855,-5150.69,-5150.69,-2.98049e-11,132793,-1777.94,4.09318e-10,-1.43127e-09,-1424.06,-2288.85,-5654.6,9.77376e-10,-1.02112e-09,9.60177e-10,-496.558,-6.72862e-10,2.51029e-10,3.97825e-10,-8433.21,1.06165e-09,-8192.56,-4.27204e-11,-931.216,-4683.87,-1.06725e-09,-3180.02,1.42604e-09,-3528.56,7369.58,-5.71259e-10,1.26536e-09,4493.29,4493.29,1.26306e-10,279.178,279.178,9.14535e-10,-1175.55,0,-8.89214e-10,4103.62,10735.3,0,0
2020-08-05 19:00:00 UTC,4500.36,1277.08,-4085.81,146.693,146.693,1311.77,-1281.41,-1431.64,1983.29,1983.29,-3341.54,-3048.81,10987.7,40.0936,-1740.43,-2172.75,-5051.35,-1598.38,8799.06,1272.88,710.539,4570.09,4570.09,3810.34,4824.33,1411.19,909.975,-653.919,-60.5484,-3095.87,1095.22,1095.22,2629.88,1534.14,1534.14,8980.64,-5884.56,-5903.29,18953.6,18953.6,-6541.47,-11049.6,-5169.65,-3190.02,-8636.86,11961.5,16746.6,16869.8,17828.9,-479.478,2899.61,2899.61,-558.237,661.842,1423.7,-446.941,-446.941,4979.07,-1835.32,-1008.67,-2884.07,3709.7,3999.23,-1876.02,-1876.02,523.579,517.356,-520.446,-520.446,-560.359,-3901.43,2874.67,-1432.44,-1432.44,-26.2129,-26.2129,-22.2253,-13.2079,-44.8784,158.108,343.546,-236.826,14.8506,13.85,0.0089932,69.6689,55.4638,-748.8,-748.8,-162.523,-162.523,-160.923,-160.923,1504.14,1504.14,1504.14,-573.536,-573.536,-138.626,421.705,154.198,154.198,-300.452,-300.452,562.414,250.59,3190.02,24.5626,24.5626,2743.52,2743.52,2743.52,-7843.5,2092.82,2092.82,2160.97,2160.97,-33.738,-673.871,-673.871,13.0192,13.0192,8917.69,8917.69,-8166.94,-8166.94,0,301.044,3601.78,1430.4,-3283.65,-3283.65,2914.62,-15925.3,-6977.51,2982.78,8911.97,8911.97,-2170.52,-2170.52,7631.92,7631.92,-890.654,-1910.46,-13238.6,-3363.17,-3804.52,-3804.52,2366.72,2366.72,2366.72,-6359.82,-6359.82,7602,-5.29768e-11,-5.29768e-11,-2756.04,5541.94,5541.94,-7993.77,2917.28,-2333.7,0,-5244.35,-1937.28,7871.49,5620.93,5620.93,740.091,-280.235,65.8505,5283.49,5283.49,3968.66,-1897.01,-1897.01,-19136.9,12617.5,19136.9,-16781.5,-16905.2,-17864.9,24784.3,-4781.94,4514.25,-16746.6,-16869.8,-17828.9,17919.3,10293,7554.8,-282.603,-22036.2,-4459.26,-18353.2,-44811.1,-24588.3,-24588.3,-2812.26,16239.7,-1669.17,-2708.87,-1169.22,1405.69,-1523.98,1666.07,1369.58,1506.25,-1485.15,-1519.58,-1493.35,1564.15,-644.767,-644.767,1467.78,-6503.71,-6503.71,15248.4,-1972.65,-2000.26,1593.24,-1066.95,-3640.62,-6840.66,-6840.66,-10462,-12057.8,-12732.4,-24176.7,12213.9,-8498.75,10462,-1841.18,-8479.58,-12097.1,-7092.88,-7090.34,1841.18,12057.8,12732.4,-4956.78,-5014.91,-3494.19,-4057.9,-3219.28,-4797.23,-2862.12,-2862.12,-488.707,-1845,2689.09,3035.15,-4972.01,12057.8,12057.8,12732.4,12732.4,1930.69,1930.69,-174.939,-666.421,-1379.68,-1379.68,-6261.99,-6261.99,6673.58,6673.58,-3439.84,-336.811,-3339.97,4397.83,-17242.1,21413.4,23754.7,-13164.3,3339.97,-5833.19,-3481.31,4334.75,-134.197,-134.197,-2183.29,-2183.29,1074.04,-884.238,5122.79,928.808,-511.076,-511.076,-4060.47,-1300.34,-5874.94,-3553.26,-418.331,-418.331,-734.584,-734.863,-3403.8,-3403.8,-3866.37,-2170.08,-3079.49,-2238.77,-1865.74,-405.856,-405.856,-114.188,-127.08,0,1007.19,1119.8,0,-187.941,-1405.68,-1405.68,262.557,-1491.24,627.351,630.615,94.0446,419.822,409.173,-2948.31,3763.38,8017.02,1650.8,752.761,752.761,-144.91,-2886.03,-2886.03,-1499.18,-1488.36,6.91394e-10,0,-394.522,-394.522,0,-6.06439e-10,0,-2124.85,0,1409.49,0,1.21996e-09,1.44919e-10,1752.97,1548.8,1548.8,0,357.234,357.234,8.66412e-10,0,-3090.3,-4512.71,-4512.71,-4512.71,-4670.53,0,0,0,-1072.28,-1072.28,-1072.28,0,1083.99,291.15,291.15,52.4257,1.16999e-09,26.2136,26.2136,1.86055e-10,2.65826e-11,-2.55465e-10,-3.94709e-10,-107.202,-106.407,-228.506,0,-1.57988e-10,0,5538.15,5538.15,5538.15,0,0,0,0,-1.28383e-10,3.21883e-12,-4920.22,-4920.22,-2.96386e-10,10531.2,1596.81,2334.83,0,-1.5948e-10,1665.58,4735.09,5.25992e-10,33923.6,18132,4569.87,4431.1,-65.8505,-5311.88,-5311.88,9.20648e-11,137992,-1868.2,3.08569e-10,8.25797e-10,-1441.6,-2317.04,-5724.24,-3.97857e-11,-6.5639e-10,-1.14336e-09,-495.077,-7.32935e-10,-6.57089e-11,-7.74386e-10,-8425.51,9.23186e-10,-8479.58,-6.93245e-10,-934.63,-4888.94,-7.33425e-11,-3333.89,-2.69717e-10,-3597.81,7613.73,7.51063e-10,1.20393e-09,4619.22,4619.22,4.83149e-10,316.767,316.767,6.31904e-11,-1311.77,0,-2.8729e-09,4207.28,11116.3,0,0
2020-08-05 20:00:00 UTC,4478.47,1265.25,-3944.86,66.3132,66.3132,1401.23,-1210.93,-1346.54,1868.12,1868.12,-3425.04,-3164.49,11166.4,19.8383,-1813.32,-2182.67,-5159.9,-1632.74,8982.24,1305.42,828.825,4705.82,4705.82,3873.55,4799.38,1405.58,929.88,-673.815,-27.8593,-3171.87,1119.72,1119.72,2681.52,1561.27,1561.27,9197.78,-6100.48,-6119.89,19515.1,19515.1,-6787.9,-11336.6,-5264.48,-3248.55,-8971.82,12506.2,17263.2,17390.2,18379,-498.207,2990.56,2990.56,-572.205,683.977,1490.44,-449.498,-449.498,5143.95,-1878.07,-1046.71,-2946.83,3835.26,4134.55,-1900.77,-1900.77,518.846,492.934,-505.87,-505.87,-554.458,-3959.35,2927.1,-1458.47,-1458.47,-20.8296,-20.8296,-22.4727,-13.0494,-46.3618,163.203,354.954,-243.315,15.1665,14.1446,0.341662,71.6499,58.7604,-768.507,-768.507,-170.191,-170.191,-168.513,-168.513,1546.95,1546.95,1546.95,-604.195,-604.195,-138.824,434.304,155.237,155.237,-309.843,-309.843,559.473,256.86,3248.55,21.5226,21.5226,2800.35,2800.35,2800.35,-8035.14,2127.09,2127.09,2207.35,2207.35,-29.562,-694.192,-694.192,8.89735,8.89735,9126.48,9126.48,-8337.8,-8337.8,0,308.145,3686.15,1452.8,-3349.62,-3349.62,2982.78,-16306,-7144.26,3063.05,9122.57,9122.57,-2232.45,-2232.45,7812.53,7812.53,-910.379,-1949.95,-13651.5,-3325.21,-3903.4,-3903.4,2434.5,2434.5,2434.5,-6549.76,-6549.76,7777.29,1.94934e-11,1.94934e-11,-2832.25,5707.08,5707.08,-8230.04,3024.66,-2387.29,0,-5404.84,-1964.79,8139.07,5788.78,5788.78,757.113,-283.004,66.7986,5380.32,5380.32,4091.58,-1955.34,-1955.34,-19727.1,13049.3,19727.1,-17300.3,-17427.9,-18417.2,25606.4,-4924.52,4646.17,-17263.2,-17390.2,-18379,18447.3,10637.7,7923.37,-212.625,-22340.9,-4576.49,-18628.3,-45439.2,-24925.9,-24925.9,-2835.32,16667.3,-1710.5,-2726.34,-1186.34,1430.74,-1550.57,1698.49,1393.47,1532.88,-1502.77,-1537.61,-1511.07,1592.81,-666.669,-666.669,1495.17,-6632.15,-6632.15,15587.4,-2041.07,-2036.56,1623.03,-1076.94,-3692.76,-7002.61,-7002.61,-10620.3,-12185.3,-12867.1,-24410.3,12254.1,-8676.05,10620.3,-1817.04,-8656.07,-12200.6,-7153.54,-7150.98,1817.04,12185.3,12867.1,-4982.07,-5040.5,-3525.56,-4094.34,-3222,-4893.34,-2880.86,-2880.86,-477.488,-1901.65,2706.7,3055.03,-5027.33,12185.3,12185.3,12867.1,12867.1,1944.84,1944.84,-179.549,-683.681,-1380.76,-1380.76,-6298.85,-6298.85,6759.7,6759.7,-3548.38,-361.464,-3356.86,4439.65,-17349.3,21578.2,23971.1,-13234.5,3356.86,-5939.09,-3531.05,4400.68,-125.391,-125.391,-2241.43,-2241.43,1120.7,-906.282,5248.77,950.07,-540.063,-540.063,-4143.11,-1326.9,-5999.73,-3607.17,-435.393,-435.393,-762.156,-762.446,-3464.75,-3464.75,-3940.74,-2216.57,-3147,-2302.31,-1942.07,-416.551,-416.551,-131.952,-146.966,0,1011.48,1124.69,0,-206.992,-1408.2,-1408.2,293.532,-1585.23,633.083,636.375,113.003,394.419,384.34,-2984.05,3710.2,7997.66,1664.88,762.774,762.774,-138.979,-2869.21,-2869.21,-1515.55,-1504.62,2.14647e-12,0,-317.547,-317.547,0,-1.52227e-10,0,-2154.61,0,1403.89,0,-1.32758e-10,7.59828e-11,1733.48,1586.84,1586.84,0,350.837,350.837,7.13274e-11,0,-3187.09,-4667.37,-4667.37,-4667.37,-4804.06,0,0,0,-1084.52,-1084.52,-1084.52,0,1073.36,280.606,280.606,41.6593,8.05222e-10,20.8301,20.8301,5.10933e-11,2.60773e-10,8.51462e-10,8.26298e-10,-105.858,-105.073,-216.831,-7.40334e-11,-1.95467e-10,0,5663.35,5663.35,5663.35,0,0,0,0,-4.92027e-10,-6.47282e-10,-5005.17,-5005.17,-1.13033e-09,10815.3,1625.78,2377.19,0,7.78965e-10,1680.22,4849.37,1.14474e-10,34661.8,18479,4622.36,4479.87,-66.7986,-5409.68,-5409.68,6.15121e-11,141204,-1927.68,-8.84801e-10,-8.40627e-10,-1451.04,-2332.21,-5761.72,-1.32107e-10,1.94349e-10,4.73213e-11,-492.136,-1.49064e-09,-2.48049e-10,-3.42053e-10,-8452.94,-5.45657e-10,-8656.07,1.78945e-10,-935.682,-5013.3,-1.18285e-09,-3433.92,1.36316e-09,-3629.27,7750.28,8.61885e-11,2.5349e-10,4694.36,4694.36,-6.56558e-10,339.773,339.773,-8.07456e-10,-1401.23,0,1.01272e-09,4266.82,11348.4,0,0
2020-08-05 21:00:00 UTC,4505.11,1270.1,-3776.87,-47.1107,-47.1107,1486.86,-1124.21,-1242.08,1915.17,1915.17,-3492.74,-3261.13,11357,10.9384,-1874.51,-2199.53,-5267.64,-1666.84,9162.2,1334.75,926.677,4850.42,4850.42,3963.57,4838.08,1418.48,952.916,-696.841,-5.51159,-3261.22,1146.46,1146.46,2728.7,1581.69,1581.69,9408.99,-6245.29,-6265.16,19935.4,19935.4,-6959.48,-11565.9,-5359.08,-3306.93,-9214.16,12928.8,17634.7,17764.5,18774.5,-506.563,3058.56,3058.56,-583.718,698.429,1518.28,-459.475,-459.475,5254.88,-1925.43,-1075.62,-2991.67,3919.09,4224.91,-1916.73,-1916.73,526.747,495.814,-511.26,-511.26,-562.71,-4026.36,2964.65,-1477.12,-1477.12,-20.1682,-20.1682,-23.1567,-13.5591,-47.4321,166.904,361.676,-247.968,15.3579,14.3231,0.21119,72.9395,59.5644,-786.418,-786.418,-173.308,-173.308,-171.597,-171.597,1584.1,1584.1,1584.1,-626.664,-626.664,-141.715,442.594,158.118,158.118,-315.731,-315.731,562.952,261.836,3306.93,17.6506,17.6506,2838.39,2838.39,2838.39,-8172.69,2148.07,2148.07,2236.39,2236.39,-24.245,-700.119,-700.119,7.37788,7.37788,9256.11,9256.11,-8456.8,-8456.8,0,310.077,3742.92,1481.6,-3399.16,-3399.16,3035.14,-16576.6,-7262.77,3123.47,9252.87,9252.87,-2260.39,-2260.39,7919.81,7919.81,-921.014,-1978.65,-13952.1,-3304.63,-3976.76,-3976.76,2487.89,2487.89,2487.89,-6690.36,-6690.36,7881.02,1.619e-10,1.619e-10,-2893.39,5828.72,5828.72,-8406.17,3106.66,-2421,0,-5520.17,-1982.72,8336.34,5910.45,5910.45,768.508,-289.692,61.2274,5448.54,5448.54,4179.71,-1998.44,-1998.44,-20154.4,13364.4,20154.4,-17673.4,-17803.8,-18814.5,26205.1,-5025.94,4744.7,-17634.7,-17764.5,-18774.5,18828.6,10885.8,8203.01,-153.393,-22553.8,-4656.92,-18823.5,-45880.5,-25166.8,-25166.8,-2852.43,16950.9,-1726.21,-2741.81,-1195.84,1454.78,-1568.68,1721.17,1410.8,1551.91,-1517.36,-1552.55,-1525.74,1612.55,-681.992,-681.992,1513.64,-6724.11,-6724.11,15811,-2075.09,-2070.04,1643.07,-1081.59,-3730.95,-7107.89,-7107.89,-10733.2,-12279.6,-12966.7,-24582.7,12292,-8801.88,10733.2,-1802.94,-8781.31,-12273.1,-7196.05,-7193.47,1802.94,12279.6,12966.7,-4998.93,-5057.56,-3550.2,-4122.97,-3220.68,-4962.22,-2894.3,-2894.3,-466.87,-1941.38,2719.33,3069.28,-5067.47,12279.6,12279.6,12966.7,12966.7,1956.82,1956.82,-182.124,-693.363,-1384.69,-1384.69,-6333.06,-6333.06,6830.84,6830.84,-3623.96,-378.666,-3371.96,4475.48,-17442.4,21701.7,24124.5,-13292.6,3371.96,-6013.93,-3564.32,4447.23,-117.124,-117.124,-2284.57,-2284.57,1152.43,-921.831,5332.05,962.529,-560.726,-560.726,-4192.41,-1342.62,-6078.73,-3635.99,-448.746,-448.746,-783.823,-784.121,-3509.19,-3509.19,-3995.25,-2250.86,-3197.68,-2349.42,-2001.05,-424.385,-424.385,-149.475,-166.588,0,1012.08,1125.52,0,-225.317,-1404.31,-1404.31,323.873,-1675.84,638.709,642.03,131.903,369.547,360.032,-2999.07,3638.82,7983.22,1682.88,770.48,770.48,-141.549,-2884.93,-2884.93,-1542.06,-1530.94,5.87808e-10,0,-205.556,-205.556,0,-2.02477e-10,0,-2180.04,0,1416.76,0,1.59889e-10,-1.86157e-09,1737.81,1631.56,1631.56,0,351.176,351.176,8.02594e-10,0,-3237.25,-4767.61,-4767.61,-4767.61,-4919.22,0,0,0,-1081.63,-1081.63,-1081.63,0,1089.51,283.019,283.019,40.3364,-2.96312e-10,20.1687,20.1687,7.37957e-12,3.17138e-10,-2.03076e-10,-2.59532e-10,-107.433,-106.636,-204.451,0,2.64631e-10,0,5756.88,5756.88,5756.88,0,0,0,0,5.68595e-10,-3.38623e-10,-5065.3,-5065.3,8.06052e-10,11017.7,1641.54,2400.22,0,5.80787e-10,1686.57,4931.1,3.75865e-10,35161.8,18734.8,4658.61,4521.77,-61.2274,-5478.05,-5478.05,-1.20344e-10,143255,-1966.86,-6.94734e-11,1.12e-09,-1457.81,-2343.09,-5788.61,7.00495e-10,1.93955e-11,4.87933e-10,-487.101,-4.18965e-10,3.24179e-10,-2.55055e-10,-8470.4,2.62933e-11,-8781.31,9.47766e-10,-936.62,-5095.32,-4.8553e-10,-3508.93,2.09834e-09,-3645.06,7828.4,4.95137e-10,-9.87946e-10,4747.82,4747.82,2.89443e-10,357.909,357.909,1.65989e-10,-1486.86,0,9.20292e-10,4319.18,11533.3,0,0
2020-08-05 22:00:00 UTC,4455.79,1252.07,-3633.37,-83.7193,-83.7193,1491.67,-1060.39,-1165.12,1856.25,1856.25,-3527.87,-3276.99,11354.8,-58.6802,-1880.84,-2231.57,-5240.49,-1658.25,9201.69,1344.67,963.883,4870.4,4870.4,3986.56,4828.58,1416.52,960.135,-704.056,6.28042,-3288.78,1151.9,1151.9,2724.32,1571.87,1571.87,9432.07,-6238.13,-6257.98,19935.9,19935.9,-6962.91,-11584.8,-5363.05,-3309.39,-9235.55,13005.7,17625.6,17755.3,18764.9,-499.799,3061.74,3061.74,-582.021,696.448,1500.17,-464.471,-464.471,5245.96,-1940.07,-1081.02,-2976.59,3914.49,4219.95,-1896.25,-1896.25,532.279,503.839,-518.038,-518.038,-568.742,-4027.68,2955.07,-1472.36,-1472.36,-21.3709,-21.3709,-23.617,-14.1192,-47.4585,167.065,360.594,-248.173,15.5457,14.4982,0.132341,73.0374,58.2031,-790.805,-790.805,-171.265,-171.265,-169.574,-169.574,1590.92,1590.92,1590.92,-632.301,-632.301,-144.119,442.222,159.562,159.562,-315.19,-315.19,563.653,262.394,3309.39,13.6465,13.6465,2828.23,2828.23,2828.23,-8168.66,2133.33,2133.33,2227.3,2227.3,-18.744,-695.722,-695.722,11.7284,11.7284,9243.29,9243.29,-8452.6,-8452.6,0,310.056,3745.31,1487.67,-3399.25,-3399.25,3037.57,-16561.8,-7256.3,3131.56,9238.14,9238.14,-2256.71,-2256.71,7904.01,7904.01,-913.999,-1974.73,-13961,-3304,-3983.72,-3983.72,2497.48,2497.48,2497.48,-6697.65,-6697.65,7862.75,-2.69243e-11,-2.69243e-11,-2907.18,5838.69,5838.69,-8419.92,3122.75,-2404.95,0,-5520.16,-1972.03,8356.22,5916.58,5916.58,765.104,-296.185,63.2805,5443.08,5443.08,4178.92,-1998.62,-1998.62,-20152.5,13377.5,20152.5,-17664.3,-17794.5,-18804.7,26221.9,-5025.34,4745.84,-17625.6,-17755.3,-18764.9,18835.7,10891.6,8233.09,-146.987,-22527.6,-4652.29,-18803.5,-45827.1,-25138.4,-25138.4,-2849.36,16926.9,-1704.62,-2742.26,-1191.06,1468.29,-1566.67,1720.07,1409.76,1550.61,-1516.02,-1551.17,-1524.39,1610.89,-679.621,-679.621,1511.9,-6724.21,-6724.21,15784.3,-2054.35,-2076.71,1641.18,-1074.78,-3732.93,-7095.8,-7095.8,-10720.1,-12266.7,-12953.1,-24562.5,12280.7,-8784.79,10720.1,-1802.69,-8764.3,-12254.8,-7185.34,-7182.77,1802.69,12266.7,12953.1,-4991.63,-5050.17,-3548.96,-4121.52,-3208.58,-4951.38,-2892.31,-2892.31,-458.787,-1936.1,2717.45,3067.16,-5078.88,12266.7,12266.7,12953.1,12953.1,1958.11,1958.11,-183.16,-697.302,-1382.46,-1382.46,-6334.09,-6334.09,6839.41,6839.41,-3609.38,-372.779,-3362.21,4478.76,-17417.4,21652.6,24089.9,-13254.7,3362.21,-5978.18,-3534.02,4440.28,-107.08,-107.08,-2271.5,-2271.5,1147.97,-913.051,5291.75,948.078,-559.714,-559.714,-4134.57,-1328.08,-5975.7,-3579.09,-451.216,-451.216,-781.834,-782.131,-3504.52,-3504.52,-3987.46,-2244.28,-3193.14,-2335.41,-1985.43,-421.808,-421.808,-153.768,-171.403,0,1009.61,1122.88,0,-229.484,-1392.47,-1392.47,331.189,-1684.95,629.478,632.75,136.665,351.944,342.84,-2941.53,3588.02,7966.8,1694.61,770.65,770.65,-152.908,-2851.31,-2851.31,-1545.66,-1534.52,-1.53696e-10,0,-168.171,-168.171,0,-8.45741e-10,0,-2281.31,0,1414.81,0,-1.73037e-09,6.76584e-10,1729.27,1645.36,1645.36,0,348.888,348.888,-1.0999e-09,0,-3207.94,-4757.96,-4757.96,-4757.96,-4939.84,0,0,0,-1064.25,-1064.25,-1064.25,0,1101.08,287.228,287.228,42.7418,-7.72301e-11,21.3714,21.3714,1.36179e-10,1.49522e-10,-5.9496e-10,-5.23642e-10,-108.793,-107.986,-190.425,0,1.70825e-10,0,5759.62,5759.62,5759.62,0,0,0,0,-4.90862e-10,1.29214e-11,-5058.31,-5058.31,6.35286e-10,11001.8,1624.01,2374.59,0,-2.69228e-10,1673.58,4928.19,-5.89471e-10,35128.7,18721,4651.05,4518.29,-63.2805,-5471.4,-5471.4,-5.9621e-10,143038,-1958.69,-3.30712e-10,2.94505e-10,-1456.8,-2341.48,-5784.62,3.57457e-10,1.43075e-11,4.33993e-10,-497.82,-1.16832e-09,-1.09276e-09,-8.29994e-10,-8416.79,7.20862e-11,-8764.3,-5.92899e-10,-944.4,-5053.73,7.77171e-10,-3514.89,1.80005e-09,-3594.68,7713.66,-6.07003e-10,-1.94638e-10,4739.51,4739.51,-3.05193e-10,353.782,353.782,1.04311e-10,-1491.67,0,7.70783e-10,4324.22,11551.6,0,0
2020-08-05 23:00:00 UTC,4367.78,1225.06,-3512.4,-58.7358,-58.7358,1420.99,-1007.28,-1104.73,1800.99,1800.99,-3498.94,-3196.5,11152.2,-131.887,-1825.65,-2250.91,-5096.73,-1612.75,9063.66,1325.89,922.57,4766.61,4766.61,3936.81,4762.3,1398.04,950.291,-694.216,7.08629,-3249.68,1134.62,1134.62,2665.9,1530.75,1530.75,9254.58,-6054.42,-6073.68,19442.3,19442.3,-6771.68,-11335.6,-5266.73,-3249.94,-9002.21,12730.1,17162.1,17288.4,18271.3,-474.723,2988.02,2988.02,-567.737,674.834,1421.04,-467.629,-467.629,5092.64,-1922.17,-1057.28,-2897.16,3800.66,4097.26,-1840.52,-1840.52,538.569,525.708,-532.116,-532.116,-576.139,-3961.98,2888.42,-1439.26,-1439.26,-26.2485,-26.2485,-24.0259,-15.0109,-46.2446,162.907,348.379,-241.866,15.187,14.1637,-0.510021,70.9908,53.5402,-778.727,-778.727,-162.034,-162.034,-160.436,-160.436,1563.36,1563.36,1563.36,-619.926,-619.926,-146.116,429.396,159.568,159.568,-305.409,-305.409,558.142,256.688,3249.94,8.42353,8.42353,2764.83,2764.83,2764.83,-8009.62,2080,2080,2181.45,2181.45,-11.57,-679.793,-679.793,26.3787,26.3787,9065.08,9065.08,-8308.1,-8308.1,0,309.495,3686.34,1472.94,-3342.91,-3342.91,2979.89,-16225.9,-7109.19,3081.35,9053.49,9053.49,-2212.5,-2212.5,7744.75,7744.75,-886.892,-1935.46,-13628.6,-3334.49,-3910.19,-3910.19,2452.73,2452.73,2452.73,-6550.72,-6550.72,7700.2,-2.33231e-10,-2.33231e-10,-2867.63,5718.3,5718.3,-8243.18,3061.42,-2328.43,0,-5382.66,-1930.25,8167.4,5788.71,5788.71,747.136,-301.977,67.2546,5349.4,5349.4,4071.73,-1948.41,-1948.41,-19640.1,13030.3,19640.1,-17198.7,-17325.6,-18309.1,25545.2,-4902.85,4633.49,-17162.1,-17288.4,-18271.3,18402.7,10611.3,7960.05,-206.424,-22246.9,-4549.57,-18551.4,-45250.3,-24827.8,-24827.8,-2823.64,16545.4,-1638.34,-2726.57,-1172.11,1470.83,-1542.58,1691.07,1388.65,1526.88,-1499.35,-1534.11,-1507.63,1585.06,-657.636,-657.636,1487.03,-6618.97,-6618.97,15467.3,-1968.42,-2053.17,1614.13,-1057.74,-3699.54,-6949.07,-6949.07,-10555.2,-12151.1,-12831,-24374.6,12237.1,-8575.75,10555.2,-1844.23,-8556.23,-12161.5,-7130.62,-7128.07,1844.23,12151.1,12831,-4970.12,-5028.41,-3534.09,-4104.24,-3200.53,-4835.18,-2878.1,-2878.1,-462.584,-1865.88,2704.11,3052.1,-5077.54,12151.1,12151.1,12831,12831,1960.43,1960.43,-180.135,-686.287,-1390.75,-1390.75,-6348.24,-6348.24,6805.36,6805.36,-3454.57,-327.704,-3363,4472.01,-17448.1,21464.3,23891,-13251.2,3363,-5815.98,-3435.64,4365.78,-99.003,-99.003,-2192.22,-2192.22,1086.94,-875.892,5079.52,899.536,-525.18,-525.18,-3947.61,-1274.08,-5659.82,-3426.26,-437.94,-437.94,-749.88,-750.165,-3438.33,-3438.33,-3902.71,-2188.04,-3119.48,-2253.68,-1888.67,-407.657,-407.657,-145.848,-162.554,0,1002.16,1114.71,0,-219.814,-1370.15,-1370.15,317.143,-1616.42,614.132,617.325,128.709,349.479,340.463,-2807.9,3457.41,7966.17,1702.31,762.61,762.61,-176.607,-2793.91,-2793.91,-1539.1,-1528,7.9298e-10,0,-192.606,-192.606,0,3.81078e-10,0,-2373.72,0,1396.38,0,-9.48122e-10,1.07282e-09,1699.63,1625.79,1625.79,0,343.565,343.565,-3.45387e-10,0,-3083.33,-4612.37,-4612.37,-4612.37,-4853,0,0,0,-1014.61,-1014.61,-1014.61,0,1114.77,297.09,297.09,52.4969,2.10695e-09,26.2492,26.2492,-6.10704e-10,-7.86099e-10,2.5167e-10,9.34765e-11,-110.61,-109.789,-174.587,0,-4.63583e-12,0,5658.8,5658.8,5658.8,0,0,0,0,1.52548e-10,3.52163e-10,-4971.68,-4971.68,5.6045e-10,10727.1,1564.72,2287.9,0,-4.08225e-10,1634.2,4826.11,2.27983e-10,34487.4,18407.8,4603.18,4472.1,-67.2546,-5375.39,-5375.39,1.05333e-10,140185,-1886.06,-4.95997e-11,-2.50268e-10,-1449.65,-2329.98,-5756.2,-1.98463e-10,3.3583e-10,-7.41976e-10,-528.73,-1.57021e-10,3.44637e-10,-5.01061e-10,-8372.58,-5.02173e-10,-8556.23,-9.51562e-10,-959.352,-4842.57,7.72086e-10,-3409.83,1.31691e-09,-3481.41,7373.87,2.69106e-10,-1.02222e-09,4658.56,4658.56,-6.41921e-10,328.886,328.886,2.76971e-10,-1420.99,0,5.46907e-10,4281.28,11380.5,0,0
2020-08-06 00:00:00 UTC,4268.24,1199.68,-3615.43,81.4172,81.4172,1249.36,-1074.68,-1190.24,1794.12,1794.12,-3374.57,-2973.08,10695.3,-216.4,-1679.22,-2264.64,-4787.26,-1514.8,8690.68,1269.09,766.263,4493.32,4493.32,3783.42,4599.33,1351.58,917.264,-661.204,-2.6195,-3119.59,1086.36,1086.36,2534.67,1447.82,1447.82,8803.25,-5668.81,-5686.86,18373,18373,-6356.91,-10776.8,-5044.43,-3112.75,-8474.97,12005.8,16181,16300.1,17226.8,-431.506,2825.56,2825.56,-535.76,631.673,1287.68,-460.793,-460.793,4779.52,-1854.06,-1001.79,-2728.56,3568.24,3846.77,-1727.33,-1727.33,537.092,546.655,-541.85,-541.85,-575.504,-3807.72,2764.89,-1377.91,-1377.91,-32.5001,-32.5001,-23.9951,-15.8021,-43.637,153.89,325.783,-229.208,14.7894,13.7929,-0.939271,67.2733,46.3689,-746.434,-746.434,-146.562,-146.562,-145.118,-145.118,1492.53,1492.53,1492.53,-586.186,-586.186,-145.942,404.619,156.503,156.503,-286.891,-286.891,544.153,244.424,3112.75,7.93753,7.93753,2643.49,2643.49,2643.49,-7655.69,1987.54,1987.54,2086.34,2086.34,-10.903,-646.508,-646.508,46.4198,46.4198,8689.41,8689.41,-7994.78,-7994.78,0,303.69,3547.4,1428.29,-3220.19,-3220.19,2854.21,-15501.3,-6791.74,2953.02,8669.01,8669.01,-2118.29,-2118.29,7415.57,7415.57,-835.494,-1852.52,-12893.5,-3399.13,-3736.44,-3736.44,2342.79,2342.79,2342.79,-6220.01,-6220.01,7372.19,2.48094e-10,2.48094e-10,-2759.91,5441.03,5441.03,-7839.92,2904.82,-2188.01,0,-5086.43,-1852.72,7728.04,5499.36,5499.36,709.851,-307.67,69.7227,5164.5,5164.5,3842.31,-1839.78,-1839.78,-18539.4,12263.4,18539.4,-16213.6,-16333.2,-17260.4,24063.5,-4638.74,4387.98,-16181,-16300.1,-17226.8,17453.2,9995.07,7334.3,-339.227,-21654,-4330.73,-18017.1,-44024.3,-24167,-24167,-2775.03,15744.2,-1524.75,-2694.62,-1135.58,1451.27,-1492.65,1626.9,1343.11,1475.89,-1464.01,-1497.94,-1472.09,1530.04,-613.845,-613.845,1434.3,-6390.45,-6390.45,14815.2,-1809.25,-1993.82,1556.82,-1027.79,-3613.59,-6642.28,-6642.28,-10228.6,-11897.5,-12563.1,-23930.9,12140.8,-8192.51,10228.6,-1902.93,-8174.7,-11952.3,-7007.96,-7005.45,1902.93,11897.5,12563.1,-4909.23,-4966.81,-3489.86,-4052.84,-3173.4,-4632.58,-2839.2,-2839.2,-468.994,-1743.49,2667.55,3010.85,-5029.77,11897.5,11897.5,12563.1,12563.1,1951.07,1951.07,-172.593,-658.392,-1399.12,-1399.12,-6332.96,-6332.96,6707.19,6707.19,-3203.38,-260.915,-3342.59,4433.46,-17381.7,21058.4,23448.8,-13151,3342.59,-5537.7,-3288.97,4223.55,-106.918,-106.918,-2044.03,-2044.03,978.728,-814.554,4758.1,834.478,-460.745,-460.745,-3706.29,-1196.72,-5292.85,-3248.79,-401.436,-401.436,-683.146,-683.406,-3309.41,-3309.41,-3738.03,-2079.13,-2970.9,-2089.99,-1706.6,-379.282,-379.282,-117.051,-130.337,0,975.699,1085.24,0,-187.242,-1327.65,-1327.65,265.761,-1442.73,593.359,596.446,98.6909,379.239,369.605,-2676.51,3408.83,7975,1699.92,744.637,744.637,-210.052,-2731.56,-2731.56,-1484.93,-1474.22,-4.23195e-10,0,-326.464,-326.464,0,1.44859e-09,0,-2472.12,0,1350.02,0,3.58227e-10,-1.28106e-09,1633,1560.67,1560.67,0,331.912,331.912,6.60072e-10,0,-2852.06,-4320.65,-4320.65,-4320.65,-4631.49,0,0,0,-942.02,-942.02,-942.02,0,1112.66,305.398,305.398,65.0001,-7.76357e-11,32.5013,32.5013,1.00614e-09,-5.51703e-10,6.0629e-10,-1.39944e-10,-110.997,-110.173,-168.877,0,-9.8473e-11,0,5434.92,5434.92,5434.92,0,0,0,0,2.22149e-10,-4.92077e-10,-4799.42,-4799.42,2.23774e-10,10158.8,1468.03,2146.54,0,2.27291e-10,1573.54,4609.16,-9.72429e-11,33119.9,17737,4496.19,4373.1,-69.7227,-5186.52,-5186.52,-1.88881e-10,134228,-1763.36,-8.60756e-10,4.94044e-10,-1430.06,-2298.48,-5678.4,-4.77032e-10,8.98018e-10,6.89893e-10,-560.066,2.72899e-10,3.83571e-11,8.1655e-10,-8231.22,1.93025e-10,-8174.7,5.8967e-10,-970.517,-4525.07,9.47654e-11,-3212.19,2.2845e-10,-3353.83,6955.09,1.13187e-10,8.0266e-10,4496.45,4496.45,2.92654e-10,274.447,274.447,-6.25962e-10,-1249.36,0,-8.52417e-11,4176.09,10982.2,0,0
2020-08-06 01:00:00 UTC,4137.04,1168.8,-3759.17,270.595,270.595,1007.74,-1169.66,-1308.86,1817.58,1817.58,-3164.55,-2657.47,10027.2,-280.337,-1477.71,-2245.09,-4375.25,-1384.41,8123.24,1180.06,527.388,4105.85,4105.85,3552.69,4363.86,1284.11,866.975,-610.937,-20.0138,-2921.74,1014.39,1014.39,2343.88,1329.08,1329.08,8149,-5118.17,-5134.47,16811.7,16811.7,-5760.46,-9925.6,-4715.15,-2909.54,-7710.44,10949.4,14745.3,14853.9,15698.2,-371.529,2585.65,2585.65,-494.338,569.367,1089.8,-454.189,-454.189,4323.14,-1759.87,-919.791,-2498.55,3224.62,3476.41,-1579.24,-1579.24,536.938,583.456,-560.172,-560.172,-576.903,-3583.05,2583.1,-1287.6,-1287.6,-42.8787,-42.8787,-23.9624,-16.9963,-39.7728,140.442,291.48,-209.692,14.0566,13.1095,-1.62299,61.487,35.6527,-696.681,-696.681,-123.548,-123.548,-122.335,-122.335,1387.02,1387.02,1387.02,-535.338,-535.338,-144.74,366.713,151.558,151.558,-258.652,-258.652,521.306,225.374,2909.54,4.45802,4.45802,2456.06,2456.06,2456.06,-7115.79,1844.83,1844.83,1941.9,1941.9,-6.123,-597.778,-597.778,73.2301,73.2301,8109.56,8109.56,-7505.53,-7505.53,0,294.081,3331.69,1354.64,-3027.14,-3027.14,2660.44,-14394.7,-6307.03,2757.52,8077.4,8077.4,-1976.33,-1976.33,6909.2,6909.2,-758.712,-1724.94,-11790.7,-3471.34,-3471.87,-3471.87,2175.62,2175.62,2175.62,-5717.94,-5717.94,6866.58,9.63002e-11,9.63002e-11,-2583.6,5014.76,5014.76,-7225.93,2655.79,-1997.24,0,-4647.75,-1744.97,7054.5,5057.13,5057.13,654.223,-312.436,72.1508,4884.82,4884.82,3504.16,-1680.36,-1680.36,-16918.9,11122.5,16918.9,-14772.4,-14881.3,-15726.1,21866.3,-4246.01,4027.11,-14745.3,-14853.9,-15698.2,16029.8,9076.76,6411.25,-517.705,-20694.6,-4002.06,-17163.1,-42055.7,-23104.2,-23104.2,-2688.96,14532,-1360.33,-2631.78,-1084.41,1393.7,-1415.14,1525.71,1271.86,1396.16,-1406.58,-1439.17,-1414.35,1444.06,-550.231,-550.231,1351.92,-6030.54,-6030.54,13815.7,-1579.8,-1896.07,1467.29,-989.552,-3466.71,-6177.85,-6177.85,-9722.49,-11468.9,-12110.6,-23156.5,11928.9,-7632.19,9722.49,-1960.36,-7616.73,-11580.1,-6789.74,-6787.3,1960.36,11468.9,12110.6,-4787.91,-4844.06,-3398.7,-3946.93,-3123.73,-4329.05,-2760.35,-2760.35,-486.173,-1574.36,2593.47,2927.23,-4916.87,11468.9,11468.9,12110.6,12110.6,1917.18,1917.18,-161.585,-617.424,-1392.96,-1392.96,-6241.11,-6241.11,6498.68,6498.68,-2852.53,-173.953,-3294.87,4331.36,-17110.1,20355.9,22685.5,-12959,3294.87,-5132.86,-3074.46,4003.87,-117.303,-117.303,-1836.95,-1836.95,835.283,-729.728,4310.27,746.885,-375.722,-375.722,-3371.19,-1090.79,-4774.38,-2998,-350.952,-350.952,-592.202,-592.428,-3115.01,-3115.01,-3493.36,-1920.25,-2751.44,-1864.35,-1451.82,-340.494,-340.494,-74.801,-83.0634,0,943.222,1049.02,0,-138.683,-1280.45,-1280.45,190.763,-1195.53,565.218,568.162,54.9984,425.076,414.476,-2487.66,3385.66,7932.31,1683.76,713.672,713.672,-255.683,-2650.66,-2650.66,-1408.09,-1397.94,7.82369e-10,0,-505.578,-505.578,0,-4.80472e-10,0,-2517.04,0,1282.7,0,-3.57615e-10,-8.30022e-10,1538.83,1461.64,1461.64,0,315.475,315.475,8.71591e-10,0,-2529.44,-3891.33,-3891.33,-3891.33,-4301.51,0,0,0,-840.512,-840.512,-840.512,0,1113.9,320.087,320.087,85.7573,1.29689e-09,42.8808,42.8808,-2.11776e-10,8.18002e-10,2.80099e-10,5.05358e-10,-111.728,-110.899,-157.858,0,1.63652e-10,0,5090.79,5090.79,5090.79,0,0,0,0,2.30194e-10,5.18827e-10,-4537.61,-4537.61,3.44471e-10,9334.21,1343.58,1964.58,0,-1.1174e-10,1495.12,4285.32,3.04075e-10,31008,16698.9,4328.51,4210.57,-72.1508,-4901.38,-4901.38,8.96959e-11,125091,-1593.24,8.19077e-10,-7.219e-10,-1390.34,-2234.65,-5520.7,6.13692e-10,8.95629e-10,-5.18991e-10,-595.188,1.1477e-10,-5.56834e-10,-2.77276e-10,-8130.76,-8.09672e-10,-7616.73,-5.39214e-10,-972.889,-4084.54,-6.28084e-11,-2923.51,1.35431e-09,-3164.33,6369.19,1.57831e-11,8.39552e-10,4248.96,4248.96,-1.97379e-10,200.651,200.651,-4.86255e-10,-1007.74,0,-8.76054e-10,4006.78,10344.7,0,0
2020-08-06 02:00:00 UTC,4010.13,1141.8,-3905.15,450.134,450.134,752.472,-1270.42,-1435.11,1883.96,1883.96,-2910.47,-2335.19,9314.74,-283.851,-1278.12,-2180.74,-3981.9,-1259.92,7494.51,1078.78,254.187,3699.45,3699.45,3291.99,4127.81,1214.28,808.526,-552.511,-47.0954,-2692.39,934.851,934.851,2148.93,1213.73,1213.73,7456.07,-4548.53,-4563.03,15156.1,15156.1,-5134.82,-8983.37,-4359.61,-2690.12,-6895.47,9789.31,13221.5,13318.8,14075.8,-313.557,2327.19,2327.19,-457.007,504.709,881.664,-449.6,-449.6,3842.5,-1661.69,-830.082,-2278.7,2856.41,3079.52,-1449.01,-1449.01,538.316,628.634,-583.448,-583.448,-580.233,-3344.21,2393.48,-1193.35,-1193.35,-55.1243,-55.1243,-23.8252,-18.1614,-35.5757,125.784,254.169,-188.001,13.1531,12.2669,-2.31993,55.0459,24.3859,-640.154,-640.154,-99.0616,-99.0616,-98.0935,-98.0935,1270.71,1270.71,1270.71,-476.923,-476.923,-142.046,325.025,145.615,145.615,-227.738,-227.738,496.082,203.999,2690.12,1.67301,1.67301,2258.04,2258.04,2258.04,-6535.79,1701.8,1701.8,1787.33,1787.33,-2.297,-547.627,-547.627,93.7679,93.7679,7487.6,7487.6,-6967.15,-6967.15,0,281.101,3093.42,1272.46,-2813.19,-2813.19,2451.82,-13205.8,-5786.19,2537.35,7446.42,7446.42,-1820.34,-1820.34,6369.97,6369.97,-678.5,-1586.57,-10606.3,-3505.14,-3182.5,-3182.5,1986.99,1986.99,1986.99,-5173.05,-5173.05,6332.43,-2.0819e-10,-2.0819e-10,-2382.13,4551.35,4551.35,-6558.1,2380.42,-1804.17,0,-4180.38,-1630.74,6323.35,4578.72,4578.72,594.509,-313.932,71.3577,4583.8,4583.8,3145.67,-1508.63,-1508.63,-15191,9906.51,15191,-13243.2,-13340.9,-14098.2,19524.5,-3831.38,3633.02,-13221.5,-13318.8,-14075.8,14495.6,8099.05,5442.7,-692.497,-19596.4,-3648.22,-16194,-39797.2,-21882.9,-21882.9,-2589.89,13242.4,-1201.57,-2553.81,-1023.12,1321.31,-1328.47,1413.43,1191.8,1306.84,-1339.72,-1370.73,-1347.11,1348.29,-484.75,-484.75,1260.46,-5633.25,-5633.25,12748,-1353.14,-1784.45,1367.89,-943.543,-3287.1,-5678.17,-5678.17,-9168.09,-10956,-11568.9,-22190,11629,-7062.97,9168.09,-1982.09,-7049.72,-11112.6,-6515.66,-6513.32,1982.09,10956,11568.9,-4623.3,-4677.51,-3277.38,-3805.99,-3038.41,-4014.44,-2658.78,-2658.78,-491.53,-1414.81,2498.04,2819.53,-4757.12,10956,10956,11568.9,11568.9,1865.46,1865.46,-149.8,-573.299,-1373.94,-1373.94,-6091.31,-6091.31,6240.43,6240.43,-2516.38,-97.2842,-3225.29,4192.63,-16706.7,19517.7,21738.5,-12684.1,3225.29,-4708.86,-2844.16,3766.97,-123.168,-123.168,-1628.69,-1628.69,707.84,-644.546,3875.44,662.315,-299.926,-299.926,-3034.25,-990.457,-4233.75,-2736.26,-303.136,-303.136,-503.699,-503.891,-2908.02,-2908.02,-3235.21,-1754.6,-2519.93,-1641.26,-1190.38,-302.429,-302.429,-28.0112,-30.6995,0,921.012,1024.17,0,-85.6108,-1247.45,-1247.45,108.6,-931.964,538.651,541.46,6.31781,479.978,468.199,-2286.38,3350.92,7832.74,1645.75,677.572,677.572,-289.783,-2573.82,-2573.82,-1318.9,-1309.39,-5.28701e-10,0,-671.557,-671.557,0,-1.36116e-09,0,-2457.12,0,1213.02,0,-1.1011e-09,9.30958e-10,1457.93,1346.85,1346.85,0,299.803,299.803,-2.04941e-10,0,-2213.63,-3434.61,-3434.61,-3434.61,-3937.9,0,0,0,-746.992,-746.992,-746.992,0,1118.61,338.099,338.099,110.249,-1.52821e-09,55.1278,55.1278,1.15288e-09,-6.22251e-10,-3.31211e-10,6.17012e-10,-112.525,-111.689,-151.736,0,6.2311e-11,0,4706.69,4706.69,4706.69,0,0,0,0,9.11074e-11,4.00541e-10,-4253.13,-4253.13,6.78421e-10,8457.22,1221.96,1786.76,0,-1.85804e-10,1412.98,3932.62,8.03213e-11,28709.2,15549,4123.56,4020.49,-71.3577,-4595.03,-4595.03,5.86e-10,115298,-1433.11,1.19584e-09,7.75446e-10,-1339.19,-2152.43,-5317.57,1.81242e-10,-9.34581e-11,-5.45735e-10,-616.258,8.39477e-10,3.26245e-10,5.2819e-10,-8004.36,1.48779e-10,-7049.72,2.62852e-10,-965.832,-3657.14,-7.35811e-10,-2637.99,7.31793e-10,-2950.35,5770.51,1.2954e-10,-8.05897e-10,3977.66,3977.66,-1.05774e-09,126.961,126.961,1.90026e-09,-752.472,0,-8.34289e-11,3806.2,9630.01,0,0
2020-08-06 03:00:00 UTC,3878.87,1111.69,-3956.24,555.577,555.577,559.916,-1327.6,-1508.93,1902.37,1902.37,-2686.13,-2102.15,8720.96,-241.687,-1140.16,-2083.67,-3701.96,-1171.33,6965.05,993.317,42.577,3401.36,3401.36,3085.18,3965.29,1164.52,760.726,-504.728,-75.113,-2505.33,871.289,871.289,1999.01,1127.42,1127.42,6904.56,-4093.83,-4106.89,13816,13816,-4628.16,-8208.36,-4063.51,-2507.39,-6224.65,8809.3,11995.7,12084.1,12770.7,-271.96,2115.13,2115.13,-427.976,453.878,727.083,-441.671,-441.671,3460.48,-1571.32,-754.351,-2104.11,2562.19,2762.38,-1350.08,-1350.08,535.359,659.863,-597.583,-597.583,-578.515,-3143.74,2233.23,-1113.66,-1113.66,-64.2683,-64.2683,-23.3043,-18.6095,-32.1337,113.804,224.822,-170.278,12.3797,11.5456,-2.67554,49.838,16.4467,-590.461,-590.461,-80.9465,-80.9465,-80.1597,-80.1597,1170.77,1170.77,1170.77,-424.445,-424.445,-137.732,291.564,139.533,139.533,-203.14,-203.14,475.189,186.18,2507.39,-0.0354916,-0.0354916,2094.97,2094.97,2094.97,-6058.74,1579.73,1579.73,1661.07,1661.07,0.049,-506.085,-506.085,111.539,111.539,6975.61,6975.61,-6523.52,-6523.52,0,270.682,2894.54,1197.12,-2636.99,-2636.99,2276.73,-12234.9,-5360.88,2358.08,6926.63,6926.63,-1696.88,-1696.88,5927.16,5927.16,-625.992,-1481.4,-9661.35,-3507.76,-2947.11,-2947.11,1837.53,1837.53,1837.53,-4737.22,-4737.22,5891.46,5.46475e-12,5.46475e-12,-2201.44,4167.93,4167.93,-6003.09,2156.37,-1652.37,0,-3805.31,-1534.32,5742.82,4188.66,4188.66,553.129,-302.607,66.7454,4324.18,4324.18,2857.59,-1369.33,-1369.33,-13797.6,8934.44,13797.6,-12013.6,-12102.2,-12789.2,17647.7,-3495.79,3311.88,-11995.7,-12084.1,-12770.7,13264.8,7322.36,4670.29,-815.889,-18644.2,-3367.97,-15361.8,-37828.8,-20812.8,-20812.8,-2494.4,12231.4,-1107.58,-2468.13,-969.882,1249.33,-1253.93,1324.24,1123.05,1230.98,-1278.61,-1308.2,-1285.67,1268.72,-437.037,-437.037,1185.46,-5292.33,-5292.33,11897.9,-1209.85,-1680.38,1286.44,-901.17,-3119.58,-5280.33,-5280.33,-8684.03,-10486.6,-11073.3,-21295.6,11293.6,-6587.07,8684.03,-1980.79,-6575.55,-10680.1,-6262.06,-6259.81,1980.79,10486.6,11073.3,-4468.98,-4521.37,-3157.68,-3666.95,-2954.24,-3748.83,-2564.82,-2564.82,-492.391,-1290.23,2409.75,2719.89,-4593.11,10486.6,10486.6,11073.3,11073.3,1808.84,1808.84,-140.306,-537.567,-1344.35,-1344.35,-5918.58,-5918.58,5985.63,5985.63,-2250.28,-41.1504,-3130.17,4047.27,-16224.4,18734.2,20866.8,-12301,3130.17,-4356.67,-2649.81,3559.44,-124.807,-124.807,-1462.21,-1462.21,608.928,-576.179,3522.75,593.268,-241.929,-241.929,-2755.74,-909.035,-3796.96,-2515.33,-266.41,-266.41,-434.278,-434.444,-2729.93,-2729.93,-3017.08,-1617.91,-2327.28,-1465.56,-988.086,-272.238,-272.238,6.74258,8.19028,0,899.772,1000.46,0,-46.1417,-1213.71,-1213.71,47.2807,-730.564,515.676,518.367,-29.8233,517.503,504.929,-2113.5,3278.54,7691.16,1581.61,644.437,644.437,-291.936,-2493.27,-2493.27,-1230.58,-1221.71,-1.21284e-10,0,-766.472,-766.472,0,7.51667e-10,0,-2318.86,0,1163.36,0,-2.87412e-10,6.24191e-10,1412.58,1253.23,1253.23,0,289.92,289.92,4.63207e-10,0,-1975.83,-3072.82,-3072.82,-3072.82,-3626.1,0,0,0,-681.17,-681.17,-681.17,0,1113.93,349.753,349.753,128.537,5.78561e-10,64.273,64.273,8.66788e-10,8.31032e-10,1.1074e-09,1.80957e-10,-112.08,-111.247,-145.766,0,-8.35367e-11,0,4392.15,4392.15,4392.15,0,0,0,0,-5.18799e-11,-9.34905e-10,-4008.61,-4008.61,9.17641e-11,7743.04,1124.72,1644.58,0,-6.984e-11,1340.62,3644.99,2.00666e-10,26810.4,14588.5,3928.29,3843.6,-66.7454,-4332.98,-4332.98,3.80836e-10,107334,-1306.92,5.31731e-10,-8.82124e-10,-1291.87,-2076.36,-5129.64,-5.62839e-10,-1.18569e-09,9.56423e-11,-627.422,-3.66906e-10,3.97118e-10,-4.98616e-10,-7734.05,-1.40767e-09,-6575.55,8.53934e-10,-953.705,-3311,4.1503e-10,-2408.82,-3.63639e-10,-2763.99,5271.07,7.58959e-10,-5.16911e-10,3745.27,3745.27,-3.22613e-11,72.6441,72.6441,6.57862e-10,-559.916,0,3.92677e-10,3611.99,8995.91,0,0
2020-08-06 04:00:00 UTC,3670.86,1056.3,-3872.28,608.778,608.778,403.057,-1329.77,-1517.64,1845.96,1845.96,-2466.99,-1888.35,8075.34,-213.775,-1015.72,-1964.61,-3407.85,-1078.26,6416.32,908.704,-110.222,3094.57,3094.57,2862.64,3757.23,1101.49,711.707,-455.726,-94.2653,-2312.65,805.452,805.452,1842.09,1036.38,1036.38,6339.53,-3659.12,-3670.79,12503.4,12503.4,-4140.8,-7453.05,-3749.82,-2313.8,-5575.02,7876.47,10812.9,10892.6,11511.5,-235.387,1908.97,1908.97,-395.124,405.896,600.857,-423.507,-423.507,3098.81,-1462.08,-678.693,-1922.67,2287.14,2465.89,-1244.25,-1244.25,519.34,665.518,-592.401,-592.401,-562.278,-2920.72,2054.07,-1024.54,-1024.54,-69.2288,-69.2288,-22.2618,-18.3612,-28.8582,102.338,198.111,-153.033,11.3262,10.563,-3.02049,44.666,10.5912,-538.999,-538.999,-66.3181,-66.3181,-65.6773,-65.6773,1068.55,1068.55,1068.55,-374.844,-374.844,-130.738,259.984,131.463,131.463,-180.276,-180.276,448.142,168.46,2313.8,-0.229993,-0.229993,1936.64,1936.64,1936.64,-5591.89,1460.47,1460.47,1539.66,1539.66,0.316,-467.886,-467.886,129.06,129.06,6478.92,6478.92,-6089.58,-6089.58,0,261.618,2699.77,1118.83,-2463.57,-2463.57,2102.65,-11289.5,-4946.68,2181.84,6422.26,6422.26,-1580.47,-1580.47,5499.32,5499.32,-580.886,-1382.29,-8755.59,-3488.74,-2716.4,-2716.4,1692.18,1692.18,1692.18,-4318.32,-4318.32,5464.57,1.38962e-10,1.38962e-10,-2020.59,3796.79,3796.79,-5461.43,1942.39,-1504.22,0,-3443.84,-1436.58,5191.27,3814.4,3814.4,516.544,-285.145,62.1702,4042.16,4042.16,2579.47,-1235.01,-1235.01,-12452.6,8003.76,12452.6,-10827.4,-10907.3,-11526.4,15846.5,-3170.28,3000.88,-10812.9,-10892.6,-11511.5,12080.6,6581.54,3937.18,-925.559,-17676.9,-3099.66,-14521,-35838.3,-19723.9,-19723.9,-2384.38,11265.4,-1032.64,-2364.02,-919.769,1179.31,-1178.58,1240.33,1054.21,1155.46,-1213.74,-1241.81,-1220.44,1190.64,-393.092,-393.092,1112.47,-4943.99,-4943.99,11067,-1093.49,-1571.74,1207.24,-859.148,-2957.49,-4897.28,-4897.28,-8151.61,-10007.5,-10567.4,-20412.5,10908.4,-6028.93,8151.61,-2014.37,-6019.28,-10256.6,-6013.75,-6011.58,2014.37,10007.5,10567.4,-4330.19,-4380.95,-3044.95,-3535.99,-2890.8,-3432.14,-2476.62,-2476.62,-505.41,-1134.89,2326.88,2626.36,-4422.27,10007.5,10007.5,10567.4,10567.4,1760.76,1760.76,-125.892,-483.658,-1334.14,-1334.14,-5786.8,-5786.8,5729.81,5729.81,-1902.33,37.5222,-3061.99,3915.5,-15880.2,17941.8,20004.5,-12005.2,3061.99,-3975.89,-2442.9,3324.78,-128.337,-128.337,-1283.09,-1283.09,482.581,-502.399,3085.94,512.606,-169.515,-169.515,-2440.64,-808.188,-3331.25,-2272.19,-224.93,-224.93,-358.986,-359.124,-2530.98,-2530.98,-2777.51,-1471.21,-2122.15,-1271.21,-789.242,-237.971,-237.971,31.7443,36.1398,0,850.389,945.577,0,-15.7804,-1137.08,-1137.08,0.99549,-561.449,483.827,486.354,-54.9926,529.9,517.133,-1924.02,3133.01,7518.09,1504.76,610.936,610.936,-282.153,-2361.77,-2361.77,-1126.04,-1117.92,7.86315e-10,0,-808.88,-808.88,0,9.65792e-10,0,-2172.7,0,1100.46,0,-8.29678e-10,4.87301e-10,1350.33,1156.81,1156.81,0,274.995,274.995,1.92753e-09,0,-1754.8,-2736.69,-2736.69,-2736.69,-3308,0,0,0,-613.12,-613.12,-613.12,0,1081.67,349.151,349.151,138.458,2.53235e-10,69.2343,69.2343,1.11773e-10,-5.08835e-10,-1.29356e-11,3.4483e-11,-108.824,-108.015,-141.09,0,-1.01914e-10,0,4083.51,4083.51,4083.51,0,0,0,0,-2.09948e-10,3.29139e-10,-3745.89,-3745.89,1.34738e-10,7046.38,1027.94,1503.07,0,-1.40897e-10,1263.82,3364.05,3.56723e-10,24950.6,13633.4,3735.09,3651.52,-62.1702,-4049.78,-4049.78,-3.07978e-10,99605.2,-1150.66,2.99314e-10,-5.59255e-10,-1247.44,-2004.96,-4953.24,-2.10191e-10,6.67645e-10,1.29118e-10,-638.18,-3.21159e-10,-2.18903e-10,-4.99162e-10,-7491.89,-9.85546e-10,-6019.28,-1.3192e-09,-939.897,-2888.1,8.0516e-10,-2110.97,6.9422e-11,-2571.28,4712.83,-7.54391e-10,8.22514e-10,3498.24,3498.24,-1.95398e-10,18.7007,18.7007,1.56229e-09,-403.057,0,9.50225e-10,3399.49,8357.71,0,0
2020-08-06 05:00:00 UTC,3477.06,1010.17,-3835.93,689.626,689.626,245.105,-1348.19,-1545.25,1834.28,1834.28,-2165.07,-1634.55,7319.95,-115.973,-874.48,-1784.37,-3095,-979.258,5738.8,801.837,-288.149,2762.84,2762.84,2592.48,3470.2,1015.53,654.601,-398.636,-106.572,-2087.27,728.211,728.211,1656.69,928.268,928.268,5682.42,-3191.35,-3201.54,11040.7,11040.7,-3615.39,-6590.68,-3381.17,-2086.31,-4873.24,6872.3,9510.83,9580.9,10125.2,-199.149,1680.53,1680.53,-355.998,354.324,482.006,-394.184,-394.184,2708.11,-1325.36,-596.183,-1711.73,1992.07,2147.8,-1115.76,-1115.76,488.082,645.622,-566.826,-566.826,-529.283,-2654.55,1858.05,-926.983,-926.983,-70.506,-70.506,-20.6354,-17.4872,-25.2795,89.7633,170.449,-134.286,10.1599,9.47526,-3.11454,39.1249,5.72161,-479.721,-479.721,-52.6687,-52.6687,-52.1635,-52.1635,950.633,950.633,950.633,-322.496,-322.496,-120.604,226.363,120.471,120.471,-156.219,-156.219,411.532,148.767,2086.31,-0.229995,-0.229995,1754.08,1754.08,1754.08,-5053.38,1324.35,1324.35,1398.16,1398.16,0.316,-422.8,-422.8,143.807,143.807,5897.5,5897.5,-5577.31,-5577.31,0,248.321,2469.35,1026.3,-2258.84,-2258.84,1902.6,-10200.5,-4469.59,1976.42,5834.37,5834.37,-1442.67,-1442.67,4999.35,4999.35,-528.844,-1266.44,-7746.95,-3414.59,-2450.36,-2450.36,1525.34,1525.34,1525.34,-3846.58,-3846.58,4966.96,-1.16995e-12,-1.16995e-12,-1812.85,3377.87,3377.87,-4852.92,1702.8,-1341.73,0,-3042.41,-1324.46,4576.95,3392.41,3392.41,474.613,-263.221,56.604,3705.89,3705.89,2271.93,-1087.14,-1087.14,-10967.2,6982.04,10967.2,-9522.06,-9592.3,-10136.7,13865.7,-2807.25,2655.95,-9510.83,-9580.9,-10125.2,10754,5766.56,3167.49,-1015.2,-16461.6,-2794.28,-13478.5,-33353.3,-18361.8,-18361.8,-2237.2,10159.6,-947.016,-2222.34,-861.318,1084.12,-1086.79,1140.96,971.278,1064.5,-1131.49,-1157.65,-1137.73,1096.62,-345.241,-345.241,1024.6,-4527.07,-4527.07,10090.1,-968.32,-1442.29,1111.89,-809.796,-2754.56,-4453.81,-4453.81,-7524.65,-9385.77,-9910.83,-19212.8,10356.6,-5425.73,7524.65,-1999.48,-5417.92,-9675.01,-5672.76,-5670.72,1999.48,9385.77,9910.83,-4110.95,-4159.14,-2888.4,-3354.16,-2771.33,-3096.01,-2343.11,-2343.11,-506.72,-972.518,2201.44,2484.78,-4188.56,9385.77,9385.77,9910.83,9910.83,1686.35,1686.35,-109.933,-423.664,-1304.91,-1304.91,-5569.41,-5569.41,5405.99,5405.99,-1570.8,102.224,-2977.63,3731.49,-15334.4,16897.4,18839,-11672.9,2977.63,-3565.94,-2223.93,3059.89,-135.765,-135.765,-1095.58,-1095.58,363.929,-427.894,2662.77,437.792,-102.396,-102.396,-2143.37,-710.098,-2887.8,-2041.68,-179.985,-179.985,-280.308,-280.417,-2308.85,-2308.85,-2513.19,-1312.08,-1897.17,-1066.09,-589.274,-201.551,-201.551,57.0051,64.3735,0,788.13,876.346,0,15.2768,-1045.62,-1045.62,-46.5988,-392.79,452.933,455.301,-80.2618,544.677,531.671,-1751.03,3017.2,7226.28,1404.99,568.308,568.308,-267.719,-2241.99,-2241.99,-1035.15,-1027.68,-7.27074e-10,0,-875.241,-875.241,0,-3.25264e-10,0,-1895.92,0,1014.65,0,6.55047e-10,2.71432e-10,1258.38,1044.03,1044.03,0,252.604,252.604,1.09764e-10,0,-1519.72,-2378.47,-2378.47,-2378.47,-2941.66,0,0,0,-538.778,-538.778,-538.778,0,1017.42,335.974,335.974,141.012,-1.37928e-10,70.5117,70.5117,-1.03991e-10,-3.28633e-10,1.72792e-10,-3.66521e-10,-102.35,-101.59,-135.596,0,-2.01283e-11,0,3722.19,3722.19,3722.19,0,0,0,0,6.65501e-11,-2.21507e-10,-3439.33,-3439.33,-3.86439e-11,6271,923.474,1350.33,0,3.53628e-10,1169.67,3042.44,4.44723e-10,22764,12496,3495.06,3406.83,-56.604,-3712.3,-3712.3,-1.67595e-10,90587.4,-987.32,6.85178e-10,-2.1633e-10,-1180.2,-1896.88,-4686.22,-8.46037e-10,-3.96315e-12,5.94894e-11,-627.639,3.80241e-10,-5.13102e-10,1.5297e-10,-7408.35,-1.05941e-09,-5417.92,-2.46214e-10,-908.065,-2481.02,5.4112e-10,-1811.83,3.45272e-10,-2374.12,4185.05,-1.31013e-09,-1.97951e-10,3216.2,3216.2,-5.87565e-10,-35.2699,-35.2699,-7.74752e-10,-245.105,0,2.53814e-10,3138.78,7601.23,0,0
2020-08-06 06:00:00 UTC,3317.01,970.877,-3755.52,723.382,723.382,146.335,-1337.84,-1537.22,1803.15,1803.15,-1937.16,-1466.89,6760.04,-29.2389,-785.629,-1630.8,-2883.19,-912.233,5237.12,723.661,-398.065,2537.1,2537.1,2402.61,3265.29,954.357,614.664,-358.711,-114.331,-1929.57,673.396,673.396,1521.75,848.176,848.176,5211.92,-2859.58,-2868.72,10001.4,10001.4,-3240.03,-5992.15,-3110.73,-1919.42,-4367.91,6153.8,8599.88,8663.25,9155.33,-176.213,1519.4,1519.4,-323.617,318.922,418.649,-364.417,-364.417,2439.61,-1209.07,-534.946,-1554.45,1793.07,1933.27,-1019.68,-1019.68,456.182,612.276,-534.206,-534.206,-495.059,-2453.76,1716.71,-856.608,-856.608,-68.178,-68.178,-19.0445,-16.3022,-22.8161,81.0606,153.016,-121.606,9.04542,8.4359,-3.33306,35.2131,3.84948,-436.479,-436.479,-45.5323,-45.5323,-45.0981,-45.0981,863.41,863.41,863.41,-284.629,-284.629,-112.027,204.313,111.601,111.601,-140.69,-140.69,384.461,135.255,1919.42,-0.229996,-0.229996,1614.54,1614.54,1614.54,-4646.01,1219.14,1219.14,1289.3,1289.3,0.316,-388.204,-388.204,150.552,150.552,5448.59,5448.59,-5176.13,-5176.13,0,236.114,2289.99,954.306,-2098.19,-2098.19,1751.11,-9377.68,-4109.1,1821.27,5382.51,5382.51,-1335.35,-1335.35,4614.06,4614.06,-487.481,-1175.4,-7021.42,-3313.83,-2250.7,-2250.7,1402.11,1402.11,1402.11,-3501.64,-3501.64,4583.28,9.40772e-11,9.40772e-11,-1657.8,3070.8,3070.8,-4412.96,1527.24,-1231.53,0,-2757.07,-1242.43,4131.14,3083.05,3083.05,441.726,-246.403,51.4838,3439.96,3439.96,2054.76,-984.021,-984.021,-9922.49,6264.93,9922.49,-8609.06,-8672.57,-9164.8,12474.7,-2547.78,2413.36,-8599.88,-8663.25,-9155.33,9793.91,5189.74,2663.83,-1046.76,-15455.7,-2566.72,-12627.9,-31313.8,-17244.7,-17244.7,-2108.5,9325.57,-879.217,-2097.31,-812.601,1005.26,-1013.99,1061.08,905.652,992.35,-1064.23,-1088.82,-1070.1,1021.68,-311.415,-311.415,954.328,-4199.03,-4199.03,9330.98,-877.557,-1341.12,1035.62,-770.73,-2587.96,-4114.99,-4114.99,-7035.14,-8859.18,-9354.77,-18164.9,9851.82,-4994.31,7035.14,-1948.93,-4987.69,-9166.31,-5374.5,-5372.56,1948.93,8859.18,9354.76,-3905.39,-3951.17,-2750.95,-3194.5,-2644.33,-2860.32,-2222.45,-2222.45,-492.955,-860.618,2088.08,2356.83,-4009.88,8859.18,8859.18,9354.76,9354.77,1619.76,1619.76,-101.617,-392.136,-1265.21,-1265.21,-5361.35,-5361.35,5143.77,5143.77,-1366.72,137.737,-2899.65,3571.61,-14821,16002.3,17825,-11389.5,2899.65,-3272.19,-2063.65,2860.05,-137.514,-137.514,-970.92,-970.92,291.884,-378.388,2386.12,388.195,-62.9533,-62.9533,-1937.23,-644.95,-2578.81,-1874.78,-151.668,-151.668,-230.73,-230.82,-2145.88,-2145.88,-2322.44,-1199.99,-1737.65,-933.552,-464.505,-177.713,-177.713,71.3524,80.4015,0,743.325,826.551,0,32.9697,-976.125,-976.125,-74.2285,-288.036,429.666,431.916,-94.6007,547.406,534.405,-1621.19,2901.37,6922.56,1321.89,532.532,532.532,-256.236,-2142.45,-2142.45,-966.847,-959.877,6.75863e-10,0,-899.707,-899.707,0,3.82872e-10,0,-1656.57,0,953.58,0,-3.62411e-10,5.17813e-10,1191.55,965.119,965.119,0,236.521,236.521,-3.05499e-10,0,-1360.56,-2138.54,-2138.54,-2138.54,-2671.29,0,0,0,-484.714,-484.714,-484.714,0,951.285,317.579,317.579,136.356,-2.2436e-10,68.1833,68.1833,-4.27866e-10,-2.55781e-10,-3.56874e-10,3.57153e-10,-95.8791,-95.1665,-128.572,0,2.51082e-11,0,3446.51,3446.51,3446.51,0,0,0,0,2.50728e-10,1.098e-10,-3203.53,-3203.53,-3.91416e-11,5723.7,855.057,1250.29,0,1.22504e-09,1100.3,2804.76,1.09968e-10,21073.2,11609.8,3302.4,3207.7,-51.4838,-3445.41,-3445.41,-1.71154e-10,83648.5,-874.54,3.09225e-10,3.7171e-11,-1119.43,-1799.2,-4444.91,2.50443e-10,-5.55865e-10,-6.05833e-10,-623.773,3.4855e-10,4.65417e-10,8.82255e-10,-7393.71,-7.77411e-10,-4987.69,-2.63589e-10,-873.543,-2214.33,-6.78032e-11,-1619.9,-3.35612e-10,-2222.05,3812.02,2.04433e-10,-2.58374e-10,3005.5,3005.5,7.20011e-10,-65.0786,-65.0786,-4.81768e-10,-146.335,0,-1.14904e-10,2937,7021.15,0,0
2020-08-06 07:00:00 UTC,3181.59,937.596,-3653.91,739.216,739.216,75.2569,-1309.77,-1507.76,1770.11,1770.11,-1744.82,-1337.99,6300.32,55.2924,-719.997,-1491.81,-2721.64,-861.113,4821.93,659.089,-479.326,2370.82,2370.82,2242.84,3084.82,900.619,581.632,-325.687,-118.245,-1798.9,628.599,628.599,1414.03,785.279,785.279,4833.85,-2612.89,-2621.24,9197.16,9197.16,-2959.52,-5517.99,-2889.56,-1782.94,-3988.27,5603.76,7902.01,7960.25,8412.35,-160.984,1395.04,1395.04,-298.187,292.518,379.106,-337.683,-337.683,2237.82,-1113.42,-488.735,-1432.86,1643.9,1772.45,-944.276,-944.276,425.686,575.151,-500.398,-500.398,-462.119,-2287.08,1605.48,-801.216,-801.216,-64.5249,-64.5249,-17.6019,-15.1159,-20.9334,74.3868,140.548,-112.103,8.26556,7.70859,-3.28819,32.3674,3.13106,-402.133,-402.133,-41.1646,-41.1646,-40.7737,-40.7737,793.834,793.834,793.834,-256.115,-256.115,-104.376,188.09,103.864,103.864,-129.397,-129.397,361.178,124.9,1782.94,-0.229996,-0.229996,1506.15,1506.15,1506.15,-4329.21,1138.06,1138.06,1204.23,1204.23,0.316,-361.32,-361.32,152.815,152.815,5096.08,5096.08,-4858,-4858,0,225.323,2147.54,896.23,-1970.56,-1970.56,1633.3,-8737.41,-3828.58,1699.47,5029.01,5029.01,-1251.02,-1251.02,4312.32,4312.32,-456.646,-1104.47,-6470.05,-3205.99,-2095.3,-2095.3,1305.19,1305.19,1305.19,-3237.98,-3237.98,4283.29,2.45456e-11,2.45456e-11,-1538.49,2836.57,2836.57,-4075.62,1397.35,-1142.84,0,-2538.76,-1173.32,3796.53,2847.3,2847.3,416.847,-231.161,47.7807,3227.9,3227.9,1888.91,-905.093,-905.093,-9123.92,5726.14,9123.92,-7909.76,-7968.12,-8420.34,11424.1,-2348.99,2226.9,-7902.01,-7960.25,-8412.35,9056.08,4756.06,2306.86,-1055.34,-14619.9,-2389.61,-11926.2,-29616.3,-16313.1,-16313.1,-2000.53,8680.88,-826.414,-1991.57,-769.782,944.482,-954.755,997.055,852.211,933.726,-1007.5,-1030.78,-1013.06,961.099,-286.029,-286.029,897.679,-3938.21,-3938.21,8733.73,-810.188,-1258.96,974.152,-734.356,-2448.04,-3848.65,-3848.65,-6639.52,-8410.1,-8880.55,-17256.2,9403.09,-4667.43,6639.52,-1885.85,-4661.65,-8723.17,-5114.68,-5112.82,1885.85,8410.1,8880.55,-3723.12,-3766.75,-2630.52,-3054.63,-2517.41,-2679.93,-2119.78,-2119.78,-466.444,-781.936,1991.61,2247.95,-3860.86,8410.1,8410.1,8880.55,8880.55,1561.21,1561.21,-96.4743,-372.458,-1224.54,-1224.54,-5172.61,-5172.61,4929.71,4929.71,-1226.12,159.239,-2825.09,3434.67,-14349.8,15212.4,16944.4,-11121,2825.09,-3035.34,-1928.24,2700.88,-133.156,-133.156,-875.6,-875.6,247.173,-339.382,2179.33,348.623,-40.18,-40.18,-1773.27,-595.784,-2323.15,-1733.48,-132.988,-132.988,-196.109,-196.187,-2017.47,-2017.47,-2172.7,-1112.48,-1613.08,-832.607,-368.046,-159.578,-159.578,81.1277,91.3185,0,710.618,790.231,0,45.2857,-923.516,-923.516,-93.1732,-212.294,411.38,413.535,-104.26,546.717,533.781,-1506.95,2773.26,6641.46,1251.24,502.991,502.991,-244.728,-2058.22,-2058.22,-918.436,-911.815,-7.14934e-10,0,-908.221,-908.221,0,1.22601e-10,0,-1433.89,0,899.926,0,-9.31368e-10,1.70932e-11,1131.81,899.743,899.743,0,221.966,221.966,-6.1736e-10,0,-1246.1,-1960.1,-1960.1,-1960.1,-2455.89,0,0,0,-448.013,-448.013,-448.013,0,887.843,297.942,297.942,129.05,8.47986e-10,64.5297,64.5297,-5.9909e-10,-8.69152e-11,-4.09587e-10,1.13478e-10,-89.6312,-88.9651,-123.323,0,3.4544e-11,0,3226.58,3226.58,3226.58,0,0,0,0,-6.12298e-10,-9.6315e-11,-3014.31,-3014.31,-4.13513e-10,5296.29,796.162,1164.18,0,7.64286e-10,1038.07,2616.26,-1.27475e-10,19733.9,10896.3,3134.78,3038.6,-47.7807,-3232.71,-3232.71,-2.76508e-10,78204,-795.317,1.95826e-10,8.55144e-11,-1067.72,-1716.09,-4239.57,6.47431e-10,4.00251e-10,2.21895e-10,-620.798,-1.18711e-10,4.276e-10,-1.61745e-09,-7362.12,1.87702e-10,-4661.65,-2.63638e-10,-844.283,-2016.43,-8.56053e-11,-1488.74,8.16713e-11,-2082.25,3506.75,4.2914e-10,1.10475e-10,2835.34,2835.34,-5.44181e-10,-87.7932,-87.7932,-1.89124e-10,-75.2569,0,-3.21488e-10,2768.76,6560.01,0,0
2020-08-06 08:00:00 UTC,3078.85,912.514,-3567.5,750.033,750.033,24.7697,-1282.16,-1478.09,1741.28,1741.28,-1595.82,-1243.2,5951.4,124.668,-672.908,-1381.11,-2603.48,-823.724,4504.74,609.911,-537.672,2250.3,2250.3,2116.21,2933.73,855.807,556.02,-300.082,-118.767,-1697.37,594.358,594.358,1334.08,739.59,739.59,4550.73,-2442.5,-2450.3,8620.33,8620.33,-2764.65,-5172.08,-2722.47,-1679.83,-3722.9,5219.65,7407.17,7461.77,7885.53,-151.7,1306.36,1306.36,-279.134,274.273,358.424,-315.484,-315.484,2097.56,-1039.41,-455.777,-1345.6,1540.97,1661.49,-889.951,-889.951,399.134,539.407,-469.253,-469.253,-433.295,-2159.16,1524.64,-760.943,-760.943,-60.4328,-60.4328,-16.4039,-14.0549,-19.6085,69.6727,132.275,-105.381,7.64386,7.12878,-3.22873,30.3384,3.1991,-376.79,-376.79,-38.9661,-38.9661,-38.5966,-38.5966,742.529,742.529,742.529,-236.695,-236.695,-98.0851,176.903,97.6364,97.6364,-121.727,-121.727,342.15,117.446,1679.83,-0.229997,-0.229997,1428.68,1428.68,1428.68,-4101.95,1080.08,1080.08,1143.82,1143.82,0.316,-342.978,-342.978,153.889,153.889,4844.7,4844.7,-4628.97,-4628.97,0,217.754,2045.1,853.168,-1878.23,-1878.23,1548.13,-8278.37,-3627.46,1611.88,4777.16,4777.16,-1191.66,-1191.66,4097.88,4097.88,-435.973,-1054.01,-6077.86,-3121.01,-1983.51,-1983.51,1235.15,1235.15,1235.15,-3049.83,-3049.83,4069.92,-2.25865e-11,-2.25865e-11,-1453.56,2669.39,2669.39,-3835.46,1304.54,-1080.03,0,-2383.32,-1124.03,3557.33,2679.21,2679.21,399.447,-218.763,45.7277,3073.15,3073.15,1771.4,-848.655,-848.655,-8556.27,5343.97,8556.27,-7413.98,-7468.68,-7892.55,10678.3,-2207.93,2092.99,-7407.17,-7461.77,-7885.53,8528.74,4448.71,2058.39,-1058.7,-14008.1,-2262.82,-11413.4,-28378.1,-15633,-15633,-1919.92,8219.61,-789.606,-1912.22,-740.033,897.573,-911.626,950.771,813.326,891.099,-965.791,-988.1,-971.121,917.121,-267.962,-267.962,856.596,-3748.3,-3748.3,8302.61,-764.117,-1198.2,929.574,-709.73,-2346.79,-3657.75,-3657.75,-6350.4,-8080.97,-8533,-16589.6,9069.24,-4429.8,6350.4,-1838.85,-4424.6,-8399.86,-4925.11,-4923.33,1838.85,8080.96,8533,-3577.97,-3619.9,-2554.38,-2966.19,-2423.06,-2553.06,-2036,-2036,-452.049,-724.276,1912.89,2159.1,-3761.68,8080.96,8080.97,8533,8533,1528.02,1528.02,-89.4662,-346.07,-1212.27,-1212.27,-5076.43,-5076.43,4808.47,4808.47,-1118.47,175.895,-2801.34,3360.77,-14161.3,14646.8,16298.1,-11027.3,2801.34,-2862.8,-1828.19,2585.53,-128.659,-128.659,-806.228,-806.228,214.014,-310.283,2026.99,319.029,-22.7093,-22.7093,-1648.55,-559.299,-2122.27,-1626.15,-119.726,-119.726,-171.537,-171.605,-1923.93,-1923.93,-2063.84,-1049.09,-1522.69,-759.7,-297.068,-146.571,-146.571,87.957,98.9451,0,688.334,765.492,0,54.1218,-888.275,-888.275,-106.366,-159.498,398.173,400.26,-110.906,545.718,532.84,-1418.9,2663.78,6429.84,1198.89,481.36,481.36,-235.675,-1994.39,-1994.39,-886.499,-880.108,-4.70611e-10,0,-912.82,-912.82,0,3.34257e-10,0,-1254.47,0,855.182,0,-4.37353e-10,-5.35697e-11,1080.72,848.942,848.942,0,209.424,209.424,-2.61325e-10,0,-1170.18,-1837.94,-1837.94,-1837.94,-2297.26,0,0,0,-422.632,-422.632,-422.632,0,832.463,279.507,279.507,120.866,1.28673e-10,60.4369,60.4369,-5.55438e-10,-5.73236e-10,-3.40419e-10,-2.3223e-10,-84.1737,-83.5482,-120.116,0,-6.52583e-11,0,3067.4,3067.4,3067.4,0,0,0,0,-4.79749e-11,-1.14206e-10,-2876.99,-2876.99,9.93893e-11,4992.13,755.819,1105.19,0,-1.15637e-10,992.511,2480.47,-1.25944e-10,18770.8,10378,3015.8,2914.28,-45.7277,-3077.61,-3077.61,1.84518e-11,74309.2,-737.234,-2.48909e-10,-3.97098e-10,-1025.52,-1648.26,-4071.99,-3.27356e-11,1.16637e-09,2.15403e-10,-604.466,-3.27145e-10,6.41715e-10,-5.63399e-10,-7379.49,5.78627e-11,-4424.6,4.97956e-10,-824.977,-1869.46,-3.28922e-10,-1393.09,-2.28538e-10,-1977.22,3274.7,-2.32924e-10,-2.0906e-10,2712.57,2712.57,-1.8743e-10,-104.192,-104.192,-1.34039e-10,-24.7697,0,9.35497e-10,2646.08,6226.57,0,0
2020-08-06 09:00:00 UTC,3042.21,905.25,-3536.55,762.903,762.903,0.764864,-1269.48,-1464.5,1740.57,1740.57,-1512.72,-1195.62,5782.78,173.731,-650.558,-1319.73,-2554.67,-808.281,4344.17,583.844,-572.801,2192.89,2192.89,2058.55,2870.94,837.21,543.896,-287.96,-121.104,-1649.48,577.906,577.906,1294.38,716.35,716.35,4410.67,-2348.15,-2355.65,8308.53,8308.53,-2658.29,-4978.99,-2639.33,-1628.53,-3580.31,5009.93,7132.11,7184.68,7592.69,-145.288,1257.5,1257.5,-271.175,263.741,336.487,-307.99,-307.99,2016.77,-1008.89,-439.124,-1300.91,1479.59,1595.32,-861.911,-861.911,390.243,530.886,-460.547,-460.547,-423.79,-2098.91,1481.87,-739.637,-739.637,-60.0042,-60.0042,-15.972,-13.7628,-18.8469,66.9879,126.782,-101.534,7.47169,6.96822,-3.11562,29.267,2.43104,-363.734,-363.734,-36.4719,-36.4719,-36.1272,-36.1272,716.332,716.332,716.332,-225.587,-225.587,-95.5258,170.092,94.9422,94.9422,-116.897,-116.897,333.607,113.3,1628.53,-0.229997,-0.229997,1385.67,1385.67,1385.67,-3974.66,1048.62,1048.62,1110.04,1110.04,0.316,-332.822,-332.822,152.92,152.92,4703.44,4703.44,-4498.93,-4498.93,0,212.878,1986.6,827.878,-1825.7,-1825.7,1500.76,-8020.23,-3514.36,1562.18,4636.33,4636.33,-1158.46,-1158.46,3977.86,3977.86,-425.996,-1026.41,-5856.09,-3067.66,-1920.48,-1920.48,1194.26,1194.26,1194.26,-2942.71,-2942.71,3950.91,3.20761e-11,3.20761e-11,-1404.77,2574.35,2574.35,-3699.43,1250.81,-1046.32,0,-2295.98,-1096.64,3420.01,2583.66,2583.66,390.418,-210.155,45.2116,2988.46,2988.46,1705.99,-816.567,-816.567,-8237.96,5129.11,8237.96,-7138.42,-7191.09,-7599.2,10259.5,-2129.11,2016.05,-7132.11,-7184.68,-7592.69,8229.4,4275.79,1921.01,-1058.76,-13655.6,-2190.83,-11118.5,-27663.4,-15240.6,-15240.6,-1874.77,7960.01,-769.995,-1867.53,-722.897,868.659,-886.763,924.43,791.131,866.733,-941.722,-963.473,-946.919,891.899,-257.768,-257.768,832.984,-3641,-3641,8060.56,-739.109,-1162.19,903.949,-695.619,-2286.64,-3549.8,-3549.8,-6191.57,-7889.01,-8330.3,-16191.5,8874.43,-4310.03,6191.57,-1802.5,-4305.1,-8207.41,-4812.27,-4810.53,1802.5,7889.01,8330.3,-3482.14,-3522.95,-2513.49,-2918.69,-2362.59,-2493.78,-1980.13,-1980.13,-444.359,-698.519,1860.41,2099.86,-3707.99,7889.01,7889.01,8330.3,8330.3,1510.72,1510.72,-84.7467,-328.332,-1208.78,-1208.78,-5029.18,-5029.18,4753.15,4753.15,-1073.63,180.06,-2799.05,3325.92,-14086.4,14318.1,15915.1,-11018.9,2799.05,-2772.41,-1775.78,2523.35,-126.339,-126.339,-770.709,-770.709,200.24,-295.598,1959.9,305.607,-15.4841,-15.4841,-1590.72,-542.595,-2019.2,-1575.52,-112.829,-112.829,-159.489,-159.553,-1874.02,-1874.02,-2006.04,-1015.66,-1474.55,-721.42,-261.022,-139.734,-139.734,91.3455,102.728,0,675.381,751.104,0,58.6419,-868.967,-868.967,-113.04,-134.827,392.291,394.348,-114.145,546.087,533.22,-1378.02,2612.57,6304.85,1167.66,468.843,468.843,-229.503,-1972.46,-1972.46,-881.414,-875.06,-3.12134e-10,0,-922.784,-922.784,0,6.61271e-10,0,-1144.42,0,836.612,0,5.14722e-10,-1.85413e-10,1059.3,824.987,824.987,0,204.532,204.532,1.21377e-10,0,-1123.79,-1764.14,-1764.14,-1764.14,-2215.98,0,0,0,-409.559,-409.559,-409.559,0,814.065,274.651,274.651,120.008,-2.87661e-10,60.0083,60.0083,-6.08803e-10,6.58901e-10,-5.0208e-12,9.03906e-10,-82.3117,-81.7,-119.065,0,1.98706e-10,0,2975.62,2975.62,2975.62,0,0,0,0,3.1784e-10,-1.74909e-10,-2801.66,-2801.66,3.58272e-10,4822.65,736.93,1077.57,0,-3.51017e-10,967.96,2403.12,3.4164e-10,18225.5,10081.9,2945.62,2842.85,-45.2116,-2992.71,-2992.71,3.48747e-10,72121.4,-711.287,-6.02811e-11,-3.66505e-10,-997.379,-1603.03,-3960.27,-3.44375e-10,-2.44383e-10,4.26185e-10,-586.483,1.78362e-10,-7.39558e-11,7.74911e-10,-7449.61,4.72291e-10,-4305.1,-9.8153e-10,-812.9,-1804.36,-3.89854e-10,-1353.05,7.40006e-10,-1923.02,3166.24,3.43533e-10,1.58349e-10,2645.07,2645.07,2.00677e-10,-113,-113,-3.43045e-10,-0.764864,0,8.21784e-10,2576,6036.14,0,0
2020-08-06 10:00:00 UTC,3077.95,917.881,-3590.45,784.744,784.744,-9.81861,-1288.89,-1487.52,1765.71,1765.71,-1494.97,-1193.31,5798.53,205.338,-651.586,-1309.46,-2577.66,-815.555,4338.31,580.415,-601.324,2211.88,2211.88,2072.12,2903.65,846.631,545.467,-289.531,-126.402,-1656.19,579.83,579.83,1297.54,717.582,717.582,4420.1,-2326.76,-2334.19,8265.56,8265.56,-2634.66,-4954.6,-2642.41,-1630.43,-3549.32,4974.32,7086.42,7138.65,7544.04,-142.58,1249.63,1249.63,-271.506,261.422,323.399,-311.343,-311.343,1999.69,-1011.18,-435.21,-1299.68,1465.37,1579.99,-864.591,-864.591,395.282,542.118,-468.682,-468.682,-429.45,-2106.25,1484.67,-741.028,-741.028,-61.9763,-61.9763,-16.1138,-13.9853,-18.6989,66.4892,124.872,-100.606,7.27723,6.78685,-3.42705,28.8472,1.57421,-362.597,-362.597,-34.9067,-34.9067,-34.5778,-34.5778,714.144,714.144,714.144,-222.181,-222.181,-96.3111,168.163,95.563,95.563,-115.393,-115.393,335.643,112.592,1630.43,-0.229997,-0.229997,1380.3,1380.3,1380.3,-3956.7,1045.27,1045.27,1106.17,1106.17,0.316,-332.18,-332.18,152.963,152.963,4686.51,4686.51,-4482.63,-4482.63,0,212.616,1978.98,823.618,-1818.84,-1818.84,1493.74,-7983.71,-3498.36,1554.64,4619.39,4619.39,-1155.11,-1155.11,3964,3964,-426.048,-1023.61,-5816.71,-3067.31,-1910.82,-1910.82,1187.02,1187.02,1187.02,-2924.12,-2924.12,3937.28,2.21586e-11,2.21586e-11,-1396.91,2557.95,2557.95,-3676.48,1239.52,-1042.48,0,-2280.88,-1094.8,3393.14,2566.98,2566.98,389.934,-207.789,46.0077,2987.28,2987.28,1695.16,-810.433,-810.433,-8182.43,5088.43,8182.43,-7092.65,-7144.97,-7550.46,10182.1,-2116.27,2000.96,-7086.42,-7138.65,-7544.04,8178.09,4243.53,1888.04,-1065.82,-13621.8,-2179.43,-11088.2,-27593.6,-15202.8,-15202.8,-1873.91,7922.45,-769.524,-1866.54,-722.827,856.846,-883.756,921.327,788.688,863.978,-939.524,-961.223,-944.708,888.88,-255.724,-255.724,830.061,-3629.07,-3629.07,8033.13,-735.527,-1156.25,900.767,-697.338,-2276.46,-3534.61,-3534.61,-6190.69,-7869.73,-8309.94,-16139.2,8865.87,-4326.92,6190.69,-1785.08,-4321.95,-8182.38,-4797.6,-4795.86,1785.08,7869.73,8309.94,-3460.26,-3500.81,-2511.98,-2916.93,-2348.88,-2507.44,-1967.35,-1967.35,-442.7,-707.325,1848.39,2086.3,-3704.72,7869.73,7869.73,8309.94,8309.94,1510.44,1510.44,-83.7437,-324.559,-1211.58,-1211.58,-5031.27,-5031.27,4762.58,4762.58,-1095.16,172.382,-2815.52,3329.84,-14120.6,14284.6,15867.9,-11089.1,2815.52,-2775.59,-1775.96,2525.98,-125.218,-125.218,-773.185,-773.185,208.642,-296.478,1982.23,308.749,-20.2664,-20.2664,-1604.39,-547.487,-2026.88,-1584.42,-113.734,-113.734,-161.587,-161.652,-1875.88,-1875.88,-2007.69,-1016.19,-1473.91,-725.921,-257.728,-140.938,-140.938,95.5882,107.486,0,684.762,761.472,0,63.0895,-887.13,-887.13,-119.777,-124.583,395.811,397.886,-118.706,556.845,543.726,-1385.48,2637.13,6303.46,1163.36,467.803,467.803,-227.299,-1996.62,-1996.62,-893.937,-887.493,6.90198e-10,0,-943.513,-943.513,0,-6.01715e-11,0,-1102.74,0,846.019,0,3.07285e-10,2.4442e-10,1072.11,828.342,828.342,0,207.966,207.966,-1.59588e-11,0,-1111.94,-1745.99,-1745.99,-1745.99,-2208.92,0,0,0,-403.223,-403.223,-403.223,0,824.765,279.911,279.911,123.953,2.8832e-11,61.9806,61.9806,6.33814e-11,-4.07368e-10,1.11819e-10,5.6171e-10,-83.4372,-82.8171,-120.304,0,1.50215e-12,0,2962.37,2962.37,2962.37,0,0,0,0,-2.58546e-10,-3.24706e-10,-2800.24,-2800.24,5.66663e-11,4796.85,738.668,1080.11,0,-1.33426e-10,966.409,2391.7,3.96239e-10,18156.7,10044.4,2939.58,2836.95,-46.0077,-2991.39,-2991.39,9.767e-12,71850.5,-720.146,3.59239e-10,-4.12182e-10,-990.938,-1592.68,-3934.69,-6.67272e-10,1.84003e-10,1.10288e-10,-574.173,5.28531e-12,-2.01142e-10,4.74576e-11,-7563.23,1.25567e-10,-4321.95,-5.25296e-10,-811.871,-1826.15,9.71416e-11,-1372.81,4.73941e-12,-1922.3,3188.82,6.98399e-10,3.02782e-10,2643.45,2643.45,-1.52251e-11,-113.421,-113.421,-6.57759e-10,9.81861,0,-1.1695e-10,2568.83,6013.15,0,0
2020-08-06 11:00:00 UTC,3207.93,957.822,-3774.66,842.62,842.62,-8.61856,-1354.57,-1563.36,1848.7,1848.7,-1537.18,-1216.48,5994.89,216.2,-662.125,-1358.63,-2654.85,-839.98,4476.44,597.673,-629.547,2280.59,2280.59,2146.1,3014.1,879.108,558.829,-302.89,-133.396,-1709.81,597.468,597.468,1336.97,739.367,739.367,4557.69,-2379.49,-2387.09,8496.11,8496.11,-2694.05,-5108.26,-2730.17,-1684.58,-3628.87,5097.01,7281.23,7334.89,7751.44,-144.912,1284.25,1284.25,-277.94,268.065,329.599,-321.087,-321.087,2051.98,-1038.14,-444.147,-1336.27,1504.53,1622.2,-892.25,-892.25,409.455,563.329,-486.373,-486.373,-444.926,-2177.97,1534.86,-766.036,-766.036,-64.6681,-64.6681,-16.6326,-14.4618,-19.2181,68.3418,127.964,-103.233,7.19247,6.70781,-3.92668,29.3737,1.39445,-373.2,-373.2,-35.5349,-35.5349,-35.2005,-35.2005,734.883,734.883,734.883,-226.73,-226.73,-99.7005,172.496,98.8958,98.8958,-118.308,-118.308,347.678,115.773,1684.58,-0.229997,-0.229997,1416.72,1416.72,1416.72,-4063.85,1071.47,1071.47,1135.49,1135.49,0.316,-341.064,-341.064,156.863,156.863,4811.37,4811.37,-4601.37,-4601.37,0,218.219,2032.03,845.247,-1866.98,-1866.98,1534,-8198.14,-3592.3,1598.02,4742.53,4742.53,-1186.52,-1186.52,4069.46,4069.46,-438.512,-1050.8,-5973.46,-3148.19,-1963.64,-1963.64,1219.27,1219.27,1219.27,-3002.46,-3002.46,4041.37,-4.3743e-11,-4.3743e-11,-1432.21,2624.7,2624.7,-3773.87,1271.24,-1072.99,0,-2343.04,-1124.81,3483.05,2633.83,2633.83,399.552,-212.904,48.2077,3075.56,3075.56,1741.75,-832.082,-832.082,-8405.02,5226.4,8405.02,-7287.81,-7341.57,-7758.22,10458.6,-2174.1,2053.7,-7281.23,-7334.89,-7751.44,8398.42,4358.39,1939.62,-1092.42,-13983.6,-2238.28,-11383.3,-28319.4,-15602.4,-15602.4,-1926.99,8139.41,-795.145,-1918.45,-740.634,874.871,-907.163,946.339,810.199,887.408,-964.199,-986.47,-969.52,912.704,-263.095,-263.095,852.117,-3727.37,-3727.37,8256.75,-759.105,-1186.69,924.68,-715.299,-2330.22,-3629.58,-3629.58,-6370.03,-8070.71,-8522.17,-16540,9096.7,-4477.75,6370.03,-1811.24,-4472.43,-8381.26,-4914.2,-4912.42,1811.24,8070.71,8522.17,-3540.01,-3581.51,-2569.17,-2983.36,-2404.01,-2594.78,-2012.4,-2012.4,-453.891,-741.615,1890.72,2134.07,-3775.99,8070.71,8070.71,8522.17,8522.17,1540.31,1540.31,-85.5431,-331.505,-1236.48,-1236.48,-5131.7,-5131.7,4869.4,4869.4,-1164.37,161.357,-2883.15,3400.31,-14406.8,14647.3,16261.5,-11365.4,2883.15,-2877.21,-1836.65,2602.59,-130.439,-130.439,-807.685,-807.685,229.284,-310.762,2085.55,328.784,-29.1782,-29.1782,-1691.53,-573.553,-2156.74,-1662.69,-118.024,-118.024,-172.552,-172.621,-1933.41,-1933.41,-2071.62,-1050.82,-1522.16,-764.326,-281.837,-148.414,-148.414,100.537,113.05,0,710.361,789.821,0,67.3195,-931.754,-931.754,-126.707,-127.702,410.393,412.545,-124.43,579.937,566.267,-1454.64,2770.39,6468.6,1190.24,480.165,480.165,-229.432,-2081.46,-2081.46,-940.568,-933.788,-1.53099e-10,0,-1002.39,-1002.39,0,-3.44138e-10,0,-1141.02,0,878.449,0,-2.51222e-10,-1.8879e-11,1111.2,855.17,855.17,0,218.143,218.143,2.44794e-10,0,-1138.01,-1791.78,-1791.78,-1791.78,-2272.99,0,0,0,-408.636,-408.636,-408.636,0,854.416,290.685,290.685,129.336,-1.77923e-10,64.6729,64.6729,3.69605e-10,5.20834e-10,-4.57289e-10,1.9778e-10,-86.5445,-85.9013,-121.612,0,-3.60608e-11,0,3041.63,3041.63,3041.63,0,0,0,0,-3.82014e-10,-2.9099e-11,-2880.79,-2880.79,-5.31746e-10,4928.49,762.241,1114.58,0,2.22476e-10,994.372,2456.32,-2.9023e-10,18641.7,10314,3011.52,2911.66,-48.2077,-3079.66,-3079.66,1.52889e-10,73783.1,-754.695,4.76478e-10,3.2337e-10,-1013.63,-1629.15,-4024.79,2.32128e-10,1.37602e-10,-4.09822e-10,-571.888,-3.39749e-10,1.46343e-10,-6.1007e-10,-7830.8,-2.36577e-10,-4472.43,-4.77465e-11,-828.667,-1925.03,1.83019e-10,-1435.16,-5.60395e-10,-1992.67,3354.22,1.48843e-10,-1.64629e-10,2717.57,2717.57,2.55276e-10,-108.58,-108.58,-5.80271e-10,8.61856,0,2.01574e-11,2634.85,6171.09,0,0
2020-08-06 12:00:00 UTC,3419.32,1021.38,-4065.69,922.893,922.893,8.38123,-1458.76,-1682.97,1966.82,1966.82,-1630.92,-1276.04,6361.57,220.671,-691.598,-1450.06,-2798.79,-885.526,4747.84,634.298,-653.339,2418.26,2418.26,2280.52,3212.22,937.129,583.361,-327.416,-144.955,-1808.15,630.579,630.579,1414.38,783.648,783.648,4824.37,-2515.1,-2523.13,9014.31,9014.31,-2843.22,-5449.75,-2898.91,-1788.71,-3823.47,5359.87,7737.55,7794.58,8237.26,-155.465,1363.53,1363.53,-289.569,285.212,368.84,-332.56,-332.56,2183.8,-1081.31,-466.09,-1414.21,1605.7,1731.27,-948.262,-948.262,427.416,583.576,-505.475,-505.475,-464.255,-2308.43,1633.61,-815.227,-815.227,-66.1435,-66.1435,-17.2579,-14.838,-20.4664,72.7368,137.973,-110.297,7.28718,6.79614,-4.45247,31.1625,2.91412,-395.367,-395.367,-40.0246,-40.0246,-39.6467,-39.6467,776.782,776.782,776.782,-237.95,-237.95,-104.998,184.987,104.423,104.423,-127.132,-127.132,370.891,123.563,1788.71,-0.229996,-0.229996,1494.57,1494.57,1494.57,-4292.33,1128.32,1128.32,1197.55,1197.55,0.316,-359.933,-359.933,162.293,162.293,5073.51,5073.51,-4847.05,-4847.05,0,228.869,2141.95,890.966,-1966.37,-1966.37,1619.61,-8658.34,-3793.93,1688.85,5002.29,5002.29,-1250.69,-1250.69,4291.61,4291.61,-461.595,-1105.7,-6334.65,-3290.13,-2076.07,-2076.07,1289.82,1289.82,1289.82,-3179.41,-3179.41,4261.23,-7.60224e-11,-7.60224e-11,-1512.08,2777.89,2777.89,-3997.7,1347.56,-1140.96,0,-2487.17,-1186.59,3693.24,2787.36,2787.36,418.886,-225.401,51.3888,3249.08,3249.08,1850.29,-883.707,-883.707,-8927.67,5559.47,8927.67,-7744.98,-7802.12,-8244.92,11120,-2307.11,2178.52,-7737.55,-7794.58,-8237.26,8897.95,4630.95,2105.91,-1126.07,-14700.4,-2365.72,-11973.2,-29765.8,-16398.6,-16398.6,-2027.28,8602.45,-841.126,-2017.13,-775.135,919.138,-955.138,996.698,853.812,934.973,-1013.5,-1036.92,-1019.09,961.205,-279.84,-279.84,897.096,-3930.28,-3930.28,8715.73,-806.341,-1251.23,973.452,-749.246,-2442.89,-3829.31,-3829.31,-6721.07,-8466.54,-8940.14,-17336.2,9534,-4771.18,6721.07,-1864.71,-4765.13,-8773.36,-5144.1,-5142.24,1864.71,8466.53,8940.14,-3708.46,-3751.92,-2670.39,-3100.91,-2516.46,-2760.52,-2108.74,-2108.74,-473.558,-805.654,1981.23,2236.24,-3901.87,8466.53,8466.54,8940.14,8940.14,1588.63,1588.63,-91.5768,-354.363,-1268.55,-1268.55,-5285.95,-5285.95,5043.53,5043.53,-1303.2,138.416,-2965.83,3511.94,-14801.9,15351.3,17039.6,-11702.7,2965.83,-3078.76,-1957.21,2752.86,-140.664,-140.664,-877.716,-877.716,269.14,-339.929,2285.95,366.826,-47.0575,-47.0575,-1855.26,-624.391,-2404.69,-1808.64,-127.576,-127.576,-195.035,-195.112,-2047.61,-2047.61,-2199.55,-1121.05,-1621.01,-840.893,-336.681,-163.008,-163.008,105.682,118.849,0,754.313,838.518,0,70.9048,-1007.47,-1007.47,-132.814,-148.705,435.825,438.109,-130.717,614.092,599.598,-1582.31,2998.65,6768.56,1247.89,504.738,504.738,-237.903,-2218.74,-2218.74,-1013.9,-1006.59,-3.1057e-10,0,-1085.2,-1085.2,0,7.71556e-10,0,-1227.81,0,936.38,0,9.37495e-11,-1.11455e-11,1182.79,904.368,904.368,0,236.185,236.185,-4.05722e-11,0,-1215.02,-1913.59,-1913.59,-1913.59,-2403.08,0,0,0,-435.606,-435.606,-435.606,0,891.709,301.875,301.875,132.287,6.64861e-10,66.1484,66.1484,-9.65244e-11,-1.7414e-10,1.80756e-10,-2.12505e-11,-90.5861,-89.9128,-124.759,0,6.5461e-11,0,3209.46,3209.46,3209.46,0,0,0,0,-1.00282e-10,1.11165e-10,-3040.84,-3040.84,1.54662e-10,5227.65,810.71,1185.45,0,7.64978e-11,1051.2,2596.4,-2.13284e-10,19656.6,10872.8,3157.41,3060.56,-51.3888,-3253.23,-3253.23,-6.09827e-11,77837.3,-819.052,1.46247e-12,1.24255e-10,-1062.15,-1707.14,-4217.47,-2.0547e-11,4.7497e-10,-1.43867e-10,-577.621,2.78677e-10,1.87202e-11,-6.09093e-10,-8103.63,8.41708e-10,-4765.13,-1.61785e-10,-859.938,-2116.03,-1.82374e-10,-1558.3,-5.32891e-10,-2129.06,3663.9,2.39738e-10,-1.53952e-10,2866.47,2866.47,-1.59613e-10,-97.2035,-97.2035,-1.31776e-12,-8.38123,0,1.21339e-09,2772.83,6510.03,0,0
2020-08-06 13:00:00 UTC,3717.92,1105.69,-4409.94,984.835,984.835,82.5507,-1573.84,-1813.23,2113.25,2113.25,-1860.54,-1428.62,7048.14,172.418,-768.886,-1632.79,-3059.31,-967.964,5307.91,715.816,-612.559,2650.37,2650.37,2544.47,3578.06,1044.87,633.107,-377.149,-160.476,-2006.84,696.379,696.379,1563.01,866.442,866.442,5349.84,-2784.22,-2793.11,10033,10033,-3142.72,-6122.22,-3221.6,-1987.83,-4219.41,5923.8,8629.73,8693.32,9187.1,-174.342,1520.09,1520.09,-313.436,318.344,437.543,-358.187,-358.187,2439.55,-1173.93,-511.321,-1561.03,1801.33,1942.18,-1049.88,-1049.88,465.825,629.7,-547.738,-547.738,-505.714,-2554.75,1805.82,-900.977,-900.977,-70.2135,-70.2135,-18.6949,-15.8382,-22.91,81.3639,156.374,-123.547,7.51171,7.00554,-5.45501,34.5281,5.21807,-439.161,-439.161,-47.7888,-47.7888,-47.3357,-47.3357,861.562,861.562,861.562,-262.995,-262.995,-115.502,208.223,115.355,115.355,-143.467,-143.467,413.474,138.253,1987.83,-0.0719957,-0.0719957,1627.41,1627.41,1627.41,-4683.42,1227.75,1227.75,1300.39,1300.39,0.099,-389.681,-389.681,161.294,161.294,5504.54,5504.54,-5244.18,-5244.18,0,241.469,2319.25,967.269,-2127.36,-2127.36,1768.14,-9448.96,-4140.33,1840.78,5433.75,5433.75,-1351.63,-1351.63,4657.81,4657.81,-496.581,-1193.25,-7009.74,-3459.6,-2269.06,-2269.06,1413.24,1413.24,1413.24,-3500.55,-3500.55,4625.94,-6.52819e-11,-6.52819e-11,-1653.29,3060.27,3060.27,-4413.84,1490.66,-1273.46,0,-2762.45,-1290.93,4085.11,3070.74,3070.74,448.955,-247.932,54.6909,3531.3,3531.3,2059.85,-985.534,-985.534,-9943.94,6219.95,9943.94,-8638.97,-8702.7,-9196.63,12423.3,-2558.57,2421.01,-8629.73,-8693.32,-9187.1,9816.98,5158.44,2524.76,-1124.55,-15789.6,-2585.41,-12884.8,-31984.9,-17621,-17621,-2173.64,9388.43,-905.846,-2161.61,-831.662,983.079,-1031.62,1076.49,923.478,1010.85,-1089.79,-1114.97,-1095.8,1038.37,-310.785,-310.785,968.521,-4260.51,-4260.51,9462.01,-883.258,-1358.12,1050.89,-804.263,-2618.28,-4158.69,-4158.69,-7278.71,-9056.89,-9563.54,-18496.9,10151.4,-5275.97,7278.71,-1913.32,-5268.58,-9344.59,-5479.03,-5477.05,1913.32,9056.89,9563.54,-3945.07,-3991.31,-2813.94,-3267.66,-2665.58,-3042.37,-2246.73,-2246.73,-492.352,-928.384,2110.88,2382.57,-4077.87,9056.89,9056.89,9563.54,9563.54,1652.36,1652.36,-102.209,-394.376,-1303.6,-1303.6,-5482.14,-5482.14,5300.89,5300.89,-1568.57,85.6303,-3053.67,3666.12,-15298.6,16389.1,18180.1,-12047.6,3053.67,-3447.17,-2171.33,2991.25,-151.472,-151.472,-1029.94,-1029.94,355.211,-404.021,2653.65,438.882,-92.6102,-92.6102,-2150.95,-714.019,-2863.27,-2059.01,-155.17,-155.17,-252.809,-252.908,-2239.21,-2239.21,-2423.89,-1252.95,-1803.81,-1007.3,-481.352,-193.698,-193.698,101.947,114.728,0,823.329,914.999,0,63.5675,-1127.6,-1127.6,-122.044,-228.939,472.943,475.419,-128.116,643.816,628.548,-1789.54,3295.15,7159.15,1341.49,543.001,543.001,-254.891,-2409.92,-2409.92,-1121.42,-1113.34,-8.91099e-10,0,-1153.55,-1153.55,0,1.16836e-10,0,-1458.04,0,1043.94,0,-1.00236e-10,9.87532e-12,1311.22,1003.78,1003.78,0,268.813,268.813,-6.65595e-10,0,-1357.26,-2148.08,-2148.08,-2148.08,-2666.05,0,0,0,-479.441,-479.441,-479.441,0,971.585,326.727,326.727,140.427,1.15702e-09,70.2191,70.2191,3.14995e-10,5.98738e-10,2.73467e-10,7.51282e-11,-99.009,-98.2732,-129.184,0,2.91802e-12,0,3491.22,3491.22,3491.22,0,0,0,0,2.31933e-10,3.58631e-10,-3303.49,-3303.49,-4.42303e-10,5795.23,903.244,1320.75,0,7.26118e-10,1151.13,2842.46,-3.94599e-11,21330.7,11790,3385.83,3290.64,-54.6909,-3535.62,-3535.62,1.90064e-10,84538,-942.343,7.07558e-10,-2.73712e-10,-1131.65,-1818.85,-4493.45,-3.21222e-11,7.02691e-10,-3.2228e-10,-575.1,-6.49988e-12,-3.65086e-10,4.18529e-10,-8272.92,6.10242e-10,-5268.58,1.36486e-10,-890.006,-2470.96,-3.51995e-10,-1784.44,3.04734e-10,-2356.45,4209.96,2.44776e-10,-1.78581e-10,3113.05,3113.05,-7.50842e-11,-61.0269,-61.0269,-5.34721e-11,-82.5507,0,-1.97674e-10,3000.54,7100.02,0,0
2020-08-06 14:00:00 UTC,4033.18,1189.05,-4686.59,947.105,947.105,263.014,-1660.43,-1906.93,2233.05,2233.05,-2203.53,-1707.24,7997.12,113.142,-922.066,-1843.54,-3460.6,-1094.95,6114.72,837.493,-448.394,3010.05,3010.05,2904.24,4051.4,1183.47,703.02,-447.041,-172.044,-2285.15,790.682,790.682,1786,995.075,995.075,6130.51,-3246.64,-3257,11621,11621,-3653.49,-7110.49,-3674.42,-2267.27,-4888.95,6870.8,10032.9,10106.9,10681,-211.902,1763.51,1763.51,-355.02,372.906,560.822,-393.46,-393.46,2852.76,-1314.68,-586.844,-1795.35,2113.24,2278.42,-1208.74,-1208.74,513.801,680.901,-597.322,-597.322,-557.229,-2893.21,2034.27,-1014.68,-1014.68,-73.5422,-73.5422,-20.5458,-16.9165,-26.723,94.7278,185.519,-143.448,8.07864,7.53428,-6.3184,39.871,10.0262,-502.616,-502.616,-61.7687,-61.7687,-61.1783,-61.1783,988.33,988.33,988.33,-306.199,-306.199,-128.054,243.881,129.402,129.402,-168.876,-168.876,467.291,159.697,2267.27,1.73701,1.73701,1823.48,1823.48,1823.48,-5252.71,1377.76,1377.76,1451.34,1451.34,-2.384,-436.384,-436.384,146.501,146.501,6124.41,6124.41,-5795.23,-5795.23,0,255.455,2564.88,1068.01,-2348.38,-2348.38,1981.84,-10605.7,-4647.12,2055.42,6060.1,6060.1,-1496.45,-1496.45,5190.26,5190.26,-550.811,-1317.64,-8063.42,-3585.37,-2547.94,-2547.94,1590.45,1590.45,1590.45,-3991.28,-3991.28,5157.97,7.9719e-11,7.9719e-11,-1857.35,3491.67,3491.67,-5045.96,1719.47,-1473.91,0,-3191.13,-1431.25,4705.09,3507.63,3507.63,494.198,-272.892,59.2321,3897.31,3897.31,2387.96,-1145.43,-1145.43,-11536.4,7283.39,11536.4,-10045.4,-10119.6,-10693.9,14503.8,-2946.08,2795.66,-10032.9,-10106.9,-10681,11223.3,6005.43,3287.67,-1048.22,-17162.5,-2913.05,-14055.3,-34803.1,-19167.1,-19167.1,-2340.2,10563.4,-1010.97,-2320.85,-905.435,1067.8,-1132.81,1187.2,1016.02,1112.14,-1183.71,-1211.08,-1190.25,1142.42,-362.004,-362.004,1065.44,-4706.09,-4706.09,10516.4,-1025.38,-1498.92,1156,-872.909,-2845.29,-4637.1,-4637.1,-7983.86,-9775.51,-10322.4,-19890.3,10815.7,-5941.75,7983.86,-1948.37,-5932.38,-10029.7,-5880.75,-5878.63,1948.37,9775.51,10322.4,-4214.74,-4264.14,-2988.16,-3470.03,-2830.01,-3417.15,-2405.67,-2405.67,-508.233,-1098.53,2260.22,2551.11,-4287.6,9775.51,9775.51,10322.4,10322.4,1728.61,1728.61,-114.872,-441.947,-1345.34,-1345.34,-5716.67,-5716.67,5629.8,5629.8,-1938.51,6.33609,-3156.03,3857.65,-15910.7,17640.2,19551.5,-12435.3,3156.03,-3960.47,-2472.56,3292.16,-167.283,-167.283,-1254.53,-1254.53,479.655,-500.997,3170.23,545.318,-161.035,-161.035,-2583,-839.977,-3559.11,-2423.04,-196.019,-196.019,-339.018,-339.149,-2488.97,-2488.97,-2726.01,-1438.93,-2061.2,-1243.23,-732.575,-235.149,-235.149,76.0394,85.7755,0,873.362,970.462,0,31.2527,-1215.58,-1215.58,-74.269,-416.384,514.401,517.091,-102.402,640.434,625.132,-2092.21,3622.59,7535.51,1447.47,590.723,590.723,-265.355,-2608.9,-2608.9,-1224.5,-1215.67,1.07659e-09,0,-1130.43,-1130.43,0,-9.19506e-11,0,-1726.87,0,1182.27,0,2.67055e-10,5.39028e-10,1482.34,1143.04,1143.04,0,309.543,309.543,6.52962e-10,0,-1607.06,-2526.27,-2526.27,-2526.27,-3059.72,0,0,0,-557.214,-557.214,-557.214,0,1071.09,355.018,355.018,147.084,-1.04039e-09,73.5484,73.5484,4.84279e-10,-7.39061e-10,-1.97239e-10,2.40434e-10,-109.124,-108.313,-139.58,0,-9.67803e-11,0,3884.76,3884.76,3884.76,0,0,0,0,-2.0487e-10,6.62556e-10,-3647.09,-3647.09,-8.45272e-11,6656.37,1039.91,1520.58,0,-5.47745e-11,1281.65,3198,6.41419e-10,23690.5,13042.6,3674.58,3570.7,-59.2321,-3903.37,-3903.37,3.49778e-10,94197.4,-1113.96,1.8252e-09,1.47963e-10,-1211.71,-1947.52,-4811.33,-9.04564e-12,-4.19864e-10,-5.83928e-10,-555.649,2.58621e-10,-4.58606e-10,-2.70486e-10,-8399.98,1.43479e-09,-5932.38,1.62745e-10,-910.823,-2974.53,8.94331e-10,-2085.65,4.0483e-11,-2680.14,5006.04,1.53088e-09,-1.46524e-10,3438.41,3438.41,-2.89007e-10,1.80168,1.80168,-2.2794e-10,-263.014,0,1.27875e-10,3289.34,7912.01,0,0
2020-08-06 15:00:00 UTC,4262.48,1245.12,-4770.98,813.849,813.849,512.649,-1667.13,-1906.01,2276.42,2276.42,-2533.97,-2035.67,8899.26,86.2435,-1114.25,-1988.86,-3892.43,-1231.61,6897.11,959.047,-197.074,3398.26,3398.26,3207.9,4434.13,1293.61,763.773,-507.774,-173.881,-2526.25,879.355,879.355,2023.9,1144.24,1144.24,6921.6,-3835.13,-3847.36,13423.6,13423.6,-4292.19,-8150.37,-4113.04,-2537.94,-5709.35,7978.25,11658.5,11744.4,12411.7,-269.21,2038.38,2038.38,-404.509,440.048,743.271,-418.992,-418.992,3351.58,-1451.8,-676.759,-2077.01,2487.77,2682.16,-1400.55,-1400.55,541.157,689.963,-615.53,-615.53,-585.75,-3207.68,2261.07,-1127.5,-1127.5,-69.7401,-69.7401,-21.5184,-16.736,-31.0344,109.987,221.513,-165.731,8.97684,8.37197,-6.17343,46.2983,19.0986,-565.872,-565.872,-82.99,-82.99,-82.1888,-82.1888,1119.41,1119.41,1119.41,-358.68,-358.68,-135.287,285.508,139.826,139.826,-199.278,-199.278,510.212,182.442,2537.94,7.19102,7.19102,2051.3,2051.3,2051.3,-5896.96,1555.23,1555.23,1628.8,1628.8,-9.873,-498.38,-498.38,118.375,118.375,6834.03,6834.03,-6400.69,-6400.69,0,270.301,2833.58,1164.03,-2586.54,-2586.54,2216.65,-11922.4,-5223.95,2290.22,6782.05,6782.05,-1669.03,-1669.03,5808.99,5808.99,-629.068,-1463.78,-9309.4,-3604.87,-2858.85,-2858.85,1782.78,1782.78,1782.78,-4565.26,-4565.26,5776.7,7.94014e-12,7.94014e-12,-2076.18,3989.18,3989.18,-5762.23,1997.91,-1694.51,0,-3689.36,-1569.93,5454.68,4019.94,4019.94,553.329,-281.703,68.2185,4262,4262,2770.35,-1328.1,-1328.1,-13379.1,8552.78,13379.1,-11675.4,-11761.5,-12429.1,16963.7,-3394.14,3217.6,-11658.5,-11744.4,-12411.7,12852.3,7026.18,4255.82,-905.577,-18513.5,-3294.37,-15226.6,-37571.8,-20671.5,-20671.5,-2484.31,11961.6,-1172.95,-2446.2,-976.644,1159.22,-1236.17,1312.34,1110.47,1216.91,-1268.86,-1298.22,-1275.87,1253.24,-427.625,-427.625,1170.51,-5173.23,-5173.23,11715.7,-1248.35,-1633.04,1270.11,-931.004,-3065.9,-5189.84,-5189.84,-8666.06,-10438.1,-11022,-21158.4,11314.1,-6615.78,8666.06,-1951.35,-6604.16,-10648.2,-6243.36,-6241.12,1951.35,10438.1,11022,-4448.75,-4500.89,-3141.23,-3647.85,-2963.21,-3792.77,-2546.45,-2546.45,-512.528,-1281.83,2392.5,2700.41,-4474.34,10438.1,10438.1,11022,11022,1791.91,1791.91,-128.577,-493.241,-1371.5,-1371.5,-5902.89,-5902.89,5930.07,5930.07,-2331.36,-82.5669,-3238.91,4023.03,-16398.8,18773.3,20795.4,-12759.2,3238.91,-4477.13,-2772.02,3582.25,-178.672,-178.672,-1491.47,-1491.47,620.066,-603.2,3710.4,657.581,-239.759,-239.759,-3025.7,-971.493,-4279.61,-2787.58,-241.939,-241.939,-432.271,-432.437,-2736.46,-2736.46,-3030.68,-1631.01,-2328.46,-1489.54,-1021.69,-277.253,-277.253,34.0223,38.7658,0,897.684,997.497,0,-17.9238,-1258.85,-1258.85,-0.315941,-670.65,549.311,552.18,-59.3422,603.079,588.529,-2392.69,3845.02,7778.93,1515.24,636.353,636.353,-241.909,-2751.34,-2751.34,-1308.15,-1298.72,1.44903e-09,0,-1013,-1013,0,4.60334e-10,0,-1897.93,0,1292.18,0,-3.31929e-10,5.86178e-11,1632.48,1263.7,1263.7,0,340.828,340.828,-3.09019e-10,0,-1950.36,-2989.16,-2989.16,-2989.16,-3468.22,0,0,0,-674.43,-674.43,-674.43,0,1126.97,363,363,139.48,-1.6337e-10,69.7456,69.7456,-7.0362e-11,7.47185e-10,-9.72681e-11,3.84842e-10,-114.3,-113.451,-160.093,0,1.01288e-10,0,4307.07,4307.07,4307.07,0,0,0,0,-2.1842e-10,4.26448e-11,-3989.7,-3989.7,2.30996e-10,7617.43,1182.59,1729.2,0,-1.57851e-10,1396.84,3586.02,6.95109e-10,26302.5,14362.8,3935.75,3817.36,-68.2185,-4273.29,-4273.29,4.43159e-10,105269,-1300.47,1.01011e-09,-2.48292e-10,-1282.62,-2061.49,-5092.91,1.88409e-10,1.12754e-09,-1.34999e-10,-531.39,-5.2547e-10,-1.05779e-10,-1.22752e-10,-8533.61,-1.15907e-09,-6604.16,7.42991e-10,-919.344,-3502.15,-4.41112e-10,-2397.91,6.29731e-10,-2993.6,5813.28,2.02834e-10,6.61184e-10,3763.15,3763.15,4.04128e-10,76.6166,76.6166,8.64477e-10,-512.649,0,8.09339e-10,3544.94,8742.68,0,0
2020-08-06 16:00:00 UTC,4418.85,1281.03,-4729.45,666.647,666.647,711.948,-1623.62,-1848.87,2284.1,2284.1,-2800.45,-2322.69,9620.21,69.3907,-1285.7,-2093.04,-4259.34,-1347.73,7535.13,1057.93,10.9217,3737.35,3737.35,3440.97,4672.68,1362.76,814.318,-558.3,-157.453,-2725.22,954.331,954.331,2233.23,1278.53,1278.53,7589.84,-4328.98,-4342.78,14886.3,14886.3,-4852.86,-8926.56,-4460.94,-2752.64,-6467.01,9065.42,12957.7,13053.1,13794.9,-297.418,2252.02,2252.02,-452.699,486.173,830.879,-464.743,-464.743,3725.93,-1628.17,-768.538,-2316.28,2769.3,2985.63,-1548.13,-1548.13,579.78,725.745,-652.728,-652.728,-626.999,-3464.99,2439.4,-1216.17,-1216.17,-71.638,-71.638,-22.3994,-17.1035,-32.9992,122.937,242.014,-181.331,9.73051,9.07486,-6.88888,50.5643,22.6656,-624.078,-624.078,-90.9164,-90.9164,-90.0355,-90.0355,1235.69,1235.69,1235.69,-414.963,-414.963,-148.331,312.238,152.045,152.045,-217.835,-217.835,540.598,199.637,2752.64,13.3995,13.3995,2232.5,2232.5,2232.5,-6398.31,1695.8,1695.8,1774.32,1774.32,-18.402,-551.872,-551.872,103.908,103.908,7401.46,7401.46,-6886.86,-6886.86,0,287.406,3047.46,1232.08,-2776.15,-2776.15,2391.47,-12958.4,-5677.82,2470,7355.82,7355.82,-1814.77,-1814.77,6305.89,6305.89,-703.938,-1587.99,-10309.4,-3613.54,-3097.51,-3097.51,1933.03,1933.03,1933.03,-5025.83,-5025.83,6271.42,6.81445e-11,6.81445e-11,-2239.43,4379.63,4379.63,-6318.25,2224.71,-1861.92,0,-4082.82,-1675.17,6071.08,4426.52,4426.52,607.417,-277.011,75.5419,4546.75,4546.75,3066.95,-1480.96,-1480.96,-14846.2,9567.63,14846.2,-12978.5,-13074.3,-13816.4,18928.1,-3730.79,3567.6,-12957.7,-13053.1,-13794.9,14163.8,7848.53,5025.54,-792.06,-19554,-3604.41,-16129.8,-39682.1,-21810.8,-21810.8,-2590.6,13110,-1328.83,-2533.61,-1030.26,1224.9,-1315.54,1414.74,1182.44,1297.62,-1330.11,-1360.9,-1337.45,1340.74,-483.251,-483.251,1254.62,-5536.32,-5536.32,12693.5,-1456.48,-1728.28,1361.58,-970.321,-3224.43,-5639.28,-5639.28,-9190.65,-10925.2,-11536.4,-22071.8,11641.6,-7155.2,9190.65,-1932.46,-7141.61,-11093.6,-6504.49,-6502.16,1932.46,10925.2,11536.4,-4608.45,-4662.47,-3250.21,-3774.45,-3047.68,-4091.08,-2644.48,-2644.48,-509.022,-1438.92,2484.6,2804.36,-4608.61,10925.2,10925.2,11536.4,11536.4,1834.81,1834.81,-139.656,-534.614,-1383.83,-1383.83,-6023.69,-6023.69,6154.2,6154.2,-2656.28,-158.991,-3285.38,4140.28,-16723.5,19617.2,21693.3,-12932.3,3285.38,-4880.25,-2995.26,3803.04,-177.569,-177.569,-1686.94,-1686.94,740.299,-685.392,4137.8,740.568,-308.929,-308.929,-3343.85,-1076.14,-4775.72,-3037.09,-286.132,-286.132,-513.435,-513.632,-2929.25,-2929.25,-3270.3,-1784.02,-2540.32,-1699.99,-1255.37,-313.423,-313.423,-1.04195,-0.459994,0,932.119,1035.85,0,-59.6198,-1306.21,-1306.21,62.3839,-875.839,576.254,579.26,-23.6902,568.505,554.655,-2585.16,3923.93,7934.01,1545.26,670.173,670.173,-204.383,-2847.32,-2847.32,-1371.2,-1361.31,-4.07173e-10,0,-879.707,-879.707,0,6.63098e-10,0,-2018.06,0,1361.17,0,9.74046e-10,-7.60622e-10,1723,1363.28,1363.28,0,357.877,357.877,8.7307e-10,0,-2185.18,-3344.33,-3344.33,-3344.33,-3830.02,0,0,0,-751.482,-751.482,-751.482,0,1206.85,383.789,383.789,143.276,-7.03216e-10,71.6438,71.6438,-3.99923e-10,5.67023e-10,-7.75782e-11,-8.65035e-10,-122.727,-121.815,-182.073,7.10298e-11,-1.03943e-10,0,4643.74,4643.74,4643.74,0,0,0,0,-2.33707e-10,1.79113e-10,-4255.13,-4255.13,5.7305e-10,8371.2,1295.04,1893.62,0,-7.02707e-10,1476.03,3895.34,7.52244e-11,28367.6,15384.8,4114.41,3990.98,-75.5419,-4563.83,-4563.83,3.96524e-10,114157,-1460.78,4.52544e-10,1.40533e-09,-1331.99,-2140.85,-5288.96,7.10298e-10,6.36625e-10,-3.86286e-11,-507.134,9.95375e-10,6.72154e-10,5.03445e-10,-8529.51,5.16506e-10,-7141.61,2.28502e-10,-923.38,-3916.55,-5.22643e-10,-2664.99,-9.83567e-10,-3206.43,6380.94,-5.98064e-10,-2.77377e-10,4012.93,4012.93,-1.09382e-10,141.166,141.166,5.57232e-10,-711.948,0,-9.64586e-10,3717.76,9357.77,0,0
2020-08-06 17:00:00 UTC,4496.05,1293.34,-4583.31,498.243,498.243,910.013,-1539.95,-1745.4,2244.19,2244.19,-3028.26,-2580.94,10192.5,43.4218,-1441.87,-2163.26,-4558.29,-1442.34,8058.43,1142.86,237.83,4015.42,4015.42,3613.62,4821.27,1406.33,853.706,-597.673,-136.418,-2879.53,1012.68,1012.68,2396.86,1383.75,1383.75,8136.4,-4823.15,-4838.52,16256.6,16256.6,-5388.48,-9651.94,-4745.97,-2928.55,-7154.01,10039.6,14205.6,14310.2,15123.6,-336.018,2444.74,2444.74,-491.037,532.665,970.152,-488.19,-488.19,4106.95,-1746.3,-843.319,-2521.85,3064.28,3303.58,-1678.99,-1678.99,589.895,711.931,-650.879,-650.879,-636.821,-3661.32,2597.03,-1294.52,-1294.52,-65.8297,-65.8297,-22.7045,-16.633,-35.2935,134.143,266.404,-196.975,11.1854,10.4317,-5.8945,55.6503,29.1385,-670.351,-670.351,-103.655,-103.655,-102.646,-102.646,1328.68,1328.68,1328.68,-465.618,-465.618,-153.626,340.861,158.266,158.266,-238.668,-238.668,558.015,215.375,2928.55,18.8576,18.8576,2399.19,2399.19,2399.19,-6862.93,1828.59,1828.59,1903.03,1903.03,-25.901,-600.291,-600.291,72.4319,72.4319,7915.93,7915.93,-7309.39,-7309.39,0,294.833,3234.81,1292.15,-2940.1,-2940.1,2561.86,-13911.1,-6095.17,2636.3,7884.11,7884.11,-1941.98,-1941.98,6759.24,6759.24,-768.856,-1695.73,-11262.3,-3535.38,-3320.23,-3320.23,2070.43,2070.43,2070.43,-5457.95,-5457.95,6726.56,-2.23684e-10,-2.23684e-10,-2396.85,4752.9,4752.9,-6852.46,2444.66,-2020.31,0,-4460.35,-1764.15,6655.91,4813.26,4813.26,654.349,-272.943,69.7066,4794.28,4794.28,3356.15,-1623.74,-1623.74,-16254.8,10558.2,16254.8,-14230.7,-14335.7,-15149.5,20836.1,-4061.16,3892.11,-14205.6,-14310.2,-15123.6,15393,8645.72,5835.14,-637.997,-20367.8,-3887.39,-16855,-41350.2,-22711.5,-22711.5,-2665.76,14159.1,-1457.4,-2589.53,-1075.52,1277.14,-1381.82,1499.88,1241.95,1364.53,-1379.11,-1411.05,-1386.73,1413.7,-537.51,-537.51,1324.98,-5854.36,-5854.36,13554.4,-1642.68,-1810.82,1438.12,-1000.98,-3352.53,-6042.84,-6042.84,-9623.86,-11283.8,-11915.1,-22713.7,11813.4,-7642.84,9623.86,-1875.56,-7627.33,-11402.5,-6685.64,-6683.24,1875.56,11283.8,11915.1,-4701.64,-4756.76,-3324.35,-3860.59,-3082.45,-4360.35,-2706.07,-2706.07,-492.439,-1592.47,2542.47,2869.68,-4706.43,11283.8,11283.8,11915.1,11915.1,1860.11,1860.11,-150.389,-574.53,-1379.8,-1379.8,-6083.64,-6083.64,6329.43,6329.43,-2974.4,-238.607,-3307.97,4220.22,-16887.4,20218.9,22324.3,-13025,3307.97,-5240.25,-3187.07,3987.18,-168.914,-168.914,-1874.43,-1874.43,863.928,-763.566,4536.89,816.163,-382.888,-382.888,-3626.22,-1170.98,-5202.47,-3246.1,-333.031,-333.031,-595.359,-595.586,-3096.42,-3096.42,-3483.19,-1924.17,-2732.97,-1903.73,-1485.07,-348.244,-348.244,-38.7744,-42.6791,0,961.783,1068.95,0,-103.869,-1343.49,-1343.49,129.405,-1081.39,596.709,599.819,14.9375,522.402,509.521,-2736.99,3919.95,7957.18,1567.7,696.156,696.156,-174.941,-2891.99,-2891.99,-1415.28,-1405.07,5.02237e-10,0,-726.037,-726.037,0,5.39793e-10,0,-2113.37,0,1404.64,0,-3.28815e-11,-7.05177e-10,1776.3,1440.51,1440.51,0,367.045,367.045,-8.1475e-10,0,-2460.3,-3708.73,-3708.73,-3708.73,-4120.19,0,0,0,-834.29,-834.29,-834.29,0,1226.79,380.016,380.016,131.659,7.89481e-10,65.8347,65.8347,1.19806e-09,7.85125e-10,-6.23364e-10,1.00219e-10,-124.501,-123.576,-200.193,6.99508e-12,2.34759e-11,0,4935.76,4935.76,4935.76,0,0,0,0,-1.80223e-10,1.66182e-10,-4482.48,-4482.48,1.81944e-10,9083.67,1399.13,2045.81,0,-2.47327e-10,1542.33,4172.69,7.31883e-10,30206,16268.5,4253.46,4128.74,-69.7066,-4816.18,-4816.18,3.52426e-10,122198,-1617.06,1.53353e-10,-3.98476e-10,-1363.01,-2190.71,-5412.15,9.0528e-10,-5.91385e-10,1.6963e-11,-477.961,-1.29586e-09,-9.00798e-10,-3.27169e-12,-8539.33,9.53025e-10,-7627.33,8.73608e-10,-916.166,-4304.9,4.22775e-10,-2927.49,-5.53274e-11,-3373.44,6872.32,-3.28757e-10,-8.42469e-10,4223.8,4223.8,-4.19053e-10,206.957,206.957,-8.43684e-10,-910.013,0,-7.06179e-10,3866.5,9907.89,0,0
2020-08-06 18:00:00 UTC,4532.26,1295.85,-4401.6,317.748,317.748,1109.57,-1447.52,-1631.43,2160.02,2160.02,-3192.96,-2824.65,10644.1,60.712,-1597.13,-2174.05,-4839.53,-1531.34,8469.37,1210.55,461.563,4313.63,4313.63,3747.72,4894.88,1429.2,887.09,-631.043,-107.364,-3009.31,1060.01,1060.01,2522.43,1461.95,1461.95,8604.75,-5306.98,-5323.88,17508.9,17508.9,-5911.69,-10274.7,-4974.13,-3069.36,-7823.3,10976.5,15356.8,15469.9,16349.2,-399.065,2642.66,2642.66,-555.952,589.103,1176.86,-480.841,-480.841,4502.12,-1802.69,-913.326,-2710.22,3336.44,3596.93,-1797.43,-1797.43,586.721,677.004,-631.831,-631.831,-632.078,-3811.66,2729.8,-1360.49,-1360.49,-56.6064,-56.6064,-23.4016,-16.2905,-38.2344,143.988,293.731,-213.59,12.1667,11.3469,-4.73699,60.7925,37.5135,-708.876,-708.876,-118.971,-118.971,-117.808,-117.808,1411.06,1411.06,1411.06,-514.821,-514.821,-153.16,372.638,161.332,161.332,-261.621,-261.621,564.503,230.891,3069.36,22.6186,22.6186,2545.51,2545.51,2545.51,-7279.36,1942.91,1942.91,2015.34,2015.34,-31.069,-640.69,-640.69,41.3541,41.3541,8356.58,8356.58,-7668.52,-7668.52,0,298.92,3394.94,1345.95,-3079.77,-3079.77,2712.64,-14761.9,-6467.85,2785.08,8338.41,8338.41,-2048.22,-2048.22,7147.21,7147.21,-820.013,-1785.61,-12132.3,-3412.18,-3522.45,-3522.45,2193.78,2193.78,2193.78,-5847.79,-5847.79,7115.41,5.69389e-11,5.69389e-11,-2544.99,5095.19,5095.19,-7347.88,2649.55,-2164.3,0,-4808.4,-1838.78,7190.21,5165.56,5165.56,693.364,-272.694,85.0594,5002.18,5002.18,3625.16,-1753.51,-1753.51,-17554.3,11481.8,17554.3,-15386.2,-15499.6,-16379.5,22609.5,-4371.7,4183.28,-15356.8,-15469.9,-16349.2,16506,9382.75,6630.95,-466.014,-20991.8,-4135.9,-17426.6,-42645.9,-23406.1,-23406.1,-2715.73,15071.2,-1555.67,-2625.51,-1110.79,1322.25,-1438.3,1569.83,1292.45,1421.11,-1414.01,-1446.77,-1421.81,1474.93,-583.127,-583.127,1383.74,-6124.44,-6124.44,14281,-1797.69,-1884.21,1502.02,-1023.49,-3455.37,-6388.57,-6388.57,-9972.12,-11539.2,-12184.8,-23151.1,11878.8,-8065.29,9972.12,-1798.71,-8048.02,-11605.4,-6804.58,-6802.14,1798.71,11539.2,12184.8,-4737.28,-4792.83,-3377.46,-3922.29,-3091.45,-4598.47,-2730.93,-2730.93,-481.791,-1731.06,2565.83,2896.03,-4776.76,11539.2,11539.2,12184.8,12184.8,1874.95,1874.95,-158.327,-603.968,-1373.06,-1373.06,-6114.41,-6114.41,6470.85,6470.85,-3268.48,-316.591,-3321.53,4278.77,-16979.5,20603.3,22754.1,-13079.5,3321.53,-5546.96,-3350.15,4138.68,-161.002,-161.002,-2037.86,-2037.86,979.785,-832.517,4900.24,885.24,-453.002,-453.002,-3887.72,-1256.23,-5594.62,-3438.11,-374.128,-374.128,-667.561,-667.815,-3236.66,-3236.66,-3663.97,-2044.94,-2899.33,-2075.88,-1693.72,-377.305,-377.305,-77.3726,-85.8813,0,971.755,1080.17,0,-147.533,-1356.48,-1356.48,196.642,-1287.39,613.093,616.286,55.1393,471.603,459.823,-2880.04,3907.44,7898.58,1588.81,716.602,716.602,-155.21,-2911.32,-2911.32,-1442.11,-1431.71,1.48032e-09,0,-558.392,-558.392,0,4.70337e-11,0,-2106.27,0,1427.46,0,-3.48291e-10,7.90693e-10,1794.77,1505.47,1505.47,0,369.203,369.203,9.12019e-10,0,-2749.47,-4052.67,-4052.67,-4052.67,-4377.18,0,0,0,-919.493,-919.493,-919.493,0,1218.87,365.008,365.008,113.213,-2.7795e-10,56.61,56.61,-1.08e-10,3.32728e-10,1.47665e-09,2.42541e-10,-123.01,-122.096,-211.263,0,4.72005e-10,0,5185.11,5185.11,5185.11,0,0,0,0,-4.39988e-10,3.02318e-10,-4670.95,-4670.95,1.01484e-10,9733.75,1492.09,2181.73,0,-2.32998e-10,1597.38,4416.53,3.58189e-10,31779.3,17015.8,4361.69,4225.75,-85.0594,-5027.65,-5027.65,9.59165e-11,129081,-1757.78,5.71457e-10,1.73435e-10,-1375.52,-2210.83,-5461.86,-6.03729e-10,2.45329e-10,7.47488e-10,-437.277,-5.78539e-12,4.02968e-10,3.74698e-12,-8549.9,1.64153e-09,-8048.02,-3.41045e-10,-903.31,-4660.84,8.73549e-10,-3169.32,1.38079e-11,-3515.81,7325.83,1.06249e-09,-6.69828e-10,4396.37,4396.37,-5.05421e-10,264.58,264.58,-8.88818e-10,-1109.57,0,-1.60055e-10,3990.34,10396.9,0,0
2020-08-06 19:00:00 UTC,4506.79,1282.05,-4156.39,149.024,149.024,1273.07,-1331.33,-1489.57,2047.54,2047.54,-3290.5,-3012.81,10907.9,85.0909,-1721.66,-2144.75,-5037.67,-1594.06,8717.83,1254.88,653.304,4544.41,4544.41,3838.06,4890.29,1430.28,913.223,-657.165,-71.1914,-3109.7,1095.04,1095.04,2608.56,1513.02,1513.02,8929.87,-5653.9,-5671.9,18412.6,18412.6,-6294.26,-10762.7,-5116.6,-3157.28,-8323.99,11734.4,16204.8,16324.1,17252.2,-445.894,2809.67,2809.67,-555.546,634.363,1301.8,-469.87,-469.87,4787.23,-1835.45,-966.384,-2819.81,3557.37,3835.05,-1854.02,-1854.02,559.089,603.126,-581.081,-581.081,-600.523,-3889.49,2813.84,-1402.23,-1402.23,-42.3373,-42.3373,-23.4937,-15.2379,-42.8832,152.617,321.447,-224.923,12.1318,11.3143,-3.52385,64.331,47.4493,-732.243,-732.243,-145.164,-145.164,-143.737,-143.737,1475.99,1475.99,1475.99,-553.953,-553.953,-142.776,398.597,157.146,157.146,-282.544,-282.544,557.846,240.483,3157.28,24.7966,24.7966,2642.45,2642.45,2642.45,-7559.75,2016.46,2016.46,2090.17,2090.17,-34.06,-668.443,-668.443,19.1794,19.1794,8649.47,8649.47,-7903.69,-7903.69,0,301.365,3500.89,1379.58,-3170.67,-3170.67,2813.01,-15337.8,-6720.15,2886.72,8641.04,8641.04,-2120.49,-2120.49,7405.7,7405.7,-856.133,-1846.05,-12773.2,-3280.61,-3660.16,-3660.16,2282.29,2282.29,2282.29,-6133.08,-6133.08,7373.34,-3.87229e-10,-3.87229e-10,-2651.77,5343.65,5343.65,-7710.11,2804.54,-2266.01,0,-5064.43,-1884.54,7588.23,5420.26,5420.26,720.598,-269.815,87.0216,5131.84,5131.84,3824.6,-1847.63,-1847.63,-18510.3,12174.3,18510.3,-16237.5,-16357.3,-17285.8,23931.8,-4601,4392.43,-16204.8,-16324.1,-17252.2,17314.5,9931.44,7261.66,-312.689,-21317.7,-4310.3,-17743.4,-43337.2,-23774.1,-23774.1,-2729.04,15702.2,-1616.36,-2629.33,-1131.42,1347.32,-1471.95,1613.25,1322.67,1455.09,-1431.56,-1464.74,-1439.47,1512.06,-617.977,-617.977,1419.58,-6296.77,-6296.77,14755.7,-1906.18,-1929.41,1541.01,-1034.02,-3511.59,-6622.56,-6622.56,-10171.4,-11645.5,-12297,-23302.8,11814.8,-8342.7,10171.4,-1717.06,-8324.22,-11666.8,-6840.56,-6838.11,1717.06,11645.5,12297,-4707.09,-4762.29,-3402.9,-3951.84,-3072.08,-4756.74,-2713.43,-2713.43,-479.033,-1830.83,2549.39,2877.47,-4824.94,11645.5,11645.5,12297,12297,1880.64,1880.64,-163.156,-621.858,-1365.29,-1365.29,-6121.04,-6121.04,6562.28,6562.28,-3474.04,-373.134,-3333.38,4312.11,-17051.5,20776.3,22896.9,-13125.3,3333.38,-5742.02,-3447.19,4226.09,-149.007,-149.007,-2153.08,-2153.08,1067.7,-880.037,5148.84,932.501,-506.79,-506.79,-4053.5,-1311.94,-5838.82,-3550.58,-406.096,-406.096,-721.452,-721.726,-3324.05,-3324.05,-3780.51,-2125.85,-3011.19,-2200.15,-1850.48,-398.038,-398.038,-110.89,-123.406,0,972.508,1081.16,0,-184.62,-1354.34,-1354.34,254.543,-1456.22,620.609,623.838,90.403,420.628,409.974,-2955.23,3857.8,7761.62,1596.48,726.526,726.526,-143.072,-2891.72,-2891.72,-1456.69,-1446.18,3.66433e-10,0,-396.366,-396.366,0,7.48297e-10,0,-2052.21,0,1428.54,0,-3.77751e-10,7.04163e-10,1778.16,1555.72,1555.72,0,364.178,364.178,1.44142e-09,0,-2939.84,-4318.6,-4318.6,-4318.6,-4580.58,0,0,0,-961.27,-961.27,-961.27,0,1159.68,330.478,330.478,84.6747,3.66931e-10,42.3394,42.3394,6.34373e-10,-1.04515e-09,1.58673e-10,-1.2852e-10,-115.059,-114.205,-215.891,0,-4.3121e-12,0,5355.2,5355.2,5355.2,0,0,0,0,1.60255e-10,5.63506e-10,-4786.18,-4786.18,-1.54534e-11,10200.8,1556.44,2275.8,0,-2.05569e-10,1627.26,4585.77,6.70862e-10,32812.8,17488,4414.78,4272.17,-87.0216,-5159.58,-5159.58,3.4722e-10,133668,-1859.09,3.15028e-10,-2.57795e-10,-1366.71,-2196.67,-5426.87,1.06115e-09,7.50232e-10,-1.63521e-09,-403.44,-3.46398e-10,-7.69349e-11,2.01996e-09,-8565.4,7.25611e-10,-8324.22,1.11729e-09,-886.061,-4903.99,-1.57538e-12,-3338,-1.16525e-10,-3587.48,7604.07,1.95797e-10,-4.60848e-10,4499.7,4499.7,-6.98345e-10,311.425,311.425,1.52553e-10,-1273.07,0,-3.09361e-10,4062.96,10716.4,0,0
2020-08-06 20:00:00 UTC,4493.88,1274.23,-3981.37,45.1492,45.1492,1374.39,-1243.35,-1383.55,1973.95,1973.95,-3354.54,-3132.35,11080,94.1685,-1800.44,-2132.98,-5163.46,-1633.87,8885.43,1283.7,774.262,4696.27,4696.27,3903.91,4876.88,1428.21,933.002,-676.935,-41.5062,-3185.47,1119.68,1119.68,2661.31,1541.11,1541.11,9146.07,-5859.2,-5877.84,18937.9,18937.9,-6529.78,-11019.6,-5205.84,-3212.36,-8645.85,12258.9,16682.8,16805.6,17761.1,-464.184,2896.02,2896.02,-566.221,655.565,1352.31,-476.286,-476.286,4937.93,-1884.45,-1003.53,-2883.36,3671.72,3958.3,-1880.45,-1880.45,556.549,584.722,-570.61,-570.61,-597.131,-3946.12,2861.91,-1426.1,-1426.1,-38.1979,-38.1979,-23.8151,-15.2463,-44.687,157.462,331.367,-230.065,12.5112,11.6682,-3.10787,66.0147,49.852,-749.999,-749.999,-153.711,-153.711,-152.196,-152.196,1518.24,1518.24,1518.24,-582.398,-582.398,-142.862,408.659,157.921,157.921,-290.497,-290.497,554.262,245.468,3212.36,25.5471,25.5471,2697.76,2697.76,2697.76,-7723.65,2055.05,2055.05,2134.76,2134.76,-35.092,-686.802,-686.802,10.2206,10.2206,8820.75,8820.75,-8040,-8040,0,305.486,3563.42,1396.53,-3222.36,-3222.36,2866.12,-15675.8,-6868.2,2945.85,8816.26,8816.26,-2166.04,-2166.04,7557.53,7557.53,-878.92,-1881.81,-13158.6,-3179.21,-3741.89,-3741.89,2334.35,2334.35,2334.35,-6307.23,-6307.23,7522.53,-1.94314e-10,-1.94314e-10,-2718.94,5492.48,5492.48,-7925.69,2902.88,-2316.89,0,-5213.22,-1903.6,7830.1,5572.14,5572.14,737.476,-265.933,78.0251,5205.03,5205.03,3940.97,-1898.8,-1898.8,-19055.1,12584.9,19055.1,-16717.5,-16840.8,-17796.8,24706.7,-4742.15,4501.1,-16682.8,-16805.6,-17761.1,17782.1,10260.1,7650.25,-217.067,-21466.8,-4411.8,-17895.7,-43650.5,-23940.1,-23940.1,-2731.19,16075.3,-1649.67,-2625.82,-1138.68,1364.79,-1488.24,1636.73,1337.76,1472.17,-1439.55,-1472.92,-1447.5,1530.97,-640.296,-640.296,1437.94,-6394.83,-6394.83,15028.6,-1970.12,-1952.76,1561.01,-1033.7,-3536,-6758.34,-6758.34,-10275.2,-11675.6,-12328.8,-23320.8,11734.1,-8511.57,10275.2,-1650.61,-8492.34,-11664.1,-6839,-6836.54,1650.61,11675.6,12328.8,-4680.22,-4735.11,-3400.56,-3949.12,-3041.8,-4848.15,-2701.79,-2701.79,-463.555,-1897.46,2538.46,2865.13,-4827.2,11675.6,11675.6,12328.8,12328.8,1871.08,1871.08,-167.379,-637.356,-1347.74,-1347.74,-6079.3,-6079.3,6585.93,6585.93,-3610.22,-413.308,-3313.19,4305.96,-16946.3,20744.3,22914.5,-13055.7,3313.19,-5850.39,-3495.92,4272.36,-137.332,-137.332,-2223.74,-2223.74,1129.07,-908.339,5302.53,960.603,-545.182,-545.182,-4148.26,-1344.77,-5970.38,-3607.27,-427.935,-427.935,-756.74,-757.028,-3373.45,-3373.45,-3847.61,-2173.36,-3076.87,-2278.51,-1947.72,-411.148,-411.148,-132.549,-147.654,0,974.626,1083.62,0,-208.532,-1354.25,-1354.25,292.077,-1562.96,624.601,627.85,113.214,386.624,376.723,-2988.17,3786.43,7646.2,1597.19,730.47,730.47,-135.915,-2881.38,-2881.38,-1478.5,-1467.84,3.19264e-10,0,-297.308,-297.308,0,-9.02428e-10,0,-2031.08,0,1426.47,0,6.25573e-10,6.70324e-10,1761.88,1593.65,1593.65,0,359.221,359.221,7.74359e-10,0,-3028.6,-4457.89,-4457.89,-4457.89,-4712.19,0,0,0,-972.248,-972.248,-972.248,0,1153.74,322.606,322.606,76.3959,6.33525e-10,38.1996,38.1996,8.84176e-10,1.20487e-09,6.78375e-10,-2.56806e-10,-114.011,-113.165,-216.34,0,-1.81671e-10,0,5450.06,5450.06,5450.06,0,0,0,0,3.72916e-10,7.54329e-11,-4849.01,-4849.01,-3.42388e-10,10454,1580.08,2310.36,0,2.5384e-10,1629.71,4675.79,-1.06538e-10,33397.9,17737.1,4428.54,4291.73,-78.0251,-5234.03,-5234.03,5.46263e-10,136318,-1926.65,1.29464e-10,1.48042e-09,-1360.84,-2187.25,-5403.59,-3.72873e-10,-4.92719e-10,3.99348e-10,-382.977,4.79514e-10,9.1202e-10,9.61683e-10,-8536.93,7.37332e-10,-8492.34,3.47067e-10,-871.81,-5055.17,6.19364e-11,-3449.91,-1.13401e-09,-3612.32,7755.53,4.18081e-10,-3.02667e-10,4553.94,4553.94,5.28733e-10,342.21,342.21,4.31958e-11,-1374.39,0,6.92988e-10,4097.44,10888.2,0,0
2020-08-06 21:00:00 UTC,4496.03,1271.88,-3851.78,-14.3767,-14.3767,1448.97,-1168.68,-1294.82,1914.42,1914.42,-3408.53,-3216.85,11220.3,86.046,-1854.77,-2139.09,-5250.06,-1661.28,9024.02,1307.24,865.234,4818.35,4818.35,3968.33,4881.63,1431.21,951.07,-694.995,-18.2934,-3255.04,1140.55,1140.55,2698.44,1557.35,1557.35,9314.36,-5995.52,-6014.59,19306.1,19306.1,-6691.25,-11211,-5277.52,-3256.6,-8873.85,12644.7,17012.7,17137.9,18112.3,-472.607,2956.24,2956.24,-576.041,668.743,1381.15,-483.012,-483.012,5038.83,-1924.6,-1031.25,-2921.66,3748.38,4040.92,-1891.04,-1891.04,559.251,578.679,-568.94,-568.94,-599.657,-3994.05,2895.75,-1442.9,-1442.9,-36.2239,-36.2239,-24.3031,-15.5509,-45.6358,160.779,337.836,-234.382,12.8659,11.999,-2.94901,67.3634,50.944,-765.503,-765.503,-157.043,-157.043,-155.494,-155.494,1550.06,1550.06,1550.06,-604.01,-604.01,-144.855,416.431,159.834,159.834,-296.094,-296.094,554.807,249.912,3256.6,24.8351,24.8351,2733.19,2733.19,2733.19,-7836.37,2074.86,2074.86,2165.63,2165.63,-34.114,-700.998,-700.998,8.28113,8.28113,8944.04,8944.04,-8138.17,-8138.17,0,310.858,3611.24,1409.46,-3259.16,-3259.16,2901.68,-15903.3,-6967.85,2992.46,8940.4,8940.4,-2200.9,-2200.9,7666.03,7666.03,-892.925,-1905.34,-13420.8,-3114.86,-3800.29,-3800.29,2371.37,2371.37,2371.37,-6423.46,-6423.46,7626.18,-5.40655e-11,-5.40655e-11,-2770.55,5598.03,5598.03,-8080.48,2975.87,-2347.69,0,-5316.69,-1916.63,8006.33,5677.66,5677.66,747.396,-265.551,83.6374,5256.58,5256.58,4022.94,-1933.99,-1933.99,-19435.9,12873.2,19435.9,-17048.8,-17174.5,-18149.5,25250.2,-4836.21,4584.53,-17012.7,-17137.9,-18112.3,18115.9,10488.2,7922.39,-157.921,-21571.2,-4481.54,-18000.1,-43865.8,-24051.5,-24051.5,-2734.73,16330,-1667.65,-2626.5,-1140.45,1385.02,-1499.77,1653.49,1349.17,1484.81,-1443.25,-1476.71,-1451.22,1544.39,-653.429,-653.429,1450.68,-6465.72,-6465.72,15216.1,-2008.64,-1971.71,1574.86,-1030.27,-3554.6,-6851.7,-6851.7,-10349.2,-11696.4,-12350.7,-23324.4,11678.6,-8630.8,10349.2,-1602.54,-8611.03,-11656.7,-6834.68,-6832.23,1602.54,11696.4,12350.7,-4662.12,-4716.8,-3396.09,-3943.95,-3001.11,-4911.97,-2700.08,-2700.08,-432.825,-1944.17,2536.84,2863.31,-4836.23,11696.4,11696.4,12350.7,12350.7,1867.02,1867.02,-171.868,-653.932,-1334.31,-1334.31,-6055.61,-6055.61,6614.02,6614.02,-3708.19,-439.958,-3295.1,4307.46,-16859.8,20721.1,22909.8,-12996.4,3295.1,-5923.64,-3526.74,4304.97,-127.356,-127.356,-2273.6,-2273.6,1173.11,-927.743,5407.58,979.338,-573.186,-573.186,-4209.13,-1365.17,-6063.01,-3640.37,-444.166,-444.166,-782.817,-783.114,-3408.99,-3408.99,-3895.42,-2206.87,-3123.82,-2333.76,-2016.15,-420.385,-420.385,-149.137,-166.228,0,976.195,1085.47,0,-226.681,-1353.38,-1353.38,320.833,-1643.18,627.68,630.945,130.758,360.593,351.27,-3005.14,3695.47,7567.68,1602.34,733.635,733.635,-134.742,-2881.28,-2881.28,-1517.18,-1506.24,-1.29369e-09,0,-239.548,-239.548,0,1.16627e-09,0,-2045.03,0,1429.46,0,-7.47839e-10,4.03889e-10,1753.69,1628.47,1628.47,0,356.644,356.644,6.40847e-12,0,-3076.66,-4550.25,-4550.25,-4550.25,-4810.96,0,0,0,-973.456,-973.456,-973.456,0,1158.97,320.667,320.667,72.4478,-8.01612e-11,36.2254,36.2254,3.0846e-10,6.39605e-10,-3.09385e-10,-6.27897e-10,-114.486,-113.636,-212.524,0,-3.38018e-11,0,5516.16,5516.16,5516.16,0,0,0,0,5.61648e-10,-5.18263e-10,-4892.94,-4892.94,6.84734e-10,10630.2,1591.12,2326.51,0,1.88667e-10,1628.86,4742.4,6.15128e-10,33806.3,17901.3,4436.6,4299.97,-83.6374,-5285.7,-5285.7,-2.73452e-10,138174,-1973.57,-5.86203e-10,1.69987e-09,-1359.98,-2185.86,-5400.15,-2.2695e-10,1.06374e-10,3.5857e-10,-377.294,-6.57999e-10,6.7732e-10,5.46788e-10,-8509.13,-4.91587e-10,-8611.03,5.4731e-10,-861.696,-5158.52,1.01009e-09,-3531.22,-1.70982e-10,-3622.77,7849.5,-1.09384e-09,-2.74477e-11,4591.53,4591.53,6.16769e-10,363.908,363.908,-2.96553e-10,-1448.97,0,-1.25528e-09,4120.28,11012.2,0,0
2020-08-06 22:00:00 UTC,4505.24,1273.03,-3780.09,-18.1284,-18.1284,1486.46,-1115.85,-1231.44,1873.22,1873.22,-3441.3,-3246.33,11288.7,52.9787,-1871.55,-2163.54,-5268.83,-1667.22,9100.6,1320.76,916.949,4880.83,4880.83,4013.36,4896.96,1436.74,962.827,-706.748,-6.0479,-3300.56,1152.36,1152.36,2710.47,1557.56,1557.56,9393.22,-6030.08,-6049.26,19432.2,19432.2,-6740.06,-11300.5,-5312.98,-3278.48,-8953.7,12807.2,17120.4,17246.4,18226.9,-470.376,2979.17,2979.17,-576.846,671.743,1381.19,-487.569,-487.569,5067.02,-1944.31,-1042.54,-2925.32,3772.49,4066.91,-1883.43,-1883.43,563.803,581.168,-572.46,-572.46,-604.447,-4018.59,2905.69,-1447.84,-1447.84,-36.1057,-36.1057,-24.7463,-15.9855,-45.9882,162.071,339.836,-236.363,12.9821,12.1073,-3.15615,67.8771,50.5498,-774.52,-774.52,-157.037,-157.037,-155.488,-155.488,1565.52,1565.52,1565.52,-613.897,-613.897,-147.676,419.503,161.862,161.862,-298.1,-298.1,558.183,252.296,3278.48,22.6461,22.6461,2741.25,2741.25,2741.25,-7875.21,2073.89,2073.89,2174.57,2174.57,-31.107,-706.329,-706.329,10.3664,10.3664,8984.18,8984.18,-8168.58,-8168.58,0,314.109,3629.24,1415.2,-3270.15,-3270.15,2912.26,-15975.3,-6999.41,3012.95,8979.63,8979.63,-2213.16,-2213.16,7700.6,7700.6,-893.181,-1909.38,-13517.1,-3070.58,-3823.15,-3823.15,2385.3,2385.3,2385.3,-6467.6,-6467.6,7656.39,7.37944e-11,7.37944e-11,-2798.89,5639.11,5639.11,-8142.21,3008.13,-2349.06,0,-5350.2,-1915.25,8070.27,5715.44,5715.44,747.327,-269.395,90.3278,5267.87,5267.87,4051.4,-1944.77,-1944.77,-19563.1,12978,19563.1,-17156.9,-17283.4,-18264.6,25443.2,-4867.69,4612.09,-17120.4,-17246.4,-18226.9,18222.8,10571.4,8040.23,-132.284,-21562.8,-4501.82,-18000.5,-43851.3,-24041.4,-24041.4,-2730.51,16401.9,-1659.9,-2623.44,-1135.96,1401.17,-1501.51,1655.62,1351.39,1487.06,-1441.27,-1474.68,-1449.23,1546.27,-656.25,-656.25,1452.18,-6487.28,-6487.28,15259.1,-2009.77,-1981.18,1576.45,-1023.01,-3559.05,-6877.5,-6877.5,-10363.9,-11673.7,-12326.9,-23268,11626.6,-8672.6,10363.9,-1567.71,-8652.63,-11616.2,-6810.91,-6808.47,1567.71,11673.7,12326.9,-4639.48,-4693.89,-3381.9,-3927.46,-2971.57,-4933.25,-2691.48,-2691.48,-415.755,-1961.44,2528.77,2854.19,-4827.71,11673.7,11673.7,12326.9,12326.9,1855.81,1855.81,-174.989,-665.414,-1317.04,-1317.04,-6010,-6010,6603.36,6603.36,-3753.88,-453.969,-3263.69,4288.33,-16703.1,20613.7,22841.2,-12885.8,3263.69,-5939.43,-3528.6,4313.72,-120.518,-120.518,-2290.33,-2290.33,1195.01,-933.476,5448.23,986.179,-587.554,-587.554,-4225,-1368.97,-6079.73,-3641.98,-451.372,-451.372,-793.37,-793.671,-3420.55,-3420.55,-3911.14,-2218.02,-3140.8,-2352.81,-2043.14,-423.476,-423.476,-158.626,-176.856,0,973.159,1082.17,0,-236.523,-1347.4,-1347.4,337.038,-1685.65,627.547,630.81,141.024,343.871,334.93,-3000.14,3645.55,7508.28,1609.46,733.184,733.184,-142.733,-2886.45,-2886.45,-1568.21,-1556.9,-8.34563e-12,0,-235.363,-235.363,0,8.05006e-11,0,-2102.24,0,1434.98,0,-8.19679e-10,1.05785e-10,1752.8,1651.26,1651.26,0,356.398,356.398,4.80637e-10,0,-3072.61,-4576.41,-4576.41,-4576.41,-4858.62,0,0,0,-962.188,-962.188,-962.188,0,1168.32,322.612,322.612,72.2114,5.56197e-10,36.1072,36.1072,-7.89714e-10,3.98774e-10,-3.84631e-10,-1.20693e-09,-115.723,-114.864,-204.654,0,7.37143e-11,0,5533.54,5533.54,5533.54,0,0,0,0,1.09693e-10,5.61755e-10,-4902.97,-4902.97,-1.9784e-10,10681.7,1587.79,2321.64,0,3.75665e-12,1619.23,4757.51,3.66234e-10,33919.8,17927.3,4430,4294.11,-90.3278,-5296.04,-5296.04,-3.12051e-10,138712,-1989.91,1.68486e-10,-8.28603e-10,-1355.65,-2178.9,-5382.96,-1.12724e-09,9.83344e-10,-7.91128e-12,-377.781,7.29506e-10,1.00035e-09,4.55663e-10,-8451.56,2.42259e-10,-8652.63,4.69538e-10,-855.368,-5198.45,-7.01937e-11,-3569.95,2.95556e-11,-3610.6,7866.98,8.69131e-10,2.64816e-12,4600.52,4600.52,2.17247e-09,373.421,373.421,5.06851e-11,-1486.46,0,-5.28583e-10,4127.51,11050.4,0,0
2020-08-06 23:00:00 UTC,4452.82,1257.35,-3724.83,27.3887,27.3887,1438.46,-1085.13,-1196.57,1825.7,1825.7,-3416.96,-3176.77,11136.7,-11.7816,-1823.73,-2186.33,-5148.98,-1629.28,8996.74,1306.87,890.498,4802.02,4802.02,3973.51,4833.58,1419.01,955.688,-699.611,-2.00837,-3271.89,1138.96,1138.96,2662.61,1523.13,1523.13,9254.3,-5898.64,-5917.41,19077.2,19077.2,-6606.17,-11125.5,-5241.51,-3234.38,-8794.97,12612.3,16788.9,16912.5,17874,-451.573,2927.58,2927.58,-565.198,656.151,1325.22,-488.434,-488.434,4957.64,-1931.6,-1028.22,-2862.46,3692.64,3980.85,-1834.85,-1834.85,566.296,591.465,-578.854,-578.854,-607.448,-3968.25,2859.62,-1424.96,-1424.96,-38.5895,-38.5895,-25.0483,-16.6265,-45.1419,159.192,331.919,-232.576,13.0108,12.1341,-3.35177,66.7983,47.2598,-767.398,-767.398,-150.528,-150.528,-149.044,-149.044,1546.66,1546.66,1546.66,-606.722,-606.722,-149.558,411.48,161.965,161.965,-291.889,-291.889,554.795,248.922,3234.38,18.8836,18.8836,2699.18,2699.18,2699.18,-7766.67,2035.59,2035.59,2144.31,2144.31,-25.939,-697.302,-697.302,21.4601,21.4601,8867.66,8867.66,-8069.49,-8069.49,0,315.014,3588.8,1402.28,-3230.69,-3230.69,2869.76,-15745.6,-6898.78,2978.49,8858.23,8858.23,-2185.66,-2185.66,7597.9,7597.9,-873.116,-1879.35,-13287.8,-3070.08,-3773.45,-3773.45,2351.34,2351.34,2351.34,-6365.51,-6365.51,7550.16,5.90744e-11,5.90744e-11,-2774.46,5555.43,5555.43,-8020.77,2967.41,-2292.35,0,-5252.99,-1884.25,7939.08,5624.6,5624.6,731.457,-275.29,88.9367,5201.43,5201.43,3977.93,-1906.67,-1906.67,-19199.3,12737,19199.3,-16824,-16948.1,-17910.2,24970.1,-4783.48,4530.07,-16788.9,-16912.5,-17874,17915.5,10380.2,7857.74,-172.459,-21337.9,-4430.68,-17800.8,-43384.2,-23789.5,-23789.5,-2710.18,16144.4,-1618.83,-2608.9,-1118.01,1406.22,-1483.53,1631.77,1335.55,1469.04,-1427.7,-1460.8,-1435.59,1526.18,-642.746,-642.746,1432.57,-6411.88,-6411.88,15042.4,-1956.23,-1966.08,1555.1,-1006,-3529.2,-6778.47,-6778.47,-10243.3,-11571.4,-12218.8,-23076.6,11562.7,-8536.44,10243.3,-1581.26,-8517.09,-11522.1,-6755.73,-6753.31,1581.26,11571.4,12218.8,-4608.56,-4662.61,-3364.62,-3907.38,-2949.18,-4855.72,-2674.33,-2674.33,-410.397,-1919.23,2512.65,2836,-4817.18,11571.4,11571.4,12218.8,12218.8,1853.46,1853.46,-172.765,-657.243,-1318.56,-1318.56,-6005.56,-6005.56,6576.83,6576.83,-3658.1,-427.505,-3248.76,4277.82,-16650.2,20442.7,22648.1,-12820.7,3248.76,-5824.59,-3458.64,4260.81,-114.638,-114.638,-2236.57,-2236.57,1162.2,-909.057,5317.17,958.254,-569.002,-569.002,-4108.37,-1332.74,-5884.51,-3543.65,-442.983,-442.983,-772.408,-772.701,-3374.76,-3374.76,-3852.18,-2178.64,-3089.11,-2295.96,-1975.94,-413.721,-413.721,-152.085,-169.544,0,967.906,1076.38,0,-228.353,-1334.65,-1334.65,325.464,-1639.49,617.199,620.409,134.54,344.358,335.427,-2915.11,3568.76,7481.94,1608.41,725.864,725.864,-156.28,-2852.46,-2852.46,-1582.07,-1570.66,-1.86964e-10,0,-279.454,-279.454,0,-6.64519e-10,0,-2189.63,0,1417.29,0,-1.03754e-09,3.43435e-10,1724.82,1636.91,1636.91,0,350.81,350.81,6.63759e-11,0,-2978.32,-4473.69,-4473.69,-4473.69,-4799.19,0,0,0,-929.611,-929.611,-929.611,0,1173.81,327.349,327.349,77.179,7.3992e-11,38.5912,38.5912,2.76795e-10,-1.06871e-09,-1.03039e-10,1.41714e-09,-116.712,-115.846,-196.375,0,-3.99435e-11,0,5456.8,5456.8,5456.8,0,0,0,0,-1.6174e-10,-2.93896e-10,-4839.8,-4839.8,-6.16837e-10,10483.7,1541.86,2254.48,0,2.71181e-10,1584.99,4681.12,-6.02658e-10,33470.6,17686.1,4384.36,4256.21,-88.9367,-5227.33,-5227.33,8.14853e-12,136798,-1946.07,1.22903e-10,1.55183e-09,-1347.01,-2165.01,-5348.65,-1.67914e-10,-1.36898e-09,6.96514e-10,-393.761,-1.53526e-10,-1.16822e-09,1.37832e-09,-8371.37,-1.30537e-09,-8517.09,2.58465e-10,-860.772,-5068.62,-4.59104e-10,-3501.21,1.43663e-10,-3530.09,7652.02,7.42605e-10,-2.35427e-10,4539.91,4539.91,-6.49008e-10,355.077,355.077,7.17499e-10,-1438.46,0,5.76855e-10,4089.89,10912.6,0,0
2020-08-07 00:00:00 UTC,4335.36,1226.59,-3752.96,141.733,141.733,1288.52,-1116,-1236.45,1803.12,1803.12,-3284.26,-2966.85,10666.3,-86.1455,-1688.63,-2180.17,-4848.28,-1534.12,8613.03,1249.82,758.311,4548.07,4548.07,3810.57,4641.34,1364.19,921.995,-665.934,-5.98146,-3138.65,1089.58,1089.58,2527.98,1437.93,1437.93,8806.16,-5557.28,-5574.97,18095.3,18095.3,-6237.53,-10610.5,-5016.78,-3095.68,-8324.12,11945.6,15904.7,16021.8,16932.6,-415.981,2780.2,2780.2,-532.41,618.339,1225.76,-472.485,-472.485,4682.52,-1852.48,-978.583,-2702.69,3491.53,3764.09,-1724.66,-1724.66,552.076,584.8,-568.413,-568.413,-592.534,-3804.21,2736.99,-1364.06,-1364.06,-39.9804,-39.9804,-24.551,-16.7457,-42.8381,151.164,313.964,-222.063,12.765,11.9049,-3.39727,63.8347,42.3841,-736.824,-736.824,-139.104,-139.104,-137.734,-137.734,1477.93,1477.93,1477.93,-577.268,-577.268,-147.611,391.312,157.571,157.571,-276.981,-276.981,538.711,238.382,3095.68,13.5955,13.5955,2589.08,2589.08,2589.08,-7463.91,1945.41,1945.41,2060.31,2060.31,-18.675,-667.452,-667.452,44.0936,44.0936,8541.37,8541.37,-7800.12,-7800.12,0,311.85,3471.91,1365.53,-3125.72,-3125.72,2760.1,-15116,-6623,2875.01,8522,8522,-2105.58,-2105.58,7309.92,7309.92,-827.812,-1806.96,-12635.7,-3133.26,-3629.65,-3629.65,2258.06,2258.06,2258.06,-6073.37,-6073.37,7259.47,3.2859e-11,3.2859e-11,-2679.77,5307.1,5307.1,-7660.65,2828.92,-2164.12,0,-4986.96,-1816.94,7550.93,5364.97,5364.97,697.51,-282.109,85.4965,5030.65,5030.65,3771.75,-1808.31,-1808.31,-18207.4,12047.2,18207.4,-15936.2,-16053.7,-16965.1,23636.6,-4546.6,4307.57,-15904.7,-16021.8,-16932.6,17072.7,9831.91,7281.63,-296.316,-20831.1,-4241.37,-17341.1,-42335.3,-23225,-23225,-2665.51,15451.7,-1531.68,-2576.73,-1086.99,1390.56,-1440.88,1574.31,1296.47,1425.05,-1397.97,-1430.36,-1405.69,1478.2,-606.745,-606.745,1386.3,-6207.16,-6207.16,14478.7,-1829.68,-1917.4,1504.79,-980.816,-3457.42,-6516.44,-6516.44,-9941.01,-11362.4,-11998.1,-22731.4,11482.9,-8156.27,9941.01,-1659.98,-8138.61,-11361.5,-6661.6,-6659.21,1659.98,11362.4,11998.1,-4575.87,-4629.54,-3333.98,-3871.78,-2945.99,-4647.49,-2650,-2650,-425.219,-1792.84,2489.8,2810.21,-4787.14,11362.4,11362.4,11998.1,11998.1,1854.3,1854.3,-164.801,-627.906,-1335.45,-1335.45,-6024.59,-6024.59,6493.23,6493.23,-3384.77,-351.489,-3243.94,4255.89,-16671.7,20117.4,22304,-12778.1,3243.94,-5539,-3304.51,4126.44,-119.338,-119.338,-2082.9,-2082.9,1050.82,-843.488,4972.68,888.638,-502.295,-502.295,-3849.71,-1249.71,-5485.03,-3351.05,-406.26,-406.26,-703.544,-703.812,-3251.14,-3251.14,-3691.44,-2070.13,-2943.96,-2127.6,-1789.35,-384.636,-384.636,-126.479,-140.904,0,939.9,1045.24,0,-197.734,-1291.19,-1291.19,279.516,-1485.64,595.16,598.257,108.569,367.164,357.782,-2768.27,3528.98,7498.08,1599.08,709.33,709.33,-179.951,-2778.49,-2778.49,-1537.8,-1526.71,-4.76124e-11,0,-387.096,-387.096,0,-4.55633e-10,0,-2258.01,0,1362.6,0,-4.80851e-10,-2.58337e-10,1646.3,1570.21,1570.21,0,335.958,335.958,-1.50616e-09,0,-2779.53,-4222.87,-4222.87,-4222.87,-4584.96,0,0,0,-872.022,-872.022,-872.022,0,1144.67,322.779,322.779,79.9608,-4.80182e-10,39.9822,39.9822,1.07103e-09,-2.86513e-10,5.1459e-10,-1.08471e-10,-114.452,-113.602,-183.18,0,-3.36743e-10,0,5260.16,5260.16,5260.16,0,0,0,0,-7.94702e-11,1.09383e-10,-4679.37,-4679.37,-1.36784e-10,9971.02,1454.44,2126.66,0,-1.56697e-10,1525.72,4488.57,1.8575e-10,32280.2,17099.6,4295.23,4173.27,-85.4965,-5052.88,-5052.88,2.30855e-10,131622,-1817.14,-2.3615e-10,-3.80709e-11,-1334.76,-2145.32,-5300.01,-2.8788e-10,1.16567e-09,-3.37507e-10,-432.42,-7.80045e-10,-1.7719e-10,-1.05043e-09,-8252.34,3.31725e-10,-8138.61,-1.79883e-10,-879.964,-4729.43,-1.25986e-09,-3290.2,5.41985e-10,-3389.74,7200.76,-3.45053e-10,-1.34115e-10,4387.75,4387.75,-8.38488e-11,300.602,300.602,-4.34154e-10,-1288.52,0,5.30162e-10,3993.96,10541.7,0,0
2020-08-07 01:00:00 UTC,4166.99,1183.82,-3811.79,305.772,305.772,1058.28,-1173.64,-1310.64,1801.16,1801.16,-3070.53,-2653.85,9959.41,-158.179,-1489.67,-2148.66,-4420.39,-1398.69,8021.48,1159.44,541.464,4152.1,4152.1,3560.65,4374.43,1287.43,868.458,-612.419,-20.5639,-2927.67,1013.69,1013.69,2330.39,1316.29,1316.29,8127.51,-5028.95,-5044.97,16569.9,16569.9,-5661.88,-9786.49,-4674.34,-2884.34,-7581.14,10886,14522.1,14629,15460.5,-362.158,2547.47,2547.47,-487.248,559.515,1060.53,-454.096,-454.096,4250.81,-1738.5,-898.587,-2470.34,3170.5,3418.07,-1572.21,-1572.21,537.524,592.039,-564.756,-564.756,-577.868,-3560.64,2547.54,-1269.93,-1269.93,-45.2705,-45.2705,-23.9255,-17.1444,-39.1554,138.311,283.924,-204.351,12.2253,11.4016,-3.6093,58.7594,34.0706,-686.814,-686.814,-120.034,-120.034,-118.856,-118.856,1369.91,1369.91,1369.91,-527.615,-527.615,-144.285,357.462,150.927,150.927,-251.986,-251.986,514.084,220.674,2884.34,7.17752,7.17752,2409.19,2409.19,2409.19,-6961.93,1803.72,1803.72,1920.22,1920.22,-9.857,-615.874,-615.874,74.9019,74.9019,7992.18,7992.18,-7345.22,-7345.22,0,302.746,3271.19,1302.52,-2948.97,-2948.97,2580.17,-14081.2,-6169.66,2696.69,7959.28,7959.28,-1967.96,-1967.96,6826.35,6826.35,-754.729,-1688.28,-11587.6,-3222.6,-3388.71,-3388.71,2106.37,2106.37,2106.37,-5599.17,-5599.17,6775.2,-5.03933e-11,-5.03933e-11,-2511.9,4899.88,4899.88,-7073.63,2593.92,-1978.01,0,-4566.87,-1714.98,6915.67,4942.39,4942.39,644.136,-289.828,78.9141,4758.18,4758.18,3447.18,-1653.67,-1653.67,-16646.3,10951.2,16646.3,-14548.3,-14655.6,-15487.5,21524.1,-4171.59,3955.62,-14522.1,-14629,-15460.5,15722.3,8954.95,6375.3,-473.347,-19963.5,-3934.4,-16564.3,-40550.2,-22263.7,-22263.7,-2586.06,14319.2,-1391.72,-2516.72,-1038.11,1342.82,-1369.88,1479.66,1231.18,1351.78,-1347.2,-1378.41,-1354.64,1398.74,-549.652,-549.652,1309.9,-5865.49,-5865.49,13550,-1627.4,-1831.71,1421.74,-944.708,-3324.78,-6084.57,-6084.57,-9450.1,-10987.5,-11602.2,-22090.4,11310.1,-7574.52,9450.1,-1754.19,-7559.29,-11054.3,-6481.46,-6479.13,1754.19,10987.5,11602.2,-4499.51,-4552.28,-3258.28,-3783.82,-2930.75,-4324.57,-2595.54,-2595.54,-452.05,-1608.42,2438.62,2752.46,-4695.84,10987.5,10987.5,11602.2,11602.2,1831.23,1831.23,-154.018,-587.956,-1339.22,-1339.22,-5970.02,-5970.02,6294.05,6294.05,-2989.74,-247.722,-3211.95,4169.63,-16476.7,19489.7,21669.2,-12652.2,3211.95,-5104.88,-3070.67,3910.71,-126.974,-126.974,-1854.35,-1854.35,892.369,-747.018,4471.57,788.392,-407.241,-407.241,-3471.51,-1132.37,-4904.23,-3067.05,-351.627,-351.627,-602.918,-603.148,-3055.35,-3055.35,-3440.73,-1903.94,-2718.89,-1876.28,-1511.64,-341.164,-341.164,-86.9354,-96.6722,0,897.266,997.823,0,-150.868,-1225.15,-1225.15,208.586,-1248.34,563.037,565.97,68.2809,404.456,394.327,-2553.04,3461.58,7485.83,1576.64,680.641,680.641,-214.787,-2673.1,-2673.1,-1459.62,-1449.1,9.37022e-10,0,-539.639,-539.639,0,3.16399e-10,0,-2299.02,0,1286.02,0,7.99142e-10,5.7326e-10,1541.27,1464.61,1464.61,0,316.492,316.492,-2.30882e-10,0,-2480.09,-3823.88,-3823.88,-3823.88,-4248.05,0,0,0,-785.684,-785.684,-785.684,0,1115.45,323.583,323.583,90.541,-5.47775e-10,45.2728,45.2728,3.18535e-10,-3.75517e-10,3.03063e-10,-5.69309e-10,-112.219,-111.386,-164.49,7.10257e-11,-1.57701e-10,0,4940.03,4940.03,4940.03,0,0,0,0,-5.53492e-11,-3.22047e-10,-4422.4,-4422.4,3.14611e-10,9174.89,1334.4,1951.16,0,1.17576e-10,1446.15,4182.74,6.23407e-10,30301.8,16140.7,4143.72,4030.76,-78.9141,-4775.18,-4775.18,4.46174e-10,123015,-1629.19,-1.41862e-10,5.50077e-10,-1307.33,-2101.23,-5191.08,7.9313e-10,-1.93481e-10,1.01284e-09,-485.485,4.35582e-10,2.31938e-10,6.36568e-11,-8206.67,-2.29893e-10,-7559.29,-4.84587e-10,-898.626,-4236.28,-6.163e-10,-2974.51,1.64444e-09,-3176.7,6538.56,2.80267e-10,-3.74385e-10,4143.12,4143.12,1.2654e-09,219.063,219.063,7.10905e-10,-1058.28,0,-1.93875e-12,3833.4,9929.69,0,0
2020-08-07 02:00:00 UTC,4057.07,1162.53,-3982.7,493.638,493.638,814.251,-1281.28,-1444.4,1878.35,1878.35,-2813.3,-2333.95,9263.12,-151.45,-1292.32,-2080.4,-4037.02,-1277.37,7397.84,1058.91,274.166,3754.77,3754.77,3309.94,4150.08,1221.43,811.955,-555.938,-47.9417,-2706.06,936.366,936.366,2138.76,1202.05,1202.05,7443.24,-4473.65,-4487.91,14967.4,14967.4,-5050.31,-8892.33,-4327.88,-2670.53,-6782.01,9728.01,13059.2,13155.4,13903,-308.073,2298.27,2298.27,-446.561,497.847,877.056,-441.426,-441.426,3792.79,-1627.25,-810.752,-2245.18,2823.33,3043.86,-1434.81,-1434.81,530.948,619.726,-575.311,-575.311,-572.276,-3324.02,2361.97,-1177.68,-1177.68,-54.3198,-54.3198,-23.4103,-17.7776,-35.1648,124.341,250.349,-184.532,11.5056,10.7303,-3.98692,52.9929,24.5537,-631.65,-631.65,-98.5923,-98.5923,-97.6288,-97.6288,1254.43,1254.43,1254.43,-469.493,-469.493,-140.648,319.62,144.348,144.348,-224.04,-224.04,490.738,200.904,2670.53,1.62351,1.62351,2215.24,2215.24,2215.24,-6415.08,1655.44,1655.44,1766.33,1766.33,-2.228,-557.268,-557.268,101.484,101.484,7385.71,7385.71,-6841.24,-6841.24,0,288.709,3046.28,1232.33,-2753.8,-2753.8,2387.31,-12957.8,-5677.54,2498.21,7341.14,7341.14,-1813.34,-1813.34,6293.03,6293.03,-676.998,-1559.84,-10463.7,-3304.13,-3124.75,-3124.75,1941.8,1941.8,1941.8,-5087.92,-5087.92,6244.36,9.85323e-11,9.85323e-11,-2320.86,4458.63,4458.63,-6437.53,2334.85,-1790.11,0,-4120.9,-1607.61,6228.6,4487.18,4487.18,587.917,-295.282,70.7006,4472.62,4472.62,3103.62,-1489.03,-1489.03,-14990.1,9785.59,14990.1,-13080.4,-13176.9,-13924.9,19279.5,-3773.84,3579.86,-13059.2,-13155.4,-13903,14274,8017.87,5424.37,-645.478,-18990.8,-3601.56,-15700.8,-38547.9,-21185.2,-21185.2,-2498.2,13093.4,-1242.78,-2449.03,-985.663,1275.21,-1291.57,1376.39,1158.71,1270.8,-1290.4,-1320.27,-1297.52,1311.54,-488.731,-488.731,1226.43,-5492.32,-5492.32,12543.4,-1411.39,-1734.19,1330.98,-906.307,-3166.39,-5611.17,-5611.17,-8935.63,-10550.9,-11141.2,-21304.1,11090.8,-7008.34,8935.63,-1811.64,-6995.3,-10674.4,-6258.73,-6256.48,1811.64,10550.9,11141.2,-4378.07,-4429.4,-3160.24,-3669.93,-2889.06,-4012.14,-2514.19,-2514.19,-477.27,-1439.04,2362.19,2666.19,-4557.71,10550.9,10550.9,11141.2,11141.2,1790.46,1790.46,-141.366,-540.78,-1331.65,-1331.65,-5859.36,-5859.36,6058.09,6058.09,-2632.94,-162.517,-3143.3,4051.78,-16121.9,18781.5,20895.1,-12365.5,3143.3,-4689.99,-2851.58,3689.13,-138.791,-138.791,-1639.39,-1639.39,751.349,-659.326,4021.63,702.07,-322.811,-322.811,-3141.83,-1027.99,-4378.6,-2821.13,-298.731,-298.731,-508.364,-508.559,-2856.46,-2856.46,-3189.66,-1740.43,-2492.48,-1639.25,-1244.75,-300.374,-300.374,-42.4385,-46.8839,0,862.372,958.915,0,-99.6326,-1173.99,-1173.99,129.567,-996.595,537.833,540.638,22.3086,457.619,446.368,-2372.39,3451.19,7443.77,1545.23,648.792,648.792,-246.996,-2607.6,-2607.6,-1382.1,-1372.14,6.87067e-10,0,-713.632,-713.632,0,8.62497e-10,0,-2224.97,0,1220.15,0,-6.94625e-10,-7.55468e-10,1462.14,1353.69,1353.69,0,301.94,301.94,6.7302e-10,0,-2177.1,-3394.26,-3394.26,-3394.26,-3887.64,0,0,0,-701.437,-701.437,-701.437,0,1103.28,333.524,333.524,108.64,1.49374e-09,54.3231,54.3231,3.14826e-10,8.8873e-10,-2.11735e-10,5.14141e-11,-111.425,-110.597,-146.859,0,1.172e-10,0,4592.05,4592.05,4592.05,0,0,0,0,-4.02633e-10,4.63543e-10,-4154.12,-4154.12,6.41986e-10,8334.51,1215.26,1776.96,0,-1.5359e-10,1367.61,3854.75,1.30417e-09,28133.2,15100,3965.86,3870.96,-70.7006,-4484.75,-4484.75,-1.93151e-10,113589,-1456.6,4.48693e-10,9.92514e-10,-1266.36,-2035.37,-5028.38,6.78778e-11,-1.22064e-09,1.79193e-10,-511.061,-3.07999e-10,7.37697e-10,1.58195e-09,-7996.87,4.37002e-10,-6995.3,-5.24168e-10,-902.286,-3795.45,-9.11705e-10,-2676.48,-1.54967e-09,-2985.78,5962.96,-8.9471e-10,-1.73451e-10,3888.72,3888.72,-4.41405e-11,139.614,139.614,6.70489e-10,-814.251,0,-1.83118e-10,3656.05,9269.17,0,0
2020-08-07 03:00:00 UTC,3935.28,1134.35,-4039.04,603.494,603.494,624.017,-1337.54,-1517.24,1894.02,1894.02,-2609.42,-2110.12,8708.65,-124.015,-1158,-2000.13,-3765.11,-1191.32,6904.91,979.763,67.9446,3459.71,3459.71,3108.02,3982.88,1170.66,765.843,-509.843,-72.7644,-2525.42,875.425,875.425,1997.05,1121.32,1121.32,6919.86,-4060.96,-4073.91,13741.9,13741.9,-4590.03,-8182.32,-4052.44,-2500.55,-6171.93,8821.4,11941.5,12029.5,12713,-270.936,2104.78,2104.78,-419.574,451.77,739.964,-432.274,-432.274,3446.07,-1542.05,-742.46,-2084.12,2556.63,2756.39,-1341.98,-1341.98,525.672,643.081,-584.349,-584.349,-567.838,-3135.77,2222.09,-1108.12,-1108.12,-61.8005,-61.8005,-22.8512,-18.0792,-32.0387,113.43,224.182,-168.672,10.9815,10.2415,-4.057,48.4707,17.6038,-586.072,-586.072,-82.5473,-82.5473,-81.7444,-81.7444,1162.37,1162.37,1162.37,-421.974,-421.974,-136.278,289.708,138.396,138.396,-202.083,-202.083,470.876,184.816,2500.55,-0.0529922,-0.0529922,2067.42,2067.42,2067.42,-5985.22,1546.01,1546.01,1649.48,1649.48,0.072,-515.702,-515.702,115.787,115.787,6914.74,6914.74,-6438.45,-6438.45,0,276.759,2864.59,1167.35,-2595.5,-2595.5,2232.92,-12082.5,-5294.11,2336.39,6863.89,6863.89,-1696.71,-1696.71,5883.68,5883.68,-627.489,-1464.01,-9603.55,-3328.99,-2913.67,-2913.67,1809.38,1809.38,1809.38,-4693.81,-4693.81,5838.26,1.0876e-11,1.0876e-11,-2161.94,4114.83,4114.83,-5937.87,2134.27,-1648.6,0,-3779.49,-1519.29,5703.37,4137.09,4137.09,549.339,-287.494,66.1284,4240.25,4240.25,2841.28,-1361.78,-1361.78,-13719.8,8899.63,13719.8,-11959.3,-12047.5,-12731.3,17568.8,-3468.54,3286.5,-11941.5,-12029.5,-12713,13157.2,7306.71,4717.27,-759.813,-18170.4,-3344.92,-14981.5,-36854.5,-20267.2,-20267.2,-2418.76,12162.9,-1146.58,-2380.78,-939.907,1216.18,-1226.59,1297.19,1098.89,1204.57,-1239.55,-1268.23,-1246.39,1241.65,-443.697,-443.697,1160.29,-5190.02,-5190.02,11768.6,-1267.51,-1643.23,1259.14,-870.411,-3025.76,-5244.41,-5244.41,-8512.61,-10159.9,-10728.3,-20571.8,10841.5,-6573.95,8512.61,-1828.63,-6562.48,-10318.4,-6049.99,-6047.82,1828.63,10159.9,10728.3,-4262.21,-4312.18,-3059.87,-3553.34,-2830.27,-3760.99,-2442.32,-2442.32,-482.319,-1319.41,2294.66,2589.98,-4400.6,10159.9,10159.9,10728.3,10728.3,1743.26,1743.26,-130.184,-498.829,-1314.05,-1314.05,-5722.44,-5722.44,5832.64,5832.64,-2368.2,-105.855,-3062.43,3928.57,-15723.8,18123.6,20179.3,-12025,3062.43,-4381.32,-2679.06,3505.91,-138.059,-138.059,-1495.73,-1495.73,659.202,-600.329,3683.72,639.213,-269.245,-269.245,-2877.83,-946.895,-3961.83,-2610.29,-268.985,-268.985,-449.818,-449.991,-2698.78,-2698.78,-2997.06,-1620.17,-2321.18,-1488.96,-1056.93,-275.036,-275.036,-6.89442,-7.09665,0,859.487,955.596,0,-60.1613,-1166,-1166,68.0754,-797.058,518.512,521.218,-15.0317,499.336,487.177,-2201.17,3375.12,7355.75,1499.28,621.719,621.719,-255.187,-2532.74,-2532.74,-1301.66,-1292.27,-1.11729e-09,0,-812.953,-812.953,0,1.66858e-09,0,-2118.12,0,1169.49,0,8.08002e-10,-1.54587e-10,1412.84,1263.28,1263.28,0,291.304,291.304,-1.43831e-09,0,-1962.72,-3066.73,-3066.73,-3066.73,-3600.55,0,0,0,-646.85,-646.85,-646.85,0,1093.57,341.712,341.712,123.601,3.04932e-10,61.8048,61.8048,-4.01634e-10,-7.5705e-10,-1.22176e-10,6.33285e-11,-110.444,-109.623,-139.832,0,4.53591e-11,0,4313.23,4313.23,4313.23,0,0,0,0,3.61734e-11,8.0276e-12,-3938.77,-3938.77,-2.26059e-10,7683.48,1126.53,1647.22,0,4.63083e-10,1303,3596,2.90017e-10,26423,14262.3,3802.66,3724.43,-66.1284,-4250.01,-4250.01,3.40419e-10,106297,-1335.42,7.38506e-11,3.46368e-11,-1230.16,-1977.19,-4884.64,5.84609e-10,4.78316e-10,2.5299e-10,-514.911,2.16841e-11,-2.00972e-10,1.78501e-10,-7720.29,4.39968e-11,-6562.48,6.53889e-10,-892.713,-3464.68,6.34964e-10,-2448.53,-5.50365e-10,-2815.73,5488.13,-1.1763e-09,9.38472e-10,3687.23,3687.23,7.34348e-10,88.0803,88.0803,-1.67736e-10,-624.017,0,2.12887e-10,3494.54,8730.39,0,0
2020-08-07 04:00:00 UTC,3692.66,1068.2,-3884.65,621.193,621.193,474.742,-1314.59,-1496.59,1812.86,1812.86,-2381.12,-1907.21,8029.88,-88.9362,-1043.1,-1860.19,-3472.86,-1098.83,6333.73,892.911,-71.7657,3165.54,3165.54,2870.1,3749.48,1100.12,714.235,-458.253,-89.587,-2322.26,807.032,807.032,1838.38,1031.09,1031.09,6343.17,-3647.42,-3659.06,12448.3,12448.3,-4124.74,-7421.82,-3725.42,-2298.75,-5549.28,7904.71,10783.7,10863.1,11480.4,-238.208,1901.83,1901.83,-387.547,405.753,625.915,-410.464,-410.464,3096.97,-1429.53,-670.263,-1907.37,2290.78,2469.81,-1237.37,-1237.37,503.208,635.666,-569.411,-569.411,-544.417,-2898.92,2037.03,-1016.06,-1016.06,-64.5597,-64.5597,-21.585,-17.5328,-28.8303,102.174,199.096,-152.139,10.1774,9.49162,-3.99084,43.7104,12.637,-534.323,-534.323,-69.3928,-69.3928,-68.721,-68.721,1059.11,1059.11,1059.11,-373.963,-373.963,-128.177,259.679,129.38,129.38,-180.466,-180.466,441.551,167.519,2298.75,-0.229994,-0.229994,1914.54,1914.54,1914.54,-5532.53,1434.07,1434.07,1529.88,1529.88,0.316,-475.495,-475.495,129.957,129.957,6426.69,6426.69,-6015.93,-6015.93,0,265.346,2673.08,1093.31,-2427.96,-2427.96,2067.46,-11167.1,-4893.07,2163.28,6369.63,6369.63,-1579.31,-1579.31,5462.15,5462.15,-583.047,-1367.89,-8724.79,-3317.57,-2689.25,-2689.25,1669.5,1669.5,1669.5,-4289.5,-4289.5,5420.1,1.58818e-11,1.58818e-11,-1990.78,3759.15,3759.15,-5414.88,1931.78,-1498.01,0,-3427.04,-1420.75,5173.96,3778.65,3778.65,513.614,-271.509,62.4082,3958.96,3958.96,2570.03,-1229.84,-1229.84,-12404.8,7995.3,12404.8,-10798.2,-10877.8,-11495.3,15815.3,-3151.57,2980.75,-10783.7,-10863.1,-11480.4,12007.4,6585.91,4006.95,-863.848,-17244.7,-3083.05,-14177.2,-34959.3,-19231.4,-19231.4,-2309.48,11216,-1065.67,-2278.75,-895.956,1149.92,-1154.53,1216.26,1032.92,1132.18,-1178.36,-1205.61,-1184.86,1166.73,-399.916,-399.916,1090.22,-4850.96,-4850.96,10950.3,-1147.17,-1539.34,1183.11,-833.283,-2878.47,-4868.55,-4868.55,-7982.6,-9714.66,-10258.1,-19771.6,10489.9,-5986.79,7982.6,-1891.99,-5977.28,-9933.55,-5824.35,-5822.25,1891.99,9714.66,10258.1,-4154.89,-4203.6,-2956.69,-3433.49,-2784.53,-3424.94,-2373.11,-2373.11,-495.705,-1148.19,2229.63,2516.59,-4240.81,9714.66,9714.66,10258.1,10258.1,1703.22,1703.22,-115.368,-443.541,-1312.47,-1312.47,-5619.63,-5619.63,5586.19,5586.19,-1982.13,-13.6473,-3006.71,3809.83,-15456.7,17393.1,19391.3,-11774.6,3006.71,-3983.85,-2461.93,3268.14,-140.448,-140.448,-1306.39,-1306.39,516.908,-520.549,3202.59,549.139,-187.177,-187.177,-2530.97,-836.317,-3464.66,-2344.97,-224.789,-224.789,-369.361,-369.503,-2496.3,-2496.3,-2751.77,-1468.76,-2111.35,-1287.48,-851.459,-239.463,-239.463,16.8746,19.4688,0,807.555,897.912,0,-30.7787,-1084.2,-1084.2,23.7727,-633.5,483.508,486.034,-38.7403,506.243,494.02,-1992.88,3187.25,7202.34,1431.8,590.387,590.387,-250.405,-2378.6,-2378.6,-1179.7,-1171.2,9.75822e-10,0,-820.219,-820.219,0,7.34371e-10,0,-1943.97,0,1099.09,0,-2.64307e-10,-7.83483e-11,1342.01,1161.61,1161.61,0,273.92,273.92,-1.19608e-09,0,-1757.13,-2743.57,-2743.57,-2743.57,-3279.49,0,0,0,-589.77,-589.77,-589.77,0,1047.68,334.906,334.906,129.119,-7.89861e-10,64.5644,64.5644,-2.71905e-10,-6.69713e-11,3.24505e-11,-1.655e-10,-105.771,-104.985,-136.579,0,2.23823e-10,0,4016.14,4016.14,4016.14,0,0,0,0,-1.83669e-10,4.18027e-10,-3677.35,-3677.35,3.20917e-11,6997.47,1027.64,1502.63,0,1.75481e-10,1223.25,3322.25,-1.6876e-11,24617.7,13349.6,3627.42,3543.51,-62.4082,-3967.71,-3967.71,2.79964e-10,98726.8,-1163.29,7.82555e-10,-2.64485e-10,-1195.31,-1921.17,-4746.23,3.33234e-10,-5.58435e-10,-8.83813e-10,-537.38,-7.92166e-10,-1.49171e-11,1.24575e-09,-7486.7,-7.9062e-11,-5977.28,-1.01682e-09,-885.707,-2998.11,5.28045e-10,-2124.09,5.88491e-10,-2612.17,4875.93,2.819e-10,-4.7079e-10,3442,3442,7.80678e-11,35.5245,35.5245,8.38479e-10,-474.742,0,-3.76251e-11,3296,8128.23,0,0
2020-08-07 05:00:00 UTC,3483.71,1017.07,-3824.65,692.384,692.384,311.912,-1325.95,-1516.17,1796.8,1796.8,-2080.6,-1652.14,7259.08,-0.617638,-900.712,-1680.77,-3149.47,-996.496,5647.45,785.825,-250.123,2819.85,2819.85,2590.22,3453.26,1011.41,654.988,-399.024,-102.73,-2088.46,727.485,727.485,1649.94,922.251,922.251,5671.18,-3186.68,-3196.85,10999.5,10999.5,-3604.35,-6575.91,-3352.01,-2068.31,-4850,6882.25,9504.48,9574.51,10118.4,-204.832,1676.3,1676.3,-346.145,355.727,523.395,-375.078,-375.078,2717.2,-1281.47,-587.637,-1695.98,2006.14,2162.97,-1108.55,-1108.55,465.152,601.839,-533.473,-533.473,-503.84,-2624.83,1839.34,-917.669,-917.669,-63.4144,-63.4144,-19.6532,-16.2533,-25.3372,89.8669,173.596,-134.329,9.07316,8.46178,-3.90012,38.5046,8.96585,-474.871,-474.871,-57.721,-57.721,-57.1654,-57.1654,939.593,939.593,939.593,-321.312,-321.312,-117.087,228.139,117.65,117.65,-158.065,-158.065,405.003,148.556,2068.31,-0.229995,-0.229995,1739.21,1739.21,1739.21,-5015.44,1305.41,1305.41,1391.88,1391.88,0.316,-428.325,-428.325,144.425,144.425,5863.62,5863.62,-5528.2,-5528.2,0,251.013,2452.07,1008.52,-2234.9,-2234.9,1879.18,-10121.6,-4435.01,1965.65,5800.22,5800.22,-1443.16,-1443.16,4975.49,4975.49,-531.734,-1257.53,-7738.31,-3285.36,-2433.83,-2433.83,1511.19,1511.19,1511.19,-3832.18,-3832.18,4937.54,-2.64766e-11,-2.64766e-11,-1793.93,3355.58,3355.58,-4826.54,1700.3,-1336.73,0,-3034.92,-1311.27,4574.82,3372.05,3372.05,473.121,-252.909,57.23,3637.04,3637.04,2268.62,-1084.94,-1084.94,-10949.1,6990.69,10949.1,-9515.7,-9585.89,-10130,13869.7,-2797.4,2644.41,-9504.48,-9574.51,-10118.4,10716.5,5781.44,3232.92,-966.007,-16147,-2785.57,-13229.5,-32718.2,-18005.1,-18005.1,-2178.55,10135.8,-976.575,-2155.04,-845.539,1064.44,-1069.88,1123.82,956.183,1048.01,-1105.43,-1130.99,-1111.54,1079.74,-351.241,-351.241,1008.9,-4457.07,-4457.07,10010.2,-1015.1,-1419.47,1094.87,-791.75,-2701.08,-4436.69,-4436.69,-7388.36,-9175.49,-9688.78,-18762.3,10044.4,-5366.77,7388.36,-1925.25,-5359.12,-9448.17,-5539.76,-5537.76,1925.25,9175.49,9688.78,-3997.38,-4044.23,-2823.44,-3278.71,-2702.37,-3078.26,-2276.08,-2276.08,-500.329,-969.251,2138.46,2413.69,-4055.07,9175.49,9175.49,9688.78,9688.78,1645.28,1645.28,-102.484,-395.272,-1289.86,-1289.86,-5450.51,-5450.51,5291.02,5291.02,-1611.33,70.7967,-2934.2,3651.97,-15006.5,16498.3,18407.8,-11496.1,2934.2,-3563.6,-2237.79,3011.81,-148.574,-148.574,-1105.24,-1105.24,375.878,-438.721,2731.12,462.112,-106.228,-106.228,-2200.69,-728.182,-2981.63,-2095.2,-175.748,-175.748,-282.979,-283.089,-2277.41,-2277.41,-2487.14,-1305.97,-1884.08,-1067.21,-632.089,-200.522,-200.522,44.0924,49.8919,0,745.445,828.87,0,2.75749,-991.97,-991.97,-27.1654,-458.699,450.554,452.91,-65.9325,522.174,509.696,-1805.44,3054.25,6990.52,1348.61,553.552,553.552,-240.943,-2248.75,-2248.75,-1079.4,-1071.62,-1.73125e-09,0,-877.173,-877.173,0,-3.68072e-10,0,-1677.45,0,1010.54,0,5.58881e-10,1.56848e-10,1247.1,1044.62,1044.62,0,250.877,250.877,-1.27318e-10,0,-1533.62,-2399.46,-2399.46,-2399.46,-2908.65,0,0,0,-524.033,-524.033,-524.033,0,969.038,315.206,315.206,126.829,9.02766e-10,63.419,63.419,2.24915e-11,7.20292e-10,1.51122e-10,3.03126e-10,-97.9318,-97.2041,-131.24,0,9.56043e-11,0,3676.21,3676.21,3676.21,0,0,0,0,-1.46334e-10,-9.0793e-11,-3383.66,-3383.66,-2.47625e-10,6240.92,923.054,1349.71,0,-5.17315e-12,1139.48,3014.29,4.12083e-10,22536.7,12295,3420.46,3327.09,-57.23,-3644.58,-3644.58,-6.25417e-11,90013.1,-983.5,7.92916e-10,-1.07216e-10,-1146.44,-1842.61,-4552.16,-6.16468e-10,-9.47723e-11,4.49675e-10,-561.07,-8.15714e-10,4.93499e-10,1.11939e-09,-7408.23,-8.75012e-10,-5359.12,4.64079e-10,-869.393,-2542.68,1.07621e-10,-1802.5,-2.60736e-10,-2412.83,4295.88,3.37573e-10,4.00818e-10,3171.63,3171.63,6.24093e-12,-24.7452,-24.7452,2.49893e-10,-311.912,0,4.03294e-10,3061.75,7439.54,0,0
2020-08-07 06:00:00 UTC,3327.37,978.377,-3738.14,721.919,721.919,205.123,-1313.73,-1506.43,1755.05,1755.05,-1863.39,-1496.76,6726.18,84.555,-819.307,-1533.36,-2954.43,-934.776,5170.34,711.099,-368.582,2612.76,2612.76,2412.75,3261.73,954.407,617.614,-361.661,-110.188,-1940.9,675.977,675.977,1522.23,846.077,846.077,5226.85,-2868.17,-2877.33,9996.91,9996.91,-3245.77,-5988.23,-3093.42,-1908.74,-4369.88,6201.8,8618.91,8682.42,9175.59,-181.577,1520.2,1520.2,-317.412,321.047,452.107,-350.675,-350.675,2454.07,-1179.06,-530.352,-1546.79,1808.99,1950.43,-1016.62,-1016.62,438.842,578.57,-508.685,-508.685,-475.793,-2435.33,1704.45,-850.507,-850.507,-62.6786,-62.6786,-18.3245,-15.3782,-22.9195,81.349,155.683,-121.763,8.1426,7.59392,-4.02407,34.7189,6.39853,-433.61,-433.61,-49.6019,-49.6019,-49.1269,-49.1269,856.977,856.977,856.977,-285.213,-285.213,-109.425,205.943,109.554,109.554,-142.305,-142.305,379.135,135.255,1908.74,-0.229996,-0.229996,1607.17,1607.17,1607.17,-4627.99,1209.23,1209.23,1286.34,1286.34,0.316,-391.682,-391.682,149.154,149.154,5431.06,5431.06,-5147.76,-5147.76,0,237.025,2280.07,943.762,-2084.24,-2084.24,1739.11,-9339.73,-4092.47,1816.22,5365.59,5365.59,-1335.97,-1335.97,4602.41,4602.41,-489.706,-1170.67,-7033.12,-3222.03,-2243.19,-2243.19,1394.93,1394.93,1394.93,-3499.89,-3499.89,4568.58,-2.44105e-11,-2.44105e-11,-1649.51,3064.54,3064.54,-4406.67,1531.4,-1229.37,0,-2759.07,-1233.12,4141.75,3078.27,3078.27,441.357,-239.819,51.9919,3390.31,3390.31,2057.97,-985.317,-985.317,-9937.1,6291.41,9937.1,-8628.14,-8691.78,-9185.1,12516.1,-2547.2,2411.82,-8618.91,-8682.42,-9175.59,9790.21,5214.86,2730.09,-1007.22,-15249.8,-2564.31,-12467,-30904.6,-17014,-17014,-2066.71,9320.18,-898.047,-2049.88,-805.015,993.616,-1003.59,1050.54,896.204,982.086,-1047.12,-1071.32,-1052.9,1011.31,-315.97,-315.97,944.764,-4153.75,-4153.75,9281.52,-909.915,-1327.26,1025.26,-760.185,-2558.2,-4106.71,-4106.71,-6942.67,-8721.91,-9209.82,-17878.6,9641.59,-4948.72,6942.67,-1903.66,-4942.22,-9018.58,-5287.88,-5285.97,1903.66,8721.91,9209.81,-3836.19,-3881.15,-2705.81,-3142.08,-2605.58,-2842.16,-2180.62,-2180.62,-492.34,-852.208,2048.77,2312.47,-3895.88,8721.91,8721.91,9209.81,9209.82,1589.91,1589.91,-93.7981,-362.517,-1259.99,-1259.99,-5280.64,-5280.64,5054.71,5054.71,-1386.35,115.495,-2864.29,3513.88,-14575,15723.6,17548.7,-11232,2864.29,-3272.75,-2075.71,2829.18,-147.474,-147.474,-977.169,-977.169,298.852,-386.141,2429.78,406.472,-64.4362,-64.4362,-1979.98,-655.753,-2651.22,-1916.06,-148.197,-148.197,-232.391,-232.482,-2124.87,-2124.87,-2305.55,-1196.64,-1729.96,-929.356,-492.635,-176.08,-176.08,60.6461,68.3939,0,708.762,788.128,0,22.9102,-932.877,-932.877,-58.0481,-345.672,429.01,431.256,-82.5792,530.118,517.526,-1664.13,2923.79,6761.71,1286.31,523.417,523.417,-238.945,-2151.37,-2151.37,-1008.35,-1001.08,7.858e-10,0,-898.515,-898.515,0,3.9968e-11,0,-1445.84,0,953.63,0,3.28073e-10,-1.8683e-11,1183.54,970.789,970.789,0,235.924,235.924,9.93594e-11,0,-1375.78,-2161.04,-2161.04,-2161.04,-2652.28,0,0,0,-471.288,-471.288,-471.288,0,914.675,301.635,301.635,125.357,9.43026e-11,62.6831,62.6831,4.64412e-11,1.99634e-11,2.29798e-10,-1.91221e-10,-92.5414,-91.8537,-125.884,0,-5.95333e-11,0,3419.79,3419.79,3419.79,0,0,0,0,1.77808e-10,5.89713e-10,-3166.48,-3166.48,-2.54156e-10,5715.09,855.121,1250.38,0,-2.96698e-10,1080.54,2789.78,1.90701e-10,20943.4,11487.7,3258.09,3154.65,-51.9919,-3396.61,-3396.61,-1.43753e-11,83343.7,-865.691,5.65193e-10,-1.70953e-10,-1098.36,-1765.34,-4361.24,-1.79293e-10,-3.76191e-10,3.04916e-10,-564.707,3.47236e-10,-3.30048e-10,-5.91003e-10,-7339.22,9.85509e-10,-4942.22,2.43058e-10,-847.77,-2254.08,-1.92056e-10,-1604.05,8.75196e-11,-2253.85,3896.04,-9.80374e-10,-4.22584e-10,2979.11,2979.11,4.84647e-10,-61.2089,-61.2089,-4.07967e-10,-205.123,0,-1.71742e-10,2887.27,6928.94,0,0
2020-08-07 07:00:00 UTC,3179.5,940.797,-3623.34,735.841,735.841,134.384,-1280.86,-1471.51,1710.15,1710.15,-1675.39,-1367.06,6257.46,158.869,-752.412,-1397.21,-2783.45,-880.672,4752.92,647.106,-443.801,2430.64,2430.64,2245.05,3063.72,895.729,583.521,-327.576,-111.66,-1805.81,629.843,629.843,1412.01,782.018,782.018,4840.65,-2629.53,-2637.93,9208.38,9208.38,-2973.78,-5524.81,-2869.79,-1770.74,-4000.82,5664.75,7940.06,7998.58,8452.86,-167.718,1399.01,1399.01,-291.074,295.679,420.657,-321.297,-321.297,2259.98,-1079.57,-485.193,-1424.43,1666.78,1797.12,-939.38,-939.38,404.831,534.023,-469.409,-469.409,-438.923,-2264.21,1594.45,-795.722,-795.722,-57.756,-57.756,-16.7642,-14.0247,-21.1054,74.9009,144.234,-112.674,7.38888,6.89099,-3.88428,32.0247,6.23976,-399.493,-399.493,-46.2082,-46.2082,-45.7666,-45.7666,787.747,787.747,787.747,-258.14,-258.14,-101.228,190.672,101.384,101.384,-131.781,-131.781,354.581,125.201,1770.74,-0.229997,-0.229997,1500.77,1500.77,1500.77,-4314.59,1132.77,1132.77,1200.78,1200.78,0.316,-363.186,-363.186,146.5,146.5,5075.23,5075.23,-4825.63,-4825.63,0,223.373,2134.47,886.216,-1955.56,-1955.56,1624.68,-8707.57,-3815.5,1692.69,5010.94,5010.94,-1247.96,-1247.96,4298.03,4298.03,-458.051,-1098.83,-6491.67,-3109.91,-2088.55,-2088.55,1298.76,1298.76,1298.76,-3240.76,-3240.76,4268.19,-2.68598e-11,-2.68598e-11,-1536.24,2838.41,2838.41,-4080.36,1407.34,-1139.85,0,-2545.75,-1161.02,3814.69,2850.59,2850.59,415.85,-225.11,48.3747,3181.03,3181.03,1896.16,-908.743,-908.743,-9159.48,5769.26,9159.48,-7947.89,-8006.52,-8460.93,11496.4,-2352.31,2230.31,-7940.06,-7998.58,-8452.86,9064.08,4789.93,2397.59,-1005.89,-14415.7,-2385.98,-11769.5,-29217.5,-16089.3,-16089.3,-1959.32,8667.76,-832.749,-1946.94,-764.464,933.497,-944.642,987.292,842.976,923.763,-991.55,-1014.46,-997.022,951.191,-289.343,-289.343,888.638,-3896.8,-3896.8,8676.05,-830.203,-1245.2,964.363,-725.257,-2422.65,-3835.3,-3835.3,-6549.97,-8276.51,-8739.48,-16983.6,9203.42,-4622.68,6549.97,-1841.37,-4617.01,-8577.34,-5029.17,-5027.35,1841.37,8276.51,8739.48,-3664.78,-3707.73,-2576.39,-2991.76,-2477.92,-2657.43,-2086.57,-2086.57,-459.106,-773.516,1960.41,2212.74,-3735.63,8276.51,8276.51,8739.48,8739.48,1523.57,1523.57,-90.7498,-350.564,-1205.31,-1205.31,-5058.21,-5058.21,4815.92,4815.92,-1248.63,136.032,-2776.98,3357.06,-13979.8,14924.6,16673.2,-10941.8,2776.98,-3038.05,-1939.96,2670.8,-141.585,-141.585,-884.408,-884.408,255.473,-347.868,2220.67,366.841,-43.1785,-43.1785,-1814.18,-603.372,-2394.73,-1771.41,-130.96,-130.96,-199.281,-199.36,-1997.12,-1997.12,-2157.35,-1110.71,-1607.21,-832.414,-399.005,-158.653,-158.653,70.2097,79.0752,0,678.375,754.39,0,34.7997,-882.567,-882.567,-76.4741,-270.062,410.041,412.189,-92.0987,528.152,515.651,-1545.34,2783.94,6482.44,1224.81,495.119,495.119,-234.071,-2058.77,-2058.77,-956.739,-949.841,2.20539e-10,0,-905.532,-905.532,0,1.97204e-10,0,-1236.16,0,895.044,0,-2.13677e-10,-8.29007e-11,1116.26,903.198,903.198,0,219.618,219.618,8.67622e-10,0,-1266.88,-1991.58,-1991.58,-1991.58,-2438.14,0,0,0,-436.615,-436.615,-436.615,0,843.788,278.507,278.507,115.512,-2.56634e-10,57.7598,57.7598,-2.5033e-10,1.49923e-11,1.35635e-10,-6.75696e-12,-85.5477,-84.912,-122.33,0,1.83674e-10,0,3201.75,3201.75,3201.75,0,0,0,0,-5.11824e-11,6.6511e-12,-2979.43,-2979.43,-1.78633e-10,5296.07,797.051,1165.48,0,2.49649e-10,1020.98,2602.98,1.91914e-10,19607.8,10788.5,3095.18,2988.98,-48.3747,-3186.68,-3186.68,1.45803e-10,77862.2,-786.479,-1.76854e-10,2.35612e-10,-1050.99,-1689.2,-4173.15,-1.9891e-10,-6.83078e-10,2.62009e-10,-570.54,-1.94807e-10,3.86116e-10,-1.61647e-10,-7406.74,9.78589e-10,-4617.01,-1.04532e-11,-818.472,-2054.72,3.03315e-10,-1474.32,8.43759e-10,-2110.59,3585.58,2.1457e-10,-4.36492e-10,2810.6,2810.6,-2.14862e-10,-82.3633,-82.3633,3.8437e-10,-134.384,0,2.44624e-10,2727.77,6495.32,0,0
2020-08-07 08:00:00 UTC,3073.1,914.24,-3533.02,737.696,737.696,76.8784,-1256.27,-1445.7,1680.41,1680.41,-1531.5,-1277.25,5915.05,224.825,-708.226,-1289.93,-2670.02,-844.78,4444.65,599.147,-507.907,2314.02,2314.02,2122.42,2920.05,853.108,558.521,-302.583,-113.065,-1706.78,596.43,596.43,1333.94,737.376,737.376,4563.34,-2460.31,-2468.17,8630.39,8630.39,-2781.93,-5167.71,-2704.88,-1668.98,-3742,5281.31,7436.63,7491.44,7916.89,-157.299,1309.3,1309.3,-274.937,276.842,388.632,-303.826,-303.826,2114.97,-1016.56,-454.492,-1340.14,1557.79,1679.62,-885.781,-885.781,383.381,508.428,-445.888,-445.888,-415.776,-2140.5,1514.65,-755.969,-755.969,-55.3597,-55.3597,-15.7892,-13.2561,-19.7293,70.031,134.907,-105.748,7.04692,6.57207,-3.59844,30.1107,5.46377,-374.695,-374.695,-42.6336,-42.6336,-42.2272,-42.2272,737.916,737.916,737.916,-238.679,-238.679,-95.641,178.701,95.6806,95.6806,-123.412,-123.412,336.486,117.578,1668.98,-0.229997,-0.229997,1424.17,1424.17,1424.17,-4088.18,1077.23,1077.23,1140,1140,0.316,-343.766,-343.766,145.88,145.88,4822.23,4822.23,-4596.01,-4596.01,0,214.59,2030.88,843.903,-1863.45,-1863.45,1541.14,-8249.85,-3614.96,1603.91,4758.21,4758.21,-1186.71,-1186.71,4082,4082,-436.877,-1048.25,-6090.94,-3036.22,-1976.55,-1976.55,1227.72,1227.72,1227.72,-3049.17,-3049.17,4054.47,1.53227e-10,1.53227e-10,-1452.2,2670.87,2670.87,-3839.09,1312.26,-1077.32,0,-2388.32,-1112.34,3568.73,2681.63,2681.63,398.311,-213.232,46.3677,3030.38,3030.38,1776.96,-851.659,-851.659,-8584.23,5378.55,8584.23,-7443.5,-7498.41,-7923.97,10736.1,-2210.3,2096.07,-7436.63,-7491.44,-7916.89,8528.69,4473.92,2138.18,-1013.64,-13827.6,-2256.72,-11275.3,-28028.1,-15437,-15437,-1884.17,8196.32,-789.889,-1874.44,-736.668,888.959,-902.474,942.356,805.018,882.168,-952.11,-974.104,-957.364,908.313,-269.829,-269.829,848.602,-3711.2,-3711.2,8242.79,-775.618,-1185.11,920.923,-702.178,-2327.26,-3641.09,-3641.09,-6269.69,-7966.17,-8411.78,-16359.1,8901.48,-4382.69,6269.69,-1804.07,-4377.59,-8274.6,-4851.67,-4849.91,1804.07,7966.17,8411.78,-3535.98,-3577.41,-2502.18,-2905.57,-2389.99,-2526.45,-2013.49,-2013.49,-442.122,-713.433,1891.75,2135.24,-3648.79,7966.17,7966.17,8411.78,8411.78,1491.88,1491.88,-85.8638,-332.126,-1188.58,-1188.58,-4961.34,-4961.34,4693.75,4693.75,-1132.99,157.68,-2745.56,3282.61,-13772.7,14387.6,16066.5,-10824.2,2745.56,-2866.55,-1839.98,2557.06,-136.613,-136.613,-815.411,-815.411,219.004,-318.752,2057.3,335.001,-24.2449,-24.2449,-1682.94,-564.348,-2184.07,-1659.02,-118.187,-118.187,-174.672,-174.741,-1904.75,-1904.75,-2049.45,-1047.53,-1516.99,-761.614,-325.516,-146.132,-146.132,78.7175,88.5846,0,661.458,735.612,0,45.1208,-853.937,-853.937,-92.2111,-209.968,397.046,399.127,-100.67,529.991,517.481,-1451.66,2671.61,6295.46,1179.51,475.03,475.03,-228.982,-1992.38,-1992.38,-912.889,-906.308,-2.8993e-10,0,-902.391,-902.391,0,3.72796e-10,0,-1063.57,0,852.487,0,-4.60502e-10,2.24532e-10,1067.71,853.651,853.651,0,207.824,207.824,2.52942e-10,0,-1186.76,-1861.39,-1861.39,-1861.39,-2283.78,0,0,0,-414.206,-414.206,-414.206,0,799.188,264.839,264.839,110.719,-3.5115e-10,55.3632,55.3632,-3.44256e-10,3.54778e-10,1.32754e-10,-6.20626e-10,-81.0518,-80.4496,-120.268,0,6.75806e-11,0,3043.48,3043.48,3043.48,0,0,0,0,4.94542e-10,-1.5276e-10,-2845.43,-2845.43,-2.17634e-10,4991.14,755.448,1104.65,0,3.30663e-10,979.961,2467.48,3.091e-11,18650.9,10284.5,2983.07,2871.57,-46.3677,-3035.38,-3035.38,-2.24874e-10,73946.9,-725.989,5.59889e-10,-1.74563e-10,-1014.18,-1630.04,-4026.99,4.56514e-10,5.198e-10,2.55058e-10,-569.116,-6.97452e-11,2.84305e-10,2.53307e-10,-7393.68,-4.96827e-10,-4377.59,2.30394e-10,-800.789,-1897.65,-3.93443e-10,-1372.62,3.79543e-10,-2004.57,3341.97,-1.07816e-10,-4.58587e-11,2690.5,2690.5,-1.38211e-10,-98.847,-98.847,-7.69268e-11,-76.8784,0,-4.46431e-10,2612.42,6178.06,0,0
2020-08-07 09:00:00 UTC,3030.68,905.017,-3500.74,746.095,746.095,40.8424,-1247.95,-1437.72,1674.93,1674.93,-1449.77,-1229.81,5742.4,271.703,-685.773,-1229.94,-2620.27,-829.037,4281.53,572.752,-553.888,2259.19,2259.19,2062.55,2857.52,834.504,545.753,-289.817,-116.309,-1656.42,579.492,579.492,1294.66,715.04,715.04,4421.2,-2365.17,-2372.72,8313.13,8313.13,-2674.33,-4969.58,-2619.84,-1616.5,-3597.22,5065.76,7156.26,7209.01,7618.4,-150.88,1259.43,1259.43,-267.25,266.138,365.593,-296.645,-296.645,2032.64,-986.316,-437.531,-1296.99,1494.89,1611.81,-859.582,-859.582,374.677,500.476,-437.561,-437.561,-406.489,-2078.97,1474.06,-735.745,-735.745,-55.0443,-55.0443,-15.3604,-12.9737,-18.9484,67.2798,129.232,-101.801,6.86788,6.40509,-3.49453,29.0068,4.63457,-361.398,-361.398,-40.0096,-40.0096,-39.6292,-39.6292,711.234,711.234,711.234,-227.212,-227.212,-93.094,171.693,92.9866,92.9866,-118.434,-118.434,327.96,113.339,1616.5,-0.229997,-0.229997,1384.07,1384.07,1384.07,-3966.12,1049.98,1049.98,1107.95,1107.95,0.316,-333.795,-333.795,143.966,143.966,4687.1,4687.1,-4471.72,-4471.72,0,209.381,1974.01,819.873,-1813.35,-1813.35,1496.15,-8003.03,-3506.82,1554.12,4623.92,4623.92,-1153.88,-1153.88,3967.47,3967.47,-427.102,-1021.73,-5868.56,-2994.95,-1914.83,-1914.83,1186.87,1186.87,1186.87,-2943.09,-2943.09,3942.04,5.73563e-11,5.73563e-11,-1406.71,2578.6,2578.6,-3705.63,1259.91,-1041.5,0,-2300.25,-1085.07,3431.9,2588.53,2588.53,389.524,-205.269,45.9517,2953.94,2953.94,1710.65,-819.176,-819.176,-8261.72,5159.97,8261.72,-7162.62,-7215.46,-7624.95,10310.6,-2131.1,2018.91,-7156.26,-7209.01,-7618.4,8230.45,4298.25,1990.59,-1019.96,-13511.3,-2185.81,-11008.9,-27388.8,-15086.4,-15086.4,-1845.17,7941.24,-767.984,-1836.71,-722.22,860.078,-879.627,918.088,784.676,859.809,-930.873,-952.374,-936.01,885.114,-259.045,-259.045,826.851,-3611.52,-3611.52,8010.78,-746.625,-1151,897.314,-691.595,-2273.36,-3536.04,-3536.04,-6126.78,-7798.01,-8234.21,-16015,8742.17,-4269.26,6126.78,-1775.66,-4264.43,-8107.27,-4753.56,-4751.84,1775.66,7798.01,8234.2,-3454.88,-3495.37,-2467.76,-2865.58,-2335.91,-2468.7,-1967.1,-1967.1,-432.711,-687.575,1848.16,2086.04,-3616.97,7798.01,7798.01,8234.2,8234.21,1479.78,1479.78,-83.2245,-322.222,-1185.04,-1185.04,-4927.21,-4927.21,4650.35,4650.35,-1083.76,166.735,-2745.52,3256.28,-13726.2,14093.7,15731.5,-10829.9,2745.52,-2774.67,-1784.08,2500.66,-132.035,-132.035,-778.208,-778.208,204.165,-302.251,1981.39,318.124,-16.4731,-16.4731,-1615.12,-546.2,-2062.59,-1598.94,-111.947,-111.947,-162.024,-162.089,-1858.44,-1858.44,-1994.28,-1014.3,-1469.54,-725.021,-283.13,-139.802,-139.802,84.9151,95.5183,0,657.275,730.972,0,52.2343,-845.531,-845.531,-103.151,-173.407,391.743,393.797,-107.083,535.364,522.747,-1400.94,2615.42,6198.69,1154.34,464.245,464.245,-225.401,-1966.59,-1966.59,-895.329,-888.875,9.22874e-11,0,-908.035,-908.035,0,-2.45282e-11,0,-957.13,0,833.91,0,2.47609e-10,4.42102e-10,1046.94,828.459,828.459,0,203.063,203.063,5.30692e-10,0,-1140.97,-1785.8,-1785.8,-1785.8,-2200.98,0,0,0,-401.933,-401.933,-401.933,0,781.196,260.236,260.236,110.089,2.04019e-10,55.0477,55.0477,2.19903e-10,1.83735e-10,1.02605e-10,7.24023e-12,-79.2321,-78.6434,-121.546,0,-2.54431e-12,0,2955.53,2955.53,2955.53,0,0,0,0,-5.80267e-11,2.97153e-10,-2776.6,-2776.6,6.64193e-11,4820.26,734.664,1074.25,0,2.10795e-10,956.852,2391.77,-1.07864e-10,18134.9,10010.7,2923.79,2808.49,-45.9517,-2958.56,-2958.56,1.52843e-10,71852.5,-699.941,-6.62281e-10,1.97601e-10,-990.813,-1592.48,-3934.19,-2.30367e-10,2.2213e-10,-2.63178e-10,-565.785,2.12342e-11,2.70321e-10,1.18829e-09,-7461.16,-4.78449e-10,-4264.43,3.82879e-11,-793.771,-1824.01,5.50896e-11,-1333.27,-2.2682e-10,-1942.74,3214.06,7.03356e-11,-7.30651e-10,2628.02,2628.02,-2.95987e-10,-107.832,-107.832,8.93374e-11,-40.8424,0,-5.35085e-10,2549.68,6004.56,0,0
2020-08-07 10:00:00 UTC,3067.75,916.833,-3549.95,765.45,765.45,29.4492,-1265.26,-1458.39,1703.16,1703.16,-1454.28,-1230.67,5784.95,278.967,-685.68,-1241.41,-2638.83,-834.911,4307.7,574.973,-576.342,2274.9,2274.9,2082.41,2895.9,845.74,548.701,-292.764,-121.105,-1668.54,583.377,583.377,1302.97,719.466,719.466,4447.91,-2356.86,-2364.39,8316.97,8316.97,-2666.13,-4974.93,-2636.63,-1626.86,-3587.91,5060.57,7149.38,7202.07,7611.07,-148.369,1258.9,1258.9,-269.283,265.118,351.999,-302.601,-302.601,2025.91,-996.424,-436.621,-1302.49,1488.15,1604.54,-865.994,-865.994,382.839,516.465,-449.636,-449.636,-415.563,-2096.59,1483.92,-740.655,-740.655,-57.6616,-57.6616,-15.6522,-13.3484,-18.9057,67.1605,127.783,-101.371,6.77776,6.32105,-3.7657,28.7721,3.59883,-362.522,-362.522,-38.3561,-38.3561,-37.9925,-37.9925,713.823,713.823,713.823,-225.798,-225.798,-94.5129,170.509,94.2012,94.2012,-117.409,-117.409,331.398,113.193,1626.86,-0.229997,-0.229997,1385.53,1385.53,1385.53,-3966.72,1052.94,1052.94,1108.85,1108.85,0.316,-334.228,-334.228,142.751,142.751,4689.4,4689.4,-4472.96,-4472.96,0,209.038,1973.61,818.929,-1813.7,-1813.7,1496.54,-8003.87,-3507.19,1552.44,4626.75,4626.75,-1154.43,-1154.43,3970.13,3970.13,-429.161,-1023.13,-5857.2,-3003.52,-1913.74,-1913.74,1184.16,1184.16,1184.16,-2937.58,-2937.58,3945.61,2.9492e-11,2.9492e-11,-1405.32,2575.05,2575.05,-3701.29,1253.91,-1044.54,0,-2297.3,-1088.76,3420.22,2584.48,2584.48,390.58,-203.552,47.0057,2967.2,2967.2,1709.06,-817.711,-817.711,-8251.62,5147.29,8251.62,-7155.72,-7208.51,-7617.61,10289.4,-2129.82,2015.55,-7149.38,-7202.07,-7611.07,8218.5,4287.86,1974.8,-1027.38,-13531.9,-2183.58,-11024,-27431,-15110.6,-15110.6,-1852.34,7936.22,-768.815,-1844.03,-725.506,850.811,-880.234,919.012,785.618,860.739,-932.691,-954.233,-937.838,885.834,-257.984,-257.984,827.386,-3615.56,-3615.56,8016.24,-744.236,-1149.54,897.881,-696.689,-2272.45,-3534.73,-3534.73,-6153.15,-7809.22,-8246.04,-16027.2,8769.51,-4307.85,6153.15,-1762.16,-4302.92,-8110.78,-4755.61,-4753.89,1762.16,7809.22,8246.04,-3445.12,-3485.5,-2473.94,-2872.76,-2329.67,-2493.38,-1961.44,-1961.44,-431.839,-701.458,1842.84,2080.03,-3634.18,7809.22,7809.22,8246.04,8246.04,1483.97,1483.97,-84.1057,-325.538,-1187.99,-1187.99,-4940.75,-4940.75,4674.11,4674.11,-1113.54,159.673,-2762.04,3268.97,-13772.6,14096.4,15743.4,-10904.9,2762.04,-2789.52,-1788.08,2514.26,-128.5,-128.5,-786.015,-786.015,215.816,-304.339,2009.9,320.565,-23.5171,-23.5171,-1630.51,-552.871,-2075.61,-1607.31,-115.16,-115.16,-166.547,-166.613,-1868.8,-1868.8,-2005.63,-1020.3,-1476.83,-737.551,-283.966,-142.59,-142.59,89.1178,100.236,0,672.911,748.29,0,56.5419,-873.4,-873.4,-109.412,-162.498,395.732,397.807,-111.639,546.154,533.277,-1405.64,2633.81,6220.85,1156.14,465.346,465.346,-224.993,-1991,-1991,-907.593,-901.05,-2.36355e-11,0,-927.232,-927.232,0,-3.69147e-10,0,-961.382,0,845.13,0,4.20992e-10,-6.45876e-11,1060.83,834.522,834.522,0,206.934,206.934,3.4795e-10,0,-1133.65,-1776.19,-1776.19,-1776.19,-2208.63,0,0,0,-397.824,-397.824,-397.824,0,798.433,267.862,267.862,115.323,-2.00874e-10,57.6654,57.6654,-7.99517e-11,3.74884e-10,-7.52095e-10,-1.19495e-10,-80.9727,-80.371,-124.04,0,5.94226e-11,0,2954.6,2954.6,2954.6,0,0,0,0,-3.03568e-10,-9.9628e-11,-2787.83,-2787.83,4.62051e-10,4821.22,739.905,1081.92,0,-2.88525e-10,961.158,2391.6,1.07066e-10,18143.7,10018.4,2930.43,2814.78,-47.0057,-2971.52,-2971.52,2.80642e-12,71881.8,-713.97,3.44176e-10,-5.04671e-11,-987.962,-1587.9,-3922.87,-1.07146e-10,-8.93499e-11,4.12124e-11,-562.931,-3.69034e-10,8.27148e-11,-3.40634e-10,-7570.87,-7.76103e-10,-4302.92,-1.85314e-10,-797.103,-1852.16,-2.28124e-10,-1364.7,-4.04272e-10,-1941.24,3237.82,5.17464e-10,-2.8333e-10,2637.56,2637.56,1.14699e-10,-105.912,-105.912,8.12151e-11,-29.4492,0,4.06606e-10,2554.91,6013.16,0,0
2020-08-07 11:00:00 UTC,3187.46,953.288,-3720.96,814.24,814.24,21.1251,-1329.99,-1533.67,1777.86,1777.86,-1499.09,-1256.94,5976.81,286.105,-698.125,-1290.96,-2715.79,-859.262,4444.58,592.471,-611.227,2345.13,2345.13,2154.26,3012.72,879.766,561.046,-305.107,-130.777,-1718.37,600.265,600.265,1343.04,742.635,742.635,4582.06,-2413.39,-2421.1,8553.93,8553.93,-2728.14,-5133.23,-2723.09,-1680.21,-3668.54,5162.25,7352.8,7406.99,7827.64,-152.126,1294.31,1294.31,-275.784,272.421,363.129,-310.802,-310.802,2082.34,-1020.99,-446.02,-1342.05,1530.46,1650.16,-896.163,-896.163,395.411,534.296,-464.836,-464.836,-429.248,-2166.14,1536.51,-766.855,-766.855,-59.712,-59.712,-16.0715,-13.6954,-19.4451,69.0743,131.773,-104.527,6.84857,6.38708,-4.06974,29.5594,3.7875,-373.199,-373.199,-39.5827,-39.5827,-39.2078,-39.2078,733.842,733.842,733.842,-229.285,-229.285,-97.7181,175.839,97.4014,97.4014,-121.072,-121.072,344.764,116.809,1680.21,-0.229997,-0.229997,1426.95,1426.95,1426.95,-4083,1085.51,1085.51,1141.9,1141.9,0.316,-344.599,-344.599,145.67,145.67,4826.99,4826.99,-4602.07,-4602.07,0,214.863,2030.06,841.373,-1865.74,-1865.74,1539.69,-8238.59,-3610.03,1596.08,4763.06,4763.06,-1188.42,-1188.42,4087.49,4087.49,-443.667,-1052.98,-6022.42,-3092.34,-1968.97,-1968.97,1216.7,1216.7,1216.7,-3020.46,-3020.46,4062.75,-1.56351e-11,-1.56351e-11,-1444.59,2647.32,2647.32,-3805.98,1287.81,-1076.2,0,-2362.79,-1120.84,3514.62,2656.7,2656.7,401.263,-208.22,49.8128,3064.45,3064.45,1758.11,-840.403,-840.403,-8485.65,5291.62,8485.65,-7359.51,-7413.8,-7834.55,10579.1,-2191.42,2071.46,-7352.8,-7406.99,-7827.64,8451.26,4408.25,2025.63,-1059.31,-13932.8,-2246.16,-11350.3,-28235.3,-15553.4,-15553.4,-1912.66,8169.42,-795.453,-1903.41,-743.011,873.888,-906.222,946.123,809.204,886.455,-960.104,-982.282,-965.402,912.039,-265.387,-265.387,851.68,-3724.35,-3724.35,8260.33,-767.533,-1181.57,924.224,-715.635,-2331.95,-3636.85,-3636.85,-6349.55,-8033.5,-8482.87,-16478.6,9031.42,-4467.16,6349.55,-1794.76,-4461.86,-8332.18,-4885.43,-4883.66,1794.76,8033.5,8482.87,-3536.18,-3577.62,-2535.49,-2944.25,-2392.1,-2584.03,-2013.02,-2013.02,-444.111,-737.308,1891.3,2134.73,-3721.19,8033.5,8033.5,8482.87,8482.87,1515.99,1515.99,-87.8333,-339.729,-1209.61,-1209.61,-5043.34,-5043.34,4785.95,4785.95,-1183.13,151.075,-2822.04,3341.87,-14041.1,14477.7,16184.8,-11155.1,2822.04,-2890.44,-1845.06,2596.45,-130.792,-130.792,-819.926,-819.926,235.171,-317.14,2103.89,335.393,-32.8486,-32.8486,-1706.5,-576.547,-2186.22,-1674.01,-120.851,-120.851,-178.164,-178.235,-1930.38,-1930.38,-2072.9,-1055.69,-1526.56,-777.228,-301.607,-150.559,-150.559,96.1568,108.144,0,706.846,785.904,0,62.8716,-929.605,-929.605,-119.397,-156.095,410.571,412.723,-119.649,572.657,559.146,-1462.51,2752.21,6410.11,1187.32,479.465,479.465,-227.923,-2068.98,-2068.98,-941.367,-934.58,4.31459e-12,0,-976.666,-976.666,0,2.7865e-11,0,-1003.77,0,879.105,0,-4.42147e-10,4.04044e-11,1104.18,859.453,859.453,0,217.942,217.942,3.39004e-10,0,-1166.24,-1826.52,-1826.52,-1826.52,-2270.6,0,0,0,-411.478,-411.478,-411.478,0,824.692,277.08,277.08,119.424,3.65064e-11,59.716,59.716,-3.03339e-11,-7.36328e-11,-3.54237e-10,-1.33521e-10,-83.7572,-83.1348,-129.214,0,-8.79758e-11,0,3039.34,3039.34,3039.34,0,0,0,0,2.49922e-10,3.09787e-10,-2875.57,-2875.57,4.7045e-10,4960.43,763.395,1116.27,0,-2.00144e-10,991.538,2460.37,1.78051e-10,18675.2,10314,3010.83,2897.59,-49.8128,-3068.68,-3068.68,-1.155e-11,74001.8,-750.155,-8.41407e-10,-2.2336e-10,-1013.94,-1629.66,-4026.04,4.21065e-10,-5.59398e-11,7.81994e-10,-572.09,-6.42824e-11,-3.03354e-11,2.13188e-10,-7802.09,-1.9902e-10,-4461.86,5.48775e-10,-819.021,-1942.73,1.14437e-10,-1436.08,7.74582e-10,-2002.02,3380.51,2.89895e-10,-2.20547e-10,2717.36,2717.36,-3.13154e-10,-102.392,-102.392,-1.63647e-10,-21.1251,0,7.2595e-10,2627.94,6190.73,0,0
2020-08-07 12:00:00 UTC,3396.87,1015.26,-4032.45,887.625,887.625,39.7682,-1450.63,-1672.13,1896.14,1896.14,-1609.48,-1322.02,6363.75,273.895,-729.1,-1396.25,-2859.36,-904.694,4740.56,633.545,-628.133,2484.28,2484.28,2296.52,3226.06,942.211,586.744,-330.798,-144.217,-1821.5,635.026,635.026,1424.5,789.322,789.322,4861.71,-2558.83,-2567.01,9109.23,9109.23,-2888.02,-5501.18,-2902.5,-1790.92,-3876.98,5428.2,7841.72,7899.51,8348.15,-163.566,1379.21,1379.21,-288.498,290.834,404.974,-323.085,-323.085,2223.72,-1068.04,-470.352,-1425.08,1638.75,1766.9,-954.878,-954.878,414.966,556.498,-485.713,-485.713,-450.3,-2304.05,1639.44,-818.127,-818.127,-61.335,-61.335,-16.7435,-14.1017,-20.78,73.7747,142.763,-112.377,7.15746,6.67517,-4.40725,31.6969,5.40346,-397.129,-397.129,-44.369,-44.369,-43.948,-43.948,778.691,778.691,778.691,-240.799,-240.799,-103.436,189.63,103.344,103.344,-130.8,-130.8,370.505,125.368,1790.92,-0.229996,-0.229996,1512.17,1512.17,1512.17,-4326.53,1151.36,1151.36,1209.14,1209.14,0.316,-365.255,-365.255,148.775,148.775,5106.96,5106.96,-4861.9,-4861.9,0,225.277,2144.69,888.597,-1970.55,-1970.55,1630.55,-8730.93,-3825.74,1688.33,5041.66,5041.66,-1255.8,-1255.8,4326.17,4326.17,-469.423,-1111.32,-6405.44,-3234.72,-2086.33,-2086.33,1288.28,1288.28,1288.28,-3206.99,-3206.99,4300.83,-1.56324e-11,-1.56324e-11,-1530.07,2811.22,2811.22,-4045.06,1368.15,-1149.82,0,-2516.58,-1186.63,3735.53,2820.84,2820.84,421.641,-220.445,53.5499,3249.25,3249.25,1874.39,-895.7,-895.7,-9045.5,5647.97,9045.5,-7849.35,-7907.25,-8356.02,11287.1,-2333.92,2205.17,-7841.72,-7899.51,-8348.15,8979.85,4698.85,2210.05,-1093.06,-14687.3,-2380.05,-11971.7,-29758.9,-16392.4,-16392.4,-2019.54,8658.85,-843.555,-2008.67,-779.449,920.852,-956.912,998.942,855.179,936.587,-1012.19,-1035.57,-1017.77,963.14,-282.788,-282.788,899.06,-3939.74,-3939.74,8746.4,-816.673,-1248.74,975.598,-751.467,-2451.13,-3846.9,-3846.9,-6719.98,-8450.89,-8923.63,-17316.4,9493.41,-4776.1,6719.98,-1850.9,-4770.04,-8743.13,-5126.38,-5124.52,1850.9,8450.89,8923.63,-3711.96,-3755.46,-2639.21,-3064.72,-2508.83,-2759.9,-2113.74,-2113.74,-464.014,-805.989,1985.94,2241.54,-3850.33,8450.89,8450.89,8923.63,8923.63,1563.93,1563.93,-94.7288,-365.79,-1238.35,-1238.35,-5193.3,-5193.3,4962.88,4962.88,-1334.23,125.134,-2893.69,3452.99,-14410,15205.2,17003.6,-11444.7,2893.69,-3101.93,-1974.07,2753.45,-143.861,-143.861,-892.411,-892.411,275.682,-347.967,2317.48,375.811,-51.684,-51.684,-1888.82,-630.155,-2464.09,-1837.59,-129.295,-129.295,-200.65,-200.729,-2050.62,-2050.62,-2207.12,-1128.96,-1630.42,-854.521,-361.891,-165.217,-165.217,100.77,113.347,0,746.175,829.436,0,66.1171,-1002.01,-1002.01,-124.91,-178.272,435.722,438.004,-125.27,605.894,591.582,-1607.86,3017.09,6725.93,1248.69,505.839,505.839,-236.5,-2204.48,-2204.48,-998.224,-991.028,9.25059e-11,0,-1052.2,-1052.2,0,8.97836e-11,0,-1121,0,941.453,0,-1.58194e-10,-3.11843e-10,1181.45,911.049,911.049,0,237.508,237.508,-1.28168e-09,0,-1249.12,-1956.97,-1956.97,-1956.97,-2409.85,0,0,0,-445.599,-445.599,-445.599,0,865.302,289.318,289.318,122.67,3.2709e-10,61.3393,61.3393,-1.81294e-10,5.86037e-12,2.52332e-10,-3.79353e-11,-88.1167,-87.4619,-137.014,0,7.52629e-11,0,3214.6,3214.6,3214.6,0,0,0,0,1.54497e-10,-1.71584e-10,-3044.78,-3044.78,3.19951e-10,5281.34,815.71,1192.76,0,1.97907e-10,1052.98,2608.08,1.91717e-10,19753,10904.3,3165.04,3054.97,-53.5499,-3253.45,-3253.45,1.80442e-10,78319.7,-819.222,1.9152e-10,1.20917e-10,-1064.67,-1711.19,-4227.48,-5.51279e-10,3.07077e-10,-1.73584e-10,-578.821,-2.42467e-11,1.6836e-10,8.05203e-10,-8001.21,-1.86495e-10,-4770.04,2.02147e-10,-849.938,-2148.13,3.16262e-10,-1570.48,3.65361e-10,-2152.32,3726.4,1.86011e-12,6.94911e-10,2873.64,2873.64,-1.7344e-10,-90.3831,-90.3831,-2.54205e-10,-39.7682,0,-2.03475e-10,2774.79,6557.22,0,0
2020-08-07 13:00:00 UTC,3723.96,1109.41,-4466.09,968.583,968.583,119.448,-1608.83,-1851.51,2066.07,2066.07,-1829.24,-1467.19,7061.23,239.543,-802.403,-1576.95,-3125.23,-988.826,5298.49,713.461,-592.5,2731.36,2731.36,2562.38,3589.93,1049.6,637.142,-381.183,-158.527,-2022.67,701.364,701.364,1573.05,871.497,871.497,5390.33,-2834.62,-2843.67,10140.1,10140.1,-3196.21,-6170.93,-3228.45,-1992.06,-4286.27,6004.24,8742.75,8807.17,9307.43,-182.681,1537.39,1537.39,-313.827,324.325,471.437,-350.212,-350.212,2481.91,-1166.08,-518.224,-1572.56,1835.29,1978.78,-1054.51,-1054.51,454.455,604.435,-529.423,-529.423,-492.947,-2554.41,1816.76,-906.426,-906.426,-65.6783,-65.6783,-18.2509,-15.183,-23.2378,82.4565,161.207,-125.828,7.62689,7.11296,-5.15276,35.2853,7.53814,-441.505,-441.505,-51.8865,-51.8865,-51.3926,-51.3926,864.731,864.731,864.731,-266.705,-266.705,-114.069,213.068,114.347,114.347,-147.246,-147.246,413.051,140.198,1992.06,-0.0584949,-0.0584949,1648.44,1648.44,1648.44,-4718.84,1257.68,1257.68,1314.24,1314.24,0.081,-396.738,-396.738,144.059,144.059,5540.84,5540.84,-5255.95,-5255.95,0,237.008,2318.9,962.294,-2129.43,-2129.43,1777.97,-9526.46,-4174.28,1834.54,5477.6,5477.6,-1356.26,-1356.26,4697.34,4697.34,-505.86,-1198.01,-7083.28,-3383.78,-2276.62,-2276.62,1406.69,1406.69,1406.69,-3527.34,-3527.34,4672.53,6.07917e-11,6.07917e-11,-1672.54,3095.47,3095.47,-4463.91,1512.58,-1282.45,0,-2793.32,-1289.38,4128.41,3106.14,3106.14,450.746,-241.62,57.9141,3532.07,3532.07,2085.75,-998.263,-998.263,-10070,6316.16,10070,-8752.24,-8816.81,-9317.21,12604.1,-2586.77,2448.42,-8742.75,-8807.17,-9307.43,9899.19,5232.39,2645.33,-1084.84,-15751.3,-2599.03,-12864.2,-31927.9,-17586.8,-17586.8,-2163.35,9446.64,-908.156,-2150.38,-834.505,982.436,-1032.06,1077.73,923.616,1011.19,-1086.49,-1111.6,-1092.48,1039.11,-313.74,-313.74,969.441,-4268.31,-4268.31,9490.78,-894.605,-1353.25,1051.9,-805.275,-2621.48,-4175.43,-4175.43,-7278.12,-9021.73,-9526.41,-18428.2,10087.2,-5300.58,7278.12,-1880.6,-5293.12,-9286.23,-5444.81,-5442.84,1880.6,9021.73,9526.41,-3932.07,-3978.15,-2768.44,-3214.83,-2645.84,-3055.76,-2242.62,-2242.62,-479.785,-937.906,2107.03,2378.22,-3994.1,9021.73,9021.73,9526.41,9526.41,1614.09,1614.09,-105.27,-405.245,-1260.98,-1260.98,-5342.77,-5342.77,5191.8,5191.8,-1634.75,57.6709,-2946.08,3581.6,-14761.8,16196.6,18095.1,-11639.8,2946.08,-3491.02,-2208.52,2995.14,-163.114,-163.114,-1052.55,-1052.55,372.434,-418.818,2737.31,463.107,-102.27,-102.27,-2238.34,-732.1,-3016.12,-2136.79,-154.614,-154.614,-259.058,-259.159,-2245.73,-2245.73,-2436.96,-1265.27,-1817.95,-1025.09,-521.985,-196.411,-196.411,96.8048,108.966,0,804.863,894.363,0,58.6583,-1114.04,-1114.04,-114.472,-263.391,475.17,477.657,-122.371,638.51,623.36,-1863.79,3417.29,7096.53,1339.91,543.352,543.352,-252.618,-2414.78,-2414.78,-1102.27,-1094.32,1.20928e-09,0,-1139.74,-1139.74,0,2.40034e-10,0,-1335.37,0,1048.66,0,1.84867e-10,-3.41937e-10,1307.84,1011.7,1011.7,0,269.855,269.855,-2.00929e-10,0,-1391.47,-2192.4,-2192.4,-2192.4,-2676.65,0,0,0,-492.745,-492.745,-492.745,0,947.445,315.025,315.025,131.357,-1.56782e-10,65.6832,65.6832,1.65111e-10,-4.52462e-12,-8.61526e-10,-2.05528e-10,-96.6855,-95.967,-147.406,0,1.60365e-11,0,3490.47,3490.47,3490.47,0,0,0,0,-1.31252e-10,-6.27893e-10,-3308.73,-3308.73,-1.41277e-10,5851.29,909.876,1330.45,0,-3.3942e-10,1151.6,2851.64,1.18776e-10,21421.9,11809,3387.58,3279.07,-57.9141,-3536.46,-3536.46,1.12551e-10,85047,-951.683,4.71432e-10,-7.66391e-11,-1129.59,-1815.53,-4485.25,-5.08515e-10,6.15103e-10,3.53077e-10,-561.026,2.65924e-10,-1.87069e-10,-6.57278e-10,-8013.12,1.65531e-10,-5293.12,2.12692e-10,-869.451,-2554.36,8.58534e-10,-1809.55,-1.38627e-10,-2415.78,4375.13,-3.77285e-10,-2.67785e-10,3122.11,3122.11,-3.92984e-10,-51.9812,-51.9812,-3.48408e-10,-119.448,0,7.90954e-10,2998.82,7144.37,0,0
2020-08-07 14:00:00 UTC,4056.26,1198.78,-4771.19,952.296,952.296,309.337,-1699.75,-1949.95,2214.11,2214.11,-2163.97,-1727.77,8000.78,181.627,-943.464,-1789.74,-3510.14,-1110.63,6090.52,832.58,-423.596,3070.68,3070.68,2910.14,4038.66,1181.25,705.31,-449.33,-167.031,-2293.78,793.107,793.107,1788.26,994.912,994.912,6148.84,-3301.82,-3312.35,11732.4,11732.4,-3712.5,-7160.02,-3676.92,-2268.8,-4963.41,6945.46,10155.3,10230.1,10811.3,-221.609,1782.14,1782.14,-354.364,379.616,602.32,-382.088,-382.088,2900.22,-1302.44,-595.639,-1800.73,2152.05,2320.26,-1205.32,-1205.32,498.211,646.975,-572.567,-572.567,-539.753,-2887.93,2046.47,-1020.76,-1020.76,-67.5279,-67.5279,-19.9539,-16.0676,-27.0777,95.9486,191.551,-146.361,8.49293,7.92065,-5.59942,41.0364,12.9041,-504.908,-504.908,-66.7443,-66.7443,-66.1043,-66.1043,990.741,990.741,990.741,-310.908,-310.908,-125.926,249.964,127.766,127.766,-173.621,-173.621,465.646,162.038,2268.8,1.64051,1.64051,1848.7,1848.7,1848.7,-5290.59,1415.96,1415.96,1467.78,1467.78,-2.251,-445.364,-445.364,124.405,124.405,6163.43,6163.43,-5802.41,-5802.41,0,249.707,2560.55,1060.25,-2347.59,-2347.59,1990.63,-10690.6,-4684.31,2042.45,6108.81,6108.81,-1499.87,-1499.87,5235.11,5235.11,-560.698,-1320.72,-8142.09,-3482.87,-2552.9,-2552.9,1577.95,1577.95,1577.95,-4018.06,-4018.06,5212.37,-3.99044e-11,-3.99044e-11,-1878.18,3529.81,3529.81,-5099.64,1744.52,-1481.82,0,-3224.03,-1426.47,4752.22,3546.1,3546.1,494.652,-265.632,62.4772,3892.18,3892.18,2416.02,-1159.06,-1159.06,-11672.4,7390.72,11672.4,-10168.1,-10243.1,-10824.5,14703.7,-2976.01,2824.45,-10155.3,-10230.1,-10811.3,11307.6,6088.4,3430.13,-998.274,-17091.1,-2926.35,-14010,-34680.6,-19096.4,-19096.4,-2324.58,10625.9,-1015.97,-2303.43,-906.742,1067.5,-1131.75,1186.9,1014.58,1110.81,-1177.93,-1205.16,-1184.43,1141.64,-365.589,-365.589,1065.06,-4709.44,-4709.44,10542.4,-1041.59,-1491.65,1155.62,-871.181,-2844.56,-4653.19,-4653.19,-7972.79,-9718.02,-10261.7,-19770.3,10718.7,-5969.04,7972.79,-1904.12,-5959.58,-9946.86,-5832.15,-5830.05,1904.12,9718.01,10261.7,-4189.63,-4238.73,-2934.33,-3407.53,-2804.08,-3430.87,-2394.07,-2394.07,-496.15,-1110.51,2249.32,2538.82,-4189.58,9718.01,9718.02,10261.7,10261.7,1683.61,1683.61,-117.903,-452.603,-1296.72,-1296.72,-5554.28,-5554.28,5503.31,5503.31,-2013.71,-26.3151,-3031.46,3759.39,-15315.5,17418.2,19420,-11953.6,3031.46,-4012.25,-2517.32,3293.54,-181.76,-181.76,-1283.03,-1283.03,503.654,-519.797,3274.69,578.791,-173.763,-173.763,-2689.77,-860.39,-3744.06,-2517.18,-195.546,-195.546,-347.289,-347.423,-2495.07,-2495.07,-2740.29,-1453.43,-2077.41,-1266.75,-784.693,-238.723,-238.723,69.2295,78.1446,0,850.588,945.022,0,24.5954,-1198.04,-1198.04,-64.1173,-459.45,517.264,519.968,-94.8604,633.186,618.045,-2181.92,3759.79,7445.98,1440.71,590.072,590.072,-259.92,-2625.28,-2625.28,-1226.69,-1217.85,-9.34056e-10,0,-1137.14,-1137.14,0,-1.31518e-10,0,-1604.86,0,1180.06,0,3.41681e-10,-5.13074e-10,1468.41,1147.36,1147.36,0,308.18,308.18,-2.19378e-10,0,-1643.47,-2577.28,-2577.28,-2577.28,-3068.17,0,0,0,-576.814,-576.814,-576.814,0,1038.02,339.214,339.214,135.056,-1.16905e-09,67.5331,67.5331,1.06693e-10,-1.0171e-10,4.90187e-10,2.16701e-10,-105.854,-105.068,-164.57,0,-1.00321e-10,0,3876.82,3876.82,3876.82,0,0,0,0,2.67756e-11,6.844e-11,-3649.03,-3649.03,2.97518e-10,6713.5,1045.85,1529.27,0,1.54333e-10,1279.34,3203.86,3.82998e-11,23774.6,13047,3668.1,3551.62,-62.4772,-3898.42,-3898.42,-7.48938e-11,94734.6,-1125.72,1.29442e-09,1.58434e-10,-1205.87,-1938.13,-4788.14,-4.44891e-11,3.71278e-10,-4.38798e-10,-536.65,-5.43255e-10,9.61208e-10,-2.9815e-10,-8046.74,5.65523e-10,-5959.58,-8.44172e-10,-881.991,-3077.65,-2.81324e-10,-2105.73,-2.97139e-10,-2751.58,5206.94,1.30683e-09,1.16293e-11,3446.39,3446.39,-5.01409e-10,14.2938,14.2938,5.42295e-10,-309.337,0,-8.50788e-10,3281.65,7951.66,0,0
2020-08-07 15:00:00 UTC,4279.44,1253.65,-4799.99,815.991,815.991,573.32,-1670.16,-1906.61,2262.1,2262.1,-2480.24,-2050.99,8877.28,165.708,-1133.99,-1920.46,-3935.64,-1245.28,6848.15,950.469,-159.232,3448.7,3448.7,3203.66,4413.08,1288.79,763.757,-507.758,-170.056,-2525.84,878.897,878.897,2020.23,1141.02,1141.02,6916.08,-3885.76,-3898.15,13511.2,13511.2,-4345.02,-8187.27,-4104,-2532.36,-5774.01,8013.22,11766,11852.6,12526.1,-280.061,2053.56,2053.56,-402.059,446.609,791.902,-403.272,-403.272,3397.34,-1431.07,-685.105,-2076.97,2526.29,2723.68,-1392.17,-1392.17,520.61,646.76,-583.658,-583.658,-562.782,-3191.75,2264.83,-1129.38,-1129.38,-62.1896,-62.1896,-20.7055,-15.6213,-31.3694,111.072,228.472,-169.054,9.61234,8.96465,-5.11487,47.7606,22.6035,-566.865,-566.865,-88.9024,-88.9024,-88.0424,-88.0424,1118.07,1118.07,1118.07,-361.726,-361.726,-132.384,292.47,137.472,137.472,-204.735,-204.735,508.352,184.977,2532.36,7.07852,7.07852,2077.52,2077.52,2077.52,-5928.61,1598.91,1598.91,1645.32,1645.32,-9.718,-508.345,-508.345,91.6967,91.6967,6866.23,6866.23,-6395.43,-6395.43,0,262.976,2821.73,1151.74,-2579.87,-2579.87,2221.51,-11996.4,-5256.37,2267.92,6825.97,6825.97,-1669.47,-1669.47,5850.77,5850.77,-639.964,-1464.33,-9376.36,-3473.28,-2857.34,-2857.34,1761.71,1761.71,1761.71,-4584.26,-4584.26,5830.4,4.0216e-12,4.0216e-12,-2096.88,4023.32,4023.32,-5810.09,2022.57,-1697.14,0,-3716.58,-1560.84,5496.1,4054.16,4054.16,552.518,-272.164,71.1796,4239.64,4239.64,2794.83,-1339.88,-1339.88,-13497.3,8652.73,13497.3,-11783.2,-11870.1,-12543.9,17146.3,-3419.02,3241.11,-11766,-11852.6,-12526.1,12915.9,7104.66,4406.69,-846.872,-18386.2,-3302.47,-15137,-37336.8,-20538.2,-20538.2,-2459.37,12009.4,-1178.56,-2418.76,-974.406,1163.22,-1231.7,1309.19,1105.86,1212.22,-1258.84,-1287.97,-1265.79,1249.3,-431.069,-431.069,1167.33,-5164.01,-5164.01,11720.2,-1267.25,-1620.43,1266.72,-923.787,-3060.47,-5198.49,-5198.49,-8619.09,-10348.3,-10927.2,-20980.9,11171.4,-6606.54,8619.09,-1909.37,-6594.95,-10538,-6178.76,-6176.53,1909.37,10348.3,10927.2,-4416.65,-4468.41,-3078.01,-3574.44,-2941.19,-3781.86,-2528.27,-2528.27,-508.206,-1283.3,2375.41,2681.13,-4356.41,10348.3,10348.3,10927.2,10927.2,1740.31,1740.31,-130.264,-498.838,-1319.28,-1319.28,-5720.22,-5720.22,5773.08,5773.08,-2380.12,-110.322,-3096.46,3907.49,-15737.5,18494.3,20612.4,-12198.1,3096.46,-4515.8,-2808.42,3566.72,-191.5,-191.5,-1519.3,-1519.3,637.976,-621.761,3787.84,689.353,-249.151,-249.151,-3110.16,-981.869,-4425.41,-2862.73,-242.268,-242.268,-441.249,-441.418,-2731.2,-2731.2,-3034.18,-1641.31,-2338.04,-1513.99,-1077.84,-280.813,-280.813,23.6568,27.1498,0,871.887,968.742,0,-28.2637,-1234.11,-1234.11,15.7967,-727.312,550.39,553.264,-47.9553,587.778,573.574,-2462.92,3921.43,7655.08,1502.15,633.749,633.749,-234.049,-2764.06,-2764.06,-1336.11,-1326.47,-1.88992e-10,0,-1017.01,-1017.01,0,1.56673e-11,0,-1750.37,0,1287.38,0,9.09617e-10,7.10421e-10,1616.61,1263.5,1263.5,0,338.907,338.907,-8.82108e-10,0,-1988.31,-3040.8,-3040.8,-3040.8,-3465.29,0,0,0,-701.938,-701.938,-701.938,0,1083.45,342.78,342.78,124.379,1.07394e-10,62.194,62.194,6.82996e-10,3.04713e-10,-7.64529e-10,-1.03504e-10,-110.005,-109.187,-191.177,0,-1.14575e-10,0,4285.53,4285.53,4285.53,0,0,0,0,2.92377e-10,-8.66004e-11,-3976.84,-3976.84,-1.33349e-10,7660.58,1185.69,1733.73,0,6.28707e-11,1386.74,3582.63,9.00897e-10,26342,14331.5,3916.37,3785.27,-71.1796,-4251.03,-4251.03,-6.26909e-11,105683,-1301.62,9.78521e-10,-1.00889e-09,-1273.46,-2046.77,-5056.53,-1.7814e-09,1.48122e-10,5.33845e-10,-510.902,-3.92759e-10,1.76125e-10,1.13077e-09,-8084.23,9.08356e-10,-6594.95,-1.1376e-09,-884.719,-3578.19,-1.58359e-10,-2390.43,1.43979e-10,-3053.77,5972.9,1.47127e-10,2.50074e-10,3758.35,3758.35,-6.57343e-10,92.0508,92.0508,-4.67698e-10,-573.32,0,1.12275e-09,3525.76,8761.61,0,0
2020-08-07 16:00:00 UTC,4424.66,1287.2,-4774.9,677.179,677.179,800.064,-1631.97,-1854.73,2281.82,2281.82,-2724.25,-2314.72,9541.29,156.405,-1291.66,-2004.44,-4267.41,-1350.28,7426.78,1042.74,78.4652,3747.55,3747.55,3391.54,4632.36,1350.46,802.994,-546.981,-163.684,-2680.87,940.502,940.502,2205.84,1264.97,1264.97,7509.23,-4432.13,-4446.26,15067,15067,-4932.55,-9047.84,-4433.54,-2735.73,-6520.44,8951.34,13197.8,13294.9,14050.5,-340.157,2292.08,2292.08,-443.382,508.724,989.507,-409.716,-409.716,3852.75,-1525.49,-767.625,-2318.88,2869.34,3093.46,-1551.64,-1551.64,521.111,610.142,-565.601,-565.601,-561.743,-3415.18,2452.05,-1222.46,-1222.46,-51.6451,-51.6451,-20.6688,-14.3508,-35.2143,124.478,263.995,-189.747,11.0643,10.3188,-3.67506,54.3629,33.4523,-617.259,-617.259,-112.122,-112.122,-111.031,-111.031,1222.47,1222.47,1222.47,-409.344,-409.344,-133.959,332.15,142.609,142.609,-234.186,-234.186,535.922,205.018,2735.73,13.461,13.461,2279.73,2279.73,2279.73,-6482.67,1762.38,1762.38,1803.72,1803.72,-18.486,-567.821,-567.821,60.5552,60.5552,7483.88,7483.88,-6907.52,-6907.52,0,275.396,3046.1,1222.89,-2778.22,-2778.22,2417.52,-13136.3,-5755.74,2458.86,7457.29,7457.29,-1822.6,-1822.6,6395.89,6395.89,-718.063,-1593.72,-10475.5,-3415.5,-3118.83,-3118.83,1917.67,1917.67,1917.67,-5084.06,-5084.06,6377.74,2.00887e-10,2.00887e-10,-2281.84,4456.89,4456.89,-6430.42,2274.72,-1881.99,0,-4152.75,-1670.51,6170.57,4504.05,4504.05,608.214,-267.813,80.5081,4532.22,4532.22,3129.27,-1502.37,-1502.37,-15117.7,9786.06,15117.7,-13219.4,-13316.9,-14072.8,19332.6,-3803.41,3614.91,-13197.8,-13294.9,-14050.5,14344.9,8020.4,5304.11,-692.608,-19428,-3636.55,-16053,-39467.3,-21687.2,-21687.2,-2559.48,13250.4,-1339.53,-2497.24,-1031.41,1234.05,-1314,1415.67,1180.8,1296.18,-1319.93,-1350.49,-1327.22,1340.13,-491.772,-491.772,1254.56,-5546.76,-5546.76,12755.6,-1491.17,-1720.58,1361.57,-963.793,-3228.23,-5680.93,-5680.93,-9147.05,-10826,-11431.7,-21876.9,11451.7,-7162.68,9147.05,-1878.54,-7149.06,-10971.4,-6432.85,-6430.53,1878.54,10826,11431.7,-4571.18,-4624.76,-3178.88,-3691.63,-3025.9,-4085.42,-2622.22,-2622.22,-507.792,-1446.31,2463.68,2780.76,-4469.79,10826,10826,11431.7,11431.7,1774.42,1774.42,-141.184,-539.482,-1324.1,-1324.1,-5811.3,-5811.3,5974.02,5974.02,-2721.01,-194.285,-3127.93,4006.74,-15962.2,19296.9,21493.6,-12318.1,3127.93,-4951.31,-3054.97,3790.69,-194.879,-194.879,-1734,-1734,770.075,-714.459,4253.26,789.34,-324.726,-324.726,-3476.27,-1091.05,-4991.34,-3153.87,-288.392,-288.392,-530.088,-530.291,-2929.37,-2929.37,-3284.94,-1805.04,-2562.83,-1741.42,-1342.74,-319.729,-319.729,-16.8263,-18.1461,0,896.405,996.031,0,-75.3005,-1275.03,-1275.03,87.1523,-959.25,577.686,580.7,-6.31753,544.74,531.424,-2692.35,4032.19,7754.11,1532.38,667.742,667.742,-196.393,-2853.29,-2853.29,-1405.64,-1395.5,-1.01443e-09,0,-893.265,-893.265,0,-1.4707e-09,0,-1842.74,0,1348.91,0,-4.02794e-10,-2.59055e-10,1711.45,1341.08,1341.08,0,355.333,355.333,1.33779e-09,0,-2321.78,-3469.75,-3469.75,-3469.75,-3791.88,0,0,0,-833.886,-833.886,-833.886,0,1082.91,328.3,328.3,103.29,-9.54506e-10,51.6481,51.6481,-1.26321e-09,5.52997e-10,-2.24848e-10,1.47411e-09,-109.331,-108.519,-219.748,0,-2.14505e-10,0,4633.13,4633.13,4633.13,0,0,0,0,3.26016e-10,4.38267e-10,-4250.16,-4250.16,-7.37665e-10,8487.56,1304.6,1907.59,0,4.75336e-10,1468.13,3911.02,9.4334e-10,28557.2,15407,4101.2,3958.05,-80.5081,-4549.49,-4549.49,7.68228e-10,115312,-1467.78,1.14623e-09,-1.12286e-09,-1320.78,-2122.83,-5244.44,-5.01555e-10,6.30235e-11,-6.46518e-11,-478.28,7.38352e-10,1.03149e-09,4.57907e-10,-8081.7,1.5901e-09,-7149.06,1.73594e-10,-876.174,-4032.04,-2.3448e-10,-2651.03,-6.21055e-10,-3299.17,6630.14,-7.15285e-10,9.17632e-10,4016.08,4016.08,7.50659e-10,164.22,164.22,-1.31906e-10,-800.064,0,5.22673e-10,3707.36,9424.34,0,0
2020-08-07 17:00:00 UTC,4518.54,1305.56,-4691.67,524.686,524.686,1015.66,-1576.06,-1782.5,2254.06,2254.06,-2941.05,-2566.9,10113,143.972,-1445.04,-2065.74,-4566.39,-1444.9,7938.09,1125.95,316.945,4027.02,4027.02,3548.11,4776.54,1391.98,838.204,-582.178,-146.932,-2819,995.22,995.22,2369.14,1373.5,1373.5,8042.05,-4955.99,-4971.78,16508.3,16508.3,-5501.23,-9819.71,-4720.51,-2912.83,-7251.2,9896.95,14524.5,14631.4,15463.1,-396.331,2514.95,2514.95,-483.484,566.772,1171.02,-416.126,-416.126,4277.24,-1619.45,-849.751,-2540.09,3187.66,3436.57,-1690.81,-1690.81,518.465,569.407,-543.913,-543.913,-557.297,-3606.11,2621.02,-1306.44,-1306.44,-40.8579,-40.8579,-20.743,-13.301,-38.7996,136.935,296.582,-208.786,12.5959,11.7472,-2.08911,60.5822,43.224,-664.534,-664.534,-133.25,-133.25,-131.947,-131.947,1320.74,1320.74,1320.74,-459.59,-459.59,-135.048,368.578,146.781,146.781,-261.225,-261.225,555.433,223.305,2912.83,18.6621,18.6621,2460.89,2460.89,2460.89,-6983.83,1908.27,1908.27,1944.37,1944.37,-25.633,-620.012,-620.012,27.7313,27.7313,8032.16,8032.16,-7357.73,-7357.73,0,283.886,3244.13,1286.71,-2952.64,-2952.64,2596.16,-14167.3,-6207.41,2632.27,8019.98,8019.98,-1956.73,-1956.73,6880.01,6880.01,-785.522,-1707.21,-11504.6,-3312.65,-3356.99,-3356.99,2062.25,2062.25,2062.25,-5551.37,-5551.37,6864.16,6.67987e-11,6.67987e-11,-2456.44,4862.58,4862.58,-7010.42,2518.97,-2044.89,0,-4558.97,-1759.25,6808.01,4923.24,4923.24,657.245,-264.861,89.6486,4789.81,4789.81,3442.8,-1649.97,-1649.97,-16620,10857.4,16620,-14550.7,-14658,-15490.1,21387.6,-4166.5,3950.11,-14524.5,-14631.4,-15463.1,15663.8,8882.67,6192.93,-518.628,-20275.5,-3938.99,-16812.2,-41203.5,-22621.9,-22621.9,-2634.87,14374.3,-1475.34,-2553.64,-1076.17,1298.06,-1384.76,1506.34,1245.11,1368.17,-1368.93,-1400.64,-1376.49,1417.94,-548.05,-548.05,1329.2,-5884.6,-5884.6,13672,-1690.49,-1809.5,1442.74,-991.122,-3364.29,-6110.38,-6110.38,-9595.28,-11193.4,-11819.7,-22534.3,11612,-7672.24,9595.28,-1816.25,-7656.62,-11288.5,-6618.79,-6616.41,1816.25,11193.4,11819.7,-4664.93,-4719.61,-3254.56,-3779.55,-3068.95,-4362.69,-2681.75,-2681.75,-499.186,-1607.6,2519.61,2843.88,-4559.19,11193.4,11193.4,11819.7,11819.7,1797.55,1797.55,-150.926,-575.644,-1321.27,-1321.27,-5866.95,-5866.95,6145.3,6145.3,-3049.23,-278.631,-3150.03,4083.87,-16111,19900.1,22147.2,-12406.4,3150.03,-5350.99,-3277.02,3981.17,-193.58,-193.58,-1942.08,-1942.08,905.126,-804.655,4693.11,884.377,-404.552,-404.552,-3817,-1192.91,-5513.71,-3415.48,-336.328,-336.328,-619.176,-619.411,-3104.02,-3104.02,-3510.95,-1956.65,-2768.77,-1963.14,-1602.33,-357.462,-357.462,-57.34,-63.4787,0,918.876,1021.07,0,-122.634,-1308.36,-1308.36,158.45,-1182.22,600.498,603.627,35.2344,496.847,484.536,-2892.17,4104.4,7758.91,1554.94,695.156,695.156,-164.22,-2909.31,-2909.31,-1453.86,-1443.37,-9.52683e-10,0,-754.74,-754.74,0,-1.85551e-10,0,-1915.62,0,1390.33,0,1.05138e-09,-3.8106e-10,1767.82,1410.21,1410.21,0,364.555,364.555,7.10354e-10,0,-2629.16,-3867.47,-3867.47,-3867.47,-4099.14,0,0,0,-951.826,-951.826,-951.826,0,1075.82,311.631,311.631,81.7158,1.40381e-09,40.8598,40.8598,-2.73055e-10,-3.82746e-11,-8.83864e-10,-8.79753e-11,-107.958,-107.157,-242.573,0,3.50157e-11,0,4942.33,4942.33,4942.33,0,0,0,0,8.9345e-11,-1.22859e-10,-4487.93,-4487.93,2.70834e-11,9237.8,1406.2,2056.14,0,5.84245e-11,1528.63,4203.26,-5.5293e-10,30515.3,16344.8,4241.07,4095.73,-89.6486,-4811.96,-4811.96,2.78703e-10,123879,-1631.7,3.07463e-10,1.5436e-10,-1350.76,-2171.02,-5363.49,-4.92377e-10,6.93382e-10,-9.75343e-10,-439.708,2.06263e-11,-1.75726e-10,3.94864e-10,-8099.55,3.69276e-10,-7656.62,9.64104e-10,-855.818,-4463.62,-2.44042e-10,-2899.56,4.06461e-10,-3510.48,7232.48,-1.16834e-10,3.23369e-10,4237.72,4237.72,1.04475e-09,236.384,236.384,-2.20121e-10,-1015.66,0,-5.87243e-10,3862.8,10015.9,0,0
2020-08-07 18:00:00 UTC,4562.64,1311.06,-4529.54,359.079,359.079,1224.8,-1487.1,-1672.04,2186.42,2186.42,-3098.15,-2796.24,10550.5,163.325,-1590.81,-2075.1,-4832.79,-1529.21,8331.54,1191.06,547.992,4306.55,4306.55,3673.71,4841.13,1412.31,869.749,-613.71,-118.454,-2941.54,1041.77,1041.77,2500.15,1457.92,1457.92,8489.27,-5421.08,-5438.34,17734.4,17734.4,-6011.93,-10450.5,-4943.01,-3050.14,-7916.3,10803,15658.9,15774.2,16670.9,-445.755,2706.94,2706.94,-517.648,617.165,1332.19,-418.435,-418.435,4644.43,-1699,-925.049,-2717.5,3463.02,3733.37,-1792.99,-1792.99,508.884,519.728,-514.285,-514.285,-545.337,-3748.92,2751.44,-1371.24,-1371.24,-29.324,-29.324,-20.7531,-12.3276,-41.9192,147.659,324.699,-224.913,13.9356,12.9966,-0.564748,65.9228,51.832,-704.676,-704.676,-151.862,-151.862,-150.372,-150.372,1404.67,1404.67,1404.67,-509.023,-509.023,-134.859,399.714,149.171,149.171,-284.428,-284.428,564.284,238.591,3050.14,22.2881,22.2881,2605.64,2605.64,2605.64,-7392.39,2022.29,2022.29,2056.11,2056.11,-30.613,-661.201,-661.201,-2.98168,-2.98168,8469.97,8469.97,-7712.59,-7712.59,0,288.478,3402.25,1338.62,-3090.1,-3090.1,2743.78,-15006.4,-6574.98,2777.61,8471.28,8471.28,-2062.86,-2062.86,7266.37,7266.37,-837.067,-1796.02,-12387.2,-3177.46,-3554.05,-3554.05,2185.68,2185.68,2185.68,-5950.6,-5950.6,7251.52,-1.62957e-10,-1.62957e-10,-2605.25,5207.38,5207.38,-7506.65,2730.62,-2182.3,0,-4907.17,-1826.63,7352.73,5278.52,5278.52,695.605,-263.808,93.7079,4987.43,4987.43,3713.37,-1774.63,-1774.63,-17906.8,11787.1,17906.8,-15689.4,-15805.1,-16702.3,23164,-4482.93,4230.07,-15658.9,-15774.2,-16670.9,16776.4,9626.94,7002.59,-339.42,-20866.8,-4188.27,-17358.4,-42428.2,-23278.8,-23278.8,-2677.14,15292,-1573.89,-2581.51,-1106.32,1349.83,-1438.55,1574.76,1293.73,1422.64,-1402.53,-1435.03,-1410.27,1476.92,-596.268,-596.268,1385.83,-6149.78,-6149.78,14393.3,-1849.13,-1880.91,1504.32,-1007.11,-3462.18,-6456.09,-6456.09,-9921.99,-11427.2,-12066.6,-22929.8,11640.7,-8075.38,9921.99,-1738.66,-8058.07,-11472.2,-6726.48,-6724.07,1738.66,11427.2,12066.5,-4701.01,-4756.12,-3298.42,-3830.51,-3068.68,-4584.57,-2709.74,-2709.74,-479.03,-1742.4,2545.91,2873.56,-4622.48,11427.2,11427.2,12066.5,12066.6,1808.16,1808.16,-160.008,-609.274,-1308.06,-1308.06,-5880.56,-5880.56,6269.8,6269.8,-3329,-352.296,-3157.75,4130.82,-16192.7,20249.9,22534.2,-12440.6,3157.75,-5664.79,-3448.87,4122.11,-189.778,-189.778,-2112.04,-2112.04,1022.03,-878.177,5056.82,962.599,-474.648,-474.648,-4094.64,-1275.54,-5936.48,-3623.69,-376.734,-376.734,-693.603,-693.867,-3237.3,-3237.3,-3687.44,-2078.2,-2934,-2142.1,-1826.03,-387.551,-387.551,-98.4701,-109.518,0,922.277,1024.96,0,-168.771,-1315.99,-1315.99,229.601,-1397.47,616.635,619.845,78.2425,441.777,430.662,-3050.15,4110.85,7670.15,1570.99,713.739,713.739,-143.156,-2934.06,-2934.06,-1494.62,-1483.85,4.56798e-10,0,-601.598,-601.598,0,-1.40165e-09,0,-1905.02,0,1410.61,0,-7.39415e-10,1.65417e-10,1782.43,1471.55,1471.55,0,366.082,366.082,4.53283e-10,0,-2888.32,-4211.73,-4211.73,-4211.73,-4361.67,0,0,0,-1041.75,-1041.75,-1041.75,0,1054.27,290.281,290.281,58.648,-6.18323e-10,29.325,29.325,4.59483e-10,-2.86902e-11,4.40631e-10,8.84326e-10,-105.182,-104.401,-255.85,0,-2.7177e-10,0,5191.9,5191.9,5191.9,0,0,0,0,2.09144e-10,8.24881e-11,-4667.55,-4667.55,-5.64893e-10,9870.78,1486.53,2173.58,0,-6.43191e-10,1572.12,4440.98,-1.84495e-11,32069.1,17073.9,4335.85,4188.15,-93.7079,-5013.45,-5013.45,-5.289e-10,130727,-1768.59,2.08508e-10,-1.7478e-09,-1364.85,-2193.68,-5419.47,3.58561e-10,-3.50872e-10,1.39884e-09,-408.643,-1.90589e-10,-2.78168e-10,5.88563e-11,-8077.91,-7.97069e-11,-8058.07,1.23242e-09,-832.022,-4821.56,1.94615e-10,-3109.82,-4.57456e-10,-3669.03,7718.33,1.16763e-10,-5.17964e-10,4402.61,4402.61,-3.99989e-10,299.156,299.156,1.01991e-10,-1224.8,0,1.0736e-10,3980.08,10487.8,0,0
2020-08-07 19:00:00 UTC,4541.95,1298.43,-4300.31,206.962,206.962,1368.78,-1376.64,-1538.91,2091.67,2091.67,-3202.7,-2966.2,10808,168.271,-1700.72,-2066.8,-5008.68,-1584.88,8581.5,1234.52,721.152,4506.82,4506.82,3747.7,4848.39,1415.73,890.51,-634.462,-91.7612,-3021.48,1072.07,1072.07,2584.85,1512.28,1512.28,8783.7,-5749.44,-5767.74,18563.6,18563.6,-6376.34,-10858.5,-5078.08,-3133.5,-8396.67,11463.7,16426.9,16547.8,17488.5,-479.487,2837.64,2837.64,-541.953,651.503,1439.16,-420.382,-420.382,4894.6,-1758.51,-980.97,-2835.87,3649.88,3934.76,-1855.5,-1855.5,499.999,481.119,-490.54,-490.54,-534.564,-3831.54,2827.8,-1409.16,-1409.16,-20.7715,-20.7715,-20.7819,-11.6969,-44.034,154.949,343.594,-235.796,15.1138,14.0955,0.812155,69.732,57.5822,-731.938,-731.938,-164.364,-164.364,-162.748,-162.748,1462.02,1462.02,1462.02,-546.014,-546.014,-134.373,420.63,150.271,150.271,-300.041,-300.041,566.397,248.749,3133.5,24.4251,24.4251,2703.89,2703.89,2703.89,-7674.87,2095.37,2095.37,2134.22,2134.22,-33.551,-690.961,-690.961,-16.8697,-16.8697,8778.07,8778.07,-7967.33,-7967.33,0,295.436,3517.08,1374.79,-3188.7,-3188.7,2842.73,-15586.6,-6829.13,2881.58,8785.48,8785.48,-2141.46,-2141.46,7537.04,7537.04,-874.718,-1860.81,-12996.1,-3093.88,-3692.15,-3692.15,2273.7,2273.7,2273.7,-6228.81,-6228.81,7519.98,1.33261e-12,1.33261e-12,-2712.55,5446.2,5446.2,-7847.6,2883.67,-2264.15,0,-5141.41,-1868.68,7738.06,5523.84,5523.84,724.898,-261.685,95.347,5119.73,5119.73,3894.03,-1860.55,-1860.55,-18774.9,12420,18774.9,-16460.4,-16581.8,-17523.2,24370.2,-4688.95,4422.55,-16426.9,-16547.8,-17488.5,17543.8,10137.9,7546.13,-226.726,-21289.1,-4362.86,-17744.3,-43299.7,-23745.1,-23745.1,-2704.92,15935.2,-1645.43,-2598.87,-1128.89,1388.15,-1476.17,1622.85,1327.51,1460.64,-1425.82,-1458.87,-1433.69,1518.27,-630.133,-630.133,1425.66,-6333.02,-6333.02,14897.3,-1963.21,-1930.58,1547.62,-1018.56,-3534.51,-6700.26,-6700.26,-10130.7,-11599.3,-12248.3,-23243.2,11665.4,-8310.04,10130.7,-1710.58,-8291.7,-11620.7,-6813.53,-6811.09,1710.58,11599.3,12248.3,-4733.27,-4788.76,-3349.87,-3890.27,-3079.6,-4712.98,-2731.39,-2731.39,-472.176,-1820.08,2566.26,2896.52,-4699.3,11599.3,11599.3,12248.3,12248.3,1836.17,1836.17,-162.878,-620.124,-1326.55,-1326.55,-5969.85,-5969.85,6404.6,6404.6,-3464.22,-382.997,-3200.09,4207.03,-16496.8,20519.2,22835,-12577.9,3200.09,-5842.8,-3538.82,4206.22,-180.019,-180.019,-2211.67,-2211.67,1083.85,-918.398,5233.91,998.115,-513.049,-513.049,-4222.87,-1314.69,-6125.83,-3713.88,-403.751,-403.751,-739.305,-739.586,-3318.12,-3318.12,-3793.79,-2150.97,-3035.42,-2248.52,-1959.17,-405.243,-405.243,-128.074,-142.662,0,924.009,1027.06,0,-201.688,-1312.17,-1312.17,280.837,-1545.84,622.719,625.96,109.319,396.05,385.949,-3109.1,4022.02,7617.17,1581.45,726.517,726.517,-128.108,-2917.44,-2917.44,-1510.88,-1499.98,5.14654e-10,0,-456.05,-456.05,0,2.12616e-09,0,-1891.34,0,1414.02,0,3.88126e-10,1.76904e-10,1777.08,1511.56,1511.56,0,363.111,363.111,-1.10894e-10,0,-3062.92,-4445.34,-4445.34,-4445.34,-4541,0,0,0,-1103.1,-1103.1,-1103.1,0,1034.61,273.426,273.426,41.543,6.4433e-10,20.772,20.772,1.12319e-09,-4.28045e-10,8.18323e-10,-7.31415e-10,-102.697,-101.936,-261.706,0,1.65911e-10,0,5367.33,5367.33,5367.33,0,0,0,0,2.22039e-10,1.11896e-10,-4783.83,-4783.83,2.93853e-11,10290.5,1539.85,2251.54,0,-3.24297e-10,1592.24,4603.56,2.88526e-10,33154.7,17575,4404.61,4251.65,-95.347,-5148.23,-5148.23,-1.80583e-10,135517,-1847.79,-7.37737e-10,-2.83059e-10,-1375.76,-2211.21,-5462.78,5.13978e-10,-1.30915e-10,4.64412e-10,-391.583,-4.41069e-10,9.09306e-10,-6.94643e-10,-8019.61,-1.13281e-09,-8291.7,1.17696e-09,-826.186,-4996.83,-8.78173e-11,-3225.27,1.96921e-09,-3738.54,7936.75,-8.6108e-10,-3.32012e-10,4505.66,4505.66,-8.03235e-10,337.808,337.808,-9.57508e-11,-1368.78,0,1.55814e-10,4057.7,10803.9,0,0
2020-08-07 20:00:00 UTC,4504.47,1282.39,-4086.78,92.2275,92.2275,1472.82,-1273.37,-1415.2,1985.51,1985.51,-3270.65,-3090.72,10964.3,168.166,-1782.61,-2052.33,-5127.67,-1622.54,8744.21,1263.91,853.386,4659.35,4659.35,3796.8,4827.47,1410.88,906.097,-650.042,-65.8006,-3080.96,1093.51,1093.51,2640.52,1546.49,1546.49,8988.88,-5975.28,-5994.3,19119.8,19119.8,-6630.93,-11124.9,-5162.27,-3185.46,-8738.15,11972.5,16940.6,17065.3,18035.6,-500.519,2926.54,2926.54,-558.074,674.149,1506.86,-423.011,-423.011,5061.31,-1802.89,-1020.5,-2912.38,3774.91,4069.51,-1892.5,-1892.5,493.45,453.45,-473.433,-473.433,-526.657,-3881.1,2873.92,-1432.07,-1432.07,-14.8253,-14.8253,-20.9171,-11.4108,-45.4618,159.9,355.525,-242.671,15.7616,14.6996,1.54714,72.0632,61.132,-750.958,-750.958,-172.263,-172.263,-170.566,-170.566,1502.35,1502.35,1502.35,-574.827,-574.827,-134.298,433.856,151.004,151.004,-309.9,-309.9,564.445,255.242,3185.46,25.1666,25.1666,2763.18,2763.18,2763.18,-7856.49,2133.45,2133.45,2182.71,2182.71,-34.569,-710.118,-710.118,-23.045,-23.045,8972.44,8972.44,-8128.51,-8128.51,0,301.126,3592.33,1397.15,-3250.94,-3250.94,2904.98,-15956.6,-6991.19,2954.25,8982.57,8982.57,-2194.32,-2194.32,7706.73,7706.73,-900.119,-1902.99,-13408.8,-3017.25,-3784.91,-3784.91,2334.7,2334.7,2334.7,-6415.83,-6415.83,7685.1,3.3639e-10,3.3639e-10,-2785.38,5606.49,5606.49,-8078.85,2991.33,-2315.8,0,-5300.25,-1892.57,8005.54,5687.26,5687.26,744.695,-258.694,95.5021,5200.44,5200.44,4015.98,-1919.25,-1919.25,-19363.2,12856.1,19363.2,-16976.4,-17101.6,-18072.4,25197.4,-4828.91,4555.61,-16940.6,-17065.3,-18035.6,18062.6,10488.6,7936.1,-138.767,-21507.5,-4477.97,-17952.4,-43752.3,-23984.5,-23984.5,-2713.22,16354.2,-1686.96,-2600.64,-1137.8,1414.13,-1497.56,1652.05,1347.13,1482.79,-1436.52,-1469.82,-1444.45,1542.48,-653.36,-653.36,1449.05,-6446.37,-6446.37,15212.2,-2036.55,-1960.44,1573.04,-1020.4,-3571.27,-6857.48,-6857.48,-10246.1,-11670.1,-12323,-23357.8,11620.3,-8460.12,10246.1,-1671.94,-8441.12,-11664.5,-6839.25,-6836.8,1671.94,11670.1,12323,-4732.49,-4787.98,-3362.98,-3905.5,-3062.71,-4792.05,-2735.9,-2735.9,-455.697,-1876.41,2570.5,2901.3,-4728.54,11670.1,11670.1,12323,12323,1840.97,1840.97,-166.733,-634.44,-1319.74,-1319.74,-5975.2,-5975.2,6458.63,6458.63,-3566.52,-409.122,-3208.73,4227.22,-16544.2,20594.1,22933.3,-12619.4,3208.73,-5947.8,-3585.12,4251.8,-167.493,-167.493,-2279.1,-2279.1,1131.27,-944.394,5347.42,1018.02,-544.654,-544.654,-4297.61,-1337.34,-6233.31,-3757.28,-424.952,-424.952,-773.095,-773.389,-3366.32,-3366.32,-3859.34,-2197.43,-3100.35,-2322.82,-2052.49,-417.62,-417.62,-150.938,-168.263,0,924.784,1028.06,0,-226.655,-1308.92,-1308.92,320.379,-1655.08,624.829,628.079,133.519,357.926,348.676,-3129.69,3919.92,7530.58,1585.32,732.239,732.239,-120.558,-2890.73,-2890.73,-1526.67,-1515.66,-2.56761e-10,0,-344.616,-344.616,0,-7.42418e-11,0,-1876.64,0,1409.18,0,-5.9397e-10,1.32748e-10,1761.62,1541.33,1541.33,0,357.921,357.921,-6.37036e-11,0,-3173.77,-4600.67,-4600.67,-4600.67,-4666.94,0,0,0,-1132.18,-1132.18,-1132.18,0,1020.16,261.335,261.335,29.6507,3.54428e-10,14.8256,14.8256,-8.31499e-10,-9.05524e-11,-6.85113e-10,6.23217e-10,-100.951,-100.202,-258.325,0,-3.61516e-10,0,5479.6,5479.6,5479.6,0,0,0,0,2.37723e-10,-2.8319e-10,-4851.84,-4851.84,-1.07633e-10,10567.4,1563.57,2286.22,0,-4.40814e-10,1598.15,4709.75,-8.96441e-10,33829.9,17872.4,4433.64,4279.05,-95.5021,-5230.17,-5230.17,-4.3797e-11,138534,-1905.2,1.89853e-11,-3.57208e-11,-1378.03,-2214.86,-5471.79,1.18309e-09,-1.73128e-10,3.83318e-10,-383.572,1.91456e-10,5.04174e-10,1.60964e-10,-8054.55,-8.93609e-10,-8441.12,-4.27695e-10,-817.994,-5111.43,-7.15219e-10,-3316.65,1.18036e-09,-3760.5,8054.9,8.42105e-10,-5.41389e-10,4563.09,4563.09,-1.6951e-10,367.095,367.095,1.30514e-09,-1472.82,0,-2.16028e-10,4098.91,10992.3,0,0
2020-08-07 21:00:00 UTC,4453.9,1262.51,-3933.87,43.4883,43.4883,1536.79,-1195.09,-1321.57,1848.73,1848.73,-3331.25,-3161.66,11044.4,124.567,-1825.87,-2064.53,-5166.89,-1634.95,8850.42,1285.68,954.588,4739.31,4739.31,3826.96,4788.18,1400.87,917.457,-661.397,-41.7069,-3123.85,1106.7,1106.7,2664.8,1557.57,1557.57,9104.7,-6115.58,-6135.03,19475.6,19475.6,-6792.16,-11319.8,-5211.35,-3215.76,-8958.91,12311.6,17277.7,17404.9,18394.5,-512.906,2986.25,2986.25,-563.151,688.715,1560.26,-418.807,-418.807,5171.68,-1821.43,-1046.82,-2944.14,3862.47,4163.88,-1897.97,-1897.97,483.09,421.96,-452.509,-452.509,-514.666,-3903.55,2901.07,-1445.55,-1445.55,-8.60646,-8.60646,-20.8431,-10.9997,-46.4685,163.376,364.834,-247.966,16.2201,15.1272,2.08333,73.836,64.1641,-764.418,-764.418,-178.643,-178.643,-176.882,-176.882,1528.62,1528.62,1528.62,-595.741,-595.741,-134.12,444.11,151.139,151.139,-317.564,-317.564,562.466,260.24,3215.76,24.5301,24.5301,2797.34,2797.34,2797.34,-7973.13,2148.45,2148.45,2212.96,2212.96,-33.695,-723.256,-723.256,-21.8379,-21.8379,9098.42,9098.42,-8233.95,-8233.95,0,307.413,3644.84,1412.94,-3291.39,-3291.39,2943.14,-16190.6,-7093.7,3007.65,9108.01,9108.01,-2231.01,-2231.01,7815.38,7815.38,-913.722,-1928.62,-13682.3,-2964.5,-3848.22,-3848.22,2378.13,2378.13,2378.13,-6540.37,-6540.37,7787.06,1.01115e-10,1.01115e-10,-2838.73,5715.14,5715.14,-8236.07,3068.06,-2343.58,0,-5404.41,-1904.05,8188.46,5795.93,5795.93,756.138,-259.289,94.8971,5250.29,5250.29,4095.7,-1958.31,-1958.31,-19750.1,13147.7,19750.1,-17314.9,-17442.6,-18432.8,25747.8,-4919.44,4643.76,-17277.7,-17404.9,-18394.5,18405.8,10721.2,8203.96,-81.9199,-21633.8,-4551.8,-18074.4,-44013.2,-24122.2,-24122.2,-2716.4,16620.1,-1705.6,-2600.93,-1141.59,1437,-1510.32,1669.65,1359.1,1496.16,-1442.52,-1475.96,-1450.48,1556.99,-667.939,-667.939,1462.98,-6520.12,-6520.12,15407.3,-2076.83,-1982.19,1588.21,-1018.25,-3595.8,-6956.87,-6956.87,-10316.1,-11705.1,-12360,-23412.7,11578.6,-8556.16,10316.1,-1641.15,-8536.73,-11678.9,-6847.65,-6845.2,1641.15,11705.1,12360,-4724.6,-4780,-3366.39,-3909.46,-3046.95,-4842.56,-2734.55,-2734.55,-444.281,-1912.36,2569.23,2899.87,-4742.71,11705.1,11705.1,12360,12360,1839.7,1839.7,-169.835,-645.946,-1308.86,-1308.86,-5961.09,-5961.09,6484.04,6484.04,-3636.96,-427.942,-3197.96,4231.07,-16483.8,20604.7,22972.9,-12588.1,3197.96,-6003.46,-3605.53,4280.24,-156.852,-156.852,-2317.89,-2317.89,1162.93,-958.121,5416.53,1027.78,-566.11,-566.11,-4333.48,-1348.9,-6281.84,-3771.87,-438.716,-438.716,-793.979,-794.281,-3397.09,-3397.09,-3899.97,-2225.35,-3141.23,-2366.26,-2109.82,-424.609,-424.609,-167.239,-186.518,0,922.304,1025.44,0,-244.536,-1297.97,-1297.97,348.398,-1725.08,623.552,626.794,150.731,327.87,319.3,-3130.15,3839.49,7461.05,1592.05,735.505,735.505,-120.751,-2855.58,-2855.58,-1549.03,-1537.86,7.08139e-10,0,-296.54,-296.54,0,1.08057e-10,0,-1932.01,0,1399.2,0,-8.35931e-10,-1.29137e-10,1738.23,1562.8,1562.8,0,351.552,351.552,-4.53397e-10,0,-3236.52,-4708.64,-4708.64,-4708.64,-4749.25,0,0,0,-1146.49,-1146.49,-1146.49,0,997.803,247.315,247.315,17.2129,-1.48838e-10,8.60655,8.60655,2.79002e-10,-1.08068e-09,7.23699e-10,-1.0079e-10,-98.7245,-97.9926,-249.331,0,-9.02334e-11,0,5553.32,5553.32,5553.32,0,0,0,0,-5.00186e-11,3.79612e-10,-4893.61,-4893.61,1.65699e-10,10744.2,1575.31,2303.39,0,-7.87131e-11,1597.81,4778.39,-2.64661e-10,34258.8,18052.2,4447.96,4294.25,-94.8971,-5280.19,-5280.19,2.29036e-10,140446,-1941.48,-3.34541e-10,-7.49012e-10,-1377.35,-2213.77,-5469.11,-6.29574e-10,1.33372e-10,-1.4797e-09,-379.266,1.44969e-09,-1.46827e-09,-5.34637e-10,-8057.47,-1.15728e-09,-8536.73,-1.40991e-10,-813.967,-5180.5,-4.78249e-10,-3384.32,3.48095e-11,-3759.71,8105.35,7.2454e-10,-1.59122e-09,4598.13,4598.13,2.61718e-10,385.931,385.931,-9.84036e-10,-1536.79,0,-5.85385e-10,4126.58,11116.9,0,0
2020-08-07 22:00:00 UTC,4443.37,1255.95,-3839.87,14.7698,14.7698,1573.94,-1142.68,-1258.2,1794.73,1794.73,-3386.8,-3202.94,11126.7,66.2372,-1847.88,-2103.97,-5183.96,-1640.36,8956.18,1304.72,1018.43,4807.54,4807.54,3878.86,4801.61,1406.38,931.228,-675.162,-26.5886,-3177.1,1121,1121,2682.12,1560.58,1560.58,9203.41,-6156.24,-6175.82,19618.5,19618.5,-6851.44,-11409,-5253.94,-3242.04,-9058.06,12527.6,17388.8,17516.8,18512.8,-508.106,3011.33,3011.33,-567.519,691.118,1543.5,-431.175,-431.175,5196.53,-1858.45,-1060.98,-2953.64,3881.61,4184.51,-1893.33,-1893.33,495.578,439.878,-467.711,-467.711,-528.274,-3936,2908.6,-1449.28,-1449.28,-11.1264,-11.1264,-21.6846,-11.9324,-46.8106,164.664,364.793,-249.132,16.3373,15.2365,1.74581,74.0901,62.4755,-774.787,-774.787,-176.657,-176.657,-174.915,-174.915,1548.86,1548.86,1548.86,-608.434,-608.434,-138.029,445.288,154.036,154.036,-318.037,-318.037,564.839,262.026,3242.04,22.3681,22.3681,2801.75,2801.75,2801.75,-8007.62,2140.47,2140.47,2219.55,2219.55,-30.725,-727.259,-727.259,-16.6382,-16.6382,9131.97,9131.97,-8262.17,-8262.17,0,311.447,3663.36,1419.28,-3302,-3302,2952.45,-16253.5,-7121.24,3031.54,9139.28,9139.28,-2243.17,-2243.17,7842.56,7842.56,-913.128,-1932.6,-13777.4,-2931.07,-3872.11,-3872.11,2395.58,2395.58,2395.58,-6583.29,-6583.29,7807.83,1.07869e-10,1.07869e-10,-2862.87,5753.3,5753.3,-8294.39,3100.19,-2345.88,0,-5438.71,-1904.2,8257.75,5830.64,5830.64,756.758,-263.252,93.423,5263.86,5263.86,4121.77,-1972.46,-1972.46,-19881.3,13252.8,19881.3,-17426.5,-17555,-18551.6,25942.7,-4948.29,4676.04,-17388.8,-17516.8,-18512.8,18522,10804.7,8314.77,-54.9823,-21625.1,-4574.18,-18075,-43993.1,-24109.8,-24109.8,-2711.98,16694.5,-1699.81,-2597.27,-1134.23,1452.64,-1511.61,1671.94,1360.95,1498,-1441.11,-1474.52,-1449.07,1558.65,-672.795,-672.795,1464.35,-6541.26,-6541.26,15452.2,-2080.05,-1991.59,1589.72,-1009.22,-3595.09,-6984.42,-6984.42,-10328.7,-11681.4,-12335,-23344.7,11519,-8598.67,10328.7,-1607.15,-8579.04,-11633.4,-6820.97,-6818.53,1607.15,11681.4,12334.9,-4698.43,-4753.53,-3351.49,-3892.16,-3007.1,-4865.38,-2726.34,-2726.34,-418.836,-1933.19,2561.52,2891.17,-4730.47,11681.4,11681.4,12335,12335,1829.69,1829.69,-172.263,-654.852,-1291.42,-1291.42,-5918.35,-5918.35,6481.73,6481.73,-3685.62,-443.211,-3160.25,4215.76,-16314,20507.7,22891.7,-12444.6,3160.25,-6013.58,-3603.56,4286.29,-149.272,-149.272,-2332.08,-2332.08,1183.71,-962.62,5453.49,1031.51,-580.923,-580.923,-4349.65,-1352.56,-6284.69,-3773.33,-445.565,-445.565,-803.572,-803.877,-3407.45,-3407.45,-3913.8,-2234.97,-3157.04,-2380.67,-2136.71,-426.63,-426.63,-177.778,-198.326,0,913.265,1015.48,0,-255.569,-1280.93,-1280.93,366.031,-1768.19,620.743,623.969,162.084,306.751,298.668,-3124.92,3801.91,7396.73,1596.71,734.143,734.143,-128.118,-2847.05,-2847.05,-1574.84,-1563.48,-3.74858e-10,0,-267.22,-267.22,0,-1.76255e-10,0,-2029.34,0,1404.69,0,-4.08067e-10,-9.33174e-10,1733.37,1589.46,1589.46,0,350.875,350.875,-1.17998e-09,0,-3225.46,-4727.1,-4727.1,-4727.1,-4811.23,0,0,0,-1127.29,-1127.29,-1127.29,0,1023.9,256.507,256.507,22.2529,5.71366e-10,11.1266,11.1266,-2.4418e-10,1.45843e-10,-5.42387e-10,-7.92443e-10,-101.492,-100.74,-237.088,2.09826e-10,9.60213e-11,0,5573.94,5573.94,5573.94,0,0,0,0,8.49919e-11,2.87425e-10,-4902.73,-4902.73,-3.77371e-10,10797,1571.19,2297.35,0,2.99396e-10,1588,4797.96,-6.44393e-10,34360.9,18079.7,4435.88,4289.56,-93.423,-5292.7,-5292.7,-1.18003e-10,140925,-1961.94,1.19068e-10,-7.61467e-10,-1373.21,-2207.12,-5452.69,1.34282e-10,1.41125e-09,7.53408e-10,-375.235,-7.80204e-11,1.40917e-10,3.25628e-10,-7943.18,-1.27997e-09,-8579.04,6.89971e-10,-808.35,-5218.67,-2.11749e-10,-3431.35,1.27263e-09,-3743.7,8122.98,-1.46738e-09,8.0993e-10,4603.49,4603.49,3.45464e-10,394.525,394.525,-1.78268e-10,-1573.94,0,8.81486e-10,4131.19,11141,0,0
2020-08-07 23:00:00 UTC,4370.04,1232.3,-3762.57,45.9437,45.9437,1526.97,-1108.95,-1219.6,1717.19,1717.19,-3383.04,-3143.66,10985.3,-20.7778,-1804.5,-2138.79,-5061.13,-1601.48,8875.2,1295.74,1004.49,4734.52,4734.52,3848.5,4731.34,1387.11,927.253,-671.189,-16.8352,-3160.47,1110.48,1110.48,2636.12,1525.13,1525.13,9084.12,-6033.19,-6052.39,19295.5,19295.5,-6728.54,-11258.2,-5189.62,-3202.35,-8916.29,12392.6,17085.3,17211.1,18189.6,-488.708,2965.57,2965.57,-555.481,676.278,1488.74,-432.957,-432.957,5094.31,-1848.49,-1047.71,-2888.73,3808.33,4105.53,-1841.65,-1841.65,498.853,450.935,-474.876,-474.876,-532.111,-3889.6,2863.42,-1426.85,-1426.85,-13.7312,-13.7312,-22.0659,-12.6415,-46.0674,162.136,356.816,-245.222,16.1174,15.0314,1.25992,72.7928,59.1992,-768.833,-768.833,-170.374,-170.374,-168.694,-168.694,1533.72,1533.72,1533.72,-604.379,-604.379,-140.025,437.116,154.307,154.307,-311.738,-311.738,559.791,258.614,3202.35,18.6546,18.6546,2756.56,2756.56,2756.56,-7902.7,2093.62,2093.62,2187.67,2187.67,-25.625,-717.306,-717.306,-2.6958,-2.6958,9015.61,9015.61,-8166.41,-8166.41,0,313.195,3627.19,1408.35,-3264.4,-3264.4,2912.3,-16027.2,-7022.13,3006.35,9016.79,9016.79,-2217.95,-2217.95,7737.74,7737.74,-892.62,-1904.33,-13563.1,-2940.47,-3828.79,-3828.79,2369.1,2369.1,2369.1,-6487.99,-6487.99,7696.44,1.05847e-10,1.05847e-10,-2837.74,5672.33,5672.33,-8178.92,3061.41,-2293.91,0,-5348.18,-1876.3,8137.05,5742.67,5742.67,743.052,-269.176,90.7738,5202.2,5202.2,4051.08,-1940.1,-1940.1,-19545.9,13027.4,19545.9,-17121.7,-17247.9,-18227.1,25502.2,-4866.66,4603.5,-17085.3,-17211.1,-18189.6,18240,10625.4,8138.9,-91.0515,-21411.3,-4508.84,-17885.7,-43548.8,-23869.8,-23869.8,-2691.35,16449.8,-1659.94,-2582.38,-1116.96,1454.95,-1494.53,1649.96,1345.72,1480.79,-1427.97,-1461.08,-1435.86,1539.81,-660.678,-660.678,1446.14,-6469.09,-6469.09,15244.6,-2028.9,-1977.48,1569.93,-993.508,-3564.49,-6891.89,-6891.89,-10214.4,-11581.1,-12229,-23159.6,11452,-8470.84,10214.4,-1616.76,-8451.79,-11537.7,-6764.87,-6762.45,1616.76,11581,12229,-4667.65,-4722.38,-3329.32,-3866.4,-2979.88,-4793.7,-2710.75,-2710.75,-408.569,-1894.67,2546.87,2874.63,-4714.92,11581,11581.1,12229,12229,1822.8,1822.8,-171.344,-651.486,-1285.21,-1285.21,-5894.73,-5894.73,6446.16,6446.16,-3603.44,-420.866,-3132.26,4195.64,-16210.5,20317.9,22697.5,-12330.3,3132.26,-5898.17,-3531.19,4235.79,-141.411,-141.411,-2278.34,-2278.34,1151.95,-937.32,5326.87,1000.11,-563.696,-563.696,-4232.44,-1319.86,-6088.28,-3673.1,-437.794,-437.794,-783.269,-783.567,-3363.81,-3363.81,-3857.02,-2196.59,-3107.61,-2323.71,-2071.04,-416.779,-416.779,-172.214,-192.108,0,906.28,1007.78,0,-248.409,-1264.94,-1264.94,356.034,-1722.76,608.602,611.766,156.655,303.658,295.67,-3037.39,3724.93,7366.89,1595.95,726.488,726.488,-142.616,-2798.65,-2798.65,-1573.01,-1561.66,-1.38281e-09,0,-296.557,-296.557,0,7.53771e-10,0,-2150.88,0,1385.47,0,-1.41527e-11,7.07957e-10,1699.93,1581.13,1581.13,0,344.012,344.012,-9.01437e-10,0,-3129.93,-4631.7,-4631.7,-4631.7,-4763.28,0,0,0,-1084.07,-1084.07,-1084.07,0,1031.02,261.632,261.632,27.4624,-2.57288e-10,13.7314,13.7314,-3.60462e-10,-3.70159e-10,-1.2742e-10,1.01114e-10,-102.632,-101.871,-220.203,0,3.69222e-10,0,5505.49,5505.49,5505.49,0,0,0,0,9.98139e-10,2.10166e-11,-4842.58,-4842.58,4.0989e-11,10614.9,1530.87,2238.4,0,-4.72067e-10,1557.94,4729.62,4.24872e-10,33925.8,17853.1,4391.72,4252.47,-90.7738,-5228.79,-5228.79,1.18511e-10,139048,-1921.93,8.33345e-10,-1.18676e-10,-1365.36,-2194.5,-5421.5,2.38143e-10,1.50193e-09,-3.24375e-10,-393.161,-1.34433e-10,-5.5747e-10,1.44314e-09,-7814.84,6.87664e-10,-8451.79,-1.13734e-11,-816.124,-5093.53,-4.71572e-10,-3380.15,-5.83659e-10,-3658.07,7905.54,-4.50297e-10,-2.21777e-09,4544.41,4544.41,1.18929e-09,376.785,376.785,3.56151e-10,-1526.97,0,2.52089e-11,4093.99,11000.6,0,0
2020-08-08 00:00:00 UTC,4243.31,1196.83,-3694.94,100.78,100.78,1387.93,-1100.51,-1213.81,1708.03,1708.03,-3280.46,-2969.19,10572.3,-107.305,-1691.04,-2143.85,-4794.77,-1517.18,8556.02,1248.81,891.689,4528.54,4528.54,3721.56,4570.53,1341.7,901.695,-645.642,-16.7963,-3059.13,1070.63,1070.63,2518.21,1447.11,1447.11,8707.16,-5708.89,-5727.07,18374.1,18374.1,-6384.3,-10761.8,-4990.85,-3079.68,-8485.71,11834.8,16234.2,16353.6,17283.4,-449.621,2826.32,2826.32,-529.928,638.526,1362.96,-431.291,-431.291,4821.1,-1800.93,-1003.23,-2741.62,3604.05,3885.36,-1738.97,-1738.97,500.122,473.495,-486.79,-486.79,-534.371,-3751.14,2744.32,-1367.7,-1367.7,-19.9557,-19.9557,-22.2956,-13.6442,-43.8117,154.324,335.993,-233.774,15.769,14.7064,0.808591,69.4135,52.1835,-742.012,-742.012,-155.755,-155.755,-154.221,-154.221,1475.42,1475.42,1475.42,-579.216,-579.216,-140.497,414.519,151.975,151.975,-294.767,-294.767,544.913,247.623,3079.68,13.43,13.43,2644.69,2644.69,2644.69,-7603.62,1999.1,1999.1,2101.99,2101.99,-18.447,-685.652,-685.652,21.1265,21.1265,8687.4,8687.4,-7899.32,-7899.32,0,309.762,3512.44,1373.78,-3161.22,-3161.22,2805.39,-15403.7,-6749,2908.28,8678.12,8678.12,-2137.83,-2137.83,7446.1,7446.1,-846.559,-1833.28,-12932.3,-3004.19,-3689.6,-3689.6,2282.42,2282.42,2282.42,-6205.27,-6205.27,7400.93,-1.06796e-10,-1.06796e-10,-2742.13,5428,5428,-7826.94,2924.2,-2173.44,0,-5091.19,-1813.64,7759.44,5487.33,5487.33,710.731,-276.478,87.1126,5036.99,5036.99,3851.56,-1846.17,-1846.17,-18590.5,12359.8,18590.5,-16267,-16386.9,-17317.2,24213.4,-4636.67,4391.3,-16234.2,-16353.6,-17283.4,17425.4,10094.7,7581.08,-204.744,-20901.2,-4325.61,-17426.1,-42494.8,-23301.7,-23301.7,-2644.68,15769.9,-1571.83,-2548.26,-1085.03,1435.42,-1452.24,1593.73,1306.93,1437.24,-1397.66,-1430.06,-1405.38,1492.52,-626.18,-626.18,1400.64,-6267,-6267,14687,-1903.43,-1930.19,1520.46,-968.859,-3488.45,-6635.86,-6635.86,-9918.27,-11364.3,-12000.1,-22791.6,11354.7,-8107.4,9918.27,-1682.53,-8089.95,-11356.8,-6658.83,-6656.45,1682.53,11364.3,12000.1,-4624.14,-4678.36,-3288.97,-3819.52,-2965.35,-4590.72,-2681.48,-2681.48,-418.011,-1776.38,2519.37,2843.6,-4669.55,11364.3,11364.3,12000.1,12000.1,1813.67,1813.67,-164.361,-625.697,-1291.99,-1291.99,-5878.42,-5878.42,6346.41,6346.41,-3347.73,-352.053,-3111.86,4156.2,-16129.2,19954.7,22322.9,-12237.6,3111.86,-5612.38,-3368.49,4103.94,-137.94,-137.94,-2131.58,-2131.58,1049.72,-872.515,4987.61,925.874,-503.844,-503.844,-3958.09,-1239.82,-5664.64,-3457.95,-406.921,-406.921,-720.685,-720.959,-3244.51,-3244.51,-3702.02,-2092.05,-2968.56,-2166.88,-1890.7,-389.8,-389.8,-149.315,-166.497,0,886.825,986.195,0,-220.97,-1229.15,-1229.15,315.347,-1580.55,585.86,588.907,133.455,320.317,312.011,-2863.96,3612.32,7366.06,1586.78,709.007,709.007,-168.339,-2717.69,-2717.69,-1516.76,-1505.82,-1.05261e-09,0,-345.569,-345.569,0,-5.03205e-10,0,-2242.52,0,1340.17,0,-2.09154e-10,-1.58672e-10,1631.51,1530.4,1530.4,0,331.219,331.219,6.33696e-10,0,-2923.19,-4374.33,-4374.33,-4374.33,-4580.58,0,0,0,-1011.75,-1011.75,-1011.75,0,1034.54,270.941,270.941,39.9114,8.96282e-10,19.9561,19.9561,1.01595e-10,6.21149e-11,2.18275e-09,3.88845e-10,-103.472,-102.704,-201.006,0,9.5598e-11,0,5316.14,5316.14,5316.14,0,0,0,0,-4.94215e-10,2.3183e-10,-4684.82,-4684.82,4.37174e-10,10123.1,1448.22,2117.56,0,7.28816e-11,1501.62,4544.43,1.47711e-10,32743.4,17276.8,4300.76,4167.3,-87.1126,-5060,-5060,7.4458e-10,133887,-1801.04,2.71311e-10,-2.27619e-10,-1350.62,-2170.8,-5362.96,1.85955e-09,5.71941e-10,1.42356e-09,-429.156,7.53468e-10,9.31983e-10,1.57732e-09,-7707.49,3.5201e-10,-8089.95,-4.76919e-10,-835.633,-4758.89,6.97628e-10,-3192.59,-6.5685e-10,-3492.86,7416.03,-3.92654e-10,-4.56398e-10,4392.44,4392.44,-5.0584e-10,326.601,326.601,5.83995e-11,-1387.93,0,-9.92193e-10,3997.49,10624.9,0,0
2020-08-08 01:00:00 UTC,4077.09,1153.51,-3705.36,231.481,231.481,1159.53,-1138.18,-1265.02,1714.27,1714.27,-3089.19,-2682.5,9917.9,-183.049,-1508.1,-2122.25,-4399.21,-1391.99,8017.06,1165.83,678.858,4167.85,4167.85,3506.7,4336.99,1274.96,855.857,-599.823,-28.4652,-2878.41,1003.44,1003.44,2334.4,1330.55,1330.55,8090.4,-5178.34,-5194.83,16868.1,16868.1,-5811.76,-9939.66,-4670.55,-2882.01,-7755.12,10858.6,14846.6,14955.9,15806.1,-390.485,2595.35,2595.35,-490.135,578.021,1167.8,-426.548,-426.548,4378.75,-1713.33,-924.378,-2515.73,3270.98,3526.38,-1591.83,-1591.83,501.37,511.716,-506.523,-506.523,-537.273,-3531.65,2556.94,-1274.6,-1274.6,-30.4974,-30.4974,-22.3826,-14.9406,-40.0789,141.347,302.027,-214.404,14.8521,13.8513,-0.112818,63.5287,41.4944,-694.254,-694.254,-132.969,-132.969,-131.663,-131.663,1375.01,1375.01,1375.01,-532.074,-532.074,-139.569,376.963,147.361,147.361,-266.785,-266.785,521.083,228.829,2882.01,7.05602,7.05602,2459.51,2459.51,2459.51,-7092.49,1851.14,1851.14,1957.32,1957.32,-9.69,-631.267,-631.267,53.2828,53.2828,8123.13,8123.13,-7435.21,-7435.21,0,300.018,3308.28,1310.86,-2981.67,-2981.67,2623.49,-14349.6,-6287.24,2729.68,8099.73,8099.73,-1996.7,-1996.7,6947.74,6947.74,-771.677,-1713.03,-11875.3,-3098.43,-3446.5,-3446.5,2132.35,2132.35,2132.35,-5726.93,-5726.93,6901.13,1.14418e-11,1.14418e-11,-2568.1,5013.81,5013.81,-7231.52,2684.07,-1990.13,0,-4668.83,-1712.01,7116.62,5058,5058,657.378,-284.398,79.5381,4765.75,4765.75,3524.98,-1691.3,-1691.3,-17022.4,11255.8,17022.4,-14874,-14983.7,-15834.3,22087.3,-4258.58,4038.96,-14846.6,-14955.9,-15806.1,16064.9,9209.82,6667.66,-378.797,-20016.1,-4015.56,-16635.5,-40672.4,-22320.2,-22320.2,-2563.89,14621.4,-1430.85,-2486.99,-1035.93,1380.24,-1380.03,1497.98,1240.33,1362.63,-1345.88,-1377.06,-1353.31,1411.88,-568.917,-568.917,1323.27,-5919.89,-5919.89,13745.2,-1699.27,-1843.31,1436.36,-933.039,-3348.42,-6197.29,-6197.29,-9428.9,-10978.4,-11592.6,-22111.9,11170.9,-7538.92,9428.9,-1764.98,-7523.83,-11034.9,-6470.11,-6467.78,1764.98,10978.4,11592.6,-4531.48,-4584.6,-3215.22,-3733.83,-2939.6,-4274.88,-2617.58,-2617.58,-443.32,-1600.45,2459.33,2775.83,-4580.69,10978.4,10978.4,11592.6,11592.6,1792.16,1792.16,-152.535,-581.887,-1300.65,-1300.65,-5832.69,-5832.69,6163.27,6163.27,-2961.07,-251.45,-3088.92,4078.41,-15969.8,19354.2,21654.9,-12143.3,3088.92,-5178.17,-3129.08,3888.22,-140.285,-140.285,-1908.15,-1908.15,898.047,-777.062,4489.26,822.954,-414.223,-414.223,-3570.51,-1123.36,-5072.92,-3159.14,-356.503,-356.503,-624.248,-624.486,-3051.03,-3051.03,-3454.24,-1927.77,-2746.21,-1924.87,-1616.17,-348.154,-348.154,-110.225,-122.769,0,853.078,948.662,0,-174.803,-1174.29,-1174.29,245.788,-1345.57,554.023,556.907,93.5613,356.525,347.486,-2631.06,3502.58,7345.8,1561.92,679.429,679.429,-202.535,-2613.1,-2613.1,-1431.84,-1421.52,-1.18473e-09,0,-466.728,-466.728,0,-7.21971e-10,0,-2297.1,0,1273.57,0,-1.54675e-10,-4.96097e-10,1537.02,1439.95,1439.95,0,314.144,314.144,7.8778e-10,0,-2605.77,-3957.46,-3957.46,-3957.46,-4266.38,0,0,0,-902.767,-902.767,-902.767,0,1038.7,286.381,286.381,60.9948,9.21924e-10,30.4985,30.4985,9.12402e-11,3.39766e-10,-5.94114e-10,1.36408e-09,-104.474,-103.699,-177.888,0,-4.50797e-11,0,4994.66,4994.66,4994.66,0,0,0,0,2.58331e-10,2.20012e-10,-4428.3,-4428.3,4.39486e-10,9325.73,1330.3,1945.16,0,-1.59352e-10,1425.42,4237.55,-3.3791e-10,30726,16307,4142.84,4021.96,-79.5381,-4783.61,-4783.61,-6.16644e-11,125086,-1621.71,-1.53855e-10,-6.66929e-10,-1318.44,-2119.07,-5235.16,-3.90692e-10,4.17203e-10,1.34663e-09,-474.22,-5.92906e-10,1.368e-10,3.45832e-10,-7689.06,8.38173e-10,-7523.83,-2.38207e-10,-853.428,-4268.8,-4.04109e-10,-2891.86,-5.58919e-10,-3263.15,6729.65,2.04214e-09,-1.67345e-09,4147.61,4147.61,-3.54435e-10,248.119,248.119,1.0417e-09,-1159.53,0,-5.82292e-10,3833.91,10000.9,0,0
2020-08-08 02:00:00 UTC,3992.26,1139.77,-3934.72,430.836,430.836,905.492,-1275.16,-1433.12,1803.69,1803.69,-2842.79,-2370.82,9265.53,-176.706,-1315.15,-2067.37,-4036,-1277.04,7428.67,1069.33,395.704,3780.88,3780.88,3281.1,4136.27,1216.06,804.889,-548.875,-53.6665,-2678.55,931.993,931.993,2150.37,1218.03,1218.03,7445.9,-4612.01,-4626.71,15263.8,15263.8,-5192.57,-9042.52,-4341.55,-2678.97,-6952.76,9748.46,13365.1,13463.5,14228.7,-331.381,2344.97,2344.97,-452.331,514.293,959.774,-423.767,-423.767,3907.4,-1619.82,-835.984,-2291.09,2911.34,3138.74,-1455.5,-1455.5,506.897,563.537,-535.195,-535.195,-545.153,-3314.74,2374.65,-1183.98,-1183.98,-43.6719,-43.6719,-22.3914,-16.2476,-36.009,127.167,265.177,-193.132,13.811,12.8803,-1.06522,57.0719,30.1087,-640.275,-640.275,-108.539,-108.539,-107.478,-107.478,1264.23,1264.23,1264.23,-475.066,-475.066,-137.73,335.961,142.292,142.292,-236.318,-236.318,498.392,208.057,2678.97,1.63151,1.63151,2260.22,2260.22,2260.22,-6533.72,1696.97,1696.97,1799.43,1799.43,-2.239,-570.686,-570.686,82.8504,82.8504,7503.82,7503.82,-6923.88,-6923.88,0,286.423,3080.8,1241.01,-2784.13,-2784.13,2427.05,-13203,-5784.94,2529.51,7467.43,7467.43,-1839.16,-1839.16,6401.85,6401.85,-691.281,-1582.01,-10729.7,-3201.49,-3178.13,-3178.13,1968.47,1968.47,1968.47,-5206.5,-5206.5,6356.87,2.77904e-11,2.77904e-11,-2370.26,4562.18,4562.18,-6582.37,2415.22,-1805.64,0,-4216.54,-1607.8,6412.03,4592.44,4592.44,599.635,-291.464,70.8226,4490.81,4490.81,3176.41,-1524.65,-1524.65,-15343.5,10066.9,15343.5,-13387.3,-13486,-14251.6,19802.1,-3855.36,3659.08,-13365.1,-13463.5,-14228.7,14593.9,8251.68,5690.47,-559.991,-19055.4,-3676.59,-15779.5,-38686.8,-21252.2,-21252.2,-2484.28,13371.9,-1279.72,-2428.16,-982.325,1307.47,-1301.75,1394.26,1168.05,1281.75,-1290.45,-1320.32,-1297.57,1324.53,-506.508,-506.508,1239.52,-5547.4,-5547.4,12731.5,-1476.01,-1746.16,1345.28,-895.261,-3184.32,-5714.33,-5714.33,-8932.85,-10548.6,-11138.7,-21325,10976.6,-7002.53,8932.85,-1811.99,-6989.52,-10659.3,-6249.89,-6247.65,1811.99,10548.6,11138.7,-4404.87,-4456.51,-3123.81,-3627.64,-2889.21,-3982.48,-2534.86,-2534.86,-462.681,-1445.51,2381.61,2688.12,-4457.31,10548.6,10548.6,11138.7,11138.7,1757.21,1757.21,-140.205,-535.945,-1298.95,-1298.95,-5742.63,-5742.63,5954.79,5954.79,-2626.79,-171.189,-3044.76,3976.92,-15704.5,18683.8,20884.1,-11959.6,3044.76,-4764.93,-2912.52,3674.14,-154.137,-154.137,-1691.11,-1691.11,765.55,-688.892,4066.85,740.728,-334.163,-334.163,-3262.27,-1027.95,-4574.34,-2930.32,-301.917,-301.917,-527.506,-527.708,-2858.6,-2858.6,-3207.71,-1764.34,-2521.21,-1687.01,-1348.34,-307.203,-307.203,-63.3676,-70.3368,0,818.162,909.699,0,-121.306,-1123.99,-1123.99,162.678,-1084.75,530.915,533.683,44.9531,416.167,405.858,-2468.83,3540.47,7326.8,1532.27,648.561,648.561,-234.54,-2563.89,-2563.89,-1348.46,-1338.73,-4.13299e-10,0,-652.378,-652.378,0,-1.76569e-11,0,-2236.83,0,1214.79,0,9.99464e-11,4.2994e-10,1465.31,1339.92,1339.92,0,301.271,301.271,2.70748e-10,0,-2283.53,-3509.88,-3509.88,-3509.88,-3919.86,0,0,0,-798.957,-798.957,-798.957,0,1052.1,307.694,307.694,87.3439,1.01896e-09,43.6741,43.6741,-4.10105e-10,7.78928e-10,2.25291e-10,3.20394e-10,-106.167,-105.379,-157.467,0,3.73076e-11,0,4646.58,4646.58,4646.58,0,0,0,0,-2.00446e-10,-5.57636e-11,-4167.32,-4167.32,-9.29536e-10,8480.69,1214.69,1776.12,0,-1.1374e-10,1352.82,3908.63,1.19287e-09,28527.4,15264.6,3962.32,3866.55,-70.8226,-4503.75,-4503.75,8.41668e-10,115483,-1463.45,2.25763e-10,-2.51793e-11,-1276.78,-2052.11,-5069.73,6.18129e-11,-8.62596e-10,-2.9485e-10,-496.465,-2.11766e-10,-7.0457e-10,-8.4858e-10,-7599.68,7.4384e-10,-6989.52,-7.29543e-10,-856.855,-3855.14,3.15757e-10,-2613.52,5.17292e-10,-3078.18,6192.59,-2.67009e-10,-8.10294e-10,3897.7,3897.7,-1.04079e-09,169.403,169.403,-4.63787e-10,-905.492,0,4.41626e-10,3658.55,9343.31,0,0
2020-08-08 03:00:00 UTC,3875.41,1112.67,-4001.47,541.458,541.458,703.217,-1338.91,-1514.99,1830.22,1830.22,-2648.38,-2146.65,8725.61,-157.045,-1179.1,-1999.14,-3765.52,-1191.45,6951.1,991.859,176.744,3478.04,3478.04,3092.62,3984.44,1169.7,761.583,-505.585,-78.0353,-2509,873.722,873.722,2010.02,1136,1136,6935.73,-4171.68,-4184.98,13988.4,13988.4,-4705.05,-8308.18,-4070.63,-2511.78,-6311.89,8843.56,12188.3,12278,12975.8,-288.351,2143.1,2143.1,-426.024,464.629,798.147,-422.016,-422.016,3535.9,-1544.29,-763.679,-2124.11,2624.32,2829.35,-1360.77,-1360.77,511.352,607.567,-559.435,-559.435,-551.602,-3135.41,2227.06,-1110.59,-1110.59,-54.8151,-54.8151,-22.2334,-17.1024,-32.7043,115.681,235.314,-175.439,12.9091,12.0393,-1.72161,51.7311,21.4016,-593.944,-593.944,-89.5013,-89.5013,-88.63,-88.63,1172.52,1172.52,1172.52,-426.438,-426.438,-134.73,302.279,137.416,137.416,-211.433,-211.433,478.573,190.533,2511.78,-0.0739914,-0.0739914,2105.17,2105.17,2105.17,-6086.1,1580.74,1580.74,1676.83,1676.83,0.102,-526.114,-526.114,100.146,100.146,7013.6,7013.6,-6509.02,-6509.02,0,274.467,2894.23,1176.34,-2621.86,-2621.86,2267.78,-12289.5,-5384.77,2363.88,6969.63,6969.63,-1717.34,-1717.34,5974.08,5974.08,-637.651,-1482.06,-9820,-3255.33,-2959.58,-2959.58,1832.16,1832.16,1832.16,-4791.37,-4791.37,5931.9,9.64135e-11,9.64135e-11,-2203.45,4200.56,4200.56,-6056.67,2200.32,-1660.18,0,-3856.94,-1519.91,5853.61,4224.08,4224.08,558.643,-286.087,66.3694,4261.53,4261.53,2899.81,-1390.91,-1390.91,-14005.8,9126.57,14005.8,-12206.7,-12296.8,-12994.8,17990.7,-3534.1,3351.68,-12188.3,-12278,-12975.8,13419.2,7495.23,4927.99,-693.756,-18248.9,-3406.48,-15066.3,-37017.2,-20349.3,-20349.3,-2413.21,12393.7,-1178.29,-2369.54,-938.396,1243.18,-1236.38,1313.39,1107.8,1214.94,-1241.44,-1270.17,-1248.29,1253.76,-457.938,-457.938,1172.42,-5240.14,-5240.14,11932.1,-1319.83,-1655.49,1272.38,-862.291,-3043.18,-5329.48,-5329.48,-8513.04,-10175.6,-10744.9,-20630.7,10772.7,-6557.08,8513.04,-1843.05,-6545.67,-10328.2,-6055.74,-6053.56,1843.05,10175.6,10744.9,-4297.54,-4347.92,-3036.58,-3526.31,-2840.53,-3731.36,-2466.54,-2466.54,-473.13,-1322.62,2317.41,2615.67,-4338.65,10175.6,10175.6,10744.9,10744.9,1721.03,1721.03,-130.713,-500.481,-1288.58,-1288.58,-5640.76,-5640.76,5756.43,5756.43,-2348.67,-105.631,-2989.25,3874.85,-15431.5,18083.6,20210.9,-11727,2989.25,-4432.55,-2726.95,3489.55,-153.914,-153.914,-1529.37,-1529.37,661.67,-621.25,3704.07,667.643,-273.428,-273.428,-2977.94,-944.484,-4130.92,-2706.26,-267.311,-267.311,-459.903,-460.079,-2697.22,-2697.22,-3006.41,-1635.23,-2340.27,-1516.17,-1139.48,-278.19,-278.19,-25.6474,-28.1179,0,810.041,900.582,0,-79.2175,-1106.25,-1106.25,97.109,-872.766,510.421,513.084,5.40846,460.758,449.487,-2290.68,3470.32,7281.49,1490.57,623.082,623.082,-243.787,-2492.03,-2492.03,-1261.23,-1252.13,-3.56813e-11,0,-753.426,-753.426,0,-6.01102e-10,0,-2149.77,0,1168.54,0,8.37773e-10,1.30499e-10,1422.12,1255.06,1255.06,0,291.81,291.81,-5.60504e-10,0,-2044.51,-3155.1,-3155.1,-3155.1,-3633.23,0,0,0,-724.462,-724.462,-724.462,0,1063.01,325.536,325.536,109.63,-1.89324e-10,54.8186,54.8186,9.66503e-10,-2.65173e-10,-4.19474e-10,-2.46219e-10,-107.228,-106.431,-147.897,0,-1.51858e-10,0,4360.9,4360.9,4360.9,0,0,0,0,-3.22452e-10,9.88392e-11,-3950.38,-3950.38,-1.4813e-10,7801.98,1125.12,1645.16,0,-4.97147e-10,1291.32,3641.37,1.13282e-10,26762.7,14413.6,3803.04,3726.15,-66.3694,-4271.89,-4271.89,-1.02122e-10,107892,-1339,4.39756e-10,5.27322e-10,-1242.37,-1996.8,-4933.08,7.06952e-10,1.59999e-10,7.79563e-10,-517.256,5.3866e-10,-5.34291e-10,1.60161e-10,-7411.99,-8.8912e-10,-6545.67,5.43583e-10,-857.221,-3499.58,-1.16394e-09,-2386.39,-7.43517e-10,-2897.46,5684.2,-8.25058e-10,5.91897e-12,3690.63,3690.63,-2.9451e-10,111.23,111.23,1.20121e-09,-703.217,0,-1.31499e-09,3499.77,8805.33,0,0
2020-08-08 04:00:00 UTC,3623.36,1043.55,-3806.81,564.42,564.42,540.532,-1292.19,-1467.63,1758,1758,-2418.4,-1928.15,8020.01,-134.802,-1052.89,-1866.05,-3448.86,-1091.24,6361.35,902.387,27.4934,3148.56,3148.56,2848.89,3735.2,1094.6,709.441,-453.46,-91.9693,-2303.46,803.214,803.214,1840.58,1037.11,1037.11,6333.17,-3722.23,-3734.1,12611.1,12611.1,-4201.72,-7511.83,-3730.64,-2301.97,-5641.77,7896.17,10952.4,11033.1,11660,-250.964,1927.76,1927.76,-390.373,414.814,672.297,-400.079,-400.079,3160.27,-1425.16,-685.101,-1929.05,2339.71,2522.55,-1244.23,-1244.23,489.96,604.525,-547.219,-547.219,-529.47,-2890.08,2031.88,-1013.49,-1013.49,-58.606,-58.606,-21.014,-16.6762,-29.3008,103.753,207.72,-157.285,11.7202,10.9305,-2.07434,46.2613,15.743,-539.335,-539.335,-74.9518,-74.9518,-74.2253,-74.2253,1064.56,1064.56,1064.56,-376.647,-376.647,-126.543,269.312,128.215,128.215,-187.668,-187.668,446.631,171.762,2301.97,-0.229993,-0.229993,1941.76,1941.76,1941.76,-5606.25,1458.68,1458.68,1549.56,1549.56,0.316,-483.751,-483.751,115.753,115.753,6495.46,6495.46,-6059.98,-6059.98,0,262.74,2691.76,1097.04,-2443.65,-2443.65,2092.09,-11315.3,-4957.99,2182.97,6444.64,6444.64,-1594.25,-1594.25,5526.33,5526.33,-591.774,-1380.79,-8879.76,-3244.54,-2723.22,-2723.22,1682.95,1682.95,1682.95,-4358.98,-4358.98,5486.45,-8.85297e-11,-8.85297e-11,-2022.18,3821.65,3821.65,-5498.43,1984.61,-1497.54,0,-3479.29,-1414.53,5287.8,3842.18,3842.18,521.497,-267.801,63.6193,3966.65,3966.65,2609.21,-1250.19,-1250.19,-12599.1,8158.85,12599.1,-10967.3,-11048.2,-11675.4,16114.5,-3193.11,3024.69,-10952.4,-11033.1,-11660,12189.3,6723.78,4168.51,-807.829,-17267.9,-3125.99,-14212.7,-35007.4,-19251,-19251,-2299.6,11382.3,-1089.92,-2264.12,-891.568,1171.81,-1159.82,1227.06,1037.59,1137.9,-1176.64,-1203.86,-1183.14,1174.03,-410.457,-410.457,1097.85,-4881.49,-4881.49,11061.4,-1188.37,-1543.77,1191.46,-823.2,-2885.93,-4927.74,-4927.74,-7954.87,-9704.34,-10247.2,-19780.1,10407.2,-5941.05,7954.87,-1907.55,-5931.68,-9920.54,-5816.72,-5814.62,1907.55,9704.34,10247.2,-4175.28,-4224.22,-2933.08,-3406.08,-2792.45,-3380.04,-2386.49,-2386.49,-492.409,-1145.04,2242.2,2530.78,-4194.53,9704.34,9704.34,10247.2,10247.2,1683.32,1683.32,-116.391,-447.136,-1288.8,-1288.8,-5545.65,-5545.65,5511.41,5511.41,-1940.59,-5.52199,-2947.49,3759.22,-15205.3,17322.8,19375.9,-11543.3,2947.49,-4008.4,-2488.64,3238.62,-150.26,-150.26,-1330.15,-1330.15,512.073,-535.455,3184.93,565.64,-188.02,-188.02,-2587.59,-825.835,-3577.53,-2400.75,-224.224,-224.224,-377.498,-377.643,-2483.46,-2483.46,-2747.45,-1475.39,-2118.66,-1306.8,-916.285,-241.494,-241.494,0.371901,0.969015,0,766.005,851.699,0,-47.4456,-1032.31,-1032.31,49.4662,-696.195,473.466,475.939,-20.7094,468.945,457.579,-2043.87,3216.44,7125.04,1420.76,590.208,590.208,-239.758,-2331.7,-2331.7,-1150.67,-1142.38,2.56639e-10,0,-766.244,-766.244,0,-4.8742e-10,0,-1995.28,0,1093.57,0,-4.67953e-10,-2.21667e-12,1345.12,1152.21,1152.21,0,272.715,272.715,-3.73813e-10,0,-1814.46,-2807.77,-2807.77,-2807.77,-3297.43,0,0,0,-649.108,-649.108,-649.108,0,1019.48,320.596,320.596,117.212,2.02854e-10,58.61,58.61,6.39879e-10,2.79725e-10,-5.81972e-10,1.02542e-09,-102.821,-102.058,-141.726,0,1.53676e-10,0,4043.5,4043.5,4043.5,0,0,0,0,-2.95983e-10,-8.97809e-11,-3674.94,-3674.94,4.711e-10,7068.03,1022.36,1494.91,0,1.10819e-11,1205.13,3348.61,2.51464e-10,24842.7,13441.3,3617.1,3534.74,-63.6193,-3975.91,-3975.91,-2.31973e-11,99838,-1160.47,2.86419e-10,-1.2409e-10,-1202.05,-1932,-4772.98,3.41708e-11,-2.13032e-10,-1.15e-10,-550.01,7.92032e-10,-1.63642e-10,-1.57501e-10,-7276.57,1.25324e-09,-5931.68,-3.83139e-10,-854.681,-2994.92,1.11501e-09,-2053.88,-5.96149e-10,-2661.35,4988.34,2.72207e-10,-3.52664e-10,3430.99,3430.99,1.54935e-10,54.7946,54.7946,-1.57952e-09,-540.532,0,-2.95617e-10,3290.35,8169.57,0,0
2020-08-08 05:00:00 UTC,3426.85,996.304,-3758.32,644.929,644.929,367.466,-1306.04,-1490.76,1752.01,1752.01,-2120.8,-1672.12,7264.1,-44.2304,-909.314,-1692.58,-3131.74,-990.885,5685.08,795.787,-163.622,2798.12,2798.12,2580.52,3453.05,1010.44,652.402,-396.438,-105.623,-2078.46,725.759,725.759,1653.2,927.238,927.238,5670.29,-3242.06,-3252.41,11127.3,11127.3,-3662.58,-6646.21,-3361.71,-2074.3,-4921.95,6873.66,9630.38,9701.33,10252.5,-213.244,1696.16,1696.16,-349.889,362.164,550.515,-370.65,-370.65,2762.31,-1285.8,-600.159,-1713.55,2039.82,2199.28,-1113.61,-1113.61,459.53,586.765,-523.126,-523.126,-497.418,-2624.12,1834.47,-915.243,-915.243,-60.287,-60.287,-19.401,-15.8337,-25.6749,91.0148,179.487,-138.186,10.4234,9.72101,-2.32934,40.5275,10.7,-479.476,-479.476,-60.9557,-60.9557,-60.3684,-60.3684,945.525,945.525,945.525,-323.213,-323.213,-116.537,235.044,117.323,117.323,-163.13,-163.13,410.316,151.79,2074.3,-0.229995,-0.229995,1756.21,1756.21,1756.21,-5061.51,1320.74,1320.74,1404.21,1404.21,0.316,-434.522,-434.522,132.465,132.465,5903.26,5903.26,-5547.4,-5547.4,0,248.487,2460.19,1007.32,-2240.6,-2240.6,1893.06,-10215.4,-4476.1,1976.54,5845.11,5845.11,-1452.48,-1452.48,5014.28,5014.28,-538.66,-1265.44,-7851.99,-3211.12,-2455.06,-2455.06,1519.33,1519.33,1519.33,-3881.49,-3881.49,4977.65,6.09252e-11,6.09252e-11,-1815.4,3400.1,3400.1,-4886.07,1740.38,-1334.85,0,-3073.04,-1303.96,4660.71,3417.31,3417.31,479.746,-247.276,57.9561,3638.08,3638.08,2297.42,-1100.38,-1100.38,-11093.6,7116.33,11093.6,-9641.89,-9713.02,-10264.3,14097.5,-2826.82,2677.1,-9630.38,-9701.33,-10252.5,10846.7,5886.41,3370.81,-912.164,-16111,-2814.14,-13214.8,-32647.2,-17960.6,-17960.6,-2163.27,10246,-991.68,-2136.18,-840.667,1073.78,-1070.72,1129.4,956.955,1049.37,-1100.31,-1125.75,-1106.39,1082.34,-359.167,-359.167,1012.03,-4470.35,-4470.35,10072.9,-1044.81,-1416.72,1098.33,-782.312,-2696.15,-4473.02,-4473.02,-7349.72,-9131.69,-9642.53,-18690.6,9936.73,-5334.38,7349.72,-1919.13,-5326.83,-9399.02,-5510.94,-5508.95,1919.13,9131.69,9642.53,-3981.34,-4028,-2799.84,-3251.3,-2699.93,-3045.73,-2264.41,-2264.41,-506.727,-973.408,2127.5,2401.32,-4009,9131.69,9131.69,9642.53,9642.53,1625.44,1625.44,-101.573,-391.671,-1271.93,-1271.93,-5382.42,-5382.42,5226.61,5226.61,-1587.89,71.4671,-2883.15,3606.91,-14800.5,16394.3,18321.9,-11283.9,2883.15,-3583.73,-2258.26,2982.77,-155.107,-155.107,-1128.76,-1128.76,379.657,-452.666,2727.46,477.314,-112.7,-112.7,-2256.81,-722.797,-3086.45,-2144.86,-176.934,-176.934,-292.358,-292.472,-2264.83,-2264.83,-2482.62,-1312.03,-1890.36,-1088.61,-693.805,-203.04,-203.04,28.8989,32.8611,0,709.818,789.246,0,-12.7969,-946.877,-946.877,-3.33748,-513.789,442.266,444.579,-49.4231,488.708,476.995,-1849.63,3072.15,6895.64,1335.96,551.444,551.444,-232.534,-2209.99,-2209.99,-1056.39,-1048.77,7.78659e-11,0,-833.689,-833.689,0,2.74286e-10,0,-1732.49,0,1009.57,0,-3.46721e-10,1.95589e-10,1252.6,1039.62,1039.62,0,251.031,251.031,6.89182e-10,0,-1572.59,-2443.21,-2443.21,-2443.21,-2927.59,0,0,0,-570.292,-570.292,-570.292,0,956.992,308.406,308.406,120.574,3.4547e-10,60.2912,60.2912,9.19899e-10,3.66154e-10,-6.75665e-11,3.0747e-10,-96.5624,-95.845,-134.455,0,9.88491e-11,0,3689.38,3689.38,3689.38,0,0,0,0,-2.56705e-10,-2.03816e-10,-3375.55,-3375.55,-9.36097e-11,6288.98,917.146,1341.07,0,2.94921e-10,1120.26,3029.55,4.2348e-10,22656.4,12334.1,3399.92,3308.78,-57.9561,-3645.98,-3645.98,1.04352e-10,90669.3,-987.854,5.82162e-10,-1.09563e-10,-1140.56,-1833.17,-4528.81,5.19394e-10,-3.13389e-10,-3.42326e-10,-557.222,1.90091e-12,-3.67242e-10,-4.35252e-10,-7186.28,1.21785e-09,-5326.83,3.91656e-10,-838.722,-2552.99,6.62405e-11,-1755.1,4.02313e-10,-2448.75,4401.66,-1.21342e-11,4.59107e-10,3155.7,3155.7,1.2184e-10,-5.17696,-5.17696,4.71054e-10,-367.466,0,1.52974e-09,3048.78,7453.98,0,0
2020-08-08 06:00:00 UTC,3273.8,957.961,-3651.37,676.308,676.308,255.063,-1279.9,-1465.4,1723.34,1723.34,-1916.44,-1512,6742.94,24.5377,-822.387,-1561.52,-2927.64,-926.298,5222.91,723.469,-283.831,2579.14,2579.14,2407.38,3261.72,953.375,616.307,-360.353,-111.218,-1935.8,675.338,675.338,1525.49,849.977,849.977,5231.64,-2915.33,-2924.64,10117.4,10117.4,-3296.81,-6059.2,-3108.36,-1917.96,-4435.19,6204.7,8732.47,8796.81,9296.49,-187.523,1539,1539,-321.3,326.391,470.184,-349.339,-349.339,2492.36,-1188.31,-542.069,-1561.55,1837.3,1980.96,-1019.65,-1019.65,437.357,571.808,-504.562,-504.562,-473.979,-2440.29,1701.62,-849.095,-849.095,-60.9887,-60.9887,-18.2606,-15.202,-23.2245,82.4009,160.315,-125.039,9.36565,8.73456,-2.66994,36.4701,7.4504,-438.54,-438.54,-51.738,-51.738,-51.2422,-51.2422,864.428,864.428,864.428,-287.644,-287.644,-109.497,211.608,109.731,109.731,-146.392,-146.392,384.37,138.069,1917.96,-0.229996,-0.229996,1618.88,1618.88,1618.88,-4661.46,1219.3,1219.3,1294.55,1294.55,0.316,-396.24,-396.24,138.23,138.23,5454.73,5454.73,-5153.8,-5153.8,0,234.236,2282.86,941.155,-2084.89,-2084.89,1748.26,-9409.24,-4122.92,1823.52,5394.05,5394.05,-1341.36,-1341.36,4626.85,4626.85,-494.284,-1174.65,-7135.68,-3140.6,-2259.33,-2259.33,1402.26,1402.26,1402.26,-3544.22,-3544.22,4593.83,-4.17556e-11,-4.17556e-11,-1667.56,3103.66,3103.66,-4458.18,1571.23,-1223.13,0,-2792.57,-1220.04,4223.92,3118.27,3118.27,445.522,-235.049,52.1059,3392.24,3392.24,2083.38,-998.827,-998.827,-10064.3,6409.59,10064.3,-8741.93,-8806.42,-9306.25,12726.8,-2571.21,2438.35,-8732.47,-8796.81,-9296.49,9903.28,5311.52,2871.67,-948.509,-15173.6,-2586.56,-12420.1,-30749.2,-16924,-16924,-2048.08,9408.67,-909.719,-2027.8,-799.016,993.363,-1001.72,1053.25,895.007,981.132,-1039.64,-1063.67,-1045.37,1011.16,-323.27,-323.27,945.098,-4159.03,-4159.03,9323.86,-935.752,-1322.8,1025.67,-749.801,-2541.59,-4131.16,-4131.16,-6901.38,-8652.49,-9136.51,-17732.3,9507.95,-4935.89,6901.38,-1875.76,-4929.42,-8938.49,-5240.92,-5239.03,1875.76,8652.49,9136.51,-3793.25,-3837.71,-2678.57,-3110.44,-2586.24,-2825.01,-2153.25,-2153.25,-496.648,-869.462,2023.06,2283.44,-3849.59,8652.49,8652.49,9136.51,9136.51,1567.81,1567.81,-92.8835,-358.875,-1240.23,-1240.23,-5205,-5205,4996.92,4996.92,-1389.14,107.501,-2811.01,3468.5,-14352.4,15590.6,17402.5,-11010.1,2811.01,-3292.61,-2089.47,2799.99,-147.903,-147.903,-1005.66,-1005.66,311.909,-400.541,2444.87,419.582,-76.4513,-76.4513,-2026.17,-656.53,-2725.32,-1950.27,-153.605,-153.605,-246.112,-246.208,-2114.05,-2114.05,-2303.37,-1204.32,-1738.17,-961.917,-557.208,-180.707,-180.707,46.3554,52.3802,0,684.802,761.486,0,7.5825,-900.452,-900.452,-35.0025,-396.003,420.947,423.15,-67.3515,497.707,485.845,-1689.07,2902.82,6646.1,1270.05,520.138,520.138,-229.276,-2114.43,-2114.43,-995.431,-988.255,-6.87713e-10,0,-858.07,-858.07,0,1.15331e-09,0,-1533.54,0,952.599,0,-1.5569e-10,1.43911e-10,1189.87,968.239,968.239,0,235.786,235.786,-3.74815e-10,0,-1404.94,-2197,-2197,-2197,-2675.69,0,0,0,-509.101,-509.101,-509.101,0,911.376,298.745,298.745,121.977,6.92515e-10,60.9929,60.9929,1.51146e-10,2.33398e-10,7.76332e-10,4.51176e-10,-92.0248,-91.341,-126.944,0,3.74727e-11,0,3426.85,3426.85,3426.85,0,0,0,0,-4.03558e-10,1.92268e-10,-3156.98,-3156.98,-1.72727e-11,5749.8,849.252,1241.8,0,-9.01003e-11,1058.36,2798.99,1.472e-11,21007.9,11499.3,3225.17,3129.63,-52.1059,-3399,-3399,-6.97726e-11,83765.4,-883.201,2.13429e-10,-1.60791e-11,-1084.57,-1743.18,-4306.5,-3.76417e-10,-2.8528e-10,3.85878e-10,-552.181,1.31825e-10,2.18019e-10,4.31605e-10,-7115.73,1.98955e-10,-4929.42,-6.82891e-10,-817.072,-2279.36,1.83958e-10,-1586.43,1.07438e-09,-2271.16,3976.44,5.01566e-10,5.21394e-11,2959.85,2959.85,-2.1456e-10,-37.4731,-37.4731,-1.4338e-10,-255.063,0,-3.95036e-10,2868.98,6932.66,0,0
