timestamp,0,1,2,3,4,5,6,7,8,9,10,11,12,13,14,15,16,17,18,19,20,21,22,23,24,25,26,27,28,29,30,31,32,33,34,35,36,37,38,39,40,41,42,43,44,45,46,47,48,49,50,51,52,53,54,55,56,57,58,59,60,61,62,63,64,65,66,67,68,69,70,71,72,73,74,75,76,77,78,79,80,81,82,83,84,85,86,87,88,89,90,91,92,93,94,95,96,97,98,99,100,101,102,103,104,105,106,107,108,109,110,111,112,113,114,115,116,117,118,119,120,121,122,123,124,125,126,127,128,129,130,131,132,133,134,135,136,137,138,139,140,141,142,143,144,145,146,147,148,149,150,151,152,153,154,155,156,157,158,159,160,161,162,163,164,165,166,167,168,169,170,171,172,173,174,175,176,177,178,179,180,181,182,183,184,185,186,187,188,189,190,191,192,193,194,195,196,197,198,199,200,201,202,203,204,205,206,207,208,209,210,211,212,213,214,215,216,217,218,219,220,221,222,223,224,225,226,227,228,229,230,231,232,233,234,235,236,237,238,239,240,241,242,243,244,245,246,247,248,249,250,251,252,253,254,255,256,257,258,259,260,261,262,263,264,265,266,267,268,269,270,271,272,273,274,275,276,277,278,279,280,281,282,283,284,285,286,287,288,289,290,291,292,293,294,295,296,297,298,299,300,301,302,303,304,305,306,307,308,309,310,311,312,313,314,315,316,317,318,319,320,321,322,323,324,325,326,327,328,329,330,331,332,333,334,335,336,337,338,339,340,341,342,343,344,345,346,347,348,349,350,351,352,353,354,355,356,357,358,359,360,361,362,363,364,365,366,367,368,369,370,371,372,373,374,375,376,377,378,379,380,381,382,383,384,385,386,387,388,389,390,391,392,393,394,395,396,397,398,399,400,401,402,403,404,405,406,407,408,409,410,411,412,413,414,415,416,417,418,419,420,421,422,423,424,425,426,427,428,429,430,431,432,433,434,435,436,437,438,439,440,441,442,443,444,445,446,447,448,449,450
2020-08-01 07:00:00 UTC,-154.022,-82.9828,251.811,-43.1172,-43.1172,-74.1759,56.7799,100.306,-190.828,-190.828,452.501,152.079,-720.711,-27.4078,60.3448,160.496,399.98,86.9707,-337.706,-54.319,-18.831,-111.74,-111.74,-200.94,-263.274,-93.085,-16.1458,9.32716,5.98784,135.958,-75.4963,-75.4963,-165.878,-93.5647,-93.5647,-238.455,123.055,154.117,-761.229,-761.229,166.699,370.866,325.186,166.52,199.377,-286.315,-973.152,-992.362,-983.438,11.4663,-90.4057,-90.4057,22.2492,-44.9577,-60.5672,6.33108,6.33108,-211.356,122.867,62.5064,176.024,-155.788,-83.6017,110.329,110.329,-7.13837,-18.4898,110.621,110.621,13.5438,282.06,-196.639,-85.5016,-85.5016,0.609446,0.609446,0.364555,0.577127,0.789723,-6.65164,-3.69691,13.681,-1.21848,-1.24451,-1.43237,-4.43561,2.60498,65.3869,65.3869,9.57873,9.57873,11.0383,11.0383,-66.1656,-66.1656,-66.1656,22.2815,22.2815,1.61307,-29.9072,-12.0697,-12.0697,12.9666,12.9666,-67.8929,-15.0126,-166.52,-6.72648,-6.72648,-137.6,-137.6,-137.6,440.275,-109.486,-109.486,-114.312,-114.312,-5.70063,34.195,34.195,-9.10857,-9.10857,-559.327,-559.327,472.161,472.161,0,-25.0061,-198.422,-84.0845,235.126,235.126,-156.539,908.703,489.187,-161.325,-555.301,-555.301,117.91,117.91,-480.773,-480.773,45.6782,120.59,143.66,656.543,206.763,206.763,-126.738,-126.738,-126.738,425.944,425.944,-478.426,-1.06542e-09,-1.06542e-09,193.901,-343.644,-343.644,457.862,-179.378,54.312,0,247.036,176.397,-459.645,-344.936,-344.936,-55.5497,17.4493,-10.3778,-284.024,-284.024,74.7589,63.3426,63.3426,1038.57,-192.784,-1038.57,736.503,751.769,728.598,-1046.07,400.712,-280.32,973.152,992.362,983.438,-674.968,-11.1274,-71.2197,452.445,1600.91,63.8111,1629.19,4103.92,2172.04,2172.04,165.59,-912.433,131.128,175.826,132.959,-90.9272,165.036,-135.169,-144.027,-146.487,178.162,175.741,178.842,-133.366,53.3171,53.3171,-129.663,381.99,381.99,-894.173,142.204,157.341,-132.24,137.543,370.95,717.699,717.699,298.573,596.312,650.4,1944.52,-599.152,376.932,-298.573,-4.82417,426.053,697.936,410.811,408.382,4.82417,-513.132,-557.628,139.723,117.94,160.373,67.8231,-21.9005,165.368,87.9518,87.9436,-44.6993,81.6143,-78.2084,-101.812,50.5067,-500.632,-596.312,-543.687,-650.4,-88.5428,-88.5428,-66.861,-177.287,34.9178,34.9178,145.534,145.534,-244.474,-244.474,51.1315,34.878,11.1365,-194.011,896.399,-2588.75,-1983.5,4949.96,-11.1365,1091.5,-202.837,-248.32,121.863,121.863,70.8773,70.8773,148.289,275.347,-386.05,6.77661,22.5007,22.5007,71.3461,162.656,-299.154,43.5842,17.2088,17.2088,33.449,32.976,211.409,211.409,277.558,94.2308,212.879,-39.1619,163.184,-146.698,-146.698,81.5224,92.3257,0,78.6293,148.462,0,79.1799,-208.697,-208.697,-106.621,29.3777,-89.7204,-90.3732,-98.9184,-0.0552104,8.10989,128.348,-19.8929,-479.484,-177.276,-73.9139,-73.9139,37.3214,133.492,133.492,6.20112,6.69543,-376.338,0,19.0977,19.0977,-4.58274e-09,369.535,0,135.593,-1.14572e-08,-96.0533,-6.9107e-09,37.3406,-46.7394,-23.8766,-66.7694,-66.7694,0,-32.4668,-32.4668,-49.6185,-2.34737e-10,0.674775,395.98,395.98,395.98,0.692323,-1.60072e-08,-2.42059e-10,0,26.7506,26.7506,26.7506,9.16495e-09,-26.2513,-6.74371,-6.74371,-1.21889,391.343,-5.05204,-5.05204,3.58824,9.90792,2.48438,-33.8855,17.0952,16.9548,6.3622,0,-5.76545,-1.13707e-08,-217.512,-217.512,-217.512,-4.54969e-09,0,0,0,5.55603,522.87,86.9631,86.9631,-183.733,-415.106,-43.7886,-63.4406,0,138.608,-203.14,-56.1907,-452.702,-379.449,-805.577,-515.745,41.3659,10.3778,283.665,283.665,577.754,167.282,83.875,1243.72,1110.77,51.1791,74.0484,180.021,852.891,341.55,377.392,-297.101,228.88,2480.06,-3260.81,-1339.16,6824.29,444.864,-959.239,728.368,-10.4618,420.935,-118.201,211.358,63.4921,482.976,66.3217,296.972,-110.12,-110.12,107.655,157.849,157.849,578.592,74.1759,0,195.615,-58.1604,-394.446,0,0
2020-08-01 08:00:00 UTC,-149.764,-81.4324,251.264,-44.8715,-44.8715,-65.9084,57.3208,101.52,-191.617,-191.617,422.042,141.064,-682.867,-31.7152,55.2607,152.017,380.4,82.5861,-318.881,-50.0852,-12.3501,-105.728,-105.728,-190.462,-252.676,-89.1606,-15.51,8.51511,6.93509,127.805,-71.4886,-71.4886,-156.907,-88.4129,-88.4129,-225.335,114.742,143.777,-713.05,-713.05,155.175,348.973,307.121,157.58,185.948,-267.311,-902.479,-920.395,-911.732,10.7212,-84.8975,-84.8975,20.7934,-42.3057,-57.0321,5.82697,5.82697,-199.265,114.724,58.2538,165.311,-146.693,-78.9969,104.074,104.074,-6.7322,-17.6121,106.283,106.283,12.5844,267.57,-187.1,-80.933,-80.933,0.491912,0.491912,0.294684,0.501144,0.67936,-6.28547,-3.55286,12.9138,-1.19572,-1.22301,-1.35279,-4.227,2.54764,61.3564,61.3564,8.94785,8.94785,10.3221,10.3221,-62.1737,-62.1737,-62.1737,21.3804,21.3804,1.86585,-28.1225,-11.5688,-11.5688,12.2526,12.2526,-63.2371,-14.235,-157.58,-6.28036,-6.28036,-130.653,-130.653,-130.653,416.116,-103.877,-103.877,-108.531,-108.531,-5.70063,32.3461,32.3461,-9.4225,-9.4225,-533.48,-533.48,448.675,448.675,0,-24.1773,-188.991,-80.1077,223.576,223.576,-148.521,857.425,461.827,-153.138,-529.271,-529.271,112.074,112.074,-458.043,-458.043,43.8314,114.816,124.525,644.438,195.519,195.519,-120.031,-120.031,-120.031,399.838,399.838,-455.764,7.0097e-11,7.0097e-11,182.892,-324.473,-324.473,431.425,-167.926,53.8816,0,233.346,171.016,-432.52,-325.618,-325.618,-52.7569,16.4875,-9.12829,-269.049,-269.049,74.9436,63.109,63.109,962.215,-179.762,-962.215,695.012,709.453,688.171,-981.344,373.925,-264.274,902.479,920.395,911.732,-650.869,-10.2142,-60.7527,429.924,1529.48,57.5974,1556.42,3909.46,2066.97,2066.97,161.851,-870.049,124.069,170.893,127.346,-89.7602,156.885,-130.087,-137.344,-139.855,170.037,167.696,170.685,-128.25,49.2117,49.2117,-124.681,366.077,366.077,-855.723,132.575,149.527,-127.188,131.113,356.941,676.967,676.967,287.745,573.245,625.288,1878.38,-582.126,358.441,-287.745,-4.78477,400.842,665.724,391.801,389.461,4.78477,-496.297,-539.467,134.545,113.562,154.866,64.8966,-20.3065,155.767,84.3715,84.3633,-42.2157,75.2035,-74.9365,-97.6326,50.5537,-484.734,-573.245,-526.571,-625.288,-86.5449,-86.5449,-64.998,-172.216,34.7267,34.7267,142.277,142.277,-235.354,-235.354,43.9025,32.8404,9.51209,-188.751,878.833,-2480.61,-1914.96,4891.36,-9.51209,1056.2,-185.018,-239.522,110.364,110.364,62.3962,62.3962,151.205,269.982,-366.61,7.5518,20.512,20.512,60.163,160.169,-325.678,34.8734,15.2953,15.2953,29.9903,29.5653,201.031,201.031,263.534,89.5178,200.173,-45.1476,143.861,-139.091,-139.091,76.6365,86.7834,0,76.8148,144.85,0,74.5345,-203.815,-203.815,-99.2084,22.3958,-84.7351,-85.3553,-93.5554,-2.32655,6.08001,120.422,-19.335,-466.077,-171.059,-71.1147,-71.1147,36.4044,129.457,129.457,5.69533,6.17371,-369.812,0,21.6629,21.6629,0,347.332,0,122.368,0,-91.6079,4.58284e-09,37.2143,-46.4314,-23.075,-63.3015,-63.3015,0,-31.3065,-31.3065,-47.1627,0,0.59766,366.131,366.131,366.131,0.622296,0,-1.14054e-10,0,24.7531,24.7531,24.7531,0,-25.0045,-6.45521,-6.45521,-0.983824,369.467,-4.93537,-4.93537,3.18465,9.14918,2.18203,-32.9828,16.2695,16.1359,6.04812,0,-5.76545,4.54802e-09,-212.307,-212.307,-212.307,0,0,0,0,3.99658,486.476,83.4536,83.4536,-186.507,-394.591,-46.4133,-67.3068,0,126.685,-195.987,-54.2773,-451.329,-392.555,-787.812,-494.417,33.8362,9.12829,268.733,268.733,545.394,149.934,78.2367,1111.04,1054.33,49.0824,70.9734,172.569,810.19,329.427,358.333,-288.155,212.129,2355.25,-3245.68,-1331.7,6742.28,417.854,-955.044,730.001,-16.3287,404.431,-118.609,208.688,57.1034,502.923,64.1195,292.706,-104.695,-104.695,98.4244,153.997,153.997,548.668,65.9084,0,189.858,-58.4187,-385.739,0,0
2020-08-01 09:00:00 UTC,-147.514,-80.7733,253.734,-46.9785,-46.9785,-59.6025,58.613,103.847,-194.164,-194.164,403.806,133.227,-659.313,-33.5464,51.3027,148.051,366.14,79.395,-307.078,-47.4072,-7.38255,-101.179,-101.179,-183.955,-246.722,-86.9543,-15.1011,7.99679,7.84896,122.637,-68.8948,-68.8948,-150.939,-84.9196,-84.9196,-216.586,108.561,136.085,-678.474,-678.474,146.746,334.012,295.74,151.935,176.279,-253.645,-852.187,-869.174,-860.728,10.0311,-80.967,-80.967,19.9105,-40.2844,-53.223,5.63896,5.63896,-190.086,110.271,55.2713,157.948,-139.69,-75.4274,99.8282,99.8282,-6.64035,-17.5563,103.901,103.901,12.249,258.716,-180.778,-78.1527,-78.1527,0.638314,0.638314,0.266582,0.473972,0.596693,-6.02064,-3.56212,12.2526,-1.1844,-1.21228,-1.26258,-4.04685,2.53845,58.6879,58.6879,8.24596,8.24596,9.52574,9.52574,-59.5208,-59.5208,-59.5208,20.91,20.91,2.42089,-26.5571,-11.2991,-11.2991,11.727,11.727,-60.0223,-13.6488,-151.935,-6.01752,-6.01752,-125.83,-125.83,-125.83,399.435,-100.044,-100.044,-104.601,-104.601,-5.70063,31.1331,31.1331,-9.743,-9.743,-515.783,-515.783,432.801,432.801,0,-23.6958,-182.567,-77.3145,215.741,215.741,-142.914,821.978,442.895,-147.436,-511.397,-511.397,108.197,108.197,-442.522,-442.522,42.6403,110.898,110.953,636.363,187.66,187.66,-115.242,-115.242,-115.242,381.284,381.284,-440.281,2.0833e-10,2.0833e-10,174.949,-310.651,-310.651,412.582,-159.412,53.9214,0,223.629,167.247,-412.645,-311.696,-311.696,-51.0477,15.5785,-8.37032,-259.312,-259.312,74.8245,62.7178,62.7178,908.287,-170.181,-908.287,664.686,678.523,658.571,-933.972,355.113,-252.867,852.187,869.174,860.728,-632.776,-9.04268,-51.9186,415.276,1482.54,53.3973,1508.03,3780.73,1997.53,1997.53,159.76,-840.262,119.783,168.112,123.446,-89.1337,151.402,-126.585,-132.826,-135.364,164.63,162.343,165.257,-124.743,46.3374,46.3374,-121.268,355.276,355.276,-829.471,126.099,144.169,-123.724,126.607,347.369,649.232,649.232,280.694,558.024,608.713,1834.16,-571.994,346.678,-280.694,-4.79679,385,644.399,379.214,376.935,4.79679,-485.088,-527.367,131.083,110.654,151.288,62.9845,-19.2006,149.742,81.9873,81.9791,-40.561,71.383,-72.7633,-94.8414,50.4958,-474.128,-558.024,-515.143,-608.713,-85.2505,-85.2505,-63.8452,-169.09,34.598,34.598,140.155,140.155,-229.288,-229.288,39.4838,31.5887,8.27051,-185.299,867.436,-2408.84,-1869.12,4858.25,-8.27051,1031.12,-173.248,-233.741,102.727,102.727,56.324,56.324,152.951,266.483,-354.479,8.09673,19.3703,19.3703,53.0752,158.557,-342.336,29.2018,14.0115,14.0115,27.5935,27.2019,194.298,194.298,254.24,86.2143,191.644,-50.282,129.631,-134.116,-134.116,73.3935,83.0924,0,76.1541,143.233,0,71.5113,-202.069,-202.069,-94.1182,16.8309,-81.4761,-82.075,-89.9848,-4.14039,4.51582,115.409,-19.1262,-458.61,-166.682,-69.263,-69.263,35.4947,127.473,127.473,5.36632,5.83697,-368.334,0,24.2897,24.2897,0,333.69,0,116.375,0,-89.1206,0,37.1396,-47.2289,-22.6588,-61.0871,-61.0871,0,-30.6379,-30.6379,-45.4299,0,0.538262,344.788,344.788,344.788,0.578278,0,0,0,23.2638,23.2638,23.2638,0,-24.6109,-6.58191,-6.58191,-1.27663,355.55,-5.08082,-5.08082,2.74304,8.54043,1.85116,-32.059,15.6526,15.5238,5.88789,0,-5.76545,0,-208.577,-208.577,-208.577,0,0,0,0,3.1163,463.58,81.0164,81.0164,-187.523,-379.526,-47.9636,-69.5955,0,118.621,-191,-52.8844,-449.182,-400.088,-775.219,-479.664,29.0476,8.37032,259.024,259.024,524.087,138.65,74.8483,1025.4,1016.45,47.6797,68.9239,167.605,779.719,321.864,345.787,-282.641,201.537,2270.64,-3243.95,-1330.8,6696.09,400.921,-953.709,730.472,-20.191,394.458,-118.768,207.057,52.8062,515.716,63.0402,290.497,-101.224,-101.224,92.996,152.427,152.427,529.282,59.6025,0,187.713,-58.1027,-379.59,0,0
2020-08-01 10:00:00 UTC,-147.901,-81.6571,262.992,-50.0607,-50.0607,-54.0247,62.0493,109.557,-200.174,-200.174,393.808,128.107,-647.098,-36.2533,48.3834,146.867,358.736,77.7391,-300.128,-45.5485,-2.19248,-98.6419,-98.6419,-180.718,-244.849,-86.2257,-14.8762,7.71171,8.82893,119.859,-67.4932,-67.4932,-147.753,-83.0744,-83.0744,-211.674,103.649,129.968,-651.834,-651.834,140.304,323.112,289.362,148.765,169.256,-244.405,-813.374,-829.643,-821.377,9.2798,-77.9862,-77.9862,19.5497,-38.5654,-48.2395,5.79284,5.79284,-182.349,109.106,52.9671,153.581,-133.57,-72.2921,97.8478,97.8478,-6.87657,-18.4037,103.275,103.275,12.5399,254.38,-177.009,-77.0016,-77.0016,1.11818,1.11818,0.279805,0.493989,0.527225,-5.81251,-3.71262,11.5283,-1.16206,-1.19114,-1.11424,-3.83327,2.56085,56.93,56.93,7.31523,7.31523,8.46878,8.46878,-57.782,-57.782,-57.782,20.7065,20.7065,3.4547,-24.808,-11.2315,-11.2315,11.2448,11.2448,-57.7964,-13.1123,-148.765,-5.85826,-5.85826,-122.518,-122.518,-122.518,388.024,-97.3864,-97.3864,-101.992,-101.992,-5.70063,30.3617,30.3617,-10.2345,-10.2345,-504.062,-504.062,422.611,422.611,0,-23.5462,-178.415,-75.418,210.704,210.704,-139.001,797.603,429.866,-143.573,-499.425,-499.425,105.79,105.79,-432.22,-432.22,41.8086,108.391,100.156,633.212,182.24,182.24,-111.805,-111.805,-111.805,367.646,367.646,-429.949,2.82706e-10,2.82706e-10,169.227,-300.337,-300.337,398.31,-153.016,53.5245,0,215.931,164.434,-397.652,-301.3,-301.3,-50.2557,14.7622,-7.97905,-253.624,-253.624,74.6275,62.3946,62.3946,866.685,-162.277,-866.685,640.776,654.134,635.193,-895.993,340.685,-243.731,813.374,829.643,821.377,-618.933,-7.39684,-42.5911,406.891,1455.96,50.5047,1479.68,3706.12,1957.35,1957.35,159.356,-819.632,117.628,167.404,121.087,-88.7028,148.03,-124.377,-130.031,-132.583,161.503,159.246,162.118,-122.555,44.241,44.241,-119.138,348.334,348.334,-812.664,121.669,140.654,-121.562,123.855,341.493,630.761,630.761,276.629,549.574,599.511,1809.42,-569.158,339.92,-276.629,-4.68741,375.946,632.71,372.315,370.068,4.68741,-478.815,-520.593,129.139,109.018,149.212,61.8934,-18.7242,146.464,80.6953,80.6871,-39.7817,69.2639,-71.5901,-93.3166,50.6911,-468.182,-549.574,-508.734,-599.511,-84.3904,-84.3904,-63.0065,-166.821,34.4043,34.4043,138.685,138.685,-226.016,-226.016,37.2293,30.7294,7.56524,-183.219,858.041,-2370.66,-1843.3,4825.38,-7.56524,1015.34,-166.747,-230.476,98.5769,98.5769,51.9188,51.9188,154.157,264.414,-348.085,8.49419,18.5803,18.5803,49.846,157.744,-349.373,26.9345,12.9797,12.9797,25.7686,25.4026,190.243,190.243,248.493,84.0517,186.091,-55.6178,118.35,-131.154,-131.154,71.3683,80.7605,0,76.7496,143.655,0,69.5836,-202.934,-202.934,-90.6281,11.7542,-79.6869,-80.2754,-87.8034,-6.09108,2.97643,113.67,-19.4806,-457.639,-163.893,-68.2248,-68.2248,34.5991,128.417,128.417,5.15056,5.62212,-373.617,0,27.8647,27.8647,0,326.899,0,112.344,0,-88.3019,0,37.102,-48.7637,-22.6074,-59.8921,-59.8921,0,-30.4087,-30.4087,-44.2767,0,0.487184,328.063,328.063,328.063,0.5516,0,0,0,21.84,21.84,21.84,0,-25.0894,-7.20025,-7.20025,-2.23635,348.307,-5.55706,-5.55706,2.16126,7.65616,1.43399,-30.6928,15.1337,15.0085,5.80383,0,-5.76545,0,-206.311,-206.311,-206.311,0,0,0,0,2.76596,450.81,79.43,79.43,-187.792,-367.937,-49.2364,-71.471,0,113.139,-187.582,-51.88,-447.788,-405.081,-767.925,-470.598,26.3513,7.97905,253.361,253.361,511.823,131.426,72.9536,978.611,996.148,46.9099,67.8083,164.907,762.972,316.822,339.161,-278.695,196.074,2229.35,-3234.01,-1326.18,6650.24,391.251,-950.613,730.688,-22.666,389.755,-119.091,206.079,50.6715,521.227,62.5229,290.042,-99.2528,-99.2528,89.4411,153.324,153.324,518.719,54.0247,0,191.386,-57.1328,-376.123,0,0
2020-08-01 11:00:00 UTC,-150.612,-83.9428,278.808,-54.0356,-54.0356,-49.6339,67.6561,118.659,-209.122,-209.122,389.937,125.671,-644.234,-41.0159,46.667,147.143,358.622,77.7136,-296.868,-44.2465,3.39217,-97.6879,-97.6879,-180.62,-247.889,-87.2367,-14.8104,7.62399,10.3338,119.167,-67.0534,-67.0534,-146.512,-82.25,-82.25,-209.639,100.148,125.607,-633.998,-633.998,135.7,316.333,287.14,147.651,164.19,-237.188,-787.271,-803.054,-794.916,8.68232,-75.9679,-75.9679,19.5739,-37.3285,-43.6261,6.07841,6.07841,-176.754,109.863,51.5753,151.308,-128.957,-69.9187,97.0115,97.0115,-7.2506,-19.618,103.786,103.786,13.1319,253.614,-175.508,-75.7186,-75.7186,1.69035,1.69035,0.309342,0.538388,0.475623,-5.6659,-3.95968,10.9666,-1.16678,-1.19553,-0.997927,-3.6789,2.65274,55.9803,55.9803,6.42004,6.42004,7.45615,7.45615,-56.8203,-56.8203,-56.8203,20.9919,20.9919,4.53439,-23.427,-11.2948,-11.2948,10.9589,10.9589,-56.1764,-12.7649,-147.651,-5.81297,-5.81297,-121.106,-121.106,-121.106,383.157,-96.1486,-96.1486,-101.061,-101.061,-5.70063,30.1393,30.1393,-11.0995,-11.0995,-500.214,-500.214,419.954,419.954,0,-23.8971,-177.323,-74.7757,209.402,209.402,-137.271,786.958,424.174,-142.147,-495.16,-495.16,105.305,105.305,-428.72,-428.72,41.5737,107.758,92.2113,637.871,179.879,179.879,-110.197,-110.197,-110.197,360.105,360.105,-426.296,-2.97928e-09,-2.97928e-09,166.315,-294.422,-294.422,389.87,-149.09,52.9481,0,210.883,163.163,-388.607,-295.337,-295.337,-50.4412,14.1923,-8.01166,-252.119,-252.119,74.509,62.2018,62.2018,839.316,-156.316,-839.316,624.44,637.472,619.202,-869.218,331.854,-237.775,787.271,803.054,794.916,-611.128,-5.12725,-31.9953,406.841,1457.03,49.1845,1478.38,3705.05,1956.92,1956.92,160.95,-810.824,118.421,169.155,121.023,-88.7874,147.437,-123.978,-129.537,-132.092,161.434,159.175,162.048,-122.167,43.0692,43.0692,-118.76,346.206,346.206,-807.756,120.195,139.643,-121.177,123.549,341.181,624.238,624.238,275.882,551.089,601.162,1815.92,-576.824,337.126,-275.882,-3.43837,372.044,635.558,374,371.743,3.43837,-479.928,-521.796,129.934,109.703,150.023,62.2639,-18.6894,144.976,81.1886,81.1804,-39.9373,67.2934,-72.046,-93.8682,50.5895,-469.234,-551.089,-509.869,-601.162,-84.8647,-84.8647,-63.3462,-168.374,34.6986,34.6986,139.712,139.712,-227.042,-227.042,34.1657,30.7419,7.01845,-184.061,865.57,-2382.02,-1849.8,4872.01,-7.01845,1008.38,-164.713,-230.132,97.5158,97.5158,48.4938,48.4938,156.282,262.912,-344.967,9.1321,17.0843,17.0843,49.1563,158.855,-348.248,28.0166,11.5638,11.5638,23.6078,23.2724,188.922,188.922,246.144,82.8669,183.346,-60.6048,107.738,-128.349,-128.349,69.5761,78.6891,0,77.1959,143.886,0,67.8012,-203.297,-203.297,-87.5611,7.2526,-78.8037,-79.3897,-85.9123,-8.74204,0.888504,115.048,-20.3719,-465.952,-163.328,-68.2738,-68.2738,33.8306,131.987,131.987,5.03591,5.51483,-383.609,0,32.0037,32.0037,0,326.58,0,107.698,0,-89.442,0,37.0957,-51.7467,-23.0562,-59.598,-59.598,0,-30.7047,-30.7047,-43.4514,0,0.450161,316.644,316.644,316.644,0.536875,0,0,0,21.0156,21.0156,21.0156,0,-25.9654,-7.98326,-7.98326,-3.3807,343.798,-6.12415,-6.12415,1.61395,7.21176,0.99437,-29.9553,14.7808,14.6577,5.80022,0,-5.76545,0,-206.294,-206.294,-206.294,0,0,0,0,3.04954,447.113,79.1228,79.1228,-187.534,-360.743,-50.1039,-72.75,0,110.575,-186.515,-51.4424,-448.536,-408.38,-768.766,-469.671,26.2361,8.01166,251.87,251.87,511.381,128.998,71.2115,981.458,1001.47,47.1803,68.2204,165.914,765.12,319.073,342.612,-280.564,198.247,2246.93,-3274.22,-1345.26,6715.81,387.053,-943.96,731.917,-25.8868,389.47,-120.632,207.463,50.7654,520.833,61.6658,290.737,-98.6981,-98.6981,87.4822,154.821,154.821,511.666,49.6339,0,200.674,-55.3577,-376.736,0,0
2020-08-01 12:00:00 UTC,-155.755,-87.4212,300.053,-58.693,-58.693,-48.0351,74.9442,130.276,-220.86,-220.86,399.122,126.569,-657.283,-43.6791,46.1062,152.135,364.507,79.0299,-301.392,-44.5972,7.00709,-98.3911,-98.3911,-184.732,-256.174,-90.153,-14.982,7.83263,11.9416,121.519,-68.1131,-68.1131,-148.662,-83.3813,-83.3813,-212.471,99.2959,124.545,-633.738,-633.738,134.696,318.576,292.439,150.277,163.265,-235.867,-786.154,-801.919,-793.774,8.32762,-75.9878,-75.9878,19.9924,-37.0456,-40.5477,6.51455,6.51455,-175.654,113.035,51.4462,152.849,-127.815,-69.3295,98.6639,98.6639,-7.77225,-21.1774,106.179,106.179,14.1046,258.93,-178.126,-76.4886,-76.4886,2.30613,2.30613,0.361915,0.611144,0.465897,-5.65697,-4.25056,10.7191,-1.17247,-1.20086,-0.90611,-3.60376,2.79551,56.5376,56.5376,5.7849,5.7849,6.74115,6.74115,-57.3632,-57.3632,-57.3632,21.7888,21.7888,5.49968,-22.7782,-11.5671,-11.5671,10.9548,10.9548,-56.1115,-12.7333,-150.277,-5.92363,-5.92363,-122.254,-122.254,-122.254,387.063,-97,-97,-102.232,-102.232,-5.70063,30.5542,30.5542,-11.8512,-11.8512,-505.948,-505.948,425.937,425.937,0,-24.5313,-179.706,-75.6229,212.382,212.382,-138.533,794.802,428.369,-143.726,-500.547,-500.547,106.934,106.934,-433.599,-433.599,42.0498,109.277,90.4239,648.451,181.609,181.609,-111.032,-111.032,-111.032,361.729,361.729,-431.02,-7.8482e-10,-7.8482e-10,167.228,-295.277,-295.277,391.071,-148.804,53.4638,0,211.101,164.603,-388.797,-296.175,-296.175,-51.6847,13.9463,-8.41772,-256.068,-256.068,74.8701,62.5146,62.5146,838.787,-155.133,-838.787,623.666,636.684,618.428,-865.99,332.433,-237.887,786.154,801.919,793.774,-613.383,-3.47273,-25.0357,415.062,1485.34,49.9986,1504.85,3777.68,1996.29,1996.29,164.322,-817.77,121.819,173.115,122.979,-89.8123,149.918,-125.531,-131.571,-134.117,164.474,162.181,165.1,-123.766,43.3154,43.3154,-120.314,350.211,350.211,-817.354,122.06,141.528,-122.755,125.523,346.394,632.511,632.511,279.826,561.624,612.634,1848.09,-591.598,342.395,-279.826,-2.58275,378.965,650.603,382.882,380.581,2.58275,-487.743,-530.234,132.543,111.919,152.9,63.7265,-19.3859,148.081,82.986,82.9778,-41.1306,67.8701,-73.6926,-95.9349,50.8063,-476.641,-561.624,-517.851,-612.634,-86.0032,-86.0032,-64.2596,-171.38,34.9964,34.9964,141.762,141.762,-231.619,-231.619,35.2386,31.4879,6.54871,-186.852,878.46,-2434.03,-1883.3,4946.06,-6.54871,1015.98,-170.484,-233.824,101.456,101.456,48.4217,48.4217,156.975,263.688,-351.876,9.44443,16.5157,16.5157,54.3739,161.31,-331.398,33.8964,10.6699,10.6699,22.5662,22.2459,192.147,192.147,249.829,83.6927,185.841,-63.4226,105.114,-128.851,-128.851,69.7465,78.8371,0,78.6108,145.788,0,67.7995,-205.505,-205.505,-87.474,4.77166,-80.0305,-80.6284,-86.2207,-10.6695,-0.493548,120.969,-21.8315,-479.747,-165.256,-69.3781,-69.3781,33.5718,138.182,138.182,5.11841,5.61439,-399.799,0,36.4448,36.4448,0,336.38,0,110.069,0,-92.7368,0,37.1325,-55.7916,-23.9721,-60.6179,-60.6179,0,-31.5823,-31.5823,-43.3902,0,0.437125,315.698,315.698,315.698,0.545487,0,0,0,20.811,20.811,20.811,0,-27.3165,-8.87267,-8.87267,-4.61225,348.797,-6.7335,-6.7335,1.23786,6.96801,0.652666,-29.936,14.7779,14.6541,5.91292,0,-5.76545,0,-208.594,-208.594,-208.594,0,0,0,0,3.79201,455.365,80.5223,80.5223,-187.929,-361.338,-50.6288,-73.5147,0,111.598,-188.59,-51.8054,-451.547,-408.903,-777.595,-476.816,28.7305,8.41772,255.825,255.825,522.938,132.338,71.7395,1033.38,1027.02,48.2092,69.7479,169.628,782.304,325.198,352.393,-285.213,206.578,2311.87,-3334.31,-1373.98,6820.06,394.416,-939.473,732.138,-26.4055,398.007,-122.233,210.665,53.7844,509.705,62.1705,293.474,-100.091,-100.091,89.4423,157.882,157.882,518.484,48.0351,0,215.937,-53.6154,-381.363,0,0
2020-08-01 13:00:00 UTC,-164.118,-91.6937,320.045,-61.4295,-61.4295,-55.2203,81.1322,139.78,-232.972,-232.972,440.695,136.926,-707.902,-38.3862,49.5207,167.456,384.477,83.4986,-325.558,-49.5796,1.86851,-103.084,-103.084,-198.767,-275.959,-97.2628,-15.7296,8.76982,13.3686,131.283,-72.8345,-72.8345,-159.138,-89.345,-89.345,-227.335,106.188,133.13,-681.429,-681.429,144.093,344.16,315.975,161.948,174.094,-250.599,-853.778,-870.804,-862.304,8.79639,-81.5208,-81.5208,21.5345,-39.4819,-42.3735,7.26334,7.26334,-187.165,122.453,55.1518,164.347,-136.363,-73.7249,106.262,106.262,-8.56978,-23.2784,112.786,112.786,15.8488,278.59,-190.818,-86.0816,-86.0816,2.8854,2.8854,0.463481,0.742254,0.571179,-6.02043,-4.61965,11.4083,-1.20697,-1.23341,-0.934336,-3.7891,3.04015,61.0137,61.0137,6.00536,6.00536,7.00246,7.00246,-61.8173,-61.8173,-61.8173,23.7709,23.7709,5.90665,-24.3258,-12.312,-12.312,11.7561,11.7561,-60.2406,-13.5883,-161.948,-6.33949,-6.33949,-129.065,-129.065,-129.065,410.469,-102.464,-102.464,-107.842,-107.842,-5.66785,32.2679,32.2679,-11.6651,-11.6651,-531.446,-531.446,449.166,449.166,0,-25.3566,-189.053,-79.6357,223.884,223.884,-146.47,844.29,454.813,-151.806,-526.179,-526.179,112.627,112.627,-455.888,-455.888,43.8714,115.048,106.706,664.965,192.566,192.566,-117.624,-117.624,-117.624,386.024,386.024,-453.254,3.52731e-10,3.52731e-10,177.304,-313.256,-313.256,416.874,-158.118,56.951,0,225.331,172.185,-412.891,-314.252,-314.252,-54.4754,14.9406,-9.52291,-271.414,-271.414,76.2073,63.9437,63.9437,911.306,-167.808,-911.306,665.361,679.22,659.162,-928.515,357.602,-254.129,853.778,870.804,862.304,-640.035,-4.94846,-34.1851,437.907,1560.98,55.8049,1581.61,3981.44,2106.64,2106.64,169.883,-858.989,128.541,179.873,128.318,-93.1232,158.294,-130.864,-138.465,-140.972,173.11,170.724,173.77,-129.129,46.9205,46.9205,-125.537,367.195,367.195,-856.085,130.261,149.323,-128.061,131.252,361.532,671.694,671.694,293.065,586.866,640.105,1919.74,-612.523,365.699,-293.065,-3.68265,410.67,684.473,402.872,400.476,3.68265,-506.367,-550.323,137.606,116.264,158.976,66.9221,-21.1979,161.996,86.6368,86.6286,-43.969,75.8047,-77.0389,-100.14,51.3581,-494.27,-586.866,-536.831,-640.105,-88.0474,-88.0474,-66.3181,-176.599,35.3358,35.3358,145.127,145.127,-241.591,-241.591,47.9305,34.158,6.7217,-192.625,900.995,-2546.92,-1957.06,5059.52,-6.7217,1066.36,-195.379,-244.993,117.742,117.742,59.4169,59.4169,152.506,271.251,-381.681,8.08968,19.2952,19.2952,73.3666,164.138,-283.907,49.4336,12.778,12.778,27.2039,26.8188,205.152,205.152,267.724,89.9916,201.471,-58.9761,131.862,-142.161,-142.161,77.3475,87.3931,0,84.6999,155.61,0,74.9848,-218.753,-218.753,-98.3269,9.84021,-87.423,-88.0707,-94.6698,-7.87228,2.39954,135.78,-23.7809,-496.179,-172.303,-72.3995,-72.3995,34.9348,147.346,147.346,5.68774,6.21446,-420.62,0,38.0619,38.0619,0,371.633,0,131.322,0,-100.826,0,37.2816,-61.0974,-25.8799,-64.8073,-64.8073,0,-33.7124,-33.7124,-45.2862,0,0.493448,343.731,343.731,343.731,0.616963,0,0,0,22.6591,22.6591,22.6591,0,-29.6008,-9.83813,-9.83813,-5.7708,384.805,-7.30575,-7.30575,1.4147,7.71439,0.657964,-31.8548,15.6765,15.5445,6.19025,0,-5.66723,0,-214.81,-214.81,-214.81,0,0,0,0,5.35263,489.583,85.3511,85.3511,-189.834,-382.067,-49.8834,-72.3852,0,121.191,-197.216,-53.9572,-457.637,-400.16,-798.938,-497.988,36.0816,9.52291,271.154,271.154,556.296,148.308,78.7564,1170.28,1081.39,50.3041,72.8555,177.179,815.622,337.15,367.448,-295.195,220.807,2436.89,-3414.11,-1412.19,6979.64,428.37,-935.272,731.455,-16.6298,422.529,-121.417,213.554,63.5428,475.082,65.4403,297.43,-105.656,-105.656,99.818,166.906,166.906,569.53,55.2203,0,236.254,-53.4285,-392.495,0,0
2020-08-01 14:00:00 UTC,-173.119,-95.3347,327.476,-59.2454,-59.2454,-75.1994,81.9862,140.453,-241.204,-241.204,500.318,156.786,-780.621,-31.675,58.1757,183.423,419.732,91.3981,-360.33,-57.5918,-13.7476,-111.432,-111.432,-216.515,-298.674,-105.401,-16.7216,10.0381,13.9501,144.288,-79.5708,-79.5708,-175.965,-99.7998,-99.7998,-250.355,123.657,154.866,-787.441,-787.441,166.479,392.876,351.329,179.335,197.513,-280.773,-1010.85,-1030.76,-1021.62,11.3576,-93.2589,-93.2589,23.3665,-45.93,-58.7195,7.20485,7.20485,-216.086,129.617,62.6357,185.9,-159.073,-85.2564,119.924,119.924,-8.42271,-22.3516,118.493,118.493,16.1347,305.363,-212.102,-99.681,-99.681,1.94138,1.94138,0.469798,0.754611,0.83402,-6.83199,-4.31015,13.9712,-1.25199,-1.27608,-1.32765,-4.49802,3.20401,68.4075,68.4075,8.93245,8.93245,10.3403,10.3403,-69.3868,-69.3868,-69.3868,26.1378,26.1378,3.20954,-30.4076,-12.9908,-12.9908,13.6054,13.6054,-67.9964,-15.715,-179.335,-7.39294,-7.39294,-142.832,-142.832,-142.832,457.974,-113.954,-113.954,-119.053,-119.053,-5.42087,35.8975,35.8975,-9.65812,-9.65812,-580.45,-580.45,492.36,492.36,0,-26.2254,-206.263,-86.7188,244.984,244.984,-162.26,945.71,508.913,-167.316,-576.2,-576.2,123.474,123.474,-499.419,-499.419,47.4911,125.632,149.751,678.755,214.557,214.557,-130.794,-130.794,-130.794,439.532,439.532,-496.952,1.48819e-09,1.48819e-09,198.129,-352.459,-352.459,472.076,-180.774,61.446,0,256.174,184.113,-468.539,-354.033,-354.033,-60.1869,15.8585,-12.0396,-298.67,-298.67,76.1834,64.6372,64.6372,1079.38,-197.842,-1079.38,757.399,773.098,748.77,-1072.92,414.51,-289.428,1010.85,1030.76,1021.62,-690.227,-9.29428,-65.0652,477.066,1683.23,68.3971,1708.86,4317.92,2288.58,2288.58,174.202,-942.496,143.069,186.543,137.494,-96.2828,173.408,-139.57,-150.645,-153.046,187.069,184.555,187.783,-138.36,55.6487,55.6487,-134.526,396.861,396.861,-928.401,151.782,163.447,-137.169,141.682,385.658,750.493,750.493,313.716,624.704,681.267,2024.81,-632.009,404.689,-313.716,-5.87429,465.128,735.09,432.739,430.206,5.87429,-533.846,-579.933,144.813,122.538,168.198,71.8028,-23.5792,185.78,91.8596,91.8514,-48.0014,90.7937,-81.8389,-106.137,54.1202,-520.193,-624.704,-564.705,-681.267,-91.1327,-91.1327,-68.9762,-183.242,35.8477,35.8477,150.2,150.2,-256.113,-256.113,70.8269,38.0847,8.11458,-201.296,937.521,-2711.05,-2064.81,5207,-8.11458,1158.19,-236.401,-261.985,144.565,144.565,82.3838,82.3838,143.598,284.909,-431.774,5.54917,25.1089,25.1089,105.509,167.581,-207.205,74.1436,17.6151,17.6151,36.9718,36.4502,226.683,226.683,298.282,101.09,230.031,-41.1573,187.532,-162.764,-162.764,89.83,101.549,0,90.0006,164.725,0,86.6741,-229.284,-229.284,-117.763,26.9512,-99.4942,-100.219,-108.459,-0.780808,8.78438,158.762,-25.5019,-509,-181.867,-77.1475,-77.1475,35.3243,156.536,156.536,6.8217,7.38706,-438.646,0,34.043,34.043,0,425.962,0,154.853,0,-110.187,0,37.4969,-63.3036,-28.0265,-70.3095,-70.3095,0,-36.0773,-36.0773,-48.1663,0,0.704143,410.938,410.938,410.938,0.742241,0,0,0,27.9353,27.9353,27.9353,0,-29.7315,-8.8018,-8.8018,-3.88276,440.801,-6.37236,-6.37236,3.29063,10.2018,1.83741,-38.1639,17.6996,17.5525,6.8839,0,-4.9273,0,-223.318,-223.318,-223.318,0,0,0,0,8.59283,552.991,93.1052,93.1052,-185.567,-425.551,-44.5779,-64.5519,0,144.381,-211.242,-57.74,-457.237,-370.628,-826.845,-533.86,49.5234,12.0396,298.28,298.28,612.657,182.262,91.698,1395.85,1160.88,53.285,77.2959,187.975,857.422,353.723,386.98,-308.476,242.142,2604.99,-3486.22,-1447,7186.49,486.968,-929.36,730.73,1.54673,462.845,-118.507,217.226,79.3091,418.077,71.675,303.162,-115.298,-115.298,118.396,174.521,174.521,644.346,75.1994,0,254.047,-54.7277,-406.004,0,0
2020-08-01 15:00:00 UTC,-180.66,-97.7031,320.816,-52.831,-52.831,-101.288,77.4768,132.48,-243.118,-243.118,558.437,181.274,-852.87,-28.5425,70.232,193.836,463.794,101.289,-394.241,-65.8005,-32.6794,-121.94,-121.94,-231.428,-317.565,-112.018,-17.5661,11.1376,14.1108,155.495,-86.1164,-86.1164,-195.379,-113.127,-113.127,-274.833,146.498,183.233,-914.252,-914.252,195.319,445.028,386.983,196.719,226.545,-317.254,-1206.15,-1229.59,-1219.95,15.0071,-106.799,-106.799,25.9429,-53.9232,-79.8786,6.96141,6.96141,-250.509,137.073,71.7893,214.154,-185.921,-98.6035,138.43,138.43,-7.90838,-20.2232,122.458,122.458,15.7235,331.416,-234.256,-110.287,-110.287,0.491728,0.491728,0.429171,0.696357,1.14199,-7.76899,-3.66179,17.0658,-1.30797,-1.32914,-1.83831,-5.36255,3.20615,76.0081,76.0081,12.8618,12.8618,14.8086,14.8086,-77.4978,-77.4978,-77.4978,27.9561,27.9561,-0.520261,-37.7443,-13.4573,-13.4573,15.6496,15.6496,-76.6126,-18.1494,-196.719,-9.22263,-9.22263,-159.67,-159.67,-159.67,516.078,-128.3,-128.3,-133.287,-133.287,-4.61611,41.1448,41.1448,-6.95871,-6.95871,-640.312,-640.312,544.994,544.994,0,-27.5894,-226.923,-93.9741,270.155,270.155,-180.656,1070.75,575.437,-185.596,-637.374,-637.374,137.883,137.883,-553.429,-553.429,52.3745,138.327,207.616,683.499,240.839,240.839,-145.965,-145.965,-145.965,505.732,505.732,-551.054,-1.99043e-09,-1.99043e-09,221.377,-398.814,-398.814,536.057,-208.754,64.3762,0,292.281,193.618,-536.674,-401.886,-401.886,-69.8347,13.5408,-16.4317,-329.929,-329.929,72.1314,62.2584,62.2584,1288.9,-233.527,-1288.9,863.408,881.193,851.392,-1243.51,484.563,-329.85,1206.15,1229.59,1219.95,-738.647,-11.2647,-100.21,525.528,1823.73,84.9834,1854.21,4705.5,2497.58,2497.58,174.813,-1044.56,168.888,190.997,147.856,-96.9795,191.872,-148.149,-164.96,-167.177,202.476,199.864,203.253,-148.777,67.8809,67.8809,-144.656,429.081,429.081,-1015.23,188.098,179.502,-147.382,154.434,411.127,852.019,852.019,334.913,665.133,725.233,2135.28,-647.474,446.313,-334.913,-7.32869,524.941,790.293,465.307,462.628,7.32869,-562.596,-610.873,152.746,129.486,178.327,77.1972,-25.7389,210.885,97.5083,97.5001,-52.0656,107.362,-87.0382,-112.631,56.6951,-547.187,-665.133,-593.688,-725.233,-94.7001,-94.7001,-72.1391,-191.415,36.483,36.483,156.123,156.123,-271.418,-271.418,94.3295,42.4353,10.2967,-210.753,980.648,-2887.66,-2178.55,5366.9,-10.2967,1252.83,-278.459,-279.478,171.991,171.991,107.866,107.866,134.239,299.219,-484.061,3.2547,31.6192,31.6192,139.19,171.516,-127.391,99.2251,22.836,22.836,47.1216,46.4589,249.733,249.733,330.84,112.434,261.702,-16.5154,247.794,-180.947,-180.947,101.542,114.915,0,91.002,167.339,0,97.727,-231.391,-231.391,-137.328,50.2134,-111.729,-112.532,-121.238,6.7168,15.1046,182.084,-26.4821,-519.989,-187.747,-82.2047,-82.2047,30.6247,163.674,163.674,8.19787,8.79761,-447.572,0,25.316,25.316,0,481.726,0,168.996,0,-117.879,0,37.6997,-61.0443,-29.9073,-74.9825,-74.9825,0,-37.9255,-37.9255,-50.6025,0,1.0501,495.358,495.358,495.358,0.889592,0,0,0,35.1776,35.1776,35.1776,0,-28.9104,-7.08919,-7.08919,-0.983455,492.771,-4.93496,-4.93496,5.79199,13.3244,3.54495,-44.8284,19.7485,19.5867,8.08511,0,-2.51648,0,-230.162,-230.162,-230.162,0,0,0,0,14.3733,627.468,101.471,101.471,-167.096,-473.474,-33.9414,-48.9168,0,177.98,-225.584,-61.4149,-439.005,-318.546,-849.162,-574.849,66.9996,16.4317,329.178,329.178,679.076,229.406,105.578,1664.59,1248.42,56.5147,82.1074,199.669,901.282,373.514,408.822,-324.12,267.443,2777.53,-3550.45,-1478.54,7410.57,551.65,-926.828,728.319,19.6449,506.97,-115.057,222.152,95.248,359.154,79.8329,310.402,-125.824,-125.824,140.054,176.557,176.557,713.239,101.288,0,263.973,-54.4411,-414.556,0,0
2020-08-01 16:00:00 UTC,-187.086,-99.3268,308.953,-44.7983,-44.7983,-128.831,71.2669,121.747,-239.191,-239.191,612.291,207.08,-920.231,-26.7735,83.5251,200.898,509.883,111.655,-425.383,-73.6754,-51.3687,-133.554,-133.554,-244.446,-332.816,-117.378,-18.3246,12.1427,13.6368,165.636,-92.4466,-92.4466,-214.62,-126.539,-126.539,-298.521,171.15,213.782,-1045.13,-1045.13,226.528,495.939,420.594,212.975,257.541,-355.433,-1415.54,-1442.7,-1432.83,18.9625,-120.549,-120.549,28.8331,-62.226,-101.962,6.66526,6.66526,-285.115,144.935,81.7497,243.844,-212.953,-111.711,157.448,157.448,-7.26127,-17.5946,124.986,124.986,14.9829,355.373,-256.471,-121.555,-121.555,-1.16057,-1.16057,0.378808,0.61993,1.45753,-8.7205,-2.95677,20.2659,-1.38398,-1.4011,-2.40609,-6.27531,3.14173,83.6303,83.6303,16.9896,16.9896,19.498,19.498,-85.5829,-85.5829,-85.5829,29.4151,29.4151,-4.58541,-45.3585,-13.8209,-13.8209,17.7453,17.7453,-85.6361,-20.6198,-212.975,-10.3419,-10.3419,-175.922,-175.922,-175.922,575.102,-141.915,-141.915,-147.115,-147.115,-4.70925,46.3649,46.3649,-4.1195,-4.1195,-698.284,-698.284,597.054,597.054,0,-28.8605,-247.225,-100.746,294.964,294.964,-198.873,1197.45,642.664,-204.021,-696.665,-696.665,152.523,152.523,-605.947,-605.947,57.2634,150.832,271.664,678.577,267.545,267.545,-161.272,-161.272,-161.272,573.925,573.925,-603.509,-2.13121e-09,-2.13121e-09,244.787,-445.106,-445.106,600.518,-237.259,65.5842,0,328.084,199.588,-604.94,-449.725,-449.725,-80.1439,10.3184,-20.6328,-360.561,-360.561,64.076,56.7954,56.7954,1514.26,-269.321,-1514.26,967.78,987.586,951.702,-1414.13,557.765,-370.773,1415.54,1442.7,1432.83,-775.16,-9.01324,-133.9,575.352,1958.9,102.597,1993.44,5077.91,2698.43,2698.43,173.484,-1141.87,195.184,193.505,156.802,-98.0015,209.902,-155.776,-178.764,-180.754,217.026,214.332,217.863,-158.451,80.6193,80.6193,-154.054,460.193,460.193,-1097.31,226.196,195.077,-156.83,165.907,434.199,955.608,955.608,354.655,701.604,764.88,2231.06,-657.988,488.509,-354.655,-8.9361,587.639,840.024,494.639,491.834,8.9361,-588.025,-638.204,159.422,135.382,187.029,81.9431,-27.8262,236.496,102.384,102.376,-55.8484,125.066,-91.5358,-118.229,58.6276,-570.957,-701.604,-619.168,-764.88,-97.4836,-97.4836,-74.9772,-197.92,36.7148,36.7148,160.442,160.442,-284.779,-284.779,120.004,46.5714,12.7021,-218.654,1011.72,-3044.38,-2277.38,5469.93,-12.7021,1344.31,-320.476,-296.28,199.174,199.174,134.148,134.148,123.597,314.156,-539.027,1.13949,39.4914,39.4914,174.018,175.922,-44.7286,123.447,28.5897,28.5897,57.755,56.9452,273.007,273.007,363.644,123.399,294.375,9.25103,310.56,-199.958,-199.958,113.854,128.972,0,91.6356,169.742,0,109.38,-232.726,-232.726,-157.807,74.3546,-124.571,-125.455,-134.622,14.6463,21.7137,205.036,-27.2456,-528.141,-192.255,-86.7857,-86.7857,25.3517,169.423,169.423,9.59201,10.2208,-450.634,0,15.4942,15.4942,0,528.659,0,178.267,0,-124.164,0,37.896,-57.5239,-31.3773,-79.1565,-79.1565,0,-39.359,-39.359,-52.9383,0,1.49197,586.469,586.469,586.469,1.05026,0,0,0,43.3367,43.3367,43.3367,0,-27.6681,-5.09051,-5.09051,2.32114,546.953,-3.29028,-3.29028,8.39481,16.8409,5.38048,-51.1884,21.7795,21.6034,8.76386,1.80567e-12,-2.79548,0,-234.007,-234.007,-234.007,0,0,0,0,19.2635,702.101,109.726,109.726,-139.163,-518.536,-18.8909,-26.8273,0,213.599,-237.77,-64.335,-402.947,-251.127,-861.395,-612.36,85.2521,20.6328,359.431,359.431,743.74,281.429,120.015,1931.76,1326.8,59.295,86.2601,209.765,937.548,390.216,425.527,-337.465,289.178,2924.33,-3578.88,-1493.15,7554.83,619.836,-926.114,723.331,38.1728,555.27,-111.215,227.812,110.654,299.939,91.1052,319.281,-136.028,-136.028,163.877,178.331,178.331,788.29,128.831,0,271.519,-53.1774,-416.408,0,0
2020-08-01 17:00:00 UTC,-193.032,-100.435,294.647,-37.1242,-37.1242,-157.606,64.0534,109.338,-235.13,-235.13,670.128,231.542,-988.105,-20.395,95.5653,210.848,549.892,120.671,-456.861,-82.0503,-70.5978,-144.458,-144.458,-257.996,-344.204,-121.571,-19.1887,13.3137,11.0905,177.158,-98.9195,-98.9195,-232.984,-138.958,-138.958,-321.959,195.845,244.321,-1177.89,-1177.89,258.529,548.406,454.796,229.407,289.965,-396.343,-1635.67,-1666.68,-1656.87,22.6955,-134.519,-134.519,31.434,-70.4181,-123.755,6.34992,6.34992,-318.596,152.978,92.0462,270.605,-239.615,-124.292,173.172,173.172,-6.63766,-14.8894,126.887,126.887,14.2092,379.433,-279.25,-135.789,-135.789,-2.85273,-2.85273,0.344678,0.553635,1.7812,-9.69558,-2.26098,23.4317,-1.44918,-1.46285,-2.96788,-7.17337,3.01468,91.6913,91.6913,21.0865,21.0865,24.1464,24.1464,-93.9582,-93.9582,-93.9582,30.497,30.497,-8.68217,-52.9205,-14.1955,-14.1955,19.8254,19.8254,-95.6711,-23.0535,-229.407,-12.1041,-12.1041,-192.042,-192.042,-192.042,633.258,-155.566,-155.566,-160.791,-160.791,-4.04962,51.5544,51.5544,-1.14443,-1.14443,-753.51,-753.51,647.887,647.887,0,-30.0392,-266.986,-107.774,319.067,319.067,-216.723,1324.32,709.802,-221.89,-753.212,-753.212,166.417,166.417,-656.157,-656.157,61.8358,162.938,340.387,666.27,293.825,293.825,-176.446,-176.446,-176.446,643.178,643.178,-653.747,-1.98989e-09,-1.98989e-09,269.294,-491.304,-491.304,665.741,-266.422,64.1743,0,362.849,202.404,-672.32,-497.147,-497.147,-89.2728,8.18037,-24.8922,-390.763,-390.763,51.8405,48.0706,48.0706,1752.08,-304.045,-1752.08,1068.51,1090.23,1047.75,-1581.22,634.095,-410.838,1635.67,1666.68,1656.87,-799.42,-2.0052,-164.602,626.668,2090.52,120.796,2128.26,5440.28,2894,2894,171.437,-1231.77,218.27,194.827,164.635,-99.6976,227.259,-163.103,-192.083,-193.808,231.078,228.311,231.974,-167.458,93.1921,93.1921,-162.814,490.767,490.767,-1172.94,261.745,210.484,-165.618,176.338,455.813,1058.52,1058.52,372.941,735.54,801.761,2317.06,-666.795,530.738,-372.941,-10.1529,652.434,886.599,522.103,519.183,10.1529,-611.233,-663.12,165.369,140.675,194.833,86.2913,-29.8673,262.347,106.818,106.81,-59.4785,143.577,-95.6336,-123.307,60.2037,-592.552,-735.54,-642.286,-801.761,-99.7694,-99.7694,-77.6046,-203.366,36.8335,36.8335,163.871,163.871,-296.956,-296.956,146.887,50.5631,14.4941,-225.609,1037.61,-3191.08,-2365.88,5563.26,-14.4941,1439.31,-363.829,-312.215,227.192,227.192,162.044,162.044,112.246,330.04,-595.323,-1.01382,48.2094,48.2094,210.295,180.59,41.7822,147.628,35.1032,35.1032,69.4924,68.5209,296.481,296.481,397.008,134.274,328.36,34.9796,378.097,-222.123,-222.123,127.94,145.018,0,94.0064,175.014,0,122.612,-238.307,-238.307,-180.589,98.9614,-138.874,-139.845,-149.99,23.4542,29.0987,228.313,-27.9525,-536.201,-197.655,-91.1381,-91.1381,21.6274,174.46,174.46,11.1406,11.8014,-454.079,0,5.5176,5.5176,0,578.85,0,195.397,0,-129.114,0,38.1315,-52.1298,-32.1799,-83.8303,-83.8303,0,-40.3701,-40.3701,-56.3359,0,1.9724,682.748,682.748,682.748,1.23373,0,0,0,51.3233,51.3233,51.3233,0,-26.4092,-3.02117,-3.02117,5.70547,608.689,-1.59892,-1.59892,10.946,20.199,7.2588,-56.6428,23.87,23.6791,9.77775,0,-0.819651,0,-235.241,-235.241,-235.241,0,0,0,0,24.2997,777.539,117.939,117.939,-97.5808,-560.367,0.485089,1.58604,0,254.557,-246.576,-66.5088,-350.515,-170.588,-865.13,-647.443,104.235,24.8922,389.323,389.323,807.502,337.105,134.777,2201.1,1400.07,61.8134,90.0333,218.941,968.976,405.056,438.998,-349.278,305.724,3057,-3615.03,-1511.37,7685.71,690.673,-917.968,718.863,57.838,605.277,-106.906,233.899,126.561,239.31,104.718,329.225,-146.088,-146.088,189.459,182.579,182.579,873.38,157.606,0,278.326,-50.8167,-412.548,0,0
2020-08-01 18:00:00 UTC,-197.125,-100.603,278.625,-29.737,-29.737,-183.628,56.7554,96.8177,-225.663,-225.663,717.986,252.938,-1043.39,-15.7636,106.371,217.672,584.705,128.529,-482.07,-88.9953,-86.7528,-154.525,-154.525,-268.332,-348.435,-123.306,-19.9268,14.3371,6.97142,186.95,-104.207,-104.207,-247.665,-148.807,-148.807,-341.892,218.422,272.184,-1294.59,-1294.59,288.289,592.369,482.864,242.8,320.441,-435.501,-1835.46,-1869.91,-1860.39,25.9206,-146.742,-146.742,33.8484,-77.5425,-142.168,6.15053,6.15053,-346.954,161.006,101.467,294.442,-262.326,-134.719,186.862,186.862,-6.0732,-12.3464,127.659,127.659,13.4147,398.831,-298.39,-146.992,-146.992,-4.37531,-4.37531,0.325642,0.494255,2.06544,-10.5493,-1.622,26.0692,-1.48427,-1.49619,-3.43181,-7.91046,2.78683,98.789,98.789,24.6269,24.6269,28.1536,28.1536,-101.26,-101.26,-101.26,30.743,30.743,-12.2562,-59.2457,-14.4682,-14.4682,21.5215,21.5215,-105.263,-25.045,-242.8,-13.729,-13.729,-205.657,-205.657,-205.657,682.976,-166.922,-166.922,-172.343,-172.343,-3.33938,55.8204,55.8204,1.40961,1.40961,-799.277,-799.277,691.16,691.16,0,-30.9478,-283.645,-113.799,339.624,339.624,-231.934,1433.86,767.629,-237.291,-800.067,-800.067,178.106,178.106,-697.841,-697.841,65.8444,173.17,403.751,649.934,316.419,316.419,-189.714,-189.714,-189.714,704.025,704.025,-695.373,-2.03921e-09,-2.03921e-09,290.95,-530.93,-530.93,722.644,-291.9,61.4162,0,392.389,202.307,-729.93,-537.579,-537.579,-96.409,6.77745,-29.1606,-416.914,-416.914,37.7853,37.7798,37.7798,1968.71,-333.357,-1968.71,1152.9,1176.2,1127.57,-1723.19,702.826,-445.07,1835.46,1869.91,1860.39,-810.267,8.13486,-188.37,672.463,2201.5,137.072,2241.25,5745.37,3058.55,3058.55,168.761,-1304.5,236.388,194.791,171.552,-99.7611,241.784,-169.351,-203.279,-204.746,242.646,239.826,243.59,-174.786,103.997,103.997,-169.954,516.285,516.285,-1234.12,291.194,223.71,-172.769,185.308,473.218,1148.02,1148.02,387.383,762.596,831.161,2384.69,-672.522,566.73,-387.383,-10.8738,709.259,924.121,544.224,541.216,10.8738,-629.394,-682.6,169.938,144.782,200.928,89.7399,-31.45,284.27,110.261,110.253,-62.3546,160.086,-98.8199,-127.248,61.583,-609.377,-762.596,-660.275,-831.161,-101.469,-101.469,-79.6416,-207.279,36.8013,36.8013,166.284,166.284,-306.389,-306.389,170.141,53.6171,15.8219,-230.953,1055.58,-3305.05,-2435.92,5628.46,-15.8219,1517.5,-400.346,-325.223,250.761,250.761,186.126,186.126,102.133,343.76,-644.709,-2.6528,56.19,56.19,241.722,186.214,116.381,167.751,40.8338,40.8338,79.6392,78.5286,316.361,316.361,425.194,143.089,357.741,58.1237,435.035,-239.792,-239.792,139.494,158.205,0,94.8253,177.619,0,133.649,-241.652,-241.652,-199.629,120.986,-151.235,-152.281,-162.46,30.5198,34.8638,247.84,-28.4107,-542.738,-202.61,-94.6057,-94.6057,19.409,177.354,177.354,12.4963,13.1807,-452.494,0,-3.83323,-3.83323,0,625.405,0,207.461,0,-131.166,0,38.3419,-44.5928,-32.1073,-87.7438,-87.7438,0,-40.6422,-40.6422,-59.9758,0,2.44331,770.517,770.517,770.517,1.41012,0,0,0,58.4726,58.4726,58.4726,0,-25.1778,-1.11896,-1.11896,8.75062,659.674,-0.071065,-0.071065,13.1106,22.7699,8.97725,-59.9759,25.6373,25.434,10.643,0,1.30751,0,-234.257,-234.257,-234.257,0,0,0,0,30.3351,845.419,124.533,124.533,-49.3407,-593.832,20.8496,31.4338,0,294.055,-251.897,-67.8266,-291.86,-90.7158,-861.662,-676.217,121.206,29.1606,415.264,415.264,861.291,388.153,147.647,2433.28,1459.52,63.7661,92.9634,226.068,992.636,416.735,449.246,-357.957,318.656,3156,-3641.24,-1524.71,7777.24,753.074,-910.9,713.525,74.4769,650.673,-104.067,240.949,139.769,187.612,117.865,337.995,-154.815,-154.815,212.286,185.206,185.206,945.037,183.628,0,282.59,-47.8877,-404.326,0,0
2020-08-01 19:00:00 UTC,-198.198,-99.4893,261.451,-23.2323,-23.2323,-201.11,49.9807,85.3635,-207.382,-207.382,746.053,269.088,-1076.64,-13.3747,115.312,218.971,610.841,134.436,-497.462,-93.5118,-97.3183,-162.647,-162.647,-275.593,-347.903,-123.355,-20.508,15.1588,2.34337,194.617,-108.168,-108.168,-257.347,-154.852,-154.852,-355.748,234.115,291.521,-1374.69,-1374.69,309.438,621.664,500.177,251.018,342.569,-465.088,-1976.06,-2012.9,-2003.72,28.1024,-155.087,-155.087,35.1665,-82.3853,-155.483,5.87003,5.87003,-365.939,165.338,107.865,308.809,-277.887,-141.701,194.352,194.352,-5.50398,-10.0145,127.212,127.212,12.5155,410.19,-310.694,-153.799,-153.799,-5.63131,-5.63131,0.300119,0.427476,2.26448,-11.1403,-1.03743,27.8645,-1.47072,-1.48359,-3.73713,-8.39046,2.5186,103.477,103.477,27.2553,27.2553,31.1223,31.1223,-106.086,-106.086,-106.086,30.2927,30.2927,-15.0033,-63.5884,-14.5532,-14.5532,22.5766,22.5766,-112.253,-26.3262,-251.018,-15.2491,-15.2491,-215.153,-215.153,-215.153,717.102,-174.745,-174.745,-180.546,-180.546,-2.34098,58.9297,58.9297,2.86419,2.86419,-830.721,-830.721,721.634,721.634,0,-31.8301,-295.248,-117.785,354.011,354.011,-242.092,1510.16,807.835,-247.823,-832.108,-832.108,186.51,186.51,-726.606,-726.606,68.7525,180.323,449.736,635.126,331.905,331.905,-198.783,-198.783,-198.783,746.754,746.754,-723.991,-1.9795e-09,-1.9795e-09,306.187,-558.011,-558.011,761.548,-310.002,57.6262,0,411.844,200.002,-769.796,-565.201,-565.201,-101.813,5.24942,-31.9037,-434.848,-434.848,26.2089,29.2484,29.2484,2121.94,-353.081,-2121.94,1208.84,1233.16,1180.15,-1818.8,750.789,-468.539,1976.06,2012.9,2003.72,-811.799,17.4368,-202.749,705.211,2276.71,148.76,2317.04,5951.72,3169.59,3169.59,165.823,-1353.32,249.51,193.701,176.495,-98.2765,251.673,-173.194,-210.798,-212.073,250.311,247.462,251.287,-179.569,111.814,111.814,-174.612,533.034,533.034,-1275.11,312.767,232.827,-177.421,191.921,484.331,1211.93,1211.93,396.47,779.829,849.884,2426.72,-674.876,590.756,-396.47,-11.1352,747.952,948.197,558.415,555.352,11.1352,-640.821,-694.847,172.819,147.377,204.659,91.8914,-32.4834,298.266,112.444,112.436,-64.2075,171.309,-100.841,-129.75,62.0897,-619.931,-779.829,-671.549,-849.884,-102.452,-102.452,-80.9864,-209.721,36.698,36.698,167.607,167.607,-312.267,-312.267,185.11,55.5508,16.689,-234.195,1064.76,-3377.44,-2480.12,5661.55,-16.689,1561.96,-423.244,-333.731,265.329,265.329,201.093,201.093,95.231,352.578,-676.399,-3.62595,61.9504,61.9504,260.574,190.094,157.8,178.482,44.811,44.811,86.2319,85.0313,329.595,329.595,443.58,148.441,377.081,72.7048,470.536,-250.991,-250.991,146.97,166.744,0,95.086,179.181,0,141.001,-244.754,-244.754,-211.838,135.981,-159.298,-160.393,-170.411,35.0214,38.4352,258.3,-28.2833,-546.732,-205.38,-96.7384,-96.7384,17.7034,176.984,176.984,13.3222,14.0144,-444.526,0,-11.238,-11.238,0,648.784,0,211.381,0,-131.214,0,38.5134,-36.2162,-31.5254,-90.77,-90.77,0,-40.4407,-40.4407,-63.379,0,2.77845,832.673,832.673,832.673,1.53552,0,0,0,63.0912,63.0912,63.0912,0,-23.8384,0.525013,0.525013,11.2626,691.943,1.19362,1.19362,14.697,24.077,10.3223,-61.5255,26.8414,26.63,11.4331,0,4.29723,0,-232.377,-232.377,-232.377,0,0,0,0,33.6342,892.776,128.793,128.793,-13.1271,-615.252,37.0152,55.113,0,321.216,-254.623,-68.3797,-243.534,-29.3694,-855.575,-695.962,133.289,31.9037,433.045,433.045,897.982,425.766,156.219,2593.42,1498.55,65.007,94.824,230.591,1008.64,423.669,455.943,-363.406,326.937,3218.69,-3654.57,-1531.57,7823.75,795.693,-913.089,707.243,85.0287,680.452,-102.009,245.916,147.262,157.945,127.14,344.143,-160.667,-160.667,228.588,186.979,186.979,990.848,201.11,0,280.821,-45.2571,-395.822,0,0
2020-08-01 20:00:00 UTC,-200.391,-99.5233,246.64,-17.2948,-17.2948,-215.59,43.9519,75.131,-198.594,-198.594,770.199,283.543,-1106.33,-13.4084,123.227,220.19,636.363,140.21,-510.659,-97.1468,-104.841,-170.889,-170.889,-284.361,-350.479,-124.549,-21.1441,16.0648,-1.57983,203.22,-112.175,-112.175,-265.576,-159.366,-159.366,-368.343,245.14,305.092,-1430.51,-1430.51,325.035,642.192,514.94,258.007,359.873,-488.915,-2075.09,-2113.6,-2104.74,29.2017,-160.99,-160.99,36.6427,-85.4613,-161.09,6.17632,6.17632,-378.027,172.895,112.996,319.388,-287.534,-145.96,199.426,199.426,-5.60252,-9.75943,128.255,128.255,12.7142,420.977,-319.319,-157.842,-157.842,-5.95358,-5.95358,0.344142,0.450227,2.39295,-11.5476,-0.921617,28.7544,-1.46627,-1.47948,-3.85476,-8.62219,2.3548,107.377,107.377,28.4056,28.4056,32.4143,32.4143,-109.979,-109.979,-109.979,30.063,30.063,-15.9467,-65.7161,-14.8244,-14.8244,23.218,23.218,-117.922,-27.0682,-258.007,-16.0422,-16.0422,-221.617,-221.617,-221.617,741.348,-179.721,-179.721,-186.3,-186.3,-2.03854,61.1978,61.1978,3.41922,3.41922,-852.995,-852.995,743.832,743.832,0,-32.7475,-303.819,-120.692,364.475,364.475,-249.133,1564.26,836.309,-255.628,-854.598,-854.598,192.781,192.781,-746.912,-746.912,71.103,185.489,483.382,623.411,343.067,343.067,-205.457,-205.457,-205.457,777.702,777.702,-743.968,-2.13346e-09,-2.13346e-09,317.619,-577.163,-577.163,789.155,-323.578,53.1175,0,424.843,196.956,-798.55,-584.612,-584.612,-105.449,4.14793,-33.7309,-447.426,-447.426,16.9738,22.4217,22.4217,2230.43,-366.571,-2230.43,1246.99,1272,1215.92,-1884.83,785.256,-484.371,2075.09,2113.6,2104.74,-810.004,25.1964,-211.704,729.23,2330.1,157.293,2370.24,6097.43,3247.94,3247.94,163.297,-1387.26,259.04,192.47,179.909,-97.0087,258.626,-175.715,-216.034,-217.167,255.601,252.733,256.6,-182.845,117.458,117.458,-177.809,544.755,544.755,-1303.54,328.653,239.492,-180.611,196.59,491.901,1258.56,1258.56,402.613,791.491,862.555,2453.79,-676.088,607.884,-402.613,-11.2865,775.915,964.67,568.124,565.023,11.2865,-648.464,-703.036,174.668,149.044,206.943,93.2553,-33.3561,308.057,113.911,113.903,-65.6099,179.285,-102.201,-131.425,62.3586,-626.971,-791.491,-679.065,-862.555,-102.886,-102.886,-81.766,-210.768,36.4952,36.4952,168.041,168.041,-316.221,-316.221,195.939,56.7077,17.2764,-236.121,1066.68,-3428.11,-2509.29,5666.25,-17.2764,1591.74,-438.807,-339.715,275.225,275.225,211.657,211.657,90.0896,358.74,-699.589,-4.25804,66.2036,66.2036,274.261,193.553,187.116,186.129,47.5536,47.5536,90.7421,89.48,339.146,339.146,456.626,152.024,390.848,83.9676,495.513,-258.215,-258.215,151.978,172.484,0,94.2554,178.82,0,146.15,-245.304,-245.304,-220.27,148.4,-165.231,-166.362,-175.604,37.7776,40.5176,265.814,-28.0602,-549.557,-207.087,-98.0953,-98.0953,16.5473,178.439,178.439,14.1585,14.8632,-441.378,0,-17.6724,-17.6724,0,666.567,0,212.662,0,-132.628,0,38.7171,-30.1822,-31.2745,-94.137,-94.137,0,-40.5236,-40.5236,-66.5619,0,2.9741,876.231,876.231,876.231,1.64543,0,0,0,66.1255,66.1255,66.1255,0,-24.1137,0.870852,0.870852,11.9072,713.235,1.51859,1.51859,15.3852,24.6723,10.9986,-61.1541,27.6105,27.3932,11.8424,0,5.20279,0,-230.543,-230.543,-230.543,0,0,0,0,35.6749,926.062,131.853,131.853,16.9127,-629.703,49.4699,73.3471,0,342.631,-255.807,-68.5902,-205.525,17.1164,-849.728,-709.725,142.094,33.7309,445.536,445.536,923.644,453.622,162.279,2709.4,1525.79,65.8356,96.0709,233.625,1020.18,427.233,460.479,-366.154,331.286,3264.67,-3654.05,-1531.54,7830.39,826.557,-917.079,702.11,92.4793,702.705,-101.13,249.528,152.24,136.55,133.897,348.661,-164.723,-164.723,241.187,187.046,187.046,1021.25,215.59,0,278.213,-43.0861,-388.554,0,0
2020-08-01 21:00:00 UTC,-202.309,-99.5986,231.393,-11.5958,-11.5958,-226.337,38.1046,65.1216,-196.236,-196.236,792.245,295.013,-1132.01,-10.8243,129.236,223.325,655.217,144.48,-522.435,-100.433,-110.379,-177.693,-177.693,-292.526,-353.738,-125.981,-21.7167,16.889,-4.77435,211.087,-115.694,-115.694,-272.276,-162.796,-162.796,-378.903,253.018,314.781,-1470.41,-1470.41,336.689,657.543,527.537,263.968,373.449,-507.72,-2146.31,-2186.01,-2177.43,29.6366,-165.329,-165.329,38.0395,-87.4302,-162.415,6.75753,6.75753,-385.926,181.658,117.233,327.516,-293.678,-148.645,203.015,203.015,-6.03167,-10.553,129.969,129.969,13.4521,430.715,-325.75,-161,-161,-5.80796,-5.80796,0.423037,0.521257,2.47781,-11.8396,-1.07768,29.1597,-1.47506,-1.4878,-3.88514,-8.72766,2.27078,110.787,110.787,28.7116,28.7116,32.7506,32.7506,-113.224,-113.224,-113.224,30.0534,30.0534,-15.9485,-66.662,-15.1952,-15.1952,23.6527,23.6527,-122.682,-27.5156,-263.968,-16.3504,-16.3504,-226.313,-226.313,-226.313,759.783,-182.999,-182.999,-190.519,-190.519,-2.13658,62.8216,62.8216,3.3306,3.3306,-869.898,-869.898,761.508,761.508,0,-33.6675,-310.753,-123.271,372.906,372.906,-254.519,1605.03,857.746,-261.941,-871.454,-871.454,197.631,197.631,-762.121,-762.121,72.9544,189.599,508.313,615.58,351.757,351.757,-210.71,-210.71,-210.71,800.964,800.964,-758.773,-2.06293e-09,-2.06293e-09,326.7,-591.214,-591.214,809.463,-333.967,48.4738,0,433.61,194.193,-819.82,-598.712,-598.712,-107.64,3.99408,-34.7432,-457.587,-457.587,9.87708,17.2428,17.2428,2309,-375.951,-2309,1273.83,1299.31,1241.04,-1931.35,810.142,-495.879,2146.31,2186.01,2177.43,-807.582,31.4153,-216.564,748.577,2374.08,163.957,2413.4,6217.89,3312.89,3312.89,161.594,-1412.26,265.908,191.74,183.66,-94.1158,264.023,-177.752,-220.119,-221.138,260.025,257.134,261.042,-185.381,121.699,121.699,-180.289,553.339,553.339,-1325.04,339.991,245.05,-183.089,201.275,498.137,1294.82,1294.82,407.258,801.565,873.511,2478.25,-679.296,620.888,-407.258,-11.0775,797.151,979.916,577.108,573.975,11.0775,-654.895,-709.93,176.512,150.619,208.999,94.4538,-34.0876,314.643,115.232,115.224,-66.656,185.017,-103.416,-132.999,62.3283,-632.855,-801.565,-685.348,-873.511,-103.459,-103.459,-82.4796,-212.065,36.3206,36.3206,168.775,168.775,-319.671,-319.671,202.568,57.4974,17.5432,-237.947,1069.38,-3474.46,-2535.33,5679.88,-17.5432,1610.6,-449.893,-344.378,282.19,282.19,218.853,218.853,86.4756,363.035,-715.075,-4.66723,69.2909,69.2909,281.914,196.582,202.17,189.496,49.77,49.77,94.1252,92.817,346.56,346.56,466.53,154.56,401.299,91.2739,513.126,-264.064,-264.064,156.008,177.098,0,94.1093,179.599,0,150.182,-247.831,-247.831,-226.702,157.062,-169.568,-170.725,-179.836,40.1508,42.3204,268.85,-27.6799,-553.963,-208.908,-99.1517,-99.1517,16.2337,179.808,179.808,14.8619,15.5763,-437.809,0,-23.5251,-23.5251,0,677.151,0,218.7,0,-134.33,0,38.9123,-25.9684,-31.1524,-97.1869,-97.1869,0,-40.6728,-40.6728,-69.2308,0,3.08074,907.359,907.359,907.359,1.74252,0,0,0,68.2585,68.2585,68.2585,0,-25.1827,0.567994,0.567994,11.6159,729.461,1.37141,1.37141,15.5684,25.0008,11.2803,-59.974,28.1716,27.9496,11.9418,0,4.90925,0,-229.161,-229.161,-229.161,0,0,0,0,36.2044,952.965,134.208,134.208,38.3404,-640.111,58.8994,87.1473,0,357.214,-256.571,-68.6845,-176.118,53.9366,-845.271,-721.801,149.433,34.7432,455.658,455.658,944.842,475.444,166.679,2807.84,1550.43,66.6317,97.2276,236.415,1038.87,430.879,466.68,-368.792,338.201,3307.07,-3664.52,-1536.84,7849.74,849.997,-923.796,697.255,97.2828,717.663,-100.871,252.682,155.254,125.499,138.332,351.682,-167.887,-167.887,251.347,187.934,187.934,1045.82,226.337,0,274.311,-40.9721,-383.315,0,0
2020-08-01 22:00:00 UTC,-202.374,-98.6977,222.541,-10.7209,-10.7209,-231.302,34.6075,59.2816,-181.495,-181.495,808.362,300.251,-1147.62,-3.16335,131.605,228.557,659.586,145.47,-530.652,-102.988,-113.819,-180.953,-180.953,-297.789,-354.211,-126.391,-22.1123,17.4665,-7.59083,216.511,-117.901,-117.901,-275.463,-163.905,-163.905,-384.933,256.908,319.564,-1491.74,-1491.74,343.054,667.162,535.427,267.722,381.677,-519.553,-2184.49,-2224.83,-2216.42,29.5231,-167.835,-167.835,38.6743,-88.2832,-161.727,7.21005,7.21005,-389.685,187.823,119.888,330.598,-296.723,-149.967,203.305,203.305,-6.41223,-11.3371,131.274,131.274,14.0921,436.819,-329.566,-163.238,-163.238,-5.60969,-5.60969,0.49342,0.589821,2.52462,-12.0109,-1.297,29.2651,-1.48231,-1.49463,-3.88203,-8.7553,2.22949,113.186,113.186,28.6365,28.6365,32.6574,32.6574,-115.349,-115.349,-115.349,30.0126,30.0126,-15.6889,-66.9207,-15.5001,-15.5001,23.8913,23.8913,-126.07,-27.7081,-267.722,-16.279,-16.279,-228.939,-228.939,-228.939,770.708,-184.423,-184.423,-192.896,-192.896,-2.43541,63.7378,63.7378,2.95707,2.95707,-879.872,-879.872,772.26,772.26,0,-34.3617,-315.138,-125.076,378.073,378.073,-257.729,1628.68,870.172,-266.089,-881.268,-881.268,200.519,200.519,-770.961,-770.961,73.9851,192.078,522.362,611.326,357.18,357.18,-213.839,-213.839,-213.839,814.285,814.285,-767.201,-7.89754e-10,-7.89754e-10,332.991,-599.352,-599.352,821.462,-340.446,44.3491,0,437.774,192.095,-832.022,-606.602,-606.602,-108.276,4.68132,-35.3131,-464.179,-464.179,5.67761,14.2232,14.2232,2351.55,-380.885,-2351.55,1288.17,1313.9,1254.48,-1956.4,824.108,-501.921,2184.49,2224.83,2216.42,-805.723,35.043,-218.589,760.309,2400.95,167.824,2439.37,6291.62,3352.74,3352.74,161.093,-1426.08,268.532,191.682,186.189,-91.875,267.052,-179.159,-222.477,-223.43,262.707,259.798,263.736,-186.851,123.854,123.854,-181.738,558.572,558.572,-1337.26,344.874,248.628,-184.543,204.404,502.007,1315.86,1315.86,410.13,807.816,880.316,2492.27,-682.402,629.342,-410.13,-11.0438,811.01,989.661,582.85,579.695,11.0438,-658.783,-714.099,177.758,151.603,209.648,94.9725,-34.7253,318.131,116.061,116.052,-67.2783,188.831,-104.167,-134.071,61.4478,-636.388,-807.816,-689.121,-880.316,-103.447,-103.447,-82.7794,-211.8,35.8703,35.8703,168.405,168.405,-321.472,-321.472,206.619,57.7599,18.5933,-238.509,1061.23,-3503.92,-2550.91,5630.1,-18.5933,1616.73,-456.043,-347.376,285.873,285.873,222.123,222.123,83.9594,365.515,-724.398,-4.8205,71.531,71.531,284.606,199.105,205.838,189.257,51.345,51.345,96.2482,94.9111,351.278,351.278,472.492,155.833,407.332,93.4375,520.986,-267.755,-267.755,158.585,180.027,0,94.7678,181.568,0,152.586,-251.086,-251.086,-230.348,159.872,-172.131,-173.302,-182.648,41.3528,43.2332,268.523,-27.2122,-557.592,-210.783,-99.7669,-99.7669,17.0281,179.048,179.048,15.3187,16.0456,-442.367,0,-24.2309,-24.2309,0,680.888,0,232.292,0,-134.816,0,39.0507,-22.5253,-30.8084,-99.2705,-99.2705,0,-40.593,-40.593,-71.3101,0,3.09463,923.991,923.991,923.991,1.80917,0,0,0,69.1525,69.1525,69.1525,0,-26.1132,0.235056,0.235056,11.2194,739.836,1.17124,1.17124,15.5156,25.0976,11.345,-58.7072,28.5683,28.3427,11.7929,0,4.01448,0,-228.337,-228.337,-228.337,0,0,0,0,36.7532,971.355,135.472,135.472,51.0165,-646.092,64.3293,95.0901,0,366.051,-256.938,-68.6939,-158.978,76.0109,-842.663,-729.549,153.994,35.3131,462.294,462.294,957.405,488.377,169.672,2871.03,1571.6,67.1944,97.9958,238.238,1064.66,431.55,472.929,-368.958,341.368,3336.53,-3621.25,-1515.91,7779.41,865.303,-933.821,692.34,99.6633,727.186,-101.102,255.582,156.203,123.038,141.106,353.491,-170.053,-170.053,258.433,190.227,190.227,1062.74,231.302,0,269.267,-39.6129,-380.467,0,0
2020-08-01 23:00:00 UTC,-203.314,-99.4148,221.175,-11.9188,-11.9188,-228.332,33.8739,58.1321,-179.986,-179.986,809.328,300.461,-1149.21,-2.79577,131.568,230.146,660.84,145.754,-531.245,-102.996,-112.071,-182.942,-182.942,-301.098,-357.186,-127.555,-22.3116,17.7553,-8.03432,219.357,-118.739,-118.739,-275.183,-162.788,-162.788,-386.042,254.257,316.304,-1480.42,-1480.42,340.437,664.578,535.781,267.899,380.455,-519.136,-2163.47,-2203.44,-2195.01,28.6656,-166.914,-166.914,38.5565,-87.2664,-156.929,7.59805,7.59805,-386.26,190.501,119.603,327.94,-293.93,-148.754,201.011,201.011,-6.8377,-12.5654,132.426,132.426,14.8048,437.864,-328.78,-164.215,-164.215,-5.12398,-5.12398,0.55209,0.665104,2.49366,-11.9425,-1.65252,28.7746,-1.47667,-1.48926,-3.77656,-8.61383,2.32761,113.564,113.564,27.7168,27.7168,31.6155,31.6155,-115.356,-115.356,-115.356,30.3081,30.3081,-14.685,-65.7605,-15.7419,-15.7419,23.7414,23.7414,-126.287,-27.4358,-267.899,-15.7936,-15.7936,-228.369,-228.369,-228.369,769.635,-183.244,-183.244,-192.504,-192.504,-2.95988,63.48,63.48,1.77678,1.77678,-879.534,-879.534,773.305,773.305,0,-34.8633,-315.813,-125.798,378.78,378.78,-257.528,1625.26,868.379,-266.661,-880.447,-880.447,200.494,200.494,-770.19,-770.19,73.8433,192.326,517.435,616.081,357.163,357.163,-213.706,-213.706,-213.706,811.44,811.44,-766.08,-2.14672e-09,-2.14672e-09,333.846,-597.512,-597.512,818.609,-340.307,41.363,0,434.268,191.587,-829.731,-604.262,-604.262,-106.957,6.40146,-34.8213,-465.485,-465.485,7.02902,15.3546,15.3546,2330.13,-378.171,-2330.13,1281.17,1306.77,1248.1,-1944.5,818.703,-499.097,2163.47,2203.44,2195.01,-806.877,33.674,-214.515,761.067,2407,167.56,2444.07,6310.19,3363.14,3363.14,162.273,-1424.05,266.946,192.812,188.909,-87.1291,266.94,-179.82,-222.573,-223.526,263.476,260.549,264.507,-186.946,123.198,123.198,-181.851,557.518,557.518,-1336.95,341.676,249.492,-184.669,207.277,503.122,1314.8,1314.8,410.266,810.722,883.496,2500.83,-688.652,628.556,-410.266,-10.4439,809.21,995.807,586.475,583.305,10.4439,-660.394,-715.834,179.013,152.574,210.25,95.3444,-34.8854,315.803,116.749,116.741,-67.4166,187.74,-104.79,-134.975,61.0856,-637.804,-810.722,-690.639,-883.496,-103.81,-103.81,-82.894,-212.333,35.8227,35.8227,169.085,169.085,-322.586,-322.586,202.638,57.2856,19.3085,-239.171,1062.08,-3523.18,-2561.09,5618.04,-19.3085,1606.29,-453.986,-347.484,284.345,284.345,218.494,218.494,84.8465,364.265,-719.881,-4.44992,70.7814,70.7814,278.279,201.157,190.238,184.282,51.2562,51.2562,95.5424,94.215,351.047,351.047,471.427,155.05,405.482,86.4972,512.839,-268.716,-268.716,159.008,180.456,0,97.6147,186.615,0,153.304,-260.002,-260.002,-229.676,156.134,-171.752,-172.922,-183.073,40.7729,42.9506,263.68,-26.8371,-563.164,-212.296,-99.8947,-99.8947,18.5442,180.364,180.364,15.4828,16.2203,-450.613,0,-23.0345,-23.0345,0,674.018,0,234.346,0,-136.207,0,39.1262,-22.8995,-30.9935,-100.363,-100.363,0,-40.8239,-40.8239,-71.9266,0,2.97711,914.51,914.51,914.51,1.81225,0,0,0,67.9668,67.9668,67.9668,0,-27.1441,-0.4385,-0.4385,10.248,740.586,0.681654,0.681654,14.9623,24.5566,10.9181,-57.7088,28.6088,28.3823,11.4754,0,2.44399,0,-229.118,-229.118,-229.118,0,0,0,0,35.7537,975.3,135.197,135.197,45.8128,-644.844,62.457,92.3341,0,362.754,-257.455,-68.7204,-165.198,73.8593,-844.979,-733.79,155.052,34.8213,463.699,463.699,960.257,487.531,169.068,2891.88,1586.94,67.672,98.6416,239.765,1087.44,433.177,481.542,-369.196,345.548,3361.93,-3598.85,-1505.23,7762.08,863.232,-940.018,691.322,96.6205,723.9,-103.294,257.904,154.674,134.374,139.512,353.377,-170.321,-170.321,258.959,195.232,195.232,1063.57,228.332,0,265.456,-38.8784,-383.244,0,0
2020-08-02 00:00:00 UTC,-200.297,-98.7052,225.041,-15.9098,-15.9098,-213.429,35.9758,61.8919,-178.551,-178.551,784.855,288.422,-1120.47,-1.31091,125.45,228.286,638.99,140.805,-519.49,-99.7789,-104.69,-179.076,-179.076,-296.411,-351.846,-125.727,-22.0377,17.3597,-7.66319,215.428,-116.179,-116.179,-266.728,-156.597,-156.597,-376.343,242.917,302.356,-1421.55,-1421.55,326.154,642.957,521.408,261.149,367.302,-503.534,-2057.24,-2095.42,-2086.67,26.7862,-161.122,-161.122,37.1573,-83.6165,-147.08,7.72482,7.72482,-372.634,187.486,115.685,314.393,-283.024,-143.976,191.823,191.823,-7.08364,-13.6516,132.399,132.399,15.1752,427.832,-319.025,-157.818,-157.818,-4.48195,-4.48195,0.581355,0.715404,2.35654,-11.5372,-2.08357,27.4506,-1.47128,-1.48405,-3.57666,-8.25677,2.43822,110.753,110.753,25.8279,25.8279,29.4753,29.4753,-112.07,-112.07,-112.07,30.0158,30.0158,-12.981,-62.6393,-15.6818,-15.6818,22.9714,22.9714,-122.702,-26.4288,-261.149,-14.6207,-14.6207,-222.313,-222.313,-222.313,747.75,-177.522,-177.522,-187.295,-187.295,-3.70835,61.3147,61.3147,-0.392197,-0.392197,-860.775,-860.775,756.173,756.173,0,-34.8775,-309.592,-124.256,370.961,370.961,-251.213,1575.72,842.337,-260.855,-860.8,-860.8,195.322,195.322,-752.46,-752.46,71.9005,188.341,483.567,632.207,347.783,347.783,-208.194,-208.194,-208.194,782.704,782.704,-748.094,-1.92151e-09,-1.92151e-09,325.974,-580.053,-580.053,793.079,-329.463,41.1588,0,419.484,193.488,-804.209,-585.891,-585.891,-102.181,9.38902,-33.0318,-454.956,-454.956,16.3992,22.4468,22.4468,2215.45,-364.128,-2215.45,1242.22,1267.11,1211.87,-1877.5,784.307,-482.702,2057.24,2095.42,2086.67,-810.957,25.4042,-203.246,741.21,2368.23,159.898,2404.03,6206.77,3308,3308,165.51,-1393.94,256.011,194.63,188.399,-84.9244,260.89,-178.562,-218.259,-219.34,259.758,256.829,260.773,-184.337,117.609,117.609,-179.329,547.089,547.089,-1312.33,324.192,245.018,-182.169,205.81,498.613,1274.29,1274.29,404.804,804.463,876.719,2487.24,-693.949,610.436,-404.804,-9.19559,778.476,989.479,582.752,579.592,9.19559,-656.092,-711.24,179.266,152.587,209.126,94.666,-34.4331,302.607,116.563,116.555,-66.5707,177.503,-104.601,-134.883,59.7638,-633.796,-804.463,-686.373,-876.719,-103.911,-103.911,-82.5057,-212.773,35.9234,35.9234,169.597,169.597,-320.931,-320.931,185.671,55.5895,19.8001,-238.37,1059.63,-3511.4,-2548.61,5592.24,-19.8001,1562.28,-434.741,-342.14,271.784,271.784,203.599,203.599,91.4438,355.994,-690.451,-3.14287,65.2153,65.2153,255.923,201.212,139.985,170.18,48.0263,48.0263,89.3896,88.1462,341.546,341.546,457.312,150.507,389.885,70.7023,477.397,-259.315,-259.315,152.944,173.519,0,98.1169,187.258,0,147.613,-262.552,-262.552,-219.041,143.063,-164.831,-165.959,-176.54,36.7718,39.7135,249.638,-26.2197,-566.122,-213.222,-98.8471,-98.8471,22.1436,177.728,177.728,14.784,15.5111,-453.094,0,-18.1753,-18.1753,0,642.531,0,233.927,0,-134.028,0,39.0218,-25.7943,-30.4527,-98.8528,-98.8528,0,-40.4457,-40.4457,-71.1946,0,2.67476,867.541,867.541,867.541,1.72252,0,0,0,63.9451,63.9451,63.9451,0,-27.7011,-1.20278,-1.20278,8.9639,712.684,0.0356245,0.0356245,13.7965,23.44,10.0228,-55.6044,27.9636,27.7414,10.7864,0,0.202491,0,-231.926,-231.926,-231.926,0,0,0,0,33.8262,947.475,132.151,132.151,15.3851,-632.081,49.7973,73.783,0,342.112,-257.409,-68.6706,-205.792,29.9364,-853.786,-726.661,148.501,33.0318,453.384,453.384,941.09,462.131,161.638,2816.44,1584.41,67.657,98.5446,239.484,1105.93,433.374,490.543,-367.877,348.306,3368,-3568.84,-1490.83,7725.49,829.12,-948.622,694.594,84.2091,697.748,-107.906,257.988,147.353,170.935,130.377,349.466,-166.802,-166.802,247.261,196.097,196.097,1023.38,213.429,0,259.581,-40.1916,-392.754,0,0
2020-08-02 01:00:00 UTC,-195.55,-97.9839,241.549,-23.4316,-23.4316,-188.462,43.2942,74.4943,-183.852,-183.852,740.176,266.109,-1067.83,-1.82331,113.929,223.941,600.231,132.037,-496.862,-93.5174,-90.9646,-170.095,-170.095,-285.759,-342.632,-122.467,-21.3662,16.3943,-5.52526,206.001,-110.964,-110.964,-251.825,-146.402,-146.402,-357.513,222.758,277.53,-1315.58,-1315.58,300.075,602.996,494.94,248.641,341.904,-472.219,-1869.85,-1904.85,-1895.62,23.7408,-150.425,-150.425,34.8412,-77.2019,-130.363,7.87486,7.87486,-347.883,180.818,108.004,291.726,-263.144,-135.09,177.557,177.557,-7.477,-15.5361,131.899,131.899,15.7379,409.309,-301.457,-145.485,-145.485,-3.306,-3.306,0.611053,0.779438,2.10747,-10.7864,-2.72708,25.1108,-1.45795,-1.47125,-3.21006,-7.62212,2.61917,104.947,104.947,22.6143,22.6143,25.8349,25.8349,-105.741,-105.741,-105.741,29.4888,29.4888,-9.98001,-57.0885,-15.4568,-15.4568,21.5259,21.5259,-115.207,-24.6363,-248.641,-12.7761,-12.7761,-210.117,-210.117,-210.117,702.863,-166.877,-166.877,-176.614,-176.614,-4.60964,56.9668,56.9668,-3.1292,-3.1292,-820.321,-820.321,717.706,717.706,0,-34.0275,-295.159,-119.967,353.076,353.076,-238.123,1475.97,789.824,-247.733,-819.196,-819.196,184.117,184.117,-714.942,-714.942,67.7797,179.362,421.889,655.507,327.978,327.978,-196.892,-196.892,-196.892,727.023,727.023,-710.537,-9.31256e-10,-9.31256e-10,308.273,-545.645,-545.645,743.683,-307.013,44.25,0,393.262,196.563,-753.548,-550.198,-550.198,-93.6452,13.5827,-28.9179,-432.202,-432.202,32.1734,34.1778,34.1778,2011.92,-338.274,-2011.92,1169.22,1192.78,1143.43,-1752.78,721.38,-452.35,1869.85,1904.85,1895.62,-811.904,12.4153,-184.195,698.553,2273.76,144.338,2308.83,5951.2,3170.67,3170.67,169.996,-1330.77,233.879,196.077,184.374,-83.5355,247.726,-174.816,-208.627,-209.973,250.43,247.518,251.404,-178.357,106.902,106.902,-173.52,525.45,525.45,-1259.07,290.689,234.18,-176.387,199.688,485.966,1190.37,1190.37,393.09,784.459,855.005,2440.84,-693.967,577.553,-393.09,-8.33064,724.649,962.879,567.077,563.975,8.33064,-642.843,-697.06,176.67,150.141,204.938,92.2403,-33.1757,281.614,114.392,114.384,-64.3455,160.761,-102.579,-132.45,58.3949,-621.562,-784.459,-673.325,-855.005,-103.039,-103.039,-81.0465,-210.848,36.0101,36.0101,168.555,168.555,-314.407,-314.407,161.521,52.6715,19.2816,-234.817,1047.95,-3433.54,-2500.54,5540.21,-19.2816,1489.78,-401.12,-331.442,250.086,250.086,180.08,180.08,101.725,342.55,-644.126,-1.32099,56.6731,56.6731,225.106,198.828,70.5129,151.542,42.1269,42.1269,78.9754,77.8745,323.726,323.726,431.693,142.602,362.532,48.5755,420.476,-240.931,-240.931,141.149,160.074,0,96.4815,183.386,0,136.459,-258.224,-258.224,-199.922,121.415,-152.491,-153.544,-163.763,29.6192,33.813,231.476,-25.9409,-562.919,-212.866,-96.1555,-96.1555,28.0898,173.957,173.957,13.3372,14.0369,-452.324,0,-9.09751,-9.09751,0,596.846,0,228.76,0,-130.155,0,38.7807,-32.8726,-29.7162,-95.206,-95.206,0,-39.8356,-39.8356,-68.802,0,2.20995,784.837,784.837,784.837,1.55437,0,0,0,57.1164,57.1164,57.1164,0,-28.5609,-2.61453,-2.61453,6.612,661.205,-1.14494,-1.14494,11.7969,21.4265,8.48615,-52.1468,26.5716,26.3592,9.71152,0,-2.49708,0,-235.473,-235.473,-235.473,0,0,0,0,28.6009,887.03,126.365,126.365,-35.3845,-605.461,28.0689,41.9505,0,305.231,-255.234,-68.1907,-274.069,-54.5533,-864.965,-705.384,133.047,28.9179,430.943,430.943,895.051,411.107,149.012,2617.98,1546.45,66.4653,96.7202,235.029,1100.44,427.336,489.275,-361.971,343.514,3311.65,-3536.71,-1475.07,7652.36,769.686,-957.36,700.253,66.6682,655.869,-113.296,255.205,135.427,220.531,117.021,341.889,-159.266,-159.266,225.36,192.85,192.85,950.224,188.462,0,257.435,-43.89,-405.761,0,0
2020-08-02 02:00:00 UTC,-191.959,-98.5644,263.807,-33.5967,-33.5967,-158.752,52.4467,90.2761,-199.088,-199.088,688.424,240.406,-1007.48,-6.83341,100.421,218.505,558.897,122.702,-469.266,-85.6652,-72.3503,-158.198,-158.198,-272.883,-335.483,-119.78,-20.4832,15.1382,-1.12989,193.936,-104.59,-104.59,-235.239,-135.657,-135.657,-335.006,197.765,246.692,-1183.88,-1183.88,267.332,552.755,463.954,233.893,308.886,-430.873,-1643.3,-1674.41,-1664.8,20.0318,-136.803,-136.803,32.5803,-69.1546,-108.067,8.35047,8.35047,-315.698,173.988,97.7437,266.791,-237.042,-123.093,163.647,163.647,-8.31154,-18.9191,131.804,131.804,16.9909,388.376,-280.65,-133.397,-133.397,-1.36899,-1.36899,0.666429,0.88183,1.78571,-9.82125,-3.57194,21.9734,-1.41852,-1.43379,-2.64668,-6.74423,2.86571,97.3023,97.3023,18.3057,18.3057,20.9532,20.9532,-97.7738,-97.7738,-97.7738,29.0607,29.0607,-5.56098,-49.5611,-15.2287,-15.2287,19.5675,19.5675,-105.056,-22.3133,-233.893,-10.8305,-10.8305,-194.317,-194.317,-194.317,644.835,-153.695,-153.695,-162.813,-162.813,-5.38778,51.4865,51.4865,-5.73464,-5.73464,-766.136,-766.136,666.209,666.209,0,-32.4959,-275.465,-113.664,328.873,328.873,-220.932,1348.25,722.441,-229.939,-763.864,-763.864,169.396,169.396,-665.262,-665.262,62.4595,167.252,347.633,677.282,301.895,301.895,-181.905,-181.905,-181.905,656.457,656.457,-661.068,-3.19588e-09,-3.19588e-09,284.113,-500.819,-500.819,679.724,-277.564,48.5903,0,360.099,197.905,-687.248,-504.03,-504.03,-83.3947,17.678,-24.032,-402.911,-402.911,48.7507,46.3057,46.3057,1765.64,-304.918,-1765.64,1073.87,1095.65,1053.25,-1591.79,643.617,-413.285,1643.3,1674.41,1664.8,-801.729,0.460813,-157.892,644.473,2145.33,124.771,2179.21,5598.81,2980.78,2980.78,174.943,-1245.02,207.184,197.292,176.186,-85.0814,230.487,-168.76,-195.732,-197.394,237.365,234.499,238.284,-170.05,93.5339,93.5339,-165.433,497.497,497.497,-1187.09,250.188,219.148,-168.307,188.863,466.731,1082.47,1082.47,377.394,753.934,821.84,2364.16,-689.272,538.902,-377.394,-7.97094,663.516,919.785,541.671,538.671,7.97094,-622.621,-675.386,171.27,145.313,197.98,88.3029,-31.4135,257.963,110.374,110.366,-61.1008,143.277,-98.8534,-127.839,56.2405,-602.888,-753.934,-653.378,-821.84,-101.081,-101.081,-79.0464,-206.874,36.0118,36.0118,165.604,165.604,-303.624,-303.624,136.863,49.4138,18.2882,-228.709,1026.56,-3302.14,-2421.68,5455.14,-18.2882,1402.88,-362.066,-317.537,224.714,224.714,153.437,153.437,112.153,327.951,-592.869,0.541154,48.4168,48.4168,191.606,194.653,-7.35665,129.659,36.0481,36.0481,68.0133,67.063,302.082,302.082,400.932,132.983,330.228,21.6679,355.514,-221.154,-221.154,128.435,145.547,0,95.9512,181.273,0,124.154,-255.057,-255.057,-178.716,95.2451,-138.93,-139.902,-150.137,21.3658,27.1643,210.672,-25.6287,-556.167,-210.249,-92.4047,-92.4047,33.7835,172.122,172.122,11.9175,12.599,-460.79,0,2.94081,2.94081,0,551.37,0,217.687,0,-126.984,0,38.4911,-43.0094,-29.474,-90.4858,-90.4858,0,-39.4308,-39.4308,-64.853,0,1.71003,684.982,684.982,684.982,1.3559,0,0,0,48.8581,48.8581,48.8581,0,-30.4237,-5.05549,-5.05549,2.73799,605.913,-3.08215,-3.08215,9.11367,18.3687,6.43859,-47.3973,24.5477,24.3493,8.6167,0,-4.82815,0,-237.501,-237.501,-237.501,0,0,0,0,22.5613,811.946,118.829,118.829,-88.9315,-567.903,4.09944,6.82998,0,262.07,-249.868,-66.9033,-345.67,-152.553,-871.638,-672.17,112.831,24.032,401.993,401.993,832.641,349.019,135.434,2348.08,1476.74,64.1781,93.2903,226.692,1070.39,415.749,475.299,-353.034,328.038,3192.2,-3493.74,-1453.62,7532.84,702.535,-966.023,704.937,48.7753,609.387,-117.466,250.62,121.151,276.07,104.395,333.496,-149.876,-149.876,200.283,191.739,191.739,874.488,158.752,0,254.7,-47.9202,-416.58,0,0
2020-08-02 03:00:00 UTC,-187.434,-98.2387,276.715,-41.0145,-41.0145,-132.394,58.4255,100.848,-209.873,-209.873,635.844,217.965,-946.809,-15.0985,89.2805,209.052,524.07,114.85,-440.572,-77.8295,-54.9701,-147.252,-147.252,-258.522,-326.694,-116.378,-19.5166,13.7904,3.14195,180.898,-98.064,-98.064,-219.778,-126.256,-126.256,-313.012,176.968,220.983,-1071.3,-1071.3,239.362,507.098,433.362,219.211,279.076,-391.772,-1456.11,-1483.96,-1474.26,17.3878,-124.694,-124.694,30.4286,-62.5136,-91.9861,8.34137,8.34137,-288.045,164.477,88.468,245.312,-214.875,-112.63,152.056,152.056,-8.59142,-20.6098,129.633,129.633,17.2522,366.565,-262.201,-127.113,-127.113,-0.151245,-0.151245,0.649459,0.891966,1.51138,-8.97507,-3.98975,19.533,-1.38689,-1.40373,-2.24043,-6.06815,3.00105,89.6606,89.6606,15.2344,15.2344,17.4743,17.4743,-90.1232,-90.1232,-90.1232,28.359,28.359,-2.56408,-43.711,-14.7447,-14.7447,17.8804,17.8804,-95.1876,-20.3869,-219.211,-9.55731,-9.55731,-180.696,-180.696,-180.696,594.872,-142.684,-142.684,-151.145,-151.145,-5.67031,47.2013,47.2013,-7.39277,-7.39277,-718.524,-718.524,620.88,620.88,0,-31.0903,-257.83,-107.16,307.199,307.199,-205.615,1239.24,664.796,-213.981,-715.481,-715.481,157.205,157.205,-622.238,-622.238,58.2341,156.496,288.281,687.502,278.985,278.985,-168.459,-168.459,-168.459,596.729,596.729,-618.292,1.35494e-10,1.35494e-10,261.894,-461.478,-461.478,623.23,-252.242,51.2639,0,331.218,196.07,-629.689,-464,-464,-76.3681,18.6596,-20.2815,-378.045,-378.045,59.6995,54.0487,54.0487,1562.42,-275.633,-1562.42,988.714,1008.88,972.079,-1450.69,578.442,-378.768,1456.11,1483.96,1474.26,-782.755,-6.18879,-133.501,598.771,2028.16,108.629,2060.41,5275.18,2805.74,2805.74,177.294,-1168.81,187.713,196.881,168.349,-84.7571,215.376,-162.377,-184.16,-186.066,225.003,222.202,225.87,-162.299,82.6396,82.6396,-157.871,471.676,471.676,-1123.41,219.714,205.062,-160.72,179.033,447.065,991.46,991.46,362.284,723.117,788.344,2284.23,-680.249,504.786,-362.284,-7.89025,611.131,875.829,515.75,512.858,7.89025,-601.93,-653.183,165.244,139.962,190.282,84.0903,-29.9666,237.172,106.077,106.069,-58.0653,130.329,-94.8757,-122.891,54.5829,-583.719,-723.117,-632.872,-788.344,-98.4702,-98.4702,-76.5073,-200.652,35.6177,35.6177,161.286,161.286,-292.358,-292.358,116.972,46.1175,17.6948,-221.741,994.543,-3166.01,-2338.1,5313.05,-17.6948,1325.35,-327.844,-303.657,202.343,202.343,130.736,130.736,120.206,315.958,-547.374,2.10596,42.5085,42.5085,161.879,189.117,-79.145,108.231,31.7932,31.7932,59.7648,58.9282,282.207,282.207,373.104,124.171,301.551,-4.08908,302.79,-208.545,-208.545,119.775,135.593,0,98.847,185.047,0,115.893,-261.228,-261.228,-162.942,72.6778,-128.543,-129.452,-140.874,15.3988,22.5824,190.709,-24.9252,-547.575,-204.935,-88.8013,-88.8013,35.83,168.749,168.749,10.6452,11.3034,-461.085,0,11.6883,11.6883,0,512.535,0,199.021,0,-122.98,0,38.1989,-50.4192,-29.1552,-85.3046,-85.3046,0,-38.7709,-38.7709,-60.6094,0,1.37075,603.233,603.233,603.233,1.17475,0,0,0,42.5606,42.5606,42.5606,0,-30.8996,-6.5087,-6.5087,0.302489,566.3,-4.2954,-4.2954,7.20363,16.0685,4.95609,-44.1501,22.6512,22.4666,7.91962,0,-5.67462,0,-236.691,-236.691,-236.691,0,0,0,0,18.046,751.702,111.351,111.351,-124.461,-532.184,-12.9211,-18.1229,0,228.669,-242.113,-65.1101,-392.605,-225.568,-869.45,-640.393,95.5444,20.2815,377.312,377.312,776.248,299.805,125.006,2103.47,1405.74,61.7196,89.6162,217.767,1038.51,400.294,457.892,-341.153,309.619,3068.56,-3407.14,-1411.27,7333.18,645.26,-971.799,708.286,34.0367,568.296,-119.267,244.095,108.02,327.368,95.2527,326.914,-141.949,-141.949,179.022,195.18,195.18,822.271,132.394,0,247.437,-50.565,-420.447,0,0
2020-08-02 04:00:00 UTC,-177.066,-93.5108,270.977,-42.0606,-42.0606,-110.893,58.955,102.468,-202.107,-202.107,578.362,197.336,-877.48,-19.1274,80.3222,194.511,486.405,106.372,-409.728,-70.4511,-42.1939,-136.24,-136.24,-240.744,-307.31,-109.243,-18.4774,12.3832,4.12244,166.775,-91.1056,-91.1056,-203.536,-116.518,-116.518,-290.425,159.68,199.577,-971.301,-971.301,216.234,463.203,399.853,203.034,254.314,-359.936,-1295.14,-1320.15,-1310.55,15.3432,-113.78,-113.78,28.1511,-56.7965,-80.2163,7.95089,7.95089,-263.583,153.226,80.3117,224.327,-195.645,-103.358,139.768,139.768,-8.34032,-20.5895,125.028,125.028,16.5086,340.989,-241.574,-114.556,-114.556,0.378447,0.378447,0.586296,0.822361,1.27434,-8.2245,-4.01704,17.4739,-1.33,-1.34994,-1.92604,-5.48833,2.88169,82.0748,82.0748,13.1007,13.1007,15.0454,15.0454,-82.6492,-82.6492,-82.6492,26.4178,26.4178,-0.738322,-38.8234,-13.9826,-13.9826,16.2374,16.2374,-86.7123,-18.5839,-203.034,-8.62898,-8.62898,-168.143,-168.143,-168.143,549.068,-132.717,-132.717,-140.532,-140.532,-5.70063,43.4801,43.4801,-8.70596,-8.70596,-673.928,-673.928,578.907,578.907,0,-29.7993,-241.257,-100.567,286.942,286.942,-191.181,1140.43,612.432,-198.913,-670.245,-670.245,146.319,146.319,-582.298,-582.298,54.6986,146.478,239.239,688.429,257.729,257.729,-156.098,-156.098,-156.098,544.106,544.106,-578.609,1.37191e-10,1.37191e-10,241.182,-425.636,-425.636,571.723,-229.962,52.2619,0,304.94,191.52,-578.364,-427.831,-427.831,-71.0341,17.9101,-17.5363,-351.671,-351.671,66.7513,58.7807,58.7807,1387.97,-249.376,-1387.97,910.37,929.032,896.931,-1323.53,521.497,-347.409,1295.14,1320.15,1310.55,-757.375,-9.48677,-111.549,556.717,1912.31,94.6478,1942.84,4955.92,2632.66,2632.66,175.877,-1097.58,172.908,193.023,159.476,-85.3328,201.294,-155.227,-173.056,-175.157,212.35,209.645,213.166,-154.581,73.6729,73.6729,-150.334,446.08,446.08,-1061.53,197.213,191.537,-153.125,168.706,426.904,911.089,911.089,344.554,690.733,753.131,2199.56,-664.259,464.904,-344.554,-6.1035,551.165,831.011,489.321,486.54,6.1035,-579.826,-629.436,159.512,134.874,182.892,80.0014,-27.8497,213.169,101.772,101.763,-54.4476,114.398,-90.8927,-117.954,54.2808,-563.159,-690.733,-610.848,-753.131,-96.3742,-96.3742,-73.691,-194.83,35.6359,35.6359,158.238,158.238,-280.599,-280.599,92.1064,42.2785,16.855,-215.158,974.161,-3027.9,-2251.57,5214.66,-16.855,1249.87,-288.522,-287.385,177.059,177.059,109.652,109.652,130.603,302.226,-492.68,3.86181,34.8172,34.8172,129.414,182.485,-157.701,85.9861,26.8248,26.8248,50.6626,49.9515,260.065,260.065,342.843,114.784,272.433,-19.7632,253.347,-189.508,-189.508,107.864,122.081,0,94.3592,176.723,0,104.474,-249.529,-249.529,-144.58,56.5032,-115.999,-116.826,-127.869,10.0026,17.7471,169.121,-23.3443,-534.192,-197.359,-84.9023,-84.9023,35.8267,157.566,157.566,9.01982,9.62023,-431.888,0,14.1829,14.1829,0,468.673,0,179.575,0,-114.632,0,37.9011,-49.8053,-27.5383,-79.5857,-79.5857,0,-36.949,-36.949,-57.3921,0,1.11549,533.648,533.648,533.648,1.01297,0,0,0,37.1413,37.1413,37.1413,0,-30.012,-6.97764,-6.97764,-0.756894,511.539,-4.82218,-4.82218,5.84272,13.8624,4.04305,-40.152,20.8102,20.6399,7.41082,2.27307e-09,-5.76545,0,-233.657,-233.657,-233.657,0,0,0,0,14.8833,687.753,103.63,103.63,-148.306,-497.648,-25.1211,-36.0245,0,200.902,-232.957,-62.9294,-422.666,-282.594,-859.888,-608.28,79.6277,17.5363,351.03,351.03,721.291,257.868,111.871,1865.22,1334.77,59.2702,85.947,208.847,1007.07,385.808,442.489,-328.819,292.863,2936.45,-3339.42,-1378.17,7194.69,579.918,-970.014,715.831,17.3788,518.538,-121.174,235.764,93.9436,382.231,83.7053,317.764,-133.177,-133.177,155.446,186.699,186.699,744.739,110.893,0,231.071,-52.5857,-418.364,0,0
2020-08-02 05:00:00 UTC,-166.931,-89.6334,270.408,-45.161,-45.161,-87.6384,61.1594,106.872,-200.755,-200.755,508.931,172.85,-794.358,-28.5119,69.4236,176.061,444.478,96.9503,-370.443,-61.0049,-25.5751,-123.498,-123.498,-220.038,-287.006,-101.672,-17.2202,10.7143,6.30751,150.125,-82.7686,-82.7686,-183.854,-104.675,-104.675,-262.745,138.176,172.904,-848.476,-848.476,187.269,409.535,359.438,183.338,222.549,-317.771,-1103.79,-1125.37,-1116.1,12.8736,-100.164,-100.164,25.2996,-49.7287,-65.99,7.42655,7.42655,-232.653,138.825,70.0481,198.692,-171.529,-91.4883,124.999,124.999,-8.05409,-20.6061,118.588,118.588,15.5574,310.112,-217.206,-98.9519,-98.9519,1.01982,1.01982,0.501875,0.737007,0.981347,-7.29351,-4.06116,15.0039,-1.26622,-1.2896,-1.55364,-4.79613,2.80129,72.7091,72.7091,10.4954,10.4954,12.0848,12.0848,-73.3992,-73.3992,-73.3992,24.4301,24.4301,1.45822,-32.9618,-13.065,-13.065,14.2761,14.2761,-75.8037,-16.4231,-183.338,-7.52623,-7.52623,-151.86,-151.86,-151.86,490.607,-119.823,-119.823,-126.838,-126.838,-5.70063,38.7626,38.7626,-10.1913,-10.1913,-615.12,-615.12,524.525,524.525,0,-28.0628,-219.604,-91.8807,260.572,260.572,-172.429,1015.3,545.961,-179.378,-610.679,-610.679,132.271,132.271,-529.912,-529.912,50.3433,133.367,182.126,680.931,230.502,230.502,-140.31,-140.31,-140.31,478.477,478.477,-526.548,-2.1341e-09,-2.1341e-09,214.669,-379.693,-379.693,506.66,-201.657,52.788,0,271.555,183.199,-512.797,-381.521,-381.521,-63.9679,16.6967,-14.141,-316.556,-316.556,72.48,62.3357,62.3357,1180.63,-216.292,-1180.63,810.076,826.785,800.087,-1162.51,451.648,-308.042,1103.79,1125.37,1116.1,-715.198,-10.3651,-82.9627,503.801,1759.07,77.7216,1786.79,4533.03,2403.69,2403.69,172.149,-1002.58,155.021,186.238,146.155,-88.0647,183.026,-145.032,-158.397,-160.704,195.34,192.777,196.089,-144.042,62.8309,62.8309,-140.054,412.531,412.531,-977.901,170.78,173.912,-142.743,153.483,399.092,810.253,810.253,321.202,645.613,704.056,2080.09,-638.622,417.278,-321.202,-4.48518,482.165,768.164,452.249,449.63,4.48518,-548.349,-595.577,150.606,127.222,172.59,74.3496,-24.9225,186.382,95.4659,95.4577,-49.7799,95.4807,-85.0987,-110.567,53.8848,-533.733,-645.613,-579.275,-704.056,-93.0212,-93.0212,-70.0451,-186.565,35.5251,35.5251,153.062,153.062,-263.969,-263.969,66.5151,37.683,14.3345,-205.628,942.717,-2826.31,-2126.79,5100.13,-14.3345,1161.61,-242.835,-267.456,147.726,147.726,85.9392,85.9392,141.797,286.806,-434.034,6.21398,26.8563,26.8563,95.9752,175.55,-237.799,62.8049,20.8505,20.8505,39.993,39.4297,233.849,233.849,307.154,103.392,238.884,-36.0047,195.952,-165.668,-165.668,93.1904,105.453,0,87.5415,164.213,0,90.3516,-231.656,-231.656,-122.558,38.0277,-101.603,-102.337,-111.829,2.76923,11.2537,147.088,-21.9328,-513.8,-186.074,-79.4683,-79.4683,34.9625,147.444,147.444,7.43639,7.98435,-407.991,0,18.8767,18.8767,0,417.418,0,150.568,0,-105.873,0,37.5851,-50.1469,-26.0261,-72.7232,-72.7232,0,-34.9263,-34.9263,-52.8306,0,0.838829,451.333,451.333,451.333,0.826908,0,0,0,30.8854,30.8854,30.8854,-3.51251e-11,-28.8982,-7.56328,-7.56328,-2.03964,446.254,-5.45915,-5.45915,4.1935,11.2748,2.87001,-36.0333,18.5919,18.4388,6.77049,0,-5.76545,0,-227.121,-227.121,-227.121,0,0,0,0,10.6684,601.248,94.7988,94.7988,-170.389,-451.453,-37.2465,-53.8266,0,166.971,-219.49,-59.5453,-446.404,-341.914,-838.574,-563.094,59.8995,14.141,316.021,316.021,649.362,208.368,95.8835,1555.8,1230.03,55.5635,80.5027,195.666,936.594,364.684,414.15,-312.384,265.786,2734.43,-3294.82,-1356.11,7034.26,505.196,-960.962,723.526,-1.63051,467.971,-123.27,227.759,78.0673,439.007,73.4406,307.691,-121.19,-121.19,128.214,174.989,174.989,654.189,87.6384,0,216.572,-54.3148,-409.632,0,0
2020-08-02 06:00:00 UTC,-159.049,-86.2896,265.273,-46.1499,-46.1499,-73.2391,60.9921,107.182,-197.438,-197.438,460.523,156.43,-735.071,-34.5071,62.2851,162.401,415.272,90.3981,-342.239,-54.5143,-15.0439,-114.957,-114.957,-206.095,-272.547,-96.3719,-16.3812,9.62359,7.46821,139.181,-77.0941,-77.0941,-169.744,-95.9166,-95.9166,-243.289,123.053,154.115,-762.18,-762.18,167.072,371.725,330.801,169.28,200.37,-288.274,-973.568,-992.778,-983.896,11.0806,-90.5086,-90.5086,23.2574,-44.6824,-55.7337,7.06908,7.06908,-210.192,128.829,62.8704,179.941,-154.164,-82.7821,113.818,113.818,-7.88465,-20.6599,113.513,113.513,14.8817,288.048,-200.023,-89.9868,-89.9868,1.48972,1.48972,0.445675,0.678519,0.774339,-6.6365,-4.09614,13.2317,-1.21909,-1.24502,-1.28432,-4.29829,2.7277,66.1223,66.1223,8.6296,8.6296,9.96311,9.96311,-66.8829,-66.8829,-66.8829,22.9477,22.9477,3.04424,-28.7569,-12.4123,-12.4123,12.8724,12.8724,-68.2188,-14.8758,-169.28,-6.72127,-6.72127,-139.349,-139.349,-139.349,446.468,-110.079,-110.079,-116.167,-116.167,-5.70063,35.0497,35.0497,-10.5145,-10.5145,-568.225,-568.225,481.386,481.386,0,-26.2336,-202.296,-85.12,239.585,239.585,-158.247,921.481,496,-164.282,-563.559,-563.559,120.932,120.932,-488.407,-488.407,46.6404,122.875,144.928,664.734,209.913,209.913,-128.393,-128.393,-128.393,430.926,430.926,-485.452,-2.34213e-09,-2.34213e-09,195.223,-345.872,-345.872,459.534,-181.441,52.2242,0,247.234,175.187,-464.748,-347.421,-347.421,-57.9199,16.3144,-11.3849,-289.727,-289.727,74.3229,63.1021,63.1021,1039.72,-192.807,-1039.72,737.048,752.315,729.194,-1047.33,402.793,-279.851,973.568,992.778,983.896,-677.245,-9.78482,-65.1929,462.084,1631.27,65.611,1657.61,4183.99,2214.89,2214.89,167.024,-926.935,139.685,178.589,135.859,-87.7579,168.278,-136.485,-146.48,-148.915,181.15,178.712,181.842,-135.193,54.8773,54.8773,-131.435,385.238,385.238,-909.761,150.206,160.008,-134.024,141.611,375.078,733.113,733.113,302.538,605.832,660.761,1970.23,-610.782,383.524,-302.538,-4.40789,435.045,711.725,418.947,416.481,4.40789,-520.011,-565.045,141.74,119.669,162.824,69.1305,-22.6154,168.527,89.4176,89.4094,-45.8458,83.6591,-79.5599,-103.479,53.59,-507.114,-605.832,-550.661,-660.761,-89.3387,-89.3387,-66.6362,-177.37,35.0179,35.0179,146.942,146.942,-248.605,-248.605,52.6867,34.0848,11.647,-196.311,905.619,-2639.68,-2010.73,4969.77,-11.647,1100.75,-210.821,-251.824,126.993,126.993,71.1517,71.1517,147.581,277.068,-396.38,7.52405,22.9454,22.9454,74.6824,169.49,-290.178,46.4667,17.5212,17.5212,33.8785,33.3999,214.887,214.887,281.83,95.3182,215.866,-45.3995,162.07,-151.369,-151.369,84.172,95.2411,0,83.4734,156.534,0,81.7543,-220.916,-220.916,-109.091,26.2144,-92.2984,-92.9718,-101.919,-0.959895,7.82767,131.771,-20.7146,-491.163,-176.573,-74.8168,-74.8168,34.4261,139.428,139.428,6.41343,6.92258,-387.635,0,20.9912,20.9912,0,381.087,0,130.192,0,-99.7993,0,37.3967,-50.66,-24.8683,-68.1376,-68.1376,0,-33.43,-33.43,-49.768,0,0.661553,395.634,395.634,395.634,0.707427,0,0,0,26.5465,26.5465,26.5465,0,-28.1328,-8.00515,-8.00515,-2.97944,404.879,-5.92519,-5.92519,3.00988,9.39813,2.04645,-32.8713,17.0037,16.8629,6.26339,0,-5.76545,0,-219.488,-219.488,-219.488,0,0,0,0,7.01668,535.945,88.2262,88.2262,-180.372,-416.244,-43.4012,-62.8805,0,143.405,-206.623,-56.4984,-452.654,-375.581,-812.741,-525.452,44.9967,11.3849,289.274,289.274,590.889,173.454,85.6452,1305.83,1132.96,52.0029,75.2871,183.039,866.181,342.832,382.873,-296.238,237.218,2537.67,-3251.38,-1334.87,6851.87,454.498,-953.22,727.736,-12.3925,434.996,-123.177,220.707,66.6031,476.74,68.704,300.47,-111.793,-111.793,110.055,166.859,166.859,598.752,73.2391,0,203.973,-55.8742,-397.512,0,0
2020-08-02 07:00:00 UTC,-152.738,-83.5523,260.944,-46.7879,-46.7879,-63.0802,60.7066,107.14,-195.022,-195.022,422.943,143.737,-688.269,-38.9899,56.7545,151.355,391.986,85.1801,-319.525,-49.5075,-7.51077,-107.752,-107.752,-194.013,-259.786,-91.6781,-15.6579,8.69739,8.31687,129.854,-72.3884,-72.3884,-158.64,-89.2823,-89.2823,-227.575,112.776,141.331,-702.895,-702.895,152.959,344.958,308.57,158.294,184.12,-265.567,-886.708,-904.324,-895.776,10.1215,-83.74,-83.74,21.4451,-41.3873,-51.2145,6.45746,6.45746,-195.189,118.943,57.6936,166.151,-142.899,-77.0654,105.469,105.469,-7.40211,-19.6312,108.284,108.284,13.7328,270.185,-187.798,-83.9663,-83.9663,1.36833,1.36833,0.362847,0.587623,0.638447,-6.18681,-3.92734,12.267,-1.19024,-1.21776,-1.18064,-4.03511,2.65018,61.1904,61.1904,7.82658,7.82658,9.05064,9.05064,-61.9995,-61.9995,-61.9995,21.796,21.796,3.39838,-26.51,-11.8015,-11.8015,11.983,11.983,-62.5747,-13.9071,-158.294,-6.20058,-6.20058,-130.706,-130.706,-130.706,416.351,-103.328,-103.328,-108.872,-108.872,-5.70063,32.6067,32.6067,-10.662,-10.662,-535.604,-535.604,451.641,451.641,0,-24.9934,-190.299,-80.2847,225.02,225.02,-148.377,857.647,461.946,-153.876,-530.816,-530.816,113.269,113.269,-459.696,-459.696,44.2156,115.576,121.255,649.785,195.816,195.816,-120.082,-120.082,-120.082,398.647,398.647,-456.983,-1.06802e-09,-1.06802e-09,181.851,-322.483,-322.483,427.109,-167.615,51.3203,0,230.301,168.639,-431.54,-323.868,-323.868,-53.9347,15.6521,-9.73895,-271.423,-271.423,74.4686,62.727,62.727,946.12,-176.668,-946.12,685.901,700.151,679.355,-967.76,369.939,-260.414,886.708,904.324,895.776,-647.656,-8.64572,-52.773,433.702,1541.58,57.7517,1566.68,3940.69,2083.39,2083.39,162.589,-873.65,129.195,172.454,129.097,-85.8319,158.059,-130.244,-138.138,-140.639,171.14,168.799,171.793,-128.833,49.6413,49.6413,-125.241,365.513,365.513,-861.486,136.444,150.281,-127.744,133.904,357.689,681.14,681.14,288.907,577.059,629.441,1888.54,-589.755,359.908,-288.907,-4.24952,402.734,671.494,395.206,392.85,4.24952,-499.091,-542.483,135.32,114.205,155.633,65.3456,-20.9457,156.04,85.0389,85.0307,-43.0011,75.7234,-75.5574,-98.3654,53.0347,-487.375,-577.059,-529.415,-629.441,-86.5619,-86.5619,-64.1956,-170.558,34.5271,34.5271,142.263,142.263,-237.316,-237.316,43.3586,31.5157,9.72895,-189.354,876.336,-2505.39,-1925.75,4864.5,-9.72895,1056.2,-187.917,-240.451,112.093,112.093,60.5714,60.5714,151.405,270.222,-370.37,8.58279,20.4801,20.4801,59.778,165.369,-327.006,34.6473,15.2323,15.2323,29.6507,29.2308,201.587,201.587,263.913,89.353,199.712,-52.4889,137.849,-141.475,-141.475,77.924,88.1599,0,80.8289,151.506,0,75.763,-213.798,-213.798,-99.6712,17.7541,-85.8226,-86.4528,-95.0719,-3.60631,5.40123,120.885,-19.8274,-474.464,-169.669,-71.4446,-71.4446,34.0263,133.047,133.047,5.65887,6.13823,-371.567,0,22.6244,22.6244,0,352.805,0,114.156,0,-94.4595,0,37.2486,-50.1581,-23.8526,-64.1816,-64.1816,0,-32.0551,-32.0551,-47.0959,0,0.564013,358.958,358.958,358.958,0.621655,0,0,0,23.9743,23.9743,23.9743,0,-26.6551,-7.68307,-7.68307,-2.73667,376.466,-5.80501,-5.80501,2.49494,8.43389,1.67109,-31.6131,15.9781,15.8458,5.92701,0,-5.76545,0,-213.092,-213.092,-213.092,0,0,0,0,4.80822,492.351,83.5376,83.5376,-184.058,-391.06,-46.3806,-67.2756,0,128.025,-197.097,-54.1434,-451.475,-392.704,-790.897,-499.345,35.4545,9.73895,271.017,271.017,550.856,151.322,78.6766,1138.46,1064.86,49.4377,71.5252,173.923,817.225,327.109,361.015,-284.445,216.553,2394.18,-3214.55,-1317.19,6704.66,419.86,-948.345,730.241,-20.2904,413.068,-123.017,216.232,58.2983,503.536,66.2191,295.092,-105.224,-105.224,98.4203,161.581,161.581,558.975,63.0802,0,194.811,-56.3952,-386.926,0,0
2020-08-02 08:00:00 UTC,-148.74,-81.9289,259.808,-47.5952,-47.5952,-55.4523,61.1682,108.182,-194.096,-194.096,397.35,134.891,-656.16,-42.2965,52.7893,144.039,375.978,81.5963,-303.616,-45.9995,-1.75397,-103.034,-103.034,-185.491,-250.58,-88.3245,-15.149,8.05331,8.84829,123.352,-69.1283,-69.1283,-151.075,-84.8255,-84.8255,-216.703,105.789,132.633,-661.66,-661.66,143.426,326.021,293.25,150.692,173.163,-250.202,-827.186,-843.702,-835.416,9.42247,-79.029,-79.029,20.3206,-39.0687,-47.5188,6.11465,6.11465,-184.533,112.837,54.2375,156.975,-134.819,-72.9332,99.9137,99.9137,-7.13705,-19.0959,104.669,104.669,13.0363,257.961,-179.605,-80.424,-80.424,1.36153,1.36153,0.313985,0.533143,0.542061,-5.87158,-3.84885,11.5387,-1.17338,-1.20181,-1.09726,-3.83786,2.58978,57.8176,57.8176,7.17037,7.17037,8.30391,8.30391,-58.6509,-58.6509,-58.6509,20.9549,20.9549,3.78162,-24.8042,-11.3933,-11.3933,11.3447,11.3447,-58.772,-13.2046,-150.692,-5.9006,-5.9006,-124.778,-124.778,-124.778,395.847,-98.7874,-98.7874,-103.951,-103.951,-5.70063,31.004,31.004,-10.8087,-10.8087,-513.365,-513.365,431.612,431.612,0,-24.2065,-182.145,-76.8997,215.176,215.176,-141.572,814.139,438.706,-146.697,-508.471,-508.471,108.181,108.181,-440.193,-440.193,42.6403,110.641,105.198,638.855,186.104,186.104,-114.198,-114.198,-114.198,376.194,376.194,-437.652,6.21325e-13,6.21325e-13,172.533,-305.991,-305.991,404.513,-157.654,50.8518,0,218.414,163.857,-407.776,-307.236,-307.236,-51.4956,14.8744,-8.67981,-259.091,-259.091,74.1665,62.1638,62.1638,882.075,-165.222,-882.075,649.617,663.143,643.905,-911.248,347.25,-246.683,827.186,843.702,835.416,-625.458,-7.27126,-43.0067,415.065,1481.7,52.5399,1505.39,3777.48,1995.36,1995.36,159.733,-836.392,122.536,168.536,124.291,-84.9842,151.134,-125.878,-132.448,-134.984,164.348,162.073,164.974,-124.422,46.0192,46.0192,-120.947,352.116,352.116,-828.114,127.38,143.633,-123.386,128.322,345.788,646.185,646.185,279.693,557.768,608.435,1833.61,-576.17,344.169,-279.693,-4.04102,381.518,644.624,379.348,377.067,4.04102,-484.889,-527.153,131.069,110.613,151.039,62.911,-19.609,147.818,82.0951,82.0869,-40.9417,70.5382,-72.8711,-94.9305,52.5803,-473.938,-557.768,-514.938,-608.435,-84.905,-84.905,-62.7939,-166.72,34.3846,34.3846,139.587,139.587,-229.692,-229.692,37.0123,30.006,8.13983,-184.948,861.857,-2414.08,-1868.51,4823.54,-8.13983,1025.47,-172.638,-232.755,102.177,102.177,53.1686,53.1686,153.969,265.662,-353.009,9.2982,18.8666,18.8666,49.9299,162.526,-350.754,26.7821,13.7046,13.7046,26.8094,26.4289,192.712,192.712,251.864,85.2079,188.808,-58.3326,120.714,-135.201,-135.201,73.9089,83.597,0,79.6606,149.093,0,71.9367,-210.607,-210.607,-93.4149,11.481,-81.6684,-82.271,-90.6754,-5.60214,3.63877,113.794,-19.3451,-464.067,-164.753,-69.1227,-69.1227,33.5653,129.135,129.135,5.12286,5.58233,-361.57,0,24.2371,24.2371,0,333.184,0,103.215,0,-90.6669,0,37.1521,-50.0355,-23.0964,-61.3974,-61.3974,0,-31.0477,-31.0477,-45.1936,0,0.499891,333.822,333.822,333.822,0.566536,0,0,0,22.252,22.252,22.252,0,-25.7789,-7.56956,-7.56956,-2.72306,358.556,-5.79833,-5.79833,2.07389,7.74932,1.38022,-30.4272,15.2319,15.1056,5.76316,0,-5.76545,0,-208.338,-208.338,-208.338,0,0,0,0,3.45208,463.654,80.3338,80.3338,-185.273,-372.98,-48.1281,-69.8556,0,117.932,-190.588,-52.412,-448.416,-401.85,-774.782,-480.991,29.3319,8.67981,258.728,258.728,523.945,137.167,74.087,1028.31,1018.48,47.7146,68.9998,167.802,781.937,317.589,345.847,-277.7,202.375,2291.54,-3214.1,-1316.83,6647.48,397.178,-944.723,731.702,-25.5335,398.515,-122.706,213.124,52.7533,521.296,64.7079,291.562,-100.844,-100.844,90.9936,159.141,159.141,534.083,55.4523,0,189.832,-56.3082,-379.034,0,0
2020-08-02 09:00:00 UTC,-147.305,-81.7288,263.934,-49.561,-49.561,-49.7361,63.0152,111.344,-197.082,-197.082,381.434,128.54,-636.304,-45.2027,49.6123,140.25,365.43,79.2362,-293.231,-43.5554,3.17421,-99.5873,-99.5873,-179.874,-245.106,-86.3054,-14.802,7.61674,9.46954,118.976,-66.9629,-66.9629,-146.224,-82.0466,-82.0466,-209.477,100.696,126.289,-631.745,-631.745,136.579,312.457,283.501,145.842,165.413,-239.316,-784.228,-799.946,-791.873,8.79291,-75.6218,-75.6218,19.7634,-37.2906,-43.4577,6.06468,6.06468,-176.351,110.063,51.8757,151.18,-128.436,-69.6499,96.5811,96.5811,-7.14655,-19.2847,102.748,102.748,12.8844,250.548,-174.18,-77.6935,-77.6935,1.59322,1.59322,0.301346,0.52112,0.46767,-5.63808,-3.90748,10.8848,-1.1672,-1.19593,-1.00277,-3.66107,2.57137,55.5704,55.5704,6.4291,6.4291,7.46108,7.46108,-56.4085,-56.4085,-56.4085,20.477,20.477,4.44899,-23.2454,-11.1808,-11.1808,10.8583,10.8583,-56.1535,-12.6539,-145.842,-5.74566,-5.74566,-120.842,-120.842,-120.842,382.287,-95.8163,-95.8163,-100.781,-100.781,-5.70063,30.0322,30.0322,-11.0281,-11.0281,-498.963,-498.963,418.776,418.776,0,-23.8003,-176.885,-74.6047,208.83,208.83,-137.004,785.242,423.256,-141.932,-493.941,-493.941,105.022,105.022,-427.608,-427.608,41.5888,107.469,93.6836,632.683,179.588,179.588,-110.115,-110.115,-110.115,360.679,360.679,-425.157,-1.13552e-09,-1.13552e-09,166.231,-294.441,-294.441,388.445,-150.775,49.8727,0,209.581,160.254,-391.06,-295.574,-295.574,-50.2255,14.1105,-8.03643,-251.267,-251.267,73.6883,61.5906,61.5906,836.028,-156.556,-836.028,622.817,635.805,617.68,-869.345,331.093,-236.493,784.228,799.946,791.873,-609.133,-5.66154,-34.1055,403.928,1445.62,49.1174,1467.7,3677.8,1941.7,1941.7,158.349,-811.463,118.825,166.572,121.088,-84.8881,146.737,-123.127,-128.843,-131.397,160.152,157.918,160.762,-121.599,43.5323,43.5323,-118.199,343.554,343.554,-806.475,121.709,139.273,-120.597,124.573,338.324,623.673,623.673,273.867,546.228,595.87,1801.21,-569.697,334.035,-273.867,-3.6752,367.95,628.902,370.069,367.832,3.6752,-476.301,-517.88,128.628,108.582,148.523,61.5512,-18.7117,142.643,80.4075,80.3993,-39.7177,67.0637,-71.3399,-92.9364,52.5504,-465.793,-546.228,-506.16,-595.87,-84.053,-84.053,-61.9949,-164.818,34.375,34.375,138.269,138.269,-225.287,-225.287,32.5635,29.0786,7.28499,-182.519,855.314,-2360.67,-1834.67,4805.74,-7.28499,1004.46,-162.695,-227.952,95.8172,95.8172,47.7631,47.7631,156.015,262.497,-341.964,9.85675,17.5316,17.5316,44.1066,161.036,-363.778,22.5612,12.351,12.351,24.4085,24.0617,186.994,186.994,243.908,82.312,181.495,-62.8985,107.546,-130.444,-130.444,70.849,80.1151,0,78.8861,147.294,0,69.0807,-208.602,-208.602,-88.6844,6.74791,-78.8648,-79.4497,-87.3038,-7.57205,1.94646,110.116,-19.3269,-459.814,-161.465,-67.6677,-67.6677,33.0394,128.032,128.032,4.82209,5.27557,-361.377,0,26.8727,26.8727,0,321.793,0,96.3226,0,-88.3927,0,37.091,-50.3239,-22.6902,-59.5125,-59.5125,0,-30.428,-30.428,-43.7696,0,0.451915,315.55,315.55,315.55,0.531744,0,0,0,21.0047,21.0047,21.0047,0,-25.6463,-7.8264,-7.8264,-3.18645,345.997,-6.02797,-6.02797,1.60521,7.19121,1.05399,-29.1884,14.6506,14.5287,5.71203,-1.2368e-12,-5.76545,0,-205.214,-205.214,-205.214,0,0,0,0,2.71783,445.964,78.2143,78.2143,-185.203,-359.851,-49.2062,-71.45,0,111.437,-186.009,-51.1702,-445.577,-407.079,-764.503,-469.149,25.6976,8.03643,250.938,250.938,507.386,128.386,71.0022,963.025,990.797,46.7072,67.5418,164.276,757.411,312.483,337.128,-274.068,195.195,2231.51,-3215.05,-1317.26,6622.68,382.691,-941.505,732.609,-29.2986,389.736,-122.816,211.618,49.3694,531.366,63.5165,289.9,-98.1186,-98.1186,86.1896,157.629,157.629,516.318,49.7361,0,189.679,-55.6866,-373.948,0,0
2020-08-02 10:00:00 UTC,-147.46,-82.3305,270.741,-51.9961,-51.9961,-46.2829,65.4857,115.402,-201.784,-201.784,373.181,124.251,-625.959,-46.852,47.172,139.122,358.473,77.6803,-287.48,-42.1191,6.50165,-97.2932,-97.2932,-176.566,-242.218,-85.25,-14.5898,7.35039,10.025,116.328,-65.6793,-65.6793,-143.493,-80.5487,-80.5487,-205.211,97.5109,122.32,-613.748,-613.748,132.311,304.662,278.295,143.245,160.587,-232.61,-758.509,-773.748,-765.805,8.36493,-73.5865,-73.5865,19.4424,-36.1859,-40.7181,6.0778,6.0778,-171.29,108.635,50.3694,147.948,-124.49,-67.6117,94.9125,94.9125,-7.20432,-19.5517,101.826,101.826,12.889,246.72,-171.288,-76.2978,-76.2978,1.79386,1.79386,0.29923,0.520793,0.422392,-5.49823,-3.9639,10.4608,-1.15905,-1.18821,-0.931034,-3.54198,2.56925,54.2792,54.2792,5.92469,5.92469,6.88787,6.88787,-55.1237,-55.1237,-55.1237,20.2432,20.2432,4.94749,-22.23,-11.0812,-11.0812,10.5552,10.5552,-54.6061,-12.3134,-143.245,-5.65474,-5.65474,-118.474,-118.474,-118.474,374.159,-94.0216,-94.0216,-98.8839,-98.8839,-5.70063,29.4503,29.4503,-11.197,-11.197,-490.35,-490.35,411.205,411.205,0,-23.5775,-173.767,-73.2163,205.09,205.09,-134.264,767.907,413.983,-139.091,-485.233,-485.233,103.181,103.181,-420.075,-420.075,41.0061,105.605,86.5674,629.422,175.679,175.679,-107.644,-107.644,-107.644,351.145,351.145,-417.67,-1.28048e-09,-1.28048e-09,162.222,-287.252,-287.252,378.645,-146.245,49.7646,0,204.349,158.247,-380.465,-288.283,-288.283,-49.5881,13.5144,-7.71519,-246.926,-246.926,73.4014,61.2444,61.2444,808.432,-151.222,-808.432,606.47,619.132,601.658,-843.484,321.297,-230.307,758.509,773.748,765.805,-598.978,-4.46973,-28.1196,397.663,1425.26,47.0855,1446.21,3620.93,1911.12,1911.12,157.804,-796.372,117.118,165.777,119.446,-84.5682,144.212,-121.492,-126.756,-129.32,157.747,155.536,158.348,-119.954,42.0126,42.0126,-116.6,338.45,338.45,-793.877,118.551,136.676,-118.972,122.422,333.965,610.253,610.253,270.609,539.59,588.643,1781.78,-566.671,328.67,-270.609,-3.56472,360.823,619.873,364.74,362.528,3.56472,-471.326,-512.508,127.09,107.283,146.72,60.6371,-18.514,140.106,79.438,79.4298,-39.2738,65.3794,-70.4632,-91.7834,52.3775,-461.068,-539.59,-501.066,-588.643,-83.1848,-83.1848,-61.2714,-162.717,34.0217,34.0217,136.661,136.661,-222.774,-222.774,31.0457,28.3654,7.10589,-180.621,842.837,-2331.53,-1814.34,4750.56,-7.10589,994.439,-157.614,-225.301,92.6697,92.6697,44.9983,44.9983,156.946,260.938,-337.367,10.0529,16.7965,16.7965,42.3035,160.498,-367.225,21.6175,11.4835,11.4835,22.9697,22.6431,183.856,183.856,239.568,80.7375,177.476,-65.317,100.539,-127.768,-127.768,69.0595,78.0747,0,78.5487,146.224,0,67.3631,-207.092,-207.092,-85.9931,3.87664,-77.426,-78.0024,-85.3559,-8.92542,0.819496,109.384,-19.6211,-458.157,-159.35,-66.8608,-66.8608,32.4109,128.604,128.604,4.7034,5.16006,-367.065,0,29.775,29.775,0,315.05,0,93.4607,0,-87.2072,0,37.0557,-51.256,-22.488,-58.368,-58.368,0,-30.0984,-30.0984,-42.8214,0,0.423092,304.565,304.565,304.565,0.512418,0,0,0,20.202,20.202,20.202,0,-25.7011,-8.06811,-8.06811,-3.58772,339.442,-6.22669,-6.22669,1.28813,6.76087,0.830131,-28.3906,14.3028,14.1835,5.68164,1.21353e-12,-5.76545,0,-203.373,-203.373,-203.373,0,0,0,0,2.46561,436.374,76.9911,76.9911,-185.049,-351.738,-49.912,-72.4909,0,107.594,-183.47,-50.4272,-443.694,-409.927,-758.5,-462.032,23.683,7.71519,246.631,246.631,497.899,123.306,69.4887,927.605,976.312,46.1227,66.7013,162.247,745.454,308.081,332.542,-270.547,191.789,2205.44,-3183.91,-1302.78,6545.58,375.092,-937.709,733.48,-30.7044,385.929,-123.213,210.655,47.9252,534.12,62.6684,289.773,-96.6284,-96.6284,83.4884,156.751,156.751,506.656,46.2829,0,192.759,-55.1201,-371.001,0,0
2020-08-02 11:00:00 UTC,-149.639,-84.2297,284.231,-55.5048,-55.5048,-43.1758,70.2386,123.075,-209.981,-209.981,368.864,121.557,-622.02,-50.8738,45.3624,138.995,356.884,77.325,-283.853,-40.8845,10.9121,-96.0707,-96.0707,-175.2,-242.789,-85.3836,-14.4694,7.1972,11.0668,114.903,-65.0012,-65.0012,-142.199,-79.9082,-79.9082,-202.875,95.0966,119.311,-601.161,-601.161,128.994,299.599,275.859,142.016,156.7,-226.955,-740.499,-755.404,-747.544,8.04576,-72.1438,-72.1438,19.287,-35.3899,-38.4866,6.14046,6.14046,-167.625,107.927,49.2025,146.262,-121.581,-66.1056,94.4272,94.4272,-7.31897,-19.9758,101.569,101.569,13.0365,245.277,-170.062,-74.4515,-74.4515,2.02079,2.02079,0.302871,0.53115,0.389181,-5.39765,-4.04557,10.1517,-1.15393,-1.18335,-0.869777,-3.4536,2.61275,53.4469,53.4469,5.49182,5.49182,6.39887,6.39887,-54.295,-54.295,-54.295,20.3354,20.3354,5.4195,-21.4809,-11.0627,-11.0627,10.3614,10.3614,-53.3508,-12.0921,-142.016,-5.62867,-5.62867,-117.476,-117.476,-117.476,370.733,-93.1451,-93.1451,-98.2465,-98.2465,-5.70063,29.3194,29.3194,-11.8154,-11.8154,-487.716,-487.716,409.38,409.38,0,-23.8436,-173.022,-72.7448,204.183,204.183,-133.034,760.39,409.961,-138.1,-482.299,-482.299,102.884,102.884,-417.691,-417.691,40.8617,105.164,80.8602,632.922,174.005,174.005,-106.482,-106.482,-106.482,345.702,345.702,-415.166,-1.28009e-09,-1.28009e-09,160.124,-283.01,-283.01,372.627,-143.279,49.5227,0,200.759,157.456,-373.723,-283.99,-283.99,-49.7613,13.0531,-7.71242,-245.847,-245.847,73.2922,61.1012,61.1012,789.402,-146.907,-789.402,594.842,607.272,590.238,-824.153,314.922,-226.005,740.499,755.404,747.544,-593.2,-2.68789,-20.2654,397.882,1426.68,46.147,1445.85,3621.87,1911.75,1911.75,159.037,-789.921,117.601,167.11,119.508,-84.628,143.814,-121.247,-126.431,-128.998,157.758,155.542,158.358,-119.7,41.098,41.098,-116.352,336.982,336.982,-790.342,117.359,135.957,-118.721,122.276,333.936,605.613,605.613,270.082,540.979,590.16,1787.65,-572.66,326.655,-270.082,-2.57891,358.016,622.464,366.271,364.051,2.57891,-472.34,-513.606,127.793,107.896,147.408,60.965,-18.4678,139.005,79.8759,79.8677,-39.4111,63.804,-70.8681,-92.2718,52.2667,-462.025,-540.979,-502.102,-590.16,-83.5692,-83.5692,-61.5503,-163.98,34.2405,34.2405,137.473,137.473,-223.656,-223.656,28.678,28.3691,6.34033,-181.318,848.56,-2341.74,-1819.85,4794.33,-6.34033,988.416,-155.689,-225.163,91.6594,91.6594,42.3075,42.3075,158.591,259.662,-335.281,10.4082,15.5146,15.5146,42.2673,161.601,-364.229,23.0707,10.1868,10.1868,21.0039,20.7052,182.967,182.967,237.792,79.7395,175.4,-68.4053,91.9396,-124.666,-124.666,67.1573,75.8983,0,78.0917,145.019,0,65.4659,-205.261,-205.261,-83.0969,0.716735,-76.5346,-77.1079,-83.323,-11.267,-1.09464,110.972,-20.4028,-464.554,-159.07,-66.9224,-66.9224,31.9482,131.516,131.516,4.63727,5.10209,-376.897,0,33.5492,33.5492,0,314.655,0,89.1875,0,-87.3585,0,37.0389,-52.9118,-22.6716,-57.7526,-57.7526,0,-30.1271,-30.1271,-41.9902,0,0.403583,296.789,296.789,296.789,0.499576,0,0,0,19.6825,19.6825,19.6825,0,-25.9372,-8.36641,-8.36641,-4.04158,334.172,-6.45132,-6.45132,1.02348,6.43674,0.607953,-28.1304,14.0827,13.9649,5.68634,0,-5.76545,0,-203.371,-203.371,-203.371,0,0,0,0,2.68,433.602,76.8191,76.8191,-184.862,-346.559,-50.5964,-73.4955,0,105.687,-182.707,-50.1102,-443.966,-412.157,-759.214,-461.587,23.6511,7.71242,245.568,245.568,497.71,121.669,68.0802,930.816,981.815,46.3617,67.0665,163.14,747.494,310.026,335.551,-272.066,193.806,2220.42,-3227.76,-1323.62,6607.22,372.073,-933.94,734.232,-32.6041,385.364,-124.637,211.57,47.9513,532.699,61.6457,290.584,-96.2177,-96.2177,82.4083,156.672,156.672,498.428,43.1758,0,200.932,-53.8207,-371.498,0,0
2020-08-02 12:00:00 UTC,-153.806,-86.9837,299.241,-58.7232,-58.7232,-43.528,75.2095,130.943,-218.648,-218.648,377.046,123.108,-633.928,-52.9273,45.4369,142.664,362.86,78.6614,-288.27,-41.4069,12.6125,-97.3635,-97.3635,-178.788,-250.451,-88.0659,-14.6115,7.36785,12.6651,116.867,-65.9687,-65.9687,-144.561,-81.346,-81.346,-205.762,95.3677,119.649,-606.703,-606.703,129.205,303.879,280.983,144.557,156.699,-226.46,-748.018,-763.066,-755.152,8.03114,-72.7599,-72.7599,19.5244,-35.6062,-38.1429,6.31649,6.31649,-168.706,109.368,49.3096,148.557,-122.328,-66.493,96.5854,96.5854,-7.55562,-20.6904,103.218,103.218,13.5309,249.891,-172.928,-75.047,-75.047,2.25703,2.25703,0.324307,0.56739,0.398966,-5.4365,-4.16896,10.2154,-1.15646,-1.18572,-0.849465,-3.46529,2.73583,54.1267,54.1267,5.3685,5.3685,6.2662,6.2662,-54.9716,-54.9716,-54.9716,21.1067,21.1067,5.70257,-21.6045,-11.2579,-11.2579,10.4952,10.4952,-53.4786,-12.2323,-144.557,-5.71797,-5.71797,-118.927,-118.927,-118.927,375.682,-94.2206,-94.2206,-99.5526,-99.5526,-5.70063,29.7551,29.7551,-12.1862,-12.1862,-493.919,-493.919,415.356,415.356,0,-24.2815,-175.44,-73.6719,207.149,207.149,-134.684,770.582,415.415,-139.977,-488.336,-488.336,104.466,104.466,-423.035,-423.035,41.316,106.672,81.7285,640.933,176.309,176.309,-107.737,-107.737,-107.737,349.493,349.493,-420.4,-3.69361e-09,-3.69361e-09,161.949,-285.794,-285.794,376.612,-144.228,50.3613,0,202.703,159.311,-376.651,-286.753,-286.753,-50.8121,13.0136,-8.07964,-249.492,-249.492,73.7115,61.462,61.462,797.911,-147.825,-797.911,599.601,612.129,594.887,-830.2,318.468,-228.111,748.018,763.066,755.152,-597.947,-1.99497,-17.7354,405.028,1451.14,47.2155,1469.48,3685.82,1946.39,1946.39,161.554,-798.389,119.947,170.025,121.285,-85.79,146.153,-122.753,-128.361,-130.921,160.458,158.211,161.068,-121.229,41.5542,41.5542,-117.837,341.228,341.228,-799.888,119.084,137.887,-120.231,124.023,338.862,614.392,614.392,273.905,549.974,599.95,1814.34,-583.458,332.292,-273.905,-2.19168,365.444,634.856,373.588,371.331,2.19168,-479.081,-520.883,129.893,109.686,149.779,62.1721,-19.0518,142.248,81.3317,81.3235,-40.4004,64.6762,-72.1998,-93.9477,51.9511,-468.427,-549.974,-509.001,-599.95,-84.4954,-84.4954,-62.5098,-166.785,34.4738,34.4738,139.085,139.085,-227.42,-227.42,30.5334,29.2284,5.7122,-183.624,858.847,-2384.59,-1847.83,4862.75,-5.7122,997.138,-161.353,-228.789,95.5237,95.5237,43.2883,43.2883,158.511,260.775,-342.95,10.3686,15.3589,15.3589,47.5526,163.856,-348.425,28.5182,9.70403,9.70403,20.6563,20.3628,186.409,186.409,241.94,80.8506,178.563,-69.0205,92.508,-125.403,-125.403,67.5734,76.3461,0,78.7557,145.882,0,65.6796,-205.727,-205.727,-83.6565,0.221042,-77.8349,-78.4196,-83.8834,-12.429,-1.92079,116.268,-21.4823,-474.156,-161.189,-67.9347,-67.9347,32.1162,136.468,136.468,4.80278,5.28423,-390.933,0,36.5833,36.5833,0,321.725,0,90.8297,0,-90.3803,0,37.0691,-56.7434,-23.5355,-58.6092,-58.6092,0,-30.9378,-30.9378,-41.8426,0,0.408995,299.763,299.763,299.763,0.508455,0,0,0,19.9216,19.9216,19.9216,0,-26.599,-8.73091,-8.73091,-4.51405,339.109,-6.68499,-6.68499,0.967346,6.44831,0.47828,-29.0235,14.2488,14.1293,5.75572,0,-5.76545,0,-205.465,-205.465,-205.465,0,0,0,0,3.38459,440.425,78.3923,78.3923,-185.21,-349.518,-50.7949,-73.78,0,107.698,-184.891,-50.5852,-446.654,-412.021,-766.991,-468.155,25.7715,8.07964,249.223,249.223,507.833,125.181,68.8704,974.778,1002.48,47.1967,68.3039,166.147,760.997,315.654,342.949,-276.676,200.221,2271.03,-3290.45,-1353.5,6703.6,379.98,-933.015,733.806,-31.5662,393.012,-125.9,213.994,50.6232,521.937,61.7557,292.22,-97.4631,-97.4631,84.8891,158.361,158.361,504.366,43.528,0,212.209,-52.967,-375.643,0,0
2020-08-02 13:00:00 UTC,-160.778,-90.482,310.049,-59.5202,-59.5202,-51.6242,77.9488,135.014,-227.283,-227.283,410.849,133.731,-677.24,-51.0598,49.7637,153.155,384.557,83.5166,-308.683,-45.5738,7.15999,-102.902,-102.902,-191.473,-267.791,-94.3301,-15.2973,8.22206,13.7246,125.741,-70.2728,-70.2728,-154.096,-86.7612,-86.7612,-219.437,102.296,128.283,-653.611,-653.611,138.433,328.084,301.302,154.646,167.049,-240.886,-814.506,-830.799,-822.509,8.77491,-78.1359,-78.1359,20.54,-38.2082,-42.8277,6.64819,6.64819,-180.906,115.094,52.4789,158.84,-131.754,-71.3589,103.534,103.534,-7.90683,-21.53,108.167,108.167,14.4804,266.353,-184.317,-83.4888,-83.4888,2.32815,2.32815,0.375039,0.636021,0.510986,-5.80054,-4.25708,11.1264,-1.15904,-1.18823,-0.926151,-3.69606,2.91179,58.0326,58.0326,6.14708,6.14708,7.16027,7.16027,-58.9047,-58.9047,-58.9047,22.7134,22.7134,5.29403,-23.728,-11.8132,-11.8132,11.2848,11.2848,-57.2077,-13.1267,-154.646,-6.0824,-6.0824,-125.299,-125.299,-125.299,397.496,-99.3407,-99.3407,-104.721,-104.721,-5.6697,31.3299,31.3299,-11.7355,-11.7355,-517.293,-517.293,436.209,436.209,0,-24.8878,-183.857,-77.2942,217.46,217.46,-142.075,816.804,440.13,-147.414,-511.967,-511.967,109.574,109.574,-443.519,-443.519,42.8918,111.858,97.9831,654.592,186.568,186.568,-113.968,-113.968,-113.968,372.897,372.897,-440.875,-1.48361e-10,-1.48361e-10,171.731,-303.475,-303.475,401.85,-153.623,53.6327,0,216.743,166.477,-400.56,-304.506,-304.506,-53.3316,13.9612,-9.05217,-262.936,-262.936,75.1609,62.9481,62.9481,868.873,-160.794,-868.873,641.363,654.737,635.741,-893.426,343.079,-244.048,814.506,830.799,822.509,-624.447,-4.16155,-29.3067,424.681,1516.57,52.5362,1536.74,3862.84,2042.19,2042.19,166.047,-836.93,125.399,175.459,125.805,-89.365,153.607,-127.58,-134.521,-137.051,168.003,165.675,168.643,-126.061,44.9578,44.9578,-122.54,356.892,356.892,-834.993,126.535,144.879,-125.01,128.825,352.413,649.884,649.884,285.726,571.822,623.727,1876.38,-599.575,352.976,-285.726,-3.41789,393.377,663.745,390.639,388.3,3.41789,-495.347,-538.434,134.187,113.365,155.125,64.9405,-20.49,154.453,84.3854,84.3772,-42.6854,71.7488,-74.9921,-97.4787,52.5656,-483.855,-571.822,-525.616,-623.727,-86.4061,-86.4061,-64.3794,-171.571,34.8588,34.8588,142.249,142.249,-235.913,-235.913,41.6591,31.5887,6.00826,-188.785,880.888,-2480.48,-1911.56,4969.24,-6.00826,1042.56,-183.377,-238.682,109.919,109.919,53.5742,53.5742,154.243,267.639,-369.329,9.24628,18.0628,18.0628,63.3182,166.627,-310.239,41.0075,11.975,11.975,25.2422,24.8845,197.97,197.97,258.006,86.663,192.697,-64.0728,117.715,-137.434,-137.434,74.6342,84.3102,0,83.7011,154.257,0,72.3023,-216.717,-216.717,-93.7909,6.29913,-84.5135,-85.1433,-91.7362,-9.46786,1.0106,128.013,-22.7024,-485.975,-167.646,-70.6236,-70.6236,33.5311,143.974,143.974,5.44259,5.95328,-408.703,0,36.5319,36.5319,0,352.105,0,103.516,0,-97.481,0,37.198,-61.5868,-25.1636,-62.4389,-62.4389,0,-32.8386,-32.8386,-43.7305,0,0.473699,327.646,327.646,327.646,0.567776,0,0,0,21.6541,21.6541,21.6541,0,-27.7766,-8.96384,-8.96384,-4.65631,370.964,-6.75521,-6.75521,1.48468,7.04244,0.735176,-31.6067,15.2133,15.0859,5.98775,0,-5.67277,0,-211.134,-211.134,-211.134,0,0,0,0,4.78891,469.968,82.7375,82.7375,-187.347,-370.131,-50.152,-72.8013,0,117.102,-192.951,-52.6562,-453.087,-404.898,-786.273,-486.695,31.9135,9.05217,262.657,262.657,536.701,139.345,75.1577,1090,1047.14,48.9599,70.9079,172.471,789.03,326.607,355.262,-285.722,212.671,2371.18,-3360.79,-1386.97,6853.14,409.854,-931.559,732.985,-23.3232,415.059,-125.332,217.023,58.954,493.607,64.3655,295.776,-102.385,-102.385,93.9731,165.978,165.978,549.916,51.6242,0,224.786,-53.5773,-385.749,0,0
2020-08-02 14:00:00 UTC,-168.988,-93.5176,309.093,-55.0834,-55.0834,-71.8853,75.802,130.982,-231.998,-231.998,468.545,155.479,-749.644,-46.2979,59.9977,166.987,424.728,92.5185,-343.926,-53.496,-8.56523,-113.135,-113.135,-210.27,-290.603,-102.537,-16.3729,9.58956,13.7442,139.693,-77.4716,-77.4716,-171.832,-97.6705,-97.6705,-243.938,119.213,149.339,-753.361,-753.361,160.653,373.188,336.121,171.839,191.264,-273.744,-960.153,-979.134,-970.205,10.9566,-89.2858,-89.2858,22.9645,-44.1271,-55.0865,7.06387,7.06387,-207.573,125.871,59.9972,181.032,-152.151,-81.7644,117.803,117.803,-8.18191,-21.831,115.21,115.21,15.4944,293.525,-203.857,-95.7023,-95.7023,1.95151,1.95151,0.433867,0.702806,0.748592,-6.55435,-4.16819,13.183,-1.19012,-1.2177,-1.1894,-4.25156,3.04789,65.3401,65.3401,8.32177,8.32177,9.63746,9.63746,-66.3877,-66.3877,-66.3877,24.802,24.802,3.62653,-28.5688,-12.5993,-12.5993,12.8746,12.8746,-65.1516,-14.9581,-171.839,-7.03934,-7.03934,-138.066,-138.066,-138.066,441.305,-109.984,-109.984,-115.067,-115.067,-5.42252,34.6823,34.6823,-9.75026,-9.75026,-562.605,-562.605,475.651,475.651,0,-25.6189,-199.63,-83.7949,236.719,236.719,-156.66,910.286,490.031,-161.701,-558.285,-558.285,119.486,119.486,-483.775,-483.775,46.0896,121.528,137.72,667.329,206.892,206.892,-126.174,-126.174,-126.174,422.61,422.61,-481.304,-1.4186e-09,-1.4186e-09,190.921,-340.191,-340.191,453.279,-174.889,58.103,0,245.814,177.758,-452.958,-341.799,-341.799,-58.5348,14.9366,-11.3515,-287.746,-287.746,75.7917,64.1367,64.1367,1024.17,-189.343,-1024.17,728.627,743.746,720.856,-1030.06,395.894,-276.949,960.153,979.134,970.205,-673.19,-9.06246,-59.8908,459.516,1626.09,63.9491,1651.54,4164.54,2205.09,2205.09,169.709,-915.17,138.645,181.221,134.105,-92.3712,167.374,-135.569,-145.631,-148.078,180.563,178.121,181.253,-134.566,53.0977,53.0977,-130.817,384.274,384.274,-902.163,146.572,157.788,-133.4,138.267,374.353,722.033,722.033,304.808,605.776,660.664,1970.41,-615.425,388.629,-304.808,-5.7907,442.691,708.402,416.99,414.53,5.7907,-520.292,-565.322,140.523,118.832,163.239,69.2262,-22.6246,176.058,88.9224,88.9142,-46.133,85.6746,-79.146,-102.732,54.6963,-507.446,-605.776,-550.995,-660.664,-89.1801,-89.1801,-66.8492,-177.519,35.2973,35.2973,146.722,146.722,-248.723,-248.723,62.8335,35.3279,7.30011,-196.516,913.087,-2625.49,-2007.91,5100.56,-7.30011,1127.74,-220.734,-254.156,134.328,134.328,75.4136,75.4136,145.765,280.33,-414.401,6.79186,23.6388,23.6388,91.5971,168.789,-245.713,62.2978,16.852,16.852,34.6536,34.1643,217.518,217.518,286.069,97.1809,219.051,-45.8518,171.46,-156.57,-156.57,86.3553,97.626,0,87.8041,161.77,0,83.2243,-224.738,-224.738,-112.194,23.6532,-95.5563,-96.257,-104.682,-2.18453,7.45539,147.415,-23.7258,-495.474,-176.273,-74.9293,-74.9293,33.8163,152.025,152.025,6.59018,7.13416,-420.722,0,30.076,30.076,0,405.663,0,122.701,0,-106.88,0,37.4183,-63.0788,-27.2423,-68.3747,-68.3747,0,-35.2554,-35.2554,-47.1769,0,0.65741,389.509,389.509,389.509,0.691037,0,0,0,26.2271,26.2271,26.2271,0,-28.9424,-8.69698,-8.69698,-3.90302,421.571,-6.38247,-6.38247,2.87668,8.87616,1.65222,-35.9019,16.9699,16.8287,6.61126,1.41246e-12,-4.93222,0,-219.292,-219.292,-219.292,0,0,0,0,7.74291,527.215,89.7725,89.7725,-184.873,-411.395,-45.9326,-66.5609,0,138.845,-206.407,-56.2833,-455.225,-380.65,-813.043,-519.29,43.5754,11.3515,287.336,287.336,587.092,169.568,87.2547,1287.36,1116.36,51.5842,74.7834,181.878,830.646,341.656,371.417,-297.928,231.582,2514.77,-3425.73,-1418.05,7037.18,462.825,-929.181,732.036,-6.40098,450.548,-121.874,219.108,72.956,443.906,69.287,301.654,-111.211,-111.211,110.247,171.664,171.664,619.922,71.8853,0,235.136,-55.4735,-398.737,0,0
2020-08-02 15:00:00 UTC,-175.918,-95.3942,296.746,-47.2412,-47.2412,-98.3116,69.3478,119.916,-231.404,-231.404,525.926,181.1,-822.115,-43.7007,73.0053,176.395,471.336,102.984,-378.603,-61.7722,-27.9135,-124.448,-124.448,-225.983,-309.081,-109.024,-17.2911,10.7809,13.2058,151.744,-84.3922,-84.3922,-191.795,-111.175,-111.175,-269.547,141.613,177.17,-876.822,-876.822,189.329,423.768,371.7,189.254,220.902,-312.553,-1147.9,-1170.29,-1160.82,14.3353,-102.571,-102.571,25.7458,-51.8067,-74.0661,7.07171,7.07171,-240.944,135.084,69.0089,209.282,-177.949,-94.6735,136.466,136.466,-7.88565,-20.3439,120.075,120.075,15.4789,319.974,-225.047,-105.568,-105.568,0.803075,0.803075,0.422079,0.672014,1.04407,-7.46598,-3.61076,15.9821,-1.22062,-1.24671,-1.60931,-5.01372,3.014,72.9112,72.9112,11.8621,11.8621,13.6591,13.6591,-74.485,-74.485,-74.485,26.3671,26.3671,0.455631,-35.1824,-13.1301,-13.1301,14.7402,14.7402,-74.0047,-17.2081,-189.254,-8.83335,-8.83335,-154.456,-154.456,-154.456,497.438,-124.008,-124.008,-128.897,-128.897,-4.60049,39.8171,39.8171,-6.95783,-6.95783,-620.845,-620.845,526.114,526.114,0,-26.8724,-219.479,-90.6425,260.814,260.814,-174.429,1030.99,554.306,-179.274,-617.886,-617.886,133.425,133.425,-536.362,-536.362,50.8452,133.717,193.155,672.742,232.263,232.263,-140.838,-140.838,-140.838,486.862,486.862,-534.021,-2.41532e-09,-2.41532e-09,213.752,-385.708,-385.708,515.713,-202.48,60.859,0,281.061,187.096,-519.972,-388.729,-388.729,-68.0996,12.3524,-15.5385,-317.563,-317.563,72.7104,62.5064,62.5064,1225.29,-224.608,-1225.29,833.175,850.356,822.293,-1198.07,463.577,-316.508,1147.9,1170.29,1160.82,-723.026,-11.9881,-95.8875,504.981,1759.02,79.6013,1789.84,4531.22,2402.54,2402.54,170.261,-1015.3,163.122,185.37,143.867,-93.6335,185.032,-143.935,-159.361,-161.65,195.202,192.665,195.951,-144.689,64.8785,64.8785,-140.657,415.74,415.74,-986.847,181.452,173.074,-143.328,150.303,398.945,819.198,819.198,325.289,644.104,702.35,2074.41,-628.815,428.181,-325.289,-7.50753,498.846,760.2,447.552,444.953,7.50753,-547.872,-595.021,148.005,125.331,172.512,74.1978,-24.8065,199.727,94.227,94.2188,-49.97,101.547,-84.0149,-108.867,56.9629,-533.411,-644.104,-578.893,-702.35,-92.3887,-92.3887,-69.6905,-184.563,35.8008,35.8008,151.96,151.96,-263.124,-263.124,85.4265,39.4433,9.28464,-205.243,950.315,-2793.9,-2115.42,5239.27,-9.28464,1219.96,-260.714,-270.798,160.356,160.356,100.568,100.568,136.692,294.088,-463.164,4.44425,29.9386,29.9386,122.628,171.421,-174.734,85.162,22.1604,22.1604,44.7489,44.1191,239.321,239.321,317.197,108.391,249.425,-20.3777,231.894,-174.169,-174.169,97.7555,110.657,0,88.0687,163.435,0,93.9392,-224.878,-224.878,-131.38,47.0721,-107.113,-107.887,-117.115,5.79324,14.1173,168.177,-24.226,-504.14,-182.009,-79.797,-79.797,29.3979,158.247,158.247,7.98306,8.55845,-426.051,0,19.9083,19.9083,0,461.054,0,135.166,0,-114.386,0,37.6284,-59.4336,-29.0095,-73.4223,-73.4223,0,-37.081,-37.081,-50.1752,0,0.973904,470.385,470.385,470.385,0.836332,0,0,0,32.8152,32.8152,32.8152,0,-28.6716,-7.38521,-7.38521,-1.60615,470.395,-5.24418,-5.24418,5.13006,11.3908,3.24622,-41.2924,18.8896,18.7344,7.8076,-1.58e-12,-2.46967,0,-226.479,-226.479,-226.479,0,0,0,0,13.3425,597.918,97.6668,97.6668,-169.494,-459.038,-36.4195,-52.5737,0,170.678,-221.203,-60.0044,-441.083,-334.933,-836.665,-558.547,59.5981,15.5385,316.818,316.818,649.685,213.506,100.599,1537.59,1200.08,54.6452,79.3158,192.882,878.52,359.48,391.69,-311.903,254.007,2679.48,-3481.31,-1445.02,7231.42,523.424,-928.578,730.044,11.1731,490.703,-117.862,222.282,87.88,389.866,76.1977,308.649,-121.373,-121.373,130.049,172.182,172.182,687.528,98.3116,0,239.948,-55.9696,-408.039,0,0
2020-08-02 16:00:00 UTC,-182.689,-97.2778,283.04,-39.5651,-39.5651,-123.456,62.3852,108.041,-230.098,-230.098,580.296,206.326,-890.223,-41.849,85.868,184.632,517.122,113.285,-410.428,-69.5673,-45.3687,-135.969,-135.969,-240.466,-324.601,-114.493,-18.1635,11.9349,11.9513,163.296,-91.1709,-91.1709,-211.881,-124.999,-124.999,-293.824,164.039,204.978,-997.251,-997.251,218.325,471.487,405.224,205.535,250.825,-351.065,-1337.74,-1363.52,-1353.77,17.6362,-115.387,-115.387,28.6365,-59.2385,-91.6539,7.14281,7.14281,-272.382,145.243,78.4786,235.703,-202.306,-106.589,152.791,152.791,-7.6417,-18.9391,123.997,123.997,15.4476,344.721,-245.849,-116.716,-116.716,-0.281339,-0.281339,0.418659,0.646021,1.32984,-8.3445,-3.10443,18.6523,-1.27171,-1.29511,-2.03206,-5.75786,2.93792,80.2494,80.2494,15.2293,15.2293,17.4803,17.4803,-82.3122,-82.3122,-82.3122,27.6309,27.6309,-2.5603,-41.4916,-13.6013,-13.6013,16.5398,16.5398,-82.8532,-19.3583,-205.535,-9.80521,-9.80521,-169.907,-169.907,-169.907,553.39,-136.966,-136.966,-142.081,-142.081,-4.80085,44.6515,44.6515,-4.58768,-4.58768,-676.771,-676.771,576.455,576.455,0,-28.1914,-238.977,-96.9942,284.951,284.951,-191.742,1150.6,617.826,-196.807,-674.93,-674.93,147.605,147.605,-586.868,-586.868,55.7449,145.883,250.881,673.019,257.542,257.542,-155.293,-155.293,-155.293,550.353,550.353,-584.456,-1.37126e-10,-1.37126e-10,235.469,-429.04,-429.04,575.473,-229.247,61.9896,0,314.421,193.294,-584.55,-433.593,-433.593,-78.4262,8.78663,-19.1082,-346.936,-346.936,66.3474,58.3204,58.3204,1429.36,-257.791,-1429.36,930.674,949.751,916.259,-1356.58,530.779,-354.105,1337.74,1363.52,1353.77,-760.857,-10.7026,-126.123,552.858,1892.41,96.0232,1926.82,4897.16,2599.85,2599.85,169.847,-1109.9,189.653,188.816,152.662,-94.9188,202.531,-151.524,-172.806,-174.893,209.665,207.041,210.474,-154.25,77.1234,77.1234,-149.942,445.816,445.816,-1067.46,218.614,188.102,-152.67,161.615,421.894,918.132,918.132,344.682,681.267,742.756,2174.12,-642.317,467.507,-344.682,-8.62693,556.317,811.013,477.527,474.796,8.62693,-574.081,-623.21,155.324,131.738,181.66,79.1309,-26.679,222.886,99.384,99.3758,-53.5657,117.607,-88.7591,-114.828,58.8548,-557.974,-681.267,-605.246,-742.756,-95.6198,-95.6198,-72.7053,-192.094,36.3638,36.3638,157.31,157.31,-276.873,-276.873,107.239,43.4682,11.202,-213.774,989.57,-2955.92,-2218.39,5387.39,-11.202,1304.52,-300.022,-286.944,185.658,185.658,124.222,124.222,127.493,307.655,-511.658,2.53951,36.7457,36.7457,152.253,175.477,-107.367,105.792,27.5948,27.5948,54.5313,53.7662,261.103,261.103,347.8,118.711,279.497,1.53077,288.797,-192.747,-192.747,109.712,124.285,0,89.8118,167.78,0,105.201,-229.442,-229.442,-150.691,69.4729,-119.136,-119.986,-130.168,13.2932,20.4452,187.492,-24.5904,-514.897,-186.211,-84.3518,-84.3518,23.8458,164.41,164.41,9.42318,10.0312,-431.972,0,10.0182,10.0182,0,510.389,0,145.669,0,-120.77,0,37.8462,-54.1941,-30.4273,-78.1908,-78.1908,0,-38.5425,-38.5425,-53.1987,0,1.33145,552.571,552.571,552.571,0.991212,0,0,0,39.7212,39.7212,39.7212,0,-28.4312,-6.15864,-6.15864,0.562678,521.969,-4.16633,-4.16633,7.24864,14.0867,4.80089,-45.8636,20.6498,20.4817,8.43055,0,-3.06985,0,-231.401,-231.401,-231.401,0,0,0,0,16.6647,668.942,105.486,105.486,-145.065,-501.939,-23.7806,-34.0173,0,204.066,-233.954,-63.0545,-413.959,-276.382,-852.745,-595.767,76.8669,19.1082,345.815,345.815,713.253,261.617,113.79,1796.56,1282.7,57.6172,83.7253,203.587,922.357,377.892,411.859,-326.375,276.103,2832.67,-3544.28,-1475.86,7438.98,585.752,-928.977,725.985,27.2949,532.974,-114.485,227.753,102.058,339.473,85.6474,317.404,-131.22,-131.22,151.72,175.722,175.722,757.241,123.456,0,243.232,-54.6295,-412.41,0,0
2020-08-02 17:00:00 UTC,-188.202,-98.1801,265.047,-31.317,-31.317,-149.999,54.1126,93.9864,-224.626,-224.626,634.933,230.905,-955.725,-36.9354,98.3108,193.364,558.757,122.671,-441.203,-77.5438,-63.2135,-147.071,-147.071,-254.086,-336.735,-118.928,-19.0202,13.0909,9.71591,174.713,-97.6534,-97.6534,-230.347,-137.505,-137.505,-317.029,187.017,233.411,-1119.04,-1119.04,248.313,519.162,437.871,221.285,281.708,-390.522,-1536.42,-1565.69,-1555.91,20.9334,-128.286,-128.286,31.5867,-66.6878,-109.851,7.17456,7.17456,-303.166,155.466,88.3035,261.862,-226.355,-118.079,168.428,168.428,-7.36221,-17.3139,127.004,127.004,15.2728,368.376,-266.629,-128.581,-128.581,-1.46957,-1.46957,0.421523,0.622948,1.61918,-9.2318,-2.64465,21.3458,-1.34983,-1.369,-2.50085,-6.53142,2.82846,87.8625,87.8625,18.5917,18.5917,21.2929,21.2929,-90.2392,-90.2392,-90.2392,28.6534,28.6534,-5.6997,-47.8813,-14.0456,-14.0456,18.3953,18.3953,-92.3391,-21.5092,-221.285,-11.3606,-11.3606,-185.121,-185.121,-185.121,608.211,-149.884,-149.884,-155.114,-155.114,-4.38295,49.7114,49.7114,-2.02115,-2.02115,-730.012,-730.012,625.021,625.021,0,-29.5231,-257.959,-103.593,307.947,307.947,-208.527,1269.57,680.847,-213.702,-729.328,-729.328,161.073,161.073,-635.215,-635.215,60.2473,157.48,313.056,665.004,282.218,282.218,-169.489,-169.489,-169.489,614.817,614.817,-632.786,-1.56359e-09,-1.56359e-09,258.282,-472.278,-472.278,635.779,-256.643,60.5538,0,346.628,196.465,-648.053,-478.047,-478.047,-87.4982,6.2984,-23.1762,-375.351,-375.351,56.4468,51.4015,51.4015,1643.85,-290.218,-1643.85,1025.06,1045.94,1006.6,-1512.31,600.352,-391.244,1536.42,1565.69,1555.91,-787.763,-5.64783,-154.844,601.011,2018.85,112.893,2056.21,5244.66,2787.26,2787.26,168.287,-1197.13,212.999,190.629,160.341,-96.4722,219.123,-158.656,-185.57,-187.423,223.156,220.461,224.021,-163.017,89.0244,89.0244,-158.46,474.855,474.855,-1141.15,253.429,202.701,-161.223,171.876,442.948,1015.64,1015.64,362.525,714.746,779.148,2261.2,-652.301,506.572,-362.525,-9.82394,615.191,857.033,504.668,501.822,9.82394,-597.222,-648.072,161.54,137.185,189.397,83.4108,-28.5875,245.995,103.85,103.842,-56.9212,134.196,-92.8716,-120.011,59.7799,-579.561,-714.746,-628.375,-779.148,-98.0921,-98.0921,-75.4621,-198.11,36.5426,36.5426,161.127,161.127,-288.853,-288.853,130.463,47.2741,13.0541,-220.826,1016.73,-3099.85,-2308.18,5486.41,-13.0541,1388.12,-339.247,-302.233,210.738,210.738,148.826,148.826,117.425,321.703,-561.826,0.808856,44.5072,44.5072,182.32,180.232,-39.3328,125.433,33.5291,33.5291,64.9493,64.0406,282.841,282.841,378.443,128.747,310.34,24.5839,348.21,-212.058,-212.058,122.23,138.558,0,91.2847,171.982,0,116.869,-233.243,-233.243,-170.868,92.0125,-131.728,-132.655,-143.852,21.2338,27.0579,206.025,-24.7456,-523.641,-190.954,-88.5567,-88.5567,19.6995,168.906,168.906,10.918,11.5558,-433.878,0,-0.33884,-0.33884,0,557.823,0,159.895,0,-125.984,0,38.0767,-49.2799,-31.3377,-82.836,-82.836,0,-39.6408,-39.6408,-56.4745,0,1.74113,639.088,639.088,639.088,1.16258,0,0,0,46.974,46.974,46.974,0,-28.0281,-4.78495,-4.78495,2.93914,575.645,-2.98196,-2.98196,9.34675,17.1804,6.37823,-49.9839,22.4488,22.2677,9.41043,0,-1.81805,0,-233.662,-233.662,-233.662,0,0,0,0,21.4863,738.974,113.199,113.199,-111.802,-542.038,-7.31447,-9.86894,0,240.635,-243.549,-65.3359,-370.918,-205.893,-860.085,-630.125,94.487,23.1762,373.922,373.922,773.982,312.827,127.146,2050.12,1357.41,60.2061,87.5579,212.883,963.2,393.497,428.331,-338.767,294.157,2965.26,-3583.45,-1495.38,7577.76,649.929,-927.876,720.917,43.5186,578.268,-111.094,234.357,115.917,289.627,97.426,326.572,-140.686,-140.686,174.898,179.163,179.163,833.104,149.999,0,244.245,-52.6176,-411.272,0,0
2020-08-02 18:00:00 UTC,-191.757,-98.1051,244.416,-23.2618,-23.2618,-174.046,45.4038,79.2279,-216.195,-216.195,679.505,251.661,-1007.95,-32.6983,109.004,199.451,592.953,130.392,-465.508,-84.1224,-78.4,-156.731,-156.731,-264.971,-342.437,-121.171,-19.7747,14.1319,5.9979,184.74,-103.045,-103.045,-244.461,-146.664,-146.664,-336.132,207.266,258.423,-1224.02,-1224.02,275.162,559.098,464.21,233.91,309.613,-426.547,-1713.05,-1745.38,-1735.76,23.7213,-139.371,-139.371,33.9324,-73.046,-125.432,7.14037,7.14037,-328.928,164.107,97.0659,283.087,-246.801,-127.621,180.26,180.26,-7.00444,-15.4834,128.519,128.519,14.8476,386.98,-283.52,-138.004,-138.004,-2.655,-2.655,0.420594,0.588971,1.87169,-10.0012,-2.1692,23.6382,-1.39552,-1.41228,-2.90153,-7.17933,2.64144,94.4076,94.4076,21.5891,21.5891,24.6851,24.6851,-96.9827,-96.9827,-96.9827,28.9871,28.9871,-8.6084,-53.3546,-14.3562,-14.3562,19.9212,19.9212,-101.075,-23.2863,-233.91,-12.8673,-12.8673,-197.699,-197.699,-197.699,653.637,-160.325,-160.325,-165.854,-165.854,-3.68141,53.8274,53.8274,0.0844194,0.0844194,-772.9,-772.9,665.155,665.155,0,-30.5951,-273.572,-109.131,326.942,326.942,-222.387,1369.41,733.62,-227.853,-773.13,-773.13,172.105,172.105,-674.218,-674.218,64.0842,167.008,369.323,652.134,302.854,302.854,-181.586,-181.586,-181.586,670.247,670.247,-671.682,-4.28148e-10,-4.28148e-10,277.885,-508.377,-508.377,686.962,-280.047,57.9068,0,373.292,196.901,-701.14,-514.996,-514.996,-94.5697,4.46814,-26.2584,-399.394,-399.394,45.2391,43.3507,43.3507,1834.88,-317.288,-1834.88,1103.02,1125.37,1080.68,-1642.58,660.825,-422.75,1713.05,1745.38,1735.76,-801.95,1.79279,-177.749,641.989,2119.92,127.564,2159.34,5522.58,2936.97,2936.97,165.78,-1266.31,231.34,190.76,167.063,-95.5782,232.417,-164.307,-195.799,-197.434,233.807,231.059,234.716,-169.832,99.2209,99.2209,-165.087,497.986,497.986,-1199.42,282.043,214.843,-167.865,180.667,458.869,1097.99,1097.99,375.942,739.539,806.097,2323.37,-657.142,538.89,-375.942,-10.7787,665.214,891.359,524.906,521.977,10.7787,-614.045,-666.132,165.846,140.991,194.703,86.4468,-30.1489,265.003,107.039,107.031,-59.5362,149.056,-95.8125,-123.709,60.265,-595.186,-739.539,-645.099,-806.097,-99.5351,-99.5351,-77.3762,-201.569,36.4046,36.4046,163.099,163.099,-297.403,-297.403,150.7,50.0679,14.4752,-225.533,1029.6,-3204.41,-2373.32,5529.31,-14.4752,1455.49,-371.13,-314.009,231.016,231.016,169.934,169.934,108.326,333.642,-604.572,-0.629077,51.6764,51.6764,207.468,184.914,16.4713,140.806,38.8202,38.8202,74.0486,73.0148,300.494,300.494,403.437,136.727,336.206,45.5504,399.084,-227.784,-227.784,132.583,150.389,0,91.6631,174.126,0,126.85,-236.236,-236.236,-187.852,112.037,-142.432,-143.424,-154.97,27.9999,32.5407,220.519,-24.5661,-528.803,-194.672,-91.7065,-91.7065,16.7635,171.191,171.191,12.2552,12.9155,-431.363,0,-10.1403,-10.1403,0,600.042,0,170.694,0,-128.63,0,38.2902,-42.464,-31.4477,-86.8569,-86.8569,0,-40.069,-40.069,-60.0081,0,2.12525,716.404,716.404,716.404,1.32138,0,0,0,53.313,53.313,53.313,0,-27.3272,-3.34891,-3.34891,5.31,619.311,-1.79693,-1.79693,11.1928,19.5797,7.84744,-52.7329,24.0022,23.81,10.229,0,0.28318,0,-233.591,-233.591,-233.591,0,0,0,0,24.6165,801.009,118.978,118.978,-75.0662,-573.794,9.54672,14.8481,0,272.412,-249.557,-66.7359,-322.362,-137.604,-859.679,-657.308,109.541,26.2584,397.742,397.742,823.153,358.346,138.845,2258.78,1414.29,62.0516,90.2948,219.522,993.036,403.689,439.529,-346.697,305.592,3059.51,-3596.14,-1501.96,7637.85,704.691,-927.471,715.447,57.579,617.366,-108.454,240.597,126.869,248.993,108.537,334.182,-148.712,-148.712,194.943,180.842,180.842,898.439,174.046,0,241.825,-50.4219,-405.703,0,0
2020-08-02 19:00:00 UTC,-193.496,-97.2476,222.102,-15.3822,-15.3822,-194.151,36.6342,64.3362,-204.632,-204.632,712.687,268.903,-1046.71,-29.1376,118.27,202.481,620.479,136.615,-483.707,-89.3032,-90.6876,-165.182,-165.182,-273.319,-344.838,-122.232,-20.3875,14.9921,2.16342,192.908,-107.221,-107.221,-254.592,-152.952,-152.952,-351.13,224.113,279.2,-1309.43,-1309.43,297.64,590.713,484.09,243.391,332.898,-456.43,-1860.35,-1895.21,-1885.84,26.0161,-148.327,-148.327,35.7514,-78.2113,-138.435,7.04251,7.04251,-349.454,170.744,104.335,300.264,-263.275,-135.149,189.619,189.619,-6.60572,-13.6313,128.976,128.976,14.2725,400.588,-296.235,-144.252,-144.252,-3.76495,-3.76495,0.412997,0.549385,2.07799,-10.6271,-1.72976,25.5187,-1.42453,-1.43981,-3.24026,-7.70833,2.44843,99.7073,99.7073,24.114,24.114,27.5406,27.5406,-102.364,-102.364,-102.364,29.0086,29.0086,-11.1744,-57.8701,-14.559,-14.559,21.1424,21.1424,-108.413,-24.7026,-243.391,-14.5194,-14.5194,-207.866,-207.866,-207.866,689.644,-168.633,-168.633,-174.575,-174.575,-2.51719,57.0908,57.0908,1.68475,1.68475,-806.631,-806.631,697.451,697.451,0,-31.4816,-285.928,-113.36,342.227,342.227,-233.295,1449.7,775.981,-239.167,-807.534,-807.534,181.042,181.042,-704.996,-704.996,67.422,174.632,416.684,638.371,319.299,319.299,-191.208,-191.208,-191.208,715.066,715.066,-702.298,7.03329e-10,7.03329e-10,293.997,-537.152,-537.152,728.297,-298.945,54.808,0,394.248,195.749,-743.348,-544.346,-544.346,-100.352,2.58299,-28.7216,-418.03,-418.03,34.3854,35.4667,35.4667,1994.8,-338.712,-1994.8,1164.16,1187.65,1138.42,-1745.79,710.434,-448.476,1860.35,1895.21,1885.84,-807.555,10.0994,-194.505,675.796,2199.25,139.691,2239.67,5740.49,3054.25,3054.25,162.95,-1319.21,245.147,189.852,172.309,-94.5769,242.877,-168.418,-203.761,-205.209,242.023,239.24,242.967,-175.002,107.505,107.505,-170.115,516.021,516.021,-1243.64,304.717,224.509,-172.894,187.579,471.114,1165.13,1165.13,385.759,758.252,826.435,2370.12,-659.572,563.186,-385.759,-11.2148,703.526,917.744,540.461,537.47,11.2148,-626.563,-679.561,169.229,143.998,198.858,88.8078,-31.1683,279.098,109.498,109.49,-61.4181,160.2,-98.0832,-126.561,60.1479,-606.773,-758.252,-657.49,-826.435,-100.781,-100.781,-79.103,-205.026,36.3949,36.3949,164.902,164.902,-303.795,-303.795,165.388,52.4299,15.8404,-229.229,1041.83,-3284.18,-2422.31,5568.41,-15.8404,1505.03,-394.426,-322.735,245.827,245.827,186.231,186.231,101.558,342.562,-635.59,-1.70748,57.1942,57.1942,225.815,187.914,55.4624,151.531,42.9516,42.9516,81.0799,79.9496,314.044,314.044,422.491,142.57,356.32,63.0099,438.222,-238.931,-238.931,140.17,159.085,0,90.7757,174,0,134.266,-236.667,-236.667,-200.626,129.571,-150.609,-151.65,-163.015,33.1635,36.5561,230.47,-24.0898,-532.353,-197.826,-93.9932,-93.9932,15.1569,171.527,171.527,13.3621,14.0382,-426.391,0,-18.9551,-18.9551,0,628.937,0,177.621,0,-129.88,0,38.4726,-35.4232,-31.2346,-90.0925,-90.0925,0,-40.1595,-40.1595,-63.1632,0,2.46752,781.174,781.174,781.174,1.45597,0,0,0,58.6857,58.6857,58.6857,0,-26.4495,-1.95737,-1.95737,7.52991,650.76,-0.684241,-0.684241,12.744,21.4668,9.10744,-54.7455,25.2973,25.096,11.0819,0,3.76961,0,-232.346,-232.346,-232.346,0,0,0,0,26.9587,849.611,123.439,123.439,-42.0812,-597.86,25.1526,37.7157,0,297.44,-253.389,-67.5614,-276.255,-76.9121,-855.649,-678.459,121.858,28.7216,416.214,416.214,861.834,396.767,147.494,2424.6,1457.95,63.4743,92.4065,224.644,1014.61,412.894,448.876,-354.017,314.695,3128.28,-3605.54,-1506.91,7692.53,746.755,-929.41,710.832,68.176,645.781,-105.841,244.472,134.639,219.839,116.847,339.365,-154.84,-154.84,211.345,180.601,180.601,943.73,194.151,0,236.496,-48.2042,-398.42,0,0
2020-08-02 20:00:00 UTC,-194.232,-96.1752,202.238,-8.69505,-8.69505,-209.303,29.2489,51.7643,-192.673,-192.673,736.995,282.323,-1074.86,-25.5723,125.634,204.385,641.102,141.283,-497.144,-93.2733,-99.6522,-172.316,-172.316,-280.177,-344.746,-122.424,-20.9264,15.7602,-1.99085,200.09,-110.631,-110.631,-261.784,-156.986,-156.986,-362.872,236.696,294.699,-1373.1,-1373.1,314.871,614.244,498.673,250.324,351.274,-480.952,-1972.1,-2008.85,-1999.77,27.5576,-155.043,-155.043,36.9707,-81.9412,-147.601,7.01084,7.01084,-364.218,176.037,109.786,312.194,-275.315,-140.556,195.692,195.692,-6.32409,-12.2383,129.131,129.131,13.844,410.453,-305.611,-149.203,-149.203,-4.59166,-4.59166,0.416929,0.524176,2.23277,-11.1001,-1.39979,26.823,-1.42035,-1.436,-3.4587,-8.05925,2.25132,103.806,103.806,25.9408,25.9408,29.6016,29.6016,-106.46,-106.46,-106.46,28.7077,28.7077,-13.0301,-61.0283,-14.723,-14.723,21.9748,21.9748,-114.429,-25.6732,-250.324,-14.8071,-14.8071,-214.968,-214.968,-214.968,717.229,-173.661,-173.661,-180.757,-180.757,-2.68125,59.5343,59.5343,2.19432,2.19432,-831.829,-831.829,722.471,722.471,0,-32.5184,-295.822,-116.794,354.101,354.101,-241.458,1510.16,807.835,-248.466,-832.936,-832.936,188.178,188.178,-727.759,-727.759,70.0616,180.519,453.65,626.901,332.295,332.295,-198.973,-198.973,-198.973,749.662,749.662,-724.562,-1.63277e-09,-1.63277e-09,306.552,-558.695,-558.695,759.55,-313.816,51.0013,0,409.522,193.748,-775.535,-566.206,-566.206,-104.389,1.48338,-31.0072,-431.909,-431.909,25.017,28.6015,28.6015,2116.6,-354.27,-2116.6,1208.59,1232.89,1180.19,-1821.69,748.86,-466.87,1972.1,2008.85,1999.77,-808.535,17.7644,-205.698,702.288,2259.63,149.135,2300.1,5905.01,3142.75,3142.75,160.471,-1358.18,256.159,188.858,175.817,-94.2563,250.794,-171.347,-209.739,-211.032,248.005,245.199,248.973,-178.809,113.771,113.771,-173.826,529.588,529.588,-1276.27,322.738,232.132,-176.604,192.435,479.973,1217.09,1217.09,392.715,771.933,841.306,2403.42,-661.115,581.357,-392.715,-11.3576,732.536,937.417,552.057,549.021,11.3576,-635.587,-689.239,171.678,146.154,201.817,90.4985,-31.9167,289.208,111.253,111.245,-62.7308,168.564,-99.7018,-128.62,60.0585,-615.098,-771.933,-666.387,-841.306,-101.665,-101.665,-80.2866,-207.334,36.2928,36.2928,166.116,166.116,-308.344,-308.344,175.903,53.9807,16.4388,-231.846,1048.86,-3344.09,-2457.35,5597.56,-16.4388,1538.63,-411.298,-329.178,256.487,256.487,197.853,197.853,96.4108,349.096,-658.266,-2.37863,61.5189,61.5189,238.154,190.715,82.1288,157.943,46.1833,46.1833,86.3316,85.1294,324.192,324.192,436.589,146.687,371.257,75.071,466.515,-247.641,-247.641,146.077,165.847,0,90.4986,174.731,0,140.109,-238.668,-238.668,-210.287,142.418,-156.869,-157.947,-169.253,37.0077,39.529,236.391,-23.5269,-535.267,-199.778,-95.5855,-95.5855,13.7435,171.013,171.013,14.1911,14.8765,-419.884,0,-26.0885,-26.0885,0,645.772,0,183.374,0,-130.1,0,38.6391,-28.0453,-30.7402,-92.9077,-92.9077,0,-39.999,-39.999,-66.2283,0,2.717,830.462,830.462,830.462,1.56535,0,0,0,62.415,62.415,62.415,0,-25.8079,-0.901836,-0.901836,9.18333,674.781,0.146439,0.146439,13.8557,22.4635,10.0718,-55.4951,26.2873,26.079,11.0194,0,3.27835,0,-230.868,-230.868,-230.868,0,0,0,0,29.9621,886.438,126.707,126.707,-13.4124,-615.078,38.1572,56.7627,0,320.08,-254.974,-67.9866,-237.054,-27.6606,-850.876,-693.799,131.472,31.0072,429.989,429.989,890.436,426.992,153.96,2552.55,1490.26,64.5075,93.9264,228.322,1033.29,419.283,456.363,-358.873,322.671,3177.32,-3621.82,-1515.08,7733.6,778.667,-933.416,706.213,75.4714,667.22,-104.292,247.895,139.857,201.035,123.242,343.434,-159.433,-159.433,224.161,181.218,181.218,978.854,209.303,0,230.386,-46.1237,-391.522,0,0
2020-08-02 21:00:00 UTC,-195.843,-96.0863,188.005,-5.06018,-5.06018,-220.88,23.5706,41.9931,-185.037,-185.037,757.575,292.211,-1098.35,-22.0102,130.729,207.501,656.028,144.663,-508.078,-96.4521,-105.982,-177.961,-177.961,-286.867,-344.868,-122.722,-21.4439,16.5053,-5.88504,207.066,-113.738,-113.738,-267.486,-159.791,-159.791,-372.331,245.592,305.648,-1419.91,-1419.91,327.572,632.41,510.654,256.006,365.491,-500.225,-2055.19,-2093.34,-2084.53,28.4277,-160.068,-160.068,37.7976,-84.5088,-153.214,7.09007,7.09007,-374.504,181.075,114.149,319.075,-283.826,-144.33,197.945,197.945,-6.24915,-11.5403,129.564,129.564,13.7429,418.833,-313.093,-153.435,-153.435,-5.08569,-5.08569,0.442193,0.531038,2.34594,-11.4549,-1.26917,27.7059,-1.42627,-1.44167,-3.6095,-8.30135,2.11896,107.242,107.242,27.0715,27.0715,30.875,30.875,-109.747,-109.747,-109.747,28.521,28.521,-14.1709,-63.168,-14.9254,-14.9254,22.6033,22.6033,-119.407,-26.3618,-256.006,-14.9905,-14.9905,-220.316,-220.316,-220.316,738.28,-177.243,-177.243,-185.412,-185.412,-2.85919,61.2901,61.2901,2.28185,2.28185,-850.829,-850.829,741.944,741.944,0,-33.4139,-303.578,-119.806,363.417,363.417,-247.714,1556.46,832.205,-255.778,-851.963,-851.963,193.452,193.452,-744.798,-744.798,71.7866,185.065,482.102,618.073,342.387,342.387,-205.07,-205.07,-205.07,776.349,776.349,-741.14,-5.11981e-10,-5.11981e-10,316.865,-575.062,-575.062,783.273,-325.648,46.4528,0,420.18,191.039,-800.159,-582.643,-582.643,-106.601,1.86591,-33.0043,-443.103,-443.103,17.2621,22.9296,22.9296,2207.64,-365.576,-2207.64,1240.74,1265.61,1210.34,-1877.22,777.849,-480.183,2055.19,2093.34,2084.53,-807.242,24.3948,-212.666,723.332,2307.43,156.512,2347.58,6036.14,3213.28,3213.28,158.511,-1386.99,263.35,187.894,179.688,-91.7566,256.826,-173.892,-214.378,-215.546,252.717,249.893,253.706,-181.731,118.426,118.426,-176.686,539.566,539.566,-1300.65,335.194,238.37,-179.465,197.311,486.95,1257.42,1257.42,398.245,782.764,853.081,2429.01,-663.464,596.268,-398.245,-11.503,756.609,953.147,561.327,558.256,11.503,-642.651,-696.812,173.608,147.857,203.988,91.7649,-32.6271,296.976,112.679,112.671,-63.8997,175.189,-101.019,-130.284,59.3772,-621.596,-782.764,-673.329,-853.081,-102.214,-102.214,-81.3238,-209.212,36.1149,36.1149,166.766,166.766,-311.911,-311.911,184.054,55.1326,17.0341,-233.718,1050.78,-3392.46,-2484.99,5605.92,-17.0341,1561.25,-424.566,-334.59,264.762,264.762,206.15,206.15,92.0239,354.208,-677.012,-3.03611,65.1168,65.1168,247.293,194.351,101.776,162.149,48.7776,48.7776,90.3795,89.1221,332.595,332.595,447.919,149.726,383.03,82.7527,486.704,-254.85,-254.85,150.934,171.391,0,90.9801,176.602,0,145.009,-242.763,-242.763,-217.859,151.654,-162.013,-163.122,-174.364,39.6604,41.6049,240.365,-23.1173,-538.812,-202.014,-96.7748,-96.7748,13.6072,171.99,171.99,15.0831,15.7902,-425.653,0,-29.7694,-29.7694,0,656.52,0,190.384,0,-130.447,0,38.8077,-21.8577,-30.2674,-95.6189,-95.6189,0,-39.8572,-39.8572,-69.094,0,2.86532,867.127,867.127,867.127,1.65736,0,0,0,64.9714,64.9714,64.9714,0,-25.6502,-0.289903,-0.289903,10.1714,694.625,0.643568,0.643568,14.5426,23.2291,10.6997,-55.6239,27.0717,26.8577,10.9431,0,2.74551,0,-229.511,-229.511,-229.511,0,0,0,0,33.0412,915.658,129.433,129.433,10.582,-627.619,48.583,72.0265,0,337.897,-256.242,-68.1839,-204.832,11.9487,-846.47,-706.885,139.336,33.0043,441.14,441.14,913.089,450.72,159.106,2657.54,1517.18,65.34,95.157,231.303,1048.46,424.461,463.53,-362.76,328.045,3219.81,-3627.16,-1517.86,7745.47,805.193,-940.064,700.88,81.791,684.413,-103.938,252.113,143.569,187.651,128.551,346.734,-162.965,-162.965,235.234,183.214,183.214,1008.87,220.88,0,226.028,-44.154,-385.806,0,0
2020-08-02 22:00:00 UTC,-197.631,-96.463,182.419,-4.40044,-4.40044,-226.989,21.0792,37.6451,-180.391,-180.391,775.439,297.708,-1116.99,-16.1794,132.955,213.212,662.387,146.104,-516.876,-99.0126,-109.521,-181.522,-181.522,-293.343,-347.324,-123.833,-21.8983,17.1628,-8.45478,213.334,-116.336,-116.336,-271.531,-161.394,-161.394,-378.935,249.796,310.819,-1446.64,-1446.64,334.17,645.317,520.028,260.451,373.699,-511.77,-2102.87,-2141.83,-2133.19,28.5469,-163.1,-163.1,38.0166,-85.7402,-155.238,7.23653,7.23653,-379.807,184.878,116.79,320.978,-288.46,-146.366,197.106,197.106,-6.38181,-11.5998,130.39,130.39,13.9854,425.714,-318.398,-157.434,-157.434,-5.22748,-5.22748,0.482173,0.569036,2.41179,-11.6739,-1.34389,28.1494,-1.43324,-1.44828,-3.67969,-8.42396,2.10404,109.833,109.833,27.4801,27.4801,31.3354,31.3354,-112.063,-112.063,-112.063,28.7212,28.7212,-14.5626,-64.2591,-15.1889,-15.1889,23.0184,23.0184,-122.798,-26.7634,-260.451,-15.6215,-15.6215,-223.916,-223.916,-223.916,751.402,-179.842,-179.842,-188.701,-188.701,-2.4924,62.5021,62.5021,1.9936,1.9936,-863.472,-863.472,755.215,755.215,0,-34.221,-308.774,-122.033,369.753,369.753,-251.543,1586.05,847.767,-260.286,-864.482,-864.482,196.774,196.774,-756.163,-756.163,72.7236,188.068,498.84,614.352,348.556,348.556,-208.744,-208.744,-208.744,792.548,792.548,-752.211,-5.70124e-10,-5.70124e-10,324.326,-585.134,-585.134,798.231,-333.179,42.4658,0,425.843,189.547,-814.814,-592.468,-592.468,-107.187,3.20974,-34.4034,-451.453,-451.453,12.4708,19.455,19.455,2260.5,-371.637,-2260.5,1258.89,1284.08,1227.34,-1908.39,795.23,-487.786,2102.87,2141.83,2133.19,-806.341,28.572,-215.064,738.187,2343.44,161.307,2382.56,6134.76,3266.72,3266.72,158.418,-1404.45,266.399,188.338,182.926,-89.7458,260.8,-176.083,-217.568,-218.65,256.292,253.444,257.295,-183.745,120.924,120.924,-178.673,546.61,546.61,-1316.29,340.81,242.804,-181.461,201.05,492.491,1283.6,1283.6,402.366,791.823,862.937,2451.96,-668.923,607.467,-402.366,-11.3459,774.72,966.908,569.438,566.336,11.3459,-648.433,-703.014,175.394,149.406,205.962,92.8767,-33.1883,302.314,113.943,113.934,-64.8234,179.893,-102.184,-131.776,58.8249,-626.885,-791.823,-678.982,-862.937,-102.826,-102.826,-82.2182,-211.13,35.9952,35.9952,167.623,167.623,-314.996,-314.996,189.035,55.8832,17.466,-235.46,1053.81,-3433.43,-2509.32,5619.86,-17.466,1572.65,-433.898,-338.822,270.493,270.493,210.315,210.315,88.9876,357.57,-690.488,-3.3685,67.6088,67.6088,252.735,198.22,114.93,164.224,50.487,50.487,92.8568,91.5657,338.944,338.944,455.958,151.507,390.8,84.1644,496.728,-260.711,-260.711,154.694,175.643,0,93.0859,180.876,0,148.78,-250.355,-250.355,-223.009,155.258,-165.914,-167.048,-178.403,40.7663,42.5715,242.628,-23.0291,-544.604,-204.866,-97.6863,-97.6863,14.8593,173.569,173.569,15.699,16.4262,-435.158,0,-30.2783,-30.2783,0,662.011,0,202.48,0,-131.764,0,38.9659,-18.8163,-30.139,-98.0398,-98.0398,0,-39.9614,-39.9614,-71.2146,0,2.89911,888.094,888.094,888.094,1.72345,0,0,0,66.0434,66.0434,66.0434,0,-25.9923,-0.15202,-0.15202,10.455,710.774,0.786221,0.786221,14.8041,23.6279,10.9298,-55.7074,27.6758,27.457,11.3128,0,3.84384,0,-228.886,-228.886,-228.886,0,0,0,0,35.6766,938.224,131.326,131.326,26.2459,-635.278,54.8391,81.1835,0,349.132,-256.669,-68.3055,-185.598,38.3069,-844.553,-716.756,145.151,34.4034,449.531,449.531,929.593,466.652,162.82,2738.91,1540.45,66.0907,96.2564,233.96,1064,429.174,471.465,-366.192,334.652,3258.16,-3636.61,-1522.69,7765.26,825.154,-947.478,695.998,85.5744,697.388,-104.638,256.602,145.908,180.112,132.52,349.512,-165.709,-165.709,244.21,187.883,187.883,1033.38,226.989,0,225.065,-42.4421,-383.221,0,0
2020-08-02 23:00:00 UTC,-197.103,-96.2619,181.719,-6.06966,-6.06966,-222.426,20.9693,37.4967,-174.642,-174.642,773.297,295.579,-1113.55,-13.2576,131.694,214.88,657.249,144.94,-515.846,-98.8067,-107.664,-181.943,-181.943,-295.494,-347.041,-123.912,-22.0641,17.4056,-9.7324,215.602,-116.348,-116.348,-269.078,-158.852,-158.852,-378.112,246.628,306.923,-1434.08,-1434.08,330.827,642.525,518.354,259.675,371.675,-510.329,-2080.11,-2118.67,-2110.01,27.7667,-162.029,-162.029,37.3362,-84.7268,-152.3,7.28811,7.28811,-376.415,184.712,116.238,315.102,-286.058,-145.312,191.949,191.949,-6.49899,-11.9462,130.593,130.593,14.1696,424.619,-317.417,-158.25,-158.25,-5.0901,-5.0901,0.508257,0.60409,2.38586,-11.6059,-1.54189,27.8327,-1.42952,-1.44473,-3.63553,-8.33784,2.15645,109.873,109.873,26.9269,26.9269,30.7088,30.7088,-111.736,-111.736,-111.736,28.7506,28.7506,-14.1307,-63.5476,-15.2867,-15.2867,22.904,22.904,-122.825,-26.5407,-259.675,-15.2927,-15.2927,-223.18,-223.18,-223.18,749.424,-178.755,-178.755,-188.196,-188.196,-2.92101,62.1944,62.1944,0.954342,0.954342,-862.325,-862.325,755.227,755.227,0,-34.6193,-308.989,-122.611,369.94,369.94,-251.059,1580.99,845.107,-260.375,-862.906,-862.906,196.399,196.399,-754.733,-754.733,72.3723,188.054,493.291,619.046,347.999,347.999,-208.37,-208.37,-208.37,789,789,-750.519,-5.69726e-10,-5.69726e-10,325.074,-583.079,-583.079,795.036,-332.841,39.5288,0,422.137,188.99,-811.949,-589.867,-589.867,-105.639,5.12505,-34.0015,-451.793,-451.793,13.7853,20.4939,20.4939,2237.48,-368.635,-2237.48,1251.03,1276.07,1220.14,-1895.33,789.64,-484.62,2080.11,2118.67,2110.01,-807.173,27.2561,-211.055,737.979,2346.85,160.688,2384.77,6146.14,3273.27,3273.27,159.541,-1401.06,263.591,189.204,185.25,-85.8713,260.349,-176.747,-217.443,-218.531,256.768,253.902,257.772,-183.709,119.962,119.962,-178.664,545.407,545.407,-1314.42,336.482,243.342,-181.466,203.374,493.5,1280.61,1280.61,402.493,794.388,865.739,2459.48,-674.665,606.298,-402.493,-10.7342,772.411,972.02,572.454,569.338,10.7342,-649.943,-704.638,176.565,150.308,206.695,93.2481,-33.1905,299.653,114.533,114.525,-64.7894,178.204,-102.715,-132.571,56.86,-628.236,-794.388,-680.429,-865.739,-103.409,-103.409,-83.1046,-213.663,36.1326,36.1326,168.706,168.706,-315.888,-315.888,184.397,56.0639,18.1859,-236.286,1058.9,-3450.23,-2517.96,5634.6,-18.1859,1558.89,-431.298,-339.059,268.549,268.549,205.859,205.859,89.9991,356.062,-685.456,-2.97757,66.83,66.83,245.561,200.396,100.296,158.442,50.308,50.308,91.7761,90.5,338.694,338.694,454.675,150.53,388.612,76.1219,486.629,-261.358,-261.358,154.914,175.833,0,95.9876,186.119,0,149.178,-259.077,-259.077,-221.888,150.129,-165.278,-166.408,-178.671,39.9849,42.1179,237.149,-22.7548,-549.577,-206.687,-97.7478,-97.7478,16.8893,173.069,173.069,15.6317,16.3616,-439.367,0,-28.4478,-28.4478,0,651.401,0,207.284,0,-131.857,0,39.0238,-18.5489,-29.8876,-98.91,-98.91,0,-39.9029,-39.9029,-72.1324,0,2.77639,878.115,878.115,878.115,1.71567,0,0,0,64.6909,64.6909,64.6909,0,-26.2663,-0.312865,-0.312865,10.1802,710.91,0.647754,0.647754,14.4673,23.3173,10.6673,-55.1226,27.7414,27.5219,11.1788,0,2.56041,0,-229.659,-229.659,-229.659,0,0,0,0,35.1849,938.764,131.212,131.212,22.0752,-633.633,53.0395,78.5311,0,346.438,-256.927,-68.3056,-192.263,34.5243,-846.928,-720.117,145.707,34.0015,449.987,449.987,930.938,464.723,161.768,2752.4,1551.12,66.5149,96.82,235.286,1082.71,433.853,479.162,-369.836,338.797,3274.82,-3638.24,-1523.58,7785.72,822.539,-956.181,694.014,82.322,693.584,-106.678,259.354,143.963,193.103,131.137,350.216,-165.619,-165.619,244.737,193.193,193.193,1034.11,222.426,0,222.449,-41.9405,-385.887,0,0
2020-08-03 00:00:00 UTC,-194.776,-96.1825,197.332,-11.6295,-11.6295,-207.658,27.1256,47.8794,-176.186,-176.186,748.637,282.233,-1084.16,-12.1933,124.582,213.554,633.305,139.518,-503.239,-95.3721,-100.033,-177.408,-177.408,-288.986,-340.527,-121.652,-21.6687,16.8364,-8.81252,210,-113.553,-113.553,-260.601,-152.879,-152.879,-367.424,236.022,293.87,-1378.56,-1378.56,317.176,621.613,503.735,252.768,358.55,-493.977,-1981.12,-2018,-2009.09,26.1233,-156.489,-156.489,35.8851,-81.3559,-143.987,7.269,7.269,-363.65,180.668,112.401,302.912,-275.951,-140.84,183.986,183.986,-6.57389,-12.521,129.93,129.93,14.2357,414.099,-308.784,-151.641,-151.641,-4.67437,-4.67437,0.517261,0.631895,2.25882,-11.2223,-1.87819,26.6935,-1.4285,-1.44367,-3.4854,-8.03732,2.26432,107.071,107.071,25.337,25.337,28.9095,28.9095,-108.465,-108.465,-108.465,28.4861,28.4861,-12.8361,-60.8857,-15.1701,-15.1701,22.2205,22.2205,-119.217,-25.6349,-252.768,-14.1358,-14.1358,-217.302,-217.302,-217.302,728.392,-173.214,-173.214,-183.097,-183.097,-3.67925,60.0635,60.0635,-0.925717,-0.925717,-843.764,-843.764,738.18,738.18,0,-34.4952,-302.786,-121.072,362.14,362.14,-245.007,1533.45,820.096,-254.76,-843.568,-843.568,191.255,191.255,-737.251,-737.251,70.3793,184.08,461.81,632.909,339.011,339.011,-203.091,-203.091,-203.091,761.737,761.737,-732.814,5.49968e-10,5.49968e-10,317.775,-566.558,-566.558,771.159,-322.643,39.1769,0,408.173,190.551,-787.564,-572.419,-572.419,-100.95,8.08013,-31.9834,-441.777,-441.777,22.0087,26.6457,26.6457,2131.09,-355.178,-2131.09,1213.72,1238.08,1185.33,-1831.63,758.017,-469.026,1981.12,2018,2009.09,-809.407,20.0027,-200.47,718.66,2307.37,153.311,2344.29,6041.59,3217.43,3217.43,162.324,-1371.09,251.65,190.429,185.238,-82.4816,254.249,-175.551,-213.114,-214.326,253.026,250.157,254.014,-181.062,114.516,114.516,-176.111,534.952,534.952,-1289.66,318.391,238.872,-178.936,202.401,488.829,1240.95,1240.95,397.23,787.475,858.249,2444.44,-678.758,590.573,-397.23,-9.76507,746.259,964.225,567.864,564.763,9.76507,-645.194,-699.562,176.288,149.931,205.419,92.4956,-32.6433,289.109,114.058,114.05,-63.8817,169.134,-102.264,-132.106,55.7072,-623.813,-787.475,-675.715,-858.249,-103.351,-103.351,-82.7574,-213.82,36.1512,36.1512,168.813,168.813,-313.811,-313.811,171.256,54.6955,18.741,-235.266,1054.94,-3429.68,-2503.12,5602.47,-18.741,1520.87,-414.555,-334.521,257.916,257.916,192.721,192.721,95.6427,348.893,-662.99,-1.91621,61.9124,61.9124,230.69,200.993,69.8673,150.445,46.7582,46.7582,85.6955,84.5026,330.469,330.469,442.295,146.407,374.909,62.8395,454.216,-251.466,-251.466,148.438,168.436,0,95.753,184.759,0,143.183,-258.599,-258.599,-211.332,137.371,-158.687,-159.776,-171.641,35.6555,38.6038,229.544,-23.2657,-551.564,-207.969,-96.6616,-96.6616,20.986,171.527,171.527,14.6839,15.3971,-440.134,0,-22.1353,-22.1353,0,621.01,0,206.982,0,-129.178,0,38.8785,-22.7147,-29.29,-96.7467,-96.7467,0,-39.4518,-39.4518,-70.8795,0,2.52105,834.554,834.554,834.554,1.62678,0,0,0,61.1625,61.1625,61.1625,0,-26.394,-0.760876,-0.760876,9.34874,684.512,0.229332,0.229332,13.4867,22.4372,9.88657,-53.6614,27.1801,26.9646,10.4897,0,0.289647,0,-231.918,-231.918,-231.918,0,0,0,0,32.6963,911.544,128.612,128.612,-3.9627,-621.069,41.85,62.1292,0,328.622,-255.929,-68.1524,-228.598,-6.31356,-853.94,-713.336,139.269,31.9834,440.189,440.189,911.763,440.409,155.115,2675.19,1543.86,66.3048,96.4551,234.37,1091.87,433.105,483.95,-368.482,340.998,3265.5,-3604.7,-1507.49,7740.27,793.596,-961.288,696.742,72.7905,673.84,-110.884,259.872,138.317,216.035,123.847,346.539,-162.114,-162.114,234.616,192.507,192.507,993.14,207.658,0,228.418,-43.314,-393.937,0,0
2020-08-03 01:00:00 UTC,-190.265,-95.6758,216.689,-20.7039,-20.7039,-182.765,34.9679,61.3807,-182.464,-182.464,704.244,258.555,-1030.56,-11.425,112.037,210.247,591.071,129.967,-479.979,-89.0724,-86.2595,-167.094,-167.094,-276.896,-330.323,-118.04,-20.9004,15.7406,-6.26389,199.307,-107.803,-107.803,-244.679,-142.179,-142.179,-347.469,215.846,269.008,-1272.08,-1272.08,290.872,581.199,476.865,240.02,332.484,-461.301,-1794.85,-1828.56,-1819.24,23.1174,-145.668,-145.668,33.6287,-74.9255,-127.258,7.42225,7.42225,-338.526,173.837,104.528,281.367,-255.77,-131.737,170.987,170.987,-6.9726,-14.4171,129.125,129.125,14.7769,395.192,-291.204,-139.511,-139.511,-3.49242,-3.49242,0.546381,0.696318,2.00873,-10.4618,-2.51688,24.3412,-1.41359,-1.42939,-3.11516,-7.39841,2.45312,101.171,101.171,22.1124,22.1124,25.257,25.257,-102.052,-102.052,-102.052,27.9817,27.9817,-9.82418,-55.3065,-14.9361,-14.9361,20.7621,20.7621,-111.566,-23.8322,-240.02,-12.3374,-12.3374,-204.887,-204.887,-204.887,682.963,-162.593,-162.593,-172.219,-172.219,-4.60121,55.6221,55.6221,-3.4302,-3.4302,-802.122,-802.122,698.742,698.742,0,-33.4684,-287.871,-116.605,343.776,343.776,-231.745,1432.65,766.987,-241.25,-800.861,-800.861,179.739,179.739,-698.754,-698.754,66.182,174.869,400.886,653.789,318.835,318.835,-191.517,-191.517,-191.517,705.69,705.69,-694.375,-1.78603e-09,-1.78603e-09,300.055,-531.818,-531.818,721.586,-300.118,41.8853,0,381.659,192.904,-736.2,-536.356,-536.356,-92.3891,12.142,-27.9758,-418.741,-418.741,36.7322,37.4801,37.4801,1929.44,-328.889,-1929.44,1139.23,1162.22,1115.3,-1705.32,695.788,-438.348,1794.85,1828.56,1819.24,-807.169,8.00821,-181.029,675.525,2209.31,137.641,2245.43,5775.61,3074.44,3074.44,166.712,-1305.49,228.523,191.639,180.352,-82.0325,240.757,-171.377,-203.156,-204.629,243.278,240.434,244.224,-174.778,103.642,103.642,-170.005,513.089,513.089,-1234.17,283.933,227.689,-172.849,195.396,475.296,1155.39,1155.39,384.875,765.824,834.739,2392.61,-677.414,557.696,-384.875,-8.87289,693.289,935.026,550.654,547.619,8.87289,-630.765,-684.107,173.193,147.11,200.888,89.877,-31.2254,268.707,111.592,111.584,-61.524,153.054,-99.9738,-129.291,53.7296,-610.47,-765.824,-661.471,-834.739,-102.323,-102.323,-81.5067,-212.213,36.277,36.277,167.5,167.5,-306.584,-306.584,148.28,52.1274,18.2293,-231.353,1042.84,-3343.16,-2449.59,5551.9,-18.2293,1449.98,-381.027,-323.359,236.451,236.451,169.972,169.972,105.624,335.806,-618.202,0.0391852,53.7738,53.7738,202.042,198.199,7.67358,133.197,40.9263,40.9263,75.5688,74.5145,312.524,312.524,416.636,138.44,347.828,41.7339,398.729,-233.031,-233.031,136.626,154.974,0,93.8333,180.245,0,131.958,-253.025,-253.025,-192.404,115.995,-146.516,-147.532,-158.86,28.5377,32.7153,212.939,-23.2352,-547.479,-207.592,-93.8672,-93.8672,27.1205,168.149,168.149,13.3201,14.0128,-445.056,0,-11.7287,-11.7287,0,574.376,0,204.269,0,-124.917,0,38.6131,-30.8784,-28.4957,-92.5811,-92.5811,0,-38.7553,-38.7553,-68.0336,0,2.08108,752.507,752.507,752.507,1.46102,0,0,0,54.5021,54.5021,54.5021,0,-27.2435,-2.18606,-2.18606,6.98484,633.723,-0.957909,-0.957909,11.4618,20.3952,8.3329,-50.2541,25.7659,25.5603,9.48703,0,-2.47183,0,-234.71,-234.71,-234.71,0,0,0,0,27.7403,851.884,122.538,122.538,-49.88,-593.279,21.2882,31.9984,0,293.341,-252.604,-67.4586,-293.138,-88.5093,-862.691,-690.253,123.585,27.9758,417.479,417.479,864.234,389.595,142.853,2470.75,1500.17,64.9131,94.3575,229.265,1077.03,426.943,479.901,-363.361,333.772,3195.53,-3576.55,-1493.57,7669.18,735.247,-967.824,702.595,55.4609,634.449,-115.589,256.625,126.659,262.059,111.394,338.707,-154.629,-154.629,213.161,188.814,188.814,920.434,182.765,0,228.853,-46.8991,-405.307,0,0
2020-08-03 02:00:00 UTC,-187.731,-96.9055,248.306,-32.0688,-32.0688,-152.701,47.3902,82.5281,-198.394,-198.394,656.267,233.441,-973.887,-16.3106,98.4886,206.484,551.118,120.947,-453.444,-81.4757,-67.0307,-155.398,-155.398,-264.197,-323.58,-115.527,-20.0202,14.4996,-1.74743,187.398,-101.539,-101.539,-228.599,-131.862,-131.862,-325.718,191.616,239.096,-1142.72,-1142.72,259.246,531.392,447.455,225.97,300.621,-421.219,-1574.49,-1604.39,-1594.79,19.359,-132.277,-132.277,31.84,-66.9247,-103.537,8.16714,8.16714,-306.233,169.541,94.7385,258.815,-229.365,-119.498,158.902,158.902,-8.04794,-18.4419,129.466,129.466,16.4102,375.791,-271.768,-129.417,-129.417,-1.30019,-1.30019,0.630692,0.830572,1.68714,-9.50482,-3.48458,21.0799,-1.38195,-1.39924,-2.51718,-6.48813,2.707,93.876,93.876,17.5429,17.5429,20.0774,20.0774,-94.4229,-94.4229,-94.4229,27.6085,27.6085,-4.99017,-47.4591,-14.7999,-14.7999,18.7869,18.7869,-101.845,-21.4763,-225.97,-10.3842,-10.3842,-189.225,-189.225,-189.225,625.898,-149.459,-149.459,-158.531,-158.531,-5.40597,50.1457,50.1457,-6.0804,-6.0804,-748.239,-748.239,648.246,648.246,0,-31.9623,-268.515,-110.505,320.082,320.082,-214.858,1307.16,700.726,-223.823,-745.801,-745.801,165.207,165.207,-649.335,-649.335,60.9425,162.997,328.678,673.92,293.229,293.229,-176.792,-176.792,-176.792,636.169,636.169,-645.141,5.52295e-10,5.52295e-10,276.112,-487.23,-487.23,658.509,-270.735,46.2511,0,348.893,194.03,-669.949,-490.424,-490.424,-82.1581,16.3499,-23.1771,-391.204,-391.204,52.0268,48.599,48.599,1690.38,-295.466,-1690.38,1043.86,1065.07,1024.83,-1544.68,619.919,-399.86,1574.49,1604.39,1594.79,-793.848,-2.58084,-153.529,623.479,2084.74,118.685,2119.17,5433.69,2890.35,2890.35,171.977,-1219.23,201.858,193.292,172.66,-82.442,223.877,-165.317,-190.499,-192.266,230.632,227.832,231.525,-166.508,90.4219,90.4219,-161.958,485.395,485.395,-1162.58,243.166,213.021,-164.801,185.15,456.058,1049.34,1049.34,369.601,735.8,802.116,2316.61,-674.076,521.905,-369.601,-8.57462,637.486,892.684,525.688,522.756,8.57462,-610.644,-662.529,167.573,142.138,194.025,86.0216,-29.5089,247.836,107.502,107.494,-58.3874,137.557,-96.1893,-124.565,53.8511,-591.836,-735.8,-641.552,-802.116,-100.235,-100.235,-78.7459,-206.273,36.193,36.193,164.319,164.319,-295.948,-295.948,127.365,48.6291,16.6328,-225.249,1021.17,-3211.82,-2371.06,5468.23,-16.6328,1369.25,-345.075,-310.035,213.293,213.293,144.991,144.991,115.175,322.598,-571.467,1.70047,46.4402,46.4402,174.302,192.319,-52.4819,115.522,35.0709,35.0709,65.277,64.3644,292.155,292.155,387.677,129.228,317.369,14.9693,337.158,-215.112,-215.112,124.858,141.497,0,94.5422,179.742,0,120.483,-251.775,-251.775,-172.577,89.072,-134.176,-135.119,-146.33,20.2026,26.1348,196.719,-23.7737,-542.522,-205.286,-90.2508,-90.2508,32.8487,167.639,167.639,11.7183,12.3878,-451.998,0,1.51843,1.51843,0,532.016,0,195.122,0,-121.971,0,38.3374,-41.7455,-28.2876,-87.8862,-87.8862,0,-38.3607,-38.3607,-63.9689,0,1.6028,655.295,655.295,655.295,1.27887,0,0,0,46.5878,46.5878,46.5878,0,-29.6732,-5.00621,-5.00621,2.60037,584.81,-3.15084,-3.15084,8.60415,17.2952,6.1895,-44.8706,23.6999,23.5082,8.35042,0,-4.88265,0,-236.041,-236.041,-236.041,0,0,0,0,21.6987,782.695,115.16,115.16,-99.3741,-555.107,-1.21912,-0.982934,0,251.558,-246.248,-66.005,-359.465,-180.297,-866.932,-657.745,104.424,23.1771,390.281,390.281,804.19,330,130.723,2213.11,1430.53,62.5601,90.8511,220.755,1042.94,412.284,463.962,-351.417,318.177,3074.03,-3537.19,-1473.91,7551.7,674.087,-972.083,706.972,39.9464,592.164,-117.917,249.643,113.959,307.6,100.742,331.369,-145.836,-145.836,189.974,189.559,189.559,853.573,152.701,0,235.017,-50.2144,-414.757,0,0
2020-08-03 03:00:00 UTC,-184.053,-96.7741,272.245,-39.776,-39.776,-126.436,57.8544,100.27,-209.295,-209.295,614.285,212.738,-923.128,-20.4236,87.6153,201.648,517.26,113.316,-429.502,-74.9662,-50.3086,-144.655,-144.655,-252.239,-317.143,-113.036,-19.1949,13.3561,2.2972,176.386,-95.9368,-95.9368,-215.068,-123.537,-123.537,-306.426,172.02,214.86,-1038.58,-1038.58,233.176,490.613,421.638,213.557,273.177,-385.709,-1402.72,-1429.62,-1419.98,16.6343,-121.154,-121.154,30.0431,-60.5868,-86.7042,8.43274,8.43274,-279.831,162.797,86.1409,239.481,-208.151,-109.408,148.708,148.708,-8.62308,-20.8831,128.336,128.336,17.1861,357.915,-256.13,-124.694,-124.694,0.178678,0.178678,0.650726,0.881747,1.4291,-8.72343,-4.02363,18.6301,-1.34466,-1.36385,-2.07245,-5.79822,2.86179,87.1889,87.1889,14.3217,14.3217,16.4269,16.4269,-87.7068,-87.7068,-87.7068,27.1338,27.1338,-1.63925,-41.5594,-14.4936,-14.4936,17.1737,17.1737,-93.0646,-19.6275,-213.557,-9.24355,-9.24355,-176.617,-176.617,-176.617,579.899,-139.34,-139.34,-147.754,-147.754,-5.67031,46.148,46.148,-7.72786,-7.72786,-704.095,-704.095,606.783,606.783,0,-30.7051,-252.315,-104.67,300.286,300.286,-200.731,1206.94,647.692,-209.052,-700.887,-700.887,153.883,153.883,-609.435,-609.435,57.0033,153.13,273.799,684.086,272.066,272.066,-164.365,-164.365,-164.365,580.677,580.677,-605.496,-6.50503e-10,-6.50503e-10,255.514,-450.449,-450.449,606.181,-246.706,49.103,0,322.033,192.545,-615.511,-452.969,-452.969,-75.327,17.6954,-19.6947,-368.892,-368.892,61.6069,55.3406,55.3406,1504.21,-267.708,-1504.21,963.692,983.373,948.21,-1411.64,559.85,-367.855,1402.72,1429.62,1419.98,-774.197,-7.71118,-128.829,582.963,1981.69,104.002,2013.93,5147.49,2735.99,2735.99,175.173,-1147.35,183.678,193.985,164.831,-84.0972,210.256,-159.513,-180.057,-182.034,219.773,217.026,220.62,-159.437,80.1858,80.1858,-155.063,462.487,462.487,-1103.33,214.279,200.255,-157.88,175.334,438.545,965.663,965.663,356.532,709.08,773.066,2246.32,-668.957,493.119,-356.532,-8.44649,593.788,854.461,503.147,500.31,8.44649,-592.56,-643.111,162.159,137.336,187.297,82.3594,-28.3448,231.006,103.687,103.679,-55.8077,126.568,-92.6611,-120.171,52.8286,-575.05,-709.08,-623.582,-773.066,-97.8702,-97.8702,-76.4121,-200.347,35.8003,35.8003,160.348,160.348,-286.193,-286.193,111.811,45.7814,16.283,-219.122,992.551,-3093.14,-2297.7,5335.99,-16.283,1303.17,-316.673,-298.343,194.864,194.864,125.01,125.01,122.009,312.542,-535.119,3.0619,41.417,41.417,152.069,187.762,-102.319,100.159,30.9675,30.9675,57.767,56.9581,275.355,275.355,363.934,121.473,292.662,-9.20487,289.519,-204.19,-204.19,117.143,132.597,0,98.0819,184.105,0,113.017,-258.161,-258.161,-158.454,66.457,-125.347,-126.237,-138.161,14.133,21.536,182.967,-24.1979,-537.818,-200.968,-87.1163,-87.1163,34.9935,165.119,165.119,10.075,10.7057,-443.131,0,10.432,10.432,0,499.571,0,185.689,0,-119.059,0,38.0989,-49.6424,-28.1311,-83.4833,-83.4833,0,-37.8886,-37.8886,-60.1237,0,1.28019,580.107,580.107,580.107,1.12579,0,0,0,40.5132,40.5132,40.5132,0,-30.8712,-6.8578,-6.8578,-0.357357,552.661,-4.62353,-4.62353,6.60427,14.8444,4.66143,-41.2227,21.9166,21.7376,7.73729,0,-5.67462,0,-235.125,-235.125,-235.125,0,0,0,0,17.4643,728.836,108.793,108.793,-130.806,-521.181,-16.4641,-23.3322,0,220.853,-238.714,-64.2579,-400.707,-244.566,-864.403,-628.069,89.285,19.6947,368.151,368.151,754.418,285.802,121.848,2001.21,1367.16,60.3756,87.5895,212.833,1013.77,397.946,446.703,-340.435,301.688,2964.79,-3451.67,-1432.17,7365.72,626.397,-972.972,709.863,27.9275,559.909,-119.473,244.235,103.591,345.299,93.9086,326.112,-138.822,-138.822,172.129,194.181,194.181,810.796,126.436,0,239.684,-51.9219,-418.168,0,0
2020-08-03 04:00:00 UTC,-175.2,-92.8171,271.283,-41.5556,-41.5556,-105.755,59.9157,104.264,-203.302,-203.302,564.974,193.82,-862.536,-22.864,79.05,190.296,482.253,105.438,-402.459,-68.5172,-38.0514,-134.614,-134.614,-237.813,-304.34,-108.236,-18.2956,12.1391,4.53113,164.355,-89.869,-89.869,-200.51,-114.649,-114.649,-286.097,154.742,193.456,-943.358,-943.358,209.954,451.028,392.246,199.344,248.063,-353.047,-1250.64,-1274.84,-1265.34,14.5561,-110.729,-110.729,27.7947,-55.0242,-74.9941,8.12483,8.12483,-256.011,152.106,77.9206,219.704,-189.526,-100.371,137.657,137.657,-8.54681,-21.3646,124.57,124.57,16.774,335.721,-237.162,-113.116,-113.116,0.857221,0.857221,0.60042,0.83739,1.20198,-8.00835,-4.12708,16.6608,-1.28519,-1.30762,-1.74577,-5.23528,2.84947,80.1594,80.1594,12.1486,12.1486,13.9601,13.9601,-80.7851,-80.7851,-80.7851,25.8809,25.8809,0.334557,-36.8681,-13.8855,-13.8855,15.6545,15.6545,-84.6268,-17.9601,-199.344,-8.3918,-8.3918,-164.64,-164.64,-164.64,536.39,-129.913,-129.913,-137.633,-137.633,-5.70063,42.5809,42.5809,-8.94876,-8.94876,-661.342,-661.342,566.827,566.827,0,-29.4465,-236.475,-98.4287,281.005,281.005,-186.983,1113.23,597.996,-194.624,-657.533,-657.533,143.436,143.436,-571.182,-571.182,53.5401,143.575,227.494,684.506,251.816,251.816,-152.57,-152.57,-152.57,530.549,530.549,-567.524,-5.68981e-10,-5.68981e-10,235.794,-416.096,-416.096,557.009,-225.33,49.8875,0,296.782,188.046,-566.127,-418.273,-418.273,-70.1376,17.1699,-16.9864,-344.483,-344.483,67.785,59.4418,59.4418,1339.54,-242.302,-1339.54,888.113,906.336,875.571,-1289.07,505.778,-337.846,1250.64,1274.84,1265.34,-748.232,-10.1795,-106.836,543.717,1873.25,90.8778,1903.59,4848.88,2574.29,2574.29,174.05,-1078.58,169.287,190.564,156.786,-83.8396,196.96,-152.723,-169.561,-171.713,207.939,205.278,208.738,-152.082,71.5498,71.5498,-147.886,438.034,438.034,-1044.08,192.284,187.415,-150.646,165.884,419.376,889.413,889.413,340.049,678.698,740.027,2166.73,-654.937,456.806,-340.049,-6.86573,539.593,812.429,478.359,475.626,6.86573,-571.661,-620.649,156.583,132.404,180.13,78.4374,-26.6936,209.341,99.652,99.6438,-52.7587,112.188,-88.9365,-115.507,52.2365,-555.576,-678.698,-602.709,-740.027,-95.5859,-95.5859,-73.7099,-194.411,35.6329,35.6329,156.824,156.824,-275.339,-275.339,89.9186,42.2317,15.4922,-212.618,967.707,-2963.34,-2215.69,5221.57,-15.4922,1232.51,-280.664,-283.421,171.765,171.765,105.426,105.426,131.36,299.989,-486.23,4.62978,34.5147,34.5147,123.741,181.721,-171.584,80.9106,26.1899,26.1899,49.1628,48.4727,255.085,255.085,336.116,112.684,265.923,-23.8526,243.527,-186.506,-186.506,105.978,119.928,0,94.0164,176.299,0,102.36,-247.468,-247.468,-141.322,51.1753,-113.848,-114.663,-125.955,8.82414,16.8084,164.472,-23.09,-526.367,-193.96,-83.433,-83.433,35.1749,155.712,155.712,8.53556,9.11366,-417.891,0,13.5562,13.5562,0,461.306,0,171.268,0,-113.463,0,37.853,-51.9269,-27.2544,-78.5972,-78.5972,0,-36.6938,-36.6938,-56.7173,0,1.03774,514.347,514.347,514.347,0.976877,0,0,0,35.2284,35.2284,35.2284,0,-30.432,-7.56987,-7.56987,-1.71444,502.411,-5.2976,-5.2976,5.2376,12.6217,3.65988,-38.1656,20.2378,20.0715,7.28299,0,-5.76545,0,-231.915,-231.915,-231.915,0,0,0,0,14.2924,670.007,101.631,101.631,-152.153,-487.652,-27.5755,-39.6379,0,194.609,-229.443,-62.0772,-427.147,-296.214,-854.172,-597.885,74.6669,16.9864,343.842,343.842,703.066,246.767,109.959,1781.03,1299.87,58.0519,84.1337,204.444,981.196,383.12,430.939,-328.359,285.028,2848.8,-3378.36,-1396.49,7204.88,567.415,-971.376,715.878,13.1918,515.478,-121.143,236.555,90.7835,393.009,83.7524,317.613,-130.657,-130.657,150.707,186.304,186.304,739.52,105.755,0,228.353,-53.4542,-415.621,0,0
2020-08-03 05:00:00 UTC,-166.72,-89.8336,275.357,-45.6368,-45.6368,-83.616,63.4922,110.784,-203.675,-203.675,502.989,170.924,-787.84,-30.9093,68.5201,174.91,443.082,96.6369,-367.013,-59.9141,-21.9113,-122.644,-122.644,-219.439,-286.774,-101.696,-17.1693,10.6465,6.7242,149.493,-82.3549,-82.3549,-182.517,-103.72,-103.72,-260.82,134.069,167.804,-825.669,-825.669,182.386,400.197,355.64,181.49,218.161,-313.601,-1068.23,-1089.16,-1080.01,11.9594,-97.7262,-97.7262,25.4226,-48.0804,-59.139,7.93606,7.93606,-225.57,140.946,68.3517,195.931,-165.586,-88.5234,124.003,124.003,-8.60078,-22.3011,119.442,119.442,16.4293,308.293,-214.43,-99.0916,-99.0916,1.85065,1.85065,0.557286,0.799728,0.915,-7.11182,-4.351,14.0879,-1.23186,-1.25711,-1.33222,-4.51541,2.80246,71.5344,71.5344,9.23096,9.23096,10.6442,10.6442,-72.2495,-72.2495,-72.2495,24.1367,24.1367,3.06327,-30.7261,-13.138,-13.138,13.7318,13.7318,-74.4936,-15.8188,-181.49,-7.35963,-7.35963,-148.958,-148.958,-148.958,480.294,-117.532,-117.532,-124.474,-124.474,-5.70063,38.0524,38.0524,-10.3826,-10.3826,-604.655,-604.655,514.724,514.724,0,-27.7835,-215.675,-90.0806,255.731,255.731,-168.966,993.17,534.186,-175.844,-600.109,-600.109,129.966,129.966,-520.72,-520.72,49.3027,131.002,172.964,676.569,225.641,225.641,-137.296,-137.296,-137.296,467.189,467.189,-517.382,-6.3909e-10,-6.3909e-10,209.991,-371.447,-371.447,494.18,-197.527,50.8686,0,264.639,180.018,-502.074,-373.23,-373.23,-63.4338,15.9871,-13.8376,-311.253,-311.253,72.8165,62.508,62.508,1141.98,-210.166,-1141.98,790.8,807.123,781.459,-1132.67,438.719,-299.938,1068.23,1089.16,1080.01,-705.638,-10.3236,-78.1382,493.732,1727.62,74.825,1754.84,4446.08,2356.36,2356.36,170.872,-986.368,152.538,184.56,143.44,-87.3469,179.519,-142.864,-155.531,-157.869,191.719,189.196,192.454,-141.914,61.1715,61.1715,-137.971,406.106,406.106,-963.455,167.04,170.511,-140.627,150.73,392.459,793.064,793.064,317.82,635.217,692.732,2048.97,-631.048,412.575,-317.82,-5.56175,475.803,752.012,442.718,440.143,5.56175,-541.103,-587.766,147.726,124.745,169.566,72.7739,-24.3556,184.844,93.501,93.4928,-48.5761,95.009,-83.2859,-108.32,52.8325,-526.961,-635.217,-571.993,-692.732,-91.7484,-91.7484,-69.3364,-183.697,35.0878,35.0878,150.597,150.597,-259.285,-259.285,67.8808,37.4097,12.8512,-202.693,926.284,-2770.82,-2093.93,5061.01,-12.8512,1150.08,-237.98,-264.55,144.42,144.42,83.4938,83.4938,141.448,285.874,-431.352,6.3822,27.3699,27.3699,94.3584,172.956,-242.093,60.6396,20.6152,20.6152,39.3385,38.7844,230.542,230.542,302.726,101.967,234.565,-39.0593,190.704,-164.695,-164.695,92.4037,104.539,0,88.0465,165.012,0,89.317,-231.421,-231.421,-120.967,33.4242,-100.676,-101.407,-111.113,1.92666,10.6681,145.312,-22.1157,-507.857,-182.995,-78.2319,-78.2319,34.164,147.485,147.485,7.09306,7.62749,-400.597,0,19.4648,19.4648,0,414.099,0,146.87,0,-105.903,0,37.5743,-53.1848,-25.9649,-72.4613,-72.4613,0,-34.9428,-34.9428,-52.5147,0,0.769807,435.675,435.675,435.675,0.809544,0,0,0,29.1551,29.1551,29.1551,0,-30.1653,-8.67159,-8.67159,-3.7013,442.712,-6.28246,-6.28246,3.39632,10.0159,2.36244,-33.4934,18.0451,17.8953,6.68873,0,-5.76545,0,-225.223,-225.223,-225.223,0,0,0,0,10.4027,589.043,93.2184,93.2184,-172.219,-442.423,-38.8234,-56.1512,0,161.996,-216.245,-58.715,-447.506,-350.251,-832.317,-553.759,56.2568,13.8376,310.729,310.729,634.913,200.253,95.4169,1492.41,1201.16,54.4492,78.8337,191.606,919.599,358.511,402.861,-308.557,257.63,2664.11,-3305.46,-1361.05,6979.97,498.39,-962.571,722.762,-2.43674,466.191,-121.436,225.721,76.056,442.799,74.202,308.166,-119.423,-119.423,125.588,175.642,175.642,657.755,83.616,0,218.45,-54.5567,-406.445,0,0
2020-08-03 06:00:00 UTC,-160.598,-87.6064,277.727,-48.1201,-48.1201,-69.0167,65.8813,115.15,-203.268,-203.268,459.178,155.358,-734.462,-37.0703,61.4533,163.318,416.31,90.6308,-341.126,-53.813,-10.6963,-114.387,-114.387,-206.945,-274.557,-97.1863,-16.4039,9.65039,8.10887,139.543,-77.1651,-77.1651,-169.526,-95.6233,-95.6233,-242.866,119.499,149.695,-743.551,-743.551,162.975,364.813,329.635,168.714,196.865,-285.303,-944.931,-963.614,-954.855,10.1682,-88.5474,-88.5474,23.5563,-43.211,-48.6992,7.69098,7.69098,-203.85,132.102,61.4728,178.415,-148.766,-80.0495,113.73,113.73,-8.55605,-22.6925,115.073,115.073,15.9962,288.512,-198.84,-90.6037,-90.6037,2.43265,2.43265,0.515638,0.759932,0.716262,-6.48576,-4.44402,12.3446,-1.18597,-1.2137,-1.05343,-4.02284,2.76013,65.397,65.397,7.31917,7.31917,8.47151,8.47151,-66.1766,-66.1766,-66.1766,22.8843,22.8843,4.78243,-26.5771,-12.576,-12.576,12.3906,12.3906,-67.2898,-14.3363,-168.714,-6.6595,-6.6595,-137.355,-137.355,-137.355,439.452,-108.555,-108.555,-114.66,-114.66,-5.70063,34.6384,34.6384,-10.9341,-10.9341,-561.516,-561.516,475.461,475.461,0,-26.2399,-199.88,-83.9811,236.642,236.642,-155.801,906.348,487.931,-161.854,-556.644,-556.644,119.558,119.558,-482.512,-482.512,46.0182,121.419,137.164,664.261,206.495,206.495,-126.167,-126.167,-126.167,422.273,422.273,-479.544,-7.13965e-10,-7.13965e-10,191.809,-339.394,-339.394,449.664,-178.009,50.4741,0,241.408,172.927,-455.872,-340.894,-340.894,-57.5587,15.8872,-11.2054,-286.585,-286.585,74.4084,63.1424,63.1424,1008.8,-187.167,-1008.8,720.539,735.474,713.152,-1021.05,392.37,-273.132,944.931,963.614,954.855,-669.132,-8.85235,-58.3997,457.163,1616.5,63.6749,1641.51,4140.68,2191.53,2191.53,167.292,-915.329,138.538,178.7,133.534,-89.1897,166.276,-135.288,-144.86,-147.309,179.325,176.905,180.01,-133.96,53.5377,53.5377,-130.225,381.857,381.857,-900.484,147.583,157.931,-132.793,139.244,371.551,722.249,722.249,301.088,601.195,655.709,1955.62,-610.128,381.674,-301.088,-4.94895,432.627,704.548,414.712,412.265,4.94895,-516.704,-561.476,140.4,118.491,161.404,68.4225,-22.3519,168.476,88.469,88.4608,-45.2145,83.4358,-78.68,-102.423,53.5732,-504.007,-601.195,-547.315,-655.709,-88.7316,-88.7316,-66.0936,-175.428,34.7577,34.7577,145.73,145.73,-246.434,-246.434,54.2956,33.9581,10.2704,-194.939,897.82,-2614.59,-1995.67,4962.99,-10.2704,1094.8,-209.04,-250.745,125.812,125.812,69.3434,69.3434,147.52,276.716,-395.734,7.45702,23.1308,23.1308,75.6045,167.16,-286.936,47.1567,17.1035,17.1035,33.1771,32.7085,213.491,213.491,279.752,94.4949,213.452,-48.9005,157.095,-150.878,-150.878,83.7119,94.6823,0,84.3998,157.966,0,80.9083,-221.08,-221.08,-107.911,21.3782,-92.1685,-92.8442,-101.629,-2.41835,6.80225,132.755,-21.4807,-491.549,-174.885,-74.1644,-74.1644,33.9353,141.552,141.552,6.09713,6.59865,-385.981,0,23.1858,23.1858,0,380.64,0,128.467,0,-100.733,0,37.404,-54.1771,-25.0395,-68.2924,-68.2924,0,-33.6731,-33.6731,-49.5869,0,0.604495,382.851,382.851,382.851,0.699231,0,0,0,24.9774,24.9774,24.9774,0,-29.7322,-9.2856,-9.2856,-4.86531,404.541,-6.85837,-6.85837,2.18858,8.14486,1.50818,-30.4432,16.5331,16.3948,6.27532,-1.4074e-12,-5.76545,0,-218.461,-218.461,-218.461,0,0,0,0,6.93557,528.684,87.5229,87.5229,-181.477,-408.755,-44.6353,-64.6975,0,139.518,-204.208,-55.8686,-453.253,-380.476,-809.744,-519.535,43.224,11.2054,286.147,286.147,583.514,168.699,85.4327,1277.54,1120.29,51.4869,74.4959,181.103,862.044,339.084,376.744,-293.656,234.155,2503.24,-3275.61,-1346.43,6842.82,451.928,-952.336,727.383,-11.979,434.172,-121.47,218.28,66.1288,475.123,69.2009,301.563,-110.847,-110.847,108.981,168.773,168.773,606.412,69.0167,0,211.951,-55.223,-396.033,0,0
2020-08-03 07:00:00 UTC,-154.721,-85.1363,274.432,-49.5494,-49.5494,-58.7395,65.7525,115.355,-201.648,-201.648,423.054,142.197,-688.89,-40.4126,55.4489,153.511,391.584,85.09,-319.129,-48.9708,-3.11454,-106.989,-106.989,-194.948,-261.434,-92.3854,-15.6936,8.74119,8.74823,130.361,-72.5208,-72.5208,-158.491,-88.9982,-88.9982,-227.322,109.171,136.844,-684.256,-684.256,148.924,338.32,307.959,158.005,180.851,-263.226,-858.446,-875.537,-867.128,9.12201,-81.8068,-81.8068,21.7939,-39.8541,-43.5821,7.15587,7.15587,-188.571,122.834,56.3238,164.641,-137.275,-74.192,105.365,105.365,-8.15343,-21.8885,110.145,110.145,14.9865,271.192,-186.557,-83.4731,-83.4731,2.40733,2.40733,0.443417,0.679727,0.579292,-6.03686,-4.31163,11.3128,-1.15359,-1.1831,-0.928153,-3.73737,2.67606,60.5585,60.5585,6.41101,6.41101,7.43834,7.43834,-61.3877,-61.3877,-61.3877,21.6926,21.6926,5.30118,-24.1628,-11.9958,-11.9958,11.4717,11.4717,-61.8198,-13.3351,-158.005,-6.18405,-6.18405,-128.846,-128.846,-128.846,409.852,-101.95,-101.95,-107.558,-107.558,-5.70063,32.2958,32.2958,-11.2243,-11.2243,-529.704,-529.704,446.596,446.596,0,-25.1317,-188.222,-79.2738,222.488,222.488,-146.036,843.604,454.447,-151.6,-524.641,-524.641,112.125,112.125,-454.529,-454.529,43.7066,114.303,113.411,650.467,192.562,192.562,-117.911,-117.911,-117.911,390.123,390.123,-451.781,-5.64771e-10,-5.64771e-10,178.452,-315.929,-315.929,417.326,-163.954,49.7919,0,224.503,166.591,-422.34,-317.237,-317.237,-53.5447,15.3163,-9.517,-268.495,-268.495,74.3964,62.6424,62.6424,915.793,-170.724,-915.793,668.91,682.817,662.788,-940.428,359.705,-253.68,858.446,875.537,867.128,-639.079,-7.19151,-44.6017,430.201,1531.18,56.0026,1554.48,3908.17,2065.97,2065.97,163.251,-862.754,129.069,173.103,126.727,-88.1048,156.389,-129.257,-136.79,-139.301,169.713,167.383,170.36,-127.792,48.355,48.355,-124.222,362.736,362.736,-853.281,134.689,148.494,-126.707,131.441,354.903,671.794,671.794,287.686,573.977,626.084,1878.76,-591.217,358.041,-287.686,-4.41145,400.25,666.94,392.518,390.175,4.41145,-496.845,-540.058,134.496,113.442,154.629,64.8639,-20.8303,155.571,84.4263,84.4181,-42.5672,75.095,-74.9838,-97.708,53.04,-485.254,-573.977,-527.13,-626.084,-86.1426,-86.1426,-63.7519,-169.056,34.3606,34.3606,141.459,141.459,-235.915,-235.915,43.8917,31.369,8.28661,-188.415,871.431,-2490.24,-1915.46,4871.41,-8.28661,1049.33,-185.914,-239.673,110.803,110.803,58.5347,58.5347,151.759,269.608,-368.483,8.29744,20.2399,20.2399,60.3909,163.262,-323.379,35.4949,14.5872,14.5872,28.6061,28.201,200.323,200.323,261.913,88.4895,197.407,-55.4387,131.656,-139.762,-139.762,76.855,86.923,0,80.7988,151.423,0,74.3191,-211.773,-211.773,-97.7934,13.1379,-85.4162,-86.0472,-94.1048,-5.458,3.97494,121.922,-20.6196,-476.94,-167.942,-70.8994,-70.8994,33.2497,135.647,135.647,5.42661,5.9048,-374.999,0,25.6725,25.6725,0,352.104,0,114.888,0,-95.2643,0,37.2573,-53.4952,-23.957,-64.3993,-64.3993,0,-32.2687,-32.2687,-47.0479,0,0.507517,346.283,346.283,346.283,0.616289,0,0,0,22.2935,22.2935,22.2935,0,-28.4622,-9.09859,-9.09859,-4.81465,373.859,-6.83349,-6.83349,1.60602,7.06568,1.1015,-28.8429,15.4848,15.3551,5.99248,0,-5.76545,0,-212.229,-212.229,-212.229,0,0,0,0,4.66243,485.691,82.9435,82.9435,-184.586,-383.344,-47.4773,-68.8909,0,124.448,-194.742,-53.523,-451.581,-396.651,-788.641,-493.985,34.1379,9.517,268.114,268.114,544.998,147.413,78.1145,1119.06,1057.06,49.1232,71.0257,172.692,818.546,324.096,356.81,-282.372,214.298,2374.11,-3247.82,-1333.03,6714.76,417.21,-947.917,729.647,-19.231,409.835,-121.616,213.413,57.7976,502.07,66.0887,295.929,-104.392,-104.392,97.2181,162.363,162.363,564.403,58.7395,0,203.055,-55.3693,-385.705,0,0
2020-08-03 08:00:00 UTC,-150.595,-83.6076,272.681,-51.0409,-51.0409,-50.2169,65.8264,115.826,-200.521,-200.521,393.107,132.267,-652.092,-45.3883,51.0535,144.62,374.441,81.2524,-300.557,-44.8018,3.86988,-101.643,-101.643,-184.888,-250.477,-88.3668,-15.0963,7.98567,9.28842,122.721,-68.7389,-68.7389,-149.908,-84.0263,-84.0263,-214.875,101.526,127.323,-637.917,-637.917,138.46,316.375,290.327,149.249,168.739,-245.967,-792.02,-807.879,-799.787,8.37602,-76.4753,-76.4753,20.6265,-37.266,-39.3385,6.78293,6.78293,-176.548,116.242,52.607,154.563,-128.089,-69.4709,99.1817,99.1817,-7.85086,-21.2676,105.946,105.946,14.1824,257.152,-177.184,-78.4599,-78.4599,2.39454,2.39454,0.388496,0.618085,0.46968,-5.67854,-4.23528,10.4916,-1.14446,-1.17444,-0.845146,-3.52256,2.60397,56.7381,56.7381,5.66015,5.66015,6.58362,6.58362,-57.5835,-57.5835,-57.5835,20.7116,20.7116,5.73065,-22.2387,-11.5228,-11.5228,10.7607,10.7607,-57.5426,-12.5421,-149.249,-5.87572,-5.87572,-122.422,-122.422,-122.422,387.677,-97.0384,-97.0384,-102.264,-102.264,-5.70063,30.5916,30.5916,-11.4623,-11.4623,-505.718,-505.718,425.1,425.1,0,-24.3396,-179.455,-75.6078,211.911,211.911,-138.624,796.518,429.286,-143.811,-500.502,-500.502,106.686,106.686,-433.507,-433.507,41.977,109,95.6174,639.196,182.026,182.026,-111.451,-111.451,-111.451,365.488,365.488,-430.932,-7.83622e-10,-7.83622e-10,168.333,-297.704,-297.704,392.335,-153.063,48.8659,0,211.124,161.163,-396.115,-298.887,-298.887,-50.9837,14.4547,-8.37709,-255.027,-255.027,73.7814,61.7787,61.7787,844.714,-157.666,-844.714,627.842,640.927,622.628,-876.639,334.758,-238.355,792.02,807.879,799.787,-613.931,-5.19293,-32.5646,410.69,1468.25,50.3839,1489.72,3736.68,1973.49,1973.49,160.186,-822.202,122.411,168.964,121.696,-86.9068,149.018,-124.591,-130.726,-133.273,162.543,160.283,163.162,-123.078,44.4141,44.4141,-119.636,348.034,348.034,-817.265,125.284,141.336,-122.054,125.736,342.297,634.273,634.273,277.516,553.857,604.178,1821.85,-577.957,340.255,-277.516,-3.76124,376.234,639.435,376.286,374.019,3.76124,-481.974,-524.007,130.256,109.865,150.049,62.4106,-19.3534,145.882,81.4606,81.4524,-40.3969,68.7581,-72.2805,-94.2364,53.1845,-471.172,-553.857,-511.959,-604.178,-84.5829,-84.5829,-62.1725,-165.154,34.3486,34.3486,139.091,139.091,-228.141,-228.141,35.436,29.5067,7.00394,-184.06,859.693,-2398.32,-1856.06,4831.47,-7.00394,1012.17,-168.306,-231.355,99.3394,99.3394,49.5337,49.5337,155.178,264.077,-347.505,9.2248,18.095,18.095,48.2895,160.512,-351.892,26.0162,12.6335,12.6335,24.9738,24.6193,190.451,190.451,248.309,83.6705,185.067,-62.237,110.168,-131.611,-131.611,71.8173,81.2078,0,78.791,147.727,0,69.5775,-207.253,-207.253,-90.036,6.2086,-80.4792,-81.0783,-88.5506,-8.16083,1.55601,113.371,-19.9592,-467.245,-162.521,-68.4415,-68.4415,32.5149,131.679,131.679,4.94898,5.41213,-368.892,0,28.1124,28.1124,0,329.448,0,100.608,0,-90.7166,0,37.1439,-52.6252,-23.0675,-61.1277,-61.1277,0,-31.0607,-31.0607,-44.8473,0,0.441206,318.278,318.278,318.278,0.554226,0,0,0,20.5096,20.5096,20.5096,0,-27.4614,-8.9657,-8.9657,-4.78908,351.482,-6.82095,-6.82095,1.12365,6.42704,0.771905,-27.4444,14.6242,14.5015,5.83413,0,-5.76545,0,-207.075,-207.075,-207.075,0,0,0,0,3.22899,454.035,79.5218,79.5218,-184.997,-363.036,-49.0584,-71.2335,0,113.7,-187.361,-51.5902,-447.621,-405.999,-771.338,-474.943,27.803,8.37709,254.681,254.681,516.68,132.4,72.5089,1005.03,1009.43,47.3786,68.4765,166.517,781.493,314.23,342.048,-275.027,200.141,2271.18,-3236.5,-1327.43,6658.78,391.527,-945.289,730.704,-25.887,392.496,-121.74,210.498,51.319,523.707,64.3077,291.66,-99.5154,-99.5154,88.8197,159.064,159.064,534.195,50.2169,0,196.213,-54.92,-377.153,0,0
2020-08-03 09:00:00 UTC,-149.078,-83.2984,273.868,-52.7362,-52.7362,-45.3631,66.4351,116.993,-202.804,-202.804,377.58,126.416,-632.86,-48.2281,48.2097,140.589,364.623,79.0557,-290.522,-42.4837,8.15977,-98.2569,-98.2569,-179.543,-245.517,-86.5241,-14.7617,7.56457,9.99074,118.514,-66.653,-66.653,-145.233,-81.3476,-81.3476,-207.908,96.7902,121.422,-610.399,-610.399,131.993,303.99,280.977,144.592,161.242,-235.234,-752.918,-768.049,-760.154,7.85723,-73.3186,-73.3186,19.9918,-35.6708,-36.2525,6.64357,6.64357,-169.148,112.867,50.3193,148.972,-122.409,-66.5348,95.9741,95.9741,-7.77532,-21.2053,103.868,103.868,13.8937,249.88,-172.08,-76.6874,-76.6874,2.50609,2.50609,0.365957,0.595608,0.403115,-5.46518,-4.24288,9.95847,-1.1377,-1.16801,-0.775796,-3.37923,2.59036,54.5876,54.5876,5.0964,5.0964,5.94354,5.94354,-55.4407,-55.4407,-55.4407,20.2984,20.2984,6.1698,-20.9767,-11.2981,-11.2981,10.3375,10.3375,-54.9877,-12.0672,-144.592,-5.7569,-5.7569,-118.494,-118.494,-118.494,374.163,-94.1932,-94.1932,-99.1008,-99.1008,-5.70063,29.6553,29.6553,-11.48,-11.48,-491.033,-491.033,411.754,411.754,0,-23.8426,-173.951,-73.1673,205.268,205.268,-133.973,767.805,413.929,-138.846,-485.782,-485.782,103.424,103.424,-420.781,-420.781,40.8844,105.676,85.1229,631.089,175.454,175.454,-107.275,-107.275,-107.275,350.232,350.232,-418.353,-1.70678e-09,-1.70678e-09,162.01,-286.389,-286.389,377.083,-146.1,48.6915,0,203.069,157.882,-379.524,-287.492,-287.492,-49.7101,13.586,-7.77429,-247.182,-247.182,73.279,61.1822,61.1822,802.59,-149.778,-802.59,603.002,615.59,598.283,-837.797,319.627,-228.863,752.918,768.049,760.154,-597.779,-3.87286,-25.407,398.659,1428.77,47.0109,1449.03,3628.67,1915.29,1915.29,158.46,-796.902,118.414,166.626,118.313,-86.4816,144.426,-121.598,-126.925,-129.488,158.014,155.8,158.615,-120.085,41.9896,41.9896,-116.724,339.133,339.133,-795.028,119.492,136.751,-119.097,121.846,334.156,611.196,611.196,271.598,540.81,589.969,1783.45,-569.192,330.828,-271.598,-3.8915,363.721,621.227,365.538,363.324,3.8915,-472.259,-513.514,127.214,107.317,146.846,60.7237,-18.5481,141.048,79.4286,79.4204,-39.1353,65.9811,-70.4353,-91.8427,52.9641,-461.958,-540.81,-502.025,-589.969,-83.3019,-83.3019,-61.1411,-162.2,34.1214,34.1214,136.926,136.926,-222.958,-222.958,32.2605,28.4426,6.27213,-180.883,846.718,-2337.42,-1815.96,4782.26,-6.27213,991.494,-159.004,-226.531,93.3017,93.3017,44.7207,44.7207,156.362,261.393,-337.927,9.56474,17.3582,17.3582,42.6465,159.065,-364.29,21.271,11.7143,11.7143,23.2221,22.892,184.859,184.859,240.703,80.9956,178.179,-66.5609,99.2054,-128.125,-128.125,69.4945,78.5593,0,78.5622,146.971,0,67.427,-206.71,-206.71,-86.2778,2.11323,-78.0934,-78.6769,-85.9893,-9.54035,0.385492,109.25,-19.7277,-460.824,-159.009,-66.9097,-66.9097,31.9069,130.42,130.42,4.76512,5.22608,-370.304,0,30.3659,30.3659,0,317.938,0,93.5433,0,-88.6408,0,37.0857,-53.0307,-22.7197,-59.3146,-59.3146,0,-30.493,-30.493,-43.4305,0,0.401901,301.722,301.722,301.722,0.520621,0,0,0,19.4251,19.4251,19.4251,0,-27.1293,-9.05965,-9.05965,-5.01217,341.269,-6.93126,-6.93126,0.767967,5.96954,0.511098,-26.6362,14.1189,14.0001,5.83249,0,-5.76545,0,-203.575,-203.575,-203.575,0,0,0,0,2.55937,436.326,77.3935,77.3935,-184.653,-350.453,-50.0299,-72.6679,0,107.623,-182.711,-50.3446,-443.954,-410.338,-759.645,-462.347,23.9804,7.77429,246.86,246.86,498.988,123.626,70.0237,934.814,977.342,46.1713,66.7244,162.278,754.295,307.271,331.445,-269.993,190.667,2202.55,-3216.65,-1318.05,6589.97,378.188,-943.88,730.476,-28.5005,384.213,-121.689,208.893,47.8143,534.122,63.6747,289.531,-96.7631,-96.7631,84.0308,158.241,158.241,519.876,45.3631,0,193.806,-54.565,-371.395,0,0
2020-08-03 10:00:00 UTC,-150.845,-84.8037,283.359,-55.346,-55.346,-42.5478,69.7129,122.313,-209.078,-209.078,374.835,124.526,-630.55,-50.9594,46.8946,140.815,363.615,78.8303,-288.165,-41.6368,11.4798,-97.6073,-97.6073,-178.945,-246.558,-86.8563,-14.6934,7.47638,10.8383,117.728,-66.2539,-66.2539,-144.384,-80.8823,-80.8823,-206.404,94.894,119.059,-600.968,-600.968,129.414,300.457,279.449,143.821,158.263,-231.008,-739.401,-754.282,-746.449,7.59368,-72.2443,-72.2443,19.8632,-35.0566,-34.4854,6.7026,6.7026,-166.344,112.375,49.3956,147.657,-120.197,-65.388,95.6096,95.6096,-7.88193,-21.5865,103.8,103.8,14.046,249.065,-171.726,-78.3625,-78.3625,2.70087,2.70087,0.370607,0.60615,0.378159,-5.39041,-4.31121,9.71749,-1.13102,-1.1617,-0.723118,-3.30783,2.62939,53.9907,53.9907,4.75171,4.75171,5.55434,5.55434,-54.8494,-54.8494,-54.8494,20.4067,20.4067,6.55995,-20.3913,-11.298,-11.298,10.1894,10.1894,-54.0428,-11.9003,-143.821,-5.77097,-5.77097,-117.436,-117.436,-117.436,370.503,-93.5179,-93.5179,-98.3178,-98.3178,-5.70063,29.4427,29.4427,-11.6238,-11.6238,-487.382,-487.382,408.595,408.595,0,-23.8059,-172.596,-72.5074,203.69,203.69,-132.673,759.868,409.682,-137.44,-482.056,-482.056,102.682,102.682,-417.623,-417.623,40.5413,104.9,80.8107,631.305,173.572,173.572,-105.945,-105.945,-105.945,345.08,345.08,-415.246,-8.57248e-10,-8.57248e-10,159.971,-282.591,-282.591,372.132,-143.331,49.1616,0,200.44,157.369,-373.359,-283.64,-283.64,-49.6715,13.2113,-7.67267,-246.141,-246.141,73.2594,61.0995,61.0995,788.17,-146.684,-788.17,594.252,606.666,589.687,-823.293,314.508,-225.709,739.401,754.282,746.449,-592.709,-2.88944,-20.9265,396.777,1423.03,46.0121,1442.35,3611.09,1905.92,1905.92,159.266,-789.504,117.578,167.368,117.738,-86.6217,143.478,-121.023,-126.153,-128.72,157.315,155.105,157.913,-119.478,41.0657,41.0657,-116.134,337.378,337.378,-789.985,117.302,135.603,-118.498,120.936,332.707,604.864,604.864,271.16,539.151,588.162,1778.17,-570.709,330.542,-271.16,-4.17966,363.395,618.714,364.054,361.847,4.17966,-471.021,-512.176,126.653,106.855,146.356,60.4685,-18.5423,141.264,79.108,79.0998,-39.0678,66.2167,-70.1483,-91.451,53.1675,-460.783,-539.151,-500.757,-588.162,-83.0003,-83.0003,-60.8881,-161.37,34.004,34.004,136.358,136.358,-222.292,-222.292,33.1317,28.2903,6.10089,-180.333,842.969,-2329.95,-1809.59,4767.83,-6.10089,987.727,-158.814,-226.265,93.276,93.276,43.1986,43.1986,156.211,261.319,-338.903,9.54261,17.4445,17.4445,43.4578,159.026,-360.569,21.9784,11.4694,11.4694,22.9087,22.583,184.354,184.354,239.811,80.5255,176.874,-70.773,95.6072,-129.286,-129.286,69.857,78.9209,0,80.9881,150.528,0,67.8795,-212.515,-212.515,-86.1188,-0.586651,-78.4525,-79.0397,-86.4005,-10.4271,-0.132828,110.329,-20.2781,-462.794,-158.522,-66.7466,-66.7466,31.7107,132.767,132.767,4.73675,5.2054,-378.889,0,33.3382,33.3382,0,316.574,0,90.9585,0,-89.0159,0,37.0767,-54.714,-22.9097,-58.977,-58.977,0,-30.5868,-30.5868,-42.8589,0,0.386505,295.869,295.869,295.869,0.511339,0,0,0,18.9784,18.9784,18.9784,0,-27.3613,-9.31772,-9.31772,-5.40175,344.167,-7.12373,-7.12373,0.558087,5.67644,0.332456,-26.458,13.9595,13.8417,5.89941,0,-5.76545,0,-202.987,-202.987,-202.987,0,0,0,0,2.62068,434.37,77.0465,77.0465,-184.884,-346.222,-50.581,-73.476,0,105.541,-181.68,-50.0221,-443.736,-412.015,-758.076,-459.572,23.31,7.67267,245.837,245.837,496.015,121.461,70.2246,924.848,971.969,45.97,66.4419,161.599,748.388,305.608,329.2,-268.781,189.137,2193.79,-3210.71,-1315.34,6569.85,377.852,-943.076,729.775,-28.2354,385.129,-121.689,208.959,47.8126,532.599,63.6835,289.396,-96.4937,-96.4937,83.6002,161.843,161.843,523.059,42.5478,0,199.472,-53.9801,-370.856,0,0
2020-08-03 11:00:00 UTC,-156.526,-88.458,301.181,-59.1114,-59.1114,-42.1928,75.5061,131.488,-220.005,-220.005,387.668,127.491,-648.855,-53.6655,47.4728,146.197,373.511,81.0442,-295.243,-42.5734,13.6743,-100.12,-100.12,-184.689,-256.412,-90.3598,-14.9658,7.81125,12.2687,121.346,-67.9625,-67.9625,-148.081,-82.9405,-82.9405,-211.477,95.7582,120.136,-610.609,-610.609,130.638,307.047,287.377,147.754,159.752,-233.197,-752.449,-767.579,-759.646,7.52839,-73.387,-73.387,20.3273,-35.4266,-33.5749,7.04794,7.04794,-168.232,115.458,49.8655,151.029,-121.479,-66.0529,98.4647,98.4647,-8.28614,-22.7568,106.417,106.417,14.8691,256.211,-176.337,-82.8977,-82.8977,3.10637,3.10637,0.413725,0.666608,0.395706,-5.46157,-4.50432,9.75208,-1.12678,-1.15769,-0.672514,-3.30249,2.76453,55.1648,55.1648,4.51974,4.51974,5.29759,5.29759,-56.0235,-56.0235,-56.0235,21.2971,21.2971,7.08204,-20.4292,-11.5975,-11.5975,10.3462,10.3462,-54.7349,-12.0682,-147.754,-5.98263,-5.98263,-119.45,-119.45,-119.45,377.318,-95.3163,-95.3163,-100.134,-100.134,-5.70063,30.0448,30.0448,-11.9062,-11.9062,-495.706,-495.706,416.427,416.427,0,-24.2856,-175.663,-73.678,207.559,207.559,-134.901,773.976,417.23,-139.685,-490.26,-490.26,104.694,104.694,-424.892,-424.892,41.1826,106.865,82.5274,641.235,176.548,176.548,-107.54,-107.54,-107.54,350.36,350.36,-422.512,-8.5731e-10,-8.5731e-10,162.365,-286.508,-286.508,377.989,-144.659,50.7519,0,203.594,160.281,-377.647,-287.567,-287.567,-51.0845,13.0651,-8.11667,-252.371,-252.371,74.0035,61.7761,61.7761,802.283,-148.477,-802.283,602.473,615.058,597.711,-833.834,319.694,-229.035,752.449,767.579,759.646,-599.833,-2.31446,-18.8036,405.954,1454.46,47.4999,1473.01,3692.97,1950.25,1950.25,162.99,-801.271,120.494,171.674,120.294,-87.4068,146.501,-123.09,-128.683,-131.242,160.836,158.585,161.448,-121.484,41.7309,41.7309,-118.085,343.261,343.261,-803.63,119.134,138.099,-120.483,123.322,338.695,616.428,616.428,276.789,550.262,600.257,1810.26,-584.116,340.053,-276.789,-4.49995,376.126,633.58,372.83,370.58,4.49995,-479.348,-521.167,128.897,108.721,148.847,61.7884,-19.4892,146.677,80.7012,80.693,-40.3236,69.4718,-71.5968,-93.3186,53.4266,-468.692,-550.262,-509.282,-600.257,-83.8095,-83.8095,-61.6274,-163.157,34.0597,34.0597,137.637,137.637,-226.677,-226.677,37.9447,29.1829,6.03228,-182.733,850.386,-2380.44,-1842.24,4809.13,-6.03228,1000.27,-168.113,-231.09,99.4261,99.4261,44.9049,44.9049,154.785,263.8,-351.036,9.18828,18.3193,18.3193,50.8227,160.966,-339.579,28.2754,11.7461,11.7461,23.8523,23.5134,189.365,189.365,246.078,82.3375,181.524,-74.4512,99.062,-134.598,-134.598,72.6794,82.0451,0,85.5027,157.57,0,70.6993,-223.451,-223.451,-89.3418,-1.40971,-81.5064,-82.1166,-89.5354,-10.9759,-0.165171,116.771,-21.5919,-474.557,-161.273,-68.1101,-68.1101,31.817,139.463,139.463,4.97459,5.46609,-397.998,0,37.0831,37.0831,0,328.455,0,93.6799,0,-92.9731,0,37.1307,-58.8348,-23.9363,-60.5445,-60.5445,0,-31.6469,-31.6469,-43.2137,0,0.392153,300.993,300.993,300.993,0.528822,0,0,0,19.154,19.154,19.154,0,-28.4654,-9.92752,-9.92752,-6.21274,359.277,-7.52403,-7.52403,0.434523,5.53483,0.166121,-27.0894,14.1798,14.0598,6.12589,0,-5.76545,0,-205.685,-205.685,-205.685,0,0,0,0,3.45754,448.87,78.7143,78.7143,-186.163,-350.855,-51.0973,-74.2175,0,107.889,-184.467,-50.7108,-447.854,-411.547,-768.03,-467.664,26.0404,8.11667,252.065,252.065,509.228,126.249,73.1128,980.66,996.358,46.9097,67.8112,164.915,769.166,310.114,336.329,-272.217,195.545,2252.63,-3243.19,-1330.81,6627.92,391.445,-944.601,727.889,-25.1636,395.96,-122.072,211.553,51.3731,518.899,64.7152,290.74,-98.8412,-98.8412,87.8089,169.192,169.192,542.632,42.1928,0,213.102,-53.0537,-376.342,0,0
2020-08-03 12:00:00 UTC,-166.206,-94.4117,329.07,-64.1336,-64.1336,-44.0121,84.6205,145.731,-236.467,-236.467,415.183,135.43,-686.901,-57.4278,50.0487,156.07,395.142,85.887,-310.919,-45.1101,15.1863,-105.556,-105.556,-196.406,-274.431,-96.8222,-15.5598,8.55159,14.2227,129.174,-71.6643,-71.6643,-156.017,-87.3318,-87.3318,-222.727,99.6939,125.041,-640.438,-640.438,135.992,323.685,304.369,156.164,165.925,-241.646,-794.083,-809.996,-801.811,7.76719,-76.8324,-76.8324,21.3743,-36.9001,-34.1794,7.60751,7.60751,-175.271,121.779,51.939,158.946,-126.629,-68.7173,104.185,104.185,-8.90829,-24.465,111.284,111.284,16.2104,270.87,-186.361,-90.9907,-90.9907,3.61239,3.61239,0.486271,0.766644,0.459228,-5.68573,-4.79527,10.1504,-1.13828,-1.16855,-0.659562,-3.39861,2.99147,58.1036,58.1036,4.52316,4.52316,5.31298,5.31298,-58.942,-58.942,-58.942,22.9574,22.9574,7.54504,-21.3078,-12.1594,-12.1594,10.861,10.861,-57.0654,-12.6196,-156.164,-6.39487,-6.39487,-124.856,-124.856,-124.856,395.798,-99.7871,-99.7871,-104.802,-104.802,-5.70063,31.5158,31.5158,-12.3976,-12.3976,-517.161,-517.161,436.52,436.52,0,-25.349,-183.676,-77.0065,217.52,217.52,-141.065,812.616,437.892,-146.043,-511.522,-511.522,109.681,109.681,-443.564,-443.564,42.6047,111.884,91.1036,661.405,184.98,184.98,-112.366,-112.366,-112.366,367.188,367.188,-441.099,3.5223e-10,3.5223e-10,169.782,-298.942,-298.942,395.717,-150.555,53.2944,0,212.911,166.664,-393.412,-300.028,-300.028,-53.9115,13.6958,-9.05217,-266.365,-266.365,75.3509,63.0637,63.0637,847.62,-155.547,-847.62,628.645,641.763,623.301,-871.354,336.3,-239.705,794.083,809.996,801.811,-619.665,-2.0659,-18.9735,427.559,1527.55,51.8295,1545.28,3886.24,2054.97,2054.97,169.934,-833.784,127.013,179.842,125.616,-90.2775,153.919,-128.016,-134.85,-137.38,169.066,166.722,169.71,-126.322,44.1482,44.1482,-122.794,357.982,357.982,-837.125,125.055,144.746,-125.27,128.718,352.961,648.259,648.259,289.005,575.77,628.022,1884.78,-610.654,360.06,-289.005,-4.62532,403.138,668.317,393.335,390.985,4.62532,-498.269,-541.585,134.394,113.306,154.887,64.9695,-21.3951,157.748,84.4924,84.4842,-43.0165,75.7683,-75.0457,-97.7784,53.5981,-486.623,-575.77,-528.596,-628.022,-86.0151,-86.0151,-63.6742,-168.515,34.4348,34.4348,141.326,141.326,-236.808,-236.808,46.6459,31.3347,6.01134,-188.654,873.637,-2495.91,-1918.9,4929.68,-6.01134,1030.57,-188.065,-241.447,112.422,112.422,49.7941,49.7941,152.245,268.955,-375.499,8.7522,19.9632,19.9632,65.249,165.67,-299.603,40.6825,12.453,12.453,25.9977,25.629,200.449,200.449,260.144,86.5211,192.606,-78.5571,109.426,-144.828,-144.828,78.3544,88.3639,0,92.8562,169.293,0,76.3094,-241.578,-241.578,-96.3308,-0.661496,-87.6345,-88.2895,-95.8206,-11.2835,0.271501,129.297,-23.8323,-497.116,-167.882,-71.0614,-71.0614,32.8114,150.888,150.888,5.44678,5.97502,-427.046,0,41.8791,41.8791,0,352.921,0,99.9222,0,-100.326,0,37.2508,-65.2587,-25.7344,-63.9102,-63.9102,0,-33.5866,-33.5866,-44.3987,0,0.423184,318.07,318.07,318.07,0.573552,0,0,0,20.1881,20.1881,20.1881,0,-30.2211,-10.7384,-10.7384,-7.22478,388.716,-8.02293,-8.02293,0.47411,5.8074,0.0609616,-28.7691,14.8019,14.6761,6.49407,0,-5.76545,0,-211.819,-211.819,-211.819,0,0,0,0,4.86145,481.411,82.5921,82.5921,-188.326,-364.956,-51.156,-74.2772,0,114.573,-191.49,-52.4576,-455.732,-407.319,-789.971,-487.253,32.7537,9.05217,266.056,266.056,540.622,139.144,78.7062,1111.45,1054.18,49.1568,71.0793,172.824,818.323,322.373,354.137,-281.77,210.985,2386.25,-3330.57,-1372.33,6797.24,420.331,-946.152,725.138,-20.1198,419.13,-123.238,218.311,59.0549,491.992,67.7827,293.564,-104.066,-104.066,97.3006,181.539,181.539,580.975,44.0121,0,236.554,-51.584,-387.987,0,0
2020-08-03 13:00:00 UTC,-179.117,-101.334,355.478,-66.9449,-66.9449,-53.0527,92.6567,157.915,-252.53,-252.53,472.016,153.544,-759.664,-56.661,57.2457,174,434.264,94.6578,-343.857,-51.6986,9.49409,-115.975,-115.975,-218.563,-304.477,-107.742,-16.754,10.0722,16.0723,144.929,-79.1095,-79.1095,-171.884,-96.0936,-96.0936,-245.69,110.324,138.279,-712.415,-712.415,150.474,361.038,338.08,172.788,182.579,-264.894,-897.231,-915.063,-906.351,8.67599,-85.114,-85.114,23.4283,-40.7181,-38.7608,8.49484,8.49484,-193.146,133.857,57.2622,175.593,-140.123,-75.6488,115.215,115.215,-9.84452,-26.8318,119.797,119.797,18.3312,298.767,-205.573,-107.884,-107.884,4.15932,4.15932,0.607905,0.925066,0.622795,-6.23651,-5.16507,11.3225,-1.16008,-1.18916,-0.723178,-3.6977,3.31331,64.5297,64.5297,5.21085,5.21085,6.10953,6.10953,-65.3506,-65.3506,-65.3506,25.7096,25.7096,7.63395,-23.9943,-13.1686,-13.1686,12.0501,12.0501,-63.0865,-13.925,-172.788,-7.20881,-7.20881,-135.405,-135.405,-135.405,432.168,-108.747,-108.747,-113.595,-113.595,-5.67185,34.2354,34.2354,-11.964,-11.964,-556.552,-556.552,472.519,472.519,0,-26.583,-197.966,-83.1631,235.295,235.295,-153.256,889.368,478.875,-158.066,-551.191,-551.191,118.382,118.382,-478.169,-478.169,45.3007,120.776,116.326,685.49,201.612,201.612,-122.065,-122.065,-122.065,404.058,404.058,-475.809,-2.13229e-09,-2.13229e-09,185.282,-326.332,-326.332,435.001,-164.836,58.2053,0,234.344,178.184,-429.957,-327.516,-327.516,-58.1765,15.3674,-10.6866,-291.023,-291.023,77.067,64.9779,64.9779,958.441,-174.583,-958.441,691.412,705.797,684.557,-965.702,374.705,-264.319,897.231,915.063,906.351,-659.319,-4.23084,-32.4607,463.233,1645.06,60.9782,1664.04,4202.34,2226.49,2226.49,178.849,-896.62,137.344,190.72,133.732,-95.5267,166.761,-136.248,-145.439,-147.896,182.447,179.959,183.142,-134.467,49.7029,49.7029,-130.731,384.383,384.383,-896.571,137.373,156.785,-133.329,137.226,375.987,709.118,709.118,309.286,614.702,670.386,1994.27,-643.25,396.616,-309.286,-6.17875,453.836,720.91,424.373,421.878,6.17875,-526.649,-572.18,142.095,119.717,163.301,69.5561,-24.7558,178.591,89.987,89.9788,-47.4294,89.1058,-80.0551,-104.261,53.4221,-513.417,-614.702,-557.422,-670.386,-88.6171,-88.6171,-66.5388,-174.76,34.4885,34.4885,145.288,145.288,-251.837,-251.837,66.3849,35.0714,6.71296,-196.681,896.446,-2668.46,-2031.05,5043.41,-6.71296,1098.83,-225.878,-258.355,136.833,136.833,64.487,64.487,144.96,280.521,-420.867,7.14836,25.0422,25.0422,92.1924,170.549,-232.122,61.295,16.1144,16.1144,33.346,32.8748,220.497,220.497,287.144,95.4554,215.728,-77.6612,145.115,-167.215,-167.215,91.1784,102.755,0,105.218,189.657,0,88.7555,-271.588,-271.588,-113.499,6.66824,-99.6952,-100.432,-109.993,-7.53105,4.47746,149.695,-26.4894,-522.915,-178.717,-75.6917,-75.6917,34.9468,165.716,165.716,6.36705,6.94357,-459.526,0,43.7528,43.7528,0,401.883,0,119.143,0,-112.91,0,37.5121,-73.8403,-28.5589,-70.5858,-70.5858,0,-36.7787,-36.7787,-47.4127,0,0.514312,361.106,361.106,361.106,0.67915,0,0,0,22.837,22.837,22.837,0,-32.9294,-11.7187,-11.7187,-8.31863,448.368,-8.56122,-8.56122,0.958775,6.69921,0.233742,-32.0462,16.2166,16.0787,7.17226,0,-5.67924,0,-220.889,-220.889,-220.889,0,0,0,0,7.02742,539.917,89.4427,89.4427,-190.422,-396.222,-49.681,-72.0605,0,129.296,-203.902,-55.6661,-464.016,-390.717,-821.146,-518.997,44.6182,10.6866,290.701,290.701,592.792,164.923,90.3518,1328.26,1141.27,52.4259,75.8316,184.316,892.863,338.062,377.136,-294.61,231.477,2585.56,-3409.97,-1410.35,6957.13,474.815,-945.36,721.253,-6.8228,458.882,-121.912,224.869,72.9759,444.307,75.0044,299.674,-113.243,-113.243,115.061,201.205,201.205,661.23,53.0527,0,264.437,-50.8139,-404.472,0,0
2020-08-03 14:00:00 UTC,-191.729,-106.858,366.19,-64.1362,-64.1362,-73.2477,94.3327,159.758,-262.728,-262.728,548.844,181.092,-854.111,-52.0717,69.5086,194.053,487.051,106.517,-387.76,-61.5543,-6.36295,-129.561,-129.561,-244.756,-338.385,-120.015,-18.196,11.9579,17.3533,164.275,-88.6756,-88.6756,-194.268,-109.447,-109.447,-276.677,129.319,161.903,-828.758,-828.758,175.622,415.812,383.022,194.769,210.081,-301.84,-1070.45,-1091.45,-1082.1,10.8796,-98.1188,-98.1188,26.5208,-47.3502,-50.5329,9.33771,9.33771,-222.992,149.077,66.0054,202.285,-162.88,-87.1683,132.635,132.635,-10.6256,-28.4488,128.919,128.919,20.2729,334.472,-230.596,-125.486,-125.486,4.20105,4.20105,0.719993,1.06409,0.893261,-7.11205,-5.31201,13.5377,-1.20388,-1.23063,-0.963882,-4.29081,3.59943,73.611,73.611,7.23418,7.23418,8.42197,8.42197,-74.5686,-74.5686,-74.5686,28.8896,28.8896,6.44646,-29.1529,-14.3161,-14.3161,13.925,13.925,-72.3338,-16.0451,-194.769,-8.65576,-8.65576,-151.269,-151.269,-151.269,487.337,-122.496,-122.496,-126.826,-126.826,-5.43403,38.5611,38.5611,-10.184,-10.184,-613.912,-613.912,524.435,524.435,0,-27.95,-218.348,-91.5275,260.64,260.64,-171.364,1006.95,541.521,-175.656,-609.472,-609.472,131.303,131.303,-529.186,-529.186,49.6331,133.437,163.877,703.95,226.614,226.614,-136.659,-136.659,-136.659,463.72,463.72,-527.109,2.82873e-10,2.82873e-10,208.962,-369.623,-369.623,496.226,-189.601,62.6331,0,267.771,191.609,-490.644,-371.393,-371.393,-65.0764,16.3744,-13.5513,-324.357,-324.357,76.3811,65.316,65.316,1144.53,-206.417,-1144.53,790.562,806.92,780.917,-1120.43,437.728,-302.871,1070.45,1091.45,1082.1,-712.646,-7.57263,-61.2235,512.659,1799.34,75.998,1821.73,4624.05,2455.35,2455.35,185.683,-990.956,155.12,200.624,144.544,-100.379,184.889,-146.724,-160.065,-162.368,199.832,197.182,200.596,-145.352,59.4807,59.4807,-141.342,419.698,419.698,-980.4,161.832,173.704,-144.075,149.309,405.434,802.679,802.679,333.966,663.092,723.023,2128.18,-674.071,443.479,-333.966,-7.53048,520.883,787.315,463.555,460.88,7.53048,-561.083,-609.251,151.75,127.835,174.03,75.4644,-28.5391,205.962,96.8271,96.8189,-52.7075,107.012,-86.3156,-112.331,54.169,-545.754,-663.092,-592.155,-723.023,-92.0296,-92.0296,-70.0145,-182.421,34.7202,34.7202,150.641,150.641,-270.36,-270.36,92.5024,39.9309,8.54086,-206.872,930.374,-2882.2,-2168,5182.39,-8.54086,1197.71,-274.279,-278.793,168.153,168.153,88.789,88.789,135.157,296.236,-478.217,5.05978,32.2242,32.2242,128.234,174.518,-144.422,88.0484,21.6955,21.6955,44.2013,43.5791,246.625,246.625,323.262,107.642,249.063,-63.2031,203.523,-192.832,-192.832,106.602,120.191,0,114.281,205.255,0,103.544,-293.357,-293.357,-136.296,24.7053,-114.472,-115.306,-126.961,-0.264832,11.3057,175.414,-28.5775,-546.124,-190.529,-81.4586,-81.4586,35.6602,179.482,179.482,7.73806,8.3633,-483.836,0,39.2427,39.2427,0,470.958,0,144.632,0,-127.301,0,37.8751,-79.1201,-31.7731,-78.6137,-78.6137,0,-40.1903,-40.1903,-51.0692,0,0.721499,434.583,434.583,434.583,0.845641,0,0,0,28.1241,28.1241,28.1241,0,-35.315,-12.1088,-12.1088,-8.4021,518.188,-8.60179,-8.60179,2.28096,8.68956,1.01837,-37.1566,18.2988,18.1438,8.30272,0,-4.96671,0,-230.498,-230.498,-230.498,0,0,0,0,10.598,620.343,98.5992,98.5992,-183.993,-443.377,-43.368,-62.7454,0,155.554,-219.439,-59.8073,-461.284,-350.317,-852.963,-561.761,62.3184,13.5513,323.9,323.9,663.59,207.306,105.569,1623.84,1251.62,56.4924,81.7591,198.647,981.278,357.612,404.249,-310.526,256.564,2823.32,-3480.33,-1444.12,7151.92,547.265,-940.404,718.055,11.0833,509.441,-117.983,230.025,91.0468,381.34,85.309,307.817,-125.157,-125.157,139.587,215.775,215.775,753.9,73.2477,0,286.292,-50.2318,-420.304,0,0
2020-08-03 15:00:00 UTC,-200.582,-109.589,354.783,-56.2081,-56.2081,-100.248,87.5794,148.174,-262.078,-262.078,618.4,210.898,-938.901,-48.94,84.1724,206.673,541.399,118.756,-426.852,-71.1434,-27.1187,-143.58,-143.58,-264.742,-362.786,-128.729,-19.3291,13.4803,17.3645,179.712,-97.0255,-97.0255,-216.906,-124.341,-124.341,-305.983,153.791,192.277,-965.225,-965.225,207.084,472.777,424.507,214.851,242.491,-343.506,-1283.13,-1307.95,-1298.17,14.4476,-112.77,-112.77,29.7972,-55.6981,-70.1279,9.53481,9.53481,-258.879,160.903,76.1537,233.543,-190.626,-100.909,153.038,153.038,-10.5712,-27.5219,134.19,134.19,20.638,365.548,-255.022,-138.825,-138.825,3.18498,3.18498,0.733522,1.06806,1.21625,-8.11544,-4.86906,16.5473,-1.25599,-1.28001,-1.40951,-5.1199,3.64564,82.3614,82.3614,10.8358,10.8358,12.5174,12.5174,-83.806,-83.806,-83.806,31.0846,31.0846,3.34728,-36.2512,-15.0331,-15.0331,16.0388,16.0388,-82.1491,-18.5468,-214.851,-10.952,-10.952,-169.856,-169.856,-169.856,552.208,-139.046,-139.046,-142.847,-142.847,-4.64726,44.5083,44.5083,-7.43066,-7.43066,-680.346,-680.346,584.254,584.254,0,-29.66,-241.437,-99.6407,289.203,289.203,-191.61,1146.53,615.669,-195.375,-677.241,-677.241,147.477,147.477,-589.318,-589.318,55.1161,147.777,227.742,708.223,255.292,255.292,-152.821,-152.821,-152.821,535.717,535.717,-587.527,-1.91617e-09,-1.91617e-09,235.078,-419.771,-419.771,565.834,-219.729,64.7835,0,305.932,201.294,-563.279,-422.96,-422.96,-75.9594,13.7725,-18.2167,-359.793,-359.793,70.775,61.8656,61.8656,1373.64,-244.039,-1373.64,902.646,921.199,889.154,-1301,513.89,-346.477,1283.13,1307.95,1298.17,-760.804,-8.26533,-95.3853,569.82,1964.21,95.1228,1989.83,5077.79,2701.07,2701.07,187.301,-1100.26,183.356,206.575,155.925,-102.561,205.651,-156.435,-176.191,-178.249,217.749,214.976,218.586,-156.817,72.6928,72.6928,-152.508,456.039,456.039,-1074.26,201.003,191.892,-155.324,163.092,434.778,917.507,917.507,357.07,711.011,775.128,2258.15,-696.586,489.188,-357.07,-7.61895,588.304,854.891,503.42,500.568,7.61895,-594.265,-644.92,161.711,136.312,185.066,81.6002,-31.8466,232.486,103.821,103.813,-57.8063,124.865,-92.7479,-120.553,55.6265,-576.721,-711.011,-625.353,-775.128,-95.6839,-95.6839,-73.4226,-190.469,35.1418,35.1418,156.599,156.599,-288.751,-288.751,116.86,44.5836,10.8316,-217.263,970.069,-3098.57,-2301.86,5330.1,-10.8316,1297.77,-320.711,-297.923,198.117,198.117,115.593,115.593,125.838,311.68,-532.201,3.50971,39.5643,39.5643,162.622,177.996,-61.6896,112.675,27.5869,27.5869,55.2958,54.5198,272.567,272.567,359.425,119.582,284.362,-39.8786,267.269,-214.686,-214.686,120.568,136.086,0,117.426,211.959,0,116.842,-301.78,-301.78,-158.559,49.5903,-128.371,-129.293,-142.218,8.11548,18.5007,198.684,-29.3485,-563.923,-198.075,-87.1498,-87.1498,31.4418,188.161,188.161,9.35249,10.0192,-495.966,0,29.3572,29.3572,0,537.064,0,161.035,0,-137.677,0,38.1974,-77.3308,-34.1298,-84.8861,-84.8861,0,-42.4566,-42.4566,-54.0682,0,1.07518,526.318,526.318,526.318,1.02857,0,0,0,35.6227,35.6227,35.6227,0,-35.5905,-11.0581,-11.0581,-6.36995,579.643,-7.60041,-7.60041,4.58013,11.5936,2.59942,-43.2303,20.4491,20.278,10.0391,0,-2.60979,0,-237.087,-237.087,-237.087,0,0,0,0,16.5805,707.576,107.933,107.933,-161.523,-493.977,-30.7108,-44.1492,0,191.698,-234.726,-63.5412,-435.92,-282.65,-874.345,-607.587,83.852,18.2167,358.993,358.993,741.441,263.693,120.242,1953.22,1366.32,60.6242,87.817,213.301,1064.91,377.958,432.218,-326.48,282.812,3058.68,-3540.15,-1473.21,7358.7,620.497,-934.501,715.116,26.9443,559.496,-113.481,234.907,108.311,322.161,97.0087,316.068,-137.172,-137.172,165.678,221.833,221.833,834.082,100.248,0,294.098,-48.2088,-428.681,0,0
2020-08-03 16:00:00 UTC,-207.485,-111.49,342.223,-48.1971,-48.1971,-127.239,80.787,136.553,-260.249,-260.249,674.195,237.33,-1007.01,-48.5014,97.6127,213.742,589.274,129.561,-457.158,-78.9909,-46.4001,-155.619,-155.619,-278.523,-376.652,-133.669,-20.1678,14.6353,15.7643,191.178,-103.676,-103.676,-236.587,-137.949,-137.949,-329.923,178.762,223.203,-1098.63,-1098.63,239.022,524.643,458.559,231.168,274.525,-383.231,-1500.06,-1528.71,-1518.8,18.4031,-126.762,-126.762,32.5013,-64.0988,-92.9544,9.13955,9.13955,-293.807,168.419,86.4323,261.201,-218.207,-114.218,169.688,169.688,-9.85441,-24.6424,135.872,135.872,19.7043,389.559,-277.97,-152.383,-152.383,1.40999,1.40999,0.677369,0.980081,1.54007,-9.09097,-4.11393,19.8252,-1.33391,-1.35378,-1.99978,-6.05679,3.53729,90.097,90.097,15.1265,15.1265,17.3892,17.3892,-92.0072,-92.0072,-92.0072,32.343,32.343,-0.909828,-44.058,-15.3614,-15.3614,18.1632,18.1632,-91.5385,-21.0539,-231.168,-13.3157,-13.3157,-187.309,-187.309,-187.309,614.145,-154.621,-154.621,-158.071,-158.071,-3.75298,50.4307,50.4307,-4.38379,-4.38379,-741.495,-741.495,640.015,640.015,0,-31.1939,-262.738,-106.619,315.526,315.526,-210.387,1280.96,686.874,-213.803,-739.788,-739.788,163.051,163.051,-645.187,-645.187,60.2751,161.021,295.87,699.488,282.496,282.496,-167.978,-167.978,-167.978,606.44,606.44,-643.589,-7.2058e-10,-7.2058e-10,259.916,-467.39,-467.39,632.553,-249.254,64.7684,0,342.056,206.344,-632.901,-472.098,-472.098,-87.2057,10.0116,-22.1186,-392.179,-392.179,60.8076,54.9087,54.9087,1607.92,-280.054,-1607.92,1007.28,1027.85,989.418,-1473.36,590.545,-387.368,1500.06,1528.71,1518.8,-793.416,-4.64566,-127.438,624.848,2111.17,114.515,2139.19,5481.95,2919.89,2919.89,185.865,-1199.35,211.568,209.292,164.693,-104.995,224.606,-164.365,-190.688,-192.47,233.404,230.54,234.305,-166.7,86.153,86.153,-162.124,488.864,488.864,-1157.97,241.556,208.292,-164.978,174.48,459.185,1029.37,1029.37,376.809,750.666,818.225,2362.52,-709.769,532.171,-376.809,-7.89642,653.975,910.628,536.293,533.301,7.89642,-621.133,-673.756,169.423,142.945,193.839,86.5843,-34.6459,258.159,109.37,109.362,-62.127,142.901,-97.8691,-127.062,56.9072,-601.668,-750.666,-652.046,-818.225,-98.3006,-98.3006,-76.1915,-196.129,35.335,35.335,160.726,160.726,-303.503,-303.503,142.479,48.7691,13.0408,-225.354,999.242,-3272.27,-2408.68,5429.15,-13.0408,1391.82,-364.555,-314.721,226.311,226.311,142.222,142.222,115.714,327.068,-585.802,1.67238,47.6388,47.6388,197.856,181.046,22.8265,136.807,33.6069,33.6069,66.3696,65.441,296.786,296.786,393.365,130.441,318.381,-16.2019,330.998,-236.21,-236.21,134.276,151.694,0,120.233,217.965,0,129.901,-309.164,-309.164,-180.555,74.2604,-142.247,-143.256,-157.158,16.3119,25.4849,221.951,-30.0985,-575.323,-202.85,-91.8352,-91.8352,26.199,194.728,194.728,10.8405,11.5399,-501.52,0,19.3182,19.3182,0,591.276,0,168.905,0,-143.615,0,38.4535,-71.3096,-35.3621,-89.465,-89.465,0,-43.6095,-43.6095,-56.8192,0,1.51109,620.987,620.987,620.987,1.20391,0,0,0,43.8362,43.8362,43.8362,0,-34.1573,-8.9192,-8.9192,-2.81999,640.323,-5.84541,-5.84541,7.28292,15.2141,4.53713,-49.4471,22.5062,22.3207,11.7403,0,0.0688316,0,-239.657,-239.657,-239.657,0,0,0,0,20.2215,789.285,116.44,116.44,-125.037,-538.773,-13.652,-19.1221,0,232.909,-246.133,-66.1937,-391.476,-200.644,-882.325,-646.386,104.729,22.1186,391,391,812.079,323.088,134.679,2253.5,1459.95,63.8888,92.6229,224.931,1127.31,393.214,451.964,-338.86,300.096,3241.25,-3569.88,-1487.88,7497.04,692.242,-925.89,711.141,44.7389,608.212,-108.33,238.851,124.56,262.629,110.607,325.416,-148.01,-148.01,191.888,227.135,227.135,914.609,127.239,0,301.501,-45.5429,-428.59,0,0
2020-08-03 17:00:00 UTC,-212.667,-112.279,328.468,-39.3413,-39.3413,-154.412,74.2117,125.253,-253.438,-253.438,725.385,262.535,-1068,-46.8547,110.653,219.235,632.996,139.448,-484.241,-86.4032,-64.9569,-167.187,-167.187,-290.076,-384.972,-136.792,-20.9247,15.6998,12.8823,201.535,-109.649,-109.649,-254.038,-149.982,-149.982,-351.675,204.165,254.595,-1230.15,-1230.15,271.842,573.908,489.531,245.902,307.373,-423.51,-1721.69,-1754.2,-1744.45,22.3317,-140.446,-140.446,35.1592,-72.3467,-115.475,8.69609,8.69609,-327.122,175.984,97.1368,287.925,-244.773,-126.684,184.915,184.915,-9.02862,-21.342,136.24,136.24,18.4855,410.728,-300.041,-166.12,-166.12,-0.519192,-0.519192,0.620618,0.883597,1.85997,-10.0492,-3.34957,23.0532,-1.42346,-1.43851,-2.62035,-6.99486,3.35614,97.763,97.763,19.4026,19.4026,22.239,22.239,-99.9694,-99.9694,-99.9694,33.0974,33.0974,-5.33087,-51.7853,-15.6008,-15.6008,20.2482,20.2482,-101.367,-23.4734,-245.902,-15.423,-15.423,-203.555,-203.555,-203.555,673.286,-168.813,-168.813,-172.22,-172.22,-3.03167,55.8796,55.8796,-1.55797,-1.55797,-797.47,-797.47,692.712,692.712,0,-32.5904,-282.824,-113.488,340.415,340.415,-228.199,1410.31,755.205,-231.57,-797.002,-797.002,177.544,177.544,-696.367,-696.367,65.0845,173.451,366.745,683.156,308.702,308.702,-182.839,-182.839,-182.839,676.04,676.04,-694.815,-1.91379e-09,-1.91379e-09,284.695,-513.131,-513.131,697.462,-278.508,62.0494,0,375.933,208.054,-699.629,-519.114,-519.114,-96.8709,7.36874,-26.5053,-423.159,-423.159,47.0732,45.0317,45.0317,1847.97,-314.008,-1847.97,1105.32,1127.74,1082.58,-1637.16,667.163,-426.863,1721.69,1754.19,1744.45,-812.701,3.51508,-155.945,679.193,2247.88,133.9,2277.37,5857.89,3123.38,3123.38,183.325,-1287.66,236.002,210.353,172.42,-106.727,242.217,-171.569,-204.145,-205.621,247.683,244.747,248.644,-175.53,98.9226,98.9226,-170.724,519.415,519.415,-1232.38,278.676,224.016,-173.59,184.859,480.787,1136.81,1136.81,394.203,785.595,856.173,2452,-719.596,573.175,-394.203,-7.90924,718.62,960.009,565.411,562.298,7.90924,-644.33,-698.619,175.918,148.618,201.636,91.0268,-37.0067,283.199,114.138,114.129,-65.9694,161.192,-102.285,-132.606,58.4278,-623.101,-785.595,-674.943,-856.173,-100.532,-100.532,-78.6249,-200.97,35.4451,35.4451,164.167,164.167,-316.308,-316.308,168.194,52.7113,14.8367,-232.396,1024.52,-3424.2,-2500.43,5517.44,-14.8367,1483.97,-406.992,-329.788,253.615,253.615,169.255,169.255,105.363,342.589,-638.094,-0.238446,56.1411,56.1411,233.767,183.393,108.052,160.658,39.8891,39.8891,77.8066,76.7209,319.841,319.841,425.922,140.599,351.903,7.96986,394.713,-257.199,-257.199,147.781,167.071,0,122.711,223.316,0,142.694,-315.333,-315.333,-202.354,98.1446,-156.139,-157.234,-171.876,24.3817,32.2903,245.151,-30.9,-585.197,-207.858,-96.0408,-96.0408,22.3167,199.058,199.058,12.1053,12.8232,-496.283,0,8.64587,8.64587,0,639.419,0,176.408,0,-147.389,0,38.6969,-65.2176,-35.8477,-93.5417,-93.5417,0,-44.2053,-44.2053,-59.8283,0,2.0097,718.264,718.264,718.264,1.38917,0,0,0,52.4529,52.4529,52.4529,0,-32.3661,-6.53488,-6.53488,1.03838,700.873,-3.92917,-3.92917,9.95142,18.9948,6.51998,-54.8579,24.5327,24.3333,13.1406,0,2.22901,0,-239.421,-239.421,-239.421,0,0,0,0,25.471,869.935,124.277,124.277,-79.2524,-579.026,7.18464,11.4262,0,274.548,-253.573,-68.0208,-332.054,-107.932,-880.958,-681.451,125.508,26.5053,421.645,421.645,878.13,384.169,148.981,2540.86,1540.64,66.6569,96.7323,234.891,1172.87,406.377,467.458,-349.752,315.632,3393.44,-3600.28,-1503.08,7620.58,763.216,-912.207,707.431,63.3966,655.618,-102.521,240.981,140.413,202.696,125.574,334.994,-158.341,-158.341,218.316,232.293,232.293,995.136,154.412,0,309.389,-42.0439,-422.497,0,0
2020-08-03 18:00:00 UTC,-215.64,-111.816,308.746,-29.3677,-29.3677,-180.893,65.9758,111.197,-240.571,-240.571,766.309,285.865,-1117.05,-46.1827,123.366,220.83,672.833,148.472,-506.043,-92.6806,-81.4807,-178.557,-178.557,-300.989,-390.653,-139.08,-21.6729,16.7718,9.15094,211.833,-115.139,-115.139,-268.558,-159.512,-159.512,-370.493,226.215,281.79,-1343.64,-1343.64,300.75,615.843,514.82,257.856,336.502,-459.527,-1918.99,-1954.87,-1945.5,25.6905,-152.157,-152.157,37.2372,-79.39,-135.253,8.19847,8.19847,-354.875,181.784,106.535,308.788,-267.258,-136.947,195.688,195.688,-8.20737,-18.104,135.64,135.64,17.1897,427.481,-317.426,-175.342,-175.342,-2.3374,-2.3374,0.566421,0.789274,2.13807,-10.8766,-2.63557,25.8556,-1.49182,-1.50322,-3.1696,-7.80619,3.15121,104.381,104.381,23.1798,23.1798,26.5197,26.5197,-106.747,-106.747,-106.747,33.4411,33.4411,-9.36356,-58.5219,-15.75,-15.75,22.0282,22.0282,-110.179,-25.5294,-257.856,-17.0337,-17.0337,-216.691,-216.691,-216.691,722.204,-180.099,-180.099,-183.505,-183.505,-2.52511,60.1214,60.1214,1.09985,1.09985,-841.386,-841.386,735.065,735.065,0,-33.4274,-298.873,-119.052,360.45,360.45,-242.937,1517.97,811.949,-246.303,-842.032,-842.032,189.121,189.121,-736.587,-736.587,69.1925,183.447,431.101,661.133,330.612,330.612,-195.375,-195.375,-195.375,735.745,735.745,-735.057,1.56658e-09,1.56658e-09,305.896,-551.254,-551.254,752.496,-303.669,57.956,0,403.966,206.31,-755.594,-558.114,-558.114,-104.637,4.97,-30.1137,-448.038,-448.038,32.0115,33.9811,33.9811,2062.22,-342.49,-2062.22,1186.07,1209.98,1158.7,-1774.5,734.279,-460.206,1918.99,1954.87,1945.5,-818.532,14.2796,-179.181,724.107,2351.58,150.475,2382.41,6143.55,3277.48,3277.48,178.984,-1356.5,254.945,208.682,179.065,-105.402,255.942,-177.012,-214.603,-215.81,258.275,255.296,259.28,-182.161,109.878,109.878,-177.187,542.831,542.831,-1289.48,309.513,236.678,-180.047,193.553,496.224,1226.22,1226.22,406.551,809.459,882.092,2509.72,-721.209,605.783,-406.551,-8.01998,771.521,993.492,585.148,581.958,8.01998,-659.957,-715.351,179.915,152.185,206.753,93.9973,-38.4985,303.458,117.146,117.138,-68.5126,176.856,-105.077,-136.088,59.5637,-637.491,-809.459,-690.295,-882.092,-101.85,-101.85,-80.2887,-203.723,35.3571,35.3571,165.982,165.982,-324.529,-324.529,190.302,55.7389,16.1581,-236.895,1038.43,-3525.01,-2560.56,5562.83,-16.1581,1558.18,-440.139,-340.899,274.888,274.888,192.884,192.884,96.1803,355.461,-681.212,-2.18206,63.7207,63.7207,264.5,185.02,181.029,180.311,45.2095,45.2095,87.4393,86.2218,337.958,337.958,451.826,148.606,379.694,32.9295,450.479,-272.475,-272.475,157.964,178.732,0,121.699,222.732,0,152.485,-314.026,-314.026,-219.913,120.971,-167.292,-168.455,-182.791,31.3307,37.8329,264.12,-31.2749,-588.724,-211.231,-98.9566,-98.9566,19.4841,200.584,200.584,13.2352,13.9611,-482.625,0,-3.0275,-3.0275,0,677.072,0,178.843,0,-150.164,0,38.9511,-59.0374,-35.9375,-97.5411,-97.5411,0,-44.512,-44.512,-63.101,0,2.47517,805.344,805.344,805.344,1.55822,0,0,0,59.9257,59.9257,59.9257,0,-30.494,-4.23727,-4.23727,4.6748,745.872,-2.1148,-2.1148,12.2919,22.1878,8.29836,-59.1861,26.3092,26.0977,14.097,0,3.7459,0,-236.765,-236.765,-236.765,0,0,0,0,29.6983,936.386,130.142,130.142,-30.9943,-610.366,28.5657,42.7551,0,312.12,-257.431,-68.9171,-267.433,-21.3386,-871.805,-708.012,142.403,30.1137,446.284,446.284,928.863,437.197,160.917,2762.99,1594.33,68.3907,99.3186,241.165,1197.88,414.864,475.51,-356.836,325.182,3481.18,-3612.32,-1509.29,7684.03,821.549,-901.811,703.387,80.927,693.229,-97.1767,241.665,152.699,152.166,138.973,342.717,-166.508,-166.508,240.235,231.637,231.637,1056.83,180.893,0,313.038,-38.9756,-411.412,0,0
2020-08-03 19:00:00 UTC,-215.912,-110.066,283.488,-19.773,-19.773,-202.926,56.1312,94.9019,-225.144,-225.144,792.735,303.198,-1148.41,-44.5263,133.316,219.667,700.325,154.709,-520.516,-97.232,-94.6879,-187.202,-187.202,-307.716,-390.11,-139.115,-22.2078,17.5552,4.78001,219.119,-118.915,-118.915,-278.024,-165.546,-165.546,-383.664,243.796,303.438,-1431.95,-1431.95,323.966,647.19,531.652,265.777,359.85,-488.436,-2076.43,-2114.98,-2106.04,28.4041,-161.186,-161.186,38.548,-84.9101,-151.843,7.59495,7.59495,-376.126,184.733,113.951,323.539,-284.808,-144.762,202.493,202.493,-7.3011,-14.7569,133.966,133.966,15.684,437.711,-329.515,-180.983,-180.983,-4.06964,-4.06964,0.502256,0.682221,2.35911,-11.523,-1.93732,28.1204,-1.53503,-1.54419,-3.63575,-8.46097,2.90294,109.316,109.316,26.4015,26.4015,30.1665,30.1665,-111.754,-111.754,-111.754,33.1821,33.1821,-12.9839,-64.0123,-15.7279,-15.7279,23.3891,23.3891,-117.297,-27.1075,-265.777,-18.1125,-18.1125,-226.432,-226.432,-226.432,759.148,-187.838,-187.838,-192.055,-192.055,-2.18112,63.6322,63.6322,2.94793,2.94793,-874.261,-874.261,766.782,766.782,0,-34.31,-311.127,-122.978,375.228,375.228,-253.765,1599.55,854.864,-257.931,-875.656,-875.656,198.347,198.347,-766.862,-766.862,72.3236,190.797,483.179,639.248,347.452,347.452,-204.969,-204.969,-204.969,781.984,781.984,-764.988,5.74535e-10,5.74535e-10,322.432,-580.344,-580.344,795.008,-323.144,53.8413,0,425.147,203.01,-798.068,-587.778,-587.778,-110.575,2.8413,-32.8756,-465.467,-465.467,18.2228,23.7273,23.7273,2233.78,-364.137,-2233.78,1246.55,1271.57,1215.31,-1878.92,787.529,-485.724,2076.43,2114.98,2106.04,-816.3,25.1773,-196.03,758.63,2424.79,163.318,2456.03,6344.49,3385.45,3385.45,174.247,-1406.2,268.694,205.729,183.538,-104.41,265.78,-180.67,-222.044,-223.038,265.474,262.476,266.51,-186.746,118.367,118.367,-181.655,559.816,559.816,-1329.89,333.434,245.923,-184.499,199.614,506.839,1294.81,1294.81,414.41,824.756,898.704,2545.88,-718.69,628.06,-414.41,-7.94355,808.318,1015.14,597.905,594.668,7.94355,-669.86,-725.947,182.482,154.552,210.261,95.9972,-39.147,316.761,119.065,119.057,-70.0094,187.622,-106.864,-138.272,60.2132,-646.583,-824.756,-699.987,-898.704,-102.872,-102.872,-81.5633,-206.263,35.3243,35.3243,167.421,167.421,-329.594,-329.594,204.568,57.796,17.1105,-239.924,1048.83,-3589.33,-2598.61,5598.07,-17.1105,1609.27,-462.258,-348.249,289.097,289.097,210.471,210.471,89.4878,364.475,-709.585,-3.99534,69.1466,69.1466,284.459,186.507,226.901,192.176,49.4033,49.4033,94.6981,93.3815,350.593,350.593,470.045,154.184,399.925,53.572,492.828,-282.897,-282.897,165.152,187.003,0,119.375,220.049,0,159.622,-310.555,-310.555,-232.727,139.852,-175.3,-176.51,-190.317,36.879,42.0496,275.343,-30.6788,-588.845,-213.422,-100.83,-100.83,17.6838,198.947,198.947,14.1802,14.9093,-467.327,0,-13.4852,-13.4852,0,699.763,0,179.427,0,-150.197,0,39.1367,-51.31,-35.3818,-100.333,-100.333,0,-44.2344,-44.2344,-66.1334,0,2.87238,875.276,875.276,875.276,1.69004,0,0,0,65.9147,65.9147,65.9147,0,-28.3406,-1.96486,-1.96486,8.13928,775.843,-0.378626,-0.378626,14.2685,24.6774,9.85262,-62.2695,27.7054,27.4849,14.6015,-2.2819e-09,4.77588,0,-233.246,-233.246,-233.246,0,0,0,0,32.8715,983.121,134.314,134.314,12.6852,-632.659,47.4361,70.3951,0,343.152,-258.998,-69.2089,-208.806,50.3229,-860.401,-726.582,154.876,32.8756,463.551,463.551,964.588,479.377,168.985,2919.97,1628.99,69.4687,100.95,245.136,1207.57,421.938,481.548,-362.425,333.697,3529.36,-3623.62,-1515.21,7733.5,862.233,-897.6,699.817,94.8224,715.481,-93.6167,241.485,160.435,120.25,147.491,347.816,-172.113,-172.113,256.274,228.67,228.67,1100.02,202.926,0,305.887,-36.48,-399.314,0,0
2020-08-03 20:00:00 UTC,-213.886,-107.29,248.983,-10.6617,-10.6617,-219.681,43.3327,73.8494,-207.571,-207.571,805.563,315.375,-1164.07,-42.7012,141.002,215.901,718.095,158.743,-528.613,-100.136,-104.343,-193.651,-193.651,-311.47,-385.543,-137.695,-22.5837,18.1169,0.190807,224.135,-121.348,-121.348,-283.356,-168.649,-168.649,-392.161,256.056,318.516,-1491.95,-1491.95,340.462,667.492,540.758,270.057,376.775,-510.253,-2185.3,-2225.67,-2217.12,30.2659,-167.306,-167.306,39.1523,-88.6646,-163.956,7.03095,7.03095,-390.391,185.521,118.973,332.242,-296.851,-150.022,205.837,205.837,-6.47462,-11.8203,131.98,131.98,14.2786,442.387,-336.169,-183.984,-183.984,-5.49392,-5.49392,0.444452,0.583142,2.51358,-11.9678,-1.32568,29.68,-1.53425,-1.54362,-3.95532,-8.89549,2.63623,112.532,112.532,28.8026,28.8026,32.8792,32.8792,-114.975,-114.975,-114.975,32.436,32.436,-15.7989,-67.8329,-15.6114,-15.6114,24.24,24.24,-122.552,-28.1185,-270.057,-18.6536,-18.6536,-232.611,-232.611,-232.611,783.044,-192.375,-192.375,-197.442,-197.442,-2.03525,65.8336,65.8336,3.94004,3.94004,-894.849,-894.849,787.049,787.049,0,-34.9532,-319.051,-125.633,384.682,384.682,-260.643,1652.94,882.92,-265.647,-896.634,-896.634,204.213,204.213,-785.769,-785.769,74.4121,195.449,520.173,621.501,358.626,358.626,-211.669,-211.669,-211.669,814.033,814.033,-783.532,-2.97831e-09,-2.97831e-09,333.87,-599.908,-599.908,823.595,-337.285,49.1149,0,438.876,198.947,-827.737,-607.624,-607.624,-113.795,1.91919,-34.4704,-475.724,-475.724,7.54531,15.7559,15.7559,2352.49,-378.699,-2352.49,1286.68,1312.42,1252.71,-1949.43,824.074,-502.687,2185.3,2225.67,2217.12,-811.101,34.1063,-207.672,780.48,2466.45,171.877,2498.3,6458.78,3446.35,3446.35,169.495,-1438.18,277.858,202.01,186.219,-102.816,271.793,-182.644,-226.524,-227.383,269.369,266.368,270.422,-189.45,124.357,124.357,-184.289,570.008,570.008,-1354.92,350.483,251.967,-187.118,203.422,512.382,1340.53,1340.53,418.242,831.689,906.234,2560.38,-712.312,640.207,-418.242,-8.08243,828.594,1025.05,603.742,600.485,8.08243,-674.297,-730.694,183.567,155.593,211.67,96.8309,-39.3821,322.966,119.9,119.892,-70.6816,193.956,-107.643,-139.211,60.1851,-650.645,-831.689,-704.315,-906.234,-103.227,-103.227,-82.2444,-207.396,35.3635,35.3635,167.961,167.961,-331.593,-331.593,211.441,58.6589,17.5493,-241.14,1053.72,-3618.73,-2615,5615.63,-17.5493,1635.29,-473.506,-351.851,296.03,296.03,221.175,221.175,85.1031,369.528,-724.132,-4.6654,72.891,72.891,290.576,188.562,238.471,193.196,52.7296,52.7296,99.7267,98.3414,357.483,357.483,480.202,157.347,411.803,67.4711,520.123,-289.501,-289.501,170.042,192.655,0,116.932,217.811,0,164.196,-307.307,-307.307,-241.161,153.742,-180.23,-181.466,-195.497,41.2201,45.2191,275.402,-28.9157,-585.068,-213.869,-101.645,-101.645,16.2864,194.712,194.712,15.1124,15.8464,-454.117,0,-23.2423,-23.2423,0,707.996,0,177.467,0,-148.458,0,39.2665,-43.1064,-34.4224,-102.232,-102.232,0,-43.6071,-43.6071,-68.9063,0,3.15365,923.94,923.94,923.94,1.7796,0,0,0,69.8332,69.8332,69.8332,0,-26.3292,-0.0290001,-0.0290001,10.9878,792.138,1.0545,1.0545,15.7236,26.0431,11.0636,-63.7976,28.6767,28.4501,14.7318,0,5.21265,0,-230.073,-230.073,-230.073,0,0,0,0,34.3268,1011.09,136.513,136.513,45.7224,-646.978,61.678,91.2469,0,364.854,-258.621,-69.1696,-164.214,99.4249,-850.19,-737.322,162.392,34.4704,473.719,473.719,984.891,507.282,173.682,3008.89,1645.98,69.9291,101.654,246.854,1210.38,425.293,485.143,-364.931,333.825,3546.69,-3630.21,-1518.42,7758.01,884.686,-901.822,696.338,100.656,728.335,-92.5739,242.58,163.191,113.09,152.048,350.639,-175.356,-175.356,265.796,225.715,225.715,1128.54,219.681,0,286.631,-35.1293,-388.67,0,0
2020-08-03 21:00:00 UTC,-214.614,-106.72,232.444,-6.78004,-6.78004,-231.726,36.7069,62.6873,-198.916,-198.916,822.058,324.26,-1182.58,-39.4694,145.79,217.527,730.915,161.656,-537.419,-102.854,-110.512,-198.47,-198.47,-316.459,-383.988,-137.392,-22.9952,18.7314,-3.53836,229.796,-123.86,-123.86,-287.955,-170.919,-170.919,-400.076,263.83,328.069,-1530.7,-1530.7,351.709,681.689,550.285,274.539,389.451,-527.696,-2255.81,-2297.36,-2289.1,30.9205,-171.461,-171.461,40.0481,-90.7369,-167.674,7.2373,7.2373,-398.482,190.897,122.708,339.084,-303.472,-152.877,208.679,208.679,-6.50784,-11.4762,132.302,132.302,14.3238,449.063,-341.278,-185.547,-185.547,-5.79141,-5.79141,0.480434,0.600252,2.60521,-12.2578,-1.24402,30.2718,-1.52375,-1.53378,-4.03788,-9.04616,2.48305,115.427,115.427,29.5945,29.5945,33.7653,33.7653,-117.747,-117.747,-117.747,32.0192,32.0192,-16.5209,-69.27,-15.7954,-15.7954,24.6658,24.6658,-127.026,-28.5926,-274.539,-18.742,-18.742,-236.563,-236.563,-236.563,798.879,-194.65,-194.65,-200.89,-200.89,-2.11066,67.2244,67.2244,4.00372,4.00372,-908.494,-908.494,801.138,801.138,0,-35.6645,-324.774,-127.83,391.331,391.331,-265.18,1688.44,901.555,-271.338,-910.295,-910.295,208.165,208.165,-798.086,-798.086,75.7448,198.638,544.715,610.956,366.451,366.451,-216.593,-216.593,-216.593,835.696,835.696,-795.343,-5.73046e-10,-5.73046e-10,341.946,-612.792,-612.792,842.546,-346.938,44.9897,0,447.38,195.614,-847.54,-620.556,-620.556,-114.958,2.4409,-36.1602,-483.73,-483.73,0.130624,10.2613,10.2613,2430.1,-387.914,-2430.1,1312.2,1338.37,1276.47,-1994.39,848.146,-513.781,2255.81,2297.36,2289.1,-806.466,40.6537,-213.705,796.183,2498.02,177.759,2529.87,6545.52,3492.68,3492.68,166.832,-1459.02,283.382,200.046,188.899,-100.283,276.101,-184.211,-229.771,-230.528,272.329,269.326,273.396,-191.39,128.216,128.216,-186.19,576.87,576.87,-1371.92,360.791,256.493,-189.009,206.858,516.472,1371.63,1371.63,421.167,837.278,912.311,2571.74,-710.353,650.2,-421.167,-8.14387,845.357,1033.39,608.653,605.38,8.14387,-677.78,-734.422,184.419,156.424,212.729,97.4642,-39.649,328.274,120.596,120.588,-71.3233,199.097,-108.293,-139.982,59.5342,-653.812,-837.278,-707.69,-912.311,-103.396,-103.396,-82.9058,-208.461,35.1775,35.1775,168.015,168.015,-333.195,-333.195,217.47,59.4047,17.8844,-241.948,1051.86,-3643.76,-2628.27,5610.87,-17.8844,1654.85,-482.318,-354.902,301.63,301.63,228.975,228.975,81.5958,373.394,-737.906,-5.24176,75.65,75.65,297.876,191.437,254.145,196.552,54.7976,54.7976,103.11,101.679,363.02,363.02,488.094,159.641,420.827,77.7893,538.896,-293.346,-293.346,173.001,196.088,0,114.764,215.14,0,167.127,-303.983,-303.983,-246.656,163.144,-183.747,-185.003,-198.537,43.712,46.9667,278.207,-28.2683,-584.89,-214.859,-102.32,-102.32,15.877,194.622,194.622,15.999,16.7521,-457.284,0,-27.4675,-27.4675,0,715.278,0,182.572,0,-148.083,0,39.4189,-37.6197,-33.8008,-104.369,-104.369,0,-43.2728,-43.2728,-71.3523,0,3.28499,955.116,955.116,955.116,1.86508,0,0,0,71.9874,71.9874,71.9874,0,-26.4029,0.327819,0.327819,11.5828,803.241,1.35433,1.35433,16.1833,26.3526,11.5638,-63.0485,29.2646,29.0336,14.5326,0,4.98687,0,-228.028,-228.028,-228.028,0,0,0,0,36.944,1033.12,138.162,138.162,67.9757,-656.159,71.4584,105.56,0,378.88,-258.69,-69.1041,-133.519,133.513,-843.45,-745.797,168.145,36.1602,481.695,481.695,1000.16,526.361,177.523,3080.38,1660.75,70.3044,102.234,248.275,1212.35,428.395,489.433,-367.226,335.988,3562.92,-3630.89,-1518.86,7751.55,903.261,-904.652,693.328,105.883,740.617,-92.6278,244.54,165.766,102.404,155.748,352.332,-177.874,-177.874,273.523,223.104,223.104,1147.15,231.726,0,279.648,-33.6654,-381.699,0,0
2020-08-03 22:00:00 UTC,-217.448,-108.045,236.026,-7.96208,-7.96208,-239.293,37.1057,62.6484,-198.076,-198.076,838.629,328.883,-1200.14,-35.6443,147.361,223.072,737.242,163.094,-545.22,-104.979,-113.57,-201.444,-201.444,-321.368,-384.236,-137.703,-23.3658,19.2872,-6.30255,234.995,-125.966,-125.966,-290.977,-171.964,-171.964,-406.128,267.438,332.502,-1549.07,-1549.07,357.818,689.519,558.603,278.449,397.565,-539.528,-2288.94,-2331.03,-2322.95,30.6295,-173.699,-173.699,41.0049,-91.3518,-165.021,7.94434,7.94434,-401.273,198.94,125.3,343.365,-305.493,-153.743,210.194,210.194,-7.11512,-12.9132,134.11,134.11,15.3358,456.047,-344.822,-185.765,-185.765,-5.30769,-5.30769,0.577272,0.697979,2.64015,-12.4016,-1.58074,30.1445,-1.52602,-1.53589,-3.97246,-9.00251,2.44399,117.824,117.824,29.1444,29.1444,33.2444,33.2444,-119.859,-119.859,-119.859,31.9459,31.9459,-15.7429,-68.9455,-16.1701,-16.1701,24.794,24.794,-130.449,-28.656,-278.449,-18.4,-18.4,-238.172,-238.172,-238.172,806.045,-194.928,-194.928,-202.083,-202.083,-2.40754,67.5255,67.5255,3.78754,3.78754,-913.941,-913.941,807.356,807.356,0,-35.9432,-327.524,-129.339,394.449,394.449,-267.471,1704.38,909.92,-274.531,-915.65,-915.65,209.587,209.587,-802.694,-802.694,76.0966,200.08,556.377,606.556,370.555,370.555,-219.398,-219.398,-219.398,846.27,846.27,-799.554,-1.904e-09,-1.904e-09,346.575,-618.99,-618.99,852.032,-352.023,41.9965,0,450.989,193.544,-857.339,-626.468,-626.468,-114.379,4.05366,-36.966,-488.135,-488.135,-3.57902,7.57372,7.57372,2466.87,-392.207,-2466.87,1324.24,1350.62,1287.7,-2015.58,859.678,-519.063,2288.94,2331.03,2322.95,-803.805,44.0289,-216.402,803.233,2512.45,180.403,2544.6,6585.68,3514.15,3514.15,165.955,-1467.91,284.26,199.336,190.483,-98.3235,277.981,-185.234,-231.274,-231.983,273.745,270.738,274.818,-192.297,129.836,129.836,-187.09,580.146,580.146,-1379.3,363.613,258.953,-189.91,208.761,518.235,1385.14,1385.14,422.844,839.421,914.646,2573.73,-709.63,657.801,-422.844,-8.576,858.377,1036.37,610.399,607.125,8.576,-679.049,-735.782,184.311,156.397,212.804,97.5531,-39.8129,332.993,120.63,120.622,-71.5783,203.076,-108.326,-140.006,59.3563,-654.949,-839.421,-708.904,-914.646,-103.149,-103.149,-83.0068,-207.872,34.6801,34.6801,167.121,167.121,-333.361,-333.361,223.88,59.7628,19.1311,-241.794,1041,-3651.07,-2632.2,5544.52,-19.1311,1668.9,-488.756,-357.22,305.879,305.879,234.355,234.355,78.5593,376.346,-750.937,-6.52724,77.5568,77.5568,308.57,193.818,278.922,203.969,55.5689,55.5689,104.93,103.473,367.054,367.054,493.643,161.145,426.943,85.4268,550.589,-294.45,-294.45,173.952,197.216,0,112.675,211.484,0,168.152,-299.27,-299.27,-249.313,168.02,-185.83,-187.099,-199.431,44.4644,47.3981,285.36,-29.267,-584.901,-216.046,-102.621,-102.621,16.5934,197.909,197.909,16.6438,17.4215,-471.349,0,-26.3775,-26.3775,0,720.331,0,192.374,0,-148.456,0,39.5634,-34.0271,-33.4537,-106.322,-106.322,0,-43.1285,-43.1285,-73.272,0,3.28368,969.347,969.347,969.347,1.93641,0,0,0,72.7489,72.7489,72.7489,0,-27.868,-0.40813,-0.40813,10.6154,809.285,0.866489,0.866489,15.8891,26.1565,11.4883,-60.9554,29.5514,29.3175,14.0623,0,4.09795,0,-227.121,-227.121,-227.121,0,0,0,0,38.4572,1045.09,139.266,139.266,78.5732,-660.7,76.2757,112.606,0,385.354,-258.811,-69.0608,-118.678,148.845,-840.18,-749.886,170.891,36.966,486.161,486.161,1007.14,534.345,180.527,3116.71,1665.55,70.3123,102.255,248.332,1211.01,428.848,490.621,-366.901,338.618,3558.45,-3573.24,-1491.29,7658.14,917.731,-905.392,690.793,114.112,748.476,-92.6918,245.206,168.339,84.2404,158.965,353.053,-179.296,-179.296,279.265,220.088,220.088,1155.41,239.293,0,291.068,-32.9983,-378.248,0,0
2020-08-03 23:00:00 UTC,-215.809,-107.323,227.977,-9.85324,-9.85324,-235.32,34.0868,57.7479,-193.906,-193.906,830.396,323.752,-1189.47,-31.8607,144.647,223.869,725.848,160.505,-541.798,-104.098,-111.361,-199.921,-199.921,-319.955,-381.077,-136.607,-23.3131,19.2123,-6.99979,234.147,-125.096,-125.096,-286.989,-168.7,-168.7,-402.908,261.888,325.684,-1519.21,-1519.21,351.399,678.699,553.094,275.906,392.666,-534.956,-2233.53,-2274.69,-2266.45,29.2956,-170.933,-170.933,40.7664,-89.2701,-156.847,8.46952,8.46952,-393.801,201.345,123.728,338.625,-299.191,-151.034,207.192,207.192,-7.64496,-14.5657,135.308,135.308,16.2106,452.885,-339.209,-181.381,-181.381,-4.53545,-4.53545,0.647884,0.782949,2.56368,-12.1967,-2.02397,29.132,-1.50717,-1.51801,-3.76944,-8.71113,2.49431,117.006,117.006,27.6081,27.6081,31.4976,31.4976,-118.682,-118.682,-118.682,31.7146,31.7146,-14.0659,-66.5324,-16.3275,-16.3275,24.2805,24.2805,-129.574,-27.9805,-275.906,-17.3281,-17.3281,-234.596,-234.596,-234.596,793.328,-190.8,-190.8,-198.695,-198.695,-2.93787,66.0485,66.0485,2.7465,2.7465,-902.327,-902.327,796.232,796.232,0,-35.7154,-323.778,-128.55,389.426,389.426,-264.083,1675.72,894.882,-271.871,-903.624,-903.624,206.311,206.311,-791.569,-791.569,74.7472,197.54,539.469,613.225,365.798,365.798,-217.024,-217.024,-217.024,831.994,831.994,-788.091,-7.14502e-10,-7.14502e-10,342.783,-610.371,-610.371,839.089,-347.589,40.5743,0,443.329,193.481,-845.899,-617.244,-617.244,-111.153,6.26224,-35.5073,-482.088,-482.088,1.21764,11.2119,11.2119,2407.31,-385.641,-2407.31,1305.6,1331.64,1270.62,-1983.91,842.301,-510.798,2233.53,2274.69,2266.45,-806.482,39.3241,-213.353,789.561,2481.69,175.805,2514.65,6505.28,3470.47,3470.47,166.405,-1451.87,277.281,198.864,190.843,-93.7571,274.078,-184.111,-228.404,-229.201,270.892,267.892,271.952,-190.591,127.059,127.059,-185.436,572.896,572.896,-1365.27,353.616,256.182,-188.269,208.926,513.949,1360.42,1360.42,419.048,832.097,906.706,2554.98,-707.207,647.72,-419.048,-8.78626,841.086,1026.72,604.711,601.46,8.78626,-674.225,-730.629,183.317,155.54,211.404,96.6787,-39.0716,325.247,119.8,119.792,-70.6408,198.325,-107.555,-139.039,58.0813,-650.501,-832.097,-704.169,-906.706,-102.957,-102.957,-82.8723,-208.297,34.527,34.527,166.747,166.747,-330.61,-330.61,214.751,58.797,20.5595,-240.491,1032.86,-3623.25,-2614.48,5480.85,-20.5595,1644.1,-477.013,-353.657,298.152,298.152,227.526,227.526,80.9159,372.074,-735.25,-6.74308,74.9742,74.9742,294.697,194.803,245.627,194.07,54.5179,54.5179,102.322,100.901,361.313,361.313,485.571,158.878,418.543,80.6282,535.632,-289.005,-289.005,170.682,193.521,0,111.109,209.308,0,165.011,-296.216,-296.216,-244.039,163.25,-181.922,-183.166,-195.859,43.3609,46.3246,274.815,-28.2038,-581.47,-215.853,-101.81,-101.81,18.2874,196.096,196.096,16.8399,17.6306,-481.616,0,-24.5118,-24.5118,0,703.643,0,197.166,0,-147.124,0,39.5381,-33.0373,-33.0649,-105.998,-105.998,0,-42.8478,-42.8478,-73.4828,0,3.0925,944.595,944.595,944.595,1.90918,0,0,0,70.4324,70.4324,70.4324,0,-29.1311,-1.42805,-1.42805,9.0709,791.577,0.0891989,0.0891989,14.9305,25.0317,10.8351,-58.3516,29.1988,28.9667,13.1644,-4.86858e-12,2.5099,0,-228.437,-228.437,-228.437,0,0,0,0,36.0535,1029.04,137.132,137.132,62.9249,-654.786,70.0176,103.424,0,374.947,-258.301,-69.0319,-140.135,121.543,-843.901,-745.651,166.081,35.5073,480.256,480.256,993.13,518.003,177.153,3054.2,1651.87,69.8295,101.538,246.594,1202.89,429.205,493.215,-366.401,341.712,3528.37,-3508.09,-1460.26,7568.41,898.511,-916.971,691.121,110.826,730.015,-95.6253,245.595,163.146,108.081,152.341,351.419,-177.174,-177.174,272.397,217.392,217.392,1133.04,235.32,0,280.242,-34.6299,-382.205,0,0
2020-08-04 00:00:00 UTC,-211.209,-105.991,237.2,-16.5064,-16.5064,-218.321,38.1234,65.0648,-193.259,-193.259,797.735,305.072,-1149.49,-26.8589,134.77,222.645,689.32,152.211,-526.086,-99.9126,-102.774,-191.775,-191.775,-310.605,-369.974,-132.636,-22.7876,18.441,-6.74106,226.435,-120.89,-120.89,-275.124,-160.6,-160.6,-388.635,247.093,307.495,-1442.43,-1442.43,332.504,650.246,533.347,266.673,374.947,-514.376,-2094.03,-2132.84,-2124.17,26.9469,-163.344,-163.344,38.8126,-84.5776,-144.852,8.53741,8.53741,-376.316,196.093,118.062,321.549,-285.223,-144.945,196.365,196.365,-7.84936,-15.6784,135.048,135.048,16.5086,438.829,-325.453,-168.934,-168.934,-3.77793,-3.77793,0.66993,0.822423,2.3873,-11.6674,-2.43844,27.4056,-1.47127,-1.48401,-3.48619,-8.22645,2.56018,112.909,112.909,25.3461,25.3461,28.9306,28.9306,-114.162,-114.162,-114.162,30.948,30.948,-11.997,-62.4621,-16.1481,-16.1481,23.1735,23.1735,-124.711,-26.6261,-266.673,-15.5382,-15.5382,-225.817,-225.817,-225.817,760.908,-182.207,-182.207,-190.752,-190.752,-3.69107,62.7639,62.7639,0.512679,0.512679,-873.552,-873.552,768.485,768.485,0,-35.1645,-313.756,-125.69,376.644,376.644,-254.917,1603.32,856.846,-263.348,-873.949,-873.949,198.357,198.357,-764.556,-764.556,71.7526,191.158,494.395,631.887,352.249,352.249,-209.635,-209.635,-209.635,792.994,792.994,-760.755,4.75973e-10,4.75973e-10,330.872,-586.833,-586.833,804.278,-333.04,41.3216,0,424.488,195.677,-812.212,-592.728,-592.728,-104.878,9.54152,-32.7128,-465.689,-465.689,13.8247,20.6558,20.6558,2255.98,-367.878,-2255.98,1255.56,1280.7,1224.23,-1898.15,796.727,-489.181,2094.03,2132.84,2124.17,-812.293,27.8542,-202.575,756.965,2411.1,164.225,2444.66,6317.66,3369.26,3369.26,169.165,-1409.23,260.736,199.372,189.074,-89.7953,264.711,-181.275,-221.49,-222.493,264.182,261.2,265.213,-186.415,119.474,119.474,-181.376,556.593,556.593,-1328.73,328.941,248.539,-184.233,206.18,504.772,1298.34,1298.34,410.504,817.311,890.662,2519.99,-706.003,622.479,-410.504,-8.42807,798.403,1007.26,593.242,590.033,8.42807,-664.55,-720.287,181.642,154.045,209.141,95.1935,-37.4135,309.161,118.234,118.225,-68.5566,185.218,-106.099,-137.245,56.8688,-641.594,-817.311,-694.684,-890.662,-103.01,-103.01,-82.4753,-209.401,34.8999,34.8999,167.298,167.298,-325.6,-325.6,195.088,57.0213,21.2134,-238.619,1034.72,-3567.47,-2580.01,5467.66,-21.2134,1590,-449.947,-345.581,280.845,280.845,209.975,209.975,88.8194,361.282,-699.961,-5.48237,67.7972,67.7972,269.949,194.013,187.494,179.799,49.7691,49.7691,93.8464,92.5413,347.471,347.471,465.775,153.067,397.51,67.7736,493.069,-272.101,-272.101,160.158,181.588,0,106.733,201.212,0,155.014,-285.196,-285.196,-228.132,148.471,-171.48,-172.658,-184.381,37.9922,41.6106,260.462,-27.4726,-577.457,-215.781,-100.023,-100.023,22.4481,191.759,191.759,15.9227,16.7014,-486.619,0,-17.1717,-17.1717,0,663.549,0,201.1,0,-142.324,0,39.3208,-34.8142,-31.9996,-103.076,-103.076,0,-42.0328,-42.0328,-72.3655,0,2.71455,882.991,882.991,882.991,1.78411,0,0,0,64.9834,64.9834,64.9834,0,-29.5831,-2.29073,-2.29073,7.55586,745.122,-0.671696,-0.671696,13.5173,23.2228,9.8024,-55.2567,28.2379,28.0126,11.8257,0,0.25423,0,-231.884,-231.884,-231.884,0,0,0,0,32.4243,984.47,132.618,132.618,22.8561,-637.801,53.2594,78.866,0,347.988,-257.371,-68.945,-195.066,54.6744,-854.389,-732.661,154.501,32.7128,464.094,464.094,959.908,478.51,167.598,2906.53,1622.22,68.941,100.201,243.344,1188.64,429.352,494.577,-365.744,343.313,3470.09,-3479.24,-1446.62,7549.56,851.158,-928.78,695.97,97.1965,697.122,-100.675,244.794,153.606,147.215,139.4,346.339,-171.586,-171.586,254.75,209.763,209.763,1066.88,218.321,0,272.713,-37.9599,-393.262,0,0
2020-08-04 01:00:00 UTC,-203.879,-103.937,254.376,-26.1597,-26.1597,-190.1,46.0037,78.6604,-197.539,-197.539,743.744,275.325,-1083.28,-21.9108,119.132,219.124,632.903,139.427,-498.948,-92.6868,-87.7232,-177.641,-177.641,-294.429,-353.644,-126.727,-21.8232,17.042,-4.892,212.617,-113.686,-113.686,-256.245,-148.257,-148.257,-364.343,223.286,278.181,-1316.73,-1316.73,301.579,602.416,500.513,251.212,344.703,-477.394,-1871.1,-1906.12,-1896.88,23.3944,-150.627,-150.627,35.9662,-77.0039,-125.605,8.63534,8.63534,-347.108,187.337,108.734,294.602,-261.794,-134.478,179.618,179.618,-8.20913,-17.6113,134.194,134.194,16.9998,415.462,-303.415,-151.341,-151.341,-2.46403,-2.46403,0.693393,0.876443,2.09357,-10.777,-3.09624,24.629,-1.44503,-1.45902,-3.04865,-7.46707,2.69169,105.694,105.694,21.6891,21.6891,24.7832,24.7832,-106.462,-106.462,-106.462,29.8831,29.8831,-8.57539,-55.8673,-15.778,-15.778,21.3837,21.3837,-115.837,-24.4575,-251.212,-13.3775,-13.3775,-210.945,-210.945,-210.945,705.689,-169.137,-169.137,-177.7,-177.7,-4.62475,57.5564,57.5564,-2.45311,-2.45311,-823.733,-823.733,720.176,720.176,0,-33.9774,-295.663,-119.944,354.043,354.043,-238.721,1481.28,792.622,-247.175,-822.894,-822.894,184.689,184.689,-718.527,-718.527,66.9394,179.875,421.569,656.837,327.975,327.975,-196.062,-196.062,-196.062,726.832,726.832,-714.658,3.47671e-10,3.47671e-10,309.212,-546.081,-546.081,744.909,-306.937,44.4623,0,393.409,198.226,-752.909,-550.645,-550.645,-94.996,13.5835,-28.5861,-437.041,-437.041,32.4535,34.4546,34.4546,2013.41,-337.737,-2013.41,1169.62,1193.18,1143.78,-1752.1,721.953,-452.737,1871.1,1906.12,1896.88,-813.25,12.186,-182.816,702.413,2285.86,144.921,2319.76,5978.98,3186.35,3186.35,173.258,-1333.25,233.919,199.686,183.024,-88.1191,248.37,-175.751,-209.302,-210.639,251.679,248.745,252.658,-178.827,106.678,106.678,-173.986,529.503,529.503,-1263.52,289.293,234.59,-176.864,198.036,487.381,1194.08,1194.08,395.356,788.689,859.58,2450.76,-699.847,581.664,-395.356,-8.13822,731.491,967.497,569.806,566.689,8.13822,-645.854,-700.274,177.209,150.173,203.778,91.943,-34.9802,284.403,114.759,114.751,-65.1695,165.483,-102.879,-133.181,55.3004,-624.39,-788.689,-676.335,-859.58,-102.054,-102.054,-81.0432,-208.331,35.2901,35.2901,166.304,166.304,-315.766,-315.766,167.05,53.9497,20.3465,-233.943,1027.19,-3448.69,-2509.24,5439.62,-20.3465,1503.73,-407.519,-331.674,253.667,253.667,182.849,182.849,100.694,344.958,-645.802,-3.12119,57.7405,57.7405,233.517,190.82,102.835,157.907,42.5902,42.5902,81.1428,80.0114,324.819,324.819,433.737,143.561,364.018,46.5096,427.525,-247.191,-247.191,144.433,163.735,0,101.428,190.825,0,140.125,-271.363,-271.363,-204.013,124.08,-155.581,-156.661,-167.233,29.8134,34.5511,238.585,-26.9599,-568.011,-214.121,-96.59,-96.59,28.5832,184.936,184.936,14.225,14.9726,-486.449,0,-6.03166,-6.03166,0,606.607,0,202.55,0,-135.238,0,38.9512,-39.898,-30.6102,-97.7801,-97.7801,0,-40.8584,-40.8584,-69.5665,0,2.17459,784.726,784.726,784.726,1.57863,0,0,0,56.7942,56.7942,56.7942,0,-30.3437,-3.82844,-3.82844,4.92806,676.048,-1.98814,-1.98814,11.2273,20.7228,8.09883,-50.6279,26.4662,26.2536,10.5493,0,-2.54234,0,-235.735,-235.735,-235.735,0,0,0,0,28.0142,908.625,125.029,125.029,-36.2696,-606.138,27.6907,41.4013,0,305.321,-254.129,-68.2847,-275.647,-50.3355,-866.527,-704.709,134.276,28.5861,435.775,435.775,899.586,414.879,152.729,2639.13,1558.12,66.9066,97.192,236.06,1150.14,423.33,486.918,-360.65,336.557,3354.77,-3467.05,-1440.64,7510.36,777.26,-942.118,702.945,75.5766,649.356,-106.725,241.503,138.669,205.707,122.2,337.965,-162.146,-162.146,226.78,199.891,199.891,970.898,190.1,0,268.302,-43.2909,-407.404,0,0
2020-08-04 02:00:00 UTC,-197.864,-103.153,277.008,-37.0852,-37.0852,-158.048,55.8438,95.6191,-211.967,-211.967,684.942,244.087,-1012.01,-22.3809,102.593,214.177,577.878,126.987,-467.674,-84.1265,-68.2414,-161.926,-161.926,-276.818,-341.321,-122.072,-20.6714,15.3974,-0.307325,196.668,-105.67,-105.67,-236.82,-136.211,-136.211,-337.371,195.906,244.396,-1171.15,-1171.15,265.508,546.169,464.48,234.095,308.002,-430.973,-1621.05,-1651.77,-1642.16,19.4003,-135.497,-135.497,33.4015,-68.1627,-101.548,9.0688,9.0688,-311.602,179.098,97.4315,267.173,-233.029,-121.218,164.337,164.337,-9.00604,-20.9814,133.627,133.627,18.1646,390.596,-279.395,-136.605,-136.605,-0.448613,-0.448613,0.741144,0.969957,1.7391,-9.70666,-3.9636,21.2118,-1.41344,-1.42891,-2.45841,-6.52211,2.91745,96.994,96.994,17.0777,17.0777,19.5564,19.5564,-97.4547,-97.4547,-97.4547,29.1528,29.1528,-3.89913,-47.6723,-15.43,-15.43,19.2152,19.2152,-104.542,-21.8911,-234.095,-11.1988,-11.1988,-193.283,-193.283,-193.283,640.72,-154.153,-154.153,-162.302,-162.302,-5.4219,51.5459,51.5459,-5.33779,-5.33779,-763.084,-763.084,662.251,662.251,0,-32.3123,-273.568,-112.578,326.729,326.729,-219.341,1338.64,717.366,-227.393,-760.98,-760.98,168.485,168.485,-663.006,-663.006,61.3999,166.243,340.734,677.692,298.929,298.929,-179.481,-179.481,-179.481,649.367,649.367,-659.255,4.89185e-10,4.89185e-10,282.116,-496.582,-496.582,673.623,-275.053,48.2836,0,356.58,198.289,-680.59,-499.822,-499.822,-83.9816,17.1953,-23.6671,-403.868,-403.868,50.2055,47.3907,47.3907,1741.36,-301.214,-1741.36,1064.2,1085.8,1044.09,-1575.24,636.199,-409.003,1621.05,1651.77,1642.16,-800.503,-0.818256,-155.271,640.578,2135.13,123.099,2168.26,5566.82,2963.5,2963.5,177.131,-1238.39,205.134,199.452,174.133,-87.1623,228.845,-168.328,-194.549,-196.24,236.202,233.339,237.116,-169.275,92.1474,92.1474,-164.676,496.796,496.796,-1183.17,245.949,217.441,-167.55,186.681,464.176,1073.59,1073.59,376.721,751.22,818.866,2355.83,-689.715,536.976,-376.721,-8.10101,660.838,914.153,538.354,535.365,8.10101,-621.075,-673.715,170.244,144.126,195.712,87.3006,-32.4041,258.252,109.688,109.68,-61.1184,146.041,-98.1897,-127.239,54.9115,-601.517,-751.22,-651.902,-818.866,-99.7978,-99.7978,-78.1946,-202.877,35.392,35.392,163.021,163.021,-302.379,-302.379,140.196,49.8858,18.6676,-226.72,1006.01,-3284.38,-2412,5358.34,-18.6676,1408.52,-362.306,-315.033,224.582,224.582,153.995,153.995,112.332,328.438,-588.655,-0.686605,48.5282,48.5282,196.435,185.4,16.9225,133.934,35.6788,35.6788,68.6854,67.7252,299.462,299.462,398.207,132.749,327.339,20.0685,358.212,-224.013,-224.013,129.48,146.693,0,99.0991,185.265,0,125.705,-263.214,-263.214,-179.967,95.6951,-139.854,-140.838,-151.109,21.1748,27.4063,215.436,-26.5295,-556.387,-209.827,-92.1756,-92.1756,33.8118,180.209,180.209,12.4798,13.1977,-488.918,0,6.74242,6.74242,0,553.295,0,196.801,0,-129.704,0,38.5575,-48.7349,-29.9614,-91.5689,-91.5689,0,-40.0301,-40.0301,-64.9699,0,1.64303,674.704,674.704,674.704,1.35368,0,0,0,47.8933,47.8933,47.8933,0,-32.0801,-6.33228,-6.33228,0.897225,610.569,-3.99934,-3.99934,8.34306,17.5723,5.92418,-45.2495,24.16,23.9635,9.26859,0,-4.93038,0,-237.324,-237.324,-237.324,0,0,0,0,22.3084,823.477,116.106,116.106,-93.0651,-564.198,1.85558,3.54047,0,259.161,-247.543,-66.6921,-351.937,-159.135,-871.74,-667.32,111.037,23.6671,402.931,402.931,827.073,345.422,137.621,2321.13,1469.48,63.9287,92.799,225.428,1094.99,408.402,468.296,-348.646,318.984,3193.49,-3429.4,-1421.96,7396.4,699.656,-950.7,709.293,54.184,599.445,-111.034,236.025,122.452,266.934,107.072,329.427,-151.313,-151.313,197.222,194.714,194.714,882.312,158.048,0,264.387,-48.1663,-417.704,0,0
2020-08-04 03:00:00 UTC,-191.896,-101.769,294.899,-44.7996,-44.7996,-130.264,64.4293,110.381,-222.572,-222.572,634.44,218.613,-949.806,-23.8392,89.3339,208.314,532.815,116.821,-439.559,-76.751,-51.0942,-148.284,-148.284,-260.5,-329.993,-117.684,-19.6027,13.9056,3.78631,182.153,-98.5523,-98.5523,-220.466,-126.477,-126.477,-313.892,174.451,217.869,-1056.62,-1056.62,236.633,500.792,433.493,219.25,277.167,-390.645,-1431.28,-1458.68,-1449,16.6328,-123.212,-123.212,31.0363,-61.3546,-85.3006,9.02916,9.02916,-283.266,168.933,87.7514,245.027,-210.472,-110.522,152.505,152.505,-9.2847,-22.6723,131.424,131.424,18.4222,368.299,-261.102,-129.914,-129.914,0.781706,0.781706,0.723896,0.978578,1.46156,-8.85185,-4.36938,18.73,-1.37282,-1.39038,-2.03781,-5.82853,3.04071,89.2508,89.2508,13.9768,13.9768,16.043,16.043,-89.7111,-89.7111,-89.7111,28.376,28.376,-0.871486,-41.7256,-14.9352,-14.9352,17.4868,17.4868,-94.613,-19.9274,-219.25,-9.85029,-9.85029,-179.385,-179.385,-179.385,589.787,-142.688,-142.688,-150.359,-150.359,-5.67,47.1409,47.1409,-7.1562,-7.1562,-714.443,-714.443,616.208,616.208,0,-30.9292,-255.7,-105.997,304.741,304.741,-203.751,1227.62,658.644,-211.338,-711.499,-711.499,156.131,156.131,-618.993,-618.993,57.3386,155.32,280.718,687.73,275.739,275.739,-165.915,-165.915,-165.915,588.744,588.744,-615.411,-1.77668e-09,-1.77668e-09,259.38,-456.374,-456.374,615.951,-249.202,50.9349,0,327.099,196.029,-621.9,-458.956,-458.956,-76.7284,18.0709,-20.0518,-377.859,-377.859,60.9961,55.0044,55.0044,1535.28,-271.322,-1535.28,977.038,996.983,960.925,-1431.05,569.961,-373.625,1431.28,1458.68,1449,-779.966,-7.0698,-129.841,594.287,2015.89,106.786,2047.22,5237.68,2785.43,2785.43,179.119,-1160.55,185.741,198.621,165.985,-86.9654,213.602,-161.576,-182.794,-184.726,223.586,220.795,224.448,-161.358,81.2105,81.2105,-156.947,470.259,470.259,-1117.91,215.646,203.169,-159.787,176.63,444.121,981.526,981.526,361.274,719.637,784.536,2273.06,-680.241,502.49,-361.274,-8.03386,607.957,869.145,511.811,508.934,8.03386,-599.824,-650.907,164.029,138.702,188.279,83.1703,-30.5767,237.949,105.262,105.254,-57.8858,132.362,-94.1012,-122.084,53.8671,-581.819,-719.637,-630.827,-784.536,-97.3879,-97.3879,-75.6834,-197.161,35.0795,35.0795,159.068,159.068,-290.808,-290.808,120.631,46.6344,18.0028,-219.911,977.45,-3144.9,-2326.67,5230.76,-18.0028,1333.75,-328.377,-301.213,202.632,202.632,131.725,131.725,120.533,316.541,-544.196,0.905143,42.3981,42.3981,167.836,180.1,-51.102,113.917,31.2846,31.2846,60.2218,59.3784,279.644,279.644,370.562,124.035,298.97,-4.90617,305.715,-210.609,-210.609,120.343,136.199,0,101.409,187.873,0,116.723,-266.223,-266.223,-163.722,71.2884,-129.256,-130.173,-141.432,14.9955,22.5937,196.646,-26.2625,-547.665,-204.238,-88.4612,-88.4612,35.7857,174.945,174.945,10.7658,11.4424,-478.479,0,15.84,15.84,0,512.919,0,189.073,0,-124.522,0,38.2277,-54.3817,-29.4353,-85.8117,-85.8117,0,-39.1307,-39.1307,-60.5694,0,1.30279,591.876,591.876,591.876,1.17093,0,0,0,41.3606,41.3606,41.3606,0,-32.5479,-7.79158,-7.79158,-1.56341,570.391,-5.22232,-5.22232,6.41686,15.1239,4.44004,-41.8385,22.2356,22.0531,8.44845,0,-5.67369,0,-236.311,-236.311,-236.311,0,0,0,0,17.9774,758.259,109.054,109.054,-128.025,-527.398,-15.1668,-21.415,0,225.761,-239.725,-64.7997,-398.055,-232.483,-868.891,-635.032,93.5959,20.0518,377.099,377.099,769.891,295.54,126.639,2074.16,1395.15,61.352,88.9848,216.185,1052.23,394.024,450.188,-337.351,303.149,3057.82,-3351.3,-1384.06,7217.37,641.85,-953.178,713.553,39.4455,559.603,-112.921,230.389,109.84,315.687,97.2004,324.174,-142.77,-142.77,175.602,197.246,197.246,830.439,130.264,0,261.763,-50.638,-421.093,0,0
2020-08-04 04:00:00 UTC,-181.093,-96.7705,292.394,-46.582,-46.582,-106.944,66.4567,114.446,-215.679,-215.679,576.934,195.861,-878.633,-25.0587,78.951,195.587,489.525,107.074,-408.326,-69.352,-37.3844,-135.82,-135.82,-242.264,-312.619,-111.161,-18.4927,12.3968,5.94763,167.165,-91.1719,-91.1719,-203.371,-116.284,-116.284,-289.801,155.323,194.176,-949.154,-949.154,210.847,455.219,399.106,202.662,249.184,-353.835,-1259.07,-1283.42,-1273.88,14.3652,-111.443,-111.443,28.5679,-55.1367,-72.2893,8.65115,8.65115,-256.599,156.935,78.768,222.799,-189.545,-100.38,139.835,139.835,-9.12783,-23.0073,127.006,127.006,17.8377,342.19,-239.374,-115.633,-115.633,1.47279,1.47279,0.662472,0.920493,1.20527,-8.04307,-4.47763,16.536,-1.32401,-1.34418,-1.70002,-5.21624,2.99956,81.247,81.247,11.5765,11.5765,13.3167,13.3167,-81.813,-81.813,-81.813,26.7882,26.7882,1.24714,-36.5031,-14.1972,-14.1972,15.7901,15.7901,-85.1793,-18.0491,-202.662,-8.81605,-8.81605,-166.05,-166.05,-166.05,541.267,-131.87,-131.87,-139.128,-139.128,-5.70063,43.2204,43.2204,-8.85726,-8.85726,-667.37,-667.37,572.285,572.285,0,-29.7416,-238.413,-99.1433,283.552,283.552,-188.413,1123.02,603.194,-195.597,-663.611,-663.611,144.762,144.762,-576.77,-576.77,53.7013,144.815,228.365,689.753,253.346,253.346,-152.912,-152.912,-152.912,532.721,532.721,-573.338,-5.74373e-10,-5.74373e-10,237.156,-417.918,-417.918,560.618,-225.285,51.7894,0,298.767,191.002,-566.89,-420.157,-420.157,-70.8894,17.4562,-17.2084,-350.177,-350.177,68.1714,59.7875,59.7875,1348.94,-242.771,-1348.94,892.165,910.473,879.422,-1293.28,509.023,-339.939,1259.07,1283.42,1273.88,-751.679,-9.90142,-104.461,550.964,1896.87,92.1589,1925.9,4910.34,2607.95,2607.95,177.612,-1084.93,171.149,194.693,157.705,-85.4797,198.999,-154.103,-171.264,-173.393,210.6,207.909,211.41,-153.308,71.8165,71.8165,-149.088,442.505,442.505,-1052.94,192.568,189.073,-151.865,166.97,423.2,897.241,897.241,342.66,686.6,748.621,2187.71,-665.699,460.424,-342.66,-5.90363,544.734,824.183,485.297,482.531,5.90363,-577.138,-626.537,158.412,133.747,180.913,79.0928,-28.3907,212.791,101.055,101.047,-54.3237,114.884,-90.2142,-117.222,53.0157,-560.688,-686.6,-608.191,-748.621,-95.3066,-95.3066,-73.0105,-191.965,35.0484,35.0484,156.017,156.017,-279.046,-279.046,94.0873,42.7878,17.4629,-213.263,955.303,-3006.68,-2239.22,5120.88,-17.4629,1254.07,-286.681,-284.373,176.006,176.006,109.141,109.141,132.007,301.758,-487.104,3.09459,33.9114,33.9114,133.789,173.808,-134.185,91.1964,25.6711,25.6711,49.9767,49.2749,256.583,256.583,338.818,114.006,268.429,-21.1566,252.128,-189.318,-189.318,107.075,121.154,0,95.8893,177.689,0,103.955,-251.674,-251.674,-143.515,53.3822,-115.725,-116.554,-126.951,8.7712,16.982,174.45,-24.8483,-536.088,-196.098,-84.4803,-84.4803,35.2978,163.129,163.129,8.93235,9.54465,-446.277,0,18.99,18.99,0,468.093,0,174.481,0,-116.873,0,37.9122,-55.1428,-28.1711,-79.752,-79.752,0,-37.5117,-37.5117,-56.6788,0,1.03434,517.424,517.424,517.424,0.998813,0,0,0,35.6454,35.6454,35.6454,0,-31.8889,-8.48418,-8.48418,-2.94557,510.641,-5.90788,-5.90788,4.90221,12.8977,3.34961,-38.229,20.3075,20.1398,7.82456,0,-5.76545,0,-233.107,-233.107,-233.107,0,0,0,0,14.5766,689.701,101.265,101.265,-152.689,-489.953,-27.8656,-40.0509,0,196.016,-229.909,-62.4426,-429.084,-291.487,-858.802,-602.955,77.4457,17.2084,349.513,349.513,713.792,251.784,112.266,1832.34,1325.32,58.9308,85.3808,207.437,1017.86,380.458,436.218,-325.771,288.414,2930.49,-3273.61,-1346.48,7062.99,572.964,-950.931,721.803,20.4216,509.389,-115.359,223.505,95.1752,372.613,84.2215,315.597,-133.258,-133.258,151.102,187.194,187.194,746.85,106.944,0,247.135,-52.1011,-418.985,0,0
2020-08-04 05:00:00 UTC,-171.693,-93.3463,295.352,-50.9814,-50.9814,-84.2962,69.7319,120.489,-216.806,-216.806,510.003,170.413,-797.479,-32.4222,67.1263,179.295,444.704,97.0011,-370.144,-60.1708,-20.8419,-122.167,-122.167,-221.346,-292.174,-103.528,-17.2216,10.7092,8.16806,150.328,-82.7758,-82.7758,-183.69,-104.5,-104.5,-261.991,133.852,167.535,-826.776,-826.776,181.982,402.069,359.589,183.409,217.512,-311.488,-1069.43,-1090.38,-1081.21,11.8132,-97.8777,-97.8777,25.853,-48.0182,-57.2478,8.23948,8.23948,-225.331,143.586,68.7009,197.441,-165.112,-88.2859,125.134,125.134,-8.96376,-23.363,121,121,17.0999,312.171,-214.87,-98.5014,-98.5014,2.25179,2.25179,0.592701,0.852563,0.910847,-7.1133,-4.60385,14.0094,-1.27373,-1.29657,-1.32013,-4.51624,2.93393,72.0592,72.0592,8.81804,8.81804,10.1821,10.1821,-72.7211,-72.7211,-72.7211,24.8805,24.8805,3.66267,-30.4925,-13.3268,-13.3268,13.8395,13.8395,-74.4351,-15.8806,-183.409,-7.67684,-7.67684,-149.964,-149.964,-149.964,483.695,-118.876,-118.876,-125.657,-125.657,-5.70063,38.5695,38.5695,-10.803,-10.803,-609.702,-609.702,519.677,519.677,0,-28.2915,-217.484,-90.7417,258.086,258.086,-169.883,999.915,537.775,-176.603,-604.971,-604.971,131.201,131.201,-525.275,-525.275,49.4737,132.149,171.741,683.686,226.658,226.658,-137.492,-137.492,-137.492,467.847,467.847,-522.018,7.02424e-10,7.02424e-10,210.787,-372.075,-372.075,495.806,-196.926,52.2227,0,265.368,182.533,-501.368,-373.947,-373.947,-64.1031,16.2598,-13.9915,-315.811,-315.811,73.3577,62.9415,62.9415,1143.72,-209.338,-1143.72,791.243,807.581,781.842,-1131.11,439.719,-300.557,1069.43,1090.38,1081.21,-708.125,-9.71193,-73.6184,500.404,1750.42,75.6673,1775.96,4505.9,2388.99,2388.99,174.152,-991.013,154.359,188.338,145.304,-87.1532,181.354,-144.153,-157.079,-159.401,194.289,191.735,195.033,-143.065,61.1716,61.1716,-139.096,409.26,409.26,-971.036,167.044,172.045,-141.77,152.783,396.426,799.067,799.067,319.398,643.582,701.838,2074.16,-643.226,412.577,-319.398,-3.64202,475.454,765.295,450.561,447.947,3.64202,-546.987,-594.105,150.217,126.69,171.153,73.7668,-25.6752,186.039,95.2403,95.2321,-49.9912,95.3452,-84.8722,-110.402,53.4212,-532.471,-643.582,-577.916,-701.838,-92.1028,-92.1028,-69.1132,-183.382,34.9038,34.9038,151.145,151.145,-263.485,-263.485,67.9117,37.9574,14.4406,-204.191,924.669,-2819.13,-2121.96,5016.44,-14.4406,1166.75,-240.163,-264.566,146.462,146.462,85.3034,85.3034,144.069,285.858,-427.592,5.66704,25.2779,25.2779,100.992,166.574,-213.509,69.5048,19.1421,19.1421,38.5547,38.0113,230.59,230.59,303.194,102.436,235.033,-36.0437,194.157,-163.925,-163.925,91.4232,103.437,0,87.8903,162.855,0,89.0552,-231.225,-231.225,-120.524,35.3367,-100.895,-101.629,-109.746,1.07932,9.98994,153.597,-23.6885,-519.034,-185.086,-79.2632,-79.2632,34.263,153.786,153.786,7.44348,8.01155,-429.083,0,25.2525,25.2525,0,416.974,0,149.838,0,-108.016,0,37.5923,-55.4798,-26.6506,-72.8148,-72.8148,0,-35.4763,-35.4763,-52.0751,0,0.764933,435.813,435.813,435.813,0.817723,0,0,0,29.519,29.519,29.519,0,-31.0821,-9.26781,-9.26781,-4.50357,442.19,-6.67931,-6.67931,3.1589,10.4189,2.1113,-33.8774,18.0649,17.9144,7.10345,0,-5.76545,0,-226.687,-226.687,-226.687,0,0,0,0,10.5577,604.737,92.6451,92.6451,-173.17,-443.366,-39.4819,-57.1069,0,162.753,-216.649,-59.036,-450.784,-348.25,-837.969,-559.984,58.7722,13.9915,315.255,315.255,645.111,203.844,95.7761,1540.7,1229.65,55.5057,80.3553,195.274,954.894,359.386,411.541,-308.543,263.861,2750.66,-3242.21,-1331,6916.95,497.948,-940.937,730.75,0.311785,459.057,-117.475,215.397,79.5042,427.254,72.3033,305.966,-121.382,-121.382,124.617,173.208,173.208,650.107,84.2962,0,235.29,-53.0295,-410.326,0,0
2020-08-04 06:00:00 UTC,-164.457,-90.5112,294.565,-53.3846,-53.3846,-69.0591,71.0548,123.209,-216.956,-216.956,461.683,152.531,-737.73,-37.8303,58.8979,166.846,412.652,89.8106,-341.491,-53.5277,-9.30755,-112.352,-112.352,-206.422,-276.764,-97.8323,-16.3249,9.54423,9.36788,138.633,-76.7825,-76.7825,-169.074,-95.5436,-95.5436,-241.661,118.441,148.38,-739.347,-739.347,161.331,364.01,330.696,169.224,194.659,-280.809,-938.402,-956.97,-948.207,10.0011,-88.0821,-88.0821,23.711,-42.9019,-47.0575,7.84045,7.84045,-202.455,133.102,61.3486,178.34,-147.504,-79.4088,113.782,113.782,-8.76563,-23.3453,115.79,115.79,16.3696,289.883,-197.927,-89.1474,-89.1474,2.69643,2.69643,0.532468,0.790103,0.701984,-6.44876,-4.62752,12.2408,-1.22766,-1.25299,-1.05553,-4.02082,2.86267,65.3725,65.3725,6.96602,6.96602,8.07648,8.07648,-66.1042,-66.1042,-66.1042,23.3994,23.3994,5.21139,-26.2988,-12.657,-12.657,12.4316,12.4316,-66.7092,-14.3279,-169.224,-6.83966,-6.83966,-137.434,-137.434,-137.434,439.614,-108.945,-108.945,-115.015,-115.015,-5.70063,34.8614,34.8614,-11.4778,-11.4778,-563.021,-563.021,477.233,477.233,0,-26.6564,-200.463,-84.0889,237.465,237.465,-155.643,906.324,487.919,-161.662,-557.898,-557.898,120.063,120.063,-483.875,-483.875,46.1046,121.818,133.96,669.296,206.176,206.176,-125.659,-125.659,-125.659,419.967,419.967,-480.925,-1.70934e-09,-1.70934e-09,191.044,-337.598,-337.598,448.124,-175.962,52.11,0,240.761,174.54,-452.107,-339.165,-339.165,-57.9857,15.7599,-11.3379,-288.995,-288.995,74.9383,63.5009,63.5009,1002.14,-185.15,-1002.14,716.526,731.388,709.202,-1012.81,390.39,-272,938.402,956.97,948.207,-668.637,-8.11431,-53.2574,460.2,1627.45,63.6668,1650.99,4168.69,2206.69,2206.69,169.581,-915.096,139.889,181.342,134.836,-87.8811,166.981,-135.77,-145.452,-147.896,180.55,178.117,181.239,-134.407,53.2308,53.2308,-130.66,382.461,382.461,-903.379,147.033,158.398,-133.233,140.754,373.163,723.103,723.103,300.991,605.35,660.236,1968.6,-618.22,379.203,-300.991,-3.26148,428.94,711.64,418.901,416.432,3.26148,-519.668,-564.675,141.877,119.594,161.813,68.8042,-23.4575,168.259,89.5513,89.5431,-46.2726,83.0911,-79.6631,-103.72,53.2698,-506.792,-605.35,-550.314,-660.236,-88.5711,-88.5711,-65.7497,-174.469,34.4314,34.4314,145.334,145.334,-248.854,-248.854,53.6771,34.3317,11.5186,-195.253,889.526,-2642.39,-2011.32,4898.64,-11.5186,1105.67,-208.327,-249.434,126.032,126.032,70.1322,70.1322,150.167,276.064,-389.979,6.97952,21.0801,21.0801,79.9294,160.889,-266.282,53.7387,15.6748,15.6748,32.1468,31.6925,212.085,212.085,278.272,94.3254,212.243,-46.2791,158.126,-148.86,-148.86,82.0575,92.822,0,83.6653,154.975,0,79.9385,-219.351,-219.351,-106.459,22.4405,-91.5778,-92.2509,-99.5424,-3.35417,5.9888,138.711,-22.7163,-499.372,-175.705,-74.722,-74.722,33.6232,146.524,146.524,6.4167,6.94997,-412.915,0,28.8594,28.8594,0,380.855,0,131.319,0,-101.472,0,37.3915,-55.16,-25.4424,-67.9125,-67.9125,0,-33.8659,-33.8659,-48.8196,0,0.594664,379.814,379.814,379.814,0.696858,0,0,0,25.2016,25.2016,25.2016,0,-30.2496,-9.67134,-9.67134,-5.39285,400.435,-7.11902,-7.11902,1.98417,8.56566,1.2881,-30.8016,16.4666,16.3286,6.53906,0,-5.76545,0,-219.236,-219.236,-219.236,0,0,0,0,7.08083,538.728,86.4428,86.4428,-182.502,-407.265,-45.5062,-65.9674,0,139.013,-204.209,-55.9583,-455.889,-381.087,-812.952,-522.928,44.4195,11.3379,288.531,288.531,588.508,169.534,85.1782,1302.33,1139.13,52.1464,75.442,183.383,888.446,338.313,382.492,-292.691,236.5,2567.3,-3210.74,-1315.65,6752.3,447.916,-933.264,734.92,-10.5477,426.163,-117.703,208.595,68.2243,464.184,66.4986,299.666,-111.96,-111.96,106.963,165.522,165.522,594.255,69.0591,0,225.177,-53.9606,-398.36,0,0
2020-08-04 07:00:00 UTC,-157.584,-87.5654,291.528,-54.5215,-54.5215,-57.0386,71.459,124.374,-214.724,-214.724,420.02,137.89,-685.469,-42.3884,52.3544,155.113,385.598,83.7497,-316.042,-47.9146,-0.217713,-104.167,-104.167,-192.364,-261.138,-92.0887,-15.4991,8.49039,9.93983,127.963,-71.4404,-71.4404,-156.608,-88.1566,-88.1566,-223.996,107.308,134.525,-674.296,-674.296,146.079,334.257,305.879,156.958,177.091,-256.289,-843.883,-860.71,-852.34,8.95628,-80.6463,-80.6463,21.7265,-39.288,-42.1132,7.16013,7.16013,-185.898,122.267,55.7345,163.139,-135.087,-73.0706,104.48,104.48,-8.21248,-22.1397,109.873,109.873,15.0538,269.902,-184.879,-82.1768,-82.1768,2.53782,2.53782,0.440854,0.686901,0.552953,-5.95517,-4.42817,11.1723,-1.19551,-1.22261,-0.943334,-3.7298,2.75362,59.9272,59.9272,6.10097,6.10097,7.09184,7.09184,-60.712,-60.712,-60.712,21.9949,21.9949,5.57201,-23.8127,-11.9648,-11.9648,11.4384,11.4384,-60.6192,-13.2472,-156.958,-6.24275,-6.24275,-128.088,-128.088,-128.088,407.164,-101.502,-101.502,-107.137,-107.137,-5.70063,32.1906,32.1906,-11.8934,-11.8934,-527.932,-527.932,445.692,445.692,0,-25.4392,-187.749,-78.9943,222.062,222.062,-145.008,837.626,451.255,-150.599,-522.551,-522.551,111.915,111.915,-452.897,-452.897,43.5356,114.097,108.091,654.438,191.071,191.071,-116.8,-116.8,-116.8,384.993,384.993,-450.135,-5.70548e-10,-5.70548e-10,176.346,-311.884,-311.884,412.646,-160.59,51.3028,0,222.24,167.249,-415.6,-313.265,-313.265,-53.747,15.0846,-9.60276,-269.058,-269.058,74.7691,62.8198,62.8198,900.61,-167.196,-900.61,659.85,673.582,653.899,-924.537,354.682,-250.784,843.883,860.71,852.34,-635.3,-6.00127,-37.804,430.761,1534.19,55.2766,1555.94,3914.8,2069.5,2069.5,164.979,-857.588,129.742,175.044,127.577,-86.2278,156.255,-129.117,-136.665,-139.175,170.055,167.723,170.704,-127.688,47.6512,47.6512,-124.12,361.297,361.297,-851.756,133.196,148.123,-126.602,132.466,354.932,667.983,667.983,286.502,575.55,627.802,1884.5,-597.565,354.064,-286.502,-2.83205,394.626,670.362,394.541,392.186,2.83205,-497.951,-541.255,135.432,114.127,154.595,64.9877,-21.5155,154.483,85.0935,85.0853,-43.1919,74.0005,-75.5868,-98.5123,52.3675,-486.29,-575.55,-528.25,-627.802,-85.9257,-85.9257,-63.5006,-168.357,34.1051,34.1051,141.003,141.003,-237.166,-237.166,42.5212,31.7173,9.35602,-188.319,863.94,-2504.52,-1923.62,4815.25,-9.35602,1054.79,-183.58,-237.757,109.964,109.964,57.9705,57.9705,154.485,268.508,-361.504,8.00529,18.1974,18.1974,63.0368,157.43,-309.053,40.4228,13.1483,13.1483,27.2799,26.8933,198.154,198.154,259.234,87.7775,194.948,-55.1049,129.258,-137.471,-137.471,75.031,84.8526,0,80.6337,149.507,0,73.0732,-211.155,-211.155,-95.6981,12.0564,-84.5247,-85.1514,-91.9001,-6.82955,2.85148,126.39,-21.805,-483.57,-168.013,-71.1612,-71.1612,32.7378,139.506,139.506,5.51803,6.01644,-394.328,0,30.9978,30.9978,0,349.674,0,114.489,0,-94.9276,0,37.2231,-53.3838,-24.1563,-63.3789,-63.3789,0,-32.1755,-32.1755,-45.9206,0,0.494035,339.964,339.964,339.964,0.603629,0,0,0,22.4132,22.4132,22.4132,0,-28.5728,-9.28098,-9.28098,-5.07565,369.073,-6.96249,-6.96249,1.42518,7.50142,0.901421,-29.2001,15.3209,15.1923,6.11593,0,-5.76545,0,-212.45,-212.45,-212.45,0,0,0,0,4.76399,490.127,81.7825,81.7825,-185.62,-379.304,-48.4059,-70.25,0,122.34,-194.278,-53.3865,-453.542,-398.83,-789.911,-495.292,34.5016,9.60276,268.648,268.648,546.564,146.147,77.1901,1129,1069.58,49.5335,71.6101,174.099,837.207,323.408,360.66,-281.722,215.297,2416.32,-3192.41,-1306.78,6635.77,411.146,-930.484,736.471,-18.7872,401.463,-118.183,204.669,59.038,494.474,63.1261,294.547,-104.704,-104.704,94.7552,160.407,160.407,552.905,57.0386,0,215.637,-54.0341,-386.907,0,0
2020-08-04 08:00:00 UTC,-152.816,-85.6042,286.268,-55.0509,-55.0509,-49.0685,70.3375,122.981,-212.837,-212.837,388.4,128.069,-646.712,-47.896,48.2181,145.046,368.63,79.9521,-296.485,-43.5859,6.50228,-98.9525,-98.9525,-181.992,-249.41,-87.8032,-14.8908,7.72464,10.2883,120.19,-67.5677,-67.5677,-147.711,-82.9567,-82.9567,-211.223,99.6802,125.024,-627.921,-627.921,135.596,312.111,287.428,147.789,164.882,-238.984,-777.8,-793.4,-785.35,8.28102,-75.2936,-75.2936,20.3942,-36.7501,-38.703,6.66688,6.66688,-174.066,114.625,51.8777,152.592,-126.172,-68.4813,97.9736,97.9736,-7.78662,-21.1621,105.153,105.153,14.0245,254.996,-175.371,-77.3303,-77.3303,2.37975,2.37975,0.37191,0.607758,0.445935,-5.59923,-4.27197,10.4173,-1.17709,-1.20519,-0.874374,-3.5287,2.66053,55.9686,55.9686,5.5133,5.5133,6.42199,6.42199,-56.7818,-56.7818,-56.7818,20.9048,20.9048,5.76607,-22.0611,-11.4394,-11.4394,10.7269,10.7269,-56.2636,-12.4685,-147.789,-5.85942,-5.85942,-121.315,-121.315,-121.315,383.85,-96.1964,-96.1964,-101.474,-101.474,-5.70063,30.3312,30.3312,-12.0387,-12.0387,-502.31,-502.31,422.7,422.7,0,-24.5127,-178.415,-75.1493,210.769,210.769,-137.266,788.312,424.898,-142.505,-496.814,-496.814,106.067,106.067,-430.412,-430.412,41.7033,108.432,90.5891,641.075,180.126,180.126,-110.235,-110.235,-110.235,359.909,359.909,-427.809,-6.43443e-10,-6.43443e-10,165.918,-293.309,-293.309,387.156,-149.572,50.3136,0,208.682,161.273,-389.074,-294.527,-294.527,-50.8731,14.2874,-8.48067,-254.329,-254.329,74.0023,61.8579,61.8579,829.586,-154.33,-829.586,618.702,631.609,613.637,-860.891,329.31,-235.276,777.8,793.4,785.35,-609.087,-4.07237,-26.8276,409.477,1465.09,49.4352,1485.34,3726.97,1968.17,1968.17,161.193,-814.96,122.381,170.033,121.875,-85.4574,148.352,-124.08,-130.154,-132.701,162.216,159.964,162.834,-122.616,43.6896,43.6896,-119.185,345.765,345.765,-813.119,123.449,140.522,-121.592,125.978,341.233,628.395,628.395,275.63,553.075,603.334,1820.53,-581.197,335.815,-275.63,-2.5344,370.134,639.413,376.274,374.007,2.5344,-481.337,-523.324,130.566,110.067,149.537,62.2627,-19.7201,144.553,81.7015,81.6933,-40.6927,67.5171,-72.4976,-94.5272,52.1761,-470.557,-553.075,-511.3,-603.334,-84.2176,-84.2176,-61.979,-164.489,34.1013,34.1013,138.376,138.376,-228.29,-228.29,34.2434,29.8439,7.79882,-183.483,851.408,-2399.58,-1856.81,4779.1,-7.79882,1016.51,-165.531,-229.102,98.1701,98.1701,49.1273,49.1273,157.432,263.044,-341.083,8.95788,16.3743,16.3743,50.2361,155.368,-341.455,29.8795,11.459,11.459,23.9207,23.5808,188.029,188.029,245.384,82.9119,182.517,-61.5984,108.45,-129.482,-129.482,70.1851,79.3575,0,78.3768,145.728,0,68.2701,-205.275,-205.275,-88.1747,5.17036,-79.5992,-80.1937,-86.6537,-9.25549,0.652364,116.773,-20.8727,-471.113,-162.178,-68.4732,-68.4732,32.0454,134.726,134.726,5.03104,5.51036,-384.127,0,32.35,32.35,0,327.126,0,98.4589,0,-90.0806,0,37.1099,-52.1102,-23.1754,-60.0396,-60.0396,0,-30.8786,-30.8786,-43.7442,0,0.43083,312.219,312.219,312.219,0.53985,0,0,0,20.6049,20.6049,20.6049,0,-27.2584,-8.9396,-8.9396,-4.7595,346.867,-6.80634,-6.80634,1.04231,6.81903,0.646943,-27.9778,14.4826,14.3611,5.85986,0,-5.76545,0,-206.796,-206.796,-206.796,0,0,0,0,3.32755,454.683,78.4022,78.4022,-185.961,-358.639,-49.9118,-72.4805,0,111.079,-186.818,-51.3562,-448.451,-408.104,-770.676,-474.232,27.5709,8.48067,253.968,253.968,515.781,130.272,71.4337,1003.18,1015.35,47.5271,68.6874,167.025,791.274,313.277,343.775,-274.456,199.407,2292.73,-3190.75,-1305.79,6585.22,384.983,-929.227,736.861,-25.5014,384.842,-118.728,202.595,52.1195,517.881,61.468,290.295,-99.3432,-99.3432,86.184,156.937,156.937,523.684,49.0685,0,205.85,-53.8552,-377.198,0,0
2020-08-04 09:00:00 UTC,-151.166,-85.1392,284.847,-55.9559,-55.9559,-44.2918,70.027,122.725,-214.113,-214.113,373.546,123.09,-628.589,-50.8979,45.9481,140.84,360.602,78.1565,-287.063,-41.4015,10.7799,-96.3936,-96.3936,-177.38,-244.624,-86.0557,-14.6109,7.37425,10.6675,116.66,-65.7678,-65.7678,-143.444,-80.4108,-80.4108,-205.073,95.2152,119.459,-601.367,-601.367,129.653,299.925,278.569,143.377,158.22,-229.797,-740.079,-754.974,-747.127,7.725,-72.2617,-72.2617,19.8948,-35.1707,-35.1162,6.61722,6.61722,-166.749,112.14,49.7991,147.272,-120.477,-65.5332,94.8216,94.8216,-7.7864,-21.2985,103.35,103.35,13.8674,248.217,-170.653,-76.2505,-76.2505,2.57551,2.57551,0.360119,0.595418,0.379947,-5.39179,-4.31343,9.83031,-1.16814,-1.1967,-0.787559,-3.36781,2.63474,53.9541,53.9541,4.86436,4.86436,5.68348,5.68348,-54.7745,-54.7745,-54.7745,20.4278,20.4278,6.3466,-20.6641,-11.2431,-11.2431,10.283,10.283,-53.9677,-11.9698,-143.377,-5.71609,-5.71609,-117.501,-117.501,-117.501,370.762,-93.3568,-93.3568,-98.3778,-98.3778,-5.70063,29.388,29.388,-12.0965,-12.0965,-488.06,-488.06,409.856,409.856,0,-24.0339,-173.146,-72.868,204.4,204.4,-132.817,760.592,410.07,-137.803,-482.51,-482.51,102.887,102.887,-418.014,-418.014,40.6652,105.237,80.5327,633.565,173.825,173.825,-106.344,-106.344,-106.344,345.4,345.4,-415.528,-2.84066e-09,-2.84066e-09,159.886,-282.488,-282.488,372.462,-142.951,49.9641,0,200.848,157.867,-373.278,-283.608,-283.608,-49.4872,13.6026,-7.8157,-246.564,-246.564,73.4221,61.2095,61.2095,789.094,-146.724,-789.094,594.629,607.053,590.043,-823.393,314.758,-226.239,740.079,754.974,747.127,-593.293,-2.60695,-19.6753,398.096,1427.72,46.1893,1446.75,3624.27,1912.92,1912.92,159.52,-790.521,118.409,167.738,118.586,-85.4933,143.94,-121.278,-126.523,-129.087,157.894,155.683,158.495,-119.76,41.3175,41.3175,-116.407,337.364,337.364,-791.502,117.846,136.168,-118.772,122.029,333.606,606.296,606.296,270.05,540.867,590.039,1785.39,-573.063,326.956,-270.05,-2.61629,358.414,622.385,366.224,364.004,2.61629,-472.244,-513.503,127.808,107.819,147.032,60.8595,-18.5285,139.833,79.785,79.7768,-39.2282,64.7099,-70.7617,-92.2518,52.4299,-461.932,-540.867,-502.002,-590.039,-83.4461,-83.4461,-61.2652,-162.83,34.2168,34.2168,137.268,137.268,-223.382,-223.382,30.3842,28.8614,6.75004,-181.084,848.081,-2340.98,-1819.81,4779.24,-6.75004,995.818,-156.824,-224.669,92.4532,92.4532,44.2502,44.2502,158.539,260.444,-332.179,9.58999,15.768,15.768,43.6052,155.336,-357.473,24.0294,10.771,10.771,22.4283,22.1092,182.893,182.893,238.318,80.3573,176.037,-66.8353,97.4151,-126.816,-126.816,68.4309,77.3442,0,78.6782,146.205,0,66.5426,-206.019,-206.019,-84.9536,0.793504,-77.532,-78.1131,-84.7775,-10.4501,-0.32175,111.677,-20.4221,-465.178,-158.87,-66.9794,-66.9794,31.5887,133.246,133.246,4.85456,5.32951,-383.109,0,33.7969,33.7969,0,315.915,0,91.0516,0,-88.1133,0,37.0617,-52.2176,-22.7954,-58.5136,-58.5136,0,-30.339,-30.339,-42.6363,0,0.390573,296.205,296.205,296.205,0.509522,0,0,0,19.4554,19.4554,19.4554,0,-27.1134,-9.15116,-9.15116,-5.15102,338.553,-6.99988,-6.99988,0.630303,6.27605,0.368054,-26.7976,13.9609,13.8433,5.8151,0,-5.76545,0,-203.48,-203.48,-203.48,0,0,0,0,2.58569,436.526,76.5696,76.5696,-185.623,-346.457,-50.6981,-73.6455,0,104.911,-182.59,-50.1512,-444.606,-412.236,-759.583,-461.881,23.8672,7.8157,246.234,246.234,498.709,121.853,68.9158,935.35,983.602,46.3749,67.0269,163.014,759.393,308.484,334.093,-271.11,191.113,2216.96,-3205.58,-1312.72,6585.55,372.497,-929.146,736.266,-29.3072,378.588,-119.588,203.366,48.5641,530.394,61.2091,287.942,-96.6006,-96.6006,81.9532,157.432,157.432,512.94,44.2918,0,201.081,-53.5298,-371.617,0,0
2020-08-04 10:00:00 UTC,-153.138,-86.6715,293.664,-58.229,-58.229,-40.9633,73.1212,127.774,-220.273,-220.273,373.334,122.093,-629.34,-53.2421,45.0554,141.962,361.372,78.3287,-286.297,-40.8706,14.3103,-96.2448,-96.2448,-178.043,-246.796,-86.828,-14.621,7.38441,11.3589,116.858,-65.7907,-65.7907,-143.254,-80.1946,-80.1946,-204.745,93.4544,117.264,-593.109,-593.109,127.447,297.275,278.401,143.289,155.957,-227.047,-728.038,-742.711,-734.916,7.36809,-71.3637,-71.3637,19.9149,-34.5452,-32.5408,6.81323,6.81323,-163.969,112.844,49.0349,146.349,-118.204,-64.3531,94.682,94.682,-8.03162,-22.0682,103.93,103.93,14.2771,248.696,-171.011,-78.864,-78.864,2.92771,2.92771,0.38217,0.625106,0.355662,-5.32595,-4.44628,9.51283,-1.15723,-1.18638,-0.704237,-3.26957,2.67848,53.5964,53.5964,4.36994,4.36994,5.12328,5.12328,-54.4235,-54.4235,-54.4235,20.5742,20.5742,6.98804,-19.8825,-11.3103,-11.3103,10.1165,10.1165,-53.318,-11.7816,-143.289,-5.75016,-5.75016,-116.739,-116.739,-116.739,368.112,-92.9324,-92.9324,-97.8353,-97.8353,-5.70063,29.2244,29.2244,-12.277,-12.277,-485.61,-485.61,407.892,407.892,0,-24.0438,-172.267,-72.4532,203.437,203.437,-131.915,754.726,406.93,-136.784,-479.969,-479.969,102.394,102.394,-415.869,-415.869,40.5093,104.762,76.3867,635.538,172.41,172.41,-105.292,-105.292,-105.292,341.094,341.094,-413.441,-1.70507e-09,-1.70507e-09,158.263,-279.301,-279.301,368.244,-140.465,50.381,0,198.49,157.633,-367.8,-280.339,-280.339,-49.4619,13.3192,-7.75415,-245.987,-245.987,73.464,61.2103,61.2103,776.226,-143.755,-776.226,586.773,599.041,582.318,-809.908,310.223,-223.35,728.038,742.711,734.916,-589.109,-1.39907,-14.5641,397.741,1427.22,45.3986,1445.1,3619.52,1910.57,1910.57,160.975,-784.84,117.875,169.163,117.564,-87.5756,143.483,-120.996,-126.149,-128.715,157.761,155.548,158.361,-119.469,40.5306,40.5306,-116.125,337.033,337.033,-788.154,115.978,135.462,-118.487,120.664,333.216,601.945,601.945,270.487,541.036,590.223,1785.95,-576.727,328.102,-270.487,-2.94192,359.981,622.432,366.251,364.032,2.94192,-472.366,-513.635,127.737,107.834,147.379,60.9826,-18.3223,140.477,79.7677,79.7595,-39.1961,65.1768,-70.7593,-92.183,53.0879,-462.046,-541.036,-502.126,-590.223,-83.6162,-83.6162,-61.3051,-163.213,34.3513,34.3513,137.635,137.635,-223.464,-223.464,30.8673,28.7576,6.02963,-181.394,852.06,-2341.34,-1819.59,4811.66,-6.02963,991.786,-157.953,-225.296,93.1715,93.1715,42.519,42.519,158.155,260.619,-334.651,9.70567,16.0413,16.0413,43.8894,157.017,-354.886,24.0148,10.7485,10.7485,22.3354,22.0175,183.255,183.255,238.419,80.1022,175.422,-72.6564,93.1969,-129.055,-129.055,69.4796,78.466,0,82.0758,151.643,0,67.6008,-214.452,-214.452,-85.3934,-2.43469,-78.3694,-78.9572,-85.9829,-11.3157,-0.748546,112.245,-20.9055,-469.055,-158.923,-66.985,-66.985,31.6371,135.772,135.772,4.81285,5.29384,-390.257,0,36.3311,36.3311,0,317.045,0,89.7799,0,-88.9836,0,37.066,-54.1707,-23.0509,-58.6016,-58.6016,0,-30.5704,-30.5704,-42.3974,0,0.37227,290.848,290.848,290.848,0.50478,0,0,0,18.8759,18.8759,18.8759,0,-27.7028,-9.6321,-9.6321,-5.85543,344.252,-7.34777,-7.34777,0.326439,5.83646,0.13627,-26.2585,13.7965,13.6798,5.89856,0,-5.76545,0,-203.345,-203.345,-203.345,0,0,0,0,2.67017,435.244,76.6332,76.6332,-185.91,-342.804,-51.3434,-74.5893,0,103.279,-181.942,-49.9143,-444.8,-413.974,-759.741,-459.67,23.5415,7.75415,245.685,245.685,497.798,120.392,69.3148,933.707,981.799,46.3273,66.9904,162.942,750.416,308.923,333.676,-271.456,191.791,2211.29,-3239.19,-1328.74,6631.29,374.177,-930.653,734.536,-29.4989,381.588,-120.673,206.021,48.7123,530.123,61.8151,287.943,-96.5973,-96.5973,82.3257,163.122,163.122,520.629,40.9633,0,206.017,-52.7805,-371.854,0,0
2020-08-04 11:00:00 UTC,-158.426,-90.179,312.661,-62.0488,-62.0488,-38.938,79.6561,138.171,-231.78,-231.78,383.976,124.168,-644.729,-56.0623,45.1953,146.892,369.587,80.1663,-291.8,-41.4907,17.7402,-98.0603,-98.0603,-182.301,-254.652,-89.5984,-14.8132,7.61909,12.6673,119.436,-67.075,-67.075,-146.359,-82.0726,-82.0726,-208.745,94.3827,118.421,-602.543,-602.543,128.61,303.329,285.056,146.584,157.153,-228.684,-741.006,-755.927,-748.029,7.41904,-72.4589,-72.4589,20.1899,-34.9929,-32.7608,6.99768,6.99768,-166.159,114.547,49.3417,149.452,-119.849,-65.2071,97.4371,97.4371,-8.26095,-22.7344,105.819,105.819,14.7821,254.559,-175.943,-84.1482,-84.1482,3.12878,3.12878,0.40554,0.661197,0.376111,-5.39818,-4.53742,9.64279,-1.14662,-1.17638,-0.680628,-3.28915,2.78621,54.5641,54.5641,4.35833,4.35833,5.1163,5.1163,-55.402,-55.402,-55.402,21.3154,21.3154,7.18064,-20.1676,-11.5313,-11.5313,10.2814,10.2814,-53.8785,-11.9724,-146.584,-5.97785,-5.97785,-119.148,-119.148,-119.148,376.276,-95.0003,-95.0003,-100.002,-100.002,-5.70063,29.9164,29.9164,-12.7582,-12.7582,-495.709,-495.709,417.545,417.545,0,-24.6804,-176.095,-74.0376,208.234,208.234,-134.627,771.6,415.96,-139.593,-489.857,-489.857,104.776,104.776,-424.617,-424.617,41.2261,107.172,77.8735,648.619,176.032,176.032,-107.265,-107.265,-107.265,347.337,347.337,-422.146,-6.36732e-10,-6.36732e-10,161.305,-283.961,-283.961,374.749,-142.312,51.371,0,201.599,160.749,-373.03,-284.96,-284.96,-50.7857,13.6242,-8.19201,-253.092,-253.092,74.1947,61.8786,61.8786,790.546,-145.279,-790.546,594.967,607.406,590.313,-820.245,315.83,-226.78,741.006,755.927,748.029,-597.222,-0.372111,-10.7641,409.357,1467.24,47.1477,1483.89,3723.23,1966.83,1966.83,165.651,-798.99,121.187,174.487,120.171,-89.903,147.242,-123.582,-129.299,-131.854,162.224,159.957,162.841,-121.968,41.2974,41.2974,-118.557,344.627,344.627,-804.41,118.062,138.66,-120.962,123.11,340.925,616.264,616.264,276.995,555.509,605.982,1829.68,-594.276,338.208,-276.995,-2.69821,373.383,642.399,378.038,375.761,2.69821,-483.163,-525.294,131.115,110.714,151.336,62.9917,-19.0231,145.703,82.03,82.0218,-40.5383,68.0992,-72.824,-94.8078,53.8135,-472.292,-555.509,-513.169,-605.982,-85.3009,-85.3009,-62.6019,-167.284,34.9321,34.9321,140.724,140.724,-229.378,-229.378,33.6996,29.8987,5.47734,-185.364,874.559,-2408.65,-1863.69,4930.44,-5.47734,1002.6,-167.916,-230.877,99.6605,99.6605,43.1526,43.1526,157.382,262.871,-345.63,9.68536,16.5959,16.5959,49.7486,159.945,-336.664,29.2214,10.9716,10.9716,23.0158,22.6885,188.822,188.822,245.122,81.8509,180.103,-79.2668,93.5412,-134.977,-134.977,72.6935,82.0071,0,87.7578,160.866,0,70.7503,-228.598,-228.598,-88.6173,-5.0288,-81.6954,-82.3084,-89.5955,-12.309,-1.05643,117.893,-22.267,-484.533,-162.563,-68.637,-68.637,32.1211,142.145,142.145,4.90837,5.40592,-405.654,0,40.2344,40.2344,0,326.838,0,91.9145,0,-92.111,0,37.1047,-57.5121,-23.8981,-59.7211,-59.7211,0,-31.4087,-31.4087,-42.5308,0,0.382705,296.077,296.077,296.077,0.518605,0,0,0,19.1189,19.1189,19.1189,0,-28.363,-9.9494,-9.9494,-6.25756,361.281,-7.54617,-7.54617,0.3373,5.72441,0.0697791,-27.1458,14.0396,13.9207,6.13213,0,-5.76545,0,-206.785,-206.785,-206.785,0,0,0,0,3.43729,452.053,78.532,78.532,-187.078,-347.898,-51.8137,-75.2645,0,106.018,-185.062,-50.7172,-449.927,-413.773,-772.504,-469.519,26.9218,8.19201,252.806,252.806,514.438,126.173,71.9188,1003.53,1014.37,47.6406,68.9229,167.632,772.595,317.252,344.509,-277.957,201.198,2283.94,-3326.72,-1370.21,6798.06,388.461,-932.67,732.464,-28.0822,392.718,-121.784,210.155,52.3583,519.026,63.209,289.707,-99.3768,-99.3768,87.0415,173.118,173.118,544.393,38.938,0,220.139,-51.4744,-378.694,0,0
2020-08-04 12:00:00 UTC,-168.07,-96.0711,340.155,-66.9465,-66.9465,-40.904,88.699,152.235,-247.596,-247.596,412.554,132.487,-683.989,-59.3962,47.962,157.069,391.672,85.1099,-308.206,-44.2144,18.9425,-103.748,-103.748,-194.185,-273.195,-96.244,-15.4108,8.36117,14.7824,127.306,-70.8565,-70.8565,-154.734,-86.8292,-86.8292,-220.406,98.7409,123.853,-634.723,-634.723,134.454,321.012,302.677,155.309,163.771,-237.613,-785.915,-801.682,-793.506,7.73639,-76.1648,-76.1648,21.2751,-36.6272,-33.8523,7.5429,7.5429,-173.924,120.906,51.5581,158.097,-125.562,-68.166,103.732,103.732,-8.8619,-24.375,110.785,110.785,16.1014,269.657,-186.46,-92.5425,-92.5425,3.59287,3.59287,0.476095,0.759519,0.445747,-5.64038,-4.81352,10.1115,-1.15857,-1.18766,-0.679673,-3.40455,3.01956,57.6544,57.6544,4.44802,4.44802,5.23033,5.23033,-58.4728,-58.4728,-58.4728,23.0419,23.0419,7.549,-21.2156,-12.1046,-12.1046,10.8428,10.8428,-56.3488,-12.5773,-155.309,-6.45048,-6.45048,-124.9,-124.9,-124.9,395.913,-99.9016,-99.9016,-104.944,-104.944,-5.70063,31.4554,31.4554,-13.1181,-13.1181,-518.315,-518.315,438.589,438.589,0,-25.7089,-184.45,-77.5765,218.667,218.667,-141.2,812.692,437.932,-146.206,-512.337,-512.337,109.907,109.907,-444.331,-444.331,42.7569,112.411,87.3286,669.312,184.915,184.915,-112.361,-112.361,-112.361,365.39,365.39,-441.853,4.92354e-10,4.92354e-10,169.324,-297.434,-297.434,393.766,-148.916,53.7476,0,211.533,167.446,-390.312,-298.429,-298.429,-53.5137,14.4595,-9.12019,-267.599,-267.599,75.6227,63.2682,63.2682,839.234,-153.006,-839.234,623.323,636.341,618.048,-861.111,333.637,-238.048,785.915,801.682,793.506,-618.579,-0.372651,-11.7268,431.887,1543.59,51.77,1559.58,3925.65,2076.58,2076.58,172.727,-833.54,127.869,182.82,125.547,-93.2403,155.019,-128.801,-135.78,-138.305,170.841,168.476,171.491,-127.046,43.9013,43.9013,-123.501,360.199,360.199,-839.524,124.359,145.67,-125.988,128.632,355.875,649.989,649.989,289.734,582.157,634.989,1907.19,-621.451,359.18,-289.734,-2.86827,401.636,678.913,399.592,397.211,2.86827,-502.84,-546.525,136.959,115.623,157.914,66.4454,-20.7158,157.32,85.9934,85.9852,-43.1415,74.5853,-76.4315,-99.4701,54.4944,-490.92,-582.157,-533.232,-634.989,-87.8429,-87.8429,-64.7959,-173.248,35.5419,35.5419,145.14,145.14,-239.907,-239.907,42.5575,32.2066,5.7197,-191.861,905.223,-2530.12,-1943.09,5074.76,-5.7197,1033.96,-188.676,-241.764,113.163,113.163,48.3126,48.3126,154.728,268.266,-370.667,9.25798,18.3722,18.3722,64.4301,164.459,-296.756,41.756,11.8102,11.8102,25.2989,24.94,200.484,200.484,259.927,86.2645,191.794,-83.3824,104.523,-145.64,-145.64,78.6714,88.6669,0,95.2221,172.929,0,76.5616,-246.817,-246.817,-95.9876,-4.04355,-88.0982,-88.7579,-96.2518,-12.5281,-0.532002,130.547,-24.5123,-507.443,-169.52,-71.6946,-71.6946,33.2832,153.574,153.574,5.39275,5.92684,-434.277,0,44.7797,44.7797,0,351.61,0,98.9077,0,-99.6647,0,37.2237,-64.3399,-25.7581,-63.1128,-63.1128,0,-33.4106,-33.4106,-43.6775,0,0.419076,314.548,314.548,314.548,0.56505,0,0,0,20.3074,20.3074,20.3074,0,-30.0812,-10.7076,-10.7076,-7.18574,391.974,-8.0037,-8.0037,0.432365,6.05841,-0.00404353,-29.0496,14.7171,14.5921,6.57473,0,-5.76545,0,-213.177,-213.177,-213.177,0,0,0,0,4.80229,485.544,82.6817,82.6817,-189.22,-363.144,-51.9159,-75.385,0,113.531,-192.27,-52.5722,-458.451,-409.046,-795.289,-489.991,34.0052,9.12019,267.322,267.322,547.334,139.807,77.6899,1141.14,1074.82,49.9894,72.3403,175.902,821.81,330.508,362.52,-288.425,217.052,2416.31,-3418.92,-1414.04,7000.55,418.662,-935.374,729.383,-23.0075,416.523,-122.704,216.605,60.2455,491.735,66.3986,293.096,-104.79,-104.79,97.0509,185.869,185.869,584.745,40.904,0,243.73,-50.0318,-390.809,0,0
2020-08-04 13:00:00 UTC,-181.781,-103.627,369.342,-70.4831,-70.4831,-51.8241,97.5313,165.517,-267.369,-267.369,469.829,150.339,-757.674,-59.1452,54.8541,175.135,430.535,93.8211,-341.315,-50.8086,12.4367,-114.066,-114.066,-215.858,-302.053,-106.747,-16.5897,9.859,16.3358,142.793,-78.2534,-78.2534,-170.782,-95.8213,-95.8213,-243.518,110.103,138.005,-710.948,-710.948,149.833,360.026,336.903,172.18,181.32,-262.266,-895.32,-913.123,-904.381,8.8173,-84.9217,-84.9217,23.1992,-40.7621,-40.0407,8.29016,8.29016,-193.249,132.054,56.9985,175.262,-140.339,-75.759,115.156,115.156,-9.63863,-26.2633,118.977,118.977,17.9596,297.705,-205.908,-107.056,-107.056,3.92357,3.92357,0.582418,0.89765,0.623562,-6.22843,-5.0716,11.4555,-1.16798,-1.19663,-0.772109,-3.74368,3.3127,64.2317,64.2317,5.44783,5.44783,6.38051,6.38051,-65.051,-65.051,-65.051,25.6912,25.6912,7.25038,-24.3302,-13.0782,-13.0782,12.0947,12.0947,-62.6874,-13.975,-172.18,-7.28319,-7.28319,-135.967,-135.967,-135.967,434.102,-109.255,-109.255,-114.142,-114.142,-5.67144,34.2922,34.2922,-12.6093,-12.6093,-559.486,-559.486,476.218,476.218,0,-26.9651,-199.39,-84.0072,237.248,237.248,-154.008,893.425,481.039,-158.856,-553.829,-553.829,119.013,119.013,-480.505,-480.505,45.5628,121.709,114.183,694.355,202.426,202.426,-122.681,-122.681,-122.681,404.44,404.44,-478.127,-5.66367e-10,-5.66367e-10,185.881,-326.589,-326.589,435.579,-164.178,58.868,0,234.288,179.677,-429.17,-327.679,-327.679,-58.0355,16.1569,-10.7415,-292.851,-292.851,77.4448,65.2831,65.2831,956.81,-173.301,-956.81,690.027,704.392,683.151,-961.626,374.524,-264.14,895.32,913.123,904.381,-660.747,-2.90909,-26.6356,469.186,1666.92,61.4423,1684.38,4258.7,2257.48,2257.48,181.748,-899.199,138.16,193.811,134.227,-98.7307,168.493,-137.488,-146.907,-149.351,184.939,182.422,185.644,-135.584,49.6909,49.6909,-131.822,387.731,387.731,-901.136,136.986,158.249,-134.438,137.68,380.356,713.687,713.687,310.6,623.383,679.85,2024.52,-655.485,396.154,-310.6,-4.08188,452.764,735.276,432.854,430.317,4.08188,-532.725,-578.738,145.363,122.671,167.363,71.5407,-23.9629,178.76,91.9293,91.9211,-47.6781,87.3753,-81.8531,-106.445,55.5586,-519.101,-623.383,-563.543,-679.85,-90.9828,-90.9828,-67.7314,-180.273,35.8759,35.8759,150.223,150.223,-256.054,-256.054,61.9243,35.9698,7.36251,-200.903,937.856,-2713.85,-2062.98,5204.74,-7.36251,1105.51,-226.561,-259.284,137.926,137.926,63.7147,63.7147,148.013,279.638,-416.607,7.60068,22.7996,22.7996,93.2712,169.558,-224.855,65.0338,14.9008,14.9008,32.0617,31.6084,221.108,221.108,287.616,95.4007,215.711,-79.2017,140.928,-165.648,-165.648,90.2235,101.654,0,105.142,189.055,0,87.8203,-270.805,-270.805,-112.123,5.11928,-99.7194,-100.459,-108.973,-9.26803,3.09798,153.225,-27.4282,-534.14,-181.177,-76.5644,-76.5644,35.8482,169.612,169.612,6.47434,7.06564,-473.017,0,47.3995,47.3995,0,400.16,0,117.738,0,-111.754,0,37.4759,-72.2684,-28.4398,-69.6896,-69.6896,0,-36.495,-36.495,-46.7952,0,0.521123,360.358,360.358,360.358,0.672409,0,0,0,23.0871,23.0871,23.0871,0,-32.4206,-11.3894,-11.3894,-7.84713,447.203,-8.32916,-8.32916,1.10745,6.95077,0.313397,-32.6654,16.2416,16.1037,7.25405,0,-5.67801,0,-222.674,-222.674,-222.674,0,0,0,0,6.89448,544.687,89.9874,89.9874,-191.21,-396.404,-50.3184,-72.986,0,129.51,-205.273,-55.967,-467.365,-391.183,-827.725,-523.665,46.578,10.7415,292.565,292.565,602.275,166.879,88.9052,1369.72,1167.3,53.4987,77.4624,188.298,896.286,347.724,387.348,-302.169,240.425,2626.23,-3480.96,-1443.98,7182.73,473.579,-933.817,726.45,-9.47996,456.51,-121.782,222.964,74.8028,439.476,72.2113,298.92,-114.084,-114.084,115.199,201.697,201.697,657.552,51.8241,0,274.613,-49.2995,-408.138,0,0
2020-08-04 14:00:00 UTC,-196.445,-110.654,389.511,-69.8244,-69.8244,-72.9298,102.487,172.286,-284.252,-284.252,550.337,177.759,-856.842,-55.4283,66.5193,197.044,484.212,105.879,-386.712,-60.8417,-3.3697,-127.567,-127.567,-242.587,-334.69,-118.673,-18.0955,11.8267,16.764,162.863,-88.1498,-88.1498,-193.702,-109.391,-109.391,-275.592,130.098,162.871,-833.723,-833.723,176.5,417.805,384.006,195.201,210.799,-302.818,-1078.33,-1099.49,-1090.06,11.1138,-98.72,-98.72,26.2099,-47.7643,-53.054,9.08337,9.08337,-224.848,147.227,66.0571,202.432,-164.64,-88.0498,132.727,132.727,-10.3505,-27.6287,128.217,128.217,19.8054,335.022,-232.45,-124.167,-124.167,3.83926,3.83926,0.693242,1.02869,0.913218,-7.1624,-5.13369,13.8006,-1.18965,-1.21724,-1.01686,-4.35671,3.54767,73.7512,73.7512,7.7232,7.7232,8.97574,8.97574,-74.7298,-74.7298,-74.7298,28.6762,28.6762,5.81274,-29.813,-14.2363,-14.2363,14.0168,14.0168,-72.7519,-16.1771,-195.201,-8.76432,-8.76432,-152.881,-152.881,-152.881,493.063,-123.737,-123.737,-128.221,-128.221,-5.43269,38.8397,38.8397,-10.9268,-10.9268,-620.709,-620.709,532.105,532.105,0,-28.5046,-221.365,-93.1542,264.588,264.588,-173.417,1019.12,547.995,-177.862,-615.941,-615.941,132.82,132.82,-534.849,-534.849,49.9908,135.352,163.82,716.704,229.282,229.282,-138.412,-138.412,-138.412,467.577,467.577,-532.701,-1.70147e-09,-1.70147e-09,211.111,-372.39,-372.39,500.65,-189.834,64.2248,0,269.737,194.61,-492.604,-374.039,-374.039,-65.2442,17.7127,-13.7923,-328.679,-328.679,76.8858,65.7745,65.7745,1153.6,-206.591,-1153.6,794.467,810.915,784.61,-1123.87,441.203,-304.984,1078.33,1099.49,1090.06,-717.45,-6.14511,-55.0603,523.625,1838.61,77.6006,1859.14,4728.1,2512.67,2512.67,190.044,-998.891,156.755,205.392,146.029,-104.762,188.303,-149.081,-162.932,-165.201,204.362,201.66,205.143,-147.457,59.9416,59.9416,-143.401,426.054,426.054,-990.549,162.086,176.584,-146.162,150.753,413.194,813.835,813.835,337.365,678.163,739.435,2178.77,-692.962,445.583,-337.365,-4.75293,523.282,811.65,477.919,475.176,4.75293,-571.39,-620.351,156.773,132.362,180.42,78.6228,-27.8939,207.836,99.9882,99.98,-53.664,105.317,-89.2524,-115.864,58.2539,-555.345,-678.163,-602.456,-739.435,-95.4209,-95.4209,-71.5033,-189.823,36.5802,36.5802,157.696,157.696,-277.64,-277.64,87.6947,41.0356,10.3584,-213.276,989.542,-2959.16,-2220.36,5386.44,-10.3584,1212.61,-277.645,-281.417,171.473,171.473,89.1562,89.1562,138.784,295.789,-475.938,5.06144,29.1072,29.1072,133.304,174,-126.354,96.7154,20.0061,20.0061,42.7053,42.1038,249.124,249.124,326.099,108.232,251.097,-63.355,200.543,-190.708,-190.708,105.349,118.755,0,113.584,203.236,0,102.294,-290.371,-290.371,-134.903,24.2583,-114.986,-115.827,-125.628,-2.66474,9.38106,183.66,-30.3483,-563.079,-194.835,-83.0191,-83.0191,37.1853,186.364,186.364,8.00474,8.6572,-507.542,0,44.9872,44.9872,0,472.729,0,144.235,0,-125.712,0,37.8461,-77.3019,-31.3872,-78.0317,-78.0317,0,-39.8137,-39.8137,-51.0365,0,0.738489,438.016,438.016,438.016,0.84797,0,0,0,28.3326,28.3326,28.3326,0,-34.6702,-11.6077,-11.6077,-7.67853,518.224,-8.24565,-8.24565,2.5796,8.76192,1.24859,-37.6463,18.4461,18.2904,8.36988,0,-4.96271,0,-233.299,-233.299,-233.299,0,0,0,0,10.6398,631.001,100.018,100.018,-184.827,-446.281,-43.9128,-63.5265,0,157.258,-222.4,-60.4268,-465.112,-347.163,-862.845,-570.742,66.4143,13.7923,328.27,328.27,681.318,212.62,104.241,1701.58,1293.09,58.2212,84.4058,205.116,986.729,371.03,420.369,-320.518,271.735,2904.12,-3542.52,-1474.23,7436.88,549.742,-925.108,724.828,10.5046,506.743,-118.322,227.497,94.7766,367.566,80.7218,306.704,-126.868,-126.868,141.345,215.538,215.538,747.726,72.9298,0,305.8,-47.9175,-426.069,0,0
2020-08-04 15:00:00 UTC,-207.767,-115.266,393.159,-64.6024,-64.6024,-100.715,101.215,169.197,-291.44,-291.44,623.409,207.414,-946.386,-54.3981,80.514,211.318,540.365,118.523,-426.922,-70.4433,-23.7656,-141.671,-141.671,-262.618,-356.974,-126.72,-19.2698,13.406,15.7525,178.739,-96.7618,-96.7618,-217.033,-124.733,-124.733,-305.983,155.893,194.883,-976.549,-976.549,209.975,476.871,427.525,216.236,245.765,-348.705,-1301.41,-1326.57,-1316.69,14.753,-114.139,-114.139,29.6575,-56.4551,-73.0762,9.35142,9.35142,-262.231,160.189,76.8002,234.839,-193.562,-102.343,153.652,153.652,-10.3148,-26.6738,133.69,133.69,20.2091,367.773,-258.805,-138.079,-138.079,2.79877,2.79877,0.717051,1.03588,1.25156,-8.21832,-4.66448,16.861,-1.22939,-1.25497,-1.45722,-5.18954,3.53078,82.9982,82.9982,11.4336,11.4336,13.1895,13.1895,-84.4637,-84.4637,-84.4637,30.5959,30.5959,2.64824,-37.031,-14.9783,-14.9783,16.1531,16.1531,-83.5533,-18.7166,-216.236,-11.0259,-11.0259,-172.188,-172.188,-172.188,560.732,-140.648,-140.648,-144.716,-144.716,-4.63719,44.8442,44.8442,-8.0571,-8.0571,-689.274,-689.274,594.311,594.311,0,-30.1817,-245.429,-101.847,294.383,294.383,-194.71,1164.78,625.345,-198.74,-685.901,-685.901,149.449,149.449,-596.792,-596.792,55.525,150.292,230.414,721.693,259.475,259.475,-155.517,-155.517,-155.517,542.534,542.534,-594.879,-1.70134e-09,-1.70134e-09,238.51,-424.479,-424.479,573.648,-220.804,67.0737,0,309.694,205.307,-567.561,-427.573,-427.573,-76.1367,15.6282,-18.6682,-366.667,-366.667,70.9624,62.1217,62.1217,1394.04,-245.655,-1394.04,911.205,929.939,897.258,-1311.61,521.032,-350.611,1301.41,1326.57,1316.69,-767.227,-6.80214,-90.046,584.033,2014.06,97.7443,2037.87,5211.87,2775.15,2775.15,192.575,-1111.28,184.86,212.395,158.298,-106.815,210.173,-159.44,-179.959,-181.956,223.586,220.75,224.446,-159.471,73.5146,73.5146,-155.105,464.265,464.265,-1087.74,200.949,195.703,-157.952,165.347,444.263,933.018,933.018,362.264,729.485,795.236,2317.54,-718.803,495.397,-362.264,-5.04891,596.942,884.394,520.831,517.898,5.04891,-606.558,-658.135,167.296,141.337,192.251,85.2213,-31.5474,237.511,107.454,107.446,-59.2717,124.853,-96.1277,-124.621,59.7564,-588.086,-729.485,-637.532,-795.236,-99.2176,-99.2176,-75.1713,-198.337,36.9181,36.9181,163.828,163.828,-297.368,-297.368,115.499,46.261,13.1236,-224.248,1030.91,-3190.12,-2362.65,5530.59,-13.1236,1322.17,-327.918,-302.148,204.363,204.363,117.997,117.997,128.55,312.584,-536.39,2.4465,36.5366,36.5366,175.819,177.101,-22.7768,128.985,25.5944,25.5944,54.0294,53.2709,277.232,277.232,365.1,120.961,288.926,-38.1021,268.002,-213.015,-213.015,119.422,134.765,0,116.68,209.066,0,115.673,-297.294,-297.294,-157.863,50.1231,-129.892,-130.829,-141.023,5.13882,16.1853,214.793,-32.4084,-583.741,-203.729,-89.1461,-89.1461,33.5641,198.768,198.768,9.65685,10.3589,-527.829,0,37.6032,37.6032,0,543.629,0,160.162,0,-135.269,0,38.1733,-74.6537,-33.393,-84.4874,-84.4874,0,-41.8836,-41.8836,-54.6086,0,1.10682,534.176,534.176,534.176,1.04402,0,0,0,35.9424,35.9424,35.9424,0,-34.9986,-10.5235,-10.5235,-5.59755,583.752,-7.21925,-7.21925,4.94096,11.5382,2.93789,-43.1249,20.6633,20.491,9.98765,0,-2.57961,0,-240.078,-240.078,-240.078,0,0,0,0,16.8907,725.132,110.016,110.016,-161.04,-498.939,-30.68,-44.0815,0,195.306,-238.278,-64.3098,-438.078,-274.253,-884.401,-618.962,89.7081,18.6682,365.915,365.915,764.845,271.925,120.36,2057.36,1414.92,62.6164,90.8656,220.749,1072.99,392.745,449.806,-337.788,300.348,3157.13,-3592.01,-1499.07,7638.65,629.786,-916.081,722.065,32.0643,558.331,-112.987,230.306,114.411,292.573,92.2448,315.16,-139.767,-139.767,169.798,221.226,221.226,829.264,100.715,0,327.719,-45.3201,-434.964,0,0
2020-08-04 16:00:00 UTC,-215.685,-117.805,386.075,-57.4417,-57.4417,-125.386,96.4718,160.967,-291.97,-291.97,684.301,234.415,-1019.66,-53.2633,93.8295,221.23,590.004,129.726,-459.572,-78.6841,-41.1758,-154.053,-154.053,-280.325,-373.14,-132.68,-20.3675,14.922,13.1135,193.714,-104.827,-104.827,-237.836,-138.092,-138.092,-332.484,176.772,220.741,-1094.89,-1094.89,238.035,526.616,463.495,233.474,276.145,-390.628,-1493.35,-1521.9,-1511.91,16.5354,-126.77,-126.77,29.8427,-62.6065,-82.2266,10.062,10.062,-290.007,174.6,85.7082,260.36,-217.329,-113.8,169.603,169.603,-10.2263,-25.7166,137.181,137.181,20.3566,394.414,-279.714,-149.324,-149.324,1.95435,1.95435,0.717315,0.997554,1.55269,-9.14179,-3.90744,19.2116,-1.21481,-1.24141,-1.72457,-5.69979,3.31504,90.1287,90.1287,14.994,14.994,17.2196,17.2196,-92.5753,-92.5753,-92.5753,31.3433,31.3433,0.433042,-41.6824,-15.512,-15.512,17.4167,17.4167,-92.6605,-20.2947,-233.474,-12.2656,-12.2656,-187.505,-187.505,-187.505,617.205,-153.967,-153.967,-157.997,-157.997,-4.79273,49.782,49.782,-5.58278,-5.58278,-744.2,-744.2,645.329,645.329,0,-31.4962,-264.815,-108.146,318.739,318.739,-211.948,1285.72,689.39,-215.935,-741.974,-741.974,163.688,163.688,-646.725,-646.725,60.3945,162.493,290.295,716.134,284.512,284.512,-169.334,-169.334,-169.334,605.105,605.105,-644.86,-4.34537e-10,-4.34537e-10,259.989,-466.244,-466.244,631.675,-246.809,66.7607,0,341.199,210.084,-629.533,-470.876,-470.876,-86.4926,12.0417,-22.2312,-397.205,-397.205,62.4836,56.3965,56.3965,1601.19,-277.199,-1601.19,1003.4,1023.9,985.551,-1462.63,586.875,-388.047,1493.35,1521.9,1511.91,-796.413,-3.65769,-116.379,635.202,2153.17,115.522,2178.53,5593.7,2982.23,2982.23,192.119,-1200.82,212.363,216.114,166.475,-108.68,227.902,-166.63,-193.461,-195.189,238.464,235.543,239.386,-168.589,85.8501,85.8501,-163.975,493.955,493.955,-1164.64,238.636,210.835,-166.848,175.958,466.592,1034.99,1034.99,380.722,767.424,836.465,2415.97,-734.459,535.433,-380.722,-5.05206,658.134,938.437,552.703,549.635,5.05206,-631.961,-685.383,174.863,147.816,200.79,90.0703,-34.0389,261.36,112.781,112.773,-63.1739,141.931,-101.042,-130.918,60.2008,-611.605,-767.424,-662.679,-836.465,-101.918,-101.918,-78.1243,-204.671,37.0425,37.0425,168.033,168.033,-311.325,-311.325,138.769,50.4195,15.298,-232.068,1059.54,-3359.21,-2463.95,5628.93,-15.298,1408.17,-367.977,-317.64,230.263,230.263,142.262,142.262,119.445,326.521,-586.15,0.701166,43.6405,43.6405,209.588,180.3,60.569,152.829,30.7237,30.7237,63.7026,62.8107,299.536,299.536,396.209,130.797,320.143,-15.552,325.299,-231.315,-231.315,131.168,148.155,0,118.164,212.581,0,126.912,-301.651,-301.651,-177.187,72.3682,-142.249,-143.265,-153.784,12.1555,22.124,238.138,-33.4085,-597.84,-207.59,-93.5897,-93.5897,27.7718,206.874,206.874,11.0315,11.7643,-533.67,0,28.5353,28.5353,0,602.094,0,171.702,0,-142.418,0,38.5085,-69.3094,-34.6317,-90.4596,-90.4596,0,-43.2445,-43.2445,-58.4533,0,1.4143,617.412,617.412,617.412,1.22664,0,0,0,41.4964,41.4964,41.4964,0,-35.0571,-9.50301,-9.50301,-3.90869,636.945,-6.38433,-6.38433,7.14877,12.7724,4.68395,-46.4639,22.3383,22.1535,10.8674,0,-3.04552,0,-242.626,-242.626,-242.626,0,0,0,0,19.8483,803.495,117.662,117.662,-135.057,-538.632,-15.9847,-22.5171,0,224.046,-248.85,-66.7756,-400.768,-198.67,-891.925,-654.72,109.728,22.2312,396.073,396.073,832.258,326.233,134.028,2347.55,1505.73,65.7868,95.5063,231.96,1137.52,409.338,470.202,-351.034,320.783,3327.84,-3624.99,-1515.81,7776.25,696.641,-908.648,718.228,48.7752,603.146,-108.475,234.326,129.559,234.797,104.742,323.546,-150.042,-150.042,194.037,224.578,224.578,901.007,125.386,0,337.911,-41.8879,-435.691,0,0
2020-08-04 17:00:00 UTC,-220.254,-118.109,363.569,-47.3606,-47.3606,-152.876,86.1145,143.829,-284.085,-284.085,735.103,260.014,-1080.01,-51.0116,107.246,226.45,634.095,139.697,-486.929,-86.1745,-60.2936,-166.216,-166.216,-291.286,-381.252,-135.667,-21.0835,15.9328,10.4095,203.547,-110.526,-110.526,-255.456,-150.574,-150.574,-354.506,201.744,251.606,-1219.37,-1219.37,270.525,571.755,493.843,247.915,309.048,-431.147,-1702.3,-1734.48,-1724.64,20.2489,-139.793,-139.793,33.202,-70.4475,-95.6292,10.1724,10.1724,-321.224,186.469,96.5227,289.465,-241.437,-125.138,187.047,187.047,-9.90567,-23.8801,138.759,138.759,19.9796,415.949,-299.707,-160.807,-160.807,0.697969,0.697969,0.718474,0.965008,1.84246,-10.0276,-3.30358,21.9465,-1.2466,-1.27163,-2.14856,-6.43822,3.13738,97.6614,97.6614,18.4008,18.4008,21.0777,21.0777,-100.398,-100.398,-100.398,31.9872,31.9872,-2.85749,-48.071,-15.8497,-15.8497,19.1894,19.1894,-102.434,-22.4052,-247.915,-14.0261,-14.0261,-202.686,-202.686,-202.686,672.983,-167.303,-167.303,-171.055,-171.055,-4.35118,54.786,54.786,-2.56662,-2.56662,-796.186,-796.186,694.153,694.153,0,-32.55,-283.472,-114.65,341.824,341.824,-228.925,1407.25,753.593,-232.635,-795.289,-795.289,177.024,177.024,-694.249,-694.249,64.8989,174.051,357.23,699.807,309.26,309.26,-183.345,-183.345,-183.345,670.551,670.551,-692.54,4.84904e-10,4.84904e-10,282.912,-509.187,-509.187,692.55,-274.315,64.5363,0,373.328,211.838,-692.659,-515.046,-515.046,-95.5463,9.48108,-26.36,-425.922,-425.922,49.8279,47.3481,47.3481,1827.36,-309.528,-1827.36,1096.29,1118.55,1073.87,-1617.9,658.819,-425.545,1702.3,1734.48,1724.64,-815.199,3.3144,-144.239,685.558,2280.08,133.924,2307.4,5944.67,3172.28,3172.28,189.011,-1284.08,236.133,216.477,174.237,-108.836,244.503,-173.29,-206.111,-207.544,251.785,248.799,252.761,-176.832,98.1246,98.1246,-172.001,521.798,521.798,-1234.29,274.515,225.465,-174.881,186.202,486.452,1136.16,1136.16,396.504,799.638,871.465,2497.67,-742.187,572.47,-396.504,-4.97752,716.383,984.68,579.97,576.789,4.97752,-653.103,-708.034,181.002,153.142,207.92,94.1649,-36.1934,283.404,117.218,117.21,-66.6333,158.386,-105.15,-136.121,60.8324,-631.083,-799.638,-683.475,-871.465,-103.995,-103.995,-80.5446,-209.543,37.0318,37.0318,171.163,171.163,-323.008,-323.008,161.012,53.9159,17.066,-238.455,1080.91,-3501.47,-2548.02,5701.44,-17.066,1492.85,-405.974,-331.147,254.741,254.741,167.536,167.536,110.036,340.431,-633.213,-0.765624,51.2464,51.2464,240.354,184.066,134.406,172.88,36.6668,36.6668,74.2884,73.2509,320.454,320.454,425.924,140.171,351.162,9.00715,385.558,-249.94,-249.94,143.381,162.098,0,118.916,215.397,0,138.54,-304.619,-304.619,-197.291,96.8155,-154.662,-155.754,-167.024,20.2785,28.8079,257.464,-33.4429,-605.777,-211.658,-97.4294,-97.4294,23.613,210.342,210.342,12.4717,13.2273,-529.824,0,16.5762,16.5762,0,648.268,0,179.559,0,-146.022,0,38.7427,-62.6499,-35.1498,-94.3191,-94.3191,0,-43.8066,-43.8066,-61.2709,0,1.87368,708.721,708.721,708.721,1.41551,0,0,0,49.9165,49.9165,49.9165,0,-34.4529,-8.02683,-8.02683,-1.39594,689.877,-5.13909,-5.13909,9.25931,15.2967,6.333,-49.9518,23.9909,23.7943,12.0198,0,-1.72289,0,-242.215,-242.215,-242.215,0,0,0,0,24.6248,878.125,124.876,124.876,-93.9286,-576.691,3.41669,5.92689,0,262.223,-255.996,-68.5129,-345.594,-110.917,-889.502,-687.727,129.422,26.36,424.48,424.48,894.33,383.445,146.916,2618.05,1582.44,68.3943,99.3544,241.271,1185.33,422.535,486.315,-361.564,337.009,3468.96,-3648.81,-1528.11,7877.8,760.569,-897.989,715.009,64.2983,646.817,-104.437,239.074,143.553,183.833,117.939,332.029,-159.476,-159.476,218.018,226.948,226.948,971.404,152.876,0,337.535,-38.6878,-429.69,0,0
2020-08-04 18:00:00 UTC,-224.269,-118.578,347.395,-39.4112,-39.4112,-177.124,78.5399,131.093,-277.446,-277.446,775.949,281.219,-1128.41,-50.3158,118.37,229.825,670.868,148.027,-508.142,-92.1267,-75.4411,-176.431,-176.431,-300.572,-384.025,-136.886,-21.7598,16.9078,6.14271,212.788,-115.438,-115.438,-268.251,-158.9,-158.9,-372.56,223.098,277.949,-1325.19,-1325.19,298.766,609.721,518.373,259.503,337.93,-467.453,-1885.37,-1920.69,-1911.16,23.2323,-150.944,-150.944,36.069,-76.995,-111.459,10.1081,10.1081,-347.082,195.359,105.701,312.018,-261.711,-134.441,199.691,199.691,-9.48573,-21.7189,139.097,139.097,19.3425,432.879,-316.334,-169.247,-169.247,-0.67537,-0.67537,0.723871,0.938389,2.09412,-10.7957,-2.95132,24.3043,-1.2795,-1.30291,-2.5971,-7.20674,2.95536,104.583,104.583,21.3294,21.3294,24.3918,24.3918,-107.189,-107.189,-107.189,32.2403,32.2403,-6.38772,-54.6996,-16.1103,-16.1103,20.9736,20.9736,-111.775,-24.563,-259.503,-15.5183,-15.5183,-215.208,-215.208,-215.208,719.584,-177.901,-177.901,-181.879,-181.879,-3.85704,59.0387,59.0387,-0.445432,-0.445432,-838.629,-838.629,735.325,735.325,0,-33.6842,-299.307,-120.279,361.225,361.225,-242.922,1509.79,807.637,-246.852,-838.632,-838.632,188.301,188.301,-733.042,-733.042,68.7792,183.75,416.671,682.08,330.168,330.168,-195.396,-195.396,-195.396,726.713,726.713,-731.253,-4.94828e-10,-4.94828e-10,302.916,-545.111,-545.111,743.963,-297.882,60.6008,0,399.359,211.02,-745.214,-551.842,-551.842,-102.871,7.47354,-29.8764,-450.145,-450.145,36.4146,37.6345,37.6345,2025.92,-335.909,-2025.92,1171.76,1195.43,1145.05,-1745.56,720.581,-456.971,1885.37,1920.69,1911.16,-822.582,12.6836,-164.818,729.719,2386.64,149.912,2414.58,6238.07,3331.22,3331.22,185.999,-1349.91,254.695,216.171,180.436,-109.078,258.155,-178.823,-216.542,-217.702,262.815,259.779,263.838,-183.42,108.468,108.468,-178.428,545.006,545.006,-1289.56,303.661,237.851,-181.302,194.366,502.506,1222.01,1222.01,408.933,825.532,899.595,2562.63,-748.397,603.711,-408.933,-4.60736,766.673,1022.3,602.148,598.879,4.60736,-669.786,-725.891,185.833,157.41,213.63,97.4686,-38.0137,302.281,120.843,120.835,-69.6817,172.661,-108.519,-140.3,61.6052,-646.382,-825.532,-699.787,-899.595,-105.485,-105.485,-82.3735,-213.101,36.9472,36.9472,173.352,173.352,-332.492,-332.492,180.437,56.7483,18.4159,-243.434,1095.25,-3616.01,-2615.27,5749.35,-18.4159,1562.98,-437.422,-342.169,275.102,275.102,189.16,189.16,101.954,352.245,-673.487,-2.22705,57.8265,57.8265,268.501,187.015,202.959,191.406,41.4929,41.4929,83.0442,81.8868,338.08,338.08,450.821,147.706,377.576,31.2564,435.67,-263.881,-263.881,152.822,172.901,0,117.981,215.083,0,147.498,-303.303,-303.303,-213.431,117.809,-165.102,-166.258,-177.21,26.3633,33.6855,275.581,-33.7666,-613.327,-215.545,-100.54,-100.54,20.934,213.588,213.588,13.7302,14.5061,-526.918,0,7.14754,7.14754,0,685.878,0,183.866,0,-147.49,0,38.9714,-54.7924,-34.929,-97.8974,-97.8974,0,-43.8296,-43.8296,-64.6086,0,2.29562,789.122,789.122,789.122,1.59163,0,0,0,56.9564,56.9564,56.9564,0,-33.5313,-6.4483,-6.4483,1.35074,732.172,-3.77354,-3.77354,11.0614,17.9365,7.7752,-52.586,25.6013,25.3934,12.8621,0,-0.242833,0,-240.287,-240.287,-240.287,0,0,0,0,28.6753,942.775,130.781,130.781,-52.6308,-606.541,22.5842,34.018,0,294.779,-260.127,-69.4745,-287.602,-28.1323,-882.411,-714.213,146.637,29.8764,448.474,448.474,946.696,434.425,157.869,2849.91,1645.11,70.4703,102.463,248.818,1216.5,432.688,499.615,-369.498,348.91,3586.82,-3663.93,-1536.13,7945,815.958,-888.435,711.701,78.9324,683.392,-100.607,242.292,155.354,137.026,129.795,339.187,-167.469,-167.469,239.29,227.15,227.15,1028.51,177.124,0,340.437,-35.0685,-420.999,0,0
2020-08-04 19:00:00 UTC,-224.594,-117.034,319.995,-30.4212,-30.4212,-195.428,67.6107,113.267,-263.762,-263.762,799.716,297.204,-1156.91,-49.2097,127.595,228.92,697.118,153.981,-521.398,-96.1727,-86.6956,-184.781,-184.781,-306.822,-382.554,-136.551,-22.2765,17.667,1.54056,219.797,-119.009,-119.009,-276.905,-164.298,-164.298,-385.028,238.647,297.101,-1398.75,-1398.75,319.527,634.165,533.24,266.509,359.229,-494.871,-2015.5,-2053.03,-2043.83,25.9957,-158.567,-158.567,39.5877,-82.0358,-131.993,9.67277,9.67277,-365.738,198.586,112.074,325.397,-275.375,-140.583,206.22,206.22,-9.14251,-20.0743,138.828,138.828,18.7764,442.742,-326.208,-174.033,-174.033,-1.63285,-1.63285,0.727238,0.907715,2.25927,-11.295,-2.72533,25.8404,-1.37902,-1.39688,-2.96067,-7.69818,2.71867,108.897,108.897,23.2941,23.2941,26.6066,26.6066,-111.474,-111.474,-111.474,31.7318,31.7318,-8.49288,-58.4016,-16.2276,-16.2276,22.0668,22.0668,-118.311,-25.7233,-266.509,-16.4153,-16.4153,-223.612,-223.612,-223.612,751.379,-184.675,-184.675,-189.094,-189.094,-3.54043,61.7945,61.7945,1.01763,1.01763,-866.706,-866.706,763.055,763.055,0,-34.3704,-309.911,-123.966,374.333,374.333,-252.43,1580.02,844.597,-256.794,-867.312,-867.312,195.976,195.976,-758.727,-758.727,71.6449,190.249,460.252,665.385,344.678,344.678,-203.795,-203.795,-203.795,766.257,766.257,-756.757,-6.4841e-10,-6.4841e-10,316.813,-569.759,-569.759,779.368,-314.858,56.312,0,416.911,208.272,-782.18,-577.034,-577.034,-107.64,5.97982,-32.7869,-466.072,-466.072,25.251,29.4073,29.4073,2167.46,-354.07,-2167.46,1222.67,1247.27,1192.82,-1833.39,764.497,-478.244,2015.5,2053.03,2043.83,-822.372,21.13,-178.651,759.708,2453.56,161.175,2481.95,6422.44,3430.52,3430.52,182.3,-1393.62,267.731,214.239,184.599,-107.501,267.141,-182.109,-223.321,-224.285,269.457,266.406,270.508,-187.574,115.891,115.891,-182.479,559.641,559.641,-1325.6,324.963,246.192,-185.335,200.125,511.81,1281.94,1281.94,415.899,840.056,915.373,2597.35,-748.193,622.687,-415.899,-4.34275,797.675,1043.71,614.764,611.447,4.34275,-679.008,-735.755,188.608,159.889,216.975,99.3908,-38.6322,312.738,122.805,122.797,-71.0296,182.058,-110.341,-142.59,61.3163,-654.806,-840.056,-708.763,-915.373,-106.584,-106.584,-83.8451,-216.283,36.9654,36.9654,174.994,174.994,-337.365,-337.365,190.902,58.5795,19.6603,-246.382,1106.37,-3679.95,-2652.17,5782.47,-19.6603,1601.88,-455.384,-348.349,286.452,286.452,202.891,202.891,96.5415,359.379,-696.032,-3.2961,62.3354,62.3354,281.594,189.375,232.666,198.052,45.2058,45.2058,89.0281,87.7889,348.595,348.595,465.811,152.201,394.124,46.9371,469.159,-272.869,-272.869,159.119,180.138,0,116.39,214.007,0,153.543,-301.607,-301.607,-224.142,133.306,-171.62,-172.814,-183.915,31.1904,37.3851,281.567,-32.7427,-615.265,-217.183,-102.26,-102.26,18.8253,212.125,212.125,14.659,15.4407,-514.858,0,-2.80591,-2.80591,0,705.598,0,184.133,0,-147.073,0,39.1504,-45.7907,-34.2875,-100.578,-100.578,0,-43.4526,-43.4526,-67.6973,0,2.6243,846.602,846.602,846.602,1.71213,0,0,0,61.8969,61.8969,61.8969,0,-32.7372,-5.29629,-5.29629,3.2657,756.97,-2.81878,-2.81878,12.2373,20.4969,8.82688,-53.1249,26.6074,26.3926,13.2394,0,0.705413,0,-237.698,-237.698,-237.698,0,0,0,0,32.6202,986.837,134.024,134.024,-16.8785,-625.818,37.8595,56.3931,0,319.616,-261.774,-69.8225,-240.537,33.1286,-873.482,-731.206,158.102,32.7869,464.244,464.244,979.63,470.604,164.948,2996.67,1680.89,71.615,104.161,252.931,1233.79,440.796,507.622,-375.785,357.651,3638.18,-3669.38,-1539.32,7991.3,850.179,-889.22,707.693,88.1027,702.809,-98.3724,244.823,161.019,117.229,136.722,343.788,-172.691,-172.691,252.798,225.729,225.729,1065.36,195.428,0,328.78,-32.5819,-411.828,0,0
2020-08-04 20:00:00 UTC,-224.282,-115.523,294.642,-23.0919,-23.0919,-209.976,57.7339,97.1123,-250.304,-250.304,814.67,309.513,-1175.66,-49.2312,135.016,226.57,717.583,158.627,-530.194,-98.9532,-94.7944,-191.467,-191.467,-311.814,-380.754,-136.108,-22.697,18.2917,-2.39628,225.535,-121.746,-121.746,-282.858,-167.742,-167.742,-394.13,249.598,310.576,-1450.81,-1450.81,334.509,651.303,543.176,271.177,375.013,-515.293,-2108.87,-2147.97,-2139.1,27.5741,-163.935,-163.935,41.176,-85.2916,-142.143,9.50195,9.50195,-378.045,202.237,116.918,334.261,-285.035,-144.862,209.899,209.899,-8.83444,-18.6983,138.313,138.313,18.2489,449.111,-332.591,-175.973,-175.973,-2.39128,-2.39128,0.724794,0.876773,2.38074,-11.664,-2.4461,26.9038,-1.39606,-1.41304,-3.17,-8.00158,2.51718,112.028,112.028,24.7939,24.7939,28.2963,28.2963,-114.568,-114.568,-114.568,31.2153,31.2153,-10.1046,-60.9798,-16.2884,-16.2884,22.7393,22.7393,-123.212,-26.4883,-271.177,-16.4097,-16.4097,-229.14,-229.14,-229.14,773.885,-188.415,-188.415,-193.81,-193.81,-3.94125,63.6236,63.6236,1.766,1.766,-885.969,-885.969,782.561,782.561,0,-34.9462,-317.661,-126.749,383.607,383.607,-259.25,1629.18,870.438,-264.575,-886.875,-886.875,201.512,201.512,-776.156,-776.156,73.6216,194.845,492.7,651.896,355.437,355.437,-210.289,-210.289,-210.289,795.346,795.346,-773.767,-1.5562e-09,-1.5562e-09,327.288,-587.613,-587.613,805.182,-327.844,51.8383,0,429.224,204.782,-809.461,-595.157,-595.157,-110.722,5.26026,-34.4196,-476.574,-476.574,16.1779,22.643,22.643,2269.67,-366.901,-2269.67,1258.18,1283.41,1226.06,-1895.81,797.678,-492.255,2108.87,2147.97,2139.1,-819.427,28.3604,-188.188,780.975,2498.47,169.245,2527.06,6545.97,3496.94,3496.94,178.895,-1423.57,275.902,211.853,187.328,-106.362,273.232,-184.186,-227.874,-228.7,273.861,270.799,274.931,-190.324,121.261,121.261,-185.165,569.754,569.754,-1349.64,339.715,252.195,-188.009,203.981,517.933,1324.62,1324.62,420.146,849.101,925.203,2618.17,-746.263,635.028,-420.146,-4.15411,817.976,1057.46,622.864,619.518,4.15411,-684.646,-741.785,190.396,161.533,219.334,100.702,-38.6879,319.129,124.011,124.003,-71.6539,188.038,-111.463,-143.986,61.6961,-659.932,-849.101,-714.222,-925.203,-107.501,-107.501,-84.769,-218.615,37.1082,37.1082,176.527,176.527,-340.215,-340.215,196.866,59.5311,20.0665,-248.468,1118.11,-3721.05,-2674.87,5828.5,-20.0665,1626.03,-466.498,-352.35,293.371,293.371,212.212,212.212,92.8326,363.916,-710.291,-4.10173,65.3249,65.3249,288.569,192.011,248.098,200.785,47.8273,47.8273,93.1044,91.8094,355.546,355.546,475.71,155.125,405.352,59.0652,491.754,-277.794,-277.794,162.952,184.576,0,113.84,211.256,0,157.204,-297.561,-297.561,-230.997,145.152,-175.798,-177.016,-187.937,34.4883,39.7607,283.592,-31.5651,-615.267,-218.42,-103.263,-103.263,17.9316,210.247,210.247,15.4836,16.2723,-506.277,0,-10.6407,-10.6407,0,716.748,0,181.706,0,-146.526,0,39.3016,-38.7856,-33.6603,-102.754,-102.754,0,-43.0819,-43.0819,-70.2682,0,2.84375,888.053,888.053,888.053,1.80242,0,0,0,65.3777,65.3777,65.3777,0,-32.004,-4.32394,-4.32394,4.78256,770.741,-2.06092,-2.06092,13.1444,21.6029,9.64412,-53.3782,27.3469,27.1271,12.9894,0,-0.495057,0,-235.339,-235.339,-235.339,0,0,0,0,34.3081,1015.88,136.208,136.208,12.7257,-638.953,50.0491,74.2359,0,343.544,-262.244,-69.9023,-203.136,78.3572,-865.469,-742.557,166.005,34.4196,474.658,474.658,1001.73,496.48,169.449,3095.97,1703.6,72.3092,105.199,255.449,1241.29,446.705,513.809,-379.87,364.231,3661.86,-3692.49,-1550.98,8055.99,872.611,-892.78,704.316,94.2787,714.454,-97.7341,247.546,164.131,107.492,140.89,346.376,-176.084,-176.084,262.01,222.937,222.937,1087.81,209.976,0,315.724,-30.8767,-403.759,0,0
2020-08-04 21:00:00 UTC,-225.352,-115.362,284.726,-20.0968,-20.0968,-219.526,53.6201,89.986,-243.143,-243.143,829.396,317.686,-1192.66,-47.4954,139.402,227.914,730.557,161.575,-537.877,-101.269,-99.7426,-195.956,-195.956,-317.365,-381.375,-136.587,-23.1099,18.9067,-5.32777,231.31,-124.203,-124.203,-287.023,-169.619,-169.619,-401.279,255.813,318.218,-1484.22,-1484.22,343.525,664.455,551.875,275.258,385.243,-529.433,-2169.23,-2209.33,-2200.71,28.1217,-167.51,-167.51,41.6666,-87.0647,-146.011,9.56531,9.56531,-385.158,205.747,119.889,339.02,-291.034,-147.492,211.494,211.494,-8.78979,-18.2099,138.439,138.439,18.1701,455.151,-337.488,-177.564,-177.564,-2.74466,-2.74466,0.744257,0.881985,2.46137,-11.9196,-2.34178,27.4987,-1.38218,-1.40002,-3.25603,-8.15212,2.41197,114.516,114.516,25.5904,25.5904,29.1924,29.1924,-116.935,-116.935,-116.935,31.0288,31.0288,-10.9,-62.434,-16.4477,-16.4477,23.1525,23.1525,-126.871,-26.9492,-275.258,-16.5586,-16.5586,-232.799,-232.799,-232.799,788.286,-190.557,-190.557,-196.934,-196.934,-3.91277,64.7213,64.7213,1.59628,1.59628,-898.486,-898.486,796.217,796.217,0,-35.6271,-323.062,-128.867,390.202,390.202,-263.513,1661.67,887.502,-269.806,-899.318,-899.318,205.189,205.189,-787.303,-787.303,75.0391,198.064,514.024,644.429,362.598,362.598,-214.944,-214.944,-214.944,814.911,814.911,-784.49,5.53472e-10,5.53472e-10,334.584,-599.226,-599.226,822.099,-336.698,47.923,0,436.772,202.256,-827.608,-606.789,-606.789,-112.327,5.27862,-34.414,-484.513,-484.513,9.95834,18.0325,18.0325,2336.35,-374.88,-2336.35,1280.68,1306.31,1247.1,-1935.37,819.046,-501.769,2169.23,2209.33,2200.71,-816.796,33.5936,-193.138,795.885,2531.62,174.731,2560.01,6637.49,3546.42,3546.42,177.039,-1443.02,281.515,210.787,190.046,-103.92,277.409,-185.628,-230.998,-231.729,277.347,274.265,278.431,-192.211,124.991,124.991,-187.012,576.268,576.268,-1365.99,349.174,256.594,-189.852,207.498,522.251,1353.28,1353.28,423.411,856.244,932.971,2634.53,-747.131,644.932,-423.411,-3.98908,834.393,1068.53,629.385,626.017,3.98908,-689.02,-746.465,191.807,162.83,221.214,101.744,-38.6808,324.532,124.941,124.932,-72.0811,192.785,-112.327,-145.074,61.3344,-663.891,-856.244,-718.438,-932.971,-108.249,-108.249,-85.7588,-220.976,37.17,37.17,177.703,177.703,-342.358,-342.358,202.009,60.4624,20.3024,-250.107,1126.38,-3753.18,-2692.91,5866.83,-20.3024,1644.09,-475.315,-355.617,298.949,298.949,218.72,218.72,89.9154,367.344,-723.639,-4.63259,67.5164,67.5164,296.099,195.256,264.595,205.083,49.3692,49.3692,95.7697,94.4384,361.07,361.07,483.296,157.175,413.661,66.9939,506.964,-281.274,-281.274,165.55,187.575,0,112.413,209.592,0,159.761,-295.574,-295.574,-235.692,152.298,-178.967,-180.204,-190.642,36.2962,41.0587,287.478,-31.5152,-617.337,-219.418,-104.038,-104.038,17.2914,210.81,210.81,16.0993,16.8994,-506.599,0,-14.0375,-14.0375,0,723.806,0,184.948,0,-147.103,0,39.4594,-35.3239,-33.3136,-104.934,-104.934,0,-42.9706,-42.9706,-72.3619,0,2.94338,914.8,914.8,914.8,1.87368,0,0,0,67.0731,67.0731,67.0731,0,-31.8967,-3.88641,-3.88641,5.48932,781.581,-1.70734,-1.70734,13.6342,21.8837,10.0982,-53.3297,27.9335,27.7093,12.8451,0,-0.409751,0,-233.909,-233.909,-233.909,0,0,0,0,32.4028,1037.65,137.889,137.889,31.9984,-647.489,58.3563,86.3911,0,357.078,-262.281,-69.9401,-177.961,109.252,-860.375,-751.408,171.837,34.414,482.572,482.572,1018.58,513.879,173.055,3172.28,1721.71,72.8543,106.006,257.401,1247.84,452.214,518.999,-384.029,370.317,3676.73,-3718.26,-1563.82,8110.07,890.772,-894.109,701.755,99.0853,726.325,-98.0651,250.785,167.013,95.6295,144.658,347.901,-178.58,-178.58,269.587,221.582,221.582,1105.34,219.526,0,315.53,-29.3052,-398.648,0,0
2020-08-04 22:00:00 UTC,-225.456,-114.911,271.412,-18.9911,-18.9911,-224.934,48.0877,80.7558,-236.434,-236.434,837.471,320.925,-1200.79,-43.4228,141.01,230.167,733.444,162.231,-542.329,-102.687,-102.388,-198.276,-198.276,-320.949,-381.602,-136.751,-23.3843,19.3189,-7.44221,235.155,-125.651,-125.651,-288.533,-169.749,-169.749,-404.889,257.469,320.253,-1493.11,-1493.11,346.698,668.606,555.933,277.183,389.91,-536.224,-2184.97,-2225.33,-2216.81,27.8511,-168.653,-168.653,42.0958,-87.2826,-144.233,9.94683,9.94683,-386.344,210.327,121.553,339.831,-291.914,-147.876,210.583,210.583,-9.12914,-18.9896,139.41,139.41,18.7348,458.488,-338.108,-176.06,-176.06,-2.49348,-2.49348,0.802643,0.943341,2.47829,-11.9936,-2.58568,27.414,-1.39696,-1.41393,-3.23707,-8.136,2.40823,115.976,115.976,25.2637,25.2637,28.8168,28.8168,-118.114,-118.114,-118.114,31.0319,31.0319,-10.4631,-62.2415,-16.6733,-16.6733,23.2545,23.2545,-128.905,-26.978,-277.183,-16.7137,-16.7137,-233.766,-233.766,-233.766,791.39,-190.477,-190.477,-197.691,-197.691,-3.52058,64.9139,64.9139,1.10372,1.10372,-901.357,-901.357,799.781,799.781,0,-35.9974,-324.641,-129.659,391.979,391.979,-264.46,1669.65,891.692,-271.576,-901.989,-901.989,206.084,206.084,-789.684,-789.684,75.2321,198.888,520.588,641.41,364.699,364.699,-216.588,-216.588,-216.588,821.072,821.072,-786.504,-5.08547e-10,-5.08547e-10,337.88,-603.018,-603.018,827.509,-340.482,44.5551,0,438.136,200.344,-833.969,-610.312,-610.312,-112.099,6.10526,-34.6967,-486.632,-486.632,7.72545,16.392,16.392,2354.07,-377.104,-2354.07,1286.97,1312.7,1253.06,-1947,825.374,-503.987,2184.97,2225.33,2216.81,-815.392,35.2327,-195.275,798.991,2536.74,176.04,2565.32,6653.58,3554.77,3554.77,175.961,-1447.65,280.933,209.646,191.564,-100.796,278.176,-185.961,-231.586,-232.297,277.883,274.801,278.97,-192.562,125.807,125.807,-187.363,577.248,577.248,-1369.42,349.882,257.953,-190.204,209.526,522.88,1359.78,1359.78,423.64,856.497,933.258,2633.39,-745.62,646.993,-423.64,-4.22901,837.743,1069.55,629.983,626.616,4.22901,-689.022,-746.472,191.861,162.918,221.262,101.759,-38.4618,324.633,124.936,124.928,-71.9368,193.887,-112.322,-145.074,60.8743,-663.855,-856.497,-718.403,-933.258,-108.316,-108.316,-85.9757,-221.45,37.0211,37.0211,177.684,177.684,-342.031,-342.031,202.01,60.3447,21.0252,-250.086,1123.3,-3755.66,-2693.31,5842.51,-21.0252,1643.06,-475.53,-356.143,298.784,298.784,220.02,220.02,88.7353,367.726,-725.964,-4.78,68.2823,68.2823,294.163,197.891,257.129,202.269,50.067,50.067,96.5265,95.1847,362.158,362.158,484.684,157.494,415.488,70.8041,510.354,-280.656,-280.656,165.66,187.755,0,110.123,206.675,0,159.91,-291.87,-291.87,-236.315,155.496,-179.226,-180.464,-190.647,37.0671,41.4159,284.007,-30.6935,-616.288,-220.302,-104.151,-104.151,18.0949,210.414,210.414,16.7976,17.619,-516.13,0,-15.2234,-15.2234,0,721.927,0,191.577,0,-147.296,0,39.5667,-30.9454,-33.1096,-106.376,-106.376,0,-42.8409,-42.8409,-73.8049,0,2.91769,921.607,921.607,921.607,1.91327,0,0,0,67.4015,67.4015,67.4015,0,-32.6953,-4.26269,-4.26269,4.98696,779.493,-1.95871,-1.95871,13.4248,21.9472,10.0107,-52.1827,28.1418,27.9156,12.7189,0,0.764852,0,-233.322,-233.322,-233.322,0,0,0,0,32.7708,1043.61,138.043,138.043,40.7432,-650.233,61.1264,90.4369,0,362.119,-261.717,-69.8792,-169.885,117.092,-858.218,-754.771,173.13,34.6967,484.74,484.74,1021.47,517.752,173.961,3187.89,1724.48,72.8556,106.005,257.396,1247.79,453.695,522.221,-384.567,372.849,3668.8,-3693.2,-1551.84,8075.73,894.466,-903.028,699.186,99.7491,728.108,-99.5984,253.44,166.115,100.394,144.922,347.815,-179.152,-179.152,271.759,218.75,218.75,1106.75,224.934,0,307.093,-29.1537,-396.536,0,0
2020-08-04 23:00:00 UTC,-224.989,-115.001,273.846,-22.4784,-22.4784,-220.884,48.683,81.8362,-234.133,-234.133,832.46,315.857,-1193.52,-39.4908,137.943,232.486,722.293,159.697,-539.904,-102.056,-99.9672,-196.685,-196.685,-321.252,-381.693,-136.867,-23.4014,19.3444,-7.46552,235.408,-125.235,-125.235,-285.328,-166.845,-166.845,-402.039,251.754,313.228,-1467.85,-1467.85,339.842,661.613,552.204,275.459,384.193,-530.16,-2138.76,-2178.34,-2169.71,26.6841,-166.305,-166.305,41.3116,-85.4846,-138.651,10.1423,10.1423,-379.963,210.001,119.79,333.193,-286.952,-145.705,205.929,205.929,-9.43067,-19.9783,140.083,140.083,19.2391,456.263,-333.949,-171.605,-171.605,-2.04111,-2.04111,0.841969,1.00005,2.42032,-11.8317,-2.89959,26.7513,-1.38186,-1.39963,-3.11032,-7.94453,2.51351,115.327,115.327,24.2019,24.2019,27.6152,27.6152,-117.113,-117.113,-117.113,31.2027,31.2027,-9.4182,-60.6814,-16.8006,-16.8006,22.9373,22.9373,-127.826,-26.527,-275.459,-16.4009,-16.4009,-231.163,-231.163,-231.163,780.804,-187.396,-187.396,-195.25,-195.25,-3.25886,63.7439,63.7439,-0.114291,-0.114291,-892.284,-892.284,791.672,791.672,0,-36.0302,-321.821,-129.177,388.37,388.37,-261.549,1646.96,879.776,-269.296,-892.422,-892.422,203.502,203.502,-780.945,-780.945,74.187,197.025,506.403,648.038,360.719,360.719,-214.629,-214.629,-214.629,809.451,809.451,-777.472,-1.64204e-09,-1.64204e-09,335.397,-596.023,-596.023,817.109,-336.768,42.9632,0,431.354,200.321,-824.013,-602.725,-602.725,-109.361,8.15859,-34.0799,-482.319,-482.319,11.5667,19.3336,19.3336,2304.73,-371.267,-2304.73,1270.75,1296.18,1238.11,-1919.34,810.803,-497.272,2138.76,2178.34,2169.71,-817.109,31.7377,-191.447,788.913,2515.39,172.321,2544.09,6598.71,3525.03,3525.03,176.994,-1433.98,273.901,209.804,192.377,-96.7292,275.239,-185.252,-229.46,-230.235,275.951,272.873,277.029,-191.299,123.199,123.199,-186.145,571.735,571.735,-1358,339.978,256.052,-188.997,210.262,520.274,1339.71,1339.71,420.931,852.08,928.48,2622.55,-746.361,639.924,-420.931,-4.18888,825.617,1064.42,626.958,623.603,4.18888,-686.02,-743.272,191.511,162.622,220.723,101.367,-37.6512,319.58,124.469,124.461,-71.0402,190.03,-111.884,-144.569,59.285,-661.066,-852.08,-715.44,-928.48,-108.545,-108.545,-86.4392,-223.193,37.1107,37.1107,178.124,178.124,-340.188,-340.188,195.589,60.0953,22.0994,-249.646,1124.21,-3739.48,-2683.43,5828.28,-22.0994,1624.69,-467.041,-353.951,293.269,293.269,214.414,214.414,90.8302,364.325,-716.765,-4.40563,66.1439,66.1439,286.085,199.73,236.198,197.357,48.588,48.588,93.7375,92.4339,358.258,358.258,478.868,155.652,409.251,67.1856,496.802,-274.979,-274.979,162.206,183.849,0,108.252,203.452,0,156.636,-287.692,-287.692,-231.182,150.968,-175.921,-177.138,-186.858,35.3289,39.8302,278.946,-30.4139,-616.009,-221.357,-103.696,-103.696,20.4638,210.237,210.237,16.8623,17.6959,-528.121,0,-11.682,-11.682,0,707.528,0,198.11,0,-147.439,0,39.5738,-32.4286,-33.0604,-106.471,-106.471,0,-42.8657,-42.8657,-73.8523,0,2.74743,901.12,901.12,901.12,1.8857,0,0,0,65.1821,65.1821,65.1821,0,-33.4034,-4.84223,-4.84223,4.08223,764.016,-2.41097,-2.41097,12.7719,21.1808,9.49318,-51.2165,28.0024,27.7767,12.3227,0,1.54866,0,-234.54,-234.54,-234.54,0,0,0,0,32.3542,1031.6,136.662,136.662,26.9594,-645.227,56.0687,83.0156,0,352.483,-261.425,-69.8192,-186.559,95.717,-861.867,-752.901,169.802,34.0799,480.56,480.56,1011.73,504.926,171.232,3147.22,1717.51,72.6125,105.621,256.453,1244.8,456.586,525.005,-386.606,375.718,3640.64,-3667.12,-1539.47,8055.36,880.987,-909.913,699.7,95.6137,719.6,-102.493,255.358,162.888,113.422,140.897,346.779,-177.547,-177.547,267.114,215.728,215.728,1085.48,220.884,0,304.373,-30.0453,-400.225,0,0
2020-08-05 00:00:00 UTC,-218.381,-112.223,274.995,-26.9351,-26.9351,-202.726,50.5776,85.5524,-228.238,-228.238,796.223,296.525,-1148.75,-32.6391,128.124,230.065,682.657,150.7,-522.825,-97.7258,-91.2759,-188.978,-188.978,-311.037,-370.697,-132.961,-22.8037,18.4638,-6.54076,226.693,-120.621,-120.621,-272.882,-158.552,-158.552,-386.375,236.854,294.894,-1389.95,-1389.95,320.525,632.3,530.478,265.307,365.477,-507.238,-1998.94,-2036.16,-2027.14,24.4969,-158.458,-158.458,39.1901,-80.8146,-127.756,10.0067,10.0067,-362.216,203.209,114.138,315.194,-272.906,-139.481,194.178,194.178,-9.4457,-20.5734,139.201,139.201,19.2106,440.288,-319.656,-160.654,-160.654,-1.49659,-1.49659,0.839492,1.01596,2.24186,-11.289,-3.26155,25.1762,-1.37449,-1.39254,-2.89779,-7.52527,2.60312,110.954,110.954,22.128,22.128,25.2655,25.2655,-112.282,-112.282,-112.282,30.5466,30.5466,-7.71278,-56.9843,-16.5344,-16.5344,21.9193,21.9193,-122.456,-25.2465,-265.307,-14.7663,-14.7663,-222.099,-222.099,-222.099,747.45,-178.943,-178.943,-187.26,-187.26,-4.10206,60.5298,60.5298,-2.24946,-2.24946,-862.713,-862.713,762.905,762.905,0,-35.4636,-311.321,-126.011,375,375,-251.928,1572.65,840.718,-260.134,-861.972,-861.972,195.358,195.358,-753.363,-753.363,71.1687,190.346,461.346,664.966,346.438,346.438,-206.752,-206.752,-206.752,769.73,769.73,-749.649,-4.98178e-10,-4.98178e-10,323.287,-571.942,-571.942,781.499,-321.863,43.3798,0,411.889,201.67,-789.093,-577.652,-577.652,-103.037,11.223,-31.6361,-465.088,-465.088,23.4684,28.1914,28.1914,2153.34,-352.962,-2153.34,1218.92,1243.41,1189.86,-1831.09,764.763,-475.385,1998.94,2036.16,2027.14,-820.059,21.4531,-179.973,755.336,2439.03,160.259,2468.19,6394.44,3414.3,3414.3,179.324,-1389.3,256.55,209.718,190.486,-92.2588,265.303,-182.075,-222.085,-223.078,268.486,265.437,269.533,-186.834,115.333,115.333,-181.8,554.59,554.59,-1319.66,314.694,247.954,-184.672,207.348,510.23,1275.5,1275.5,411.423,834.896,909.839,2581.33,-743.24,613.47,-411.423,-4.02444,781.334,1041.49,613.445,610.142,4.02444,-674.874,-731.366,189.275,160.645,217.607,99.4442,-35.9898,302.017,122.561,122.553,-68.844,176.742,-110.109,-142.361,57.9957,-650.827,-834.896,-704.546,-909.839,-108.178,-108.178,-85.6706,-223.149,37.3147,37.3147,177.893,177.893,-334.246,-334.246,174.953,57.8484,22.7138,-246.988,1118.96,-3673.37,-2642.35,5784.8,-22.7138,1565.07,-438.947,-345.26,275.013,275.013,195.979,195.979,98.6012,353.361,-679.263,-2.97605,59.4235,59.4235,257.515,199.431,167.114,178.793,44.3875,44.3875,85.6787,84.4853,343.652,343.652,458.09,149.52,387.309,51.7403,453.221,-259.691,-259.691,152.611,172.945,0,105.576,198.562,0,147.492,-280.894,-280.894,-215.903,135.146,-165.59,-166.74,-176.437,30.5375,35.652,260.082,-29.208,-610.527,-221.075,-101.765,-101.765,24.7305,202.947,202.947,15.7275,16.5349,-521.807,0,-6.45018,-6.45018,0,663.436,0,202.736,0,-142.718,0,39.3282,-36.5353,-32.0416,-103.175,-103.175,0,-42.119,-42.119,-72.3148,0,2.40147,839.638,839.638,839.638,1.74961,0,0,0,60.0739,60.0739,60.0739,0,-33.3935,-5.40004,-5.40004,2.99318,719.793,-2.95471,-2.95471,11.4908,19.9056,8.50562,-48.9288,27.0615,26.8427,11.2902,-4.60201e-12,-0.976711,0,-237.522,-237.522,-237.522,0,0,0,0,29.7674,984.921,131.82,131.82,-11.6349,-627.006,40.088,59.591,0,324.827,-259.745,-69.535,-238.183,27.9941,-871.465,-738.846,157.335,31.6361,463.565,463.565,975.433,464.813,161.377,2985.71,1683.77,71.5144,103.98,252.47,1227.93,454.482,525.46,-383.864,374.864,3574.97,-3620.78,-1517.18,7993.89,831.931,-924.016,703.255,80.9202,685.375,-108.06,254.883,152.133,160.693,128.316,341.826,-171.668,-171.668,248.849,210.75,210.75,1022.03,202.726,0,291.919,-33.4787,-410.028,0,0
2020-08-05 01:00:00 UTC,-209.585,-108.822,282.69,-33.8234,-33.8234,-175.575,55.62,94.5575,-225.433,-225.433,742.889,269.319,-1083.35,-26.7434,114.363,225.201,629.546,138.667,-496.661,-90.9427,-77.0505,-175.546,-175.546,-295.719,-356.107,-127.717,-21.8714,17.1085,-4.27148,213.374,-113.7,-113.7,-254.9,-146.858,-146.858,-362.908,214.001,266.732,-1268.65,-1268.65,290.792,585.883,498.26,250.145,336.14,-470.875,-1786.19,-1819.77,-1810.31,21.1031,-146.074,-146.074,36.5203,-73.4809,-108.992,10.1134,10.1134,-333.502,194.931,105.243,289.506,-249.891,-129.044,178.199,178.199,-9.80823,-22.4715,138.31,138.31,19.7039,417.228,-298.27,-146.205,-146.205,-0.214677,-0.214677,0.862902,1.07163,1.95579,-10.4214,-3.92818,22.4998,-1.36182,-1.38034,-2.48896,-6.80299,2.75308,103.989,103.989,18.5538,18.5538,21.2134,21.2134,-104.81,-104.81,-104.81,29.6324,29.6324,-4.39622,-50.6318,-16.1796,-16.1796,20.2189,20.2189,-113.766,-23.1632,-250.145,-12.8014,-12.8014,-207.366,-207.366,-207.366,692.557,-166.152,-166.152,-174.269,-174.269,-4.82542,55.2889,55.2889,-4.67181,-4.67181,-812.421,-812.421,713.763,713.763,0,-33.9633,-292.772,-120.002,351.965,351.965,-235.823,1451.75,777.06,-243.837,-810.641,-810.641,181.486,181.486,-707.074,-707.074,66.2638,178.828,391.931,685.326,322.246,322.246,-193.144,-193.144,-193.144,705.192,705.192,-703.391,6.46446e-10,6.46446e-10,302.252,-532.041,-532.041,723.772,-296.467,45.9528,0,381.464,202.767,-730.577,-536.381,-536.381,-93.0955,15.1889,-27.7268,-435.806,-435.806,40.024,40.3267,40.3267,1922.12,-323.431,-1922.12,1134.37,1157.29,1110.44,-1688.34,693.311,-439.699,1786.19,1819.77,1810.31,-816.274,8.29443,-160.924,700.406,2306.54,140.859,2336.46,6034.79,3219.26,3219.26,182.37,-1312.18,229.04,208.784,183.959,-90.2931,248.379,-176.302,-209.451,-210.789,255.051,252.061,256.042,-178.963,102.631,102.631,-174.133,527.022,527.022,-1253.07,275.303,233.662,-177.024,198.779,491.533,1170.65,1170.65,395.464,802.85,875.035,2501.67,-732.74,572.954,-395.464,-4.14432,715.773,995.538,586.355,583.16,4.14432,-654.26,-709.312,183.697,155.753,210.682,95.4039,-33.6505,277.021,118.357,118.348,-65.1989,158.045,-106.203,-137.473,55.351,-631.931,-802.85,-684.408,-875.035,-106.439,-106.439,-83.9621,-220.418,37.3283,37.3283,175.245,175.245,-322.696,-322.696,148.507,54.7,22.1651,-240.89,1096.94,-3535.09,-2560.68,5694.06,-22.1651,1480.26,-397.776,-330.909,248.347,248.347,170.464,170.464,109.226,338.165,-625.823,-1.01649,50.6924,50.6924,220.467,195.76,78.3337,154.392,38.4587,38.4587,74.6528,73.6106,321.085,321.085,426.597,140.291,354.779,30.3388,393.156,-238.557,-238.557,139.104,157.591,0,102.31,191.939,0,134.714,-272.402,-272.402,-194.512,111.69,-151.101,-152.159,-161.718,23.7703,29.839,235.667,-28.0656,-597.605,-218.926,-98.1354,-98.1354,30.7628,193.634,193.634,13.9667,14.732,-510.679,0,1.82051,1.82051,0,605.833,0,203.781,0,-136.425,0,38.9716,-43.4546,-30.8251,-98.0758,-98.0758,0,-41.1242,-41.1242,-69.4111,0,1.91447,746.043,746.043,746.043,1.55134,0,0,0,52.4035,52.4035,52.4035,0,-34.144,-6.89585,-6.89585,0.429354,658.132,-4.23196,-4.23196,9.25548,17.6625,6.82447,-44.6257,25.3502,25.1437,10.1268,-2.27485e-09,-3.14345,0,-240.312,-240.312,-240.312,0,0,0,0,26.0671,907.074,124.215,124.215,-63.5346,-594.821,16.9728,25.7131,0,285.656,-254.984,-68.5806,-310.122,-74.7279,-880.89,-709.253,136.064,27.7268,434.62,434.62,911.329,401.815,147.07,2698.87,1610.53,69.0757,100.351,243.676,1187.73,445.442,513.75,-376.586,363.013,3438.62,-3570.55,-1492.21,7866.49,759.666,-936.741,709.228,61.5519,636.844,-113.223,250.2,136.866,222.319,112.781,334.085,-161.982,-161.982,221.593,203.816,203.816,939.645,175.575,0,280.456,-39.1535,-421.146,0,0
2020-08-05 02:00:00 UTC,-202.883,-107.115,296.482,-42.1764,-42.1764,-148.291,62.3702,106.338,-233,-233,688.173,241.751,-1017.08,-26.4658,100.142,219.177,579.679,127.393,-467.978,-83.3016,-60.3477,-161.729,-161.729,-279.696,-344.457,-123.356,-20.8305,15.6198,-0.279646,198.918,-106.406,-106.406,-237.058,-135.726,-135.726,-338.327,190.154,237.289,-1142.35,-1142.35,259.207,537.036,465.215,234.445,303.587,-429.229,-1571.49,-1601.36,-1591.66,17.7819,-132.839,-132.839,33.8863,-65.8755,-89.8909,10.1982,10.1982,-302.665,185.356,95.2423,264.414,-225.251,-117.558,163.864,163.864,-10.2175,-24.5848,136.881,136.881,20.2249,393.724,-276.84,-133.529,-133.529,1.19639,1.19639,0.872794,1.11817,1.6533,-9.4952,-4.54809,19.7276,-1.33478,-1.35459,-2.03846,-6.04165,2.944,96.223,96.223,14.8962,14.8962,17.0704,17.0704,-96.7351,-96.7351,-96.7351,28.9631,28.9631,-0.902738,-44.0184,-15.7742,-15.7742,18.4066,18.4066,-103.697,-21.01,-234.445,-10.9671,-10.9671,-191.364,-191.364,-191.364,633.616,-152.714,-152.714,-160.294,-160.294,-5.42529,49.9408,49.9408,-6.87391,-6.87391,-756.748,-756.748,660.049,660.049,0,-32.2832,-272.374,-113.317,326.494,326.494,-218.187,1322.97,709.085,-225.677,-753.975,-753.975,166.422,166.422,-656.267,-656.267,61.017,166.099,322.074,699.922,295.83,295.83,-178.221,-178.221,-178.221,636.647,636.647,-652.771,-4.26128e-10,-4.26128e-10,278.445,-488.306,-488.306,661.457,-268.183,49.5051,0,349.258,202.234,-665.836,-491.312,-491.312,-82.3882,19.0622,-23.441,-404.969,-404.969,54.3841,50.6483,50.6483,1688.58,-291.318,-1688.58,1041.53,1062.71,1022.41,-1533.15,619.256,-401.44,1571.49,1601.36,1591.66,-801.315,-1.53921,-137.786,643.453,2162.01,120.966,2191.86,5639.53,3004.95,3004.95,184.856,-1224.51,200.222,207.055,175.853,-88.8206,229.939,-169.508,-195.581,-197.253,240.052,237.135,240.98,-169.998,89.2805,89.2805,-165.397,497.001,497.001,-1177.93,234.338,217.794,-168.286,188.251,469.536,1060.34,1060.34,377.932,765.594,834.547,2405.64,-718.845,532.707,-377.932,-4.58144,652.845,941.033,554.217,551.154,4.58144,-629.975,-683.29,176.188,149.25,202.119,90.5075,-31.3721,253.555,113.049,113.041,-61.3532,141.01,-101.29,-131.23,54.934,-609.595,-765.594,-660.56,-834.547,-103.728,-103.728,-80.9119,-213.719,37.1346,37.1346,170.913,170.913,-309.059,-309.059,126.015,50.8465,20.5871,-233.163,1066.19,-3367.46,-2462.39,5574.8,-20.5871,1393.97,-357.27,-315.631,222.07,222.07,145.525,145.525,118.732,323.991,-574.792,0.780494,43.4088,43.4088,187.432,189.693,-1.17871,131.674,32.9423,32.9423,64.353,63.4526,298.22,298.22,394.812,130.69,322.357,7.7979,333.629,-218.623,-218.623,126.273,142.976,0,100.354,187.228,0,122.576,-266.708,-266.708,-173.851,87.7589,-137.439,-138.412,-147.758,16.6592,23.8876,213.643,-27.3003,-582.831,-215.516,-93.8549,-93.8549,36.7669,187.447,187.447,12.4302,13.1653,-508.506,0,11.9454,11.9454,0,555.958,0,197.705,0,-131.233,0,38.612,-51.621,-30.1548,-92.4555,-92.4555,0,-40.3428,-40.3428,-65.3452,0,1.48676,651.918,651.918,651.918,1.34798,0,0,0,44.8222,44.8222,44.8222,0,-34.9522,-8.57263,-8.57263,-2.39277,600.746,-5.63331,-5.63331,6.96826,15.145,5.0643,-40.7673,23.4435,23.2507,9.07155,0,-4.94054,0,-240.823,-240.823,-240.823,0,0,0,0,21.805,827.321,116.148,116.148,-108.752,-556.983,-4.31285,-5.48418,0,246.659,-247.397,-66.9273,-371.97,-171.744,-883.079,-673.939,113.866,23.441,404.116,404.116,841.292,338.972,133.712,2390.02,1518.91,65.9425,95.7372,232.52,1128.99,428.467,493.08,-363.212,343.069,3272.86,-3512.49,-1463.19,7699.22,690.666,-946.445,713.52,44.4789,590.798,-115.851,243.19,121.793,278.23,100.382,326.954,-151.852,-151.852,195.302,199.271,199.271,862.997,148.291,0,272.803,-44.3369,-427.804,0,0
2020-08-05 03:00:00 UTC,-196.416,-105.065,305.2,-47.8544,-47.8544,-124.417,67.4364,115.307,-236.654,-236.654,639.64,219.582,-958.332,-28.4553,89.1056,211.672,540.391,118.528,-441.845,-76.4981,-45.2977,-150.207,-150.207,-265.129,-334.804,-119.6,-19.8685,14.2705,3.61695,185.823,-99.9612,-99.9612,-222.138,-126.794,-126.794,-316.968,170.509,212.989,-1035.75,-1035.75,232.819,494.069,435.992,220.459,275.401,-392.088,-1395.82,-1422.61,-1412.9,15.2123,-121.343,-121.343,31.9145,-59.5154,-74.0534,10.2583,10.2583,-275.953,176.97,86.5915,244.234,-203.852,-107.336,152.906,152.906,-10.551,-26.3564,134.993,134.993,20.5883,372.753,-258.64,-125.269,-125.269,2.42912,2.42912,0.865263,1.13678,1.39107,-8.69147,-4.99413,17.3686,-1.31575,-1.33643,-1.6524,-5.39576,3.06999,89.0606,89.0606,11.8847,11.8847,13.6581,13.6581,-89.5435,-89.5435,-89.5435,28.2854,28.2854,2.06334,-38.3595,-15.3289,-15.3289,16.8062,16.8062,-94.4706,-19.166,-220.459,-9.69793,-9.69793,-177.835,-177.835,-177.835,584.123,-141.613,-141.613,-148.765,-148.765,-5.67185,45.8326,45.8326,-8.51084,-8.51084,-709.362,-709.362,614.762,614.762,0,-30.9609,-254.826,-106.697,304.731,304.731,-202.812,1215.54,652.245,-209.885,-705.815,-705.815,154.461,154.461,-613.552,-613.552,56.9502,155.288,266.72,705.633,273.195,273.195,-165.144,-165.144,-165.144,579.252,579.252,-610.208,-3.65444e-10,-3.65444e-10,256.426,-449.953,-449.953,606.757,-243.711,52.1783,0,321.684,199.201,-610.325,-452.325,-452.325,-75.3962,19.7866,-19.8479,-378.642,-378.642,63.7864,57.1969,57.1969,1497.69,-263.538,-1497.69,959.636,979.255,944.172,-1398.32,557.412,-368.286,1395.82,1422.61,1412.9,-779.388,-6.57844,-115.262,597.318,2038.31,105.213,2066.93,5297.51,2819.33,2819.33,185.236,-1149.33,181.629,204.56,167.236,-88.6866,214.532,-162.657,-183.695,-185.615,226.712,223.876,227.585,-162.008,79.0099,79.0099,-157.593,470.721,470.721,-1113.69,206.447,203.604,-160.449,177.797,448.584,971.889,971.889,361.986,731.222,797.183,2313.98,-703.594,498.627,-361.986,-5.01254,601.015,891.001,524.71,521.772,5.01254,-607.108,-658.757,168.936,142.921,193.302,85.6861,-29.7789,233.575,108.038,108.03,-58.1007,128.016,-96.6545,-125.385,53.3132,-588.457,-731.222,-637.956,-797.183,-100.488,-100.488,-77.9596,-205.981,36.3997,36.3997,165.231,165.231,-296.159,-296.159,108.544,47.3405,19.89,-225.009,1022.01,-3212.45,-2368.07,5386.19,-19.89,1319.96,-323.127,-301.637,199.862,199.862,124.931,124.931,125.913,312.57,-532.765,2.43196,38.1953,38.1953,159.81,184.612,-70.3634,111.395,28.9168,28.9168,56.35,55.5603,278.485,278.485,367.536,122.223,294.977,-12.4807,285.386,-204.095,-204.095,116.753,132.1,0,100.156,185.963,0,113.234,-264.09,-264.09,-157.838,67.3838,-126.782,-127.687,-137.571,11.143,19.3788,194.332,-26.5151,-569.018,-209.007,-89.7792,-89.7792,38.4668,181.092,181.092,10.9838,11.6825,-497.885,0,18.9511,18.9511,0,516.68,0,187.721,0,-126.786,0,38.3098,-57.274,-29.7488,-87.2803,-87.2803,0,-39.609,-39.609,-61.3303,0,1.18477,575.276,575.276,575.276,1.17861,0,0,0,38.9559,38.9559,38.9559,0,-35.5527,-10.0485,-10.0485,-4.85825,557.595,-6.85373,-6.85373,5.10045,13.0635,3.62683,-37.4278,21.6123,21.4328,8.33104,0,-5.67924,0,-239.069,-239.069,-239.069,0,0,0,0,17.557,761.228,109.02,109.02,-139.492,-521.595,-19.432,-27.6541,0,215.563,-239.254,-64.9747,-412.046,-241.743,-878.006,-640.462,95.832,19.8479,377.956,377.956,781.366,290.896,123.184,2129.44,1437.45,63.0196,91.411,222.04,1082.84,410.562,472.073,-349.133,322.23,3124.71,-3403.81,-1409.92,7434.57,634.085,-952.695,716.37,30.1908,554.07,-117.652,237.556,108.762,326.267,91.5843,322.329,-143.204,-143.204,174.021,197.818,197.818,806.556,124.417,0,264.663,-47.5407,-428.668,0,0
2020-08-05 04:00:00 UTC,-185.216,-99.5948,300.177,-48.4706,-48.4706,-102.347,68.7125,118.138,-227.826,-227.826,584.33,197.935,-889.526,-28.2413,79.3883,199.286,497.966,108.972,-412.205,-69.5864,-32.8268,-138.201,-138.201,-248.002,-319.202,-113.731,-18.8128,12.826,6.03029,171.529,-92.8958,-92.8958,-205.642,-116.897,-116.897,-293.783,151.949,189.993,-932.738,-932.738,207.712,450.918,402.92,204.526,247.965,-355.854,-1231.59,-1255.46,-1245.92,13.0617,-110.009,-110.009,29.4016,-53.5496,-62.0444,9.81203,9.81203,-250.246,164.643,77.7862,222.551,-183.803,-97.562,140.588,140.588,-10.3459,-26.5424,130.684,130.684,19.9419,347.485,-237.592,-111.896,-111.896,3.03027,3.03027,0.798016,1.0743,1.14645,-7.916,-5.06841,15.3226,-1.26751,-1.29077,-1.34019,-4.82394,3.05035,81.3301,81.3301,9.66372,9.66372,11.1374,11.1374,-81.9198,-81.9198,-81.9198,26.8777,26.8777,3.97633,-33.4948,-14.6119,-14.6119,15.2067,15.2067,-85.2227,-17.399,-204.526,-8.70986,-8.70986,-164.809,-164.809,-164.809,536.794,-130.998,-130.998,-137.9,-137.9,-5.70063,42.1905,42.1905,-10.1435,-10.1435,-663.555,-663.555,571.643,571.643,0,-29.886,-237.92,-99.8426,283.807,283.807,-187.658,1113.6,598.195,-194.49,-659.213,-659.213,143.506,143.506,-572.592,-572.592,53.3573,144.903,216.895,705.549,251.311,251.311,-152.385,-152.385,-152.385,525.055,525.055,-569.324,-1.56428e-09,-1.56428e-09,234.837,-412.698,-412.698,553.328,-220.553,53.0312,0,294.398,193.822,-556.95,-414.748,-414.748,-69.6839,19.1146,-16.9887,-350.929,-350.929,70.1881,61.3844,61.3844,1319.96,-236.1,-1319.96,877.706,895.741,865.413,-1265.67,499.056,-335.803,1231.59,1255.46,1245.92,-750.386,-8.65336,-91.2036,554.647,1918.43,90.9218,1944.83,4967.12,2639.91,2639.91,183.062,-1075.32,167.649,199.967,158.96,-87.2438,199.961,-155.129,-172.171,-174.289,213.516,210.782,214.337,-153.978,69.9381,69.9381,-149.753,443.297,443.297,-1049.66,184.735,189.642,-152.547,168.064,427.614,889.724,889.724,343.346,697.336,760.343,2226.54,-686.948,457.176,-343.346,-3.05911,539.089,844.18,497.099,494.277,3.05911,-584.054,-633.999,162.945,137.68,185.683,81.4592,-27.5653,209.101,103.635,103.626,-54.5253,110.966,-92.588,-120.258,52.9253,-567.031,-697.336,-615.013,-760.343,-98.2433,-98.2433,-75.0641,-200.145,36.3718,36.3718,161.897,161.897,-284.07,-284.07,83.2984,43.4899,18.721,-218.138,998.575,-3068.12,-2278.28,5283.92,-18.721,1244.53,-282.847,-284.937,174.104,174.104,103.892,103.892,136.874,298.527,-476.824,4.38648,30.239,30.239,127.309,177.445,-150.064,89.3864,23.7123,23.7123,46.8114,46.1536,255.828,255.828,336.664,112.627,265.584,-27.0498,236.035,-184.069,-184.069,104.225,117.901,0,94.7744,176.007,0,101.142,-249.562,-249.562,-138.865,50.8047,-113.848,-114.668,-123.9,5.65288,14.3637,172.778,-25.042,-555.632,-200.541,-85.738,-85.738,37.7024,168.445,168.445,9.10636,9.73595,-461.212,0,20.8486,20.8486,0,472.377,0,174.99,0,-119.882,0,38.0022,-59.139,-28.6538,-81.5305,-81.5305,0,-38.1965,-38.1965,-57.5366,0,0.940136,504.391,504.391,504.391,1.01053,0,0,0,33.4681,33.4681,33.4681,0,-34.8062,-10.6262,-10.6262,-6.06055,500.694,-7.44784,-7.44784,3.70254,10.9635,2.59336,-34.3865,19.7985,19.6329,7.74577,0,-5.76545,0,-235.521,-235.521,-235.521,0,0,0,0,14.0955,691.859,101.477,101.477,-161.626,-485.012,-31.0908,-44.7669,0,187.462,-229.34,-62.5877,-439.656,-298.579,-867.08,-608.164,79.4696,16.9887,350.333,350.333,724.439,248.534,109.057,1882.27,1363.99,60.457,87.6176,212.846,1042.17,395.723,456.109,-336.628,305.471,2991.06,-3342.8,-1380.04,7290.98,566.678,-947.934,724.761,12.6637,504.173,-119.234,228.835,94.6197,380.929,79.5496,314.165,-133.621,-133.621,149.734,187.616,187.616,726.786,102.347,0,249.332,-49.3064,-425.488,0,0
2020-08-05 05:00:00 UTC,-174.69,-95.3913,299.116,-51.7688,-51.7688,-80.5746,70.7073,122.154,-226.038,-226.038,514.885,172.326,-805.443,-35.2526,67.7751,181.515,451.96,98.6302,-373,-60.3043,-17.3395,-124.449,-124.449,-225.733,-296.705,-105.333,-17.4765,11.0434,8.00479,153.705,-84.1266,-84.1266,-185.475,-104.981,-104.981,-265.212,131.68,164.837,-815.697,-815.697,180.152,398.942,362.361,184.776,217.198,-313.932,-1051.32,-1071.95,-1062.79,10.8846,-96.912,-96.912,26.5189,-46.9049,-49.7579,9.09919,9.09919,-220.777,149.468,68.1392,197.388,-160.973,-86.211,125.651,125.651,-9.84986,-25.9273,123.723,123.723,18.6315,316.03,-213.873,-97.0566,-97.0566,3.38489,3.38489,0.693199,0.964828,0.869412,-7.02561,-5.0318,13.122,-1.23241,-1.25751,-1.05788,-4.22955,2.95664,72.1642,72.1642,7.43048,7.43048,8.60005,8.60005,-72.8438,-72.8438,-72.8438,24.8673,24.8673,5.64866,-28.2936,-13.6252,-13.6252,13.4107,13.4107,-74.6127,-15.4029,-184.776,-7.62231,-7.62231,-149.106,-149.106,-149.106,480.651,-118.38,-118.38,-124.757,-124.757,-5.70063,37.8107,37.8107,-11.4611,-11.4611,-606.773,-606.773,518.773,518.773,0,-28.2401,-216.975,-91.3239,258.04,258.04,-169.462,993.415,534.316,-175.781,-601.736,-601.736,130.057,130.057,-522.152,-522.152,49.0972,132.068,163.823,694.657,225.236,225.236,-137.042,-137.042,-137.042,462.391,462.391,-519.087,-1.56334e-09,-1.56334e-09,209.215,-368.447,-368.447,490.846,-193.492,53.1791,0,262.347,184.724,-493.932,-370.162,-370.162,-62.6696,18.0142,-13.7748,-316.613,-316.613,74.5293,63.8546,63.8546,1124.81,-204.433,-1124.81,780.953,797.095,771.811,-1111.29,433.012,-297.905,1051.32,1071.95,1062.79,-706.499,-8.31715,-63.9423,503.248,1765.54,74.752,1789.32,4545.4,2411.11,2411.11,178.262,-983.378,151.172,192.224,146.343,-88.1721,181.974,-144.958,-157.705,-160.022,196.406,193.82,197.158,-143.547,59.7547,59.7547,-139.576,409.898,409.898,-968.36,160.668,172.422,-142.264,153.681,399.581,793.164,793.164,319.886,651.118,710.071,2101.92,-658.71,410.608,-319.886,-1.62257,472.135,779.178,458.754,456.101,1.62257,-551.981,-599.503,153.463,129.519,174.533,75.4093,-24.9865,183.267,97.0688,97.0606,-50.0615,92.9581,-86.5501,-112.548,52.4674,-537.084,-651.118,-582.888,-710.071,-94.2488,-94.2488,-70.9256,-190.027,35.8759,35.8759,155.398,155.398,-266.901,-266.901,60.0506,38.7841,15.8075,-207.694,954.97,-2861.91,-2149.5,5126.66,-15.8075,1159.98,-238.102,-265.001,145.415,145.415,81.665,81.665,147.273,283.903,-419.836,6.23092,22.8863,22.8863,95.9637,168.966,-226.368,67.4111,18.1585,18.1585,36.7907,36.272,230.154,230.154,301.873,101.532,233.191,-41.4778,182.938,-161.44,-161.44,90.1479,101.958,0,88.2448,163.669,0,87.8021,-232.811,-232.811,-117.957,33.5169,-100.023,-100.753,-108.405,-0.929313,8.37862,151.742,-23.676,-533.327,-188.643,-80.2325,-80.2325,36.2513,157.56,157.56,7.56386,8.14343,-438.846,0,25.9554,25.9554,0,419.188,0,149.185,0,-110.104,0,37.6539,-58.3637,-26.9349,-74.2183,-74.2183,0,-35.9803,-35.9803,-52.9123,0,0.70674,427.167,427.167,427.167,0.826768,0,0,0,27.9551,27.9551,27.9551,0,-33.2171,-10.8234,-10.8234,-6.76979,437.956,-7.79817,-7.79817,2.28593,9.00647,1.57586,-30.9184,17.6893,17.5404,7.07112,0,-5.76545,0,-228.309,-228.309,-228.309,0,0,0,0,10.1031,607.193,92.7538,92.7538,-178.986,-439.736,-41.418,-59.9384,0,156.522,-215.499,-59.1006,-457.243,-353.068,-843.825,-563.795,60.0579,13.7748,316.113,316.113,652.693,201.661,93.75,1574.27,1256.86,56.5845,81.9358,199.099,970.958,371.483,426.771,-317.702,275.755,2790.02,-3283.22,-1350.67,7070.93,494.267,-938.5,732.484,-3.69678,453.238,-119.757,218.637,79.0893,434.397,69.358,305.426,-121.769,-121.769,123.74,175.551,175.551,639.279,80.5746,0,235.162,-51.1014,-414.916,0,0
2020-08-05 06:00:00 UTC,-167.187,-92.3257,295.798,-54.1043,-54.1043,-66.4885,70.9134,123.039,-225.144,-225.144,466.494,154.339,-745.449,-40.0172,59.5244,168.868,418.949,91.2225,-344.435,-53.7693,-6.92455,-114.302,-114.302,-210.326,-280.977,-99.5221,-16.5476,9.83082,9.34775,141.551,-77.9799,-77.9799,-170.794,-96.1058,-96.1058,-244.612,116.945,146.519,-732.408,-732.408,160.166,362.561,333.575,170.65,194.684,-283.204,-927.109,-945.475,-936.727,9.30338,-87.5137,-87.5137,24.2139,-42.1219,-41.5124,8.49916,8.49916,-199.271,137.633,60.9374,178.601,-144.611,-77.9379,114.456,114.456,-9.45001,-25.325,118.055,118.055,17.5655,293.443,-197.332,-87.908,-87.908,3.56228,3.56228,0.610472,0.877461,0.674208,-6.39416,-4.94737,11.5889,-1.19052,-1.2179,-0.851791,-3.80421,2.88416,65.5741,65.5741,5.93838,5.93838,6.90488,6.90488,-66.326,-66.326,-66.326,23.4339,23.4339,6.71118,-24.6809,-12.9047,-12.9047,12.1202,12.1202,-66.9662,-13.9873,-170.65,-6.81948,-6.81948,-136.92,-136.92,-136.92,437.811,-108.669,-108.669,-114.496,-114.496,-5.70063,34.4146,34.4146,-11.919,-11.919,-561.377,-561.377,476.844,476.844,0,-26.6552,-200.228,-84.5214,237.513,237.513,-155.408,902.387,485.819,-161.187,-556.045,-556.045,119.367,119.367,-482.091,-482.091,45.6817,121.803,128.548,677.179,205.307,205.307,-125.316,-125.316,-125.316,416.187,416.187,-479.257,-2.69536e-09,-2.69536e-09,189.964,-335.13,-335.13,444.909,-173.317,53.1945,0,238.848,176.309,-446.568,-336.571,-336.571,-57.0334,17.1389,-11.1788,-289.856,-289.856,75.7202,64.1208,64.1208,990.369,-181.761,-990.369,709.697,724.429,702.507,-999.145,385.912,-270.486,927.109,945.475,936.727,-667.281,-6.82879,-46.1129,462.74,1639.22,63.096,1661.39,4199.02,2223.57,2223.57,172.683,-909.78,137.16,184.2,135.785,-88.622,167.464,-136.46,-145.958,-148.399,182.154,179.696,182.85,-134.807,52.2204,52.2204,-131.06,383.268,383.268,-901.696,142.074,158.712,-133.647,141.476,375.72,719.606,719.606,301.643,611.064,666.477,1989.25,-629.619,378.395,-301.643,-1.85834,427.5,721.626,424.796,422.298,1.85834,-523.605,-568.933,144.259,121.675,164.276,69.9637,-22.9415,166.276,90.8926,90.8844,-46.3209,81.609,-80.8905,-105.292,51.7647,-510.463,-611.064,-554.275,-666.477,-90.1515,-90.1515,-67.3581,-179.95,35.0928,35.0928,148.386,148.386,-251.269,-251.269,47.9801,35.1512,12.8326,-197.805,909.552,-2673.64,-2031.95,4969.44,-12.8326,1098.73,-207.031,-250.089,125.257,125.257,67.2665,67.2665,152.198,274.733,-384.851,7.19801,19.5329,19.5329,76.0945,163.09,-276.191,51.7533,15.0514,15.0514,30.8619,30.4256,212.056,212.056,277.58,93.6649,211.135,-50.5052,149.287,-146.957,-146.957,81.1215,91.7375,0,83.9529,155.647,0,79.157,-221.403,-221.403,-104.545,22.0508,-90.964,-91.6344,-98.4976,-4.87359,4.74899,137.014,-22.5725,-509.906,-178.68,-75.4141,-75.4141,35.5403,149.858,149.858,6.64994,7.19945,-425.353,0,29.446,29.446,0,382.962,0,131.134,0,-103.411,0,37.4403,-58.4717,-25.7051,-69.143,-69.143,0,-34.3579,-34.3579,-49.5371,0,0.557239,374.3,374.3,374.3,0.705456,0,0,0,23.9995,23.9995,23.9995,0,-31.9181,-10.8626,-10.8626,-7.12457,397.168,-7.97336,-7.97336,1.33847,7.429,0.891368,-28.6236,16.2164,16.0792,6.53556,-2.2747e-09,-5.76545,0,-220.404,-220.404,-220.404,0,0,0,0,6.79268,541.244,86.5729,86.5729,-186.784,-404.793,-46.8253,-67.8943,0,134.207,-203.523,-56.014,-459.967,-384.168,-817.385,-525.87,45.3337,11.1788,289.437,289.437,594.205,168.389,83.8903,1326.71,1158.97,52.9359,76.598,186.182,899.69,348.397,395.349,-300.479,245.52,2594.69,-3233.79,-1326.59,6851.17,446.307,-934.469,734.897,-12.5826,421.531,-119.463,211.324,67.7039,470.021,64.8178,299.689,-112.364,-112.364,106.667,167.449,167.449,584.024,66.4885,0,223.682,-52.6398,-401.662,0,0
2020-08-05 07:00:00 UTC,-160.204,-89.219,290.189,-54.9708,-54.9708,-56.1236,70.1593,122.27,-221.59,-221.59,425.692,140.091,-694.225,-43.8435,53.2218,157.133,391.882,85.1567,-319.781,-48.4129,0.690445,-106.341,-106.341,-196.384,-265.803,-93.9336,-15.7231,8.77374,10.0718,130.874,-72.695,-72.695,-158.704,-89.0421,-89.0421,-227.308,106.454,133.461,-671.297,-671.297,145.626,334.572,309.416,158.716,177.673,-259.188,-838.645,-855.379,-847.007,8.41967,-80.4862,-80.4862,22.1764,-38.7899,-37.8476,7.71583,7.71583,-183.933,126.211,55.4961,164.084,-133.236,-72.1203,105.654,105.654,-8.79179,-23.8127,112.041,112.041,16.0863,273.752,-184.576,-80.9123,-80.9123,3.25216,3.25216,0.507543,0.762132,0.536738,-5.93159,-4.68594,10.6833,-1.15857,-1.18772,-0.773038,-3.55871,2.78013,60.3105,60.3105,5.30658,5.30658,6.18643,6.18643,-61.1197,-61.1197,-61.1197,22.1083,22.1083,6.78041,-22.5934,-12.2036,-12.2036,11.2166,11.2166,-61.0428,-13.0127,-158.716,-6.26151,-6.26151,-127.863,-127.863,-127.863,406.368,-101.507,-101.507,-106.88,-106.88,-5.70063,31.9215,31.9215,-12.0666,-12.0666,-527.118,-527.118,445.567,445.567,0,-25.3881,-187.625,-79.3181,222.15,222.15,-144.974,835.765,450.26,-150.306,-521.654,-521.654,111.45,111.45,-451.996,-451.996,43.2524,114.109,104.788,659.626,190.626,190.626,-116.531,-116.531,-116.531,382.618,382.618,-449.361,-4.95971e-10,-4.95971e-10,175.695,-310.435,-310.435,411.049,-158.615,52.6591,0,221.408,168.828,-411.736,-311.69,-311.69,-53.0511,16.0882,-9.48311,-269.636,-269.636,75.3855,63.3325,63.3325,895.055,-165.267,-895.055,656.473,670.143,650.561,-916.785,352.137,-250.306,838.645,855.379,847.007,-634.683,-5.08813,-33.3328,432.669,1542.52,54.9616,1563.4,3935.99,2081.27,2081.27,167.146,-854.154,127.754,177.002,128.291,-87.0494,156.572,-129.739,-137.049,-139.557,171.178,168.828,171.831,-127.999,47.0175,47.0175,-124.431,362.137,362.137,-850.712,129.79,148.384,-126.925,132.821,356.917,666.077,666.077,287.092,579.517,632.135,1898.77,-605.136,353.775,-287.092,-1.9494,394.044,677.122,398.532,396.158,1.9494,-500.749,-544.283,137.017,115.499,156.166,65.6987,-21.274,153.091,86.0031,85.9949,-43.296,73.0236,-76.4166,-99.5799,50.7047,-488.912,-579.517,-531.082,-632.135,-86.9196,-86.9196,-64.7295,-172.297,34.4572,34.4572,142.866,142.866,-238.765,-238.765,38.6914,32.3751,10.3635,-189.927,874.413,-2526.16,-1937.73,4851.27,-10.3635,1049.9,-182.806,-238.39,109.471,109.471,56.2282,56.2282,155.705,267.673,-358.321,8.00049,17.1969,17.1969,60.5095,159.224,-316.348,39.0559,12.7744,12.7744,26.4463,26.0714,198.299,198.299,259.003,87.421,194.512,-57.2309,123.721,-135.901,-135.901,74.288,84.0038,0,80.4259,149.291,0,72.5339,-212.054,-212.054,-94.3927,13.4917,-84.0577,-84.6818,-91.0215,-7.74644,2.05574,125.183,-21.5553,-490.521,-170.246,-71.6397,-71.6397,34.2572,142.577,142.577,5.88161,6.40173,-409.809,0,31.4232,31.4232,0,351.48,0,115.065,0,-97.0262,0,37.268,-57.0634,-24.4738,-64.6224,-64.6224,0,-32.7289,-32.7289,-46.6121,0,0.470163,337.141,337.141,337.141,0.613845,0,0,0,21.4717,21.4717,21.4717,0,-30.0149,-10.2717,-10.2717,-6.50433,366.15,-7.66777,-7.66777,0.927456,6.51044,0.593154,-27.5568,15.1774,15.049,6.15451,1.31234e-12,-5.76545,0,-213.248,-213.248,-213.248,0,0,0,1.50637e-12,4.57026,491.658,81.9621,81.9621,-189.006,-378.056,-49.3975,-71.6945,0,118.769,-194.059,-53.4578,-456.133,-400.739,-793.078,-497.132,35.0611,9.48311,269.271,269.271,550.508,145.605,76.3261,1145.14,1082.85,50.0705,72.3939,175.996,845.679,330.809,370.959,-287.449,221.473,2436.99,-3202.61,-1311.62,6686.1,410.486,-932.614,735.938,-19.4902,397.878,-119.505,206.659,58.6233,498.38,61.9798,294.638,-105.003,-105.003,94.5862,161.044,161.044,541.611,56.1236,0,213.085,-53.2551,-389.18,0,0
2020-08-05 08:00:00 UTC,-155.102,-87.0941,285.096,-55.5176,-55.5176,-47.738,69.2174,121.162,-219.712,-219.712,392.457,129.617,-653.37,-49.2501,48.7824,146.711,373.524,81.0471,-299.311,-43.8878,7.67417,-100.613,-100.613,-185.093,-253.393,-89.385,-15.0548,7.92879,10.6183,122.322,-68.5144,-68.5144,-149.439,-83.7723,-83.7723,-213.721,98.5236,123.583,-622.675,-622.675,134.669,311.205,289.975,149.063,164.815,-240.771,-769.427,-784.875,-776.847,7.72405,-74.8571,-74.8571,20.8357,-36.1321,-34.1638,7.21558,7.21558,-171.492,118.37,51.4875,153.427,-123.818,-67.2641,99.1922,99.1922,-8.35592,-22.8243,107.145,107.145,15.0256,258.062,-174.69,-76.3372,-76.3372,3.10114,3.10114,0.436376,0.680983,0.423668,-5.55617,-4.53507,9.88612,-1.1434,-1.17337,-0.702684,-3.34915,2.68781,56.1599,56.1599,4.66847,4.66847,5.45947,5.45947,-56.995,-56.995,-56.995,20.9883,20.9883,7.00927,-20.7415,-11.6563,-11.6563,10.4749,10.4749,-56.4517,-12.1964,-149.063,-5.87617,-5.87617,-120.792,-120.792,-120.792,382.03,-95.9574,-95.9574,-101.028,-101.028,-5.70063,30.0679,30.0679,-12.25,-12.25,-500.528,-500.528,421.603,421.603,0,-24.4854,-177.9,-75.1855,210.33,210.33,-136.796,784.249,422.725,-141.83,-494.928,-494.928,105.488,105.488,-428.719,-428.719,41.3549,108.192,86.714,644.933,179.168,179.168,-109.577,-109.577,-109.577,356.402,356.402,-426.216,-4.28085e-10,-4.28085e-10,164.642,-290.864,-290.864,384.204,-147.096,51.5662,0,207.191,162.261,-384.061,-291.975,-291.975,-50.3212,14.9639,-8.30021,-254.17,-254.17,74.4601,62.2295,62.2295,820.612,-151.863,-820.612,613.268,626.071,608.284,-850.163,325.613,-233.842,769.427,784.875,776.847,-606.819,-3.00665,-21.9079,410.253,1469.13,48.8807,1488.38,3736.08,1973.35,1973.35,162.858,-810.086,120.775,171.513,122.328,-86.0049,148.216,-124.398,-130.162,-132.71,162.752,160.487,163.371,-122.636,42.9717,42.9717,-119.211,345.695,345.695,-810.587,120.485,140.354,-121.626,125.961,342.251,625.26,625.26,275.678,555.401,605.876,1829.58,-586.992,334.765,-275.678,-1.77348,368.594,643.557,378.722,376.441,1.77348,-482.991,-525.117,131.598,110.946,150.495,62.6631,-19.5959,142.898,82.2917,82.2835,-40.7668,66.4595,-73.0347,-95.2206,50.8938,-472.11,-555.401,-512.981,-605.876,-84.8516,-84.8516,-62.7907,-167.161,34.3156,34.3156,139.583,139.583,-229.249,-229.249,30.7517,30.1604,8.58759,-184.463,857.25,-2413.32,-1865.53,4796.06,-8.58759,1010.41,-164.212,-229.255,97.2883,97.2883,47.1492,47.1492,158.557,262.122,-337.6,9.00265,15.487,15.487,47.5404,156.954,-348.494,28.2072,11.0743,11.0743,23.0503,22.7227,187.668,187.668,244.535,82.3823,181.533,-64.1298,102.729,-128.118,-128.118,69.4792,78.5462,0,78.4784,145.937,0,67.79,-206.887,-206.887,-86.8533,6.11925,-79.0558,-79.6471,-85.811,-10.1128,-0.0742166,115.345,-20.648,-476.659,-163.572,-68.6952,-68.6952,33.1613,137.416,137.416,5.33381,5.8322,-397.995,0,32.8109,32.8109,0,327.293,0,98.7721,0,-91.8687,0,37.141,-56.0003,-23.4567,-60.96,-60.96,0,-31.3622,-31.3622,-44.1773,0,0.407286,308.087,308.087,308.087,0.54641,0,0,0,19.6616,19.6616,19.6616,0,-28.6715,-9.93684,-9.93684,-6.20228,343.998,-7.51889,-7.51889,0.51311,5.84289,0.313571,-26.2852,14.2923,14.1713,5.90815,0,-5.76545,0,-207.177,-207.177,-207.177,0,0,0,0,3.08755,454.56,78.3511,78.3511,-188.649,-356.24,-50.8758,-73.8862,0,107.611,-186.351,-51.2981,-450.149,-410.113,-772.491,-474.607,27.696,8.30021,253.847,253.847,517.46,129.175,70.4864,1010.7,1023.53,47.8763,69.1958,168.255,797.424,318.4,352.072,-278.177,203.431,2308.19,-3191.38,-1306.1,6608.9,383.311,-930.62,736.318,-26.3754,381.225,-120.019,204.434,51.4944,522.261,60.6781,290.371,-99.3735,-99.3735,85.5395,157.797,157.797,512.702,47.738,0,203.581,-53.119,-378.538,0,0
2020-08-05 09:00:00 UTC,-152.649,-86.1748,283.173,-56.4173,-56.4173,-43.1772,68.85,120.801,-219.858,-219.858,374.777,123.522,-631.269,-51.9656,46.0155,141.566,362.714,78.6287,-288.065,-41.4068,11.665,-97.125,-97.125,-178.93,-247.128,-87.0773,-14.6793,7.45764,11.1645,117.581,-66.1801,-66.1801,-144.252,-80.8208,-80.8208,-206.034,93.879,117.793,-595.064,-595.064,128.232,298.325,279.43,143.811,157.196,-229.694,-730.6,-745.322,-737.505,7.30076,-71.6525,-71.6525,20.0666,-34.597,-31.9386,6.94859,6.94859,-164.289,113.985,49.1526,147.409,-118.385,-64.4467,95.6106,95.6106,-8.14359,-22.3655,104.462,104.462,14.4841,249.583,-169.439,-74.7057,-74.7057,3.05178,3.05178,0.398456,0.639625,0.359092,-5.34282,-4.46953,9.43063,-1.13637,-1.16671,-0.659815,-3.22967,2.6536,53.8472,53.8472,4.27285,4.27285,5.01,5.01,-54.6932,-54.6932,-54.6932,20.4597,20.4597,7.18962,-19.6794,-11.3667,-11.3667,10.0652,10.0652,-53.7914,-11.7423,-143.811,-5.72504,-5.72504,-116.668,-116.668,-116.668,367.885,-92.9116,-92.9116,-97.6669,-97.6669,-5.70063,29.0687,29.0687,-12.1549,-12.1549,-484.893,-484.893,407.301,407.301,0,-23.8929,-172.03,-72.5949,203.208,203.208,-131.947,754.272,406.687,-136.669,-479.309,-479.309,101.998,101.998,-415.18,-415.18,40.2323,104.625,76.7957,634.591,172.351,172.351,-105.286,-105.286,-105.286,341.037,341.037,-412.824,-5.6982e-10,-5.6982e-10,158.167,-279.412,-279.412,368.709,-140.211,51.1831,0,199.038,158.273,-367.556,-280.433,-280.433,-48.8812,14.0534,-7.64294,-245.199,-245.199,73.7082,61.4266,61.4266,778.766,-144.265,-778.766,588.386,600.688,583.889,-811.917,310.491,-224.264,730.6,745.322,737.505,-589.684,-1.76555,-15.8306,396.856,1424.48,45.3942,1442.75,3614.18,1907.66,1907.66,160.283,-783.724,116.707,168.262,118.469,-85.9023,143.168,-121.103,-125.983,-128.548,157.586,155.375,158.185,-119.339,40.5791,40.5791,-116.004,336.098,336.098,-786.528,115.104,135.456,-118.367,121.38,333.21,601.137,601.137,269.194,540.369,589.504,1785.16,-575.194,324.919,-269.194,-2.19161,355.637,622.358,366.208,363.988,2.19161,-471.812,-513.042,127.99,107.954,146.954,60.7661,-18.4753,137.881,79.8577,79.8495,-39.1632,63.4939,-70.8242,-92.3505,50.7599,-461.509,-540.369,-501.552,-589.504,-83.5131,-83.5131,-61.7613,-164.173,34.1748,34.1748,137.362,137.362,-223.131,-223.131,27.6692,28.9822,7.67468,-180.987,845.711,-2341.13,-1818.95,4756.39,-7.67468,988.508,-154.553,-224.168,90.9298,90.9298,42.3549,42.3549,159.361,259.435,-328.863,9.56423,15.057,15.057,41.1256,156.628,-363.372,22.3586,10.3338,10.3338,21.4746,21.1689,181.884,181.884,236.716,79.6472,174.541,-68.3544,92.1303,-124.803,-124.803,67.3229,76.0887,0,78.107,145.217,0,65.6412,-205.62,-205.62,-83.2772,1.82006,-76.6428,-77.218,-83.4948,-11.2267,-1.03502,110.202,-20.189,-467.518,-159.382,-66.9082,-66.9082,32.3413,135.034,135.034,5.10344,5.59435,-394.786,0,34.2305,34.2305,0,314.166,0,90.6983,0,-89.2656,0,37.0754,-55.9451,-22.9755,-58.9144,-58.9144,0,-30.6524,-30.6524,-42.6826,0,0.372646,291.803,291.803,291.803,0.510176,0,0,0,18.6633,18.6633,18.6633,0,-27.991,-9.80193,-9.80193,-6.10357,333.892,-7.47023,-7.47023,0.260149,5.4736,0.12819,-25.678,13.7993,13.6824,5.86433,0,-5.76545,0,-203.177,-203.177,-203.177,0,0,0,0,2.34473,433.375,76.2927,76.2927,-187.582,-343.368,-51.5417,-74.8754,0,101.665,-181.767,-49.9506,-445.008,-413.923,-758.958,-460.145,23.3784,7.64294,244.903,244.903,497.344,119.992,67.8247,930.029,984.647,46.4281,67.0954,163.175,762.232,311.111,338.926,-273.007,192.069,2219.39,-3180.01,-1300.67,6553.44,369.522,-930.351,735.542,-29.8072,374.848,-120.756,204.646,47.6159,534.556,60.6443,288.072,-96.1689,-96.1689,80.7111,156.919,156.919,499.759,43.1772,0,198.758,-53.0377,-371.585,0,0
2020-08-05 10:00:00 UTC,-154.074,-87.3711,291.148,-58.6174,-58.6174,-40.21,71.6685,125.418,-225.054,-225.054,373.316,121.948,-630.007,-53.5958,44.8617,142.365,361.622,78.3845,-286.558,-40.8079,14.7775,-96.3469,-96.3469,-178.528,-248.465,-87.519,-14.6207,7.38158,12.0475,116.924,-65.8602,-65.8602,-143.655,-80.5326,-80.5326,-204.825,92.2377,115.747,-586.9,-586.9,126.004,295.375,278.445,143.316,154.618,-225.881,-718.865,-733.369,-725.609,7.04124,-70.7251,-70.7251,20.0419,-34.0404,-29.9949,7.05866,7.05866,-161.743,114.086,48.4356,146.526,-116.315,-63.3705,95.4628,95.4628,-8.29734,-22.8723,104.646,104.646,14.727,249.229,-169.528,-77.1277,-77.1277,3.29199,3.29199,0.409261,0.657527,0.336057,-5.27639,-4.57129,9.19272,-1.13728,-1.16754,-0.60984,-3.16354,2.70029,53.3982,53.3982,3.89253,3.89253,4.58046,4.58046,-54.2403,-54.2403,-54.2403,20.6213,20.6213,7.64211,-19.095,-11.3922,-11.3922,9.94229,9.94229,-52.9967,-11.594,-143.316,-5.76294,-5.76294,-115.818,-115.818,-115.818,364.936,-92.4455,-92.4455,-97.055,-97.055,-5.70063,28.9084,28.9084,-12.2416,-12.2416,-482.008,-482.008,404.804,404.804,0,-23.8535,-170.926,-72.0243,201.956,201.956,-130.906,747.808,403.227,-135.484,-476.377,-476.377,101.429,101.429,-412.707,-412.707,40.0475,104.014,73.1315,634.859,170.775,170.775,-104.126,-104.126,-104.126,336.748,336.748,-410.422,-1.70282e-09,-1.70282e-09,156.48,-276.176,-276.176,364.398,-137.938,51.339,0,196.65,157.611,-362.393,-277.149,-277.149,-48.9564,13.5642,-7.5283,-244.304,-244.304,73.6198,61.3221,61.3221,766.135,-141.553,-766.135,580.721,592.871,576.357,-799.232,306.044,-221.264,718.865,733.369,725.609,-585.148,-0.792935,-11.7626,395.494,1420.24,44.5506,1437.58,3599.64,1899.98,1899.98,161.189,-777.836,116.504,169.182,117.215,-87.6352,142.408,-120.607,-125.353,-127.922,156.997,154.79,157.595,-118.844,39.841,39.841,-115.522,335.192,335.192,-782.605,113.784,134.513,-117.879,119.79,331.97,596.157,596.157,269.27,539.083,588.099,1781.05,-576.611,325.73,-269.27,-2.71821,356.804,620.008,364.82,362.608,2.71821,-470.883,-512.036,127.401,107.5,146.784,60.6277,-18.2975,138.569,79.5011,79.4929,-38.9901,64.1843,-70.5073,-91.9058,51.6573,-460.635,-539.083,-500.605,-588.099,-83.4337,-83.4337,-61.522,-163.615,34.2285,34.2285,137.27,137.27,-222.545,-222.545,28.8162,28.7366,6.65271,-180.805,847.132,-2332.65,-1813.97,4781.47,-6.65271,983.962,-155.187,-224.387,91.2964,91.2964,40.8226,40.8226,158.744,259.62,-331.305,9.63015,15.5315,15.5315,41.5615,157.618,-361.014,22.2624,10.35,10.35,21.4214,21.1165,181.903,181.903,236.448,79.3281,173.704,-73.3695,88.7687,-126.861,-126.861,68.2495,77.0798,0,81.0948,149.98,0,66.5075,-212.627,-212.627,-83.6823,-1.3113,-77.323,-77.9036,-84.5881,-11.897,-1.33107,110.651,-20.616,-469.348,-158.713,-66.7576,-66.7576,31.9077,136.941,136.941,5.04879,5.54445,-400.861,0,36.7623,36.7623,0,313.182,0,89.8302,0,-89.7645,0,37.0684,-57.8032,-23.1928,-58.6322,-58.6322,0,-30.7796,-30.7796,-42.1299,0,0.359025,286.676,286.676,286.676,0.503228,0,0,0,18.3303,18.3303,18.3303,0,-28.3458,-10.1284,-10.1284,-6.58397,338.856,-7.70724,-7.70724,0.0290111,5.27162,-0.0662198,-25.4629,13.6499,13.5339,5.95699,0,-5.76545,0,-202.69,-202.69,-202.69,0,0,0,0,2.3416,431.783,76.0993,76.0993,-187.317,-339.657,-52.0283,-75.5881,0,100.422,-180.972,-49.6527,-444.463,-415.291,-757.796,-456.883,22.7468,7.5283,244.024,244.024,494.728,118.311,68.4307,920.867,977.603,46.1972,66.777,162.413,752.17,309.83,336.093,-272.011,190.9,2204.09,-3213.5,-1316.61,6588.89,370.784,-932.555,733.596,-29.7281,377.636,-121.323,206.533,47.5315,534.214,61.4117,288.158,-96.0644,-96.0644,80.8633,161.715,161.715,506.827,40.21,0,203.099,-52.498,-371.069,0,0
2020-08-05 11:00:00 UTC,-159.227,-90.7517,309.225,-62.5084,-62.5084,-38.8853,77.7275,135.056,-237.009,-237.009,384.756,123.624,-645.65,-55.3432,44.6818,147.882,368.268,79.8712,-292.407,-41.5735,17.3973,-97.7086,-97.7086,-182.36,-255.619,-90.0436,-14.7918,7.59021,13.2726,119.224,-67.0371,-67.0371,-146.634,-82.3905,-82.3905,-208.589,93.5631,117.399,-598.309,-598.309,127.634,302.141,285.319,146.72,156.241,-227.755,-734.659,-749.463,-741.586,7.16757,-72.039,-72.039,20.3368,-34.631,-30.71,7.2107,7.2107,-164.574,115.805,48.9999,149.812,-118.466,-64.4888,98.1387,98.1387,-8.48683,-23.4074,106.481,106.481,15.1692,255.157,-174.645,-82.1318,-82.1318,3.42871,3.42871,0.429465,0.689696,0.361934,-5.36412,-4.654,9.40105,-1.13849,-1.16869,-0.613554,-3.21361,2.80564,54.487,54.487,3.97297,3.97297,4.67814,4.67814,-55.328,-55.328,-55.328,21.37,21.37,7.71104,-19.5689,-11.6035,-11.6035,10.1649,10.1649,-53.7171,-11.8394,-146.72,-6.00988,-6.00988,-118.39,-118.39,-118.39,373.638,-94.6839,-94.6839,-99.3515,-99.3515,-5.70063,29.6655,29.6655,-12.5837,-12.5837,-492.588,-492.588,414.683,414.683,0,-24.4496,-174.838,-73.5868,206.838,206.838,-133.775,765.797,412.855,-138.411,-486.813,-486.813,103.922,103.922,-421.932,-421.932,40.7236,106.482,75.63,646.803,174.626,174.626,-106.193,-106.193,-106.193,343.79,343.79,-419.624,5.6558e-10,5.6558e-10,159.757,-281.44,-281.44,371.786,-140.201,52.4659,0,200.365,160.728,-368.655,-282.402,-282.402,-50.5164,13.73,-7.96393,-251.349,-251.349,74.3579,61.9999,61.9999,783.38,-143.862,-783.38,590.795,603.153,586.202,-812.821,312.683,-225.262,734.659,749.463,741.586,-594.064,-0.137755,-9.47397,406.8,1458.88,46.4355,1475.29,3700.09,1954.43,1954.43,165.417,-793.185,120.128,174.083,119.704,-89.9151,146.171,-123.09,-128.474,-131.032,161.286,159.027,161.899,-121.323,40.7831,40.7831,-117.934,342.812,342.812,-799.39,116.561,137.725,-120.334,122.18,339.446,611.265,611.265,275.935,552.952,603.194,1822.5,-592.433,336.38,-275.935,-2.77161,370.966,638.646,375.824,373.557,2.77161,-481.287,-523.266,130.462,110.112,150.593,62.5528,-18.9298,144.307,81.5506,81.5424,-40.2046,67.3928,-72.3771,-94.2863,53.1712,-470.518,-552.952,-511.255,-603.194,-85.0611,-85.0611,-62.5566,-166.983,34.8612,34.8612,140.31,140.31,-228.142,-228.142,32.5559,29.7451,5.59132,-184.671,871.05,-2395.09,-1855.73,4913.49,-5.59132,994.829,-165.338,-230.143,97.8484,97.8484,41.9067,41.9067,157.554,262.074,-343.085,9.44525,16.3851,16.3851,48.0228,160.025,-342.711,27.7142,10.657,10.657,22.2283,21.9123,187.709,187.709,243.498,81.2188,178.793,-78.8166,90.4976,-132.658,-132.658,71.4175,80.5796,0,86.2156,158.341,0,69.5176,-224.989,-224.989,-87.0329,-3.21448,-80.6178,-81.223,-88.1781,-12.6542,-1.48522,116.47,-21.9132,-483.114,-162.03,-68.3244,-68.3244,32.2101,143.142,143.142,5.20629,5.72109,-417.75,0,40.6854,40.6854,0,323.903,0,93.6705,0,-92.6171,0,37.103,-60.9659,-23.9661,-59.6314,-59.6314,0,-31.5435,-31.5435,-42.2242,0,0.373165,293.144,293.144,293.144,0.518523,0,0,0,18.7952,18.7952,18.7952,0,-28.9123,-10.3613,-10.3613,-6.85742,355.549,-7.84202,-7.84202,0.0976325,5.38369,-0.0930002,-26.5027,13.9278,13.8094,6.21296,0,-5.76545,0,-206.018,-206.018,-206.018,0,0,0,0,3.09222,448.026,78.1164,78.1164,-188.203,-345.503,-52.3927,-76.1076,0,103.857,-184.336,-50.4864,-449.289,-414.698,-770.084,-466.524,26.0109,7.96393,251.076,251.076,510.709,124.318,71.2956,987.127,1006.54,47.389,68.5289,166.663,771.602,316.765,344.611,-277.442,198.912,2268.16,-3315.48,-1364.81,6774.21,385.886,-936.968,730.708,-27.4704,388.855,-121.962,209.9,51.0955,522.268,62.9943,289.961,-98.7817,-98.7817,85.8509,170.684,170.684,529.885,38.8853,0,216.533,-51.4784,-377.57,0,0
2020-08-05 12:00:00 UTC,-168.189,-96.2006,335.098,-66.7987,-66.7987,-41.502,86.2609,148.331,-251.979,-251.979,411.965,131.637,-682.913,-58.2313,47.4009,157.328,389.016,84.515,-307.988,-44.2465,17.8572,-103.103,-103.103,-193.012,-272.248,-95.9909,-15.3281,8.25563,15.1573,126.28,-70.5169,-70.5169,-154.724,-87.1572,-87.1572,-219.648,98.689,123.789,-634.08,-634.08,134.291,320.8,302.26,155.103,163.446,-237.166,-785.005,-800.757,-792.571,7.73935,-76.1124,-76.1124,21.238,-36.6102,-33.9386,7.5302,7.5302,-173.842,120.608,51.3594,158.697,-125.519,-68.1438,104.526,104.526,-8.83748,-24.3069,110.65,110.65,16.0536,269.25,-185.459,-90.6129,-90.6129,3.57006,3.57006,0.473373,0.755287,0.445141,-5.63743,-4.78664,10.0995,-1.14847,-1.17815,-0.67075,-3.39452,3.00752,57.5789,57.5789,4.46975,4.46975,5.25434,5.25434,-58.4088,-58.4088,-58.4088,22.9721,22.9721,7.52085,-21.1914,-12.0918,-12.0918,10.8148,10.8148,-56.3178,-12.5575,-155.103,-6.49373,-6.49373,-124.56,-124.56,-124.56,394.703,-99.8967,-99.8967,-104.619,-104.619,-5.70063,31.3218,31.3218,-12.8128,-12.8128,-516.619,-516.619,436.829,436.829,0,-25.4703,-183.653,-77.2719,217.798,217.798,-140.825,809.881,436.43,-145.513,-510.782,-510.782,109.383,109.383,-442.926,-442.926,42.4392,111.992,86.8005,666.872,184.206,184.206,-111.675,-111.675,-111.675,363.663,363.663,-440.605,-7.08168e-10,-7.08168e-10,168.487,-296.303,-296.303,392.793,-147.686,55.0292,0,211.475,167.683,-388.045,-297.29,-297.29,-53.4698,14.4168,-8.96042,-266.336,-266.336,75.8094,63.3998,63.3998,837.887,-152.911,-837.887,622.659,635.667,617.376,-859.618,332.64,-237.775,785.005,800.757,792.571,-617.336,-0.615955,-12.5124,429.768,1536.3,51.4025,1552.44,3906.08,2066.03,2066.03,172.175,-830.471,127.263,182.147,125.324,-93.0211,154.249,-128.383,-135.166,-137.694,170.026,167.67,170.674,-126.573,43.6975,43.6975,-123.044,358.935,358.935,-836.423,123.778,145.064,-125.527,127.997,354.724,647.101,647.101,288.982,579.815,632.433,1900.63,-618.478,357.885,-288.982,-3.06519,399.934,675.168,397.382,395.011,3.06519,-501.181,-544.731,136.268,114.976,157.153,66.0115,-20.7157,156.276,85.5061,85.4979,-42.8663,74.1562,-75.9763,-98.9423,54.1957,-489.364,-579.815,-531.552,-632.433,-87.5673,-87.5673,-64.6474,-172.595,35.5386,35.5386,144.725,144.725,-238.789,-238.789,41.9444,32.0334,5.66006,-191.196,903.176,-2516.48,-1935.69,5065.85,-5.66006,1027.57,-186.58,-241.21,111.641,111.641,47.607,47.607,154.646,267.716,-368.63,8.96162,18.3723,18.3723,63.0366,164.138,-301.902,40.3335,11.656,11.656,24.7628,24.4115,199.655,199.655,258.761,85.8494,190.972,-82.1036,103.022,-143.627,-143.627,77.5949,87.4722,0,93.5229,170.208,0,75.5136,-242.828,-242.828,-94.7893,-1.83601,-87.1425,-87.795,-95.0489,-12.5541,-0.712588,129.144,-24.0843,-504.749,-168.972,-71.4246,-71.4246,33.2582,153.759,153.759,5.64867,6.19587,-442.947,0,44.6404,44.6404,0,347.181,0,100.378,0,-99.378,0,37.2091,-66.8416,-25.6422,-62.6746,-62.6746,0,-33.3371,-33.3371,-43.2612,0,0.421972,314.138,314.138,314.138,0.56413,0,0,0,20.2938,20.2938,20.2938,0,-30.017,-10.6709,-10.6709,-7.14012,386.782,-7.98122,-7.98122,0.444014,5.92216,0.0123474,-28.9838,14.7119,14.5869,6.6548,0,-5.76545,0,-212.532,-212.532,-212.532,0,0,0,0,4.53921,482.616,82.3491,82.3491,-189.917,-362.354,-52.259,-75.8818,0,112.602,-192.081,-52.4544,-457.723,-409.348,-793.172,-487.687,33.2084,8.96042,266.062,266.062,544.112,138.717,77.3186,1125.44,1066.45,49.7355,71.9407,174.919,821.196,329.199,361.179,-287.447,213.016,2401.8,-3413.63,-1411.32,6987.88,416.851,-940.438,727.453,-22.0718,412.965,-122.557,215.587,59.0794,494.56,66.3238,293.452,-104.346,-104.346,96.1186,183.089,183.089,571.914,41.502,0,239.293,-50.3681,-389.784,0,0
2020-08-05 13:00:00 UTC,-181.364,-103.444,366.639,-70.6084,-70.6084,-50.6274,96.3528,163.688,-270.891,-270.891,468.135,148.458,-754.472,-57.2675,53.7071,175.676,425.544,92.7016,-340.16,-50.6608,12.4125,-112.548,-112.548,-213.825,-301.23,-106.473,-16.4381,9.6606,17.2298,140.894,-77.5415,-77.5415,-170.205,-95.9416,-95.9416,-241.648,109.504,137.259,-707.714,-707.714,148.738,358.903,335.521,171.503,179.637,-259.326,-890.684,-908.405,-899.667,8.82575,-84.5419,-84.5419,23.0396,-40.6279,-40.2837,8.20108,8.20108,-192.594,130.89,56.5117,175.39,-139.892,-75.531,115.777,115.777,-9.55969,-26.0725,118.565,118.565,17.8103,296.462,-204.924,-106.18,-106.18,3.85316,3.85316,0.569812,0.88594,0.617433,-6.2048,-5.03526,11.4616,-1.16632,-1.19506,-0.779479,-3.74573,3.32625,63.9161,63.9161,5.48489,5.48489,6.42448,6.42448,-64.7405,-64.7405,-64.7405,25.7355,25.7355,7.15276,-24.3511,-13.0358,-13.0358,12.0751,12.0751,-62.1993,-13.9569,-171.503,-7.30309,-7.30309,-135.56,-135.56,-135.56,432.66,-109.114,-109.114,-113.787,-113.787,-5.67494,34.1546,34.1546,-12.4591,-12.4591,-557.82,-557.82,474.624,474.624,0,-26.8089,-198.682,-83.7065,236.471,236.471,-153.574,889.997,479.21,-158.21,-552.23,-552.23,118.576,118.576,-479.079,-479.079,45.3266,121.342,112.629,693.133,201.648,201.648,-121.91,-121.91,-121.91,402.089,402.089,-476.804,-2.05988e-09,-2.05988e-09,184.798,-324.907,-324.907,433.553,-162.766,59.6523,0,233.489,179.653,-426.296,-326.002,-326.002,-58.0886,15.9852,-10.6538,-291.737,-291.737,77.5908,65.3698,65.3698,951.542,-172.364,-951.542,687.153,701.464,680.326,-956.672,372.435,-262.924,890.684,908.405,899.667,-658.857,-2.83599,-25.7862,467.561,1661.43,60.9673,1678.67,4243,2249,2249,181.556,-896.081,138.195,193.599,133.913,-98.8047,167.858,-137.055,-146.372,-148.821,184.28,181.769,184.982,-135.181,49.438,49.438,-131.432,386.567,386.567,-898.484,136.741,157.684,-134.045,137.005,379.36,710.784,710.784,310.09,621.822,678.143,2020.51,-654.124,394.948,-310.09,-4.14509,451.127,732.571,431.259,428.729,4.14509,-531.683,-577.61,144.927,122.252,167.006,71.2919,-23.8294,177.709,91.5666,91.5584,-47.3388,86.9487,-81.5119,-106.062,55.7111,-518.137,-621.822,-562.502,-678.143,-90.9756,-90.9756,-67.6164,-180.043,35.9954,35.9954,150.323,150.323,-255.265,-255.265,60.8458,35.8144,6.94845,-200.666,940.089,-2704.29,-2057.88,5220.65,-6.94845,1097.32,-224.642,-258.869,136.466,136.466,62.1837,62.1837,148.154,278.981,-413.833,7.45373,22.7861,22.7861,91.2132,168.93,-229.919,62.9913,14.7152,14.7152,31.4624,31.0175,220.294,220.294,286.331,94.852,214.512,-80.3439,137.702,-164.608,-164.608,89.5787,100.923,0,104.875,188.639,0,87.2397,-270.539,-270.539,-111.088,5.37486,-98.9649,-99.6986,-108.25,-9.46245,2.87997,151.425,-27.1486,-533.107,-180.471,-76.3573,-76.3573,35.4902,169.176,169.176,6.52235,7.1177,-476.352,0,47.475,47.475,0,395.856,0,120.234,0,-111.439,0,37.4455,-75.0816,-28.4197,-68.8935,-68.8935,0,-36.4276,-36.4276,-45.9648,0,0.523476,358.414,358.414,358.414,0.666053,0,0,0,23.1454,23.1454,23.1454,0,-32.2185,-11.2862,-11.2862,-7.70631,444.108,-8.25982,-8.25982,1.13404,6.95031,0.307302,-32.9945,16.2212,16.0836,7.30678,0,-5.68847,0,-222.208,-222.208,-222.208,0,0,0,0,6.76341,542.276,89.6298,89.6298,-191.581,-394.788,-50.7543,-73.6207,0,128.697,-204.884,-55.816,-467.056,-392.144,-826.388,-521.54,45.8705,10.6538,291.447,291.447,599.634,165.693,88.5446,1356.43,1160.35,53.3177,77.1698,187.574,896.041,347.281,386.471,-301.67,238.339,2612.71,-3496.09,-1451.05,7205.06,471.827,-939.012,724.23,-9.2823,452.913,-121.449,221.608,73.5748,443.587,72.4581,298.869,-113.731,-113.731,114.264,201.175,201.175,649.296,50.6274,0,271.652,-49.3267,-407.474,0,0
2020-08-05 14:00:00 UTC,-195.791,-110.475,390.477,-70.3673,-70.3673,-69.3191,103.161,173.463,-286.948,-286.948,545.452,175.193,-850.428,-54.7513,65.1496,196.719,478.973,104.7,-383.825,-60.1844,-1.18552,-125.697,-125.697,-240.185,-335.314,-118.837,-17.8901,11.548,18.5522,160.277,-87.1183,-87.1183,-192.494,-109.182,-109.182,-272.592,128.119,160.412,-823.314,-823.314,173.401,413.855,380.932,193.707,206.674,-296.076,-1062.53,-1083.4,-1074.01,10.9999,-97.5029,-97.5029,25.9783,-47.2186,-52.2697,8.99725,8.99725,-222.294,145.438,64.9349,201.63,-162.629,-87.0425,133.078,133.078,-10.3141,-27.6324,127.73,127.73,19.7164,332.642,-230.8,-123.554,-123.554,3.873,3.873,0.678733,1.02143,0.888481,-7.07929,-5.14676,13.677,-1.19413,-1.22145,-1.0061,-4.32789,3.61106,72.9391,72.9391,7.54332,7.54332,8.77688,8.77688,-73.92,-73.92,-73.92,28.903,28.903,5.92686,-29.5188,-14.182,-14.182,13.9263,13.9263,-71.3786,-16.07,-193.707,-8.7065,-8.7065,-151.798,-151.798,-151.798,489.209,-122.932,-122.932,-127.314,-127.314,-5.43619,38.501,38.501,-11.0376,-11.0376,-616.849,-616.849,528.751,528.751,0,-28.3821,-219.97,-92.5301,262.987,262.987,-172.229,1010.41,543.359,-176.572,-612.024,-612.024,131.986,131.986,-531.393,-531.393,49.7254,134.591,158.909,716.888,227.448,227.448,-136.99,-136.99,-136.99,462.065,462.065,-529.292,4.25637e-10,4.25637e-10,208.887,-368.511,-368.511,495.269,-187.094,64.6615,0,266.981,194.182,-486.482,-370.138,-370.138,-65.2519,17.2328,-13.6557,-326.714,-326.714,77.2865,66.0057,66.0057,1136.5,-203.531,-1136.5,785.658,801.934,776.05,-1109.32,435.459,-301.498,1062.53,1083.4,1074.01,-713.514,-5.79001,-51.3696,520.698,1830.11,76.3618,1849.87,4702.88,2499.09,2499.09,190.442,-991.742,155.962,205.676,145.167,-105.45,187.165,-148.276,-161.966,-164.247,203.372,200.679,204.149,-146.755,59.1037,59.1037,-142.72,424.049,424.049,-985.033,160.233,175.421,-145.475,149.45,411.562,806.832,806.832,336.502,675.999,737.076,2173.26,-693.036,443.634,-336.502,-4.79759,520.494,808.169,475.867,473.132,4.79759,-569.948,-618.796,156.298,131.918,180.045,78.3519,-27.5584,206.198,99.5457,99.5375,-53.1284,104.554,-88.8364,-115.396,57.6963,-554.012,-675.999,-601.022,-737.076,-95.5083,-95.5083,-71.6513,-190.365,36.6871,36.6871,157.883,157.883,-276.555,-276.555,85.8076,41.0092,9.57821,-213.02,991.743,-2947.11,-2213.54,5414.21,-9.57821,1198.55,-274.685,-280.816,169.225,169.225,85.7609,85.7609,139.263,294.561,-472.303,5.10028,28.9222,28.9222,129.883,173.917,-133.923,93.576,19.5012,19.5012,41.4488,40.865,247.761,247.761,323.746,107.139,248.494,-67.7007,192.852,-189.561,-189.561,104.497,117.763,0,114.364,204.486,0,101.568,-292.971,-292.971,-133.075,21.757,-114.008,-114.842,-124.685,-3.61165,8.62819,181.061,-30.2508,-563.562,-194.103,-82.7443,-82.7443,36.9473,185.763,185.763,7.8109,8.4578,-505.469,0,45.4426,45.4426,0,465.621,0,144.592,0,-125.91,0,37.799,-81.0824,-31.6289,-76.9748,-76.9748,0,-39.9046,-39.9046,-49.7089,0,0.729169,431.25,431.25,431.25,0.830152,0,0,0,28.1784,28.1784,28.1784,0,-34.5579,-11.6427,-11.6427,-7.746,514.677,-8.27889,-8.27889,2.47294,8.73485,1.10345,-38.1707,18.3182,18.1636,8.34917,1.56461e-12,-4.97318,0,-232.855,-232.855,-232.855,0,0,0,0,10.5187,626.712,99.4108,99.4108,-185.994,-442.196,-44.9369,-65.0273,0,155.116,-221.371,-60.1371,-466.47,-351.072,-861.786,-567.249,65.16,13.6557,326.31,326.31,677.093,209.473,103.603,1682.13,1285.05,57.9993,84.0482,204.232,985.414,371.901,419.24,-321.175,271.635,2883.46,-3576.87,-1490.64,7476.27,546.73,-931.959,721.709,9.69044,503.051,-118.371,227.605,92.9819,374.144,81.2085,306.773,-126.306,-126.306,139.935,216.841,216.841,741.243,69.3191,0,304.732,-47.6578,-425.744,0,0
2020-08-05 15:00:00 UTC,-207.108,-115.105,395.591,-65.4304,-65.4304,-94.7567,102.664,171.689,-293.979,-293.979,618.673,204.67,-940.125,-53.3086,79.0135,211.749,535.072,117.329,-424.327,-69.7526,-20.0898,-139.392,-139.392,-261.193,-360.813,-127.991,-19.0825,13.1415,18.5695,176.445,-95.8068,-95.8068,-215.799,-124.415,-124.415,-302.87,151.967,190.015,-957.192,-957.192,204.363,470.372,424.235,214.664,239.111,-338.717,-1270.35,-1294.96,-1285.12,14.244,-111.974,-111.974,29.5158,-55.2373,-69.2952,9.51657,9.51657,-256.951,159.554,74.9657,233.328,-189.203,-100.213,154.037,154.037,-10.5872,-27.6394,134.113,134.113,20.659,365.833,-256.146,-137.056,-137.056,3.26164,3.26164,0.729513,1.06716,1.19924,-8.06326,-4.86618,16.397,-1.23482,-1.26005,-1.36428,-5.0638,3.66876,81.8604,81.8604,10.6664,10.6664,12.3269,12.3269,-83.3243,-83.3243,-83.3243,31.1348,31.1348,3.52418,-35.8939,-15.0208,-15.0208,15.9152,15.9152,-81.3988,-18.4269,-214.664,-10.8557,-10.8557,-170.107,-170.107,-170.107,553.184,-138.868,-138.868,-143.018,-143.018,-4.63976,44.2694,44.2694,-8.54556,-8.54556,-682.267,-682.267,588.1,588.1,0,-30.1375,-242.963,-100.713,291.398,291.398,-192.3,1148.1,616.501,-196.41,-678.668,-678.668,147.991,147.991,-590.464,-590.464,55.0718,148.855,220.646,723.906,256.016,256.016,-153.2,-153.2,-153.2,532.585,532.585,-588.509,-1.77839e-09,-1.77839e-09,234.51,-417.527,-417.527,563.712,-216.159,67.5484,0,304.59,204.682,-557.145,-420.603,-420.603,-75.9175,14.9132,-18.3022,-363.152,-363.152,72.2574,63.0112,63.0112,1360.33,-240.136,-1360.33,895.503,913.934,882.138,-1285.45,510.026,-344.227,1270.35,1294.96,1285.12,-761.966,-6.75483,-83.6547,578.399,1999.49,95.3166,2022.07,5168.04,2751.58,2751.58,193.708,-1099.04,183.469,213.349,156.021,-109.396,208.15,-158.169,-178.288,-180.314,221.9,219.076,222.753,-158.311,71.8862,71.8862,-153.977,461.154,461.154,-1078.39,197.49,193.575,-156.816,162.528,441.42,919.825,919.825,360.716,725.818,791.245,2308.24,-719.601,492.042,-360.716,-5.17059,591.946,878.756,517.507,514.587,5.17059,-604.119,-655.514,166.588,140.718,191.54,84.7806,-31.0389,234.843,106.843,106.834,-58.572,123.679,-95.5575,-123.944,58.7935,-585.831,-725.818,-635.117,-791.245,-99.1919,-99.1919,-75.3578,-198.944,37.0475,37.0475,163.853,163.853,-295.692,-295.692,112.556,46.0928,12.1682,-223.672,1032.32,-3171.55,-2351.54,5559.78,-12.1682,1302.21,-323.27,-300.963,200.907,200.907,112.849,112.849,129.333,310.674,-531.428,2.71956,36.1467,36.1467,170.162,177.946,-35.3854,123.984,24.8713,24.8713,52.2255,51.4922,274.88,274.88,361.216,119.303,284.598,-44.8628,255.791,-211.032,-211.032,118.036,133.154,0,117.906,211.046,0,114.51,-301.399,-301.399,-154.912,45.4142,-128.296,-129.223,-139.485,3.60553,14.9805,210.439,-32.2734,-584.915,-202.419,-88.6997,-88.6997,33.033,198.193,198.193,9.32168,10.014,-523.971,0,38.4489,38.4489,0,535.169,0,161.729,0,-136.795,0,38.1288,-80.1885,-34.0565,-83.5729,-83.5729,0,-42.3157,-42.3157,-52.9204,0,1.06329,520.543,520.543,520.543,1.0177,0,0,0,35.1842,35.1842,35.1842,0,-35.6218,-11.1474,-11.1474,-6.52328,577.85,-7.67603,-7.67603,4.48268,11.1954,2.50183,-43.246,20.3637,20.1932,9.8737,0,-2.58731,0,-239.824,-239.824,-239.824,0,0,0,0,16.5247,717.588,108.922,108.922,-165.017,-492.035,-33.1422,-47.6901,0,190.715,-236.846,-63.9104,-443.445,-283.855,-884.122,-612.622,87.3181,18.3022,362.404,362.404,757.222,265.362,119.479,2024.1,1404.8,62.2864,90.3559,219.501,1068.33,393.418,447.989,-338.416,298.621,3128.81,-3631.92,-1518.1,7680.15,624.351,-924.788,718.362,29.8589,554.279,-113.844,232.457,111.765,303.259,92.5634,315.192,-138.886,-138.886,167.349,223.484,223.484,821.578,94.7567,0,326.223,-45.0206,-435.374,0,0
2020-08-05 16:00:00 UTC,-215.55,-118.057,389.535,-58.1495,-58.1495,-118.498,98.4208,164.257,-293.886,-293.886,679.132,233.035,-1014.53,-54.0928,93.2418,220.965,589.019,129.503,-457.376,-77.8812,-36.5076,-153.111,-153.111,-278.388,-377.925,-134.238,-20.1241,14.5713,16.7106,190.662,-103.629,-103.629,-237.412,-138.842,-138.842,-329.958,173.674,216.907,-1073.9,-1073.9,233.559,516.925,460.271,231.952,270.804,-381.351,-1458.16,-1486.1,-1476.1,15.6731,-123.951,-123.951,31.9384,-60.8607,-77.8679,10.6474,10.6474,-284.262,178.122,84.8756,262.662,-211.56,-111.044,172.708,172.708,-10.9804,-27.967,138.873,138.873,21.6149,393.386,-277.188,-148.756,-148.756,2.90172,2.90172,0.777376,1.06616,1.36926,-8.90579,-4.92481,18.0422,-1.25552,-1.27969,-1.58308,-5.49831,3.33422,89.6131,89.6131,12.4771,12.4771,14.3725,14.3725,-90.9928,-90.9928,-90.9928,32.2259,32.2259,2.22091,-39.7455,-15.8228,-15.8228,17.2764,17.2764,-91.0198,-19.8796,-231.952,-11.7182,-11.7182,-184.742,-184.742,-184.742,607.491,-150.394,-150.394,-155.323,-155.323,-4.98269,48.0906,48.0906,-7.18906,-7.18906,-733.68,-733.68,638.424,638.424,0,-31.4585,-261.926,-107.758,316.043,316.043,-209.098,1264.69,678.266,-213.974,-730.743,-730.743,160.984,160.984,-636.414,-636.414,60.3044,161.301,278.49,723.231,280.825,280.825,-167.819,-167.819,-167.819,594.918,594.918,-634.126,-2.13128e-09,-2.13128e-09,255.046,-458.206,-458.206,620.466,-241.564,67.9458,0,335.983,210.312,-618.653,-462.557,-462.557,-85.8195,11.6547,-21.6585,-393.392,-393.392,64.6345,57.9593,57.9593,1562.88,-271.196,-1562.88,986.897,1007.09,969.771,-1434.34,574.188,-381.585,1458.16,1486.1,1476.1,-793.031,-4.01483,-109.262,628.261,2139.05,112.599,2163.74,5550.53,2959.33,2959.33,194.14,-1186.55,210.343,217.918,163.666,-112.309,225.911,-165.494,-191.845,-193.608,236.978,234.062,237.893,-167.518,84.0084,84.0084,-162.932,490.748,490.748,-1154.02,233.763,209.182,-165.804,172.522,463.554,1018.52,1018.52,379.534,764.403,833.185,2411.49,-736.842,532.955,-379.534,-5.32049,654.367,933.792,549.965,546.907,5.32049,-629.938,-683.215,174.368,147.405,200.236,89.7344,-33.6138,258.927,112.353,112.344,-62.6577,141.086,-100.643,-130.436,58.6917,-609.732,-764.403,-660.679,-833.185,-101.924,-101.924,-78.5619,-205.831,37.1908,37.1908,168.118,168.118,-309.996,-309.996,135.969,50.4087,14.3253,-231.643,1061.27,-3338.11,-2457.22,5663.25,-14.3253,1385.28,-363.615,-316.9,226.882,226.882,136.193,136.193,120.016,324.605,-582.318,1.10319,43.461,43.461,203.375,181.933,45.0686,147.106,30.0192,30.0192,61.756,60.8913,297.546,297.546,392.527,129.054,315.608,-24.543,310.644,-229.657,-229.657,129.971,146.737,0,120.279,216.167,0,125.839,-307.712,-307.712,-174.095,66.5531,-140.715,-141.722,-152.527,10.2599,20.7123,233.187,-33.3153,-600.093,-206.42,-93.1695,-93.1695,27.3518,207.075,207.075,10.6576,11.3792,-529.046,0,29.2252,29.2252,0,590.31,0,170.543,0,-144.308,0,38.443,-75.8667,-35.4867,-89.2643,-89.2643,0,-43.7984,-43.7984,-56.3148,0,1.37203,601.605,601.605,601.605,1.19369,0,0,0,41.3352,41.3352,41.3352,0,-36.7989,-10.851,-10.851,-5.80343,632.072,-7.32034,-7.32034,6.52882,12.5654,4.24963,-44.371,22.1377,21.9533,10.3821,0,-3.61459,0,-243.374,-243.374,-243.374,0,0,0,0,19.1146,795.255,116.626,116.626,-141.957,-531.68,-19.4485,-27.5902,0,216.83,-247.825,-66.5446,-409.633,-213.597,-893.907,-647.446,106.996,21.6585,392.313,392.313,824.722,316.182,133.571,2311.95,1499,65.55,95.1451,231.079,1132.85,410.872,469.359,-352.619,318.703,3305.3,-3671.63,-1538.08,7825.07,692.529,-920.749,713.174,46.0562,600.905,-109.73,237.75,126.686,246.765,105.307,324.066,-149.219,-149.219,192.127,228.648,228.648,893.334,118.498,0,336.93,-41.6966,-437.426,0,0
2020-08-05 17:00:00 UTC,-220.89,-119.027,377.01,-49.8614,-49.8614,-141.651,92.2565,153.853,-289.305,-289.305,730.795,257.152,-1075.29,-52.4216,105.478,228.195,632,139.222,-484.478,-85.0358,-52.7181,-163.9,-163.9,-290.525,-388.047,-137.975,-20.8941,15.6512,14.3688,201.25,-109.509,-109.509,-253.906,-149.985,-149.985,-351.49,195.669,244.104,-1185.24,-1185.24,262.437,558.323,490.275,246.246,300.568,-418.899,-1643.38,-1674.54,-1664.63,18.2969,-135.524,-135.524,34.6771,-67.2925,-89.4521,11.2653,11.2653,-311.153,192.712,94.6391,289.579,-232.693,-121.06,189.083,189.083,-11.0521,-27.3412,141.538,141.538,21.9112,415.521,-296.465,-160.619,-160.619,2.18619,2.18619,0.810511,1.06059,1.57984,-9.68825,-4.77472,20.0812,-1.36189,-1.38014,-1.96456,-6.1069,3.0855,96.6744,96.6744,14.7816,14.7816,16.9785,16.9785,-98.0836,-98.0836,-98.0836,33.0024,33.0024,0.177822,-44.4995,-16.32,-16.32,18.8099,18.8099,-100.006,-21.5606,-246.246,-13.3221,-13.3221,-198.491,-198.491,-198.491,657.265,-161.733,-161.733,-166.932,-166.932,-4.25947,51.9168,51.9168,-4.99704,-4.99704,-780.419,-780.419,683.995,683.995,0,-32.3268,-279.054,-114.285,338.097,338.097,-224.857,1374.8,736.463,-229.997,-778.476,-778.476,172.624,172.624,-678.633,-678.633,65.5529,172.266,337.593,713.393,304.129,304.129,-181.721,-181.721,-181.721,654.528,654.528,-676.251,-7.1529e-10,-7.1529e-10,275.023,-496.719,-496.719,675.027,-266.191,66.8262,0,365.496,212.755,-676.252,-502.585,-502.585,-93.0647,9.58033,-25.3077,-420.752,-420.752,53.9993,50.3543,50.3543,1763.34,-300.219,-1763.34,1070.8,1092.59,1049.71,-1574.05,639.026,-414.761,1643.38,1674.54,1664.63,-812.759,1.66215,-133.313,674.944,2261.59,129.328,2288.04,5887.47,3142.22,3142.22,192.735,-1263.54,232.459,219.865,169.997,-114.9,241.658,-171.94,-203.881,-205.37,250.025,247.041,250.994,-175.404,95.2743,95.2743,-170.607,517.467,517.467,-1219.27,266.112,223.424,-173.488,181.076,482.497,1110.7,1110.7,395.136,796.23,867.773,2493.97,-747.893,569.848,-395.136,-5.37803,712.288,979.641,576.999,573.83,5.37803,-650.778,-705.549,180.48,152.74,207.314,93.7946,-35.711,280.862,116.79,116.782,-66.1284,157.526,-104.753,-135.619,59.2298,-628.921,-796.23,-681.171,-867.773,-103.951,-103.951,-80.9629,-210.681,37.0868,37.0868,171.113,171.113,-321.528,-321.528,158.111,53.7953,15.998,-237.925,1079.97,-3475.95,-2541.79,5728.11,-15.998,1462.28,-400.483,-330.466,250.538,250.538,158.773,158.773,110.787,337.86,-629.857,-0.098891,50.9647,50.9647,233.489,186.573,118.998,166.757,35.4074,35.4074,71.3452,70.3486,318.091,318.091,421.151,137.779,344.759,-4.83356,364.231,-248.011,-248.011,141.766,160.162,0,122.649,221.451,0,136.988,-314.061,-314.061,-192.896,86.2854,-152.654,-153.736,-165.414,17.1986,26.603,252.567,-33.9038,-610.76,-210.537,-96.9622,-96.9622,23.3663,211.812,211.812,11.7693,12.5072,-524.608,0,19.8325,19.8325,0,642.148,0,179.866,0,-148.833,0,38.6921,-70.4793,-36.2133,-93.4366,-93.4366,0,-44.5701,-44.5701,-59.1199,0,1.74811,682.213,682.213,682.213,1.36625,0,0,0,48.4705,48.4705,48.4705,0,-37.1219,-10.1015,-10.1015,-4.37238,684.636,-6.61316,-6.61316,8.331,15.4491,5.81504,-46.1748,23.64,23.4443,11.2405,0,-1.4482,0,-244.08,-244.08,-244.08,0,0,0,0,22.9167,866.833,123.548,123.548,-104.344,-566.411,-2.87476,-3.28816,0,253.656,-255.29,-68.3442,-363.776,-136.71,-894.72,-677.509,125.513,25.3077,419.314,419.314,884.755,366.985,146.275,2572.59,1576.8,68.1423,98.9826,240.372,1178.78,424.269,487.238,-363.004,335.736,3445.49,-3694.85,-1550.15,7916.07,756.08,-913.976,708.467,60.3935,646.32,-106.323,244.412,140.095,196.857,118.749,332.834,-158.431,-158.431,216.014,233.758,233.758,965.202,141.651,0,342.657,-38.3368,-434.057,0,0
2020-08-05 18:00:00 UTC,-224.365,-119.124,358.819,-41.3197,-41.3197,-163.741,84.123,140.38,-278.711,-278.711,769.642,279.101,-1122.28,-53.0936,117.342,230.22,671.225,148.108,-505.023,-90.76,-67.1204,-174.781,-174.781,-300.902,-392.747,-139.912,-21.6192,16.6903,10.4615,211.194,-114.736,-114.736,-267.353,-158.668,-158.668,-369.692,215.899,269.073,-1286.11,-1286.11,289.065,594.837,514.031,257.478,327.757,-453.938,-1816.39,-1850.53,-1840.85,22.2969,-146.447,-146.447,37.6136,-74.5674,-104.708,10.8488,10.8488,-337.194,197.944,102.795,309.707,-252.206,-130.107,200.407,200.407,-10.617,-25.3099,141.924,141.924,21.2663,431.991,-312.533,-169.209,-169.209,0.972456,0.972456,0.812054,1.04335,1.88283,-10.4154,-4.05565,22.6268,-1.3913,-1.4081,-2.35255,-6.77538,3.00556,102.562,102.562,18.1972,18.1972,20.8429,20.8429,-104.584,-104.584,-104.584,33.0054,33.0054,-2.96337,-50.2524,-16.4213,-16.4213,20.326,20.326,-108.172,-23.417,-257.478,-15.2513,-15.2513,-210.843,-210.843,-210.843,701.467,-172.253,-172.253,-177.264,-177.264,-3.02334,55.5751,55.5751,-2.6883,-2.6883,-820.902,-820.902,722.959,722.959,0,-33.0403,-293.694,-119.482,356.688,356.688,-238.386,1473.66,788.609,-243.337,-819.963,-819.963,183.036,183.036,-715.622,-715.622,68.0543,181.67,393.431,697.723,324.28,324.28,-193.659,-193.659,-193.659,707.99,707.99,-713.355,-1.83886e-09,-1.83886e-09,294.068,-531.123,-531.123,724.569,-288.162,64.4688,0,390.979,213.242,-725.718,-537.847,-537.847,-101.564,7.52971,-28.3305,-444.053,-444.053,42.026,41.625,41.625,1951.09,-325.619,-1951.09,1143.84,1166.99,1118.77,-1697,698.35,-444.734,1816.39,1850.53,1840.85,-822.559,9.52154,-154.186,716.157,2363.56,144.322,2391.25,6168.63,3294.8,3294.8,190.597,-1326.88,249.78,220.302,175.294,-116.832,254.705,-177.426,-213.908,-215.143,260.773,257.735,261.787,-181.787,105.02,105.02,-176.828,540.314,540.314,-1272.49,293.153,235.071,-179.706,188.197,498.165,1191.38,1191.38,407.275,821.559,895.291,2558.12,-754.472,600.653,-407.275,-5.01977,761.78,1016.32,598.621,595.366,5.01977,-667.109,-723.031,185.295,157.032,213.091,97.1008,-37.254,298.99,120.36,120.352,-68.9802,171.601,-108.072,-139.72,59.3431,-643.899,-821.559,-697.145,-895.291,-105.574,-105.574,-83.1148,-215.227,36.9951,36.9951,173.479,173.479,-330.674,-330.674,176.364,56.6337,17.5794,-242.927,1094.37,-3586.93,-2607.57,5775.77,-17.5794,1526.48,-430.937,-341.38,270.042,270.042,178.656,178.656,102.704,349.174,-669.826,-1.28093,57.5492,57.5492,258.555,191.347,179.175,182.442,40.2662,40.2662,79.806,78.6935,335.337,335.337,445.249,144.949,369.993,14.3756,410.274,-262.013,-262.013,151.226,170.967,0,122.748,223.095,0,146.055,-315.834,-315.834,-208.491,105.477,-162.701,-163.845,-175.628,23.0161,31.3432,267.885,-33.9388,-618.034,-214.566,-100.056,-100.056,20.9005,214.275,214.275,12.8524,13.6028,-516.619,0,9.59564,9.59564,0,679.256,0,181.33,0,-151.184,0,38.9364,-63.9138,-36.1945,-97.2993,-97.2993,0,-44.7864,-44.7864,-62.4208,0,2.15006,758.119,758.119,758.119,1.53025,0,0,0,54.816,54.816,54.816,0,-36.1919,-8.66698,-8.66698,-1.94491,726.293,-5.4112,-5.4112,9.83128,17.7929,6.94624,-49.1171,24.8208,24.6171,12.2707,2.17575e-12,2.25396,0,-242.721,-242.721,-242.721,0,0,0,0,26.0018,929.53,129.2,129.2,-64.0189,-595.552,14.5599,22.2673,0,286.514,-259.584,-69.3442,-310.442,-60.6771,-889.579,-702.392,141.717,28.3305,442.394,442.394,935.063,414.294,157.511,2793.32,1638.79,70.1767,102.037,247.792,1206.45,436.089,501.565,-372.258,350.02,3555.28,-3709.47,-1558.08,7983.05,810.573,-908.619,703.85,73.3942,683.871,-103.752,250.849,150.973,155.989,130.439,340.18,-166.306,-166.306,236.991,235.934,235.934,1022.53,163.741,0,342.396,-35.218,-427.051,0,0
2020-08-05 19:00:00 UTC,-225.096,-117.991,341.652,-35.2054,-35.2054,-179.12,77.014,128.682,-260.93,-260.93,792.644,294.015,-1149.91,-52.2991,125.841,229.918,696.199,153.772,-517.627,-94.5516,-77.2626,-182.17,-182.17,-306.505,-390.426,-139.295,-22.1008,17.397,5.85006,217.676,-118.073,-118.073,-275.546,-163.82,-163.82,-381.478,230.856,287.508,-1356.82,-1356.82,309.125,618.565,528.396,264.25,348.575,-480.906,-1940.24,-1976.49,-1967.09,24.768,-154.205,-154.205,40.5869,-79.4311,-122.46,10.5223,10.5223,-355.196,201.949,109.107,322.646,-265.547,-136.176,206.573,206.573,-10.2341,-23.5631,141.608,141.608,20.6418,441.496,-322.816,-174.062,-174.062,-0.0225719,-0.0225719,0.821648,1.0411,2.13234,-10.9507,-3.44286,24.3956,-1.39977,-1.41626,-2.6516,-7.30334,2.95317,106.888,106.888,20.896,20.896,23.8925,23.8925,-109.451,-109.451,-109.451,32.5011,32.5011,-5.51439,-54.8276,-16.4793,-16.4793,21.3811,21.3811,-114.714,-24.8778,-264.25,-16.4566,-16.4566,-219.36,-219.36,-219.36,732.483,-178.899,-178.899,-184.615,-184.615,-2.19913,58.2058,58.2058,-1.58122,-1.58122,-848.373,-848.373,749.951,749.951,0,-33.8531,-304.06,-123.028,369.489,369.489,-247.427,1542.68,824.955,-253.072,-847.904,-847.904,190.582,190.582,-740.685,-740.685,70.7622,187.953,434.296,684.388,338.406,338.406,-201.836,-201.836,-201.836,745.969,745.969,-738.121,-1.99243e-09,-1.99243e-09,307.736,-555.286,-555.286,759.544,-304.265,61.3709,0,408.513,211.686,-761.117,-562.526,-562.526,-105.885,6.44572,-30.5142,-460.118,-460.118,31.9916,34.2124,34.2124,2086.14,-343.143,-2086.14,1193.58,1217.65,1165.58,-1782.17,741.715,-464.852,1940.24,1976.49,1967.09,-824.805,16.9462,-167.614,745.429,2433.02,155.018,2461.26,6359.74,3398.35,3398.35,188.477,-1369.35,261.377,219.874,178.705,-117.92,263.615,-181.079,-220.736,-221.781,268.008,264.939,269.052,-186.025,111.982,111.982,-180.961,555.889,555.889,-1307.99,312.004,243.254,-183.83,192.978,508.353,1248.06,1248.06,414.989,837.85,912.99,2596.01,-757.722,621.301,-414.989,-4.70035,795.463,1040.36,612.791,609.481,4.70035,-677.444,-734.088,188.527,159.97,217.057,99.3414,-37.825,310.594,122.667,122.659,-70.5426,181.344,-110.219,-142.363,58.8959,-653.339,-837.85,-707.204,-912.99,-106.873,-106.873,-84.9547,-219.416,37.1551,37.1551,175.579,175.579,-336.24,-336.24,187.65,58.7468,19.119,-246.377,1109.83,-3663.56,-2647.55,5823.21,-19.119,1563.45,-449.923,-348.495,282.067,282.067,191.247,191.247,97.1602,356.347,-695.642,-2.22463,62.1046,62.1046,273.759,195.029,214.694,191.113,43.4997,43.4997,85.223,84.0363,346.757,346.757,460.954,149.353,386.661,27.525,440.07,-270.687,-270.687,157.177,177.782,0,122.098,223.161,0,151.859,-316.382,-316.382,-218.462,118.863,-169.133,-170.315,-181.97,26.899,34.379,276.33,-33.6242,-622.609,-217.269,-102.093,-102.093,19.3255,213.526,213.526,13.5634,14.3188,-508.005,0,2.26636,2.26636,0,698.573,0,181.891,0,-150.421,0,39.0995,-55.464,-35.455,-99.7828,-99.7828,0,-44.3498,-44.3498,-65.4523,0,2.44929,812.697,812.697,812.697,1.66043,0,0,0,59.508,59.508,59.508,0,-35.3199,-7.51287,-7.51287,0.0451438,751.851,-4.42308,-4.42308,10.7856,19.43,7.6787,-50.8973,25.745,25.535,12.7739,0,4.72198,0,-240.92,-240.92,-240.92,0,0,0,0,28.1809,974.154,132.738,132.738,-31.0362,-614.758,28.6318,42.8798,0,314.394,-261.821,-69.8304,-268.213,-3.41729,-883.164,-718.955,153.229,30.5142,458.321,458.321,969.721,448.455,165.019,2948.88,1679.45,71.485,104.007,252.582,1220.43,445.777,511.778,-380.177,358.484,3614.88,-3718.95,-1563.35,8049.36,847.746,-911.043,698.515,82.547,707.339,-102.164,255.251,157.153,132.043,138.175,344.521,-171.783,-171.783,251.647,236.21,236.21,1058.22,179.12,0,338.565,-32.6221,-419.884,0,0
2020-08-05 20:00:00 UTC,-225.294,-116.954,328.482,-31.1505,-31.1505,-189.742,71.6262,119.819,-246.13,-246.13,808.838,303.996,-1168.62,-50.2444,131.491,230.386,711.818,157.318,-526.472,-97.2802,-84.0527,-187.219,-187.219,-311.312,-388.609,-138.824,-22.5092,18.0017,1.98149,223.226,-120.641,-120.641,-280.724,-166.629,-166.629,-389.762,239.862,298.597,-1400.63,-1400.63,321.76,633.908,538.114,268.829,362.44,-499.53,-2017.92,-2055.49,-2046.32,25.7855,-158.866,-158.866,41.6361,-81.9825,-128.115,10.5939,10.5939,-365.221,206.806,113.335,329.972,-273.607,-139.794,209.387,209.387,-10.119,-22.7941,141.656,141.656,20.4476,448.099,-328.904,-176.564,-176.564,-0.501682,-0.501682,0.838255,1.03389,2.23781,-11.2746,-3.26312,25.2084,-1.40884,-1.42489,-2.7943,-7.52948,2.77394,109.773,109.773,22.0306,22.0306,25.1674,25.1674,-112.329,-112.329,-112.329,32.0276,32.0276,-6.61521,-56.7849,-16.5854,-16.5854,21.9166,21.9166,-119.23,-25.4943,-268.829,-16.3421,-16.3421,-223.93,-223.93,-223.93,751.195,-181.774,-181.774,-188.502,-188.502,-2.62869,59.9839,59.9839,-1.22427,-1.22427,-865.402,-865.402,766.57,766.57,0,-34.6144,-310.972,-124.927,377.268,377.268,-253.072,1583.59,846.473,-259.712,-865.085,-865.085,196.121,196.121,-756.105,-756.105,72.4404,191.669,460.566,675.123,347.462,347.462,-207.497,-207.497,-207.497,770.136,770.136,-753.103,-9.29135e-10,-9.29135e-10,316.606,-570.402,-570.402,781.182,-314.933,57.9719,0,418.814,209.831,-783.74,-577.85,-577.85,-108.193,5.9694,-32.0419,-470.062,-470.062,25.0623,29.1064,29.1064,2171.18,-353.806,-2171.18,1223.85,1248.46,1193.97,-1834.48,768.501,-477.6,2017.92,2055.49,2046.32,-824.334,22.2322,-175.541,763.942,2474.91,161.765,2503.04,6474.72,3460.44,3460.44,186.808,-1394.93,268.219,219.19,180.865,-117.852,269.012,-183.116,-224.827,-225.751,272.276,269.193,273.338,-188.512,116.326,116.326,-183.386,565.196,565.196,-1329.29,323.542,248.174,-186.243,196.166,514.211,1283.25,1283.25,419.355,847.01,922.944,2616.4,-758.941,634.019,-419.355,-4.50934,816.42,1053.98,620.816,617.477,4.50934,-683.192,-740.236,190.261,161.566,219.284,100.585,-38.0516,317.546,123.895,123.886,-71.3335,187.536,-111.362,-143.771,58.6521,-658.574,-847.01,-712.779,-922.944,-107.615,-107.615,-86.0216,-221.799,37.2257,37.2257,176.779,176.779,-339.141,-339.141,194.544,59.9118,19.7567,-248.294,1118.48,-3705.85,-2670.03,5855.12,-19.7567,1583.44,-460.728,-352.712,288.834,288.834,198.669,198.669,93.4896,360.597,-711.736,-2.81396,65.08,65.08,282.602,197.861,234.195,195.711,45.4932,45.4932,88.4823,87.2511,353.736,353.736,470.359,151.816,396.637,35.8236,457.677,-275.52,-275.52,160.623,181.74,0,121.114,222.422,0,155.405,-315.832,-315.832,-224.346,127.568,-173.178,-174.385,-185.546,28.9685,35.9062,280.797,-33.2547,-625.062,-218.943,-103.304,-103.304,18.4684,212.542,212.542,14.0956,14.8565,-503.428,0,-2.24102,-2.24102,0,709.654,0,184.559,0,-149.838,0,39.2439,-48.3011,-34.847,-101.894,-101.894,0,-43.9807,-43.9807,-67.9779,0,2.60313,846.964,846.964,846.964,1.74479,0,0,0,62.1469,62.1469,62.1469,0,-35.0549,-6.92362,-6.92362,1.00336,766.298,-3.94638,-3.94638,11.4537,20.1979,8.33035,-50.6013,26.3351,26.121,12.4818,-2.27253e-09,3.43574,0,-239.418,-239.418,-239.418,0,0,0,0,29.8415,1002.08,134.824,134.824,-9.58808,-626.395,38.1529,56.82,0,329.926,-262.34,-70.0255,-239.607,33.9007,-877.826,-729.234,160.423,32.0419,468.203,468.203,990.717,470.23,169.441,3044.41,1702.14,72.1824,105.057,255.133,1227.32,451.361,518.476,-384.645,363.36,3642.5,-3732.81,-1570.43,8094.18,870.909,-915.945,694.384,88.2342,722.011,-101.565,258.384,160.381,118.564,142.945,346.988,-175.142,-175.142,261.349,235.795,235.795,1078.69,189.742,0,334.335,-30.8485,-414.451,0,0
2020-08-05 21:00:00 UTC,-227.083,-117.293,312.569,-25.2818,-25.2818,-200.114,65.0908,109.059,-252.18,-252.18,825.339,313.039,-1188.11,-49.6136,136.249,231.933,727.346,160.845,-535.03,-99.7063,-89.4068,-192.579,-192.579,-318.064,-391.426,-140.03,-22.9792,18.6966,-0.662748,229.845,-123.443,-123.443,-285.449,-168.742,-168.742,-397.779,245.922,306.054,-1432.5,-1432.5,330.656,646.497,547.755,273.354,372.727,-513.606,-2074.67,-2113.2,-2104.23,26.2398,-162.344,-162.344,42.5013,-83.6463,-130.472,10.8734,10.8734,-371.905,212.192,116.551,335.214,-278.956,-142.176,211.201,211.201,-10.3079,-22.9793,142.477,142.477,20.7729,455.308,-333.294,-177.629,-177.629,-0.578724,-0.578724,0.883146,1.07209,2.31165,-11.513,-3.30765,25.672,-1.41531,-1.43104,-2.85517,-7.6547,2.71652,112.398,112.398,22.5025,22.5025,25.6963,25.6963,-114.817,-114.817,-114.817,32.0687,32.0687,-6.96011,-57.8973,-16.8287,-16.8287,22.3236,22.3236,-122.837,-25.9229,-273.354,-16.0459,-16.0459,-227.047,-227.047,-227.047,764.587,-183.533,-183.533,-190.934,-190.934,-3.17555,60.5025,60.5025,-1.09268,-1.09268,-875.911,-875.911,778.167,778.167,0,-34.8214,-315.618,-127.367,383.119,383.119,-257.404,1612.77,861.815,-264.704,-875.649,-875.649,198.622,198.622,-765.218,-765.218,73.7214,194.614,479.773,668.896,354.188,354.188,-211.952,-211.952,-211.952,788.096,788.096,-761.927,-1.01362e-09,-1.01362e-09,323.734,-581.485,-581.485,797.288,-323.056,54.5949,0,425.875,207.961,-800.283,-588.907,-588.907,-109.297,6.37385,-32.552,-477.298,-477.298,19.689,25.1707,25.1707,2233.66,-361.412,-2233.66,1245.59,1270.6,1214.36,-1872.19,788.06,-487.07,2074.67,2113.2,2104.23,-823.074,26.5867,-181.152,776.629,2504.02,166.379,2532.63,6556.38,3504.68,3504.68,185.719,-1411.6,270.825,218.552,183.142,-116.362,272.795,-184.475,-227.667,-228.507,275.532,272.432,276.607,-190.239,119.275,119.275,-185.08,571.432,571.432,-1343.16,329.296,252.321,-187.934,199.128,518.432,1306.27,1306.27,422.44,853.437,929.938,2630.89,-760.33,643.069,-422.44,-4.58652,831.422,1064.2,626.841,623.481,4.58652,-687.071,-744.388,191.53,162.745,220.994,101.516,-38.099,322.236,124.766,124.758,-71.8124,191.88,-112.174,-144.771,58.8173,-662.071,-853.437,-716.505,-929.938,-108.26,-108.26,-86.7377,-223.571,37.2924,37.2924,177.855,177.855,-341.138,-341.138,198.907,60.5485,20.2206,-249.777,1125.98,-3735.94,-2686.85,5881.59,-20.2206,1598.19,-468.224,-355.685,293.449,293.449,204.483,204.483,90.7482,363.589,-723.16,-3.21421,67.22,67.22,287.986,200.795,244.509,198.082,47.0578,47.0578,91.0368,89.7706,358.841,358.841,477.278,153.644,404.187,43.4758,471.627,-278.62,-278.62,163.076,184.583,0,119.353,220.497,0,158.041,-314.011,-314.011,-228.765,135.873,-176.203,-177.429,-187.997,30.6525,37.0674,282.818,-32.5997,-627.177,-221.079,-104.234,-104.234,18.8397,214.147,214.147,14.7991,15.57,-500.4,0,-8.3002,-8.3002,0,719.003,0,186.859,0,-151.302,0,39.4238,-44.3174,-34.7801,-104.402,-104.402,0,-44.0465,-44.0465,-70.0589,0,2.68469,871.868,871.868,871.868,1.81918,0,0,0,63.8458,63.8458,63.8458,0,-35.5033,-6.88995,-6.88995,1.15745,775.256,-3.8696,-3.8696,11.7247,20.5961,8.62401,-50.2753,26.8476,26.6294,12.122,0,1.79813,0,-238.333,-238.333,-238.333,0,0,0,0,29.5726,1022.26,136.326,136.326,6.21474,-634.839,45.4699,67.5289,0,340.421,-262.607,-70.1012,-217.412,59.9636,-873.68,-737.262,165.566,32.552,475.431,475.431,1006.12,484.407,172.823,3113.77,1718.72,72.6782,105.802,256.945,1231.82,455.692,524.415,-387.666,368.244,3659.27,-3743.04,-1575.78,8131.37,887.505,-920.666,691.436,92.0645,732.5,-101.885,261.466,162.445,110.786,146.228,348.015,-177.509,-177.509,268.683,234.126,234.126,1093.48,200.114,0,327.213,-29.5929,-410.208,0,0
2020-08-05 22:00:00 UTC,-225.291,-115.742,299.011,-23.2896,-23.2896,-201.69,60.3478,101.227,-244.604,-244.604,827.6,313.494,-1188.65,-43.3642,136.591,233.573,723.43,159.955,-536.887,-100.597,-90.9546,-193.317,-193.317,-319.804,-390.735,-139.864,-23.1258,18.9171,-2.05685,231.868,-124.012,-124.012,-285.01,-167.726,-167.726,-398.653,245.622,305.685,-1432.31,-1432.31,330.936,647.64,548.401,273.692,374.049,-515.863,-2074.09,-2112.6,-2103.67,25.872,-162.506,-162.506,42.3738,-83.4183,-128.94,11.0136,11.0136,-371.369,213.858,117.152,333.451,-278.663,-142.046,208.872,208.872,-10.4479,-23.2921,142.825,142.825,21.0008,455.735,-332.303,-175.277,-175.277,-0.48507,-0.48507,0.912646,1.10529,2.31166,-11.5259,-3.46691,25.5728,-1.42667,-1.44173,-2.85049,-7.63597,2.73086,113.056,113.056,22.2334,22.2334,25.3895,25.3895,-115.209,-115.209,-115.209,32.0752,32.0752,-6.72755,-57.6826,-16.943,-16.943,22.3564,22.3564,-123.749,-25.8824,-273.692,-15.3826,-15.3826,-226.521,-226.521,-226.521,763.879,-182.297,-182.297,-190.173,-190.173,-3.74126,60.1177,60.1177,-1.46944,-1.46944,-874.874,-874.874,777.758,777.758,0,-34.8192,-315.813,-127.88,383.129,383.129,-257.605,1611.18,860.977,-265.372,-874.457,-874.457,198.293,198.293,-763.878,-763.878,73.5739,194.597,480.427,668.423,354.827,354.827,-212.751,-212.751,-212.751,789.029,789.029,-760.374,1.45147e-10,1.45147e-10,325.343,-582.391,-582.391,798.385,-324.647,52.0155,0,425.144,206.805,-801.944,-589.463,-589.463,-108.307,7.51169,-32.7135,-477.313,-477.313,19.1867,24.8279,24.8279,2233.8,-361.462,-2233.8,1245.87,1270.87,1214.72,-1873.28,788.714,-487.182,2074.09,2112.6,2103.67,-822.624,26.7184,-182.089,775.579,2500.3,166.08,2529.32,6549.11,3500.46,3500.46,185.322,-1410.2,267.246,217.712,184.431,-113.162,272.515,-184.204,-227.405,-228.25,275.322,272.226,276.397,-190.074,118.922,118.922,-184.924,570.512,570.512,-1341.51,325.787,252.653,-187.778,200.651,518.163,1303.62,1303.62,421.693,852.14,928.539,2626.09,-759.342,642.124,-421.693,-4.65935,829.665,1062.96,626.105,622.75,4.65935,-686.123,-743.38,191.441,162.7,220.823,101.371,-37.7383,320.234,124.628,124.62,-71.4899,191.308,-112.045,-144.613,57.5498,-661.176,-852.14,-715.555,-928.539,-108.355,-108.355,-87.1693,-224.811,37.2305,37.2305,177.957,177.957,-340.341,-340.341,196.244,60.4148,20.8748,-249.587,1123.71,-3732.62,-2683.8,5864.96,-20.8748,1589.54,-465.419,-355.333,291.302,291.302,203.288,203.288,90.5349,362.71,-721.124,-3.04103,67.2285,67.2285,282.12,203.557,227.746,192.551,47.3385,47.3385,90.8048,89.5417,358.298,358.298,476.33,153.27,403.543,44.2151,469.232,-276.661,-276.661,162.213,183.639,0,117.755,218.493,0,157.228,-311.298,-311.298,-227.553,136.057,-174.877,-176.091,-186.994,31.2336,37.2933,276.559,-31.7302,-626.146,-222.47,-104.254,-104.254,20.4818,211.339,211.339,14.982,15.7537,-497.582,0,-10.1893,-10.1893,0,709.389,0,195.125,0,-151.097,0,39.4792,-42.0521,-34.5452,-105.162,-105.162,0,-43.9064,-43.9064,-70.9523,0,2.63687,871.617,871.617,871.617,1.83267,0,0,0,63.6089,63.6089,63.6089,0,-35.8231,-7.01798,-7.01798,0.970139,768.934,-3.96278,-3.96278,11.5613,20.6445,8.52326,-49.7113,26.9814,26.762,11.5617,0,0.10394,0,-238.233,-238.233,-238.233,0,0,0,0,30.0212,1022.3,136.019,136.019,7.12248,-635.466,46.1692,68.5402,0,340.718,-261.875,-70.0552,-216.688,58.8476,-873.014,-738.866,165.345,32.7135,475.521,475.521,1005.15,482.893,172.739,3110.68,1717.78,72.6003,105.685,256.658,1229.57,457.943,527.921,-389.207,370.576,3647.05,-3726.65,-1567.99,8107.94,885.53,-931.194,689.031,90.3043,731.024,-104.146,264.386,160.294,122.217,145.096,348.172,-177.373,-177.373,268.592,231.834,231.834,1084.82,201.69,0,318.447,-29.8522,-409.677,0,0
2020-08-05 23:00:00 UTC,-221.219,-113.498,287.313,-24.5688,-24.5688,-194.666,56.4432,95.1689,-237.491,-237.491,812.944,304.678,-1168.85,-36.5877,132.111,233.788,702.726,155.254,-530.301,-99.1307,-87.8157,-189.475,-189.475,-316.121,-385.905,-138.165,-22.9258,18.6246,-2.16157,228.915,-122.202,-122.202,-279.159,-163.469,-163.469,-391.922,237.938,296.228,-1393.97,-1393.97,321.363,634.332,538.916,269.289,365.374,-505.831,-2005.26,-2042.59,-2033.52,24.5098,-158.735,-158.735,41.3004,-80.929,-122.234,11.1023,11.1023,-362.113,211.821,114.51,324.173,-271.391,-138.803,202.539,202.539,-10.6219,-24.0145,142.883,142.883,21.2704,448.909,-324.803,-169.081,-169.081,-0.0609766,-0.0609766,0.936758,1.14265,2.22281,-11.2651,-3.76211,24.6771,-1.41601,-1.43159,-2.71092,-7.39009,2.79575,111.342,111.342,20.9662,20.9662,23.9527,23.9527,-113.136,-113.136,-113.136,31.8342,31.8342,-5.59035,-55.5839,-16.9222,-16.9222,21.84,21.84,-121.632,-25.2015,-269.289,-14.2534,-14.2534,-221.935,-221.935,-221.935,747.764,-177.823,-177.823,-186.332,-186.332,-4.47887,58.7239,58.7239,-2.73801,-2.73801,-860.408,-860.408,763.678,763.678,0,-34.7591,-310.987,-126.633,376.476,376.476,-252.832,1574.97,841.94,-261.224,-859.464,-859.464,194.336,194.336,-750.329,-750.329,72.188,191.303,459.155,675.659,348.084,348.084,-209.018,-209.018,-209.018,770.259,770.259,-746.526,-2.1193e-09,-2.1193e-09,320.729,-571.426,-571.426,781.872,-318.577,50.1539,0,415.014,206.202,-786.122,-577.844,-577.844,-104.79,9.31985,-31.8604,-468.766,-468.766,24.4345,28.7471,28.7471,2159.96,-352.573,-2159.96,1220.55,1245.08,1191.22,-1830.81,766.92,-476.375,2005.26,2042.59,2033.52,-823.071,22.087,-176.783,758.995,2461.14,160.12,2490.42,6446.37,3444.54,3444.54,185.899,-1387.69,256.285,216.758,184.715,-108.374,267.609,-182.302,-223.668,-224.621,271.512,268.433,272.571,-187.802,114.785,114.785,-182.716,561.504,561.504,-1321.78,311.292,248.787,-185.58,200.574,513.348,1271.59,1271.59,416.663,843.307,918.958,2604.57,-757.255,627.927,-416.663,-4.48176,805.651,1051.33,619.247,615.919,4.48176,-680.407,-737.275,190.488,161.87,219.493,100.464,-36.6046,309.755,123.696,123.688,-70.1505,183.881,-111.178,-143.545,55.7256,-655.928,-843.307,-709.972,-918.958,-108.492,-108.492,-87.3985,-226.654,37.5095,37.5095,178.492,178.492,-337.117,-337.117,183.238,59.4447,21.4056,-248.515,1125.83,-3698.91,-2663.62,5863.99,-21.4056,1556.55,-449.986,-350.728,281.041,281.041,193.995,193.995,94.4341,356.775,-699.727,-2.19319,63.7759,63.7759,262.626,205.035,179.97,178.473,45.7668,45.7668,87.0338,85.8223,350.692,350.692,465.617,150.173,392.633,37.6204,448.314,-268.972,-268.972,157.641,178.474,0,115.51,215.337,0,152.792,-307.166,-307.166,-220.203,128.76,-169.391,-170.569,-182.008,29.8035,35.8496,261.712,-30.2001,-622.898,-223.381,-103.284,-103.284,23.9136,206.262,206.262,14.8141,15.5832,-498.152,0,-8.83714,-8.83714,0,687.952,0,202.447,0,-149.029,0,39.3957,-42.842,-34.0426,-104.042,-104.042,0,-43.5431,-43.5431,-70.623,0,2.4384,841.35,841.35,841.35,1.77622,0,0,0,60.8184,60.8184,60.8184,0,-36.2086,-7.50829,-7.50829,0.121953,744.743,-4.38467,-4.38467,10.7772,19.7974,7.93533,-48.1589,26.5943,26.3775,10.7941,0,-2.10537,0,-239.468,-239.468,-239.468,0,0,0,0,29.7238,998.266,133.611,133.611,-10.0783,-626.856,39.0722,58.1254,0,328.308,-260.829,-69.8517,-240.696,26.3384,-877.018,-733.646,159.218,31.8604,467.122,467.122,986.663,463.263,167.402,3029.58,1700.41,72.071,104.888,254.722,1219.81,460.014,530.788,-390.497,371.541,3607.51,-3716.21,-1563.14,8106.38,858.888,-943.322,690.126,81.3887,711.547,-108.35,265.794,153.592,155.885,137.8,346.186,-174.229,-174.229,259.229,228.205,228.205,1056.57,194.666,0,302.448,-31.6723,-413.904,0,0
2020-08-06 00:00:00 UTC,-215.32,-111.397,297.384,-31.4869,-31.4869,-175.907,61.4046,103.891,-236.606,-236.606,776.861,282.891,-1122.89,-28.8492,120.474,233.189,658.31,145.181,-512.341,-94.5567,-77.9557,-179.306,-179.306,-304.685,-373.973,-133.87,-22.2508,17.6404,-1.03596,219.175,-117.144,-117.144,-265.978,-154.869,-154.869,-374.678,221.892,276.462,-1312.03,-1312.03,300.487,604.101,516.568,258.807,344.826,-480.192,-1860.77,-1895.64,-1886.27,22.166,-150.403,-150.403,38.8995,-75.948,-110.917,10.9104,10.9104,-342.918,204.077,108.343,304.543,-256.397,-132.024,189.706,189.706,-10.629,-24.614,141.785,141.785,21.2125,432.451,-310.699,-158.781,-158.781,0.500084,0.500084,0.930431,1.15655,2.03582,-10.6939,-4.13108,23.0417,-1.40956,-1.42537,-2.49242,-6.9556,2.90041,106.7,106.7,18.8221,18.8221,21.5244,21.5244,-108.031,-108.031,-108.031,31.2158,31.2158,-3.83002,-51.7423,-16.6353,-16.6353,20.7789,20.7789,-115.847,-23.8676,-258.807,-13.3069,-13.3069,-212.752,-212.752,-212.752,712.625,-170.057,-170.057,-178.356,-178.356,-4.54744,55.8125,55.8125,-4.47291,-4.47291,-829.607,-829.607,733.244,733.244,0,-34.1367,-299.601,-122.849,362.018,362.018,-242.42,1497.34,801.081,-250.608,-827.924,-827.924,185.914,185.914,-722.088,-722.088,69.0161,184.045,413.138,690.302,332.178,332.178,-199.835,-199.835,-199.835,728.249,728.249,-718.342,1.92913e-10,1.92913e-10,308.187,-546.009,-546.009,744.366,-303.025,49.707,0,394.089,206.394,-748.903,-551.375,-551.375,-98.3254,12.112,-29.5577,-450.929,-450.929,35.5355,36.9417,36.9417,2003.67,-332.815,-2003.67,1164.33,1187.82,1138.57,-1736.06,719.381,-452.641,1860.77,1895.64,1886.27,-821.773,12.9889,-163.279,724.819,2379.89,147.728,2408.96,6228,3325.95,3325.95,187.945,-1339.04,237.601,216.178,182.894,-102.865,257.057,-178.6,-215.752,-216.927,263.351,260.308,264.376,-182.92,106.405,106.405,-177.963,543.247,543.247,-1280.27,284.634,239.842,-180.84,197.683,502.334,1205.31,1205.31,406.93,824.672,898.722,2558.76,-753.342,601.18,-406.93,-4.34242,761.517,1025.04,603.756,600.486,4.34242,-668.506,-724.549,187.643,159.37,216.005,98.3071,-34.8163,292.98,121.369,121.361,-67.6885,170.855,-109.013,-140.857,54.2299,-645.039,-824.672,-698.376,-898.722,-108.002,-108.002,-86.6776,-226.513,37.6938,37.6938,177.969,177.969,-330.392,-330.392,164.112,57.4333,21.9237,-245.502,1119.62,-3621.53,-2617.62,5820.04,-21.9237,1501.24,-422.747,-341.717,263.522,263.522,176.629,176.629,101.962,346.338,-664.378,-0.723857,57.2774,57.2774,237.613,204.371,119.772,162.869,41.4941,41.4941,79.1705,78.0669,335.964,335.964,444.897,144.097,370.977,23.0504,406.496,-253.872,-253.872,148.096,167.622,0,112.832,210.072,0,143.37,-299.298,-299.298,-205.211,111.561,-159.43,-160.545,-171.766,24.8337,31.5763,246.101,-29.5789,-617.053,-223.098,-101.109,-101.109,28.7706,200.214,200.214,13.6611,14.4077,-496.523,0,-1.08244,-1.08244,0,644.906,0,209.911,0,-143.827,0,39.1299,-46.6672,-32.9826,-100.327,-100.327,0,-42.6989,-42.6989,-68.7932,0,2.0906,778.01,778.01,778.01,1.63616,0,0,0,55.4858,55.4858,55.4858,0,-36.1657,-8.07792,-8.07792,-1.00017,702.333,-4.94223,-4.94223,9.45288,18.4905,6.89806,-45.9468,25.6038,25.3943,10.2371,0,-2.31077,0,-241.641,-241.641,-241.641,0,0,0,0,27.7659,949.75,128.74,128.74,-45.6247,-606.376,23.686,35.5664,0,301.896,-257.909,-69.3128,-290.12,-39.8694,-884.496,-718.601,146.219,29.5577,449.536,449.536,947.44,423.589,157.383,2855.99,1658.68,70.735,102.889,249.87,1197.44,457.592,527.697,-387.881,369.604,3524.42,-3673.16,-1542.34,8044.25,810.1,-951.464,695.037,67.3946,679.891,-113.488,264.531,143.793,196.62,126.407,341.655,-168.04,-168.04,240.998,223.211,223.211,1000.03,175.907,0,296.037,-35.0057,-422.434,0,0
2020-08-06 01:00:00 UTC,-207.41,-108.853,311.54,-40.7018,-40.7018,-149.153,68.5034,116.115,-239.627,-239.627,722.514,252.745,-1054.96,-22.5913,104.617,229.588,599.503,131.872,-484.362,-87.3534,-62.6124,-164.766,-164.766,-287.36,-356.591,-127.597,-21.2114,16.1502,0.990525,204.445,-109.586,-109.586,-246.726,-142.518,-142.518,-349.353,199.174,248.432,-1192.35,-1192.35,270.727,558.161,483.302,243.08,314.826,-442.152,-1655.05,-1686.37,-1676.71,18.9215,-138.041,-138.041,35.7934,-68.7337,-94.0803,10.7253,10.7253,-314.241,193.391,99.2451,277.9,-233.864,-121.609,172.972,172.972,-10.7051,-25.6736,139.765,139.765,21.186,408.053,-289.985,-145.684,-145.684,1.43064,1.43064,0.921287,1.1737,1.75859,-9.84144,-4.64094,20.5703,-1.3928,-1.40934,-2.14248,-6.29214,3.02165,99.5583,99.5583,15.6519,15.6519,17.9315,17.9315,-100.378,-100.378,-100.378,30.1686,30.1686,-1.10453,-45.9153,-16.1691,-16.1691,19.1409,19.1409,-107.048,-21.8642,-243.08,-11.6961,-11.6961,-198.442,-198.442,-198.442,659.403,-158.049,-158.049,-166.22,-166.22,-5.03882,51.5527,51.5527,-6.793,-6.793,-781.255,-781.255,685.973,685.973,0,-33.1064,-281.873,-116.602,339.364,339.364,-226.325,1380.12,739.272,-234.394,-778.544,-778.544,173.242,173.242,-678.024,-678.024,64.2929,172.648,346.997,707.229,308.032,308.032,-185.843,-185.843,-185.843,665.092,665.092,-674.281,2.06288e-10,2.06288e-10,287.733,-506.493,-506.493,687.223,-278.146,50.7986,0,363.268,205.865,-690.745,-510.444,-510.444,-88.6675,15.7002,-25.8872,-422.992,-422.992,49.8439,47.3625,47.3625,1780.66,-302.89,-1780.66,1078.33,1100.21,1057.34,-1592.06,649.485,-417.428,1655.05,1686.37,1676.71,-811.704,2.68101,-141.149,673.96,2253.36,129.53,2281.7,5883.09,3138.73,3138.73,190.478,-1261.86,210.779,214.78,177.151,-99.457,240.64,-172.768,-203.441,-204.933,250.252,247.269,251.222,-175.115,94.1066,94.1066,-170.364,516.167,516.167,-1214.23,246.64,225.641,-173.25,189.967,483.974,1106.77,1106.77,391.118,793.415,864.77,2479.98,-743.798,561.606,-391.118,-4.1734,697.955,980.433,577.457,574.293,4.1734,-648.304,-702.926,182.143,154.561,209.246,94.3615,-32.602,268.915,117.275,117.266,-64.2337,152.826,-105.215,-136.075,52.0147,-626.497,-793.415,-678.605,-864.77,-106.238,-106.238,-84.8613,-223.503,37.6956,37.6956,175.288,175.288,-319.206,-319.206,138.735,54.2746,21.1249,-239.512,1097.52,-3488.63,-2537.49,5733.2,-21.1249,1420.73,-383.164,-327.505,238.015,238.015,152.098,152.098,112.421,331.757,-612.939,1.27992,48.7538,48.7538,203.516,200.792,38.2088,140.859,35.6204,35.6204,68.4776,67.521,313.961,313.961,414.212,134.962,339.403,1.5301,348.124,-233.792,-233.792,135.184,152.925,0,110.262,204.415,0,130.95,-291.512,-291.512,-184.623,87.6552,-145.778,-146.806,-157.786,17.9025,25.7005,224.369,-28.9245,-606.012,-221.184,-97.3402,-97.3402,35.4229,192.395,192.395,12.0677,12.7821,-493.234,0,9.47014,9.47014,0,587.951,0,212.662,0,-136.292,0,38.7505,-52.6246,-31.4941,-94.6283,-94.6283,0,-41.407,-41.407,-65.673,0,1.6501,687.959,687.959,687.959,1.43797,0,0,0,48.1546,48.1546,48.1546,0,-36.2085,-9.06941,-9.06941,-2.86127,644.704,-5.86535,-5.86535,7.47319,16.416,5.3853,-42.2981,23.9802,23.7827,9.34743,0,-3.78273,0,-243.177,-243.177,-243.177,0,0,0,0,24.4344,876.145,121.265,121.265,-92.4135,-572.853,3.00892,5.2533,0,262.747,-251.968,-68.0509,-353.269,-132.004,-890.366,-690.292,126.347,25.8872,421.944,421.944,885.812,366.18,143.249,2585.01,1586.8,68.3437,99.3454,241.29,1155.99,448.125,516.17,-380.161,357.529,3394.24,-3629.41,-1520.49,7922.41,740.116,-958.804,702.033,48.6121,633.771,-118.525,259.875,129.58,252.888,112.121,334.272,-158.707,-158.707,214.94,217.597,217.597,922.955,149.153,0,289.688,-39.6822,-431.105,0,0
2020-08-06 02:00:00 UTC,-199.663,-106.633,326.335,-49.1344,-49.1344,-120.725,76.1698,129.295,-248.167,-248.167,663.017,222.664,-981.705,-21.4022,89.0831,222.745,543.707,119.276,-452.441,-79.1162,-44.6862,-149.36,-149.36,-267.596,-339,-121.068,-19.9858,14.4296,4.18121,187.51,-101.216,-101.216,-226.943,-130.481,-130.481,-322.107,175.913,219.677,-1066.03,-1066.03,239.765,507.438,447.207,225.86,282.342,-399.701,-1444.78,-1472.43,-1462.68,15.7944,-124.645,-124.645,32.9979,-61.2175,-76.3173,10.5967,10.5967,-283.142,182.281,89.3149,252.579,-209.236,-109.929,158.311,158.311,-10.8425,-26.9709,136.961,136.961,21.1824,381.621,-268.414,-134.416,-134.416,2.52857,2.52857,0.904443,1.18247,1.45796,-8.91099,-5.11959,17.9015,-1.36877,-1.38645,-1.74368,-5.56801,3.13181,91.4446,91.4446,12.2848,12.2848,14.1145,14.1145,-91.9414,-91.9414,-91.9414,29.0335,29.0335,1.90779,-39.5807,-15.6069,-15.6069,17.3192,17.3192,-96.989,-19.7055,-225.86,-10.2791,-10.2791,-183.068,-183.068,-183.068,602.88,-145.988,-145.988,-153.203,-153.203,-5.43208,47.1719,47.1719,-8.56965,-8.56965,-728.294,-728.294,634.313,634.313,0,-31.7142,-262.222,-109.623,314.386,314.386,-208.942,1255.94,673.634,-216.075,-724.748,-724.748,159.35,159.35,-630.273,-630.273,59.0912,160.119,280.226,717.105,281.727,281.727,-170.011,-170.011,-170.011,597.398,597.398,-626.917,-2.05098e-09,-2.05098e-09,264.474,-462.928,-462.928,624.981,-250.422,52.3898,0,330.211,203.041,-626.105,-465.519,-465.519,-78.6842,18.9675,-21.7522,-393.058,-393.058,61.8605,55.8817,55.8817,1552.59,-270.114,-1552.59,982.886,1002.96,966.407,-1434.16,576.742,-378.638,1444.78,1472.43,1462.68,-789.764,-4.31433,-114.672,620.895,2113.42,110.792,2140.04,5498.6,2929.95,2929.95,191.948,-1175.04,185.131,212.393,169.957,-95.8652,222.557,-165.879,-189.787,-191.587,235.342,232.437,236.25,-166.139,81.4004,81.4004,-161.618,485.977,485.977,-1140.46,209.612,209.86,-164.491,180.446,461.912,1003.16,1003.16,373.194,756.307,824.448,2384.5,-730.133,520.768,-373.194,-4.32926,634.489,927.05,545.978,542.945,4.32926,-623.891,-676.764,174.852,148.208,200.558,89.4661,-30.3857,244.862,112.07,112.061,-60.3876,135.744,-100.395,-129.997,50.4437,-603.993,-756.307,-654.571,-824.448,-103.503,-103.503,-82.1065,-217.308,37.4573,37.4573,170.835,170.835,-305.632,-305.632,115.549,50.6228,19.6869,-231.712,1065.08,-3323.1,-2439.64,5608.72,-19.6869,1333.98,-342.547,-311.814,211.694,211.694,126.879,126.879,122.289,317.457,-561,3.35792,41.3631,41.3631,170.13,194.992,-41.3066,117.804,30.0891,30.0891,58.1143,57.3007,290.806,290.806,382.005,125.04,306.684,-22.6285,288.301,-214.987,-214.987,122.933,138.943,0,109.321,201.463,0,119.134,-287.287,-287.287,-164.425,62.7457,-132.6,-133.544,-144.561,10.7034,19.739,202.291,-28.3105,-592.777,-216.668,-92.912,-92.912,40.4135,185.019,185.019,10.3674,11.0433,-485.579,0,19.705,19.705,0,533.717,0,206.675,0,-128.525,0,38.3492,-58.074,-30.2174,-87.9562,-87.9562,0,-39.9973,-39.9973,-61.3835,0,1.26931,596.26,596.26,596.26,1.23408,0,0,0,41.0817,41.0817,41.0817,0,-36.3205,-10.2867,-10.2867,-5.05713,590.196,-6.95189,-6.95189,5.35967,14.088,3.79179,-38.3143,22.0442,21.861,8.66292,0,-4.96086,0,-242.174,-242.174,-242.174,0,0,0,0,20.1879,799.68,113.007,113.007,-131.848,-533.137,-15.7892,-22.3105,0,225.914,-243.223,-66.0047,-405.892,-218.126,-888.557,-656.063,105.398,21.7522,392.347,392.347,817.456,309.284,129.445,2288.08,1498.5,65.3033,94.8453,230.392,1103.97,432.05,495.368,-367.739,337.4,3231.9,-3570.49,-1490.92,7747.73,670.592,-964.927,707.076,30.4186,588.12,-121.336,253.504,114.594,309.487,100.408,327.408,-148.741,-148.741,188.886,214.756,214.756,850.525,120.725,0,283.55,-43.7372,-434.965,0,0
2020-08-06 03:00:00 UTC,-192.522,-104.113,332.659,-53.7826,-53.7826,-98.8812,80.5828,137.107,-250.534,-250.534,612.498,200.727,-920.296,-23.8664,78.3874,213.525,504.205,110.377,-424.832,-72.1671,-30.0462,-137.959,-137.959,-251.773,-326.791,-116.39,-18.9695,13.0315,7.50266,173.814,-94.5141,-94.5141,-211.653,-121.448,-121.448,-300.109,157.521,196.901,-964.998,-964.998,214.872,465.659,417.063,211.362,255.204,-363.25,-1281.94,-1306.72,-1297.09,13.5562,-113.595,-113.595,30.8264,-55.2873,-63.0886,10.375,10.375,-257.767,172.079,80.9505,232.572,-189.197,-100.21,147.207,147.207,-10.8664,-27.8019,133.797,133.797,20.9744,359.258,-250.286,-125.287,-125.287,3.35549,3.35549,0.86467,1.15957,1.21338,-8.1475,-5.38029,15.821,-1.34605,-1.36484,-1.4292,-5.00093,3.20313,84.2934,84.2934,9.78583,9.78583,11.2827,11.2827,-84.7692,-84.7692,-84.7692,28.1231,28.1231,4.16961,-34.6201,-15.0437,-15.0437,15.8198,15.8198,-88.0205,-17.9916,-211.362,-9.1897,-9.1897,-170.342,-170.342,-170.342,556.742,-135.672,-135.672,-142.548,-142.548,-5.67319,43.5456,43.5456,-10.1065,-10.1065,-683.846,-683.846,592.026,592.026,0,-30.5963,-245.763,-103.217,293.917,293.917,-194.311,1155.89,620.633,-201.113,-679.553,-679.553,148.377,148.377,-590.423,-590.423,55.2991,149.925,230.208,718.78,260.408,260.408,-157.434,-157.434,-157.434,543.885,543.885,-587.185,-1.13967e-09,-1.13967e-09,243.715,-426.404,-426.404,572.916,-227.7,53.4316,0,303.479,198.388,-573.663,-428.39,-428.39,-72.2962,19.3844,-18.4293,-367.634,-367.634,68.9115,60.6297,60.6297,1375.98,-243.314,-1375.98,903.286,921.821,890.026,-1304.55,519.042,-346.728,1281.94,1306.72,1297.09,-763.598,-6.98429,-91.5236,578.632,1995.68,96.4653,2020.43,5172.62,2752.78,2752.78,190.883,-1103.58,170.061,208.841,162.41,-93.6665,207.933,-159.173,-178.454,-180.473,222.341,219.521,223.196,-158.403,72.1419,72.1419,-154.066,459.947,459.947,-1079.35,186.462,196.423,-156.898,171.2,441.339,922.449,922.449,357.174,722.906,788.132,2295.91,-714.1,486.351,-357.174,-4.22041,582.501,878.703,517.465,514.553,4.22041,-601.596,-652.835,167.938,142.174,192.187,84.8681,-28.7356,224.828,107.254,107.246,-57.1574,122.418,-95.944,-124.383,48.941,-583.366,-722.906,-632.503,-788.132,-100.533,-100.533,-79.3359,-210.297,36.8782,36.8782,165.709,165.709,-293.199,-293.199,97.4438,47.2372,19.1913,-224.007,1025.98,-3173.02,-2348.26,5436.85,-19.1913,1262.6,-308.606,-297.743,189.701,189.701,107.119,107.119,129.981,305.958,-518.421,5.13972,35.8439,35.8439,143.247,189.993,-107.339,98.4797,25.8598,25.8598,50.0125,49.3111,271.112,271.112,354.919,116.588,279.99,-40.5585,241.788,-199.658,-199.658,113.044,127.674,0,107.774,197.913,0,109.517,-281.897,-281.897,-148.348,44.2055,-122.037,-122.914,-133.878,5.19319,15.0888,183.919,-27.5124,-579.231,-209,-88.8151,-88.8151,40.7293,177.76,177.76,8.95589,9.59165,-470.79,0,25.7524,25.7524,0,493.403,0,194.389,0,-123.006,0,38.0528,-62.0081,-29.5297,-82.4638,-82.4638,0,-38.9365,-38.9365,-57.3387,0,1.0155,525.685,525.685,525.685,1.07136,0,0,0,35.8412,35.8412,35.8412,0,-36.1546,-11.1974,-11.1974,-6.71099,545.639,-7.76845,-7.76845,3.80425,12.2423,2.59286,-35.5283,20.33,20.1596,8.08269,0,-5.68324,0,-239.327,-239.327,-239.327,0,0,0,0,16.2194,735.881,105.995,105.995,-155.604,-498.037,-28.1554,-40.454,0,198.097,-234.13,-63.812,-436.146,-277.958,-880.237,-624.373,88.7211,18.4293,367.077,367.077,760.034,266.549,118.581,2040.07,1419.04,62.4959,90.6907,220.327,1058.66,415.371,474.799,-354.658,317.837,3088.3,-3466.42,-1439.92,7506.31,613.9,-967.231,710.909,15.7042,551.417,-123.208,248.206,102.016,355.824,92.0217,322.014,-140.155,-140.155,167.598,211.188,211.188,791.979,98.8812,0,275.207,-46.2105,-433.151,0,0
2020-08-06 04:00:00 UTC,-182.486,-99.3895,326.863,-55.5684,-55.5684,-79.8789,80.7514,138.101,-243.28,-243.28,559.322,179.596,-853.794,-24.2584,68.7055,201.541,462.887,101.085,-395.557,-65.4059,-18.0868,-126.136,-126.136,-234.659,-311.045,-110.457,-17.9142,11.6132,9.77957,159.737,-87.5596,-87.5596,-195.578,-111.897,-111.897,-277.287,140.084,175.272,-867.825,-867.825,191.178,424.545,385.16,195.919,228.911,-327.779,-1130.17,-1152.23,-1142.86,11.5921,-102.801,-102.801,28.3718,-49.6725,-52.2637,9.86821,9.86821,-233.208,159.78,72.6111,211.878,-170.176,-90.8144,135.359,135.359,-10.5934,-27.733,129.074,129.074,20.1871,334.668,-230.134,-111.848,-111.848,3.82006,3.82006,0.790943,1.08887,0.983064,-7.41289,-5.41152,13.9453,-1.30545,-1.32641,-1.15755,-4.48182,3.1783,76.8854,76.8854,7.79011,7.79011,9.01812,9.01812,-77.452,-77.452,-77.452,26.7636,26.7636,5.8076,-30.1698,-14.3229,-14.3229,14.3297,14.3297,-79.1664,-16.343,-195.919,-8.3063,-8.3063,-157.906,-157.906,-157.906,511.929,-125.577,-125.577,-132.282,-132.282,-5.70063,40.213,40.213,-11.6214,-11.6214,-639.991,-639.991,550.91,550.91,0,-29.6236,-229.595,-96.5535,273.861,273.861,-179.724,1059.64,569.534,-186.365,-634.941,-634.941,138.047,138.047,-551.371,-551.371,51.8664,139.944,185.062,714.95,239.583,239.583,-145.175,-145.175,-145.175,492.984,492.984,-548.175,1.20176e-09,1.20176e-09,223.035,-390.639,-390.639,521.864,-205.861,53.3959,0,277.213,191.774,-522.921,-392.346,-392.346,-66.8758,18.6343,-15.745,-340.938,-340.938,73.4037,63.3777,63.3777,1211.79,-217.042,-1211.79,824.11,841.101,813.618,-1177.47,464.383,-315.56,1130.17,1152.23,1142.86,-731.217,-7.19125,-67.639,538.536,1878.93,83.2796,1901.25,4850.38,2577.58,2577.58,187.629,-1032.5,158.108,203.389,154.45,-91.2587,193.888,-151.69,-167.286,-169.482,209.259,206.545,210.061,-150.514,63.8889,63.8889,-146.363,433.01,433.01,-1017.57,167.81,183.002,-149.126,161.928,420.245,846.224,846.224,338.891,688.922,751.175,2206.4,-695.62,446.618,-338.891,-2.40108,523.725,831.187,489.443,486.649,2.40108,-578.448,-627.963,161.614,136.639,184.282,80.514,-26.6431,201.53,102.671,102.663,-53.6092,106.444,-91.7133,-119.054,49.0194,-561.846,-688.922,-609.447,-751.175,-98.0519,-98.0519,-76.1542,-203.409,36.6651,36.6651,161.823,161.823,-280.874,-280.874,74.141,43.2332,18.4017,-216.807,997.947,-3027,-2256.22,5304.73,-18.4017,1190.99,-270.018,-281.433,165.014,165.014,87.8249,87.8249,140.029,292.844,-465.571,6.87952,28.6053,28.6053,113.131,183.116,-181.896,77.7473,21.1004,21.1004,41.2338,40.6541,249.363,249.363,325.413,107.368,252.334,-52.6502,195.735,-179.765,-179.765,100.842,113.866,0,101.505,186.661,0,97.7986,-265.851,-265.851,-130.202,29.3861,-109.818,-110.614,-120.494,-0.125551,10.1382,163.623,-25.9948,-564.891,-199.736,-84.6412,-84.6412,39.2955,166.594,166.594,7.54827,8.13468,-446.404,0,28.9728,28.9728,0,450.614,0,181.431,0,-116.059,0,37.7718,-63.1306,-28.4262,-76.7196,-76.7196,0,-37.4221,-37.4221,-53.4514,0,0.804928,460.454,460.454,460.454,0.916868,0,0,0,30.9583,30.9583,30.9583,0,-35.2275,-11.602,-11.602,-7.64013,490.143,-8.22672,-8.22672,2.54772,10.3885,1.65702,-32.8527,18.6214,18.4643,7.57341,0,-5.76545,0,-234.817,-234.817,-234.817,0,0,0,0,12.8951,669.35,98.685,98.685,-172.176,-461.874,-37.5939,-54.3166,0,172.572,-223.653,-61.2394,-455.539,-326.813,-866.274,-592.611,73.2557,15.745,340.456,340.456,704.422,228.11,105.252,1800.09,1343.45,59.8336,86.7473,210.767,1017.32,399.007,457.033,-340.636,300.701,2950.51,-3378.21,-1396.97,7320.64,550.027,-962.357,718.595,-0.0996662,503.853,-124.602,239.676,88.4509,406.815,81.2209,314.356,-130.81,-130.81,144.748,200.189,200.189,716.69,79.8789,0,259.299,-47.5985,-427.392,0,0
2020-08-06 05:00:00 UTC,-172.722,-95.4627,325.132,-58.6518,-58.6518,-61.3371,82.1831,141.085,-241.777,-241.777,494.979,155.688,-774.951,-30.4506,57.7714,184.882,419.146,91.2667,-358.443,-56.7966,-4.03042,-113.25,-113.25,-213.743,-289.11,-102.326,-16.6682,9.97934,11.2445,143.322,-79.3841,-79.3841,-176.492,-100.523,-100.523,-250.38,121.48,152.159,-761.133,-761.133,165.871,377.178,347.331,177.428,200.418,-288.828,-969.052,-988.187,-979.281,9.64948,-90.7812,-90.7812,25.4521,-43.6189,-42.0525,9.05389,9.05389,-206.09,144.436,63.5357,187.94,-149.459,-80.4011,121.02,121.02,-9.99607,-26.7389,121.841,121.841,18.6981,304.962,-208.08,-97.3932,-97.3932,3.96501,3.96501,0.678352,0.967294,0.733659,-6.60368,-5.27406,12.0123,-1.25819,-1.2817,-0.912762,-3.95181,3.06274,68.3549,68.3549,5.95391,5.95391,6.93084,6.93084,-69.0168,-69.0168,-69.0168,24.7792,24.7792,7.04574,-25.6217,-13.3575,-13.3575,12.6816,12.6816,-69.4086,-14.5327,-177.428,-7.37114,-7.37114,-143.463,-143.463,-143.463,460.652,-114.031,-114.031,-120.295,-120.295,-5.70063,36.282,36.282,-12.896,-12.896,-587.733,-587.733,502.683,502.683,0,-28.196,-210.406,-88.6668,250.298,250.298,-162.913,950.2,511.305,-169.122,-581.999,-581.999,125.843,125.843,-505.055,-505.055,47.9545,128.19,138.682,701.355,215.654,215.654,-131.07,-131.07,-131.07,436.285,436.285,-502.029,-2.20583e-09,-2.20583e-09,199.399,-349.782,-349.782,464.4,-181.248,52.73,0,247.564,181.805,-465.351,-351.21,-351.21,-60.6052,17.47,-12.829,-309.132,-309.132,75.7867,64.3907,64.3907,1037.66,-187.933,-1037.66,734.163,749.381,726.327,-1035.24,404.788,-280.677,969.052,988.187,979.281,-686.251,-5.20807,-41.5799,492.017,1736.54,68.9085,1756.09,4458.07,2364.52,2364.52,181.831,-947.782,144.518,195.027,143.36,-89.9362,177.249,-142.099,-153.853,-156.219,193.108,190.538,193.846,-140.719,54.9533,54.9533,-136.811,401.146,401.146,-942.345,147.893,167.206,-139.468,149.363,393.516,759.794,759.794,316.488,644.855,703.245,2087.13,-667.326,403.011,-316.488,-1.04084,461.433,769.63,453.128,450.496,1.04084,-547.685,-594.871,152.473,128.755,173.533,74.7322,-24.2129,177.59,96.3328,96.3246,-49.3077,89.7169,-85.8839,-111.636,49.7817,-533.083,-644.855,-578.585,-703.245,-94.1489,-94.1489,-71.7125,-192.413,36.1396,36.1396,155.46,155.46,-264.448,-264.448,53.072,38.4051,15.2816,-206.756,956.006,-2830.25,-2132.77,5153.63,-15.2816,1114.52,-228.26,-262.544,138.331,138.331,68.2339,68.2339,149.596,279.426,-412.347,8.42307,21.837,21.837,85.2014,174.566,-250.07,58.275,15.9741,15.9741,32.0888,31.6363,225.39,225.39,293.116,97.0704,222.742,-63.5352,148.65,-158.006,-158.006,87.4727,98.7483,0,94.0007,172.924,0,84.9643,-246.168,-246.168,-110.805,14.44,-97.0577,-97.7711,-105.804,-6.17385,4.52165,144.883,-24.75,-543.099,-187.584,-79.2843,-79.2843,37.1826,156.474,156.474,6.24941,6.79346,-427.609,0,33.9816,33.9816,0,401.252,0,157.603,0,-106.636,0,37.4745,-61.9678,-26.684,-69.8946,-69.8946,0,-35.1778,-35.1778,-49.1316,0,0.607781,391.792,391.792,391.792,0.753366,0,0,0,25.9657,25.9657,25.9657,0,-33.3963,-11.5303,-11.5303,-7.93001,430.728,-8.36996,-8.36996,1.37745,8.49418,0.824763,-29.8576,16.7228,16.581,7.01038,0,-5.76545,0,-227.097,-227.097,-227.097,0,0,0,0,9.2006,590.644,90.6269,90.6269,-183.649,-419.01,-45.3388,-65.7075,0,145.322,-210.368,-57.7573,-464.918,-371.302,-841.297,-551.749,55.7635,12.829,308.727,308.727,637.598,187.036,90.941,1515.69,1241.88,56.1135,81.2762,197.52,952.26,373.812,427.471,-320.42,271.913,2756.72,-3321.2,-1368.78,7109.11,482.734,-951.43,726.288,-14.3516,455.522,-124.744,228.758,74.1841,454.347,71.8668,306.204,-119.571,-119.571,120.763,186.865,186.865,635.793,61.3371,0,246.363,-48.8575,-414.936,0,0
2020-08-06 06:00:00 UTC,-164.946,-92.0742,319.012,-59.6165,-59.6165,-49.9774,81.3777,140.288,-237.769,-237.769,447.33,139.698,-716.297,-35.9866,50.8539,170.78,389.654,84.6578,-330.278,-50.53,5.02969,-104.42,-104.42,-198.934,-273.299,-96.5009,-15.7861,8.84605,12.1666,131.898,-73.5716,-73.5716,-162.536,-92.0741,-92.0741,-230.873,108.385,135.866,-686.476,-686.476,147.947,343.94,319.486,163.71,179.839,-260.468,-859.919,-877.05,-868.566,8.42176,-82.2654,-82.2654,23.0388,-39.4522,-36.6017,8.23198,8.23198,-187.1,131.429,56.8132,170.178,-135.307,-73.1834,110.33,110.33,-9.35063,-25.3702,115.417,115.417,17.2032,282.556,-192.217,-87.694,-87.694,3.7817,3.7817,0.570647,0.848442,0.564018,-6.04052,-5.02401,10.8047,-1.20703,-1.23339,-0.770672,-3.61183,2.95912,62.1153,62.1153,4.99241,4.99241,5.83807,5.83807,-62.8603,-62.8603,-62.8603,23.2936,23.2936,7.44286,-22.8143,-12.5876,-12.5876,11.5421,11.5421,-62.2997,-13.3092,-163.71,-6.63253,-6.63253,-132.418,-132.418,-132.418,422.079,-105.091,-105.091,-111.054,-111.054,-5.70063,33.2674,33.2674,-13.479,-13.479,-546.705,-546.705,465.152,465.152,0,-26.885,-195.42,-82.5231,231.896,231.896,-150.149,868.531,467.756,-156.064,-540.616,-540.616,116.356,116.356,-468.86,-468.86,44.9212,118.975,108.313,683.679,197.755,197.755,-120.629,-120.629,-120.629,395.244,395.244,-465.949,-7.57861e-11,-7.57861e-11,181.841,-319.506,-319.506,422.889,-163.105,52.4652,0,226.347,173.27,-422.878,-320.72,-320.72,-55.5946,16.594,-10.4608,-284.212,-284.212,75.9313,63.8969,63.8969,919.657,-167.556,-919.657,669.376,683.307,663.147,-934.023,362.937,-255.928,859.919,877.05,868.566,-648.192,-2.87329,-24.8301,455.945,1621.73,58.715,1639.6,4143.69,2194.19,2194.19,175.607,-881.522,133.807,186.784,134.328,-88.8728,164.1,-134.377,-143.204,-145.674,179.974,177.523,180.66,-132.734,48.5044,48.5044,-129.034,376.048,376.048,-881.958,133.546,154.897,-131.595,138.844,371.559,695.07,695.07,298.685,607.896,663.028,1983.92,-639.616,371.296,-298.685,-0.587756,417.561,717.739,422.508,420.017,0.587756,-521.326,-566.476,144.265,121.729,164.215,69.7942,-22.3098,160.842,90.7688,90.7606,-45.8225,78.1244,-80.7829,-105.121,48.7784,-508.317,-607.896,-551.967,-663.028,-90.5406,-90.5406,-68.5946,-183.737,35.5611,35.5611,149.376,149.376,-250.258,-250.258,40.2544,35.1635,12.5442,-197.865,917.522,-2660.2,-2025.43,5024,-12.5442,1060.46,-198.181,-247.985,119.002,119.002,55.4796,55.4796,155.199,270.376,-377.076,9.5667,18.0103,18.0103,66.3624,168.59,-297.568,44.1348,12.7662,12.7662,26.3286,25.9562,208.006,208.006,269.951,89.6139,202.134,-69.352,118.9,-143.291,-143.291,78.4498,88.56,0,88.2635,162.659,0,76.1613,-230.637,-230.637,-97.9289,5.05336,-88.2935,-88.9488,-95.9252,-9.72876,1.10503,131.362,-23.6012,-521.217,-177.356,-74.7487,-74.7487,35.5036,148.302,148.302,5.39588,5.90722,-410.314,0,36.1811,36.1811,0,364.956,0,137.226,0,-99.9553,0,37.2885,-61.0793,-25.409,-65.0653,-65.0653,0,-33.4894,-33.4894,-45.966,0,0.489991,345.711,345.711,345.711,0.642594,0,0,0,22.5571,22.5571,22.5571,0,-31.5026,-11.0827,-11.0827,-7.5634,389.901,-8.1897,-8.1897,0.75923,7.09447,0.375427,-28.3218,15.4529,15.3216,6.48479,0,-5.76545,0,-219.368,-219.368,-219.368,0,0,0,0,6.11657,528.884,84.9031,84.9031,-188.074,-386.749,-49.2232,-71.4307,0,125.853,-199.497,-54.8238,-463.342,-396.04,-815.363,-517.608,42.7445,10.4608,283.867,283.867,584.251,158.198,80.834,1293.1,1153.1,52.8432,76.4791,185.904,890.573,353.2,398.546,-305.394,244.22,2581.27,-3284.76,-1350.8,6927.87,435.608,-942.248,731.121,-23.9368,424.378,-124.406,221.311,63.7332,487.416,66.9363,299.785,-110.591,-110.591,104.559,176.459,176.459,580.475,49.9774,0,234.366,-49.9503,-401.276,0,0
2020-08-06 07:00:00 UTC,-158.479,-89.195,310.466,-59.8271,-59.8271,-41.7474,79.202,137.226,-233.513,-233.513,408.096,127.41,-667.937,-41.561,45.7349,158.186,367.225,79.6378,-306.52,-45.3583,11.869,-97.8845,-97.8845,-186.407,-259.269,-91.3618,-15.0499,7.91532,12.6318,122.459,-68.8147,-68.8147,-151.358,-85.4261,-85.4261,-215.053,98.7024,123.805,-629.474,-629.474,134.6,317.398,296.64,152.388,164.242,-238.562,-778.644,-794.265,-786.179,7.60735,-75.6722,-75.6722,21.1454,-36.3387,-33.197,7.49793,7.49793,-172.639,120.76,51.7475,156.496,-124.602,-67.6699,101.96,101.96,-8.72646,-23.9131,109.514,109.514,15.781,263.911,-179.762,-80.3227,-80.3227,3.47691,3.47691,0.473533,0.738023,0.435382,-5.6071,-4.7625,9.94537,-1.17077,-1.19916,-0.691104,-3.37469,2.84705,57.1585,57.1585,4.4136,4.4136,5.17886,5.17886,-57.9599,-57.9599,-57.9599,21.9757,21.9757,7.49152,-20.8357,-11.9202,-11.9202,10.6756,10.6756,-56.7948,-12.3803,-152.388,-6.09548,-6.09548,-123.785,-123.785,-123.785,392.268,-98.1907,-98.1907,-103.822,-103.822,-5.70063,30.9259,30.9259,-13.6745,-13.6745,-514.073,-514.073,435.539,435.539,0,-25.7258,-183.489,-77.5622,217.331,217.331,-140.201,805.586,434.134,-145.791,-507.823,-507.823,108.911,108.911,-440.21,-440.21,42.5987,111.678,87.1617,664.856,183.86,183.86,-112.404,-112.404,-112.404,364.112,364.112,-437.439,-1.43384e-10,-1.43384e-10,168.379,-296.225,-296.225,390.909,-149.624,51.2788,0,209.756,165.273,-390.614,-297.295,-297.295,-51.8828,15.545,-8.8143,-264.788,-264.788,74.9222,62.6327,62.6327,832.061,-152.179,-832.061,619.044,631.966,613.928,-856.898,331.524,-236.805,778.644,794.265,786.179,-615.587,-0.762818,-13.1384,427.232,1527.57,51.1849,1544.22,3887.85,2055.7,2055.7,169.522,-828.904,125.497,179.175,127.206,-86.6111,153.57,-127.869,-134.588,-137.118,169.18,166.837,169.824,-126.11,43.7496,43.7496,-122.586,355.424,355.424,-833.263,122.948,145.089,-125.056,130.689,352.988,644.989,644.989,284.112,576.567,628.927,1893.28,-614.258,347.051,-284.112,-0.617861,384.776,673.888,396.627,394.259,0.617861,-498.553,-541.917,137.089,115.603,156.136,65.5664,-20.6468,147.933,85.9094,85.9012,-42.7912,69.9064,-76.3346,-99.4554,47.3588,-486.829,-576.567,-528.842,-628.927,-87.3406,-87.3406,-66.1198,-176.366,34.9328,34.9328,143.868,143.868,-237.836,-237.836,31.3132,32.6051,10.4088,-190.044,882.572,-2515.42,-1931.34,4901.62,-10.4088,1015.33,-174.509,-236.228,103.622,103.622,45.6781,45.6781,158.596,263.627,-350.866,10.2146,15.7296,15.7296,51.5512,164.297,-335.525,32.0669,10.662,10.662,22.305,21.9885,194.431,194.431,251.853,83.6381,186.301,-73.6925,96.1914,-132.084,-132.084,71.6719,80.9122,0,83.7314,154.78,0,69.5739,-218.917,-218.917,-88.2289,-1.66734,-81.6049,-82.2157,-88.4857,-12.2613,-1.38005,119.982,-22.415,-501.18,-168.583,-70.9761,-70.9761,33.8232,141.531,141.531,4.82761,5.31549,-397.149,0,37.3647,37.3647,0,336.257,0,118.451,0,-94.1083,0,37.1475,-59.6283,-24.24,-61.025,-61.025,0,-31.9487,-31.9487,-43.3503,0,0.41311,311.695,311.695,311.695,0.56036,0,0,0,20.1937,20.1937,20.1937,0,-29.6776,-10.5083,-10.5083,-6.95383,358.633,-7.8895,-7.8895,0.379733,6.14641,0.112544,-27.1952,14.4717,14.3488,6.09845,0,-5.76545,0,-212.034,-212.034,-212.034,0,0,0,0,3.95242,481.828,80.2608,80.2608,-188.297,-361.11,-50.916,-73.9433,0,111.834,-190.231,-52.2731,-456.718,-409.411,-790.319,-489.772,33.0041,8.8143,264.484,264.484,541.608,137.256,73.5504,1118.06,1077.56,50.0041,72.3065,175.79,837.877,335.964,373.21,-292.999,220.341,2423.27,-3245.75,-1331.98,6756.75,400.536,-938.509,732.837,-30.0525,400.343,-123.978,216.054,55.0032,514.368,64.0908,294.478,-103.477,-103.477,92.6542,168.539,168.539,538.624,41.7474,0,221.94,-50.5485,-387.993,0,0
2020-08-06 08:00:00 UTC,-153.598,-87.018,302.995,-59.9017,-59.9017,-36.1743,77.0723,134.141,-229.798,-229.798,378.326,118.423,-631.114,-46.1986,42.055,148.221,350.857,75.9776,-288.1,-41.423,16.8203,-93.1311,-93.1311,-176.44,-247.448,-87.0608,-14.475,7.1982,12.6935,115.136,-65.1748,-65.1748,-143.039,-80.5896,-80.5896,-203.12,92.0411,115.502,-588.999,-588.999,125.367,297.86,279.33,143.768,153.31,-223.131,-722.061,-736.624,-728.848,7.11117,-70.9586,-70.9586,19.728,-34.1843,-31.4155,6.89132,6.89132,-162.492,112.523,48.1385,146.704,-117.168,-63.8142,95.9394,95.9394,-8.17741,-22.5472,104.605,104.605,14.5531,249.592,-170.72,-75.1124,-75.1124,3.12923,3.12923,0.393172,0.643644,0.345678,-5.29973,-4.51006,9.37988,-1.14059,-1.17068,-0.650188,-3.21789,2.73461,53.5021,53.5021,4.13552,4.13552,4.8602,4.8602,-54.346,-54.346,-54.346,20.8618,20.8618,7.32305,-19.5513,-11.3861,-11.3861,10.0517,10.0517,-52.8823,-11.7197,-143.768,-5.74321,-5.74321,-117.574,-117.574,-117.574,370.995,-93.2518,-93.2518,-98.6819,-98.6819,-5.70063,29.3289,29.3289,-13.7674,-13.7674,-490.579,-490.579,414.299,414.299,0,-24.9125,-174.893,-73.881,206.824,206.824,-132.999,760.785,410.173,-138.391,-484.235,-484.235,103.676,103.676,-419.686,-419.686,40.9194,106.411,72.9289,649.562,173.883,173.883,-106.452,-106.452,-106.452,342.02,342.02,-416.999,-1.13696e-09,-1.13696e-09,158.822,-279.509,-279.509,368.152,-139.96,50.2925,0,197.835,159.126,-367.348,-280.493,-280.493,-49.44,14.5449,-7.73094,-250.62,-250.62,73.717,61.3554,61.3554,771.154,-141.243,-771.154,582.811,595.003,578.411,-801.746,309.469,-223.021,722.061,736.624,728.848,-590.69,1.02579,-4.81298,406.851,1459.63,46.0085,1475.16,3703.43,1956.08,1956.08,164.844,-790.508,119.719,173.445,121.687,-85.6031,145.986,-123.031,-128.342,-130.904,161.326,159.063,161.939,-121.222,40.4013,40.4013,-117.831,340.549,340.549,-797.462,115.727,137.952,-120.227,124.372,339.42,609.525,609.525,273.371,553.787,604.122,1827.29,-595.318,329.428,-273.371,-0.470983,361.307,642.207,377.928,375.65,0.470983,-481.76,-523.79,131.918,111.274,150.911,62.757,-18.9405,138.833,82.3524,82.3442,-40.3082,63.9418,-73.0949,-95.2728,48.5462,-470.936,-553.787,-511.719,-604.122,-85.4775,-85.4775,-64.0387,-171.059,34.8621,34.8621,140.961,140.961,-228.85,-228.85,24.4134,30.4058,8.59307,-185.035,868.752,-2409.21,-1862.88,4858.49,-8.59307,982.1,-157.356,-227.599,92.5014,92.5014,38.5114,38.5114,161.158,258.704,-331.584,10.9174,14.1402,14.1402,40.4954,161.339,-363.047,22.9132,9.17468,9.17468,19.4471,19.1703,184.612,184.612,238.747,79.2204,174.957,-77.0356,79.6301,-124.147,-124.147,66.887,75.5135,0,80.5665,149.326,0,64.9936,-211.218,-211.218,-81.3346,-6.49842,-76.8489,-77.4278,-83.2032,-14.0494,-3.14458,111.461,-21.4415,-486.311,-162.036,-68.1982,-68.1982,32.5024,136.468,136.468,4.4657,4.93801,-388.155,0,38.2655,38.2655,0,314.519,0,103.416,0,-89.2484,0,37.0457,-57.8482,-23.217,-57.8585,-57.8585,0,-30.6294,-30.6294,-41.367,0,0.365736,288.176,288.176,288.176,0.503212,0,0,0,18.6047,18.6047,18.6047,0,-28.0816,-9.91203,-9.91203,-6.25845,336.383,-7.54666,-7.54666,0.188677,5.47727,-0.000660582,-26.3719,13.7718,13.655,5.85219,0,-5.76545,0,-206.231,-206.231,-206.231,0,0,0,0,2.58211,447.888,76.9551,76.9551,-186.867,-342.384,-51.6479,-75.0391,0,102.561,-183.394,-50.323,-449.365,-415.964,-770.403,-469.003,26.3387,7.73094,250.338,250.338,510.994,123.185,68.2207,993.991,1020.58,47.8975,69.2394,168.368,790.249,323.49,354.221,-283.446,203.918,2297.42,-3238.51,-1328.29,6696.41,375.503,-935.418,733.859,-35.3953,383.807,-123.838,212.64,48.6265,534.631,62.375,290.171,-98.2827,-98.2827,84.2142,163.091,163.091,508.85,36.1743,0,211.746,-50.716,-377.407,0,0
2020-08-06 09:00:00 UTC,-151.795,-86.4034,300.08,-60.3907,-60.3907,-33.6445,76.0977,132.732,-229.706,-229.706,363.244,114.147,-613.131,-49.8559,40.3089,142.981,344.105,74.4686,-278.663,-39.3008,19.7471,-90.8619,-90.8619,-171.881,-242.515,-85.2669,-14.2015,6.85889,12.9694,111.702,-63.4247,-63.4247,-138.902,-78.1272,-78.1272,-197.191,88.362,110.913,-566.66,-566.66,120.332,287.165,270.697,139.455,147.419,-214.669,-690.974,-704.953,-697.36,6.76862,-68.3582,-68.3582,19.1361,-32.9396,-29.5252,6.68713,6.68713,-156.611,109.132,46.3161,141.698,-112.716,-61.495,92.8354,92.8354,-8.01163,-22.1841,102.356,102.356,14.116,242.675,-165.945,-72.3517,-72.3517,3.09536,3.09536,0.363636,0.610525,0.293006,-5.12618,-4.45799,8.9969,-1.13419,-1.16462,-0.612705,-3.11684,2.69883,51.6246,51.6246,3.80317,3.80317,4.48195,4.48195,-52.4764,-52.4764,-52.4764,20.3874,20.3874,7.48477,-18.6574,-11.1482,-11.1482,9.70924,9.70924,-50.771,-11.3403,-139.455,-5.57355,-5.57355,-114.096,-114.096,-114.096,359.137,-90.5703,-90.5703,-95.805,-95.805,-5.70063,28.4448,28.4448,-13.6837,-13.6837,-477.295,-477.295,402.271,402.271,0,-24.3885,-169.978,-71.7179,200.857,200.857,-128.989,735.711,396.751,-134.188,-470.964,-470.964,100.751,100.751,-408.139,-408.139,40.0016,103.432,65.224,640.009,168.265,168.265,-102.974,-102.974,-102.974,329.491,329.491,-405.541,-1.99262e-09,-1.99262e-09,153.341,-269.97,-269.97,355.312,-134.354,49.9194,0,191.168,155.638,-353.916,-270.906,-270.906,-48.3011,13.6991,-7.15457,-242.8,-242.8,72.9261,60.57,60.57,737.538,-135.119,-737.538,562.466,574.247,558.436,-770.665,297.142,-215.089,690.974,704.953,697.36,-576.083,2.06547,-0.233635,395.372,1420.82,43.1697,1435.67,3597.97,1899.2,1899.2,162.21,-768.624,116.647,170.269,118.319,-85.2915,141.676,-120.199,-124.768,-127.343,156.802,154.586,157.398,-118.394,38.5085,38.5085,-115.081,332.187,332.187,-777.124,111.815,133.842,-117.434,120.537,331.485,589.629,589.629,267.516,540.585,589.744,1788.71,-584.2,320.376,-267.516,-0.689613,349.424,623.697,367.002,364.776,0.689613,-471.94,-513.183,128.767,108.682,148.057,61.1937,-17.8091,134.539,80.208,80.1998,-38.8125,61.1853,-71.1515,-92.7287,50.0256,-461.624,-540.585,-501.678,-589.744,-84.4732,-84.4732,-62.7343,-167.84,34.9098,34.9098,139.461,139.461,-223.602,-223.602,21.5787,29.0803,7.08253,-182.286,863.636,-2346.08,-1822.46,4853.58,-7.08253,964.566,-148.385,-222.915,86.7256,86.7256,34.8954,34.8954,162.12,256.266,-322.896,11.2929,13.5409,13.5409,35.412,160.084,-374.659,18.5488,8.40438,8.40438,18.0421,17.7848,179.397,179.397,231.798,76.8571,168.986,-78.5266,71.1909,-119.905,-119.905,64.3317,72.6318,0,78.8215,146.261,0,62.5716,-206.988,-206.988,-77.7152,-8.8158,-74.4236,-74.9868,-80.3703,-15.0854,-4.14859,107.441,-20.9813,-477.575,-158.112,-66.5845,-66.5845,31.6026,134.742,134.742,4.38127,4.8513,-387.467,0,39.1409,39.1409,0,304.041,0,94.2759,0,-87.2309,0,37.001,-57.7662,-22.8112,-56.3647,-56.3647,0,-30.0681,-30.0681,-40.3078,0,0.338203,275.157,275.157,275.157,0.475053,0,0,0,17.7783,17.7783,17.7783,0,-27.5361,-9.81041,-9.81041,-6.19072,324.671,-7.51327,-7.51327,-0.0251763,5.15818,-0.148705,-25.7639,13.3612,13.2478,5.74847,0,-5.76545,0,-202.691,-202.691,-202.691,0,0,0,0,1.93362,429.43,75.1332,75.1332,-185.454,-331.672,-52.0356,-75.6181,0,97.9022,-179.383,-49.1703,-444.22,-418.448,-758.276,-456.712,22.6662,7.15457,242.531,242.531,493.462,115.613,65.7337,923.641,985.533,46.6097,67.382,163.88,756.528,316.003,342.008,-277.649,194.194,2217.67,-3253.25,-1335.15,6689.7,362.862,-934.254,733.983,-37.9916,376.661,-123.965,211.209,45.2976,544.104,61.6361,287.589,-95.4456,-95.4456,79.9005,160.078,160.078,493.022,33.6445,0,206.95,-50.7441,-371.002,0,0
2020-08-06 10:00:00 UTC,-153.302,-87.5329,304.723,-61.5384,-61.5384,-32.7459,77.5901,135.145,-232.947,-232.947,362.916,114.473,-614.427,-52.8657,40.4045,142.724,347.285,75.1792,-278.291,-38.9331,21.5576,-91.6129,-91.6129,-172.937,-245.086,-86.1671,-14.237,6.90039,13.5986,112.212,-63.6294,-63.6294,-139.231,-78.2577,-78.2577,-197.59,87.529,109.874,-563.041,-563.041,119.245,286.054,270.946,139.572,146.228,-213.164,-685.741,-699.622,-692.055,6.62395,-67.939,-67.939,19.1607,-32.6655,-28.3972,6.77845,6.77845,-155.365,109.386,45.8879,141.56,-111.683,-60.9556,93.1321,93.1321,-8.1318,-22.5706,102.688,102.688,14.3223,243.228,-166.251,-74.0272,-74.0272,3.26549,3.26549,0.372788,0.625091,0.281765,-5.09533,-4.51814,8.85993,-1.12534,-1.15626,-0.570288,-3.07087,2.73659,51.461,51.461,3.57741,3.57741,4.22751,4.22751,-52.3205,-52.3205,-52.3205,20.5591,20.5591,7.78348,-18.3192,-11.193,-11.193,9.63922,9.63922,-50.3621,-11.2649,-139.572,-5.59014,-5.59014,-113.624,-113.624,-113.624,357.507,-90.2851,-90.2851,-95.4748,-95.4748,-5.70063,28.3889,28.3889,-13.6874,-13.6874,-475.7,-475.7,400.764,400.764,0,-24.3603,-169.338,-71.3535,200.078,200.078,-128.395,732.17,394.855,-133.55,-469.364,-469.364,100.456,100.456,-406.803,-406.803,39.916,103.049,63.5692,639.56,167.404,167.404,-102.359,-102.359,-102.359,327.32,327.32,-404.226,-2.13441e-09,-2.13441e-09,152.459,-268.321,-268.321,353.226,-133.176,50.1372,0,190.078,155.292,-351.281,-269.228,-269.228,-48.3405,13.3696,-7.08897,-242.179,-242.179,72.8797,60.5282,60.5282,731.749,-133.915,-731.749,558.978,570.689,555.002,-764.822,295.032,-213.543,685.741,699.622,692.055,-573.739,2.47838,1.35566,394.354,1417.44,42.7173,1431.85,3586.74,1893.27,1893.27,162.655,-765.442,116.573,170.721,117.169,-87.03,141.177,-119.862,-124.35,-126.928,156.331,154.118,156.925,-118.066,38.1228,38.1228,-114.763,331.875,331.875,-774.808,111.255,133.253,-117.112,119.151,330.586,586.839,586.839,267.658,539.373,588.42,1784.69,-584.098,321.317,-267.658,-1.25186,350.759,621.479,365.692,363.473,1.25186,-471.062,-512.233,128.2,108.245,147.902,61.0781,-17.6254,135.435,79.8593,79.8511,-38.6301,61.9135,-70.8405,-92.2975,51.1486,-460.797,-539.373,-500.784,-588.42,-84.4087,-84.4087,-62.4492,-167.127,35.0407,35.0407,139.454,139.454,-223.058,-223.058,23.015,28.8703,6.09087,-182.159,866.816,-2337.77,-1817.82,4884.04,-6.09087,963.415,-149.215,-223.124,87.3054,87.3054,34.4675,34.4675,161.395,256.654,-325.437,11.1322,13.9731,13.9731,36.5697,160.542,-370.641,19.2006,8.50942,8.50942,18.2787,18.018,179.59,179.59,231.961,76.8332,168.804,-80.951,70.518,-121.515,-121.515,65.0883,73.4566,0,80.7031,149.174,0,63.3711,-211.654,-211.654,-78.3344,-9.82216,-75.081,-75.6493,-81.2062,-15.3717,-4.21935,108.348,-21.2496,-477.714,-157.572,-66.4502,-66.4502,31.2815,136.626,136.626,4.44111,4.91783,-393.251,0,40.4363,40.4363,0,305.587,0,90.9161,0,-88.2438,0,37.0091,-59.3118,-23.1082,-56.589,-56.589,0,-30.3404,-30.3404,-40.1817,0,0.331341,272.826,272.826,272.826,0.472642,0,0,0,17.5179,17.5179,17.5179,0,-27.8291,-10.045,-10.045,-6.53098,328.421,-7.68112,-7.68112,-0.160642,4.90859,-0.26924,-25.7152,13.3049,13.1917,5.79284,0,-5.76545,0,-202.326,-202.326,-202.326,0,0,0,0,1.97924,428.257,75.0655,75.0655,-185.097,-329.861,-52.3221,-76.0359,0,97.6524,-178.983,-49.005,-443.66,-419.018,-757.264,-454.117,22.1757,7.08897,241.919,241.919,491.397,114.693,66.3724,915.898,978.76,46.3867,67.0723,163.138,746.999,314.453,338.394,-276.494,191.665,2201.97,-3287.16,-1351.16,6732.59,364.303,-935.657,732.765,-36.9594,378.503,-124.176,211.801,45.4501,542.288,61.8265,287.258,-95.4045,-95.4045,80.1684,162.893,162.893,497.471,32.7459,0,209.687,-50.5856,-370.487,0,0
2020-08-06 11:00:00 UTC,-158.912,-91.0675,320.66,-64.858,-64.858,-33.4771,82.6801,143.119,-243.632,-243.632,377.162,118.08,-634.471,-55.1265,41.3414,148.262,357.97,77.5678,-286.378,-40.1478,22.7817,-94.3273,-94.3273,-178.752,-253.744,-89.2781,-14.5381,7.27034,14.4289,116.111,-65.5057,-65.5057,-143.34,-80.566,-80.566,-203.415,89.5834,112.437,-578.807,-578.807,122.071,294.851,279.848,143.994,149.562,-218.087,-707.356,-721.648,-713.93,6.74852,-69.7824,-69.7824,19.6391,-33.4508,-28.9316,7.04417,7.04417,-159.177,112.382,46.8656,145.658,-114.527,-62.439,96.194,96.194,-8.42243,-23.3679,105.225,105.225,14.9716,250.908,-171.799,-78.9068,-78.9068,3.49443,3.49443,0.408122,0.672507,0.31663,-5.21655,-4.63569,9.07147,-1.11988,-1.15112,-0.556033,-3.11425,2.83709,52.9763,52.9763,3.62821,3.62821,4.29011,4.29011,-53.8398,-53.8398,-53.8398,21.3302,21.3302,7.97142,-18.7916,-11.4756,-11.4756,9.88738,9.88738,-51.6546,-11.5436,-143.994,-5.74439,-5.74439,-116.559,-116.559,-116.559,367.497,-92.5186,-92.5186,-97.9722,-97.9722,-5.70063,29.1623,29.1623,-14.0244,-14.0244,-487.45,-487.45,411.744,411.744,0,-24.9625,-173.796,-73.2036,205.545,205.545,-131.804,752.983,405.997,-137.219,-480.977,-480.977,103.223,103.223,-416.955,-416.955,40.78,105.81,67.8453,651.383,172.111,172.111,-105.102,-105.102,-105.102,336.476,336.476,-414.254,-2.0606e-09,-2.0606e-09,156.423,-275.026,-275.026,362.647,-136.487,51.3524,0,195.044,158.779,-360.089,-275.942,-275.942,-49.8683,13.6649,-7.61052,-249.736,-249.736,73.7666,61.3604,61.3604,755.115,-137.655,-755.115,573.077,585.078,568.821,-784.89,303.762,-218.998,707.356,721.648,713.93,-585.08,2.5443,1.4457,406.119,1457.61,44.9893,1471.6,3692.1,1950.31,1950.31,166.579,-783.768,120.588,175.359,119.708,-89.3528,145.286,-122.549,-127.751,-130.317,160.816,158.552,161.427,-120.769,39.4805,39.4805,-117.393,340.192,340.192,-793.623,114.942,136.909,-119.788,121.744,338.376,604.322,604.322,274.486,553.445,603.738,1826.53,-598.715,332.357,-274.486,-1.40221,365.39,640.491,376.915,374.642,1.40221,-481.6,-523.609,131.269,110.853,151.669,63.0048,-18.3365,141.69,81.9236,81.9154,-39.8973,65.422,-72.7218,-94.7037,52.4852,-470.804,-553.445,-511.568,-603.738,-85.9773,-85.9773,-63.4976,-170.376,35.6043,35.6043,142.334,142.334,-228.715,-228.715,27.554,30.0223,5.21254,-185.962,889.433,-2400.58,-1860.54,5006.48,-5.21254,979.903,-160.167,-228.889,94.553,94.553,37.0326,37.0326,160.05,259.518,-338.161,10.8057,14.8403,14.8403,44.2461,162.419,-349.486,25.8533,8.99055,8.99055,19.5499,19.2715,185.606,185.606,239.64,79.2019,174.713,-83.8158,76.0934,-127.571,-127.571,68.4391,77.1845,0,85.1678,156.371,0,66.6287,-222.482,-222.482,-82.3601,-9.6987,-78.594,-79.1883,-84.9428,-15.5502,-3.94571,115.031,-22.4784,-490.101,-160.95,-68.0443,-68.0443,31.5923,143.243,143.243,4.75237,5.25339,-412.403,0,43.6231,43.6231,0,318.466,0,94.2588,0,-91.7528,0,37.0628,-62.3518,-23.9524,-58.2866,-58.2866,0,-31.2966,-31.2966,-40.8939,0,0.346526,281.674,281.674,281.674,0.494724,0,0,0,17.9325,17.9325,17.9325,0,-28.6745,-10.4136,-10.4136,-6.98886,345.398,-7.90683,-7.90683,-0.112524,4.90945,-0.290821,-26.5049,13.6383,13.5221,5.89776,0,-5.76545,0,-205.911,-205.911,-205.911,0,0,0,0,2.80826,445.819,77.1421,77.1421,-186.417,-337.59,-52.6067,-76.4369,0,101.643,-182.847,-49.9979,-448.931,-418.029,-770.091,-464.472,25.6377,7.61052,249.476,249.476,508.286,121.342,69.5156,985.02,1008.53,47.5936,68.8407,167.425,768.123,321.391,346.649,-281.968,199.726,2267.22,-3380.17,-1395.25,6904.58,379.894,-937.45,731.096,-33.9835,390.061,-124.37,214.365,49.5892,527.92,62.7064,288.882,-98.315,-98.315,84.9734,170.375,170.375,520.263,33.4771,0,222.49,-49.8667,-377.155,0,0
2020-08-06 12:00:00 UTC,-168.049,-96.6353,346.006,-69.5584,-69.5584,-36.342,90.8769,155.816,-258.815,-258.815,404.78,125.758,-672.089,-57.6833,43.7898,158.142,377.929,82.0329,-302.174,-42.856,23.0703,-99.7521,-99.7521,-189.285,-269.184,-94.8174,-15.0885,7.95211,15.8045,123.268,-69.0251,-69.0251,-151.394,-85.2535,-85.2535,-214.654,94.8765,119.037,-615.52,-615.52,129.066,313.878,296.967,152.475,157.358,-228.837,-758.707,-773.967,-765.923,7.31238,-73.9986,-73.9986,20.5041,-35.4763,-32.3128,7.3577,7.3577,-168.74,117.184,49.2674,154.401,-121.848,-66.244,102.402,102.402,-8.75482,-24.2016,109.42,109.42,15.8303,265.118,-182.742,-87.4673,-87.4673,3.61213,3.61213,0.452756,0.735503,0.403154,-5.50036,-4.74159,9.76971,-1.11994,-1.15123,-0.605644,-3.28822,3.01018,56.1264,56.1264,4.16738,4.16738,4.91234,4.91234,-56.9904,-56.9904,-56.9904,22.7835,22.7835,7.74533,-20.4172,-11.9568,-11.9568,10.5187,10.5187,-54.4954,-12.2526,-152.475,-6.09407,-6.09407,-122.805,-122.805,-122.805,388.867,-97.3613,-97.3613,-103.254,-103.254,-5.70063,30.8051,30.8051,-14.4936,-14.4936,-511.971,-511.971,434.521,434.521,0,-26.1068,-183.02,-77.1123,216.854,216.854,-139.044,797.85,429.998,-144.894,-505.329,-505.329,108.882,108.882,-438.233,-438.233,42.6391,111.483,79.2821,672.66,182.142,182.142,-111.098,-111.098,-111.098,357.223,357.223,-435.332,-9.92342e-10,-9.92342e-10,165.405,-290.367,-290.367,384.178,-144.443,53.6888,0,206.417,165.882,-380.589,-291.313,-291.313,-52.602,14.5868,-8.64189,-265.082,-265.082,75.3654,62.9024,62.9024,810.642,-147.012,-810.642,606.021,618.694,601.084,-833.29,324.113,-231.862,758.707,773.967,765.923,-609.556,1.9038,-1.74928,429.699,1537.54,50.1053,1551.33,3904.9,2065.6,2065.6,173.429,-822.419,127.809,183.529,125.543,-92.4566,153.642,-128.046,-134.679,-137.214,169.847,167.482,170.493,-126.211,42.546,42.546,-122.69,356.773,356.773,-831.779,122.344,144.557,-125.173,127.799,354.129,641.379,641.379,287.687,581.142,633.886,1907.6,-625.42,353.922,-287.687,-1.54143,394.292,678.424,399.306,396.924,1.54143,-502.076,-545.704,137.349,115.957,158.488,66.5926,-20.1925,153.579,86.0777,86.0695,-42.7029,72.0899,-76.5058,-99.5795,53.2129,-490.195,-581.142,-532.452,-633.886,-88.5801,-88.5801,-65.7084,-176.482,36.1936,36.1936,146.836,146.836,-239.781,-239.781,36.5397,32.4129,5.22295,-192.672,920.399,-2526.42,-1943.81,5156.91,-5.22295,1013.76,-181.678,-240.077,108.559,108.559,42.8624,42.8624,157.344,265.189,-363.096,10.3305,16.6983,16.6983,58.9198,166.346,-309.866,38.3197,10.0674,10.0674,22.1626,21.8479,197.611,197.611,255.063,83.9698,187.032,-87.0853,88.8217,-138.677,-138.677,74.7317,84.2079,0,92.5439,168.401,0,72.7519,-240.642,-240.642,-90.2584,-8.10195,-85.1725,-85.8142,-91.9325,-15.3496,-3.08754,127.511,-24.5788,-512.209,-168.165,-71.2,-71.2,32.8272,154.085,154.085,5.29287,5.83172,-441.279,0,47.9866,47.9866,0,342.342,0,101.754,0,-98.0403,0,37.1662,-67.1277,-25.4646,-61.3829,-61.3829,0,-32.9803,-32.9803,-42.2038,0,0.393369,303.078,303.078,303.078,0.541015,0,0,0,19.2908,19.2908,19.2908,0,-29.7421,-10.685,-10.685,-7.22427,376.91,-8.02272,-8.02272,0.255394,5.32164,-0.143485,-28.7413,14.4291,14.3063,6.14113,0,-5.76545,0,-212.787,-212.787,-212.787,0,0,0,0,4.28426,481.348,81.4012,81.4012,-188.733,-355.124,-52.5996,-76.3958,0,110.277,-190.865,-52.0645,-458.241,-413.087,-794.19,-486.373,33.0632,8.64189,264.819,264.819,542.832,135.899,75.4791,1128.06,1071.45,50.0472,72.4177,176.085,819.05,334.952,365.228,-292.686,216.995,2409.3,-3481.27,-1443.56,7115.94,410.761,-940.051,728.217,-28.753,413.553,-124.82,219.968,57.6995,500.707,65.7055,292.616,-104.02,-104.02,94.9321,182.98,182.98,562.36,36.342,0,244.555,-48.7402,-389.846,0,0
2020-08-06 13:00:00 UTC,-181.236,-103.92,375.741,-73.6563,-73.6563,-45.3834,100.105,169.8,-277.594,-277.594,460.271,142.359,-743.142,-56.8048,50.0076,176.373,414.169,90.1509,-334.219,-49.1982,17.7325,-108.856,-108.856,-209.851,-297.382,-105.033,-16.1944,9.34634,17.6499,137.749,-76.0097,-76.0097,-166.809,-94.0025,-94.0025,-236.612,105.422,132.177,-687.73,-687.73,143.258,351.398,329.944,168.754,173.481,-251.499,-861.595,-878.777,-870.173,8.32168,-82.3022,-82.3022,22.2806,-39.3841,-38.2277,8.06058,8.06058,-187.096,127.506,54.2226,170.919,-135.897,-73.4861,113.688,113.688,-9.50219,-26.048,117.451,117.451,17.6333,292.187,-201.909,-102.995,-102.995,3.94375,3.94375,0.553144,0.868302,0.57172,-6.05843,-4.98607,11.0516,-1.12313,-1.15432,-0.68571,-3.60689,3.30861,62.3769,62.3769,5.11144,5.11144,5.99996,5.99996,-63.251,-63.251,-63.251,25.4156,25.4156,7.47936,-23.3867,-12.9013,-12.9013,11.7113,11.7113,-60.398,-13.5906,-168.754,-6.707,-6.707,-133.445,-133.445,-133.445,425.605,-105.823,-105.823,-111.996,-111.996,-5.67833,33.3961,33.3961,-14.4073,-14.4073,-551.851,-551.851,471.504,471.504,0,-27.4602,-197.867,-83.6299,235.232,235.232,-151.585,875.571,471.513,-157.708,-545.339,-545.339,117.795,117.795,-472.992,-472.992,45.5873,120.672,104.289,699.658,199.399,199.399,-121.573,-121.573,-121.573,395.115,395.115,-469.983,-7.79325e-10,-7.79325e-10,181.331,-318.463,-318.463,424.165,-159.313,58.3196,0,228.141,177.859,-418.458,-319.5,-319.5,-56.6973,16.4652,-10.2563,-290.039,-290.039,77.4134,65.0685,65.0685,921.313,-166.195,-921.313,669.678,683.638,663.282,-928.946,363.02,-256.697,861.595,878.777,870.173,-651.308,-0.564848,-14.957,466.611,1660.88,59.4321,1675.88,4237.14,2246.11,2246.11,182.851,-886.587,138.009,194.924,133.873,-98.3917,167.019,-136.682,-145.727,-148.186,183.957,181.439,184.657,-134.713,48.1413,48.1413,-130.975,384.036,384.036,-892.501,134.444,157.099,-133.587,136.583,378.405,703.356,703.356,308.553,622.725,679.134,2026.33,-660.81,390.434,-308.553,-2.61241,444.518,735.28,432.861,430.321,2.61241,-532.246,-578.222,145.999,123.237,168.307,71.8504,-23.1898,174.407,92.11,92.1018,-47.0844,84.6436,-82.0165,-106.666,54.4467,-518.649,-622.725,-563.058,-679.134,-92.0227,-92.0227,-68.7957,-184.278,36.7053,36.7053,152.555,152.555,-256.044,-256.044,54.6197,36.1779,6.73396,-202.107,958.635,-2712.03,-2065.01,5312.47,-6.73396,1081.94,-219.122,-257.492,132.877,132.877,57.0066,57.0066,150.884,276.233,-407.322,8.78793,21.007,21.007,85.7225,171.639,-241.29,59.8025,13.1974,13.1974,28.8447,28.4366,217.946,217.946,282.193,92.8485,210.076,-85.9218,122.495,-159.563,-159.563,86.7114,97.652,0,103.959,187.105,0,84.4449,-268.633,-268.633,-106.416,-0.9957,-96.8501,-97.5721,-105.145,-12.2423,0.521557,148.667,-27.4286,-540.217,-179.777,-76.0796,-76.0796,35.3072,169.558,169.558,6.27827,6.87121,-478.671,0,51.2322,51.2322,0,389.803,0,121.407,0,-109.772,0,37.3941,-75.0689,-28.137,-67.5668,-67.5668,0,-36.0142,-36.0142,-45.0322,0,0.487684,346.104,346.104,346.104,0.640531,0,0,0,21.8619,21.8619,21.8619,0,-32.01,-11.3577,-11.3577,-7.88751,433.66,-8.34909,-8.34909,0.898693,6.09119,0.139461,-32.385,15.8992,15.7641,6.52907,0,-5.69864,0,-222.587,-222.587,-222.587,0,0,0,0,6.36037,539.903,88.5701,88.5701,-191.36,-387.28,-51.4003,-74.5833,0,125.607,-203.655,-55.4441,-468.757,-397.372,-827.491,-519.686,45.4876,10.2563,289.766,289.766,597.698,161.76,86.5345,1355.84,1165.12,53.6123,77.6227,188.682,892.955,353.557,391.154,-307.366,241.833,2617,-3559.57,-1481.44,7334.15,464.657,-939.529,725.026,-16.1164,452.215,-124.145,226.671,71.8107,452.29,71.7536,298.042,-113.274,-113.274,112.846,201.385,201.385,638.763,45.3834,0,274.664,-47.7742,-407.739,0,0
2020-08-06 14:00:00 UTC,-195.805,-110.982,399.947,-72.9407,-72.9407,-65.0734,107.169,179.921,-292.924,-292.924,538.859,170.135,-841.355,-55.0977,62.0902,197.267,470.284,102.747,-379.083,-58.8809,3.49596,-122.863,-122.863,-237.618,-333.27,-118.049,-17.7255,11.329,19.0365,158.118,-85.9976,-85.9976,-189.814,-107.555,-107.555,-268.77,123.67,154.882,-801.862,-801.862,167.618,406.153,376.238,191.42,200.567,-289.072,-1029.85,-1050.12,-1040.84,10.3328,-95.1548,-95.1548,25.3792,-45.8023,-48.8261,9.03386,9.03386,-216.2,143.24,62.5098,197.414,-158.005,-84.719,131.391,131.391,-10.4408,-28.1521,127.39,127.39,19.8786,329.429,-227.415,-119.296,-119.296,4.20118,4.20118,0.682701,1.02774,0.836577,-6.91989,-5.17651,13.1032,-1.13838,-1.16885,-0.855073,-4.13115,3.60687,71.4575,71.4575,6.90813,6.90813,8.05443,8.05443,-72.5103,-72.5103,-72.5103,28.6346,28.6346,6.65399,-28.14,-14.1201,-14.1201,13.482,13.482,-69.6071,-15.6214,-191.42,-7.88321,-7.88321,-148.973,-148.973,-148.973,479.584,-118.564,-118.564,-124.803,-124.803,-5.42313,37.4661,37.4661,-13.1289,-13.1289,-608.246,-608.246,523.157,523.157,0,-28.962,-218.369,-92.2231,260.588,260.588,-169.578,990.743,532.894,-175.76,-602.447,-602.447,130.604,130.604,-522.827,-522.827,49.9261,133.324,149.491,722.19,224.419,224.419,-136.579,-136.579,-136.579,453.606,453.606,-519.829,3.51366e-10,3.51366e-10,204.451,-360.933,-360.933,484.467,-182.966,63.9419,0,261.384,192.411,-477.451,-362.493,-362.493,-63.1325,17.9264,-13.0502,-323.361,-323.361,77.6698,66.1362,66.1362,1102.01,-197.325,-1102.01,767.536,783.452,758.489,-1080.39,424.513,-294.753,1029.85,1050.12,1040.84,-706.147,-4.35792,-42.0812,516.537,1820.15,74.228,1838.19,4671.77,2482.49,2482.49,191.082,-979.133,154.662,206.141,144.309,-105.326,185.419,-147.415,-160.598,-162.901,202.031,199.34,202.803,-145.779,57.5402,57.5402,-141.767,420.163,420.163,-975.511,156.954,174.172,-144.516,148.049,408.965,795.28,795.28,334.232,673.711,734.593,2168.43,-695.759,438.32,-334.232,-3.89484,512.599,805.82,474.483,471.752,3.89484,-568.3,-617.028,156.345,132.027,180.383,78.4171,-26.7149,203.172,99.3916,99.3834,-52.4492,102.182,-88.6968,-115.204,57.2236,-552.46,-673.711,-599.361,-734.593,-96.0981,-96.0981,-72.2362,-192.695,37.2447,37.2447,159.283,159.283,-275.776,-275.776,81.0983,40.9555,8.962,-213.499,1005.83,-2938.28,-2209.8,5488.5,-8.962,1185.15,-268.605,-278.881,165.3,165.3,81.3772,81.3772,141.494,291.885,-467.365,6.26723,27.2776,27.2776,125.744,176.544,-140.989,91.6381,17.8462,17.8462,38.8401,38.2926,244.822,244.822,319.09,105.234,243.755,-70.6478,179.624,-183.394,-183.394,100.981,113.781,0,112.017,200.421,0,98.0624,-286.747,-286.747,-128.008,16.3572,-111.477,-112.297,-120.879,-6.24764,6.30671,179.327,-30.6034,-566.836,-192.775,-82.1075,-82.1075,36.8367,186.291,186.291,7.54946,8.1919,-505.917,0,48.5745,48.5745,0,462.722,0,144.781,0,-124.981,0,37.7585,-81.4642,-31.5106,-76.086,-76.086,0,-39.7015,-39.7015,-49.0375,0,0.677805,417.178,417.178,417.178,0.80437,0,0,0,26.5266,26.5266,26.5266,0,-34.8087,-12.039,-12.039,-8.40237,501.436,-8.602,-8.602,2.06692,7.54102,0.826932,-37.075,17.9371,17.7851,7.27576,0,-4.93407,0,-232.965,-232.965,-232.965,0,0,0,0,9.78923,619.525,98.2005,98.2005,-187.576,-434.207,-46.2758,-67.0036,0,150.847,-220.016,-59.7308,-469.666,-359.338,-861.545,-562.596,63.6023,13.0502,322.978,322.978,670.893,202.99,101.576,1662.43,1280.5,57.9,83.9095,203.901,976.918,374.855,419.879,-324.017,271.726,2862.07,-3632.69,-1517.43,7580.82,538.144,-931.27,723.114,3.73769,503.195,-121.192,232.337,91.3027,380.236,80.4514,305.548,-125.27,-125.27,137.589,214.315,214.315,727.217,65.0734,0,308.6,-46.7818,-425.45,0,0
2020-08-06 15:00:00 UTC,-207.333,-115.643,406.901,-67.1587,-67.1587,-91.1913,107.72,179.708,-298.465,-298.465,614.119,201.506,-934.451,-54.9759,77.1097,211.97,531.063,116.426,-421.16,-68.6969,-15.8455,-137.84,-137.84,-260.818,-361.796,-128.307,-19.0342,13.0734,19.2844,175.854,-95.3652,-95.3652,-214.196,-123.21,-123.21,-300.793,147.127,184.012,-934.783,-934.783,198.25,462.954,420.946,213.081,233.063,-332.567,-1234.56,-1258.52,-1248.75,13.4084,-109.583,-109.583,29.0728,-53.6706,-64.4754,9.74252,9.74252,-250.427,158.624,72.3981,229.475,-184.078,-97.6973,152.868,152.868,-10.921,-28.7647,134.623,134.623,21.2026,364.121,-252.871,-132.691,-132.691,3.84317,3.84317,0.755436,1.1004,1.1417,-7.89535,-4.98675,15.6733,-1.16521,-1.19435,-1.15405,-4.81169,3.69261,80.5147,80.5147,9.75958,9.75958,11.2963,11.2963,-82.0626,-82.0626,-82.0626,31.0213,31.0213,4.66532,-34.1367,-15.0539,-15.0539,15.4098,15.4098,-79.6555,-17.9168,-213.081,-9.7811,-9.7811,-166.711,-166.711,-166.711,541.446,-133.6,-133.6,-139.821,-139.821,-4.65333,42.8732,42.8732,-10.6976,-10.6976,-671.419,-671.419,580.363,580.363,0,-30.5554,-240.708,-100.402,288.073,288.073,-189.28,1123.94,603.684,-195.439,-666.842,-666.842,145.904,145.904,-579.69,-579.69,55.1434,147.107,209.996,729.065,252.433,252.433,-152.82,-152.82,-152.82,522.927,522.927,-576.751,-8.54882e-10,-8.54882e-10,229.381,-409.23,-409.23,551.997,-211.54,67.4915,0,298.966,203.37,-547.265,-412.192,-412.192,-72.8114,16.2709,-17.4799,-358.307,-358.307,73.3838,63.7116,63.7116,1322.15,-233.969,-1322.15,877.388,895.463,864.723,-1256.15,497.922,-337.224,1234.56,1258.52,1248.75,-755.858,-6.30565,-76.0563,571.305,1981.75,92.5636,2003.28,5116.23,2723.74,2723.74,193.985,-1084,180.532,213.155,154.531,-109.712,205.626,-157.056,-176.343,-178.407,219.792,216.975,220.636,-156.977,70.0287,70.0287,-152.676,456.347,456.347,-1065.97,192.663,191.909,-155.511,160.35,437.745,904.312,904.312,358.148,721.15,786.171,2296.35,-719.311,486.632,-358.148,-4.88594,583.801,872.213,513.648,510.745,4.88594,-600.961,-652.122,165.7,140.036,191.25,84.4837,-30.064,232.758,106.082,106.073,-57.5862,121.299,-94.8573,-123.041,59.5177,-582.899,-721.15,-631.978,-786.171,-99.474,-99.474,-75.3622,-199.614,37.5152,37.5152,164.696,164.696,-293.786,-293.786,109.907,45.7211,10.7393,-223.526,1044.24,-3147.43,-2340.67,5635.25,-10.7393,1291.98,-317.608,-298.933,197.267,197.267,109.307,109.307,131.038,308.316,-528.922,3.88526,34.8103,34.8103,168.242,180.122,-36.3852,123.929,23.1037,23.1037,49.6965,48.9984,271.858,271.858,356.666,117.653,279.982,-46.1578,244.888,-204.79,-204.79,114.388,129.033,0,115.07,205.924,0,110.789,-293.021,-293.021,-149.992,40.6228,-125.74,-126.653,-135.566,1.17217,12.8239,210.547,-32.9005,-585.041,-201.004,-87.8108,-87.8108,33.4116,198.918,198.918,8.9234,9.60355,-518.877,0,40.6895,40.6895,0,536.306,0,160.205,0,-137.175,0,38.1175,-81.4101,-34.2321,-83.3365,-83.3365,0,-42.4232,-42.4232,-52.4885,0,0.989988,504.884,504.884,504.884,0.993228,0,0,0,33.1433,33.1433,33.1433,0,-36.381,-11.8963,-11.8963,-7.68635,564.416,-8.24917,-8.24917,3.9095,9.6552,2.10553,-41.8021,19.951,19.7831,8.50107,0,-2.62795,0,-239.989,-239.989,-239.989,0,0,0,0,15.476,705.093,107.896,107.896,-168.768,-484.072,-35.312,-50.8817,0,185.447,-235.31,-63.5429,-449.248,-296.413,-883.735,-605.923,84.5702,17.4799,357.593,357.593,747.519,255.988,117.37,1986.33,1390.52,61.8311,89.6921,217.898,1052.32,393.348,444.605,-338.746,296.727,3085.52,-3699.35,-1550.51,7786.71,615.473,-922.224,720.391,24.3816,557.055,-116.368,236.769,110.579,305.24,92.4534,313.933,-137.283,-137.283,164.571,219.607,219.607,806.256,91.1913,0,333.205,-44.9355,-435.208,0,0
2020-08-06 16:00:00 UTC,-215.712,-118.571,402.428,-60.416,-60.416,-112.909,104.153,173.379,-299.446,-299.446,675.119,228.722,-1008.6,-55.0368,90.523,222.565,583.026,128.149,-454.319,-76.7229,-31.3593,-150.804,-150.804,-278.517,-379.353,-134.72,-20.1076,14.546,17.348,190.494,-103.268,-103.268,-235.511,-137.248,-137.248,-327.401,167.013,208.66,-1041.97,-1041.97,225.613,505.853,456.473,230.153,263.792,-373.729,-1405.26,-1432.26,-1422.3,14.9255,-120.734,-120.734,32.6755,-59.0572,-71.9746,11.0212,11.0212,-275.461,178.494,82.5161,256.896,-203.336,-107.087,169.465,169.465,-11.7632,-30.3158,140.572,140.572,22.9234,392.081,-273.008,-145.233,-145.233,3.9507,3.9507,0.830245,1.16533,1.29103,-8.71914,-5.38175,17.0597,-1.19549,-1.223,-1.30874,-5.18692,3.64945,88.9603,88.9603,10.8641,10.8641,12.5463,12.5463,-90.1248,-90.1248,-90.1248,32.5752,32.5752,4.12268,-37.4584,-16.0887,-16.0887,16.8046,16.8046,-89.7508,-19.3334,-230.153,-11.6317,-11.6317,-180.593,-180.593,-180.593,590.162,-145.481,-145.481,-152.106,-152.106,-3.77642,47.5425,47.5425,-9.44663,-9.44663,-720.87,-720.87,626.641,626.641,0,-32.3905,-258.423,-106.191,310.076,310.076,-203.904,1230.33,660.079,-210.459,-716.928,-716.928,158.855,158.855,-624.542,-624.542,59.7165,158.174,262.218,728.389,274.021,274.021,-165.473,-165.473,-165.473,579.258,579.258,-621.454,-1.00193e-09,-1.00193e-09,248.071,-446.624,-446.624,603.777,-234.646,68.2242,0,327.763,209.053,-603.438,-451.085,-451.085,-82.2324,12.8399,-21.6135,-386.156,-386.156,67.198,59.7637,59.7637,1505.96,-262.66,-1505.96,962.006,981.721,945.997,-1393.26,555.774,-371.928,1405.26,1432.26,1422.3,-786.201,-4.74346,-100.349,616.892,2109.34,108.301,2132.31,5465.22,2913.06,2913.06,194.6,-1165.85,205.67,217.432,161.411,-112.931,221.933,-163.667,-188.756,-190.583,233.345,230.455,234.245,-165.44,80.903,80.903,-160.905,483.849,483.849,-1136.61,226.432,205.6,-163.767,169.382,458.307,995.203,995.203,375.827,756.249,824.319,2389.82,-734.896,525.116,-375.827,-5.43593,642.376,921.737,542.856,539.828,5.43593,-624.574,-677.461,172.465,145.887,199.12,88.9574,-32.5212,256.013,110.987,110.979,-61.46,137.782,-99.3887,-128.771,61.2808,-604.787,-756.249,-655.392,-824.319,-101.772,-101.772,-77.6255,-204.24,37.5792,37.5792,168.28,168.28,-306.849,-306.849,133.137,49.1522,12.7244,-230.656,1069.44,-3298.43,-2436.04,5714.9,-12.7244,1373.73,-356.569,-313.828,222.298,222.298,131.861,131.861,121.911,321.824,-578.383,2.62704,42.0145,42.0145,200.036,184.163,41.4276,145.925,28.1899,28.1899,59.1889,58.3596,293.195,293.195,386.364,127.093,309.279,-27.655,298.329,-223.901,-223.901,126.468,142.759,0,118.477,212.687,0,122.133,-300.978,-300.978,-169.023,59.99,-137.88,-138.871,-148.849,7.88852,18.7085,232.214,-33.9841,-598.612,-204.628,-91.9999,-91.9999,27.9461,207.766,207.766,10.1474,10.8546,-523.619,0,32.0981,32.0981,0,595.269,0,171.196,0,-144.892,0,38.4402,-76.9212,-35.6962,-89.2001,-89.2001,0,-43.9463,-43.9463,-55.9984,0,1.23745,578.169,578.169,578.169,1.17652,0,0,0,38.8418,38.8418,38.8418,0,-38.5909,-12.2798,-12.2798,-7.90141,618.876,-8.35418,-8.35418,5.70712,10.8968,2.79544,-42.8062,21.7742,21.5913,9.72427,-1.8665e-12,-0.00138555,0,-243.414,-243.414,-243.414,0,0,0,0,20.6345,775.473,115.32,115.32,-151.75,-521.005,-23.6039,-33.6907,0,206.725,-245.798,-66.0608,-421.372,-233.433,-893.759,-637.972,102.427,21.6135,385.075,385.075,808.587,302.966,130.589,2247.83,1473.91,64.6995,93.9292,228.16,1104.91,406.523,462.632,-348.911,314.01,3246.43,-3717.62,-1560.22,7898.03,679.427,-915.103,716.667,38.8414,603.929,-112.747,243.193,125.125,251.297,105.337,322.028,-146.738,-146.738,187.726,226.103,226.103,878.977,112.909,0,344.456,-42.046,-437.959,0,0
2020-08-06 17:00:00 UTC,-220.863,-119.507,388.661,-52.4801,-52.4801,-135.132,97.3678,162.089,-294.347,-294.347,724.825,252.55,-1067.62,-53.4207,102.729,229.279,625.582,137.77,-480.863,-83.7072,-47.2432,-161.352,-161.352,-291.565,-390.203,-138.754,-20.9343,15.7057,14.8572,201.867,-109.406,-109.406,-252.083,-148.209,-148.209,-348.861,187.096,233.509,-1145.19,-1145.19,251.974,545.164,485.533,244.014,291.141,-410.074,-1575.32,-1605.3,-1595.34,17.0049,-130.747,-130.747,35.5461,-64.471,-83.876,11.6809,11.6809,-300.367,191.854,90.7787,280.591,-223.201,-116.589,184.237,184.237,-11.9422,-30.0609,143.533,143.533,23.4081,413.741,-290.958,-156.918,-156.918,3.41256,3.41256,0.859931,1.17059,1.46098,-9.42964,-5.32898,18.7705,-1.25877,-1.28279,-1.5984,-5.68352,3.50433,95.6579,95.6579,12.6479,12.6479,14.5639,14.5639,-96.6501,-96.6501,-96.6501,33.2851,33.2851,2.48923,-41.526,-16.6473,-16.6473,18.1503,18.1503,-98.3037,-20.8012,-244.014,-13.326,-13.326,-193.312,-193.312,-193.312,635.605,-156.681,-156.681,-162.949,-162.949,-3.00524,51.7723,51.7723,-6.72393,-6.72393,-764.889,-764.889,667.109,667.109,0,-33.187,-273.892,-111.296,329.186,329.186,-218.118,1329.38,712.475,-224.316,-762.189,-762.189,170.18,170.18,-664.83,-664.83,63.6905,167.784,315.927,716.757,294.233,294.233,-177.02,-177.02,-177.02,632.682,632.682,-661.947,-3.26092e-09,-3.26092e-09,266.169,-481.953,-481.953,653.396,-256.909,67.735,0,354.807,211.889,-655.701,-487.627,-487.627,-90.4021,9.83871,-24.344,-410.578,-410.578,58.4602,53.6771,53.6771,1689.33,-290.008,-1689.33,1040.75,1061.97,1021.16,-1523.59,613.4,-403.898,1575.32,1605.3,1595.34,-806.361,-1.03038,-125.273,657.492,2213.51,123.244,2238.32,5751.29,3067.98,3067.98,192.705,-1237.25,226.582,218.819,166.448,-115.644,235.638,-169.017,-199.157,-200.757,244.373,241.427,245.318,-172.317,91.2588,91.2588,-167.586,507.889,507.889,-1196.49,257.001,217.516,-170.455,176.571,474.451,1078.53,1078.53,390.001,782.444,852.775,2456.53,-740.588,559.325,-390.001,-6.34408,696.103,957.946,564.204,561.09,6.34408,-641.978,-696.113,176.895,149.789,204.598,92.1453,-34.438,276.932,114.352,114.344,-64.4378,153.803,-102.506,-132.677,62.4726,-620.87,-782.444,-672.571,-852.775,-103.09,-103.09,-79.3082,-206.851,37.4097,37.4097,170.055,170.055,-316.093,-316.093,155.772,51.9918,13.9796,-235.47,1082.33,-3405.71,-2504.09,5757.4,-13.9796,1447.19,-391.345,-326.009,244.45,244.45,153.875,153.875,112.328,334.723,-624.57,1.33203,49.7273,49.7273,228.932,188.133,110.857,164.179,33.611,33.611,68.8015,67.8398,311.894,311.894,412.827,135.483,336.369,-8.11961,351.15,-241.771,-241.771,137.909,155.784,0,120.777,217.801,0,132.866,-306.474,-306.474,-187.282,79.2057,-149.155,-150.216,-161.385,15.0114,24.7663,250.158,-34.3696,-603.973,-207.329,-95.1962,-95.1962,23.6721,212.343,212.343,11.2747,11.9989,-519.531,0,22.2039,22.2039,0,641.805,0,179.925,0,-149.782,0,38.708,-71.6919,-36.4594,-93.6808,-93.6808,0,-44.7805,-44.7805,-58.9979,0,1.56248,652.007,652.007,652.007,1.33439,0,0,0,44.6958,44.6958,44.6958,0,-39.164,-11.7558,-11.7558,-6.82511,668.953,-7.82361,-7.82361,7.39024,12.9643,3.84184,-44.2538,23.2437,23.0496,10.7929,-2.27484e-09,2.30816,0,-243.84,-243.84,-243.84,0,0,0,0,22.549,839.253,121.493,121.493,-124.595,-553.744,-9.37962,-12.8259,0,233.203,-252.82,-67.7632,-381.982,-165.756,-894.284,-663.827,118.032,24.344,409.192,409.192,859.572,348.873,143.149,2463.83,1533.43,66.6472,96.8253,235.183,1136.68,415.2,472.649,-355.806,323.779,3352.74,-3730.03,-1566.72,7957.52,738.378,-908.65,711.975,53.3631,647.554,-109.134,249.101,137.605,204.011,118.872,330.038,-155.048,-155.048,209.158,230.638,230.638,947.852,135.132,0,347.937,-39.9984,-434.864,0,0
2020-08-06 18:00:00 UTC,-224.282,-119.616,372.085,-43.6965,-43.6965,-157.443,89.985,149.803,-283.582,-283.582,762.642,274.674,-1114,-54.8805,114.802,230.739,665.797,146.877,-501.288,-89.2941,-61.8332,-172.581,-172.581,-301.687,-395.553,-140.885,-21.6284,16.6997,11.4062,211.418,-114.378,-114.378,-264.747,-156.335,-156.335,-367.036,206.938,258.018,-1240.91,-1240.91,277.938,578.59,508.693,254.983,317.577,-444.435,-1737.5,-1770.29,-1760.49,20.4099,-140.984,-140.984,40.4153,-71.022,-101.494,11.4739,11.4739,-325.587,198.247,98.5287,302.413,-241.244,-125.049,197.649,197.649,-11.8276,-28.9737,144.793,144.793,23.3081,430.377,-306.154,-165.289,-165.289,2.5902,2.5902,0.902005,1.17174,1.66892,-10.0572,-5.0944,20.696,-1.29277,-1.31503,-1.90737,-6.2283,3.21499,101.248,101.248,14.8392,14.8392,17.036,17.036,-102.373,-102.373,-102.373,33.2698,33.2698,0.211359,-46.2088,-16.9504,-16.9504,19.549,19.549,-106.089,-22.3873,-254.983,-14.6757,-14.6757,-204.495,-204.495,-204.495,676.499,-166.305,-166.305,-172.394,-172.394,-2.47368,55.3038,55.3038,-4.03444,-4.03444,-801.974,-801.974,701.686,701.686,0,-33.6253,-287.077,-115.865,345.529,345.529,-230.665,1418.83,759.701,-236.683,-800.456,-800.456,179.656,179.656,-698.83,-698.83,67.1689,175.953,367.712,699.521,312.641,312.641,-187.364,-187.364,-187.364,681.355,681.355,-696.059,2.09271e-10,2.09271e-10,283.266,-513.99,-513.99,699.351,-277.52,66.1989,0,379.195,212.492,-702.57,-520.533,-520.533,-96.7129,7.80276,-28.3189,-431.344,-431.344,48.0904,46.2032,46.2032,1864.52,-314.795,-1864.52,1111.2,1133.74,1087.97,-1642.01,668.376,-432.415,1737.5,1770.29,1760.49,-817.624,4.87297,-148.454,692.433,2296.62,136.649,2323.59,5980.81,3191.76,3191.76,189.642,-1296.72,242.674,218.082,170.653,-116.921,247.053,-173.548,-207.856,-209.24,252.855,249.884,253.837,-177.899,100.2,100.2,-173.018,528.09,528.09,-1245.34,282.707,227.861,-175.881,182.633,487.019,1151.21,1151.21,400.944,801.361,873.317,2501.46,-740.134,588.602,-400.944,-7.28962,743.329,983.488,579.259,576.087,7.28962,-654.461,-709.478,179.505,152.207,208.506,94.4098,-35.7821,295.473,116.527,116.518,-66.6816,168.282,-104.532,-135.119,64.3318,-632.386,-801.361,-684.857,-873.317,-103.823,-103.823,-80.3101,-207.892,37.1933,37.1933,170.866,170.866,-322.477,-322.477,176.854,54.1352,14.6854,-238.738,1089.65,-3482.13,-2549.94,5782.3,-14.6854,1510.5,-420.719,-335.866,263.224,263.224,174.113,174.113,103.347,346.204,-666.329,0.0241764,56.9896,56.9896,256.081,191.738,176.59,181.041,38.3832,38.3832,77.3012,76.2228,327.724,327.724,435.429,142.583,360.265,12.5838,398.922,-255.407,-255.407,146.953,166.126,0,120.461,218.298,0,141.513,-306.466,-306.466,-202.631,98.6772,-158.749,-159.869,-171.142,21.1173,29.7404,266.756,-34.5953,-604.459,-209.863,-97.6981,-97.6981,20.8148,214.784,214.784,12.2584,12.9907,-508.866,0,11.7123,11.7123,0,677.884,0,179.98,0,-152.373,0,38.9436,-65.575,-36.5672,-97.3906,-97.3906,0,-45.0655,-45.0655,-62.0249,0,1.94488,722.876,722.876,722.876,1.48231,0,0,0,50.7838,50.7838,50.7838,0,-38.9875,-10.9137,-10.9137,-5.1804,708.689,-7.01197,-7.01197,8.61909,14.9523,5.33988,-45.1007,24.4741,24.271,11.5643,0,3.8999,0,-242.41,-242.41,-242.41,0,0,0,0,28.6727,894.869,126.477,126.477,-91.6281,-581.784,6.20036,10.0142,0,262.377,-257.036,-68.8392,-336.557,-99.501,-889.011,-684.65,131.347,28.3189,429.733,429.733,900.221,390.738,154.273,2639.24,1571.85,67.8451,98.6559,239.651,1145.84,420.097,476.742,-359.696,329.405,3417.19,-3738.37,-1571.16,7992.51,790.409,-903.264,706.903,67.5476,686.628,-105.763,254.118,148.184,159.873,131.542,337.12,-162.095,-162.095,227.987,231.048,231.048,1001.54,157.443,0,349.809,-38.3943,-427.859,0,0
2020-08-06 19:00:00 UTC,-224.875,-118.385,349.61,-35.1236,-35.1236,-175.893,80.8722,134.745,-269.173,-269.173,784.111,290.987,-1141.31,-56.2686,124.409,228.1,694.233,153.326,-513.543,-93.0069,-73.4132,-181.213,-181.213,-308.534,-395.22,-141.025,-22.1675,17.488,7.10836,218.765,-118.054,-118.054,-273.407,-161.632,-161.632,-379.535,221.274,275.701,-1311.74,-1311.74,297.218,604.102,523.085,261.761,337.802,-471.282,-1860.38,-1895.28,-1885.7,22.9458,-149.586,-149.586,40.3848,-76.2588,-112.116,11.1652,11.1652,-343.396,201.963,104.412,315.157,-255.691,-131.701,204.073,204.073,-11.1264,-26.4447,143.732,143.732,22.1559,439.452,-315.893,-170.255,-170.255,1.37799,1.37799,0.899077,1.13185,1.98681,-10.6092,-3.92546,22.8228,-1.27007,-1.29384,-2.20035,-6.76854,2.97538,104.588,104.588,18.5505,18.5505,21.2277,21.2277,-107.07,-107.07,-107.07,32.4243,32.4243,-2.82449,-51.0295,-16.6704,-16.6704,20.4316,20.4316,-111.618,-23.8388,-261.761,-15.5071,-15.5071,-211.926,-211.926,-211.926,704.114,-172.488,-172.488,-178.677,-178.677,-2.166,57.731,57.731,-2.11466,-2.11466,-826.309,-826.309,724.419,724.419,0,-33.8875,-295.783,-118.718,356.197,356.197,-239.001,1479.93,791.908,-245.115,-825.612,-825.612,186.11,186.11,-721.236,-721.236,69.5727,181.306,407.698,681.868,325.207,325.207,-194.776,-194.776,-194.776,717.26,717.26,-718.441,-3.17619e-09,-3.17619e-09,295.631,-537.029,-537.029,732.71,-293.028,64.006,0,396.743,211.01,-736.94,-544.096,-544.096,-101.19,5.98467,-30.3915,-444.385,-444.385,38.8434,39.3973,39.3973,1997.19,-333.036,-1997.19,1161.89,1185.38,1135.81,-1728.88,709.689,-452.793,1860.38,1895.28,1885.7,-820.951,10.8393,-166.655,715.054,2343.44,146.001,2372.48,6110.2,3260.94,3260.94,185.615,-1336.43,252.659,215.324,172.633,-117.51,254.062,-176.039,-213.125,-214.367,257.508,254.533,258.51,-181.201,106.843,106.843,-176.229,541.102,541.102,-1276.42,300.839,234.508,-179.08,186.043,493.573,1201.08,1201.08,406.858,809.535,882.182,2519.78,-732.59,607.432,-406.858,-8.33283,774.47,993.358,585.069,581.879,8.33283,-659.913,-715.308,179.963,152.857,210.303,95.4073,-36.1959,307.816,117.203,117.195,-67.7765,178.585,-105.18,-135.741,65.8504,-637.429,-809.535,-690.231,-882.182,-104.02,-104.02,-80.8578,-208.299,37.1912,37.1912,171.027,171.027,-324.893,-324.893,191.787,55.5707,15.0227,-240.12,1095.29,-3506.01,-2569.33,5803.14,-15.0227,1551.88,-439.087,-341.514,274.921,274.921,188.914,188.914,96.5391,354.127,-694.489,-0.861212,62.6523,62.6523,273.718,193.604,217.202,190.688,42.106,42.106,83.6549,82.4895,337.65,337.65,450.009,147.306,376.436,29.9205,434.989,-264.371,-264.371,153.076,173.169,0,118.741,216.432,0,147.434,-303.525,-303.525,-213.483,114.669,-165.172,-166.331,-177.648,26.1441,33.6579,275.83,-34.1765,-598.657,-210.783,-98.9081,-98.9081,19.0598,213.802,213.802,13.0532,13.7881,-495.902,0,2.24918,2.24918,0,697.198,0,175.838,0,-152.536,0,39.1303,-58.6108,-36.0188,-100.208,-100.208,0,-44.817,-44.817,-65.0375,0,2.21947,777.008,777.008,777.008,1.60476,0,0,0,55.0428,55.0428,55.0428,0,-37.4028,-9.37453,-9.37453,-2.75599,733.498,-5.81315,-5.81315,9.54161,16.3523,6.86622,-47.2558,24.9481,24.7428,11.9781,0,4.82116,0,-240.088,-240.088,-240.088,0,0,0,0,31.0202,930.702,129.385,129.385,-61.8769,-600.971,19.4107,29.3712,0,286.138,-258.484,-69.2776,-296.415,-50.5821,-880.972,-696.362,139.327,30.3915,442.629,442.629,923.635,419.951,162,2734.29,1582.87,68.1141,99.1546,240.921,1128.05,422.048,474.917,-361.822,328.139,3426.45,-3747.01,-1575.55,8021.79,824.846,-902.921,702.474,77.4457,713.276,-102.798,256.518,154.31,132.509,140.308,341.705,-166.546,-166.546,240.451,228.587,228.587,1036.36,175.893,0,345.15,-38.0178,-419.181,0,0
2020-08-06 20:00:00 UTC,-225.398,-117.684,333.182,-29.9203,-29.9203,-187.977,74.0961,123.65,-259.73,-259.73,798.328,301.429,-1159.11,-56.6952,130.496,227.001,712.33,157.434,-521.664,-95.4136,-80.4491,-186.864,-186.864,-313.523,-394.246,-140.871,-22.573,18.0878,3.58943,224.315,-120.637,-120.637,-278.699,-164.542,-164.542,-387.793,229.8,286.207,-1352.43,-1352.43,309.239,617.865,532.176,266.042,351.154,-489.291,-1931.62,-1967.72,-1958.35,23.9378,-154.021,-154.021,41.1865,-78.7069,-116.404,11.3456,11.3456,-352.678,207.53,108.536,322.563,-263.098,-135.069,207.076,207.076,-11.0618,-25.8728,143.929,143.929,22.0527,445.782,-321.508,-173.45,-173.45,1.012,1.012,0.920595,1.13703,2.11184,-10.9191,-3.68072,23.5409,-1.28389,-1.30693,-2.32394,-6.97149,2.85258,107.184,107.184,19.8066,19.8066,22.6403,22.6403,-109.927,-109.927,-109.927,31.9243,31.9243,-3.72419,-52.7171,-16.7536,-16.7536,20.8441,20.8441,-115.76,-24.3863,-266.042,-15.9052,-15.9052,-216.193,-216.193,-216.193,720.26,-175.728,-175.728,-182.418,-182.418,-2.05983,59.3372,59.3372,-1.33887,-1.33887,-840.423,-840.423,737.628,737.628,0,-34.3293,-300.915,-120.156,362.274,362.274,-243.408,1515.97,810.895,-250.014,-840.054,-840.054,190.181,190.181,-734.306,-734.306,71.0381,184.355,432.463,669,332.676,332.676,-199.13,-199.13,-199.13,739.297,739.297,-731.299,-9.10392e-10,-9.10392e-10,303.426,-550.742,-550.742,752.492,-302.832,61.3491,0,406.579,208.428,-757.599,-558.056,-558.056,-104.033,4.54751,-30.8526,-452.034,-452.034,32.5497,34.6998,34.6998,2074.52,-343.698,-2074.52,1190.71,1214.71,1162.98,-1779.49,735.09,-463.449,1931.62,1967.72,1958.35,-820.535,15.1508,-177.532,727.564,2366.09,151.406,2396.37,6173.16,3294.17,3294.17,182.421,-1359.37,258.156,212.799,173.993,-116.229,257.73,-177.044,-215.801,-216.968,259.772,256.798,260.784,-182.852,110.986,110.986,-177.831,547.976,547.976,-1293.99,311.579,238.183,-180.672,188.429,496.339,1230.27,1230.27,409.905,812.164,885.025,2520.65,-725.403,618.646,-409.905,-9.31229,793.381,995.443,586.29,583.101,9.31229,-661.767,-717.286,179.382,152.438,210.211,95.4005,-36.6152,314.892,117.043,117.035,-68.2309,185.403,-105.037,-135.508,66.0017,-639.166,-812.164,-692.08,-885.025,-103.509,-103.509,-80.901,-207.057,36.8378,36.8378,169.828,169.828,-325.083,-325.083,201.677,56.2334,15.1012,-239.826,1086.87,-3514.32,-2570.26,5771.53,-15.1012,1574.24,-449.564,-344.512,281.473,281.473,197.929,197.929,91.7886,359.053,-711.866,-1.59671,66.615,66.615,283.913,194.783,239.589,195.312,44.6558,44.6558,87.8198,86.5973,343.281,343.281,458.394,150.047,385.934,40.6735,457.55,-270.109,-270.109,156.985,177.666,0,117.704,215.448,0,151.221,-302.01,-302.01,-220.307,124.502,-169.118,-170.299,-181.788,29.459,36.2337,280.121,-33.6302,-593.031,-210.867,-99.3881,-99.3881,18.0259,213.367,213.367,13.7196,14.4621,-490.946,0,-3.59417,-3.59417,0,708.06,0,174.285,0,-152.34,0,39.2757,-52.6333,-35.5116,-102.318,-102.318,0,-44.5387,-44.5387,-67.4,0,2.35368,808.378,808.378,808.378,1.68653,0,0,0,57.5082,57.5082,57.5082,0,-37.2617,-8.92569,-8.92569,-2.02401,748.514,-5.45033,-5.45033,10.0543,17.075,7.36086,-47.0884,25.4017,25.1932,12.1332,0,5.13904,0,-238.139,-238.139,-238.139,0,0,0,0,30.2224,952.142,130.834,130.834,-40.3486,-611.543,28.1194,42.1201,0,305.436,-258.966,-69.2827,-267.828,-20.8132,-874.597,-702.835,143.551,30.8526,450.199,450.199,935.664,437.308,167.034,2782.18,1581.88,67.9856,98.9923,240.545,1119.87,419.919,471.703,-361.067,324.466,3418.97,-3732.89,-1568.47,7977.47,845.817,-905.815,698.411,84.439,728.945,-100.869,257.756,157.332,117.647,145.949,344.382,-169.111,-169.111,247.901,226.997,226.997,1059.03,187.977,0,338.984,-37.9455,-412.578,0,0
2020-08-06 21:00:00 UTC,-226.249,-117.468,320.3,-26.9796,-26.9796,-197.366,68.4293,114.472,-252.083,-252.083,810.399,308.958,-1173.61,-55.9033,134.687,227.411,724.81,160.269,-528.31,-97.3774,-85.5735,-191.392,-191.392,-318.374,-394.591,-141.171,-22.9416,18.6356,0.840537,229.441,-122.824,-122.824,-282.42,-166.223,-166.223,-394.192,235.48,293.202,-1380.78,-1380.78,317.541,628.241,539.505,269.492,360.755,-502.284,-1981.57,-2018.51,-2009.3,24.3949,-157.108,-157.108,41.9243,-80.2269,-118.851,11.535,11.535,-358.842,212.098,111.617,327.032,-268.036,-137.297,208.28,208.28,-11.1279,-25.7371,144.351,144.351,22.1645,451.066,-325.476,-175.517,-175.517,0.825177,0.825177,0.952615,1.15913,2.17792,-11.1319,-3.69114,23.9865,-1.29897,-1.32119,-2.40583,-7.10157,2.77142,109.458,109.458,20.3131,20.3131,23.2076,23.2076,-112.044,-112.044,-112.044,31.7729,31.7729,-4.19512,-53.7993,-16.9201,-16.9201,21.2145,21.2145,-119.086,-24.764,-269.492,-15.9877,-15.9877,-218.993,-218.993,-218.993,731.3,-177.391,-177.391,-185.006,-185.006,-2.16045,60.5794,60.5794,-1.1709,-1.1709,-850.529,-850.529,747.156,747.156,0,-34.9051,-304.836,-121.253,366.605,366.605,-246.355,1540.32,823.711,-253.873,-850.232,-850.232,193.299,193.299,-743.604,-743.604,71.8621,186.504,449.668,659.861,338.018,338.018,-202.225,-202.225,-202.225,754.055,754.055,-740.193,-9.22511e-10,-9.22511e-10,309.424,-560.429,-560.429,766.59,-310.089,58.5959,0,413.073,206.227,-772.544,-567.714,-567.714,-105.81,3.97966,-32.1623,-457.714,-457.714,27.7834,31.1439,31.1439,2129.34,-351.057,-2129.34,1210.65,1235.01,1181.78,-1814.68,752.715,-471.542,1981.57,2018.51,2009.3,-819.408,18.4584,-184.689,736.651,2381.86,155.191,2412.6,6217.5,3317.34,3317.34,180.174,-1374.79,261.127,210.926,175.878,-113.495,260.305,-177.698,-217.661,-218.77,261.199,258.234,262.218,-183.979,113.627,113.627,-178.935,552.373,552.373,-1305.94,318.067,240.867,-181.768,190.998,498.341,1250.45,1250.45,411.775,813.653,886.643,2520.25,-720.607,626.666,-411.775,-10.0636,806.929,996.904,587.144,583.956,10.0636,-662.72,-718.306,179.101,152.265,210.063,95.4191,-36.606,319.649,116.911,116.902,-68.263,190.21,-104.914,-135.357,65.1894,-640.038,-813.653,-693.01,-886.643,-103.237,-103.237,-81.2439,-206.825,36.5206,36.5206,168.991,168.991,-324.848,-324.848,208.435,56.9127,15.4004,-239.569,1080.01,-3517.05,-2570.88,5744.71,-15.4004,1589.2,-456.732,-346.629,285.898,285.898,204.334,204.334,88.2801,362.514,-724.287,-2.13513,69.5092,69.5092,290.579,196.104,252.252,197.93,46.5554,46.5554,90.8959,89.6312,347.341,347.341,464.383,151.956,392.753,48.5738,473.606,-274.07,-274.07,159.763,180.869,0,116.714,214.472,0,153.943,-300.759,-300.759,-225.174,131.687,-171.968,-173.166,-184.704,31.8227,38.0359,282.501,-33.0028,-589.474,-211.485,-99.7731,-99.7731,17.8565,213.686,213.686,14.4374,15.1968,-494.999,0,-6.76968,-6.76968,0,714.188,0,175.565,0,-152.701,0,39.4143,-48.2719,-35.2073,-104.256,-104.256,0,-44.402,-44.402,-69.3276,0,2.42799,830.372,830.372,830.372,1.7492,0,0,0,59.1464,59.1464,59.1464,0,-37.4171,-8.72121,-8.72121,-1.65035,758.766,-5.2649,-5.2649,10.3536,17.6022,7.67723,-46.7006,25.8624,25.6504,12.0784,0,4.83779,0,-236.67,-236.67,-236.67,0,0,0,0,32.3178,967.955,131.831,131.831,-23.9265,-619.009,34.6257,51.6405,0,316.458,-259.326,-69.3603,-249.561,0.693731,-869.738,-708.316,146.697,32.1623,455.871,455.871,943.752,449.673,170.611,2817.69,1584.5,67.9116,98.8799,240.271,1117.73,419.787,468.838,-361.681,323.921,3403.51,-3719.98,-1562.08,7939.84,860.846,-909.198,695.151,89.4135,740.091,-99.7817,258.817,159.207,108.336,149.89,345.819,-170.93,-170.93,253.534,225.649,225.649,1075.93,197.366,0,331.79,-37.7082,-407.676,0,0
2020-08-06 22:00:00 UTC,-226.925,-117.573,312.16,-26.9487,-26.9487,-202.675,64.4661,107.971,-246.787,-246.787,817.086,311.588,-1180.82,-53.1666,135.917,229.187,727.517,160.884,-531.95,-98.5177,-88.257,-193.703,-193.703,-321.747,-395.704,-141.689,-23.1804,18.9915,-0.610063,232.816,-124.061,-124.061,-283.624,-166.245,-166.245,-397.182,236.922,294.977,-1390.37,-1390.37,320.124,633.178,543.184,271.229,364.396,-507.517,-1998.4,-2035.62,-2026.5,24.2738,-158.282,-158.282,41.9848,-80.5727,-118.855,11.6634,11.6634,-360.557,214.341,112.871,327.46,-269.585,-137.993,207.415,207.415,-11.2378,-25.8856,144.748,144.748,22.3488,453.79,-326.683,-175.465,-175.465,0.798395,0.798395,0.981778,1.19105,2.20138,-11.2164,-3.80502,24.1057,-1.30439,-1.32631,-2.43026,-7.13732,2.78768,110.777,110.777,20.3177,20.3177,23.2121,23.2121,-113.083,-113.083,-113.083,31.9169,31.9169,-4.24782,-54.1158,-17.0869,-17.0869,21.3936,21.3936,-120.768,-24.8939,-271.229,-15.7069,-15.7069,-219.754,-219.754,-219.754,734.967,-177.31,-177.31,-185.755,-185.755,-2.46977,61.046,61.046,-1.35149,-1.35149,-853.81,-853.81,750.11,750.11,0,-35.2536,-306.311,-121.739,367.899,367.899,-247.232,1548.05,827.776,-255.569,-853.438,-853.438,194.396,194.396,-746.559,-746.559,71.8348,187.107,456.305,654.699,340.111,340.111,-203.388,-203.388,-203.388,759.67,759.67,-742.779,-9.33784e-10,-9.33784e-10,312.721,-564.189,-564.189,772.197,-313.293,56.2096,0,414.677,204.561,-777.943,-571.165,-571.165,-105.859,4.54276,-32.8533,-459.453,-459.453,25.7884,29.6728,29.6728,2148.11,-353.731,-2148.11,1217.56,1242.04,1188.34,-1827.41,759.049,-474.221,1998.4,2035.62,2026.5,-818.24,19.6279,-188.221,738.559,2381.85,156.242,2412.9,6219.75,3317.89,3317.89,178.778,-1379.11,259.845,209.334,177.441,-109.985,260.625,-177.799,-217.892,-218.99,261.065,258.11,262.084,-184.111,114.223,114.223,-179.073,552.971,552.971,-1308.66,318.259,241.802,-181.907,192.893,498.44,1256.04,1256.04,411.6,811.984,884.831,2511.17,-716.479,629.474,-411.6,-10.4502,811.693,994.049,585.455,582.278,10.4502,-661.634,-717.144,178.264,151.559,209.12,94.9319,-36.6614,320.975,116.413,116.405,-68.1487,191.924,-104.452,-134.782,63.8246,-639.04,-811.984,-691.946,-884.831,-102.668,-102.668,-81.3583,-206.21,36.1208,36.1208,167.692,167.692,-323.64,-323.64,211.377,57.1424,15.6871,-238.574,1067.52,-3510.43,-2563.29,5694.69,-15.6871,1592.09,-458.484,-347.231,286.82,286.82,206.764,206.764,86.4051,363.76,-729.456,-2.42415,70.9817,70.9817,292.398,197.09,254.602,197.764,47.4009,47.4009,92.139,90.8573,348.662,348.662,466.364,152.609,395.208,52.761,480.104,-274.962,-274.962,160.545,181.797,0,115.452,212.796,0,154.813,-298.931,-298.931,-226.827,135.2,-172.831,-174.034,-185.437,32.9,38.7631,282.081,-32.4957,-585.903,-212.336,-99.7183,-99.7183,19.0108,214.255,214.255,15.1094,15.893,-508.03,0,-6.74295,-6.74295,0,711.477,0,180.288,0,-153.331,0,39.5078,-46.3333,-35.1212,-105.527,-105.527,0,-44.4008,-44.4008,-70.4198,0,2.42169,837.792,837.792,837.792,1.77984,0,0,0,59.4655,59.4655,59.4655,0,-37.6703,-8.70417,-8.70417,-1.59679,760.505,-5.2382,-5.2382,10.3632,17.7423,7.69642,-46.5941,26.1927,25.978,11.8005,0,3.91161,0,-235.787,-235.787,-235.787,0,0,0,0,33.9453,972.311,132.095,132.095,-16.7413,-621.773,37.2362,55.4554,0,320.663,-259.184,-69.2364,-240.533,7.71834,-866.948,-710.796,147.307,32.8533,457.67,457.67,943.939,453.29,171.983,2822.65,1578.77,67.6256,98.4529,239.235,1113.57,418.45,467.503,-361.303,321.926,3385.68,-3694.58,-1549.6,7869.69,866.133,-914.269,692.642,91.6856,744.446,-99.7314,259.004,159.185,106.678,151.593,346.145,-171.328,-171.328,255.611,223.709,223.709,1080.7,202.675,0,326.359,-38.0434,-405.124,0,0
2020-08-06 23:00:00 UTC,-224.345,-116.29,306.081,-29.3542,-29.3542,-198.018,62.18,104.445,-240.672,-240.672,806.168,304.288,-1165.94,-47.3618,132.017,230.005,710.245,156.961,-526.984,-97.4383,-86.1988,-190.787,-190.787,-318.811,-391.099,-140.068,-23.0355,18.7809,-1.09379,230.634,-122.657,-122.657,-278.829,-162.679,-162.679,-391.912,231.442,288.23,-1363.2,-1363.2,313.425,623.777,536.129,267.948,358.49,-500.447,-1950.02,-1986.41,-1977.22,23.2537,-155.639,-155.639,41.1097,-78.7745,-114.105,11.6878,11.6878,-353.885,212.894,111.28,320.126,-264.448,-135.679,201.896,201.896,-11.3145,-26.2326,144.609,144.609,22.4531,448.58,-321.493,-171.404,-171.404,1.01096,1.01096,0.999843,1.21975,2.1394,-11.0359,-4.04616,23.5149,-1.31152,-1.33298,-2.36339,-6.98721,2.84478,109.769,109.769,19.4186,19.4186,22.1935,22.1935,-111.674,-111.674,-111.674,31.7654,31.7654,-3.55378,-52.7484,-17.0816,-17.0816,21.0874,21.0874,-119.533,-24.4341,-267.948,-15.0066,-15.0066,-216.632,-216.632,-216.632,724.094,-174.095,-174.095,-183.219,-183.219,-3.00133,60.256,60.256,-2.31214,-2.31214,-844.273,-844.273,740.489,740.489,0,-35.3506,-302.996,-120.644,363.253,363.253,-243.709,1523.44,814.825,-252.717,-843.5,-843.5,191.935,191.935,-737.77,-737.77,70.373,184.737,442.273,657.268,335.562,335.562,-200.551,-200.551,-200.551,746.692,746.692,-733.673,-8.60976e-10,-8.60976e-10,309.879,-556.523,-556.523,760.84,-309.249,54.3614,0,407.32,203.319,-766.851,-562.862,-562.862,-103.418,6.22827,-31.8562,-453.599,-453.599,29.0165,32.0448,32.0448,2096.5,-347.643,-2096.5,1199.5,1223.64,1171.56,-1797.8,744.183,-466.333,1950.02,1986.41,1977.22,-817.228,16.5336,-184.868,726.711,2351.51,152.2,2382.52,6139.91,3274.3,3274.3,178.555,-1363.57,253.067,208.153,178.017,-105.092,256.753,-176.507,-214.999,-216.175,257.971,255.029,258.976,-182.317,111.545,111.545,-177.337,546.027,546.027,-1294.88,309.242,239.037,-180.178,193.245,494.296,1234.62,1234.62,407.809,804.247,876.435,2491.68,-712.848,620.067,-407.809,-10.7044,795.947,983.506,579.237,576.086,10.7044,-656.522,-711.676,177.022,150.495,207.709,94.0331,-35.7827,314.28,115.388,115.379,-67.0216,187.349,-103.501,-133.601,62.6118,-634.323,-804.247,-686.918,-876.435,-102.538,-102.538,-81.3145,-206.787,36.0936,36.0936,167.47,167.47,-320.585,-320.585,203.721,56.4888,16.2148,-237.307,1062.96,-3477.11,-2544,5666.01,-16.2148,1568.18,-447.733,-343.934,279.66,279.66,200.324,200.324,88.5558,359.929,-715.595,-2.08596,69.0292,69.0292,280.115,197.042,223.415,188.624,46.405,46.405,89.6666,88.4187,343.42,343.42,458.924,150.402,387.551,47.9316,465.559,-269.777,-269.777,157.408,178.246,0,114.207,210.951,0,151.89,-296.824,-296.824,-221.762,130.238,-169.188,-170.366,-181.975,31.7216,37.6224,272.485,-31.5477,-581.862,-212.21,-98.8274,-98.8274,20.9696,211.169,211.169,15.1311,15.9224,-516.022,0,-4.14791,-4.14791,0,691.552,0,187.204,0,-151.351,0,39.4453,-46.0452,-34.6102,-104.699,-104.699,0,-44.0262,-44.0262,-70.3651,0,2.27716,816.619,816.619,816.619,1.74167,0,0,0,57.5899,57.5899,57.5899,0,-37.8266,-8.92598,-8.92598,-2.02191,744.261,-5.449,-5.449,9.81206,17.38,7.27308,-45.6053,26.0084,25.7949,11.39,0,2.31987,0,-236.096,-236.096,-236.096,0,0,0,0,32.7533,956.283,130.239,130.239,-25.808,-615.431,32.7083,48.8055,0,313.378,-258.539,-68.9536,-254.687,-13.0919,-868.104,-706.848,142.837,31.8562,451.959,451.959,929.496,440.49,168.709,2759.49,1561.31,67.0387,97.575,237.103,1102.58,419.029,467.648,-361.333,323.584,3343.95,-3669.1,-1537.46,7829.32,848.69,-924.46,692.544,86.8576,730.873,-101.751,257.899,154.418,128.163,146.789,345.151,-169.14,-169.14,249.55,221.559,221.559,1059.66,198.018,0,316.48,-39.4354,-407.035,0,0
2020-08-07 00:00:00 UTC,-217.9,-113.751,308.852,-34.9151,-34.9151,-181.02,64.4775,108.571,-237.765,-237.765,768.3,283.377,-1118.69,-40.2002,121.192,227.529,667.051,147.161,-508.492,-92.8597,-77.4437,-181.349,-181.349,-306.697,-377.056,-135.021,-22.3478,17.7789,-0.643749,220.623,-117.481,-117.481,-265.306,-153.841,-153.841,-374.79,217.272,270.766,-1289.34,-1289.34,294.878,595.57,513.488,257.314,339.982,-476.964,-1820.91,-1855.09,-1845.67,21.3252,-148.071,-148.071,38.6481,-74.4064,-105.653,11.2387,11.2387,-336.892,203.898,105.766,301.539,-251.404,-129.739,189.404,189.404,-11.0112,-25.8865,142.597,142.597,21.8538,431.271,-307.535,-159.993,-159.993,1.15086,1.15086,0.963923,1.19529,1.97619,-10.5244,-4.24483,22.2123,-1.30926,-1.33073,-2.23172,-6.65252,2.89997,105.358,105.358,17.8322,17.8322,20.3972,20.3972,-106.794,-106.794,-106.794,30.9543,30.9543,-2.54341,-49.7427,-16.6977,-16.6977,20.1825,20.1825,-114.27,-23.2829,-257.314,-13.6759,-13.6759,-208.344,-208.344,-208.344,694.021,-166.515,-166.515,-176.17,-176.17,-3.74835,57.6442,57.6442,-4.27156,-4.27156,-817.357,-817.357,714.398,714.398,0,-35.0115,-293.404,-117.526,350.919,350.919,-234.609,1456.35,779.485,-244.144,-815.749,-815.749,184.778,184.778,-712.956,-712.956,67.3935,178.534,402.053,669.54,322.421,322.421,-192.748,-192.748,-192.748,709.725,709.725,-708.585,-1.0009e-09,-1.0009e-09,298.878,-533.651,-533.651,727.322,-295.462,53.4107,0,388.301,202.715,-733.739,-538.998,-538.998,-97.7897,8.98747,-29.3839,-437.361,-437.361,38.4161,38.9744,38.9744,1957.14,-329.88,-1957.14,1148.37,1171.56,1123.59,-1712.23,701.906,-444.784,1820.91,1855.09,1845.67,-814.362,8.89933,-171.576,697.551,2282.53,141.708,2312.86,5954.85,3174.13,3174.13,179.893,-1320.81,238.737,207.413,176.46,-100.152,247.528,-173.472,-208.136,-209.493,250.972,248.058,251.949,-178.005,104.522,104.522,-173.147,529.591,529.591,-1258.36,288.042,231.476,-175.999,190.755,484.679,1178.4,1178.4,398.766,788.725,859.582,2454.63,-710.013,594.039,-398.766,-10.0596,752.753,962.931,567.112,564.007,10.0596,-646.291,-700.725,175.233,148.889,205.215,92.4491,-34.0913,297.163,113.728,113.72,-64.8489,174.053,-101.96,-131.709,61.1369,-624.888,-788.725,-676.853,-859.582,-102.557,-102.557,-80.906,-207.93,36.4596,36.4596,167.903,167.903,-315.334,-315.334,182.878,54.6164,16.9057,-235.251,1063.82,-3417.75,-2506.82,5648.21,-16.9057,1510.71,-420.013,-335.367,261.806,261.806,182.527,182.527,96.5148,349.082,-677.87,-0.825452,62.092,62.092,252.905,195.94,158.025,171.556,42.0984,42.0984,81.5451,80.4085,329.346,329.346,438.778,144.247,366.529,33.9357,423.134,-254.115,-254.115,147.643,167.165,0,110.768,204.7,0,142.69,-288.975,-288.975,-206.553,115.289,-159.158,-160.272,-171.283,26.7412,33.2038,254.977,-30.6442,-577.695,-211.094,-96.8095,-96.8095,24.3985,204.202,204.202,14.1608,14.9339,-515.379,0,2.30384,2.30384,0,645.75,0,192.088,0,-145.221,0,39.1694,-48.353,-33.2834,-100.885,-100.885,0,-42.9796,-42.9796,-68.8238,0,1.98704,760.3,760.3,760.3,1.60745,0,0,0,53.0136,53.0136,53.0136,0,-37.0514,-8.91531,-8.91531,-2.30173,699.906,-5.58787,-5.58787,8.82719,16.4546,6.49097,-44.0395,25.1849,24.978,10.619,0,0.0826903,0,-237.648,-237.648,-237.648,0,0,0,0,29.799,912.738,125.633,125.633,-55.8722,-596.645,19.4354,29.3425,0,290.633,-256.453,-68.3613,-296.131,-68.0963,-873.318,-693.738,132.089,29.3839,435.954,435.954,896.209,406.789,158.875,2614.71,1530.04,66.1031,96.1638,233.668,1088.54,419.662,467.282,-360.597,325.274,3283.53,-3637.39,-1522.42,7803.89,800.901,-937.05,696.626,72.8988,695.468,-106.734,255.802,144.109,172.571,133.925,340.472,-163.462,-163.462,232.549,215.499,215.499,998.165,181.02,0,307.578,-41.8547,-413.904,0,0
2020-08-07 01:00:00 UTC,-208.608,-110.213,315.031,-42.7075,-42.7075,-154.95,68.803,116.273,-237.513,-237.513,711.029,252.862,-1047.05,-32.8382,105.461,222.427,605.928,133.325,-479.254,-85.5832,-62.9294,-166.509,-166.509,-287.956,-357.375,-127.902,-21.2423,16.1936,1.05301,204.89,-109.513,-109.513,-245.36,-141.185,-141.185,-348.515,195.514,243.912,-1174.03,-1174.03,266.138,550.693,478.884,240.942,310.549,-439.031,-1624.08,-1654.86,-1645.2,18.4154,-136.067,-136.067,35.2621,-67.5904,-91.5858,10.7227,10.7227,-309.62,190.97,96.8959,274.642,-230.275,-119.925,172.18,172.18,-10.7372,-25.9262,139.462,139.462,21.2133,405.129,-285.983,-143.503,-143.503,1.6417,1.6417,0.917108,1.16719,1.71457,-9.70604,-4.57005,20.0515,-1.29906,-1.32093,-1.97079,-6.08416,2.98469,98.1533,98.1533,15.1942,15.1942,17.409,17.409,-99.0768,-99.0768,-99.0768,29.7607,29.7607,-0.575982,-44.6874,-16.1041,-16.1041,18.6715,18.6715,-105.533,-21.4293,-240.942,-11.7615,-11.7615,-194.7,-194.7,-194.7,644.509,-154.585,-154.585,-164.396,-164.396,-4.65497,53.1342,53.1342,-6.93764,-6.93764,-771.347,-771.347,670.551,670.551,0,-34.0355,-276.89,-112.177,330.223,330.223,-219.643,1347.19,721.882,-229.339,-768.563,-768.563,172.496,172.496,-670.743,-670.743,62.8255,168.135,339.775,685.782,300.461,300.461,-180.036,-180.036,-180.036,650.261,650.261,-666.238,-1.99151e-09,-1.99151e-09,279.442,-495.752,-495.752,672.658,-271.936,53.7227,0,358.544,201.451,-678.592,-499.731,-499.731,-88.624,12.871,-25.3078,-410.713,-410.713,51.4702,48.4563,48.4563,1744.11,-300.971,-1744.11,1064.97,1086.6,1044.71,-1573.19,635.512,-410.413,1624.08,1654.86,1645.2,-802.949,-0.374209,-148.616,650.797,2168.11,125.027,2197.35,5644.3,3006.14,3006.14,181.886,-1247.87,215.879,206.044,171.738,-95.8224,232.391,-168.173,-196.81,-198.442,239.198,236.332,240.125,-170.705,93.3586,93.3586,-166.047,503.337,503.337,-1196.19,254.48,218.693,-168.903,184.103,467.713,1087.24,1087.24,383.457,761.216,829.703,2385.18,-703.183,553.701,-383.457,-9.07186,687.662,925.553,545.079,542.06,9.07186,-628.034,-681.163,171.195,145.278,199.593,89.1617,-32.0248,271.395,110.519,110.51,-61.7166,154.695,-98.9862,-128.01,58.0416,-608.02,-761.216,-658.841,-829.703,-101.386,-101.386,-79.6636,-206.95,36.6087,36.6087,166.358,166.358,-305.893,-305.893,153.707,51.5988,16.1901,-230.328,1048.45,-3310.97,-2436.62,5591.05,-16.1901,1423.15,-377.982,-321.318,234.664,234.664,156.215,156.215,108.269,333.117,-621.433,1.28904,52.4624,52.4624,214.099,192.692,64.2011,146.556,35.7335,35.7335,69.7097,68.7358,307.263,307.263,407.49,134.59,334.479,12.9763,359.844,-230.689,-230.689,133.052,150.602,0,105.765,195.444,0,128.856,-276.91,-276.91,-183.823,92.5246,-144.268,-145.287,-155.34,19.141,26.5093,229.833,-29.4151,-569.806,-208.402,-93.2899,-93.2899,29.4594,194.373,194.373,12.6083,13.3481,-509.985,0,11.6241,11.6241,0,584.875,0,194.421,0,-136.657,0,38.7617,-53.1873,-31.5587,-94.8027,-94.8027,0,-41.4821,-41.4821,-65.7174,0,1.58732,674.486,674.486,674.486,1.40704,0,0,0,46.1952,46.1952,46.1952,0,-36.261,-9.29428,-9.29428,-3.28339,634.329,-6.07441,-6.07441,7.18144,14.7798,5.20988,-41.2353,23.6873,23.4918,9.47582,-2.0155e-12,-2.63288,0,-238.808,-238.808,-238.808,0,0,0,0,24.8011,843.331,118.2,118.2,-98.205,-564.02,0.221398,1.17157,0,255.377,-251.058,-67.0532,-353.786,-151.079,-877.357,-667.913,114.617,25.3078,409.637,409.637,840.981,353.718,144.164,2377.01,1472.65,64.2648,93.4165,226.996,1062.47,414.001,461.658,-355.778,318.744,3185.54,-3612.97,-1510.35,7723.87,729.184,-950.929,702.532,52.1035,644.206,-112.514,251.796,128.611,236.56,117.314,332.668,-154.428,-154.428,206.584,206.818,206.818,908.359,154.95,0,295.286,-45.315,-421.523,0,0
2020-08-07 02:00:00 UTC,-201.593,-108.492,331.847,-51.6095,-51.6095,-127.713,77.004,130.237,-247.446,-247.446,652.429,223.259,-975.29,-32.6094,90.0975,215.442,551.505,121.035,-447.471,-77.3867,-45.2282,-151.466,-151.466,-268.953,-340.667,-121.727,-20.0582,14.5291,4.27481,188.529,-101.376,-101.376,-225.907,-129.259,-129.259,-321.598,172.873,215.916,-1052.72,-1052.72,235.877,502.331,443.622,224.093,278.526,-396.761,-1423.28,-1450.55,-1440.84,15.4991,-123.141,-123.141,32.2163,-60.418,-75.9234,10.3681,10.3681,-279.874,178.39,87.1784,248.731,-206.998,-108.853,156.715,156.715,-10.675,-26.6326,136.106,136.106,20.8678,378.978,-264.836,-129.912,-129.912,2.46058,2.46058,0.876863,1.15082,1.43033,-8.81689,-4.94068,17.6504,-1.28192,-1.30456,-1.63787,-5.44081,3.10137,90.2097,90.2097,12.2235,12.2235,14.0445,14.0445,-90.8139,-90.8139,-90.8139,28.7368,28.7368,1.91708,-39.0119,-15.4985,-15.4985,16.9939,16.9939,-95.5864,-19.4354,-224.093,-9.92227,-9.92227,-179.837,-179.837,-179.837,591.064,-142.072,-142.072,-151.432,-151.432,-5.43917,48.0138,48.0138,-9.23702,-9.23702,-719.51,-719.51,622.286,622.286,0,-32.5302,-258.325,-106.212,307.476,307.476,-203.556,1230.26,660.043,-212.813,-715.658,-715.658,158.727,158.727,-623.391,-623.391,58.0641,156.713,276.384,698.028,276.49,276.49,-166.211,-166.211,-166.211,586.9,586.9,-619.028,1.35555e-10,1.35555e-10,257.423,-454.135,-454.135,613.32,-245.812,54.4815,0,326.741,198.533,-617.613,-456.845,-456.845,-78.8444,16.5428,-20.9019,-382.446,-382.446,62.484,56.2406,56.2406,1526.91,-269.198,-1526.91,972.876,992.749,956.869,-1421,566.28,-373.356,1423.28,1450.55,1440.84,-781.119,-6.39713,-121.129,602.117,2043.74,107.646,2071.29,5303.82,2822.08,2822.08,183.84,-1164.7,191.765,204.455,164.836,-93.3824,215.97,-161.996,-184.438,-186.335,226.219,223.413,227.092,-162.462,81.4966,81.4966,-158.021,475.083,475.083,-1125.95,219.08,204.557,-160.862,175.093,447.846,989.46,989.46,366.667,729.499,795.239,2304.11,-694.787,513.773,-366.667,-8.24129,625.403,881.629,519.179,516.267,8.24129,-606.695,-658.274,165.637,140.411,192.54,85.1681,-30.0496,247.395,106.461,106.453,-58.4843,136.892,-95.241,-123.272,56.512,-588.24,-729.499,-637.692,-795.239,-99.3112,-99.3112,-77.3059,-202.5,36.3281,36.3281,163.029,163.029,-294.744,-294.744,128.61,48.0548,15.7491,-223.89,1019.82,-3177.88,-2354.05,5462.49,-15.7491,1338.97,-337.92,-306.496,208.866,208.866,131.067,131.067,119.111,318.415,-568.738,3.2904,44.0184,44.0184,180.944,187.838,-12.3148,125.099,29.6135,29.6135,58.6349,57.8138,285.091,285.091,376.322,124.755,302.866,-9.40841,298.541,-209.489,-209.489,119.612,135.3,0,102.802,189.14,0,115.961,-268.314,-268.314,-162.433,68.6387,-130.726,-131.66,-140.757,11.1379,19.7294,209.061,-28.9528,-561.68,-204.625,-89.3553,-89.3553,34.1541,187.941,187.941,11.0114,11.7185,-506.453,0,22.37,22.37,0,531.562,0,187.302,0,-129.307,0,38.3727,-59.3954,-30.3423,-88.3626,-88.3626,0,-40.166,-40.166,-61.528,0,1.22848,587.141,587.141,587.141,1.2071,0,0,0,39.4608,39.4608,39.4608,0,-35.903,-10.1373,-10.1373,-4.92115,575.956,-6.88473,-6.88473,5.32098,12.7877,3.7629,-38.1763,21.8998,21.7178,8.36584,0,-4.98211,0,-238.102,-238.102,-238.102,0,0,0,0,19.2455,771.396,110.528,110.528,-134.61,-525.86,-17.2513,-24.4526,0,220.12,-242.818,-65.1002,-402.769,-230.089,-875.457,-636.612,96.3203,20.9019,381.679,381.679,781.108,299.845,130.22,2121.17,1403.21,61.893,89.914,218.513,1023.26,402.062,449.635,-345.694,308.241,3065.38,-3533.17,-1471.62,7543.4,660.947,-955.121,708.589,33.6603,597.058,-116.404,245.908,114.362,291.326,104.273,325.386,-144.956,-144.956,181.489,201.467,201.467,829.581,127.713,0,290.883,-48.0636,-425.352,0,0
2020-08-07 03:00:00 UTC,-194.96,-106.147,338.406,-56.5248,-56.5248,-105.959,81.3543,137.951,-249.461,-249.461,605.822,202.248,-918.013,-33.9454,79.696,207.645,513.1,112.379,-421.682,-70.9489,-31.3973,-140.198,-140.198,-253.524,-328.117,-116.96,-19.0789,13.1805,7.21576,175.284,-94.9506,-94.9506,-211.452,-120.809,-120.809,-300.723,156.197,195.261,-960.572,-960.572,213.251,463.97,415.585,210.603,253.729,-363.132,-1275.22,-1299.87,-1290.27,13.5012,-113.054,-113.054,30.1984,-55.041,-64.1921,10.1126,10.1126,-256.799,168.78,79.6387,230.288,-188.815,-100.023,146.299,146.299,-10.637,-27.2117,132.943,132.943,20.5651,358.042,-249.001,-123.872,-123.872,3.14061,3.14061,0.835129,1.12305,1.20852,-8.12095,-5.16127,15.795,-1.27039,-1.29352,-1.37355,-4.94309,3.15758,83.6489,83.6489,10.0106,10.0106,11.5369,11.5369,-84.2179,-84.2179,-84.2179,27.8471,27.8471,3.86355,-34.593,-14.9534,-14.9534,15.6493,15.6493,-87.415,-17.8892,-210.603,-8.89583,-8.89583,-168.322,-168.322,-168.322,549.51,-132.82,-132.82,-141.569,-141.569,-5.67555,44.3848,44.3848,-10.4739,-10.4739,-678.51,-678.51,583.947,583.947,0,-31.2483,-243.281,-100.684,289.111,289.111,-190.643,1140.3,612.361,-199.301,-674.045,-674.045,148.362,148.362,-586.478,-586.478,54.5629,147.561,230.84,700.894,257.385,257.385,-155.062,-155.062,-155.062,538.586,538.586,-582.352,-9.97565e-10,-9.97565e-10,239.189,-421.312,-421.312,566.475,-225.45,54.7646,0,302.16,194.372,-570.063,-423.448,-423.448,-72.7933,17.3299,-17.9143,-359.931,-359.931,68.6992,60.4267,60.4267,1366.6,-244.454,-1366.6,900.051,918.519,886.947,-1302.3,514.098,-344.185,1275.22,1299.87,1290.27,-757.078,-8.6452,-99.1222,564.766,1942.02,94.7622,1967.94,5024.21,2670.59,2670.59,183.561,-1098.63,176.304,201.801,158.608,-91.0256,203.125,-156.19,-174.507,-176.586,215.268,212.529,216.096,-155.612,72.8602,72.8602,-151.341,451.737,451.737,-1069.86,195.754,192.632,-154.144,167.345,430.238,915.24,915.24,352.422,701.356,764.647,2229.54,-683.904,482.734,-352.422,-7.80334,578.408,842.298,495.982,493.17,7.80334,-587.487,-637.648,160.163,135.593,185.594,81.3985,-28.6325,228.934,102.579,102.57,-55.734,124.285,-91.6569,-118.775,56.3908,-570.375,-701.356,-618.563,-764.647,-96.9015,-96.9015,-74.4523,-195.744,35.8021,35.8021,158.946,158.946,-284.487,-284.487,111.045,44.6702,15.3784,-217.476,987.673,-3056.33,-2277.47,5310.37,-15.3784,1276.37,-308.177,-293.965,189.612,189.612,112.964,112.964,126.475,308.205,-527.406,4.73624,38.7628,38.7628,155.153,181.989,-75.7202,106.562,26.1806,26.1806,51.8003,51.0738,267.699,267.699,352.39,117.228,279.044,-28.6091,256.055,-197.902,-197.902,111.932,126.502,0,103.75,189.958,0,108.438,-269.098,-269.098,-149,50.3742,-121.905,-122.783,-132.551,6.33074,15.8467,191.357,-28.1962,-552.708,-199.072,-85.9881,-85.9881,35.3504,181.164,181.164,9.66096,10.3321,-494.562,0,28.6854,28.6854,0,493.657,0,177.722,0,-123.678,0,38.0836,-62.92,-29.5676,-83.058,-83.058,0,-39.0766,-39.0766,-57.7568,0,1.00232,523.032,523.032,523.032,1.05852,0,0,0,34.8257,34.8257,34.8257,0,-35.6013,-10.8653,-10.8653,-6.28122,540.977,-7.55651,-7.55651,3.93866,11.2725,2.69939,-35.6974,20.3385,20.1684,7.77934,0,-5.69032,0,-235.621,-235.621,-235.621,0,0,0,0,15.6182,714.411,104.586,104.586,-155.536,-494.018,-28.341,-40.7243,0,195.434,-234.282,-63.1031,-430.127,-282.639,-867.818,-609.551,82.2742,17.9143,359.314,359.314,732.607,261.22,120.02,1914.94,1340.9,59.6506,86.5834,210.432,992.212,387.102,434.44,-332.859,294.556,2954.04,-3431.9,-1422.56,7329.64,609.68,-953.568,713.29,20.4323,560.069,-117.529,238.44,103.305,335.778,95.9157,320.929,-137.215,-137.215,162.729,202.201,202.201,784.62,105.959,0,282.839,-49.6164,-424.133,0,0
2020-08-07 04:00:00 UTC,-183.606,-100.494,326.516,-56.3859,-56.3859,-87.0831,79.5747,135.861,-239.02,-239.02,549.655,181.522,-848.227,-34.562,70.662,193.612,472.004,103.134,-391.134,-64.0321,-20.1697,-128.879,-128.879,-235.246,-310.457,-110.328,-17.969,11.6878,9.21775,160.418,-87.7266,-87.7266,-195.197,-111.341,-111.341,-277.435,139.617,174.692,-865.419,-865.419,190.582,422.348,382.326,194.497,228.34,-328.453,-1126.97,-1148.96,-1139.63,11.7435,-102.426,-102.426,27.8061,-49.6557,-54.4143,9.50544,9.50544,-233.081,156.122,71.6829,210.137,-170.429,-90.9406,134.591,134.591,-10.2139,-26.6879,127.582,127.582,19.4995,332.082,-228.218,-109.333,-109.333,3.41496,3.41496,0.746936,1.03291,0.984,-7.39831,-5.1259,14.0361,-1.24167,-1.26631,-1.14814,-4.46768,3.10001,76.1954,76.1954,8.22331,8.22331,9.50773,9.50773,-76.8447,-76.8447,-76.8447,26.3148,26.3148,5.1884,-30.4359,-14.1599,-14.1599,14.2091,14.2091,-78.6794,-16.2905,-194.497,-8.08561,-8.08561,-156.268,-156.268,-156.268,506.14,-123.339,-123.339,-131.455,-131.455,-5.70063,40.8767,40.8767,-11.6989,-11.6989,-635.336,-635.336,543.954,543.954,0,-30.0237,-227.376,-94.3797,269.754,269.754,-176.771,1047.26,562.956,-184.809,-630.243,-630.243,137.945,137.945,-547.953,-547.953,51.235,137.934,187.173,697.257,237.137,237.137,-143.26,-143.26,-143.26,489.501,489.501,-544.081,-9.26302e-10,-9.26302e-10,219.635,-386.99,-386.99,517.107,-204.774,53.7183,0,276.25,187.484,-521.314,-388.881,-388.881,-67.4319,16.7535,-15.4015,-333.492,-333.492,72.8127,62.9076,62.9076,1206.51,-218.747,-1206.51,822.601,839.557,812.203,-1178.44,461.179,-313.544,1126.97,1148.96,1139.63,-725.251,-8.85398,-75.7185,526.099,1830.57,82.0314,1854.25,4718.52,2504.73,2504.73,180.334,-1028.79,163.37,196.285,150.757,-89.2282,189.665,-149.017,-163.806,-166.045,202.925,200.286,203.703,-147.985,64.7028,64.7028,-143.897,425.626,425.626,-1008.73,176.398,179.746,-146.63,158.384,410.326,840.565,840.565,333.815,669.294,729.792,2146.14,-667.321,441.557,-333.815,-5.29786,517.289,799.498,470.739,468.035,5.29786,-565.191,-613.685,154.812,130.847,178.396,77.4557,-26.5385,204.034,98.5383,98.5301,-52.2666,106.935,-87.9264,-114.13,56.2053,-549.547,-669.294,-596.237,-729.792,-94.8721,-94.8721,-71.5526,-190.024,35.7493,35.7493,155.982,155.982,-273.131,-273.131,84.6334,40.6289,14.8135,-211.007,965.827,-2924.26,-2192.58,5199.04,-14.8135,1202.17,-267.674,-277.357,163.792,163.792,92.7332,92.7332,137.713,294.068,-470.22,6.67961,30.5564,30.5564,121.814,175.371,-159.873,83.9639,21.1044,21.1044,42.4109,41.8144,245.606,245.606,322.219,107.647,250.849,-40.637,208.459,-177.096,-177.096,99.2052,112.112,0,96.7484,177.666,0,96.2655,-251.868,-251.868,-130.158,36.3493,-109.084,-109.876,-118.559,1.06407,10.8404,168.963,-26.2622,-539.998,-190.863,-82.0653,-82.0653,34.652,168.173,168.173,8.13124,8.74399,-462.721,0,29.9333,29.9333,0,448.208,0,162.449,0,-115.909,0,37.7839,-63.061,-28.2703,-76.998,-76.998,0,-37.3758,-37.3758,-53.8459,0,0.807021,459.47,459.47,459.47,0.903591,0,0,0,30.3309,30.3309,30.3309,0,-34.2982,-11.0059,-11.0059,-6.82991,482.427,-7.82754,-7.82754,2.80785,9.70168,1.86733,-33.1492,18.6509,18.4941,7.34352,0,-5.76545,0,-231.157,-231.157,-231.157,0,0,0,0,12.5848,648.741,97.3656,97.3656,-170.577,-458.857,-37.2543,-53.8201,0,171.582,-223.928,-60.5585,-448.457,-328.686,-853.623,-579.504,67.8974,15.4015,332.938,332.938,680.296,223.93,105.62,1692.56,1275.13,57.3422,83.1366,202.056,962.894,373.027,420.934,-320.311,280.686,2833.89,-3350.52,-1383.13,7173.01,543.223,-949.308,721.933,2.69403,508.718,-119.602,230.319,89.037,391.873,83.1775,312.43,-127.894,-127.894,139.836,189.868,189.868,702.958,87.0831,0,262.474,-50.5802,-418.422,0,0
2020-08-07 05:00:00 UTC,-173.215,-96.1281,322.803,-58.938,-58.938,-67.6365,80.4552,137.999,-236.951,-236.951,484.572,157.278,-767.897,-39.8052,59.6067,176.808,426.747,92.9714,-353.419,-55.4255,-6.05851,-115.472,-115.472,-213.579,-287.808,-101.934,-16.6767,9.99212,10.7814,143.39,-79.3072,-79.3072,-175.795,-99.8886,-99.8886,-249.916,121.295,151.929,-760.31,-760.31,165.463,375.615,344,175.75,199.747,-288.972,-968.604,-987.727,-978.842,9.95393,-90.5579,-90.5579,24.7175,-43.7839,-45.6106,8.52582,8.52582,-206.727,139.523,62.5968,186.158,-150.454,-80.9055,120.217,120.217,-9.45234,-25.215,119.765,119.765,17.721,301.651,-205.966,-93.7442,-93.7442,3.3488,3.3488,0.615085,0.889691,0.742008,-6.6043,-4.89924,12.2599,-1.19585,-1.22298,-0.944862,-3.98421,2.97871,67.6229,67.6229,6.64742,6.64742,7.71718,7.71718,-68.3694,-68.3694,-68.3694,24.3285,24.3285,6.05888,-26.2786,-13.1399,-13.1399,12.6275,12.6275,-68.8611,-14.5607,-175.75,-7.19285,-7.19285,-142.387,-142.387,-142.387,456.941,-112.423,-112.423,-119.761,-119.761,-5.70063,36.7636,36.7636,-12.9495,-12.9495,-584.657,-584.657,498.077,498.077,0,-28.4851,-208.963,-87.1505,247.551,247.551,-160.941,942.328,507.111,-168.217,-578.892,-578.892,125.887,125.887,-502.825,-502.825,47.5221,126.854,141.201,687.484,214.17,214.17,-129.872,-129.872,-129.872,434.565,434.565,-499.278,-3.05833e-09,-3.05833e-09,197.252,-347.594,-347.594,461.592,-180.99,52.5898,0,247.108,178.608,-465.15,-349.211,-349.211,-61.195,16.0074,-12.6837,-303.224,-303.224,75.1911,63.9206,63.9206,1035.93,-189.58,-1035.93,734.037,749.249,726.233,-1037.88,403.224,-279.516,968.604,987.727,978.842,-682.186,-6.7238,-48.3596,483.065,1701.72,68.2493,1722.33,4364.52,2312.99,2312.99,175.895,-945.92,149.202,189.352,140.66,-88.3759,174.281,-140.176,-151.397,-153.784,188.521,186.008,189.242,-138.876,55.7487,55.7487,-135.016,395.474,395.474,-936.069,155.318,164.983,-137.647,146.885,386.369,756.496,756.496,312.122,630.696,687.82,2043.43,-646.022,397.581,-312.122,-2.63975,454.279,747.72,440.195,437.625,2.63975,-537.832,-584.247,147.731,124.663,169.266,72.5562,-24.2674,178.557,93.433,93.4248,-48.3757,88.9218,-83.2282,-108.218,54.4763,-523.876,-630.696,-568.683,-687.82,-91.8582,-91.8582,-68.46,-182.956,35.4005,35.4005,151.186,151.186,-259.042,-259.042,59.4693,36.5332,12.6824,-202.525,931.561,-2759.57,-2086.72,5072.63,-12.6824,1123.09,-225.003,-258.987,136.649,136.649,71.6504,71.6504,148.879,279.614,-413.782,8.71031,22.5692,22.5692,90.7345,168.824,-235.693,62.9471,15.5056,15.5056,32.3728,31.916,222.029,222.029,289.97,97.0166,221.134,-53.1024,157.175,-154.12,-154.12,85.2051,96.2773,0,88.968,163.631,0,82.8961,-232.335,-232.335,-109.674,20.9497,-95.7775,-96.4829,-103.155,-5.51767,4.72567,148.623,-24.8293,-524.379,-180.655,-77.418,-77.418,33.2707,157.228,157.228,6.73551,7.30124,-440.758,0,34.3776,34.3776,0,397.152,0,139.545,0,-106.185,0,37.4747,-61.9901,-26.4754,-69.9213,-69.9213,0,-35.0626,-35.0626,-49.3516,0,0.618667,392.121,392.121,392.121,0.739389,0,0,0,25.5506,25.5506,25.5506,0,-32.0583,-10.6434,-10.6434,-6.6976,420.552,-7.76276,-7.76276,1.80121,7.98159,1.13637,-30.6982,16.824,16.6821,6.80325,0,-5.76545,0,-224.225,-224.225,-224.225,0,0,0,0,9.14287,574.275,89.647,89.647,-181.906,-417.277,-44.8341,-64.9697,0,145.155,-210.306,-57.2493,-458.963,-370.855,-831.041,-542.518,52.2956,12.6837,302.747,302.747,620.587,184.557,90.2561,1442.32,1193.9,54.3921,78.7644,191.446,918.99,355.428,401.225,-306.053,259.368,2679.5,-3300.43,-1358.68,6996.06,475.118,-938.751,730.461,-14.5555,459.055,-121.421,222.255,74.5107,444.114,72.1837,303.981,-117.152,-117.152,116.575,176.663,176.663,615.711,67.6365,0,247.561,-50.8415,-407.896,0,0
2020-08-07 06:00:00 UTC,-165.678,-92.7883,316.191,-59.7326,-59.7326,-55.3923,79.508,137.028,-231.573,-231.573,439.164,142.356,-712.073,-45.3078,53.2453,163.338,399.562,86.8771,-326.525,-49.4223,3.4508,-107.385,-107.385,-199.738,-273.023,-96.5032,-15.8516,8.93118,11.6656,132.698,-73.8455,-73.8455,-162.586,-91.8524,-91.8524,-231.495,108.723,136.287,-687.781,-687.781,148.35,343.132,317.403,162.645,180.24,-262.105,-862.417,-879.592,-871.112,8.70878,-82.308,-82.308,22.5766,-39.7026,-39.4808,7.85417,7.85417,-188.13,128.079,56.3093,169.315,-136.444,-73.7666,109.99,109.99,-8.94097,-24.1996,113.847,113.847,16.4667,280.43,-190.811,-84.2619,-84.2619,3.30295,3.30295,0.524238,0.789834,0.574533,-6.05447,-4.72934,11.0132,-1.15532,-1.18468,-0.793729,-3.63859,2.88431,61.6804,61.6804,5.55675,5.55675,6.47715,6.47715,-62.4925,-62.4925,-62.4925,22.9137,22.9137,6.66541,-23.3629,-12.4304,-12.4304,11.5105,11.5105,-62.092,-13.3459,-162.645,-6.53188,-6.53188,-131.896,-131.896,-131.896,420.31,-104.248,-104.248,-110.803,-110.803,-5.70063,33.5704,33.5704,-13.3582,-13.3582,-545.091,-545.091,462.506,462.506,0,-26.9829,-194.59,-81.6228,230.301,230.301,-149.136,864.785,465.756,-155.638,-539.055,-539.055,116.411,116.411,-467.759,-467.759,44.7207,118.201,110.992,673.765,197.083,197.083,-120.021,-120.021,-120.021,395.037,395.037,-464.559,-3.20014e-09,-3.20014e-09,180.905,-318.886,-318.886,422.05,-163.537,52.1454,0,226.5,171.23,-423.895,-320.246,-320.246,-55.9992,15.6309,-10.48,-280.069,-280.069,75.4821,63.5583,63.5583,921.53,-169.26,-921.53,670.993,684.953,664.748,-938.685,362.942,-255.778,862.417,879.592,871.112,-646.287,-4.21354,-30.5249,450.15,1599.15,58.4903,1617.95,4084.41,2161.58,2161.58,171.334,-881.087,136.777,182.668,132.424,-88.0491,162.274,-133.152,-141.683,-144.161,177.06,174.649,177.735,-131.558,49.1881,49.1881,-127.89,372.4,372.4,-877.965,138.651,153.592,-130.431,137.292,367.061,693.504,693.504,295.586,598.616,652.918,1954.24,-624.986,367.341,-295.586,-1.48729,412.379,703.835,414.299,411.849,1.48729,-514.708,-559.335,141.103,118.961,161.32,68.3637,-22.5071,161.468,88.8448,88.8367,-45.2754,77.0703,-79.022,-102.871,53.4713,-502.099,-598.616,-545.272,-652.918,-88.9156,-88.9156,-65.7345,-175.841,34.919,34.919,146.308,146.308,-246.868,-246.868,44.5699,33.3586,10.7335,-194.951,899.108,-2617.13,-1994.51,4952.73,-10.7335,1067.43,-195.904,-245.644,117.906,117.906,58.0971,58.0971,154.984,270.48,-376.948,9.66958,18.3186,18.3186,70.3417,163.824,-287.109,47.7541,12.3801,12.3801,26.5007,26.1256,205.786,205.786,267.961,89.6685,201.312,-61.0939,124.708,-139.704,-139.704,76.4827,86.4138,0,83.9763,154.897,0,74.4596,-219.679,-219.679,-96.8089,10.7917,-87.2859,-87.9356,-93.5943,-9.46127,1.03081,134.151,-23.582,-508.265,-172.946,-73.5873,-73.5873,32.9793,149.248,149.248,5.85436,6.386,-422.464,0,36.2612,36.2612,0,362.856,0,119.925,0,-99.9583,0,37.3,-61.4861,-25.2743,-65.4044,-65.4044,0,-33.4914,-33.4914,-46.3858,0,0.500709,347.169,347.169,347.169,0.635122,0,0,0,22.2732,22.2732,22.2732,0,-30.4865,-10.3949,-10.3949,-6.60589,381.166,-7.71777,-7.71777,1.10281,6.66281,0.639001,-28.8872,15.5537,15.4222,6.361,0,-5.76545,0,-217.386,-217.386,-217.386,0,0,0,0,6.20681,516.793,84.4908,84.4908,-186.768,-386.41,-48.7127,-70.6842,0,126.142,-199.385,-54.5168,-459.107,-394.623,-808.085,-512.07,40.7629,10.48,279.67,279.67,573.821,156.986,79.9301,1249.22,1122.15,51.7139,74.8231,181.893,872.815,338.63,380.072,-293.029,238.002,2536.69,-3253.74,-1336.13,6828.28,430.097,-932.228,734.362,-23.8375,425.243,-121.808,215.393,64.0993,479.797,66.6041,298.006,-108.796,-108.796,101.482,168.379,168.379,562.966,55.3923,0,234.462,-51.2319,-396.488,0,0
2020-08-07 07:00:00 UTC,-158.698,-89.5326,306.491,-59.8503,-59.8503,-47.1155,76.9722,133.405,-225.785,-225.785,399.752,129.817,-662.886,-49.8967,48.017,150.789,375.799,81.5563,-302.585,-44.3221,9.80961,-100.239,-100.239,-186.6,-257.622,-90.893,-15.0922,7.97129,11.8396,122.923,-68.947,-68.947,-151.148,-85.0811,-85.0811,-215.338,99.354,124.617,-632.188,-632.188,135.4,317.023,294.314,151.199,165.056,-240.759,-783.248,-798.952,-790.855,7.9674,-75.8827,-75.8827,20.6161,-36.7118,-36.7745,7.0499,7.0499,-174.235,116.991,51.3595,155.548,-126.249,-68.5212,101.417,101.417,-8.23484,-22.4849,107.645,107.645,14.8995,261.401,-178.502,-77.2611,-77.2611,2.88827,2.88827,0.419537,0.668575,0.45133,-5.63468,-4.4203,10.228,-1.11953,-1.1509,-0.734894,-3.42363,2.75032,56.755,56.755,5.11673,5.11673,5.97458,5.97458,-57.6235,-57.6235,-57.6235,21.4944,21.4944,6.5257,-21.5707,-11.7301,-11.7301,10.6719,10.6719,-56.7374,-12.4518,-151.199,-6.04956,-6.04956,-123.375,-123.375,-123.375,390.874,-97.7404,-97.7404,-103.529,-103.529,-5.70063,31.0884,31.0884,-13.1288,-13.1288,-512.132,-512.132,432.532,432.532,0,-25.5163,-182.393,-76.7064,215.622,215.622,-139.473,802.665,432.573,-145.218,-506.136,-506.136,108.642,108.642,-438.846,-438.846,42.3421,110.853,90.3761,654.617,183.256,183.256,-111.858,-111.858,-111.858,364.438,364.438,-435.997,-1.84813e-09,-1.84813e-09,168.125,-296.408,-296.408,391.07,-150.662,50.5377,0,210.156,163.605,-392.374,-297.623,-297.623,-52.1865,14.6901,-8.88491,-260.893,-260.893,74.5073,62.3383,62.3383,836.184,-154.205,-836.184,622.028,635.006,616.868,-863.703,332.308,-237.158,783.248,798.952,790.855,-614.614,-2.46411,-20.0463,421.298,1505.2,51.0101,1523.23,3830.72,2024.38,2024.38,165.503,-827.82,126.492,175.089,125.224,-86.0777,151.856,-126.624,-133.133,-135.667,166.507,164.202,167.141,-124.961,44.273,44.273,-121.468,352.144,352.144,-828.505,126.092,143.748,-123.915,129.178,348.78,642.498,642.498,280.92,567.401,618.945,1862.5,-599.91,343.262,-280.92,-1.4965,379.862,660.601,388.781,386.453,1.4965,-491.846,-534.677,134.01,112.851,152.785,63.9905,-21.1576,148.204,84.0657,84.0575,-42.4364,68.8921,-74.6422,-97.3366,50.4931,-480.492,-567.401,-522.014,-618.945,-85.3612,-85.3612,-63.3968,-168.279,33.9904,33.9904,140.03,140.03,-234.368,-234.368,35.6573,30.9027,7.7671,-186.584,856.195,-2474.96,-1900.4,4819,-7.7671,1022.7,-172.462,-233.91,102.655,102.655,48.4737,48.4737,158.183,263.857,-350.807,10.1652,16.0933,16.0933,55.2769,159.808,-326.388,35.3637,10.4379,10.4379,22.6529,22.3313,192.299,192.299,250.047,83.7845,185.694,-65.4719,102.702,-128.982,-128.982,69.981,79.0765,0,79.6969,147.5,0,68.1017,-208.449,-208.449,-87.4465,4.10609,-80.7115,-81.3168,-86.4764,-11.7495,-1.24058,122.418,-22.3117,-488.178,-165.282,-69.9667,-69.9667,32.2685,141.82,141.82,5.2584,5.76497,-408.077,0,37.2966,37.2966,0,333.393,0,102.279,0,-93.5772,0,37.1524,-59.4895,-23.9437,-61.2226,-61.2226,0,-31.8135,-31.8135,-43.8161,0,0.426585,314.11,314.11,314.11,0.553823,0,0,0,19.9943,19.9943,19.9943,0,-28.4498,-9.66539,-9.66539,-5.77653,350.859,-7.3087,-7.3087,0.80687,5.79725,0.447274,-27.8238,14.6022,14.479,6.04902,0,-5.76545,0,-210.032,-210.032,-210.032,0,0,0,0,4.10605,470.605,79.8857,79.8857,-187.226,-361.592,-50.3555,-73.1232,0,112.252,-189.447,-51.9932,-452.851,-407.558,-782.839,-484.707,31.2484,8.88491,260.535,260.535,532.144,135.991,72.6749,1079.45,1051.07,48.9501,70.7388,171.979,829.151,321.415,356.814,-280.674,213.238,2388.03,-3233.79,-1326.74,6641.79,395.321,-928.19,735.934,-29.4021,400.542,-121.601,209.728,55.3604,507.327,63.6483,292.989,-101.786,-101.786,89.5466,160.788,160.788,522.352,47.1155,0,221.113,-51.9217,-383.549,0,0
2020-08-07 08:00:00 UTC,-153.656,-87.2091,299.04,-59.4711,-59.4711,-40.7688,75.0849,130.738,-221.948,-221.948,370.694,121.185,-626.784,-54.2572,44.5464,141.108,360.071,78.0377,-284.618,-40.4843,15.0601,-95.6462,-95.6462,-176.946,-246.374,-86.7994,-14.5313,7.27066,12.0056,115.784,-65.3952,-65.3952,-143.025,-80.355,-80.355,-203.653,92.7362,116.368,-591.127,-591.127,126.283,297.053,277.272,142.714,154.345,-225.419,-725.602,-740.23,-732.446,7.41038,-71.1154,-71.1154,19.4158,-34.4879,-34.0174,6.57383,6.57383,-163.756,109.983,47.9978,146.093,-118.386,-64.4472,95.4777,95.4777,-7.81021,-21.4681,103.095,103.095,13.8849,247.488,-169.575,-72.7249,-72.7249,2.6881,2.6881,0.353416,0.591444,0.357007,-5.31875,-4.25788,9.58207,-1.1055,-1.13763,-0.685651,-3.25459,2.65363,53.1864,53.1864,4.65196,4.65196,5.44394,5.44394,-54.0758,-54.0758,-54.0758,20.4491,20.4491,6.60552,-20.0788,-11.2346,-11.2346,10.0441,10.0441,-52.876,-11.764,-142.714,-5.73234,-5.73234,-117.202,-117.202,-117.202,369.72,-93.009,-93.009,-98.3562,-98.3562,-5.70063,29.3975,29.3975,-13.0753,-13.0753,-488.47,-488.47,411.249,411.249,0,-24.5725,-173.699,-73.0887,205.144,205.144,-132.407,758.011,408.688,-137.717,-482.453,-482.453,103.24,103.24,-418.16,-418.16,40.6702,105.6,75.517,640.461,173.262,173.262,-105.82,-105.82,-105.82,341.944,341.944,-415.514,5.62341e-10,5.62341e-10,158.669,-279.658,-279.658,368.28,-140.765,49.6844,0,198.104,157.902,-368.461,-280.735,-280.735,-49.6666,13.7736,-7.83346,-247.093,-247.093,73.4111,61.1353,61.1353,774.323,-142.856,-774.323,585.178,597.414,580.749,-807.19,310.043,-223.337,725.602,740.23,732.446,-589.816,-0.570909,-10.9092,401.487,1439.82,45.8081,1456.67,3653.69,1928.88,1928.88,161.463,-788.553,119.764,169.913,119.905,-85.1459,144.487,-121.865,-127.046,-129.609,159.065,156.836,159.67,-120.183,40.7229,40.7229,-116.819,337.578,337.578,-792.452,117.527,136.661,-119.194,123.125,335.799,606.446,606.446,270.258,545.777,595.403,1799.9,-583.162,325.67,-270.258,-1.04186,356.426,631.062,371.346,369.102,1.04186,-475.783,-517.338,129.324,108.912,147.745,61.314,-19.5597,138.699,80.8055,80.7973,-40.0899,62.7665,-71.6699,-93.523,50.1796,-465.265,-545.777,-505.606,-595.403,-83.5865,-83.5865,-61.8228,-164.127,33.8576,33.8576,137.199,137.199,-225.815,-225.815,27.9624,29.1031,6.48287,-181.728,841.012,-2375.93,-1835.63,4765.4,-6.48287,989.569,-155.445,-225.372,91.6233,91.6233,41.0295,41.0295,160.987,258.87,-330.727,10.8371,14.3083,14.3083,43.5627,157.009,-355.472,25.7811,9.00293,9.00293,19.7941,19.5123,182.615,182.615,237.053,79.3456,174.333,-69.9806,85.6306,-121.716,-121.716,65.5515,74.067,0,77.2577,143.318,0,63.8088,-202.379,-202.379,-80.8087,-1.39621,-76.1388,-76.7135,-81.6223,-13.5276,-2.94038,113.537,-21.3418,-475.234,-159.603,-67.3827,-67.3827,31.5266,136.543,136.543,4.78969,5.27469,-394.896,0,37.5814,37.5814,0,312.137,0,87.8659,0,-88.9543,0,37.0528,-58.0515,-22.9797,-58.1378,-58.1378,0,-30.559,-30.559,-41.8415,0,0.375833,290.022,290.022,290.022,0.498489,0,0,0,18.4887,18.4887,18.4887,0,-27.1495,-9.2786,-9.2786,-5.3762,330.128,-7.1111,-7.1111,0.500638,5.2536,0.252712,-26.7291,13.8532,13.7364,5.85216,0,-5.76545,0,-204.403,-204.403,-204.403,0,0,0,0,2.77407,437.752,76.6418,76.6418,-186.169,-342.753,-51.2015,-74.3865,0,102.719,-182.33,-50.0651,-446.238,-414.207,-763.616,-464.859,24.9165,7.83346,246.777,246.777,503.091,121.915,67.199,962.804,999.876,47.0343,67.9377,165.193,788.539,311.145,340.615,-273.139,198.186,2272.57,-3216.67,-1318.51,6566.77,370.321,-924.228,737.374,-34.8135,382.991,-121.491,206.394,49.0233,528.681,61.6882,289.042,-96.7385,-96.7385,81.369,156.576,156.576,494.876,40.7688,0,210.916,-51.8511,-373.679,0,0
2020-08-07 09:00:00 UTC,-151.58,-86.4085,296.385,-59.6786,-59.6786,-37.1042,74.4481,129.922,-221.241,-221.241,355.5,116.856,-608.411,-57.7148,42.7941,135.963,353.181,76.4971,-275.005,-38.3362,18.623,-93.4822,-93.4822,-172.211,-241.459,-85.0036,-14.2435,6.91284,12.3895,112.176,-63.5935,-63.5935,-138.93,-77.9882,-77.9882,-197.637,89.0251,111.74,-568.354,-568.354,121.18,286.09,268.455,138.309,148.34,-216.751,-693.881,-707.912,-700.313,7.06736,-68.4611,-68.4611,18.8443,-33.2231,-32.0331,6.37862,6.37862,-157.769,106.624,46.1419,141.259,-113.827,-62.0745,92.5778,92.5778,-7.65025,-21.1233,100.815,100.815,13.4539,240.433,-165.045,-70.9059,-70.9059,2.66385,2.66385,0.324056,0.558774,0.302934,-5.14099,-4.20943,9.18602,-1.09886,-1.13134,-0.645558,-3.1498,2.6196,51.2744,51.2744,4.30126,4.30126,5.04495,5.04495,-52.1717,-52.1717,-52.1717,19.9794,19.9794,6.78725,-19.1534,-10.9959,-10.9959,9.69352,9.69352,-50.7115,-11.3753,-138.309,-5.63623,-5.63623,-113.898,-113.898,-113.898,358.417,-90.6865,-90.6865,-95.6265,-95.6265,-5.70063,28.5295,28.5295,-12.9098,-12.9098,-475.755,-475.755,399.756,399.756,0,-24.0126,-168.919,-71.0331,199.456,199.456,-128.599,734.044,395.858,-133.506,-469.792,-469.792,100.347,100.347,-407.138,-407.138,39.7809,102.756,67.4275,632.46,167.761,167.761,-102.346,-102.346,-102.346,329.535,329.535,-404.685,-1.7092e-09,-1.7092e-09,153.559,-270.396,-270.396,355.668,-135.305,49.0009,0,191.276,154.61,-355.081,-271.394,-271.394,-48.5469,13.0118,-7.31507,-239.848,-239.848,72.6349,60.3598,60.3598,740.228,-136.411,-740.228,564.445,576.263,560.395,-775.321,297.749,-215.385,693.881,707.912,700.313,-575.525,0.705049,-5.37868,391.106,1405.15,43.0291,1421.12,3558.78,1877.8,1877.8,159.555,-767.035,116.332,167.442,116.645,-85.568,140.523,-119.259,-123.758,-126.333,155.065,152.877,155.655,-117.575,38.7733,38.7733,-114.284,330.064,330.064,-772.92,112.99,132.751,-116.619,119.298,328.746,587.1,587.1,264.829,534.157,582.748,1765.57,-574.52,317.247,-264.829,-1.02779,345.35,615.018,361.875,359.677,1.02779,-467.086,-507.944,126.72,106.781,145.329,59.9812,-18.4412,134.224,78.9881,78.9799,-38.6934,60.0634,-70.0224,-91.3723,50.3616,-457.008,-534.157,-496.703,-582.748,-82.8405,-82.8405,-61.1411,-162.502,33.9738,33.9738,136.124,136.124,-221.157,-221.157,24.3549,28.2356,5.44004,-179.427,837.991,-2321.62,-1800.18,4767.01,-5.44004,970.205,-146.833,-221.126,86.0225,86.0225,36.7321,36.7321,162.059,256.38,-321.809,11.2648,13.6745,13.6745,37.5966,156.337,-369.232,20.5814,8.30526,8.30526,18.3248,18.0635,177.779,177.779,230.409,76.935,168.395,-73.5676,75.8199,-118.438,-118.438,63.5102,71.7461,0,76.6255,142.251,0,61.8158,-200.882,-200.882,-77.4959,-4.88575,-73.99,-74.5506,-79.4048,-14.6435,-3.9252,108.916,-20.8824,-468.737,-156.435,-65.9906,-65.9906,31.0049,134.498,134.498,4.58495,5.06142,-390.109,0,38.155,38.155,0,301.93,0,79.0545,0,-86.9354,0,37.0057,-58.1042,-22.5905,-56.5696,-56.5696,0,-29.9965,-29.9965,-40.6906,0,0.34827,276.728,276.728,276.728,0.469939,0,0,0,17.6708,17.6708,17.6708,0,-26.6125,-9.18961,-9.18961,-5.3277,320.624,-7.08717,-7.08717,0.275601,4.92053,0.0956403,-26.1098,13.4333,13.3199,5.84983,0,-5.76545,0,-201.186,-201.186,-201.186,0,0,0,0,2.19753,420.992,74.9182,74.9182,-184.827,-332.137,-51.5936,-74.9732,0,98.0908,-178.268,-48.9511,-441.749,-416.86,-752.817,-453.311,21.6045,7.31507,239.557,239.557,487.535,114.699,64.7623,901.441,969.976,45.9469,66.3664,161.395,759.35,306.408,330.794,-269.968,190.068,2200.96,-3232.5,-1325.89,6569.15,358.535,-924.806,736.82,-37.7309,375.784,-121.824,205.936,45.5777,539.875,61.0615,286.895,-94.1917,-94.1917,77.5626,155.568,155.568,482.616,37.1042,0,206.071,-51.6165,-368.115,0,0
2020-08-07 10:00:00 UTC,-153.153,-87.4591,300.605,-60.7479,-60.7479,-36.1757,75.7736,132.083,-224.883,-224.883,358.322,117.421,-612.679,-58.7412,42.8273,137.383,355.751,77.0718,-276.522,-38.4495,19.8815,-94.1025,-94.1025,-173.765,-244.478,-86.0784,-14.31,6.99299,12.9579,113.073,-64.0068,-64.0068,-139.797,-78.4573,-78.4573,-198.769,88.7016,111.337,-567.908,-567.908,120.819,286.689,270.172,139.165,148.041,-216.482,-692.971,-706.987,-699.385,6.93318,-68.4327,-68.4327,18.9954,-33.1024,-30.8619,6.54051,6.54051,-157.278,107.747,46.0423,141.875,-113.338,-61.8192,93.2873,93.2873,-7.83772,-21.6849,101.659,101.659,13.8021,242.194,-166.157,-73.4904,-73.4904,2.88984,2.88984,0.34305,0.58442,0.298595,-5.13521,-4.30692,9.07891,-1.09557,-1.12822,-0.604843,-3.11408,2.66507,51.4403,51.4403,4.06444,4.06444,4.77782,4.77782,-52.3381,-52.3381,-52.3381,20.2296,20.2296,7.14717,-18.8783,-11.0912,-11.0912,9.67262,9.67262,-50.6791,-11.3476,-139.165,-5.70905,-5.70905,-113.949,-113.949,-113.949,358.545,-90.9391,-90.9391,-95.7032,-95.7032,-5.70063,28.5672,28.5672,-12.8048,-12.8048,-475.971,-475.971,399.871,399.871,0,-23.9757,-168.886,-70.9523,199.496,199.496,-128.632,734.125,395.901,-133.364,-470.059,-470.059,100.396,100.396,-407.394,-407.394,39.833,102.791,66.6303,633.657,167.664,167.664,-102.115,-102.115,-102.115,328.892,328.892,-405.029,-5.70167e-10,-5.70167e-10,153.403,-270.04,-270.04,355.41,-134.679,49.5977,0,191.196,154.97,-353.936,-270.987,-270.987,-48.833,12.7044,-7.32267,-240.415,-240.415,72.7806,60.4836,60.4836,739.14,-136.013,-739.14,563.8,575.608,559.751,-773.601,297.34,-215.045,692.971,706.987,699.385,-575.277,1.02153,-4.24309,391.828,1407.8,42.9413,1423.43,3563.66,1880.59,1880.59,160.666,-766.609,116.462,168.611,115.84,-87.8204,140.677,-119.33,-123.874,-126.45,155.32,153.126,155.91,-117.673,38.5725,38.5725,-114.381,331.178,331.178,-773.381,112.616,132.709,-116.719,118.268,329.117,586.861,586.861,265.89,534.972,583.635,1766.7,-576.536,319.852,-265.89,-1.60635,348.849,615.733,362.295,360.096,1.60635,-467.709,-508.615,126.683,106.804,145.685,60.1309,-18.3336,135.619,78.9913,78.9831,-38.7047,61.3222,-70.0328,-91.3485,50.469,-457.601,-534.972,-497.342,-583.635,-83.0027,-83.0027,-61.3984,-163.154,34.1063,34.1063,136.431,136.431,-221.375,-221.375,25.9028,28.4534,4.85842,-179.783,842.037,-2324.43,-1801.35,4799.69,-4.85842,970.402,-149.128,-222.177,87.5043,87.5043,36.613,36.613,161.03,257.164,-325.847,11.0131,14.2918,14.2918,38.9132,157.627,-365.629,21.1711,8.66875,8.66875,18.8456,18.5769,178.859,178.859,231.716,77.2673,169.155,-76.5321,76.2711,-121.323,-121.323,64.9823,73.3729,0,79.3236,146.614,0,63.3484,-207.932,-207.932,-78.9551,-5.96577,-75.1243,-75.6929,-81.017,-14.5951,-3.66879,109.83,-21.1277,-470.582,-156.661,-66.1329,-66.1329,30.9455,136.381,136.381,4.65081,5.13378,-395.58,0,39.2453,39.2453,0,304.717,0,79.447,0,-88.1443,0,37.0188,-59.7807,-22.9128,-56.9623,-56.9623,0,-30.3241,-30.3241,-40.6973,0,0.343962,276.159,276.159,276.159,0.472542,0,0,0,17.5386,17.5386,17.5386,0,-27.0963,-9.51205,-9.51205,-5.77969,327.228,-7.31037,-7.31037,0.133997,4.74926,-0.0264997,-26.026,13.424,13.3104,5.95592,0,-5.76545,0,-201.371,-201.371,-201.371,0,0,0,0,2.35242,422.708,75.1409,75.1409,-184.925,-331.815,-51.9048,-75.4249,0,98.3129,-178.516,-48.9614,-442.187,-417.277,-753.802,-452.34,21.6525,7.32267,240.142,240.142,488.173,114.799,65.8741,905.745,968.617,45.9276,66.3569,161.381,752.938,307.244,329.407,-271.115,189.962,2195.15,-3266.1,-1341.81,6615.18,362.273,-927.999,734.841,-36.1814,378.665,-122.324,207.685,46.0335,537.963,61.4258,287.222,-94.6344,-94.6344,78.546,159.681,159.681,491.891,36.1757,0,208.529,-51.4343,-368.732,0,0
2020-08-07 11:00:00 UTC,-158.325,-90.6735,315.692,-63.5139,-63.5139,-35.9878,80.7681,139.975,-234.512,-234.512,372.437,121.146,-632.329,-60.6204,43.8994,142.856,366.414,79.4563,-284.552,-39.6961,21.4691,-96.8725,-96.8725,-179.403,-253.637,-89.3365,-14.588,7.33353,14.1081,116.714,-65.803,-65.803,-143.972,-80.9121,-80.9121,-204.445,90.9054,114.086,-584.301,-584.301,123.701,295.681,278.955,143.529,151.209,-220.7,-715.57,-730.015,-722.257,7.13394,-70.3177,-70.3177,19.4788,-33.9655,-31.8208,6.76373,6.76373,-161.386,110.476,47.0707,146.307,-116.407,-63.4182,96.6273,96.6273,-8.08652,-22.3686,104.085,104.085,14.3814,249.692,-171.992,-79.2193,-79.2193,3.06278,3.06278,0.372324,0.627011,0.335299,-5.25976,-4.41332,9.35365,-1.09781,-1.13035,-0.611219,-3.18078,2.78136,52.9557,52.9557,4.18503,4.18503,4.9213,4.9213,-53.8512,-53.8512,-53.8512,21.0963,21.0963,7.22913,-19.5037,-11.3647,-11.3647,9.96436,9.96436,-51.8691,-11.669,-143.529,-5.98574,-5.98574,-117.184,-117.184,-117.184,369.497,-93.7148,-93.7148,-98.5179,-98.5179,-5.70063,29.47,29.47,-13.0571,-13.0571,-488.917,-488.917,411.809,411.809,0,-24.6018,-173.63,-72.8723,205.404,205.404,-132.285,756.915,408.102,-137.055,-482.909,-482.909,103.391,103.391,-418.687,-418.687,40.7517,105.778,70.9849,646.76,172.586,172.586,-104.883,-104.883,-104.883,338.582,338.582,-416.31,-1.70621e-09,-1.70621e-09,157.813,-277.296,-277.296,365.543,-138.216,50.7763,0,196.382,158.743,-363.176,-278.237,-278.237,-50.6435,12.8806,-7.93533,-248.861,-248.861,73.6951,61.3318,61.3318,763.723,-139.807,-763.723,578.478,590.586,574.132,-794.422,306.664,-220.827,715.57,730.015,722.257,-587.331,1.24565,-3.65543,404.849,1452.23,45.3755,1467.32,3680.31,1943.7,1943.7,165.097,-786.292,120.636,173.802,119.169,-89.6189,145.16,-122.348,-127.612,-130.175,160.309,158.059,160.919,-120.645,39.9677,39.9677,-117.272,340.135,340.135,-793.922,116.261,136.613,-119.661,121.482,337.844,605.663,605.663,273.153,550.494,600.537,1812.21,-593.256,331.679,-273.153,-1.61658,364.456,637.052,374.88,372.619,1.61658,-479.311,-521.147,130.259,109.855,149.759,62.2281,-19.0894,141.543,81.3864,81.3782,-40.1339,65.0313,-72.2162,-94.1368,50.4808,-468.614,-550.494,-509.216,-600.537,-84.7037,-84.7037,-62.9732,-167.693,34.6127,34.6127,139.444,139.444,-227.552,-227.552,29.6002,29.8615,4.57664,-183.853,862.995,-2396.86,-1848.09,4910.69,-4.57664,985.238,-160.543,-228.383,94.944,94.944,38.6345,38.6345,159.571,260.042,-338.919,10.6543,15.1618,15.1618,45.5924,161.094,-347.21,26.8162,9.3086,9.3086,20.1937,19.9062,185.294,185.294,239.77,79.6227,175.212,-81.2406,80.68,-128.3,-128.3,68.8557,77.6752,0,84.8335,155.695,0,67.1306,-221.752,-221.752,-83.3378,-6.76126,-78.8958,-79.4917,-85.3379,-14.7529,-3.3088,115.734,-22.2786,-484.876,-160.584,-67.9541,-67.9541,31.3723,142.446,142.446,4.84891,5.34969,-410.215,0,41.9258,41.9258,0,317.418,0,83.1046,0,-91.8194,0,37.0702,-63.1697,-23.8505,-58.5473,-58.5473,0,-31.3202,-31.3202,-41.1986,0,0.363354,285.461,285.461,285.461,0.493892,0,0,0,18.155,18.155,18.155,0,-27.8435,-9.80826,-9.80826,-6.12556,346.272,-7.48103,-7.48103,0.229226,4.90749,-0.0353418,-27.1536,13.7868,13.6699,6.22942,0,-5.76545,0,-205.291,-205.291,-205.291,0,0,0,0,3.3574,442.517,77.3371,77.3371,-186.186,-340.008,-52.1507,-75.7694,0,102.653,-182.602,-50.0219,-447.938,-416.271,-768.02,-464.03,25.5152,7.93533,248.593,248.593,507.015,122.107,69.1959,984.205,1004.47,47.3252,68.407,166.353,777.829,316.589,340.913,-278.622,200,2270.36,-3348.02,-1380.6,6771.1,378.892,-931.893,732.391,-33.1348,390.278,-123.521,212.281,50.0336,525.606,62.5327,289.031,-97.8601,-97.8601,83.9681,169.111,169.111,518.221,35.9878,0,220.443,-50.537,-376.224,0,0
2020-08-07 12:00:00 UTC,-167.372,-96.0824,343.495,-67.7629,-67.7629,-38.8792,90.2318,154.645,-249.733,-249.733,402.394,129.236,-672.194,-61.7862,46.4733,153.769,386.342,83.9163,-301.796,-42.7866,21.2708,-102.347,-102.347,-190.542,-270.257,-95.2952,-15.1641,8.04745,15.707,124.229,-69.4976,-69.4976,-152.446,-85.8538,-85.8538,-216.223,96.5866,121.169,-623.651,-623.651,131.158,316.193,297.211,152.58,159.425,-231.67,-770.732,-786.217,-778.112,7.74539,-74.8312,-74.8312,20.4245,-36.14,-35.4245,7.09872,7.09872,-171.622,115.707,49.734,155.622,-124.231,-67.4781,103.135,103.135,-8.44816,-23.281,108.618,108.618,15.3124,264.793,-183.405,-87.4983,-87.4983,3.19285,3.19285,0.420418,0.696126,0.427799,-5.56332,-4.54624,10.1183,-1.10892,-1.14088,-0.67696,-3.37963,2.97862,56.3535,56.3535,4.75364,4.75364,5.5785,5.5785,-57.2375,-57.2375,-57.2375,22.7159,22.7159,6.98807,-21.2825,-11.8826,-11.8826,10.6676,10.6676,-54.8777,-12.4469,-152.58,-6.48929,-6.48929,-123.901,-123.901,-123.901,392.415,-99.3238,-99.3238,-104.24,-104.24,-5.70063,31.2686,31.2686,-13.3255,-13.3255,-515.085,-515.085,435.901,435.901,0,-25.7209,-183.25,-76.9099,217.329,217.329,-139.969,804.952,433.795,-144.85,-509.003,-509.003,109.333,109.333,-441.531,-441.531,42.623,111.77,83.2565,668.715,183.058,183.058,-110.968,-110.968,-110.968,360.466,360.466,-439.113,-1.70637e-09,-1.70637e-09,167.431,-293.695,-293.695,388.585,-146.586,53.4015,0,208.538,166.353,-384.697,-294.655,-294.655,-53.7693,13.7087,-9.03642,-265.195,-265.195,75.3677,62.9451,62.9451,823.355,-149.813,-823.355,613.687,626.513,608.599,-846.136,328.443,-234.599,770.732,786.217,778.112,-613.176,0.556262,-7.35143,429.753,1536.4,50.7898,1551.32,3904.53,2065.15,2065.15,172.414,-827.084,128.191,182.508,125.353,-92.8655,153.947,-128.178,-134.914,-137.444,169.837,167.48,170.483,-126.38,43.1541,43.1541,-122.855,357.715,357.715,-834.306,123.967,144.618,-125.336,127.901,354.498,644.663,644.663,286.948,579.524,632.142,1896.87,-621.419,354.436,-286.948,-1.80669,394.934,677.043,398.485,396.111,1.80669,-500.751,-544.286,136.678,115.257,156.788,65.9511,-21.0607,154.017,85.789,85.7808,-43.1359,72.1702,-76.2286,-99.2979,50.8967,-488.913,-579.524,-531.083,-632.142,-87.3179,-87.3179,-65.3135,-173.988,35.097,35.097,143.863,143.863,-239.116,-239.116,39.1765,32.3414,5.19446,-190.723,891.299,-2530.22,-1935.08,5040.28,-5.19446,1021.43,-182.879,-240.08,109.541,109.541,44.9861,44.9861,156.623,265.946,-365.883,9.92448,16.9484,16.9484,61.8003,165.899,-303.073,40.8554,10.2598,10.2598,22.8054,22.4816,197.932,197.932,255.966,84.5999,188.229,-83.5905,94.4107,-139.188,-139.188,74.9759,84.5081,0,91.9387,167.027,0,73.1418,-239.079,-239.079,-91.2118,-4.9917,-85.5033,-86.1467,-92.111,-14.5934,-2.50853,129.633,-24.6688,-508.178,-168.265,-71.341,-71.341,32.6227,153.098,153.098,5.22101,5.75146,-433.886,0,45.8898,45.8898,0,342.286,0,93.0669,0,-98.586,0,37.18,-68.5571,-25.4914,-61.796,-61.796,0,-33.1275,-33.1275,-42.5004,0,0.415056,308.459,308.459,308.459,0.543475,0,0,0,19.7371,19.7371,19.7371,0,-29.006,-10.1094,-10.1094,-6.38571,377.844,-7.60925,-7.60925,0.619797,5.50587,0.109669,-29.658,14.6346,14.5107,6.67859,0,-5.76545,0,-212.456,-212.456,-212.456,0,0,0,0,4.98087,480.635,81.7571,81.7571,-188.534,-358.664,-52.0978,-75.659,0,111.893,-191.014,-52.192,-457.511,-410.73,-793.318,-487.206,33.3554,9.03642,264.929,264.929,543.449,137.686,75.5756,1135.86,1072.62,49.9206,72.1953,175.527,831.998,330.891,361.404,-289.74,218.328,2421.4,-3427.24,-1418.33,6953.02,411.437,-934.745,729.655,-26.6171,414.585,-124.537,218.573,58.6433,495.276,65.2632,292.577,-103.957,-103.957,94.7833,181.039,181.039,559.81,38.8792,0,245.615,-49.394,-389.66,0,0
2020-08-07 13:00:00 UTC,-181.631,-104.21,381.806,-72.861,-72.861,-48.3138,102.947,173.941,-271.549,-271.549,458.054,145.655,-744.129,-62.3,52.4212,172.143,423.364,92.2126,-333.724,-48.9594,16.2791,-112.021,-112.021,-211.249,-298.29,-105.472,-16.2835,9.46145,17.4064,138.89,-76.5384,-76.5384,-167.848,-94.5361,-94.5361,-238.293,107.403,134.643,-696.678,-696.678,145.755,353.617,330.454,168.981,176.047,-254.824,-875.036,-892.465,-883.808,8.76784,-83.2179,-83.2179,22.3096,-40.0887,-41.1435,7.84147,7.84147,-190.111,126.63,54.9793,172.219,-138.321,-74.7277,114.202,114.202,-9.22182,-25.1913,116.726,116.726,17.1578,292.174,-203.118,-102.925,-102.925,3.54852,3.54852,0.525251,0.833484,0.597094,-6.12525,-4.82221,11.4002,-1.12536,-1.15646,-0.767951,-3.70764,3.27559,62.6919,62.6919,5.66711,5.66711,6.63098,6.63098,-63.571,-63.571,-63.571,25.3393,25.3393,6.76135,-24.2474,-12.8327,-12.8327,11.8819,11.8819,-60.9123,-13.7942,-168.981,-7.28204,-7.28204,-134.648,-134.648,-134.648,429.462,-108.367,-108.367,-113.172,-113.172,-5.67648,34.0109,34.0109,-12.9178,-12.9178,-555.184,-555.184,472.603,472.603,0,-26.9811,-197.838,-83.2052,235.469,235.469,-152.414,883.233,475.602,-157.182,-549.375,-549.375,118.203,118.203,-476.721,-476.721,45.3178,120.852,108.83,693.879,200.076,200.076,-121.018,-121.018,-121.018,398.289,398.289,-474.381,-4.29894e-10,-4.29894e-10,183.508,-321.949,-321.949,428.82,-161.586,57.9121,0,230.317,178.123,-422.616,-323.004,-323.004,-58.1745,15.4264,-10.7297,-290.153,-290.153,77.2548,65.0018,65.0018,935.407,-169.242,-935.407,677.842,691.964,671.26,-942.755,367.665,-259.497,875.036,892.465,883.808,-654.491,-1.97344,-21.4356,466.117,1657.09,60.1149,1673.37,4229.59,2241.67,2241.67,181.577,-891.267,138.373,193.632,133.459,-98.8089,167.132,-136.633,-145.787,-148.241,183.616,181.11,184.316,-134.74,48.7565,48.7565,-131.001,384.876,384.876,-894.809,136.234,156.904,-133.607,136.421,378.26,706.533,706.533,307.91,619.741,675.904,2010.44,-655.133,392.058,-307.91,-3.4924,446.846,731.552,430.653,428.128,3.4924,-529.964,-575.775,144.596,121.899,165.747,70.8237,-24.386,176.708,91.4604,91.4522,-47.6733,85.5222,-81.4106,-105.956,52.7681,-516.473,-619.741,-560.729,-675.904,-90.0852,-90.0852,-67.7302,-179.355,35.1873,35.1873,148.159,148.159,-254.79,-254.79,60.9312,35.9686,7.25381,-199.212,917.429,-2708,-2051.11,5129.46,-7.25381,1095.23,-221.774,-257.704,134.961,134.961,60.4848,60.4848,149.48,277.739,-414.191,8.06865,21.6401,21.6401,93.5341,169.643,-221.972,66.7134,13.1328,13.1328,29.5659,29.1477,218.646,218.646,283.782,93.8207,211.961,-80.4034,130.781,-159.794,-159.794,86.6479,97.6086,0,102.927,184.37,0,84.5453,-264.887,-264.887,-107.424,2.69397,-97.4543,-98.1807,-104.977,-11.7887,0.861406,154.974,-28.3353,-534.704,-179.582,-76.1242,-76.1242,34.9751,170.038,170.038,6.10351,6.6868,-471.956,0,50.1127,50.1127,0,390.189,0,111.397,0,-110.281,0,37.4123,-76.4524,-28.1246,-68.0483,-68.0483,0,-36.1426,-36.1426,-45.4172,0,0.511876,352.077,352.077,352.077,0.644708,0,0,0,22.4478,22.4478,22.4478,0,-31.3425,-10.8208,-10.8208,-7.09705,435.166,-7.9597,-7.9597,1.24305,6.44541,0.385793,-33.1977,16.0951,15.9589,7.32277,0,-5.69309,0,-221.889,-221.889,-221.889,0,0,0,0,7.28433,539.047,89.0075,89.0075,-190.653,-390.882,-50.7358,-73.6075,0,127.562,-203.547,-55.5097,-467.115,-394.234,-825.576,-519.696,45.55,10.7297,289.875,289.875,597.09,163.816,87.3159,1358.98,1162.29,53.2692,77.0869,187.367,903.795,345.449,383.971,-301.213,240.835,2625.18,-3452.97,-1430.88,7077.7,467.173,-930.368,727.24,-11.807,456.195,-122.623,222.923,73.9863,437.528,71.7889,298.383,-113.215,-113.215,112.917,198.113,198.113,635.394,48.3138,0,284.716,-48.6234,-406.923,0,0
2020-08-07 14:00:00 UTC,-196.798,-111.807,408.018,-73.314,-73.314,-68.7955,110.411,184.617,-290.502,-290.502,535.837,172.202,-841.218,-60.8009,63.636,193.283,477.236,104.31,-377.812,-58.4288,1.7431,-125.211,-125.211,-238.087,-332.313,-117.837,-17.7752,11.3969,18.4257,158.725,-86.2541,-86.2541,-190.047,-107.538,-107.538,-269.519,125.858,157.602,-811.596,-811.596,170.358,408.293,376.238,191.387,203.302,-292.221,-1045.08,-1065.63,-1056.31,10.8531,-96.1351,-96.1351,25.3303,-46.5901,-52.3893,8.71934,8.71934,-219.5,141.869,63.4759,198.024,-160.731,-86.0896,131.01,131.01,-10.0599,-26.9959,126.297,126.297,19.2203,328.864,-228.77,-119.343,-119.343,3.67857,3.67857,0.64536,0.980663,0.864627,-6.99387,-4.98218,13.5355,-1.15563,-1.18516,-0.976248,-4.26811,3.55621,71.7619,71.7619,7.58628,7.58628,8.82404,8.82404,-72.7923,-72.7923,-72.7923,28.4638,28.4638,5.72842,-29.2114,-14.0044,-14.0044,13.7007,13.7007,-70.206,-15.866,-191.387,-8.65883,-8.65883,-150.314,-150.314,-150.314,483.906,-121.804,-121.804,-126.196,-126.196,-5.4368,38.249,38.249,-11.2189,-11.2189,-611.757,-611.757,523.833,523.833,0,-28.3449,-218.009,-91.5618,260.498,260.498,-170.317,999.263,537.428,-174.67,-606.84,-606.84,130.907,130.907,-526.986,-526.986,49.3923,133.348,154.86,714.03,224.866,224.866,-135.522,-135.522,-135.522,456.819,456.819,-524.878,-2.55978e-09,-2.55978e-09,206.818,-364.66,-364.66,489.41,-185.546,63.1679,0,263.588,192.266,-481.89,-366.252,-366.252,-64.7992,16.8143,-13.5105,-323.084,-323.084,77.172,65.8022,65.8022,1117.97,-200.633,-1117.97,776.129,792.213,766.843,-1095.35,429.637,-297.668,1045.08,1065.63,1056.31,-708.585,-5.6892,-49.553,515.353,1812.78,74.91,1832.35,4655.06,2472.92,2472.92,189.138,-983.948,155.456,204.193,143.781,-105.181,185.264,-147.195,-160.439,-162.74,201.252,198.58,202.022,-145.641,58.2439,58.2439,-141.629,420.48,420.48,-977.519,159.533,173.675,-144.37,147.922,408.159,798.411,798.411,333.381,669.32,729.827,2148.78,-687.89,439.87,-333.381,-5.03902,515.027,799.494,470.742,468.034,5.03902,-565.146,-613.641,154.355,130.169,177.241,77.0707,-28.0681,206.144,98.4156,98.4074,-53.0453,103.238,-87.7909,-114.108,55.8153,-549.491,-669.32,-596.181,-729.827,-93.8123,-93.8123,-70.855,-186.625,35.6021,35.6021,154.197,154.197,-273.983,-273.983,89.0731,40.7997,9.90871,-210.072,958.953,-2925.1,-2191.56,5272.79,-9.90871,1201.25,-271.659,-278.892,167.636,167.636,85.763,85.763,139.806,293.771,-474.979,5.59809,28.305,28.305,135.704,172.656,-116.113,100.116,17.7969,17.7969,39.7972,39.2364,245.487,245.487,320.828,106.361,245.958,-63.6556,190.166,-183.762,-183.762,100.967,113.803,0,110.63,196.92,0,98.2182,-281.854,-281.854,-129.372,21.0582,-112.267,-113.093,-120.751,-5.60078,6.79747,187.352,-31.6665,-559.429,-191.951,-82.0257,-82.0257,36.042,187.705,187.705,7.54945,8.19314,-507.246,0,48.7458,48.7458,0,462.541,0,134.765,0,-124.732,0,37.7688,-82.2001,-31.283,-76.3345,-76.3345,0,-39.6327,-39.6327,-49.4428,0,0.708119,424.041,424.041,424.041,0.808083,0,0,0,27.3132,27.3132,27.3132,0,-33.9023,-11.3281,-11.3281,-7.35713,503.434,-8.08743,-8.08743,2.49458,8.18214,1.13419,-37.9971,18.1491,17.9961,8.364,0,-4.97503,0,-231.807,-231.807,-231.807,0,0,0,0,10.7034,617.142,98.689,98.689,-185.836,-437.807,-45.1957,-65.4204,0,153.217,-219.414,-59.7117,-466.621,-355.221,-858.334,-562.179,63.2995,13.5105,322.689,322.689,668.604,205.42,102.482,1656.58,1271.54,57.3626,83.09,201.899,984.098,364.547,410.064,-316.426,268.043,2863.95,-3497.27,-1452.49,7278.04,540.807,-919.714,725.965,8.35313,508.426,-118.278,225.585,93.9139,361.747,81.6679,305.893,-124.975,-124.975,137.651,210.188,210.188,724.084,68.7955,0,320.497,-47.9036,-423.741,0,0
2020-08-07 15:00:00 UTC,-208.116,-116.397,408.903,-67.4997,-67.4997,-96.2454,107.97,179.746,-296.636,-296.636,608.444,203.046,-931.622,-61.4546,78.5238,206.694,537.167,117.802,-418.641,-67.9558,-18.2527,-139.775,-139.775,-260.507,-360.239,-127.855,-19.0339,13.0748,18.816,175.805,-95.3169,-95.3169,-213.82,-122.873,-122.873,-300.572,149.157,186.531,-943.372,-943.372,200.655,464.281,419.733,212.457,235.182,-334.312,-1248.71,-1272.93,-1263.15,13.9917,-110.377,-110.377,28.8898,-54.4378,-68.6395,9.30579,9.30579,-253.517,156.295,73.3172,229.471,-186.73,-99.0007,151.927,151.927,-10.4198,-27.2849,133.08,133.08,20.3278,362.428,-253.325,-132.219,-132.219,3.18854,3.18854,0.703974,1.03866,1.16918,-7.9594,-4.75352,16.1714,-1.19343,-1.22101,-1.30901,-4.97716,3.64569,80.6187,80.6187,10.5558,10.5558,12.2012,12.2012,-82.1344,-82.1344,-82.1344,30.8451,30.8451,3.53378,-35.3765,-14.8821,-14.8821,15.6564,15.6564,-79.9792,-18.1824,-212.457,-10.7323,-10.7323,-167.951,-167.951,-167.951,545.391,-137.295,-137.295,-141.217,-141.217,-4.66926,43.7428,43.7428,-8.3905,-8.3905,-674.251,-674.251,579.864,579.864,0,-29.7693,-239.725,-99.3554,287.301,287.301,-189.687,1131.5,607.692,-193.573,-670.71,-670.71,145.943,145.943,-583.489,-583.489,54.3335,146.804,215.443,718.169,252.297,252.297,-151.042,-151.042,-151.042,525.238,525.238,-581.638,-2.85056e-10,-2.85056e-10,231.746,-412.518,-412.518,556.316,-214.06,66.117,0,300.534,202.287,-551.075,-415.484,-415.484,-74.7324,14.8665,-17.8952,-356.849,-356.849,72.4915,63.0681,63.0681,1336.89,-237.081,-1336.89,884.768,902.984,871.86,-1269.75,502.495,-339.584,1248.71,1272.93,1263.15,-756.441,-7.35326,-83.8488,568.662,1967.92,92.9756,1991.19,5083.11,2704.92,2704.92,190.975,-1087.49,181.433,210.081,154.2,-107.865,204.924,-156.427,-175.718,-177.787,218.265,215.475,219.104,-156.508,70.6964,70.6964,-152.211,455.166,455.166,-1066.31,195.711,190.851,-155.032,160.654,435.86,906.041,906.041,356.194,714.597,779.05,2271.18,-708.604,485.517,-356.194,-5.86741,582.354,862.546,507.938,505.065,5.86741,-596.467,-647.299,163.216,137.722,187.425,82.7471,-31.492,234.205,104.801,104.792,-58.1003,121.294,-93.669,-121.586,58.2724,-578.715,-714.597,-627.5,-779.05,-96.8815,-96.8815,-73.5879,-192.547,35.7549,35.7549,159.03,159.03,-291.294,-291.294,116.593,45.2599,12.078,-219.487,991.151,-3125.56,-2316.18,5384.39,-12.078,1307.68,-318.695,-297.768,198.344,198.344,113.878,113.878,129.885,309.741,-532.504,3.50538,35.6479,35.6479,176.397,174.789,-15.5259,130.814,23.1477,23.1477,50.7348,50.0221,271.285,271.285,357.047,118.543,281.289,-37.7249,256.482,-204.702,-204.702,114.201,128.879,0,112.766,201.135,0,110.776,-286.242,-286.242,-151.312,46.8162,-126.177,-127.094,-135.218,2.31438,13.642,216.987,-33.4431,-575.283,-199.419,-87.487,-87.487,32.2653,200.098,200.098,9.23104,9.92487,-527.448,0,40.7824,40.7824,0,534.365,0,148.021,0,-136.636,0,38.1155,-82.1904,-33.9739,-83.3149,-83.3149,0,-42.2927,-42.2927,-52.6944,0,1.02811,511.436,511.436,511.436,0.991802,0,0,0,34.0882,34.0882,34.0882,0,-35.1882,-10.9995,-10.9995,-6.37708,564.112,-7.60398,-7.60398,4.40425,10.5184,2.44715,-43.0859,20.1678,19.999,9.85084,0,-2.67569,0,-238.232,-238.232,-238.232,0,0,0,0,16.3055,699.196,108.057,108.057,-165.98,-486.902,-33.8789,-48.7842,0,187.853,-234.414,-63.372,-444.601,-292.214,-878.82,-605.203,83.5678,17.8952,356.129,356.129,742.335,258.086,117.38,1965.87,1375.63,61.1127,88.6066,215.255,1057.48,381.169,433.908,-329.431,291.581,3084.36,-3533.82,-1470.66,7434.18,613.938,-908.347,724.803,27.4272,559.544,-112.954,227.459,112.546,290.157,93.6031,313.847,-136.399,-136.399,163.335,213.902,213.902,800.711,96.2454,0,339.437,-46.3527,-432.259,0,0
2020-08-07 16:00:00 UTC,-215.907,-119.147,405.842,-61.2847,-61.2847,-120.656,104.836,173.976,-299.155,-299.155,664.43,228.101,-999.905,-61.8006,90.8879,215.298,584.173,128.408,-448.955,-75.4804,-35.5721,-151.192,-151.192,-274.766,-376.398,-133.582,-19.8684,14.2138,18.0913,187.236,-101.811,-101.811,-232.729,-135.833,-135.833,-324.213,171.19,213.832,-1061.08,-1061.08,229.003,510.628,453.179,228.508,264.033,-370.947,-1437.94,-1465.51,-1455.56,17.2281,-122.82,-122.82,31.9784,-61.6851,-85.528,9.48464,9.48464,-283.815,166.915,82.4154,257.196,-210.109,-110.348,169.861,169.861,-10.31,-26.2441,136.458,136.458,20.4387,387.214,-274.478,-145.112,-145.112,2.25319,2.25319,0.709696,1.02595,1.44509,-8.8102,-4.31683,18.721,-1.24832,-1.27299,-1.70568,-5.68875,3.59632,87.8184,87.8184,13.7155,13.7155,15.7878,15.7878,-89.82,-89.82,-89.82,32.2294,32.2294,0.79322,-41.3792,-15.3798,-15.3798,17.405,17.405,-88.5013,-20.2657,-228.508,-12.885,-12.885,-183.298,-183.298,-183.298,599.419,-151.099,-151.099,-154.585,-154.585,-3.76778,48.9355,48.9355,-5.69626,-5.69626,-727.974,-727.974,628.614,628.614,0,-31.1021,-258.311,-105.41,310.316,310.316,-206.079,1248.73,669.822,-209.53,-725.684,-725.684,159.551,159.551,-632.588,-632.588,58.9821,158.376,274.049,711.828,275.953,275.953,-164.181,-164.181,-164.181,586.425,586.425,-630.968,-3.7035e-10,-3.7035e-10,252.94,-453.97,-453.97,614.198,-239.721,66.6886,0,332.353,207.634,-612.4,-458.446,-458.446,-84.6071,11.3938,-22.3364,-385.685,-385.685,64.8057,57.8755,57.8755,1540.88,-268.987,-1540.88,977.762,997.775,961.118,-1421.95,568.069,-376.732,1437.94,1465.51,1455.56,-787.726,-5.39617,-112.867,616.289,2097.02,109.89,2122.68,5438.03,2897.02,2897.02,190.132,-1175.59,207.405,213.11,161.285,-110.807,221.853,-163.261,-188.595,-190.418,231.936,229.076,232.831,-165.292,82.4652,82.4652,-160.754,484.16,484.16,-1141,232.102,205.174,-163.605,170.258,457.016,1003.73,1003.73,374.211,749.313,816.775,2361.87,-720.184,524.916,-374.211,-6.6616,642.463,910.735,536.358,533.364,6.6616,-620.019,-672.571,169.526,143.145,194.772,86.9597,-34.3032,258.967,109.499,109.49,-62.1582,138.348,-98.0071,-127.072,60.3798,-600.589,-749.313,-650.901,-816.775,-98.744,-98.744,-75.4082,-195.601,35.5788,35.5788,161.698,161.698,-304.216,-304.216,142.649,48.8565,13.6468,-226.095,1008.35,-3275.49,-2408.67,5439.49,-13.6468,1399.09,-359.698,-312.855,224.911,224.911,139.232,139.232,120.248,324.364,-583.717,1.90221,43.3307,43.3307,212.961,175.749,76.3986,156.706,28.4625,28.4625,61.1182,60.2619,293.217,293.217,388.107,128.746,312.378,-15.1026,316.605,-224.501,-224.501,126.662,143.061,0,115.436,206.225,0,122.643,-292.317,-292.317,-171.621,68.9646,-138.99,-139.988,-148.816,9.76136,20.0755,242.522,-34.8516,-585.135,-203.074,-91.6999,-91.6999,26.7851,208.347,208.347,10.5315,11.2555,-534.128,0,32.5646,32.5646,0,590.101,0,156.636,0,-143.517,0,38.3666,-77.7761,-35.5203,-87.9054,-87.9054,0,-43.7008,-43.7008,-55.0963,0,1.3941,593.477,593.477,593.477,1.15648,0,0,0,41.0451,41.0451,41.0451,0,-35.1931,-10.003,-10.003,-4.50639,620.787,-6.68003,-6.68003,6.3952,13.1466,3.89261,-47.503,21.8498,21.6685,11.3985,0,0.0244839,0,-240.93,-240.93,-240.93,0,0,0,0,22.0523,771.728,115.739,115.739,-139.973,-527.036,-19.9934,-28.4054,0,217.764,-244.977,-65.9219,-410.838,-222.55,-886.975,-638.898,101.866,22.3364,384.592,384.592,804.281,309.362,131.06,2229.06,1455.25,63.8589,92.6631,225.079,1109.88,391.559,449.433,-337.709,306.873,3247.4,-3546.82,-1477.42,7511.21,679.591,-895.241,722.749,44.2828,606.824,-107.046,228.362,128.518,227.523,107.398,321.531,-146.102,-146.102,186.655,218.525,218.525,875.113,120.656,0,354.238,-44.0907,-433.242,0,0
2020-08-07 17:00:00 UTC,-221.614,-120.591,397.971,-54.1594,-54.1594,-144.787,100.285,166.038,-295.608,-295.608,713.369,251.635,-1058.71,-61.359,102.887,221.4,626.738,138.032,-475.084,-82.3216,-52.1032,-161.79,-161.79,-286.615,-386.944,-137.432,-20.61,15.2472,16.1151,197.411,-107.571,-107.571,-249.281,-147.143,-147.143,-345.176,192.526,240.221,-1171.21,-1171.21,256.818,552.132,482.319,242.399,292.48,-406.958,-1620.63,-1651.38,-1641.5,20.262,-134.384,-134.384,34.9802,-68.4327,-100.997,9.6628,9.6628,-311.311,177.509,91.4902,282.7,-231.414,-120.46,185.573,185.573,-10.1618,-25.0391,138.646,138.646,20.378,408.401,-293.694,-157.797,-157.797,1.29451,1.29451,0.720864,1.01233,1.70199,-9.60074,-3.91665,21.0515,-1.30914,-1.33054,-2.09417,-6.35141,3.47805,94.6048,94.6048,16.631,16.631,19.0914,19.0914,-96.9345,-96.9345,-96.9345,33.0572,33.0572,-1.83981,-46.8971,-15.7871,-15.7871,19.0077,19.0077,-97.0424,-22.1466,-242.399,-14.7838,-14.7838,-196.988,-196.988,-196.988,648.632,-163.39,-163.39,-166.427,-166.427,-3.0328,53.496,53.496,-2.85512,-2.85512,-774.726,-774.726,671.753,671.753,0,-32.0129,-274.66,-110.834,330.651,330.651,-220.975,1356.22,726.655,-223.981,-773.697,-773.697,171.495,171.495,-675.461,-675.461,63.1576,168.565,332.702,697.491,297.576,297.576,-176.333,-176.333,-176.333,644.305,644.305,-674.068,-2.90184e-10,-2.90184e-10,273.039,-492.256,-492.256,668.012,-264.398,64.8463,0,361.085,209.314,-669.128,-497.939,-497.939,-93.0814,8.44056,-26.4125,-411.585,-411.585,54.398,50.4607,50.4607,1738.3,-298.164,-1738.3,1061.36,1082.96,1040.85,-1561.54,631.453,-409.823,1620.63,1651.38,1641.5,-807.109,-0.392415,-139.447,659.446,2205.76,125.829,2233.65,5737.91,3059,3059,187.465,-1251.5,229.512,213.687,167.379,-111.533,236.43,-168.948,-199.654,-201.231,243.255,240.346,244.197,-172.591,93.3613,93.3613,-167.855,509.041,509.041,-1204.5,264.904,217.885,-170.713,178.867,473.79,1092.64,1092.64,389.042,776.396,846.189,2430.46,-724.978,560.484,-389.042,-7.59504,698.477,947.671,558.137,555.054,7.59504,-638.171,-692.025,173.901,146.988,200.343,90.189,-36.4591,281.914,112.899,112.89,-65.3538,155.172,-101.157,-131.002,62.5154,-617.4,-776.396,-668.859,-846.189,-99.9587,-99.9587,-76.7358,-197.239,35.3532,35.3532,163.263,163.263,-313.908,-313.908,168.132,52.0434,14.6206,-230.98,1019.91,-3387.44,-2477.72,5479.76,-14.6206,1483.6,-397.243,-325.404,249.074,249.074,164.037,164.037,110.447,338.522,-631.343,0.229971,51.4279,51.4279,247.818,175.695,162.788,180.026,34.0125,34.0125,71.5718,70.5716,312.76,312.76,416.195,137.896,341.38,7.58475,375.521,-243.407,-243.407,138.671,156.737,0,117.53,210.493,0,133.924,-296.443,-296.443,-191.266,89.9827,-151.235,-152.309,-161.952,17.277,26.4819,265.687,-35.9349,-589.969,-205.794,-95.0735,-95.0735,22.1189,213.847,213.847,11.6795,12.4227,-532.071,0,23.5829,23.5829,0,636.499,0,163.488,0,-148.175,0,38.6017,-72.639,-36.3425,-91.9334,-91.9334,0,-44.5347,-44.5347,-57.7069,0,1.78071,673.148,673.148,673.148,1.32262,0,0,0,47.901,47.901,47.901,0,-35.0148,-8.94261,-8.94261,-2.58903,674.825,-5.73083,-5.73083,8.20954,15.7187,5.28827,-50.7469,23.3863,23.1938,12.709,0,2.22562,0,-240.965,-240.965,-240.965,0,0,0,0,27.4084,838.763,122.275,122.275,-104.538,-561.571,-3.63102,-4.41581,0,251.967,-251.869,-67.5849,-365.191,-148.807,-886.352,-667.291,118.391,26.4125,410.183,410.183,857.079,358.876,144.254,2453.69,1513.9,65.815,95.5803,232.159,1140.87,398.533,457.961,-343.579,316.364,3360.4,-3560.8,-1484.5,7567.63,741.077,-880.311,720.382,61.5432,650.36,-100.362,227.781,142.95,169.178,122.425,329.423,-154.732,-154.732,208.666,222.337,222.337,948.151,144.787,0,365.434,-41.9136,-428.715,0,0
2020-08-07 18:00:00 UTC,-225.246,-120.971,382.812,-46.2007,-46.2007,-168.165,93.1321,154.073,-286.96,-286.96,749.857,272.598,-1103.59,-63.0025,114.246,222.76,664.831,146.658,-494.793,-87.6995,-66.8664,-172.316,-172.316,-296.122,-391.648,-139.331,-21.2687,16.1846,12.7292,206.406,-112.463,-112.463,-262.504,-155.917,-155.917,-362.573,211.643,263.823,-1266.11,-1266.11,282.164,585.851,504.856,253.073,318.711,-440.441,-1782.42,-1815.97,-1806.32,22.9382,-144.299,-144.299,37.5408,-74.2706,-114.696,9.72703,9.72703,-334.517,186.499,99.8279,303.258,-249.544,-128.884,197.146,197.146,-9.883,-23.4848,139.458,139.458,19.9994,424.289,-308.647,-166.309,-166.309,0.273933,0.273933,0.725757,0.985094,1.9257,-10.2805,-3.50981,23.0619,-1.36201,-1.38056,-2.4548,-6.92862,3.2828,100.394,100.394,19.2447,19.2447,22.0467,22.0467,-102.908,-102.908,-102.908,33.1832,33.1832,-4.3611,-51.6875,-16.0379,-16.0379,20.3519,20.3519,-104.948,-23.7105,-253.073,-16.1903,-16.1903,-207.961,-207.961,-207.961,688.904,-172.977,-172.977,-175.818,-175.818,-2.52058,57.0975,57.0975,-0.195425,-0.195425,-811.425,-811.425,705.941,705.941,0,-32.5055,-287.678,-115.242,346.741,346.741,-233.253,1444.72,773.354,-236.062,-811.534,-811.534,180.962,180.962,-709.183,-709.183,66.5021,176.609,385.907,678.39,315.523,315.523,-186.686,-186.686,-186.686,694.266,694.266,-707.895,-1.55509e-09,-1.55509e-09,290.24,-524.416,-524.416,713.929,-285.641,62.1931,0,385.217,208.437,-716.66,-531.007,-531.007,-99.5015,6.31041,-29.5092,-431.91,-431.91,43.0523,42.143,42.143,1913.56,-322.836,-1913.56,1130.84,1153.73,1106.71,-1679.54,687.538,-437.296,1782.42,1815.97,1806.32,-816.021,6.47689,-162.41,694.142,2285.3,139.24,2315.36,5958.01,3177.36,3177.36,183.282,-1310.75,245.668,211.753,172.203,-110.569,247.51,-173.138,-208.039,-209.408,251.401,248.468,252.379,-177.967,102.629,102.629,-173.086,528.17,528.17,-1252.75,291.29,228.012,-175.938,185.701,485.526,1165.55,1165.55,399.418,793.885,865.174,2471.37,-722.328,588.263,-399.418,-8.56862,743.426,970.864,571.806,568.67,8.56862,-649.822,-704.5,176.206,149.095,203.661,92.1649,-37.8287,300.264,114.832,114.824,-67.4294,169.24,-102.954,-133.206,63.7636,-628.173,-793.885,-680.354,-865.174,-100.46,-100.46,-77.7157,-197.82,35.1736,35.1736,163.721,163.721,-319.679,-319.679,189.777,54.6172,15.5292,-233.806,1025.96,-3456.23,-2519.67,5495.79,-15.5292,1551.1,-426.391,-334.535,267.799,267.799,185.424,185.424,101.916,350.153,-670.647,-1.11605,58.6307,58.6307,276.87,175.694,234.184,198.621,38.7143,38.7143,80.3318,79.2113,327.81,327.81,438.222,145.113,365.107,30.3646,426.295,-257.128,-257.128,147.704,167.082,0,116.694,209.846,0,142.615,-294.942,-294.942,-206.989,110.499,-160.94,-162.074,-171.646,23.7381,31.7198,284.112,-36.3429,-588.745,-207.724,-97.3484,-97.3484,19.072,216.722,216.722,12.7967,13.5551,-526.356,0,13.9674,13.9674,0,672.071,0,163.252,0,-150.479,0,38.8178,-66.7957,-36.3915,-95.4469,-95.4469,0,-44.7899,-44.7899,-60.6659,0,2.14337,744.118,744.118,744.118,1.47317,0,0,0,54.0222,54.0222,54.0222,0,-34.446,-7.73715,-7.73715,-0.547866,714.531,-4.71794,-4.71794,9.80112,17.9913,6.59679,-52.7347,24.6866,24.4849,13.5782,0,3.75945,0,-239.066,-239.066,-239.066,0,0,0,0,31.0738,892.664,127.062,127.062,-66.0609,-588.821,13.036,20.0056,0,285.693,-255.399,-68.4403,-314.564,-81.3966,-879.562,-688.306,131.312,29.5092,430.263,430.263,896.471,401.099,155.031,2620.04,1548.95,66.904,97.2241,236.16,1152.86,402.226,460.078,-347.378,317.487,3417.8,-3559.84,-1484.06,7589.78,790.624,-868.562,717.542,76.1713,686.731,-94.628,227.175,154.044,121.391,135.824,335.668,-161.429,-161.429,226.159,221.384,221.384,1002.65,168.165,0,369.298,-40.4054,-420.219,0,0
2020-08-07 19:00:00 UTC,-225.902,-119.849,361.658,-38.519,-38.519,-184.436,84.4041,139.885,-274.829,-274.829,771.685,287.363,-1130.33,-62.9358,122.753,221.884,690.067,152.381,-507.134,-91.3344,-77.1176,-179.81,-179.81,-301.736,-392.176,-139.679,-21.6992,16.8078,9.56018,212.252,-115.644,-115.644,-271.024,-161.556,-161.556,-373.927,225.238,280.586,-1330.71,-1330.71,300.407,607.599,518.616,259.575,337.703,-464.393,-1894.8,-1930.27,-1920.86,24.7685,-151.024,-151.024,39.3643,-78.2381,-123.771,9.78122,9.78122,-350.018,193.237,106.031,317.027,-261.687,-134.43,204.24,204.24,-9.64908,-22.2539,139.583,139.583,19.6343,433.666,-317.493,-170.365,-170.365,-0.480667,-0.480667,0.729954,0.962366,2.0774,-10.7424,-3.23933,24.4077,-1.41231,-1.4281,-2.72177,-7.32883,3.10375,104.344,104.344,21.0256,21.0256,24.0569,24.0569,-106.924,-106.924,-106.924,32.9792,32.9792,-6.13371,-54.9093,-16.1634,-16.1634,21.2558,21.2558,-110.651,-24.7396,-259.575,-17.0697,-17.0697,-215.441,-215.441,-215.441,716.814,-179.113,-179.113,-182.372,-182.372,-2.21836,59.7011,59.7011,1.00765,1.00765,-836.914,-836.914,730.583,730.583,0,-33.2517,-297.112,-118.312,358.315,358.315,-241.467,1506.45,805.878,-244.689,-837.523,-837.523,187.984,187.984,-732.546,-732.546,69.1621,182.374,423.648,664.526,328.129,328.129,-194.057,-194.057,-194.057,729.363,729.363,-731.08,-1.49769e-09,-1.49769e-09,302.684,-546.485,-546.485,745.171,-300.919,58.2327,0,400.66,206.275,-749.758,-553.624,-553.624,-104.111,4.49123,-31.722,-445.771,-445.771,34.0661,35.5977,35.5977,2035.43,-339.163,-2035.43,1176.75,1200.49,1150,-1758.24,725.621,-456.017,1894.8,1930.27,1920.86,-818.491,12.8765,-175.911,719.723,2342.8,148.868,2373.46,6116.33,3262.48,3262.48,180.059,-1350.81,257.455,210.119,175.565,-109.694,255.312,-175.962,-213.919,-215.13,257.174,254.227,258.176,-181.652,109.227,109.227,-176.67,541.261,541.261,-1285.57,310.416,235.25,-179.511,190.635,493.739,1217.76,1217.76,405.867,806.689,879.076,2502.63,-721.517,604.83,-405.867,-8.4114,770.395,988.828,582.395,579.218,8.4114,-658.251,-713.521,178.584,151.301,207.21,94.0836,-37.9556,310.352,116.487,116.479,-68.3858,177.584,-104.494,-135.08,65.8774,-635.945,-806.689,-688.643,-879.076,-101.838,-101.838,-78.701,-200.481,35.6323,35.6323,166.207,166.207,-324.052,-324.052,199.534,56.0842,17.0345,-237.052,1048.82,-3510.51,-2552.48,5559.75,-17.0345,1589.66,-442.849,-339.956,278.374,278.374,198.332,198.332,97.3058,356.686,-691.068,-1.91111,62.5386,62.5386,290.485,176.889,266.824,206.544,41.8567,41.8567,85.722,84.5277,336.991,336.991,451.552,149.331,379.851,45.3833,457.096,-264.689,-264.689,153.042,173.223,0,114.913,207.995,0,147.712,-291.878,-291.878,-216.403,124.638,-166.609,-167.776,-177.333,28.0321,35.0239,291.481,-35.7461,-589.494,-208.981,-98.907,-98.907,16.899,215.923,215.923,13.5505,14.3127,-515.583,0,5.41253,5.41253,0,691.405,0,162.462,0,-150.896,0,38.9625,-60.9694,-36.085,-97.7055,-97.7055,0,-44.6748,-44.6748,-62.9814,0,2.40662,793.573,793.573,793.573,1.58056,0,0,0,58.516,58.516,58.516,0,-33.9258,-6.82167,-6.82167,0.961335,736.186,-3.96741,-3.96741,10.8808,19.7288,7.52331,-53.588,25.5392,25.3315,14.052,0,4.66438,0,-237.267,-237.267,-237.267,0,0,0,0,33.5165,930.594,129.919,129.919,-37.9742,-606.697,25.6022,38.4138,0,306.953,-257.285,-68.8362,-275.329,-30.7877,-873.439,-703.377,140.828,31.722,443.968,443.968,924.841,432.023,161.329,2741.32,1576.12,67.8272,98.6254,239.575,1157.01,408.864,464.837,-352.324,324.324,3451.88,-3562.25,-1485.73,7678.74,820.377,-865.579,715.447,84.0473,705.171,-92.1677,228.187,159.79,99.7905,142.222,339.275,-166.004,-166.004,237.475,219.392,219.392,1033.14,184.436,0,362.297,-38.6563,-413.138,0,0
2020-08-07 20:00:00 UTC,-225.532,-118.461,341.756,-32.6289,-32.6289,-196.797,76.3961,126.894,-261.215,-261.215,784.92,297.825,-1146.74,-62.3502,129.047,220.25,707.178,156.264,-515.092,-93.8139,-84.5511,-185.492,-185.492,-305.48,-390.654,-139.269,-22.0209,17.2799,6.48224,216.583,-117.894,-117.894,-276.614,-165.099,-165.099,-381.793,234.636,292.163,-1374.41,-1374.41,313.317,621.772,527.239,263.646,351.508,-482.301,-1971.75,-2008.52,-1999.34,25.9112,-155.586,-155.586,40.5746,-80.85,-129.506,9.85439,9.85439,-360.21,198.269,110.422,325.949,-269.74,-138.063,208.446,208.446,-9.48746,-21.3698,139.513,139.513,19.3639,439.393,-322.92,-172.942,-172.942,-1.00686,-1.00686,0.739596,0.949601,2.17944,-11.0565,-3.06621,25.255,-1.43882,-1.45317,-2.89185,-7.57812,2.94074,107.118,107.118,22.1788,22.1788,25.3546,25.3546,-109.671,-109.671,-109.671,32.585,32.585,-7.30739,-56.9504,-16.2458,-16.2458,21.8243,21.8243,-114.928,-25.3753,-263.646,-17.3981,-17.3981,-220.104,-220.104,-220.104,734.63,-182.307,-182.307,-186.437,-186.437,-2.11364,61.3776,61.3776,1.54268,1.54268,-852.851,-852.851,746.219,746.219,0,-33.8618,-303.285,-120.208,365.637,365.637,-246.629,1546.03,826.717,-250.71,-853.678,-853.678,192.71,192.71,-747.083,-747.083,70.9629,186.043,450.128,652.628,336.611,336.611,-199.159,-199.159,-199.159,753.085,753.085,-745.235,6.8376e-10,6.8376e-10,311.15,-561.204,-561.204,766.217,-311.625,54.7729,0,410.881,203.668,-772.477,-568.592,-568.592,-107.219,3.04025,-33.1345,-454.445,-454.445,27.1985,30.5292,30.5292,2119.53,-350.336,-2119.53,1207.43,1231.72,1178.88,-1811.73,751.894,-468.89,1971.75,2008.52,1999.34,-817.813,17.9453,-185.73,735.428,2374.16,155.154,2405.45,6202.84,3308.49,3308.49,176.887,-1376.25,264.32,207.807,177.923,-107.671,259.939,-177.377,-217.337,-218.448,260.195,257.249,261.21,-183.75,113.733,113.733,-178.71,549,549,-1305.69,322.779,239.776,-181.54,193.962,497.859,1251.7,1251.7,409.079,811.858,884.69,2512.44,-716.873,615.282,-409.079,-8.78023,787.656,995.912,586.566,583.376,8.78023,-661.602,-717.109,179.225,151.954,208.217,94.6914,-38.0876,316.174,117.01,117.001,-68.8463,183.526,-104.982,-135.659,65.8968,-639.023,-811.858,-691.926,-884.69,-102.053,-102.053,-79.2457,-201.2,35.6587,35.6587,166.49,166.49,-325.397,-325.397,206.378,56.8784,17.1717,-237.91,1052.65,-3531.07,-2564.27,5578.27,-17.1717,1612.46,-452.586,-342.906,284.567,284.567,207.126,207.126,93.437,361.063,-704.971,-2.83926,65.5475,65.5475,298.422,178.725,283.8,210.115,44.3248,44.3248,89.7084,88.4595,342.484,342.484,459.74,152.004,389.268,56.4015,478.996,-269.863,-269.863,156.711,177.458,0,113.381,206.341,0,151.308,-289.66,-289.66,-222.922,134.766,-170.318,-171.506,-181.175,31.3845,37.5565,294.454,-34.9355,-586.509,-209.445,-99.6034,-99.6034,15.81,214.134,214.134,14.1826,14.9492,-507.898,0,-0.916203,-0.916203,0,700.734,0,161.414,0,-150.389,0,39.0715,-55.1797,-35.5993,-99.3647,-99.3647,0,-44.3837,-44.3837,-65.005,0,2.58169,827.564,827.564,827.564,1.65819,0,0,0,61.4842,61.4842,61.4842,0,-33.5509,-6.16578,-6.16578,2.01372,749.667,-3.44324,-3.44324,11.5744,20.7626,8.16992,-53.5845,26.1245,25.9128,14.061,0,4.97794,0,-235.43,-235.43,-235.43,0,0,0,0,34.951,954.989,131.404,131.404,-17.1309,-618.247,35.1495,52.3889,0,321.321,-257.994,-68.9714,-246.271,3.35796,-867.248,-712.048,146.423,33.1345,452.564,452.564,940.595,452.09,165.739,2808.95,1587.65,68.109,99.0611,240.641,1156.74,411.181,465.958,-354.226,323.364,3458.13,-3574.86,-1491.75,7704.68,839.461,-867.32,712.749,90.8863,715.883,-91.1644,229.557,162.647,88.2482,145.972,341.402,-168.861,-168.861,244.678,217.213,217.213,1054.07,196.797,0,353.143,-37.8686,-406.551,0,0
2020-08-07 21:00:00 UTC,-224.278,-116.78,327.033,-30.1251,-30.1251,-205.175,70.4245,117.178,-243.637,-243.637,793.458,303.271,-1155.64,-58.0915,132.328,220.38,712.825,157.547,-520.279,-95.6898,-89.9149,-188.462,-188.462,-307.803,-387.793,-138.381,-22.2546,17.6272,3.62656,219.685,-119.276,-119.276,-279.048,-166.247,-166.247,-386.216,240.493,299.374,-1403.17,-1403.17,321.545,631.992,532.362,266.076,360.529,-494.036,-2022.93,-2060.56,-2051.55,26.5847,-158.645,-158.645,40.9559,-82.5281,-134.026,9.73737,9.73737,-366.896,200.372,113.347,329.658,-275.346,-140.57,209.068,209.068,-9.23527,-20.3419,139.013,139.013,18.9303,442.34,-326.164,-173.681,-173.681,-1.55603,-1.55603,0.735652,0.929053,2.25211,-11.2761,-2.91201,25.9109,-1.45666,-1.47006,-3.04021,-7.77304,2.82577,109.074,109.074,23.0963,23.0963,26.3891,26.3891,-111.495,-111.495,-111.495,32.2562,32.2562,-8.38557,-58.5609,-16.275,-16.275,22.2539,22.2539,-117.995,-25.8305,-266.076,-17.3456,-17.3456,-222.937,-222.937,-222.937,745.927,-183.566,-183.566,-188.972,-188.972,-2.20355,62.5277,62.5277,1.43809,1.43809,-863.121,-863.121,756.464,756.464,0,-34.5359,-307.589,-121.548,370.401,370.401,-249.79,1571.17,839.94,-255.13,-863.901,-863.901,195.992,195.992,-756.347,-756.347,72.0701,188.394,468,644.107,342.406,342.406,-202.789,-202.789,-202.789,768.939,768.939,-753.935,-3.6571e-10,-3.6571e-10,317.361,-571.137,-571.137,780.441,-319.234,51.4077,0,417.223,201.408,-787.892,-578.502,-578.502,-108.83,2.54054,-33.9829,-460.091,-460.091,22.2725,26.9033,26.9033,2175.65,-357.623,-2175.65,1227.47,1252.12,1197.72,-1847,769.403,-477.385,2022.93,2060.56,2051.55,-816.457,21.608,-192.341,745.448,2392.68,159.206,2424.26,6254.88,3335.95,3335.95,174.517,-1392.13,267.407,205.808,179.959,-104.9,262.716,-178.189,-219.376,-220.426,261.974,259.031,262.997,-184.99,116.57,116.57,-179.918,553.61,553.61,-1318.02,329.592,242.819,-182.739,196.792,500.304,1273.29,1273.29,410.828,814.372,887.422,2515.36,-712.989,622.004,-410.828,-9.07776,798.799,999.323,588.571,585.377,9.07776,-663.211,-718.831,179.405,152.185,208.518,94.8947,-38.1765,319.495,117.216,117.208,-69.1237,187.321,-105.177,-135.87,65.175,-640.495,-814.372,-693.496,-887.422,-101.992,-101.992,-79.6487,-201.65,35.4415,35.4415,166.145,166.145,-325.822,-325.822,210.574,57.3029,17.3285,-238.047,1048.08,-3541.92,-2569.07,5563.87,-17.3285,1624.02,-458.006,-344.775,287.865,287.865,212.493,212.493,90.6521,363.657,-714.333,-3.378,67.6656,67.6656,302.357,181.058,290.724,211.078,45.9316,45.9316,92.1724,90.8897,345.996,345.996,464.836,153.576,395.234,64.1119,492.421,-272.287,-272.287,158.65,179.72,0,111.475,203.991,0,153.12,-285.955,-285.955,-226.621,140.854,-172.357,-173.555,-183.201,33.5365,39.074,294.874,-34.2185,-583.826,-210.252,-100,-100,15.8378,211.478,211.478,14.6965,15.4721,-507.546,0,-3.50819,-3.50819,0,701.987,0,166.012,0,-149.301,0,39.1502,-50.149,-34.9989,-100.544,-100.544,0,-43.9965,-43.9965,-66.7389,0,2.68349,850.338,850.338,850.338,1.70991,0,0,0,63.3388,63.3388,63.3388,0,-32.9513,-5.44109,-5.44109,3.11206,756.119,-2.89546,-2.89546,12.1297,21.5571,8.66142,-53.853,26.6317,26.4166,13.7875,0,4.70874,0,-234.019,-234.019,-234.019,0,0,0,0,35.7149,970.737,132.307,132.307,-2.70727,-625.899,41.8856,62.2459,0,330.669,-257.917,-69.0103,-226.166,26.0766,-862.472,-718.354,149.981,33.9829,458.199,458.199,950.142,465.045,168.579,2851.24,1593.97,68.2074,99.2243,241.047,1155.02,412.849,467.746,-355.377,324.047,3458.94,-3571.95,-1490.38,7684.72,851.788,-872.586,709.797,94.9552,723.515,-91.3481,231.653,163.801,83.3361,148.474,342.464,-170.637,-170.637,249.668,214.605,214.605,1066.33,205.175,0,345.243,-37.4306,-401.641,0,0
2020-08-07 22:00:00 UTC,-224.225,-116.199,317.646,-28.6456,-28.6456,-210.68,66.4738,110.658,-236.685,-236.685,802.542,306.631,-1164.56,-53.1103,133.959,223.099,715.283,158.105,-525.324,-97.3064,-93.0247,-190.991,-190.991,-311.711,-388.771,-138.898,-22.5368,18.0423,1.83044,223.613,-120.776,-120.776,-280.784,-166.558,-166.558,-389.976,242.194,301.466,-1413.18,-1413.18,324.732,637.136,536.894,268.234,365.18,-500.979,-2040.41,-2078.32,-2069.41,26.3236,-159.928,-159.928,41.284,-82.8048,-132.607,10.0819,10.0819,-368.395,204.576,114.922,330.768,-276.568,-141.115,208.54,208.54,-9.54209,-21.025,139.981,139.981,19.4487,445.947,-327.131,-172.696,-172.696,-1.35515,-1.35515,0.789886,0.986359,2.27317,-11.3625,-3.12536,25.8828,-1.46403,-1.477,-3.02482,-7.76612,2.82763,110.616,110.616,22.8533,22.8533,26.1094,26.1094,-112.757,-112.757,-112.757,32.319,32.319,-8.04776,-58.5002,-16.5079,-16.5079,22.38,22.38,-120.077,-25.8932,-268.234,-16.9295,-16.9295,-223.532,-223.532,-223.532,749.041,-182.896,-182.896,-189.523,-189.523,-2.50906,62.8782,62.8782,0.987592,0.987592,-865.849,-865.849,759.209,759.209,0,-34.9683,-309.106,-122.086,371.652,371.652,-250.561,1577.93,843.497,-257.106,-866.442,-866.442,197.081,197.081,-758.659,-758.659,72.2117,188.977,474.58,639.52,344.595,344.595,-204.247,-204.247,-204.247,774.414,774.414,-755.704,-4.37717e-10,-4.37717e-10,320.174,-574.618,-574.618,785.636,-322.415,49.1394,0,418.945,199.663,-793.706,-581.66,-581.66,-108.689,3.10175,-34.086,-462.01,-462.01,20.3004,25.4969,25.4969,2195.09,-360.399,-2195.09,1234.54,1259.31,1204.42,-1859.87,775.442,-480.474,2040.41,2078.32,2069.41,-815.117,22.9436,-195.618,747.288,2392.59,160.32,2424.56,6256.31,3336.1,3336.1,173.014,-1396.53,266.447,204.152,181.677,-100.991,263.032,-178.213,-219.586,-220.627,261.9,258.964,262.924,-185.11,117.454,117.454,-180.042,554.079,554.079,-1320.84,330.136,243.762,-182.862,198.685,500.118,1279.29,1279.29,410.725,812.362,885.247,2506.27,-708.392,624.809,-410.725,-9.81598,803.576,996.328,586.798,583.616,9.81598,-661.814,-717.34,178.573,151.505,207.558,94.4183,-38.0363,320.635,116.677,116.669,-68.8487,189.377,-104.676,-135.254,64.1143,-639.191,-812.362,-692.108,-885.247,-101.478,-101.478,-79.6502,-200.85,34.9552,34.9552,164.838,164.838,-324.367,-324.367,213.261,57.2881,17.9482,-237.012,1034.38,-3531.72,-2561.59,5499.66,-17.9482,1626.01,-459.099,-345.228,288.424,288.424,214.961,214.961,88.6061,364.765,-719.843,-3.88526,69.0263,69.0263,304.035,183.133,294.634,210.849,46.7319,46.7319,93.303,92.0048,347.176,347.176,466.582,154.14,397.557,69.3228,498.678,-272.086,-272.086,158.868,180.021,0,109.235,200.705,0,153.356,-281.287,-281.287,-227.697,144.24,-172.813,-174.012,-183.335,34.5676,39.6707,294.228,-33.7367,-579.882,-210.811,-99.8348,-99.8348,16.9005,210.878,210.878,15.1522,15.9392,-510.958,0,-4.90774,-4.90774,0,699.76,0,174.048,0,-149.928,0,39.2542,-48.1635,-34.8401,-102.041,-102.041,0,-43.9862,-43.9862,-68.0995,0,2.66541,857.88,857.88,857.88,1.74938,0,0,0,63.6152,63.6152,63.6152,0,-33.6764,-5.74646,-5.74646,2.7103,755.596,-3.09587,-3.09587,11.9789,21.5679,8.60481,-52.9468,26.8959,26.6783,13.3169,-2.2818e-09,3.79395,0,-233.212,-233.212,-233.212,0,0,0,0,35.6116,976.289,132.355,132.355,2.18801,-628.631,44.5506,66.1399,0,333.14,-258.01,-68.9596,-218.332,32.6943,-859.67,-720.36,150.516,34.086,460.185,460.185,950.556,468.32,170.142,2854.89,1589.83,67.9019,98.7646,239.93,1151.25,412.206,466.884,-354.457,324.098,3434.94,-3529.82,-1470.08,7594.62,857.093,-880.13,706.92,98.0486,727.066,-92.0792,233.209,163.467,81.8817,149.515,342.763,-171.172,-171.172,251.862,211.208,211.208,1067.71,210.68,0,340.21,-37.7756,-398.928,0,0
2020-08-07 23:00:00 UTC,-220.918,-114.223,309.989,-30.1964,-30.1964,-206.008,63.9513,106.741,-226.693,-226.693,793.7,299.962,-1151.02,-45.2805,130.412,224.614,697.606,154.092,-521.421,-96.6577,-91.5879,-188.284,-188.284,-309.485,-383.645,-137.138,-22.4555,17.9292,0.668846,222.315,-119.673,-119.673,-276.173,-162.887,-162.887,-385.431,237.052,295.137,-1388.15,-1388.15,318.657,629.046,530.642,265.338,360.209,-495.697,-1995.62,-2032.77,-2023.78,25.2693,-157.586,-157.586,40.3799,-81.0955,-127.971,10.1316,10.1316,-362.214,203.444,113.446,323.189,-271.883,-139.023,202.668,202.668,-9.6405,-21.4022,139.91,139.91,19.587,441.273,-322.062,-168.301,-168.301,-1.13349,-1.13349,0.812805,1.01644,2.21826,-11.2047,-3.34988,25.2876,-1.45784,-1.4711,-2.94253,-7.60563,2.8534,109.788,109.788,22.0033,22.0033,25.1438,25.1438,-111.56,-111.56,-111.56,32.0308,32.0308,-7.34744,-57.1315,-16.5171,-16.5171,22.0594,22.0594,-119.241,-25.4344,-265.338,-15.9821,-15.9821,-220.405,-220.405,-220.405,738.249,-178.966,-178.966,-186.853,-186.853,-3.03363,62.0068,62.0068,-0.220187,-0.220187,-856.376,-856.376,749.899,749.899,0,-35.1557,-306.143,-121.159,367.221,367.221,-247.235,1553.61,830.705,-255.023,-856.472,-856.472,194.824,194.824,-749.731,-749.731,71.1439,186.715,461.254,642.689,340.627,340.627,-202.034,-202.034,-202.034,762.266,762.266,-746.204,-3.66016e-10,-3.66016e-10,317.245,-567.227,-567.227,774.783,-318.575,47.6052,0,412.159,198.76,-783.57,-573.649,-573.649,-106.034,4.70175,-33.1027,-456.43,-456.43,23.556,27.9466,27.9466,2147.1,-354.821,-2147.1,1217.99,1242.45,1189.05,-1832.52,761.127,-473.476,1995.62,2032.77,2023.78,-814.723,19.8578,-192.678,735.817,2363.63,156.519,2395.74,6179.77,3294.31,3294.31,172.799,-1381.98,259.852,202.982,182.04,-96.7271,259.417,-176.938,-216.866,-217.982,258.962,256.041,259.974,-183.426,115.052,115.052,-178.409,547.624,547.624,-1307.74,321.487,241.197,-181.233,198.749,496.072,1259.16,1259.16,406.935,804.658,876.89,2485.42,-704.363,616.046,-406.935,-10.0805,788.911,985.952,580.677,577.522,10.0805,-656.687,-711.857,177.337,150.447,205.896,93.4368,-37.2433,313.97,115.677,115.669,-67.7989,185.203,-103.747,-134.107,62.3019,-634.451,-804.658,-687.057,-876.89,-101.145,-101.145,-79.664,-201.205,34.8013,34.8013,164.194,164.194,-321.202,-321.202,205.918,56.5489,18.7799,-235.475,1025.65,-3500.13,-2541.84,5449.12,-18.7799,1601.57,-448.399,-342.094,281.334,281.334,208.647,208.647,90.4165,360.983,-707.568,-3.65167,67.1684,67.1684,291.596,184.684,262.531,201.437,45.8073,45.8073,90.9044,89.6391,342.183,342.183,459.427,151.977,390.234,65.0388,484.483,-266.662,-266.662,155.62,176.352,0,107.652,198.332,0,150.321,-278.336,-278.336,-222.568,139.37,-169.076,-170.249,-179.745,33.4986,38.5674,284.177,-32.7426,-575.481,-210.719,-98.9034,-98.9034,18.9939,206.622,206.622,15.0316,15.8185,-513.149,0,-3.11272,-3.11272,0,680.846,0,183.799,0,-147.785,0,39.2172,-46.8803,-34.1944,-101.539,-101.539,0,-43.5249,-43.5249,-68.4515,0,2.51171,838.216,838.216,838.216,1.71881,0,0,0,61.646,61.646,61.646,0,-33.8853,-5.98297,-5.98297,2.26698,738.858,-3.31691,-3.31691,11.4503,21.0251,8.22958,-51.6462,26.7297,26.5132,12.5369,0,2.22316,0,-233.667,-233.667,-233.667,0,0,0,0,34.2573,961.464,130.492,130.492,-9.00983,-622.898,40.1,59.6067,0,324.547,-257.504,-68.763,-232.777,12.0424,-861.008,-716.103,146.237,33.1027,454.747,454.747,936.881,455.553,167.14,2796.28,1574.94,67.3339,97.911,237.855,1142.73,412.414,467.791,-354.201,324.24,3395.05,-3487.83,-1449.97,7523.57,840.847,-892.593,705.971,93.7148,714.699,-94.9569,234.774,158.523,103.797,144.248,341.522,-169.17,-169.17,246.213,208.497,208.497,1046.03,206.008,0,329.852,-39.1733,-400.798,0,0
2020-08-08 00:00:00 UTC,-214.344,-111.234,304.305,-32.5927,-32.5927,-190.252,63.3226,106.219,-225.511,-225.511,761.441,282.122,-1109.76,-37.0777,121.275,223.01,659.386,145.424,-505.919,-92.9231,-84.1042,-180.621,-180.621,-300.023,-371.856,-132.948,-21.9305,17.1735,0.645188,214.707,-115.493,-115.493,-264.322,-154.795,-154.795,-370.983,223.555,278.512,-1317.07,-1317.07,301.405,602.226,510.75,256.007,343.707,-475.55,-1870.32,-1905.33,-1896.08,23.1478,-150.442,-150.442,38.4619,-76.7397,-117.308,10.0852,10.0852,-345.489,198.047,108.502,306.061,-258.72,-133.082,191.024,191.024,-9.7189,-22.0787,138.998,138.998,19.6405,426.592,-308.543,-157.685,-157.685,-0.580336,-0.580336,0.823105,1.04187,2.0554,-10.7113,-3.7289,23.7759,-1.45303,-1.46643,-2.73799,-7.2041,2.91191,105.958,105.958,20.0057,20.0057,22.8775,22.8775,-107.254,-107.254,-107.254,31.281,31.281,-5.66521,-53.5828,-16.2922,-16.2922,21.1047,21.1047,-114.727,-24.2176,-256.007,-14.4743,-14.4743,-212.16,-212.16,-212.16,708.294,-171.029,-171.029,-179.668,-179.668,-3.77179,59.2366,59.2366,-2.28326,-2.28326,-829.441,-829.441,723.996,723.996,0,-34.7876,-296.732,-118.227,355.087,355.087,-238.369,1486.94,795.602,-246.902,-828.675,-828.675,187.659,187.659,-724.72,-724.72,68.4861,180.611,421.904,655.153,327.897,327.897,-194.787,-194.787,-194.787,726.384,726.384,-720.824,-2.62939e-09,-2.62939e-09,306.12,-544.81,-544.81,742.033,-304.953,47.4109,0,394.047,198.521,-751.581,-550.269,-550.269,-100.171,7.46439,-30.6903,-440.49,-440.49,33.1596,35.0647,35.0647,2011.6,-337.988,-2011.6,1169.2,1192.76,1143.38,-1750.63,719.77,-452.946,1870.32,1905.33,1896.08,-813.212,11.8411,-180.769,706.324,2294.17,146.169,2326.08,5993.15,3193.25,3193.25,174.003,-1340.63,245.329,202.081,180.276,-92.3349,250.328,-173.89,-210.086,-211.383,251.93,249.038,252.911,-179.184,108.304,108.304,-174.285,531.644,531.644,-1271.97,300.377,233.843,-177.12,195.86,486.329,1203.93,1203.93,397.662,788.138,858.966,2444.53,-699.913,591.193,-397.662,-9.80214,747.76,964.404,567.974,564.87,9.80214,-645.658,-700.057,175.229,148.585,202.806,91.576,-35.6445,296.916,113.864,113.856,-65.6879,172.72,-102.065,-132.024,60.304,-624.247,-788.138,-676.177,-858.966,-100.743,-100.743,-79.1138,-201.504,34.9303,34.9303,163.83,163.83,-315.363,-315.363,185.831,54.4528,19.1265,-232.789,1018.74,-3437.03,-2501.75,5408.17,-19.1265,1542.96,-421.115,-333.707,263.582,263.582,191.307,191.307,97.491,350.546,-671.335,-2.58142,60.9101,60.9101,262.705,184.792,189.554,181.963,42.1781,42.1781,83.5183,82.354,328.605,328.605,439.979,146.027,369.982,51.1872,444.186,-252.408,-252.408,146.77,166.31,0,104.722,193.382,0,141.99,-272.249,-272.249,-208.464,125.419,-159.481,-160.592,-170.055,29.2888,34.7817,263.982,-31.2284,-569.704,-209.62,-96.77,-96.77,22.7155,199.191,199.191,14.0899,14.8516,-504.329,0,0.0577477,0.0577477,0,638.967,0,190.682,0,-142.717,0,39.0136,-48.4831,-33.0215,-98.6139,-98.6139,0,-42.6024,-42.6024,-67.3858,0,2.19473,783.213,783.213,783.213,1.60476,0,0,0,57.034,57.034,57.034,0,-34.0025,-6.56638,-6.56638,1.16067,696.738,-3.86806,-3.86806,10.202,19.822,7.30855,-49.0074,25.859,25.6489,11.505,0,0.0124731,0,-235.393,-235.393,-235.393,0,0,0,0,31.3318,919.444,125.799,125.799,-40.0936,-604.974,26.7365,40.0141,0,301.225,-256.097,-68.2614,-274.42,-43.7732,-866.455,-702.227,135.413,30.6903,439.034,439.034,903.524,421.369,157.893,2652.57,1544.24,66.3003,96.3612,234.089,1128.17,411.017,468.963,-352.215,323.559,3331.73,-3453.03,-1433.33,7466.02,795.333,-909.898,708.266,80.5549,680.186,-100.282,234.978,147.591,152.304,131.241,337.188,-163.725,-163.725,230.143,203.242,203.242,988.781,190.252,0,314.195,-41.882,-407.588,0,0
2020-08-08 01:00:00 UTC,-205.295,-107.608,306.232,-38.7047,-38.7047,-164.344,66.137,111.552,-226.316,-226.316,708.95,254.007,-1043.49,-29.515,106.8,218.865,602.913,132.643,-479.183,-86.2518,-70.2841,-167.103,-167.103,-283.874,-354.597,-126.746,-20.9797,15.8201,1.99762,201.253,-108.435,-108.435,-245.767,-142.671,-142.671,-347.066,201.645,251.484,-1201.27,-1201.27,272.887,557.849,478.48,240.747,315.282,-440.033,-1671,-1702.58,-1693.03,19.9459,-138.541,-138.541,35.4785,-69.7375,-100.723,9.95293,9.95293,-317.78,188.121,99.7535,279.884,-236.929,-123.041,174.393,174.393,-9.83295,-23.197,137.035,137.035,19.6702,402.863,-287.231,-142.241,-142.241,0.360925,0.360925,0.821442,1.06336,1.78716,-9.8895,-4.22775,21.3314,-1.42622,-1.44093,-2.37804,-6.53908,3.00441,99.1169,99.1169,16.8836,16.8836,19.3367,19.3367,-99.9121,-99.9121,-99.9121,30.1378,30.1378,-2.94193,-47.8137,-15.8543,-15.8543,19.4795,19.4795,-106.45,-22.241,-240.747,-12.3949,-12.3949,-198.257,-198.257,-198.257,657.646,-158.58,-158.58,-167.516,-167.516,-4.67214,54.4799,54.4799,-5.0669,-5.0669,-782.398,-782.398,679.205,679.205,0,-33.743,-279.946,-112.885,334.044,334.044,-223.25,1375.37,736.763,-232.081,-780.427,-780.427,175.059,175.059,-681.404,-681.404,64.0312,170.053,358.288,672.736,305.722,305.722,-182.215,-182.215,-182.215,666.217,666.217,-677.316,-2.63798e-09,-2.63798e-09,285.939,-506.405,-506.405,686.614,-280.98,48.658,0,364.505,198.113,-696.164,-510.525,-510.525,-90.6943,11.3977,-26.4581,-413.577,-413.577,47.1736,45.2949,45.2949,1795.45,-309.199,-1795.45,1086.19,1108.2,1064.99,-1611.75,652.306,-418.598,1671,1702.58,1693.03,-804.221,1.35859,-159.005,657.818,2176.95,129.098,2208.31,5674.79,3021.17,3021.17,176.222,-1267.69,222.25,200.919,174.846,-89.1112,234.973,-168.511,-198.59,-200.173,239.907,237.065,240.838,-171.815,97.0456,97.0456,-167.114,505.373,505.373,-1209.47,266.358,220.892,-169.955,188.435,468.864,1110.85,1110.85,382.293,759.846,828.235,2375.14,-692.014,551.598,-382.293,-9.03233,684.106,925.538,545.062,542.049,9.03233,-626.883,-679.941,170.917,144.799,197.241,88.2716,-33.3247,271.441,110.474,110.466,-62.385,154.132,-98.9274,-128.082,57.9391,-606.902,-759.846,-657.656,-828.235,-99.6564,-99.6564,-77.7627,-200.471,35.1553,35.1553,162.52,162.52,-305.484,-305.484,156.921,51.2405,18.1796,-227.888,1006.45,-3320.04,-2430.94,5365.15,-18.1796,1454.54,-379.429,-319.655,236.511,236.511,165.087,165.087,108.566,334.878,-615.818,-0.75206,51.7117,51.7117,222.73,182.272,89.9604,155.359,36.2947,36.2947,72.1698,71.1613,306.787,306.787,409.034,136.469,338.178,29.5237,382.151,-230.468,-230.468,133.008,150.678,0,100.723,186.013,0,128.975,-262.915,-262.915,-186.633,102.752,-144.909,-145.926,-155.028,22.265,28.6287,237.082,-29.6494,-560.418,-206.634,-93.1408,-93.1408,27.6776,189.542,189.542,12.5488,13.2732,-494.542,0,7.43794,7.43794,0,582.668,0,194.223,0,-135.275,0,38.6728,-53.0146,-31.4753,-93.3827,-93.3827,0,-41.2605,-41.2605,-64.7032,0,1.74962,695.908,695.908,695.908,1.41761,0,0,0,49.7872,49.7872,49.7872,0,-34.1284,-7.58286,-7.58286,-0.72185,633.579,-4.80426,-4.80426,8.24786,17.6262,5.85086,-45.0703,24.2768,24.0783,10.155,0,-2.68431,0,-236.998,-236.998,-236.998,0,0,0,0,26.0389,849.712,118.328,118.328,-85.4279,-572.665,6.48088,10.3215,0,264.498,-250.995,-67.0782,-335.744,-130.734,-871.595,-675.042,117.309,26.4581,412.447,412.447,846.866,366.152,143.711,2405.37,1483.75,64.3317,93.4404,227.009,1094.64,405.051,463.325,-347.045,317.514,3221.86,-3438.12,-1426.07,7406.01,725.239,-926.944,713.074,60.8625,628.714,-106.229,232.011,131.682,219.076,114.359,330.024,-154.739,-154.739,204.916,195.895,195.895,903.049,164.344,0,298.038,-45.8406,-415.992,0,0
2020-08-08 02:00:00 UTC,-199.263,-106.506,328.715,-48.2139,-48.2139,-136.164,76.5335,129.022,-237.839,-237.839,653.968,225.47,-976.114,-29.5758,91.7831,213.321,551.361,121.002,-449.167,-78.363,-52.1906,-152.46,-152.46,-266.749,-339.633,-121.228,-19.9089,14.3208,4.96271,186.517,-100.915,-100.915,-227.089,-130.93,-130.93,-321.704,178.493,222.87,-1078.23,-1078.23,242.284,509.649,445.021,224.764,283.555,-399.102,-1465.66,-1493.66,-1483.99,16.755,-125.569,-125.569,32.6479,-62.3335,-82.99,9.87545,9.87545,-287.395,177.551,89.9676,254.002,-212.942,-111.705,159.04,159.04,-10.0655,-24.7413,134.649,134.649,19.8414,378.644,-266.398,-128.761,-128.761,1.53492,1.53492,0.814444,1.08415,1.49504,-8.99032,-4.73066,18.695,-1.39479,-1.41106,-1.96466,-5.81551,3.1314,91.372,91.372,13.5202,13.5202,15.5245,15.5245,-91.8626,-91.8626,-91.8626,29.1623,29.1623,0.152457,-41.5463,-15.3646,-15.3646,17.699,17.699,-96.7344,-20.1379,-224.764,-10.4405,-10.4405,-183.086,-183.086,-183.086,602.848,-145.58,-145.58,-154.223,-154.223,-5.43804,49.1857,49.1857,-7.62528,-7.62528,-729.69,-729.69,630.177,630.177,0,-32.2851,-261.179,-106.95,311.004,311.004,-206.875,1255.64,673.478,-215.422,-726.558,-726.558,161.025,161.025,-633.12,-633.12,59.1743,158.48,292.591,687.786,281.33,281.33,-168.454,-168.454,-168.454,601.527,601.527,-629.103,-3.58171e-10,-3.58171e-10,263.107,-463.953,-463.953,626.194,-253.937,50.6763,0,332.687,196.348,-634.028,-466.816,-466.816,-80.553,15.3944,-21.9287,-385.906,-385.906,59.3496,53.9737,53.9737,1573.01,-277.085,-1573.01,993.472,1013.73,976.684,-1457.73,581.46,-381.207,1465.66,1493.66,1483.99,-784.867,-5.84601,-131.53,608.138,2052.96,111.265,2082.79,5334.76,2837.63,2837.63,179.253,-1183.98,197.725,200.464,167.726,-87.4752,218.496,-162.426,-186.198,-188.053,227.087,224.3,227.965,-163.608,84.8853,84.8853,-159.127,477.37,477.37,-1139.3,229.622,206.645,-161.958,178.971,449.037,1010.58,1010.58,366.186,728.769,794.463,2296.61,-685.16,513.576,-366.186,-8.40858,624.988,881.968,519.372,516.464,8.40858,-606.019,-657.558,165.303,139.906,190.576,84.4456,-31.2241,248.93,106.363,106.355,-59.0596,137.687,-95.1317,-123.278,56.8961,-587.573,-728.769,-636.985,-794.463,-97.818,-97.818,-75.5656,-196.503,35.1009,35.1009,159.735,159.735,-294.451,-294.451,133.387,47.9242,17.045,-221.85,985.685,-3184.81,-2350.44,5282.22,-17.045,1369.05,-340.073,-305.343,211.099,211.099,139.593,139.593,118.818,320.41,-566.344,1.03454,43.6325,43.6325,191.427,177.719,18.6822,135.303,29.978,29.978,60.8354,59.9833,285.331,285.331,378.474,126.611,306.775,6.39306,320.139,-209.338,-209.338,119.466,135.25,0,98.1146,180.105,0,115.91,-254.474,-254.474,-165.048,77.7572,-131.369,-132.304,-140.395,13.9106,21.6317,217.861,-29.5902,-553.302,-203.062,-89.3266,-89.3266,32.3368,184.45,184.45,10.8399,11.5292,-490.594,0,18.7686,18.7686,0,531.855,0,188.299,0,-128.715,0,38.3278,-58.994,-30.3856,-87.5633,-87.5633,0,-40.0699,-40.0699,-60.856,0,1.3493,606.221,606.221,606.221,1.22436,0,0,0,42.5657,42.5657,42.5657,0,-34.4772,-8.92514,-8.92514,-3.06985,575.874,-5.96897,-5.96897,6.14371,15.1999,4.25377,-41.1675,22.41,22.2251,8.90626,0,-4.97872,0,-236.974,-236.974,-236.974,0,0,0,0,20.2895,780.106,110.687,110.687,-125.258,-534.514,-12.3397,-17.2712,0,227.77,-243.397,-65.2815,-389.419,-213.737,-871.602,-643.015,98.7739,21.9287,385.087,385.087,787.169,310.315,130.843,2148.24,1411.96,61.9266,89.8895,218.41,1051.57,393.713,449.55,-337.833,306.36,3093.46,-3396.94,-1406.08,7289.91,660.473,-935.203,717.585,43.7975,584.072,-109.75,227.029,117.588,270.58,101.809,323.199,-145.662,-145.662,181.31,190.883,190.883,824.783,136.164,0,298.05,-48.7069,-421.36,0,0
2020-08-08 03:00:00 UTC,-192.788,-104.239,336.42,-53.2055,-53.2055,-112.949,81.4609,137.682,-241.253,-241.253,608.993,204.502,-920.352,-30.3956,81.2701,206.616,513.159,112.393,-424.188,-72.0563,-37.7027,-140.9,-140.9,-252.332,-328.234,-116.873,-18.9878,13.0549,7.85226,174.099,-94.7709,-94.7709,-212.778,-122.347,-122.347,-301.36,160.659,200.789,-981.107,-981.107,218.38,470.261,417.506,211.538,257.9,-365.21,-1308.36,-1333.59,-1324,14.4376,-115.056,-115.056,30.6805,-56.5432,-69.1739,9.82669,9.82669,-262.823,169.033,81.9799,234.86,-193.455,-102.291,148.404,148.404,-10.2657,-26.0297,132.226,132.226,19.9545,358.552,-249.654,-120.878,-120.878,2.53201,2.53201,0.797948,1.08559,1.25874,-8.26034,-5.06201,16.5747,-1.36602,-1.38375,-1.61921,-5.22929,3.20073,84.7244,84.7244,10.909,10.909,12.5634,12.5634,-85.1961,-85.1961,-85.1961,28.2977,28.2977,2.66266,-36.4753,-14.8987,-14.8987,16.2142,16.2142,-88.4208,-18.4426,-211.538,-9.2945,-9.2945,-171.09,-171.09,-171.09,559.434,-135.758,-135.758,-143.879,-143.879,-5.67864,45.2937,45.2937,-9.12125,-9.12125,-687.171,-687.171,590.648,590.648,0,-31.0025,-245.738,-101.45,292.164,292.164,-193.562,1161.48,623.596,-201.599,-683.322,-683.322,150.194,150.194,-594.672,-594.672,55.5168,149.079,243.382,694.03,261.536,261.536,-156.982,-156.982,-156.982,550.504,550.504,-590.852,-1.50179e-09,-1.50179e-09,243.945,-429.53,-429.53,577.041,-232.169,51.6933,0,307.023,192.988,-583.747,-431.78,-431.78,-73.9474,16.6649,-18.8123,-363.268,-363.268,66.6346,58.9722,58.9722,1402.64,-250.905,-1402.64,917.158,935.947,903.492,-1332.51,526.156,-350.691,1308.36,1333.59,1324,-761.777,-8.78765,-107.684,569.932,1951.99,97.6762,1979.88,5056.3,2687.1,2687.1,180.346,-1115.25,181.39,199.16,161.061,-86.4251,205.441,-156.711,-176.152,-178.196,216.336,213.61,217.169,-156.719,75.6105,75.6105,-152.412,454.002,454.002,-1081.84,204.213,194.529,-155.209,170.653,431.677,932.335,932.335,352.009,701.876,765.231,2227.5,-677.591,481.952,-352.009,-7.55783,577.028,844.673,497.378,494.563,7.55783,-587.656,-637.84,160.413,135.627,184.415,81.0249,-29.5798,229.603,102.813,102.805,-56.2924,124.772,-91.8554,-119.151,55.6166,-570.491,-701.876,-618.697,-765.231,-95.9384,-95.9384,-73.5805,-192.371,34.9405,34.9405,156.792,156.792,-284.757,-284.757,113.604,44.9404,16.7328,-216.227,963.758,-3068.44,-2278.76,5178.34,-16.7328,1300.23,-308.456,-292.734,190.662,190.662,119.669,119.669,126.823,309.199,-524.206,2.65262,37.6862,37.6862,163.461,174.125,-50.2576,115.584,25.9815,25.9815,52.9436,52.2008,267.528,267.528,353.535,118.524,281.738,-13.9225,272.743,-195.548,-195.548,110.524,125.026,0,98.1506,179.452,0,107.153,-253.112,-253.112,-149.786,58.2622,-121.517,-122.388,-130.822,8.29737,17.0179,198.896,-28.8169,-547.109,-198.016,-86.1581,-86.1581,33.6857,177.918,177.918,9.39864,10.0487,-477.187,0,25.0327,25.0327,0,495.779,0,180.39,0,-123.576,0,38.0595,-62.3422,-29.7168,-82.5806,-82.5806,0,-39.0731,-39.0731,-57.2388,0,1.08589,537.826,537.826,537.826,1.07495,0,0,0,37.2864,37.2864,37.2864,0,-34.7452,-10.0872,-10.0872,-5.06402,535.88,-6.95564,-6.95564,4.51308,13.2034,3.02798,-37.9458,20.7347,20.5621,8.19299,0,-5.69956,0,-235.119,-235.119,-235.119,0,0,0,0,16.5499,724.011,104.406,104.406,-149.521,-501.542,-24.8455,-35.6141,0,201.038,-235.166,-63.3523,-421.521,-270.566,-865.989,-615.441,84.4987,18.8123,362.613,362.613,738.922,269.442,120.405,1942.27,1352.55,59.8649,86.8359,211.007,1018.71,382.725,437.147,-328.878,293.673,2985.73,-3327.87,-1372.7,7144.06,608.14,-938.355,721.354,29.2656,546.886,-112.438,223.308,105.696,318.399,92.0925,318.538,-138.1,-138.1,162.449,190.488,190.488,772.332,112.949,0,289.91,-50.0499,-421.899,0,0
2020-08-08 04:00:00 UTC,-180.941,-98.3329,320.294,-53.4111,-53.4111,-92.7642,77.8444,132.804,-231.954,-231.954,551.271,182.297,-847.878,-29.8821,71.3796,192.986,468.637,102.377,-392.693,-64.947,-26.0237,-128.223,-128.223,-233.607,-309.371,-109.815,-17.8651,11.5493,9.51254,159.051,-87.3229,-87.3229,-195.423,-111.974,-111.974,-277.028,142.606,178.403,-879.413,-879.413,193.913,426.728,382.959,194.818,230.897,-329.097,-1149.07,-1171.46,-1162.12,12.4282,-103.787,-103.787,28.0171,-50.7174,-58.3928,9.21722,9.21722,-237.418,155.631,73.3167,212.604,-173.832,-92.6331,135.357,135.357,-9.87575,-25.6411,126.835,126.835,18.9372,331.674,-227.728,-106.43,-106.43,2.89781,2.89781,0.712098,0.996899,1.02005,-7.49531,-5.03082,14.641,-1.31828,-1.33858,-1.34658,-4.69274,3.12756,76.8687,76.8687,8.9424,8.9424,10.3293,10.3293,-77.4431,-77.4431,-77.4431,26.6098,26.6098,4.19841,-31.9004,-14.0853,-14.0853,14.6351,14.6351,-79.2939,-16.7052,-194.818,-8.34662,-8.34662,-158.296,-158.296,-158.296,513.317,-125.425,-125.425,-133.12,-133.12,-5.70063,41.5969,41.5969,-10.4709,-10.4709,-641.462,-641.462,548.113,548.113,0,-29.7439,-228.929,-94.697,271.563,271.563,-178.838,1062.25,570.922,-186.459,-636.937,-636.937,139.27,139.27,-553.852,-553.852,52.0358,138.85,196.199,690.806,240.197,240.197,-144.395,-144.395,-144.395,497.902,497.902,-550.188,-2.41492e-09,-2.41492e-09,223.216,-393.048,-393.048,524.323,-210.181,50.5055,0,279.268,185.854,-531.866,-395.035,-395.035,-68.4296,15.8196,-16.1955,-335.425,-335.425,71.4665,61.9999,61.9999,1230.33,-223.545,-1230.33,834.832,852.019,824.112,-1200.6,469.169,-317.961,1149.07,1171.46,1162.12,-729.088,-9.60262,-83.115,528.511,1833.5,83.9782,1859.01,4731.26,2510.8,2510.8,177.259,-1041.25,167.239,193.626,152.707,-84.7248,191.088,-149.143,-164.76,-166.978,203.237,200.616,204.017,-148.629,66.7728,66.7728,-144.516,426.445,426.445,-1017.14,183.009,180.775,-147.24,161.058,410.623,852.232,852.232,332.383,667.964,728.365,2140.04,-660.386,438.711,-332.383,-4.9275,512.969,799.274,470.603,467.902,4.9275,-564.083,-612.505,154.838,130.747,177.097,76.9576,-27.1394,202.96,98.6007,98.5925,-52.5821,106.732,-87.972,-114.265,54.5226,-548.472,-667.964,-595.094,-728.365,-94.0054,-94.0054,-71.0807,-187.954,35.0955,35.0955,154.166,154.166,-272.706,-272.706,84.8151,40.9567,15.7438,-209.651,945.726,-2927.36,-2189.39,5096.2,-15.7438,1219.53,-265.787,-275.186,163.33,163.33,97.804,97.804,138.437,294.286,-463.934,4.77813,29.2174,29.2174,125.948,168.576,-148.06,89.3134,21.0281,21.0281,43.3246,42.7149,244.215,244.215,321.669,108.385,251.847,-28.328,221.793,-174.714,-174.714,97.7821,110.607,0,91.8395,168.609,0,94.9748,-238.091,-238.091,-130.434,42.8783,-108.168,-108.95,-116.831,3.06275,12.0678,172.825,-26.3402,-533.762,-189.514,-82.0428,-82.0428,33.0979,164.457,164.457,7.98834,8.58561,-449.121,0,26.5866,26.5866,0,448.586,0,166.703,0,-115.309,0,37.758,-61.6434,-28.2763,-76.4357,-76.4357,0,-37.2402,-37.2402,-53.4184,0,0.859355,469.414,469.414,469.414,0.911934,0,0,0,32.1155,32.1155,32.1155,0,-33.5088,-10.3345,-10.3345,-5.79562,475.899,-7.31735,-7.31735,3.26676,11.2434,2.13091,-34.9261,18.9354,18.777,7.60974,0,-5.76545,0,-230.594,-230.594,-230.594,0,0,0,0,13.5483,655.19,96.7046,96.7046,-167.176,-464.409,-34.9058,-50.3896,0,174.82,-224.493,-60.7021,-442.964,-320.984,-851.653,-583.46,69.1077,16.1955,334.839,334.839,683.234,229.225,105.425,1704.85,1282.36,57.4261,83.2207,202.237,980.558,370.024,424.143,-318.072,278.522,2854.45,-3276.19,-1347.58,7028.69,538.508,-936.43,729.359,9.97321,493.172,-115.349,217.087,90.1024,382.365,78.4236,309.965,-128.35,-128.35,138.306,179.402,179.402,689.584,92.7642,0,263.582,-51.1799,-416.466,0,0
2020-08-08 05:00:00 UTC,-171.023,-94.2971,317.497,-56.5444,-56.5444,-72.9177,78.9133,135.312,-231.182,-231.182,487.342,158.158,-769.007,-35.4961,60.262,176.883,424.272,92.4163,-355.555,-56.3629,-11.3911,-114.625,-114.625,-212.818,-287.792,-101.845,-16.6199,9.91736,11.1326,142.676,-79.1243,-79.1243,-176.132,-100.414,-100.414,-249.879,123.489,154.657,-770.855,-770.855,167.934,379.178,345.114,176.312,201.73,-289.387,-984.63,-1004.04,-995.141,10.4047,-91.6057,-91.6057,24.9966,-44.5404,-47.9407,8.4037,8.4037,-209.888,140.007,63.9726,188.146,-152.834,-82.1097,120.78,120.78,-9.30029,-24.7183,119.616,119.616,17.4853,301.988,-205.489,-91.472,-91.472,3.07717,3.07717,0.60035,0.877183,0.767191,-6.67588,-4.89804,12.6682,-1.26442,-1.28766,-1.08704,-4.14674,3.01906,68.2542,68.2542,7.05615,7.05615,8.18561,8.18561,-68.93,-68.93,-68.93,24.6557,24.6557,5.50185,-27.256,-13.1265,-13.1265,12.9575,12.9575,-69.3869,-14.8677,-176.312,-7.3491,-7.3491,-143.665,-143.665,-143.665,461.386,-113.724,-113.724,-120.808,-120.808,-5.70063,37.3038,37.3038,-11.9157,-11.9157,-588.255,-588.255,499.878,499.878,0,-28.2139,-209.641,-87.0477,248.205,248.205,-162.11,951.683,512.095,-169.132,-582.975,-582.975,126.711,126.711,-506.448,-506.448,48.2203,127.198,148,680.941,216.075,216.075,-130.561,-130.561,-130.561,440.458,440.458,-503.027,1.39007e-10,1.39007e-10,199.688,-351.964,-351.964,466.64,-185.12,50.1391,0,249.331,177.016,-473.266,-353.651,-353.651,-61.9635,14.8537,-13.2353,-304.011,-304.011,74.3539,63.3831,63.3831,1052.98,-193.567,-1052.98,743.582,758.974,735.586,-1055.5,408.859,-282.826,984.63,1004.04,995.141,-685.304,-7.90633,-55.5884,482.887,1697.74,69.4347,1720.22,4357.58,2308.58,2308.58,173.086,-954.533,151.598,186.768,141.288,-85.5425,174.864,-139.893,-151.689,-154.067,188.078,185.587,188.798,-139.058,57.2799,57.2799,-135.187,395.598,395.598,-940.99,160.045,165.215,-137.807,148.088,385.391,763.497,763.497,310.619,627.381,684.22,2032.21,-637.51,395.247,-310.619,-2.80585,451.008,743.614,437.768,435.212,2.80585,-535.401,-581.634,146.982,124.006,167.835,71.905,-24.5531,178.113,93.0538,93.0456,-48.4918,89.2692,-82.8843,-107.756,54.2221,-521.579,-627.381,-566.218,-684.22,-90.9434,-90.9434,-67.6733,-180.373,34.8784,34.8784,149.412,149.412,-257.822,-257.822,60.6228,36.5302,13.5558,-200.969,914.879,-2748.38,-2077.22,4978.76,-13.5558,1137.65,-223.374,-256.825,136.19,136.19,76.3347,76.3347,148.829,280.055,-409.466,6.66725,21.7657,21.7657,94.7403,162.904,-224.971,67.5696,15.6299,15.6299,33.4296,32.9575,220.684,220.684,289.4,97.6881,221.96,-41.9753,169.948,-152.417,-152.417,84.1381,95.1639,0,84.7625,155.869,0,81.9027,-220.24,-220.24,-110.192,26.3028,-95.0238,-95.7212,-101.855,-3.5316,6.01503,151.897,-24.8598,-516.532,-179.094,-77.1509,-77.1509,32.0444,154.198,154.198,6.65224,7.20548,-429.233,0,31.4562,31.4562,0,399.501,0,144.115,0,-106.082,0,37.4632,-61.472,-26.5588,-69.6225,-69.6225,0,-35.0388,-35.0388,-49.0276,0,0.649711,399.25,399.25,399.25,0.747393,0,0,0,26.9219,26.9219,26.9219,0,-31.7149,-10.3067,-10.3067,-6.15433,415.331,-7.49479,-7.49479,2.0661,9.22662,1.27184,-31.9188,17.0209,16.8778,6.9666,0,-5.76545,0,-223.518,-223.518,-223.518,0,0,0,0,9.79594,578.082,88.848,88.848,-180.095,-421.473,-43.2309,-62.6294,0,147.022,-210.913,-57.3282,-455.345,-366.294,-828.392,-543.531,52.4758,13.2353,303.511,303.511,620.063,187.39,90.5255,1437.65,1191.22,54.156,78.4293,190.641,918.463,351.003,400.982,-302.686,256.023,2680.44,-3225.52,-1323.06,6864.33,471.596,-929.303,736.005,-6.43108,444.955,-117.484,210.832,75.2308,435.463,68.0506,301.867,-117.367,-117.367,115.239,167.382,167.382,606.535,72.9177,0,248.07,-51.7836,-405.721,0,0
2020-08-08 06:00:00 UTC,-163.597,-90.9893,308.639,-57.5463,-57.5463,-60.3282,76.8985,132.712,-227.485,-227.485,443.656,142.878,-714.486,-39.7056,53.5181,164.73,395.834,86.042,-329.541,-50.567,-2.05342,-106.068,-106.068,-199.315,-273.022,-96.412,-15.8226,8.89374,11.7979,132.334,-73.7776,-73.7776,-162.924,-92.2643,-92.2643,-231.695,110.58,138.598,-697.391,-697.391,150.517,346.87,319.102,163.504,182.141,-262.818,-876.594,-894.021,-885.526,9.02702,-83.3032,-83.3032,22.8662,-40.3321,-41.0358,7.81752,7.81752,-190.853,129.11,57.5945,170.977,-138.465,-74.8013,110.327,110.327,-8.88805,-23.9896,114.105,114.105,16.4118,281.38,-190.574,-83.5452,-83.5452,3.15643,3.15643,0.521382,0.7903,0.596585,-6.1211,-4.77394,11.3308,-1.21816,-1.24395,-0.906406,-3.77048,2.92544,62.3691,62.3691,5.82262,5.82262,6.78247,6.78247,-63.1144,-63.1144,-63.1144,23.2362,23.2362,6.32287,-24.115,-12.4553,-12.4553,11.798,11.798,-62.7053,-13.6071,-163.504,-6.60472,-6.60472,-132.813,-132.813,-132.813,423.483,-105.104,-105.104,-111.5,-111.5,-5.70063,33.9675,33.9675,-12.4141,-12.4141,-547.27,-547.27,463.069,463.069,0,-26.6833,-194.823,-81.4002,230.376,230.376,-149.908,871.647,469.419,-156.253,-541.681,-541.681,116.887,116.887,-470.069,-470.069,45.1457,118.256,117.308,666.46,198.527,198.527,-120.642,-120.642,-120.642,400.291,400.291,-466.948,-2.1322e-09,-2.1322e-09,182.944,-322.76,-322.76,426.25,-167.66,49.4072,0,228.356,169.498,-431.765,-324.205,-324.205,-56.5206,14.7235,-10.8683,-280.562,-280.562,74.7855,63.1457,63.1457,936.257,-173.047,-936.257,679.87,693.998,673.482,-955.359,367.732,-258.486,876.594,894.021,885.526,-649.358,-5.80438,-38.6075,448.317,1590.56,59.3516,1611.47,4064.42,2150.25,2150.25,168.545,-888.215,138.62,180.061,132.029,-86.2985,162.39,-132.589,-141.589,-144.062,176.116,173.73,176.789,-131.459,50.5428,50.5428,-127.789,372.285,372.285,-881.384,142.735,153.48,-130.32,137.445,364.981,698.134,698.134,294.165,593.732,647.603,1938.94,-614.642,366.07,-294.165,-2.24998,410.764,696.734,410.105,407.677,2.24998,-511.154,-555.504,139.7,117.809,159.587,67.5174,-22.5877,161.699,88.0753,88.0671,-45.2098,78.5113,-78.3303,-101.918,53.5128,-498.745,-593.732,-541.664,-647.603,-87.8432,-87.8432,-64.8649,-172.955,34.353,34.353,144.23,144.23,-244.841,-244.841,46.971,33.2071,11.5334,-193.02,881.376,-2593.6,-1979.2,4854.52,-11.5334,1080.21,-194.888,-243.471,117.666,117.666,62.7156,62.7156,153.932,271.318,-375.508,7.91878,18.3658,18.3658,73.6548,159.333,-278.627,50.7723,12.9866,12.9866,28.0581,27.6608,204.637,204.637,267.642,90.3987,202.249,-51.3634,138.373,-139.829,-139.829,76.4373,86.4402,0,81.0671,149.586,0,74.3234,-210.546,-210.546,-98.3652,15.5578,-86.9845,-87.6286,-93.4902,-6.93156,2.87124,136.062,-23.3457,-498.585,-170.926,-73.1689,-73.1689,31.5695,146.38,146.38,5.88418,6.40826,-413.913,0,33.3882,33.3882,0,366.422,0,127.169,0,-99.8531,0,37.2946,-60.2395,-25.3472,-65.2497,-65.2497,0,-33.4623,-33.4623,-46.2328,0,0.521562,353.404,353.404,353.404,0.644328,0,0,0,23.4096,23.4096,23.4096,0,-30.3904,-10.2296,-10.2296,-6.31285,379.389,-7.57323,-7.57323,1.2773,7.74097,0.722042,-29.7713,15.7192,15.5866,6.4239,0,-5.76545,0,-216.499,-216.499,-216.499,0,0,0,0,6.61099,520.615,83.5022,83.5022,-185.313,-390.266,-47.3746,-68.7314,0,127.871,-199.331,-54.5435,-456.069,-391.175,-804.561,-510.902,40.3372,10.8683,280.134,280.134,571.096,158.664,81.1409,1232.83,1112.61,51.2221,74.1367,180.249,861.185,333.467,377.481,-289.155,233.889,2520.06,-3177.12,-1299.92,6690.63,428.39,-926.914,738.122,-16.5389,415.556,-118.526,207.078,64.4313,473.449,63.6307,296.335,-109.074,-109.074,100.735,161.121,161.121,559.917,60.3282,0,232.033,-52.4789,-393.943,0,0
