timestamp,0,1,2,3,4,5,6,7,8,9,10,11,12,13,14,15,16,17,18,19,20,21,22,23,24,25,26,27,28,29,30,31,32,33,34,35,36,37,38,39,40,41,42,43,44,45,46,47,48,49,50,51,52,53,54,55,56,57,58,59,60,61,62,63,64,65,66,67,68,69,70,71,72,73,74,75,76,77,78,79,80,81,82,83,84,85,86,87,88,89,90,91,92,93,94,95,96,97,98,99,100,101,102,103,104,105,106,107,108,109,110,111,112,113,114,115,116,117,118,119,120,121,122,123,124,125,126,127,128,129,130,131,132,133,134,135,136,137,138,139,140,141,142,143,144,145,146,147,148,149,150,151,152,153,154,155,156,157,158,159,160,161,162,163,164,165,166,167,168,169,170,171,172,173,174,175,176,177,178,179,180,181,182,183,184,185,186,187,188,189,190,191,192,193,194,195,196,197,198,199,200,201,202,203,204,205,206,207,208,209,210,211,212,213,214,215,216,217,218,219,220,221,222,223,224,225,226,227,228,229,230,231,232,233,234,235,236,237,238,239,240,241,242,243,244,245,246,247,248,249,250,251,252,253,254,255,256,257,258,259,260,261,262,263,264,265,266,267,268,269,270,271,272,273,274,275,276,277,278,279,280,281,282,283,284,285,286,287,288,289,290,291,292,293,294,295,296,297,298,299,300,301,302,303,304,305,306,307,308,309,310,311,312,313,314,315,316,317,318,319,320,321,322,323,324,325,326,327,328,329,330,331,332,333,334,335,336,337,338,339,340,341,342,343,344,345,346,347,348,349,350,351,352,353,354,355,356,357,358,359,360,361,362,363,364,365,366,367,368,369,370,371,372,373,374,375,376,377,378,379,380,381,382,383,384,385,386,387,388,389,390,391,392,393,394,395,396,397,398,399,400,401,402,403,404,405,406,407,408,409,410,411,412,413,414,415,416,417,418,419,420,421,422,423,424,425,426,427,428,429,430,431,432,433,434,435,436,437,438,439,440,441,442,443,444,445,446,447,448,449,450
2020-08-01 07:00:00 UTC,169.636,89.0017,-247.674,21.8084,21.8084,68.9422,-63.1575,-102.416,191.199,191.199,-455.73,-158.384,768.508,23.3487,-76.8597,-159.439,-385.261,-85.4869,408.395,58.6511,9.47416,115.261,115.261,209.909,284.044,96.0533,15.4127,-11.4508,-8.9762,-134.533,74.0091,74.0091,170.043,92.8519,92.8519,262.168,-117.251,-148.433,892.308,892.308,-153.512,-354.391,-315.717,-171.159,-189.816,326.555,887.151,905.07,895.946,-13.2507,92.8561,92.8561,-23.8552,42.8959,60.2826,-8.74441,-8.74441,239.409,-122.005,-64.3839,-171.37,169.296,98.6205,-110.176,-110.176,1.77805,14.0181,-111.075,-111.075,-19.9171,-269.174,223.921,83.7073,83.7073,-5.05357,-5.05357,-1.75087,-2.13429,-2.69208,5.26119,3.41683,-13.8979,-0.239786,-0.321149,0.130682,2.61921,-2.78434,-65.6232,-65.6232,-9.93934,-9.93934,-11.3967,-11.3967,66.3131,66.3131,66.3131,-22.6297,-22.6297,-1.76625,29.7072,11.5974,11.5974,-13.4585,-13.4585,67.6353,14.5649,167.785,5.81916,5.81916,140.288,140.288,140.288,-411.171,110.645,110.645,115.66,115.66,-5.83208,-34.8988,-34.8988,8.21399,8.21399,647.395,647.395,-437.764,-437.764,0,22.2625,204.435,84.3874,-224.798,-224.798,159.902,-786.999,-438.338,164.957,641.946,641.946,-116.475,-116.475,543.405,543.405,-47.8646,-119.347,-67.6979,-650.734,-200.595,-200.595,128.611,128.611,128.611,-387.5,-387.5,540.37,-2.88318,-2.88318,-187.69,372.821,372.821,-393.944,184.777,-51.9763,0,-223.305,-174.553,516.244,374.368,374.368,53.2511,-20.1455,-1.14814,306.822,306.822,-70.0922,-66.6701,-66.6701,-848.73,291.149,917.442,-822.517,-839.914,-825.997,1333.41,-380.767,297.983,-736.503,-751.769,-728.598,820.283,126.687,86.4797,-456.095,-1358.6,-32.3013,-1433.38,-3765.46,-2040.03,-2040.03,-156.66,1184.13,-126.167,-167.027,-133.846,90.949,-150.752,144.553,149.847,155.524,-171.924,-169.246,-172.538,156.891,-54.2938,-54.2938,144.185,-332.393,-332.393,1153.11,-136.047,-154.786,146.487,-138.622,-353.976,-548.847,-548.847,-235.769,-487.075,-535.274,-1872.97,713.842,-323.712,309.39,4.17855,-376.932,-588.737,-350.429,-348.017,-5.30363,605.202,660.756,-134.616,-112.645,-150.377,-62.655,21.9284,-145.034,-87.8692,-87.8774,39.6638,-85.4469,78.6765,102.359,-34.6107,513.132,500.632,557.628,543.687,86.3367,86.3367,47.4911,174.459,-38.8738,-38.8738,-128.2,-128.2,260.647,260.647,-53.685,-54.2682,39.1795,217.638,-485.434,2626.43,2368.24,-4862.86,61.4644,-1103.02,202.326,294.496,-121.852,-121.852,-72.4262,-72.4262,-152.908,-279.148,380.359,-14.7152,-28.5831,-28.5831,-38.9405,-170.683,302.531,-15.7193,-23.0845,-23.0845,-39.259,-38.7858,-188.544,-188.544,-224.638,-92.8637,-183.116,34.622,-166.303,143.634,143.634,-89.9579,-99.7004,0,-81.7372,-151.669,0,-81.6742,207.077,207.077,101.856,-38.8027,85.1595,85.8376,93.4797,-4.22982,-12.3225,-114.178,22.7401,525.539,198.682,75.7593,75.7593,-39.2486,-129.319,-129.319,-4.96309,-5.46634,376.345,0,-18.5893,-18.5893,4.58274e-09,-369.528,0,-133.654,1.14572e-08,97.2269,6.9107e-09,-37.3405,46.7395,25.6624,67.2666,67.2666,0,32.4912,32.4912,49.6186,2.34737e-10,0.61064,-388.57,-388.57,-388.57,0.206199,1.60072e-08,2.42059e-10,0,-26.587,-26.587,-26.587,-9.16495e-09,27.0555,6.81324,6.81324,1.22826,-391.336,5.05357,5.05357,-3.58824,-9.90791,-2.48438,33.8856,-17.0869,-16.9465,-6.31671,0,5.76546,1.13707e-08,239.477,239.477,239.477,4.54969e-09,0,0,0,-5.55603,-522.857,-55.8381,-55.8381,183.734,482.822,45.2765,65.6163,0,-138.607,205.404,71.2505,452.713,1189.33,980.931,535.362,-23.8573,-10.3706,-247.97,-247.97,-577.737,201.641,-83.2649,-1243.64,-1110.71,-49.7802,-71.8002,-175.895,-852.854,-341.544,-377.385,297.526,-228.877,-2479.75,3261.34,1395.5,-6821.96,-426.053,959.285,-726.164,20.3819,-420.926,123.465,-211.355,-54.9258,-455.331,-66.3215,-296.967,137.911,137.911,-107.654,-157.804,-157.804,-578.575,-73.8564,0,-195.613,73.6125,486.892,0,0
2020-08-01 08:00:00 UTC,163.837,87.1525,-247.165,23.6354,23.6354,60.4391,-63.4921,-103.331,192.026,192.026,-425.611,-148.386,724.117,27.6414,-72.185,-151.57,-367.43,-81.6553,380.857,53.6652,3.16696,108.466,108.466,197.548,270.958,91.6079,14.586,-10.7503,-9.91593,-127.488,69.8531,69.8531,160.308,87.4616,87.4616,246.057,-109.929,-139.088,828.125,828.125,-144.148,-334.555,-300.672,-163.497,-177.786,301.621,826.739,843.517,834.679,-12.5223,86.9454,86.9454,-22.4301,40.1298,56.676,-8.2977,-8.2977,223.63,-114.331,-60.2598,-161.523,158.296,91.9615,-104.247,-104.247,1.34476,13.1121,-106.74,-106.74,-18.9894,-256.235,211.541,78.9597,78.9597,-4.93676,-4.93676,-1.6811,-2.05837,-2.5821,4.89159,3.26979,-13.1318,-0.262577,-0.342688,0.0510957,2.40979,-2.72703,-61.633,-61.633,-9.30916,-9.30916,-10.6812,-10.6812,62.2821,62.2821,62.2821,-21.7461,-21.7461,-2.01942,27.9186,11.0953,11.0953,-12.7486,-12.7486,62.9669,13.7843,158.261,5.37304,5.37304,132.976,132.976,132.976,-390.1,104.827,104.827,109.653,109.653,-5.83208,-33.071,-33.071,8.52887,8.52887,612.642,612.642,-417.585,-417.585,0,21.424,194.349,80.2974,-214.474,-214.474,151.451,-748.378,-416.525,156.314,607.033,607.033,-110.862,-110.862,514.197,514.197,-46.0828,-113.951,-57.4949,-638.968,-190.086,-190.086,121.613,121.613,121.613,-366.082,-366.082,511.291,-2.88318,-2.88318,-177.656,350.002,350.002,-375.101,172.271,-52.0949,0,-212.74,-169.565,481.857,351.359,351.359,50.4085,-19.2022,-2.39836,288.695,288.695,-71.463,-66.7324,-66.7324,-795.465,265.686,855.491,-770.764,-787.083,-773.95,1233.05,-356.628,279.57,-695.012,-709.453,-688.171,779.755,110.741,72.5354,-433.567,-1306.76,-30.4448,-1376.92,-3598.47,-1945.88,-1945.88,-153.801,1112.75,-119.824,-162.94,-128.384,89.5096,-144.206,138.42,142.46,147.858,-164.403,-161.819,-164.988,149.154,-50.3294,-50.3294,137.495,-321.374,-321.374,1089.11,-127.463,-147.485,139.855,-132.314,-341.554,-525.087,-525.087,-230.58,-472.533,-519.108,-1812.48,689.372,-311.153,297.591,3.98232,-358.441,-564.613,-336.16,-333.836,-5.37582,581.181,634.581,-129.901,-108.735,-145.87,-60.889,19.9386,-137.898,-84.2987,-84.3069,37.1648,-79.7644,75.3665,98.1358,-36.212,496.297,484.734,539.467,526.571,84.1069,84.1069,45.6184,169.353,-38.7201,-38.7201,-125.869,-125.869,250.433,250.433,-47.1597,-52.205,39.2283,211.004,-481.643,2515.35,2271.12,-4806.67,58.265,-1068,184.317,281.173,-110.354,-110.354,-65.0257,-65.0257,-156.088,-274.053,359.83,-15.6725,-26.641,-26.641,-32.4039,-168.315,328.581,-10.6296,-21.2312,-21.2312,-35.8811,-35.456,-181.001,-181.001,-215.887,-89.2933,-173.841,40.5546,-147.005,136.011,136.011,-85.0745,-94.1607,0,-79.9291,-148.065,0,-77.0314,202.189,202.189,94.4357,-32.5009,80.1337,80.7789,88.1163,-1.93072,-10.2655,-109.677,22.0438,509.555,190.656,72.3312,72.3312,-38.3781,-125.495,-125.495,-4.54562,-5.0323,369.818,0,-21.09,-21.09,0,-347.326,0,-120.782,0,92.6793,-4.58284e-09,-37.2142,46.4315,24.7309,63.7439,63.7439,0,31.3287,31.3287,47.1628,0,0.537393,-359.612,-359.612,-359.612,0.166748,0,1.14054e-10,0,-24.6039,-24.6039,-24.6039,0,25.7216,6.51764,6.51764,0.992339,-369.46,4.93676,4.93676,-3.18465,-9.14917,-2.18203,32.9828,-16.262,-16.1284,-6.00564,0,5.76546,-4.54802e-09,232.154,232.154,232.154,0,0,0,0,-3.99658,-486.464,-55.043,-55.043,186.508,454.835,47.762,69.2788,0,-126.684,198.076,67.8121,451.339,1124.63,946.996,512.575,-17.6953,-9.12176,-236.323,-236.323,-545.379,182.552,-77.7062,-1110.98,-1054.27,-47.7821,-68.8839,-168.735,-810.157,-329.421,-358.327,288.567,-212.127,-2354.97,3246.21,1388.03,-6740,-400.842,955.09,-727.85,25.0064,-404.423,123.282,-208.686,-49.2962,-478.327,-64.1193,-292.702,130.18,130.18,-98.4239,-153.953,-153.953,-548.653,-65.6944,0,-189.856,72.5706,469.233,0,0
2020-08-01 09:00:00 UTC,160.852,86.366,-249.557,25.8281,25.8281,53.98,-64.2865,-105.065,194.696,194.696,-407.564,-141.253,696.677,29.4713,-68.5294,-147.873,-354.392,-78.8508,363.941,50.5409,-1.518,103.357,103.357,189.931,263.66,89.1206,14.0597,-10.2988,-10.8217,-122.992,67.1678,67.1678,153.858,83.8146,83.8146,235.424,-104.445,-132.094,782.868,782.868,-137.216,-320.95,-291.111,-158.623,-169.07,284.011,783.467,799.423,790.817,-11.8466,82.744,82.744,-21.565,38.0266,52.7949,-8.1302,-8.1302,211.83,-110.121,-57.3621,-154.725,149.916,86.9079,-100.212,-100.212,1.24496,13.0578,-104.359,-104.359,-18.6628,-248.272,203.413,76.0656,76.0656,-5.08236,-5.08236,-1.65304,-2.03121,-2.49969,4.62439,3.27664,-12.4716,-0.273921,-0.353437,-0.0391086,2.22905,-2.71788,-58.9899,-58.9899,-8.608,-8.608,-9.88555,-9.88555,59.605,59.605,59.605,-21.2876,-21.2876,-2.57465,26.3502,10.8249,10.8249,-12.2263,-12.2263,59.7451,13.196,152.264,5.11019,5.11019,127.913,127.913,127.913,-375.466,100.857,100.857,105.577,105.577,-5.83208,-31.8712,-31.8712,8.85037,8.85037,589.155,589.155,-403.861,-403.861,0,20.937,187.499,77.4281,-207.44,-207.44,145.555,-721.324,-401.27,150.309,583.372,583.372,-107.127,-107.127,494.474,494.474,-44.9305,-110.273,-49.9805,-631.072,-182.718,-182.718,116.627,116.627,116.627,-350.703,-350.703,491.641,-2.88318,-2.88318,-170.384,333.699,333.699,-361.417,163.022,-52.4854,0,-205.134,-166.04,456.997,334.927,334.927,48.669,-18.3071,-3.1566,276.999,276.999,-72.146,-66.5431,-66.5431,-757.193,247.605,811.328,-733.417,-748.957,-736.398,1161.38,-339.575,266.573,-664.686,-678.523,-658.571,750.55,99.3333,61.289,-418.909,-1272.34,-29.1504,-1339.02,-3487.42,-1883.47,-1883.47,-152.231,1063.86,-115.954,-160.66,-124.586,88.6979,-139.768,134.236,137.483,142.693,-159.387,-156.866,-159.953,143.944,-47.55,-47.55,132.972,-313.739,-313.739,1046.39,-121.652,-142.472,135.364,-127.888,-333.051,-508.5,-508.5,-227.072,-462.801,-508.292,-1771.91,674.67,-302.991,289.93,3.87828,-346.678,-548.513,-326.638,-324.373,-5.4704,565.345,617.321,-126.749,-106.14,-142.923,-59.7086,18.5728,-133.362,-81.9212,-81.9294,35.5008,-76.3498,73.1676,95.3157,-37.0941,485.088,474.128,527.367,515.143,82.6667,82.6667,44.4598,166.207,-38.6158,-38.6158,-124.333,-124.333,243.701,243.701,-43.1457,-50.9358,39.5469,206.699,-479.28,2441.68,2206.82,-4774.89,56.1009,-1043.12,172.421,272.541,-102.718,-102.718,-59.6533,-59.6533,-157.976,-270.726,347.059,-16.3248,-25.523,-25.523,-28.1398,-166.775,344.948,-7.2021,-19.9847,-19.9847,-33.5355,-33.1438,-176.046,-176.046,-209.95,-86.7321,-167.53,45.6539,-132.793,131.025,131.025,-81.831,-90.4691,0,-79.2718,-146.452,0,-74.0095,200.442,200.442,89.3428,-27.3956,76.8493,77.4732,84.5473,-0.0854245,-8.67051,-106.76,21.7854,500.609,185.052,70.0796,70.0796,-37.5136,-123.609,-123.609,-4.26092,-4.73955,368.341,0,-23.6383,-23.6383,0,-333.684,0,-114.936,0,90.1369,0,-37.1395,47.2291,24.2438,61.4962,61.4962,0,30.6589,30.6589,45.43,0,0.481147,-338.92,-338.92,-338.92,0.142794,0,0,0,-23.1265,-23.1265,-23.1265,0,25.3032,6.64397,6.64397,1.28608,-355.544,5.08236,5.08236,-2.74304,-8.54042,-1.85116,32.0591,-15.6454,-15.5166,-5.84655,0,5.76546,0,227.017,227.017,227.017,0,0,0,0,-3.1163,-463.569,-54.3288,-54.3288,187.525,434.763,49.2088,71.4163,0,-118.621,192.98,65.4036,449.192,1081.2,923.749,496.846,-13.7924,-8.36407,-228.655,-228.655,-524.073,170.081,-74.3621,-1025.35,-1016.4,-46.4459,-66.9412,-163.966,-779.689,-321.859,-345.781,283.044,-201.535,-2270.38,3244.48,1387.58,-6693.85,-385,953.754,-728.357,28.136,-394.451,123.096,-207.055,-45.4944,-492.988,-63.04,-290.493,125.213,125.213,-92.9955,-152.384,-152.384,-529.268,-59.4571,0,-187.712,71.3853,457.131,0,0
2020-08-01 10:00:00 UTC,161.581,87.4084,-258.48,29.0412,29.0412,48.288,-66.3661,-109.268,201.003,201.003,-397.691,-136.624,682.553,32.1804,-65.8247,-146.801,-347.605,-77.3902,354.121,48.3979,-6.24692,100.52,100.52,186.159,261.373,88.3019,13.7721,-10.0487,-11.7919,-120.567,65.7183,65.7183,150.423,81.8908,81.8908,229.492,-100.061,-126.507,748.667,748.667,-131.884,-311.04,-285.723,-155.872,-162.739,272.31,749.894,765.21,756.797,-11.1101,79.5669,79.5669,-21.2111,36.2413,47.7248,-8.26733,-8.26733,202,-109.018,-55.1207,-150.682,142.658,82.5446,-98.3275,-98.3275,1.49168,13.9405,-103.73,-103.73,-18.9404,-244.323,198.602,74.8492,74.8492,-5.55918,-5.55918,-1.66624,-2.05118,-2.43043,4.41447,3.42466,-11.748,-0.296295,-0.374599,-0.187453,2.01484,-2.74032,-57.2483,-57.2483,-7.67815,-7.67815,-8.82948,-8.82948,57.8518,57.8518,57.8518,-21.0922,-21.0922,-3.60844,24.5982,10.7572,10.7572,-11.7471,-11.7471,57.5156,12.6577,148.904,4.95093,4.95093,124.444,124.444,124.444,-365.413,98.1087,98.1087,102.874,102.874,-5.83208,-31.108,-31.108,9.3435,9.3435,573.732,573.732,-395.013,-395.013,0,20.7858,183.08,75.4815,-202.903,-202.903,141.447,-702.549,-390.696,146.247,567.661,567.661,-104.806,-104.806,481.479,481.479,-44.1182,-107.912,-43.5823,-627.901,-177.626,-177.626,113.053,113.053,113.053,-339.314,-339.314,478.624,-2.88318,-2.88318,-165.128,321.614,321.614,-350.893,156.1,-52.3654,0,-199.004,-163.392,438.428,322.739,322.739,47.8587,-17.5013,-3.54781,270.207,270.207,-72.5479,-66.3736,-66.3736,-727.357,233.282,777.065,-704.267,-719.199,-707.087,1105.09,-326.462,256.218,-640.776,-654.134,-635.193,728.726,90.0763,49.9805,-410.503,-1252.64,-28.2363,-1316.65,-3422.81,-1847.26,-1847.26,-152.043,1030.58,-114.003,-160.16,-122.291,88.1543,-137.027,131.622,134.413,139.508,-156.48,-153.995,-157.035,140.729,-45.522,-45.522,130.174,-308.729,-308.729,1019.45,-117.659,-139.18,132.583,-125.187,-327.84,-497.266,-497.266,-224.955,-457.329,-502.215,-1749.12,669.921,-298.26,285.53,3.71127,-339.92,-539.644,-321.392,-319.159,-5.40204,556.563,607.748,-124.974,-104.675,-141.211,-59.041,17.979,-130.897,-80.633,-80.6412,34.7206,-74.4493,71.9796,93.774,-37.9441,478.815,468.182,520.593,508.734,81.706,81.706,43.617,163.923,-38.4391,-38.4391,-123.269,-123.269,239.975,239.975,-41.0993,-50.0698,39.3941,204.034,-477.181,2402.43,2171.18,-4743.36,54.5378,-1027.45,165.855,267.722,-98.5674,-98.5674,-55.6986,-55.6986,-159.267,-268.758,340.347,-16.7696,-24.748,-24.748,-26.1693,-166,351.861,-5.83085,-18.9809,-18.9809,-31.747,-31.381,-173.038,-173.038,-206.224,-85.0282,-163.389,50.9658,-121.524,128.056,128.056,-79.8021,-88.1331,0,-79.8682,-146.875,0,-72.0821,201.307,201.307,85.8541,-22.68,75.0542,75.6677,82.3701,1.92294,-7.0747,-105.66,22.2312,499.297,181.502,68.8228,68.8228,-36.6615,-124.495,-124.495,-4.04796,-4.52747,373.624,0,-27.094,-27.094,0,-326.894,0,-111.001,0,89.3005,0,-37.1019,48.7638,24.1758,60.2836,60.2836,0,30.4296,30.4296,44.2768,0,0.432922,-322.744,-322.744,-322.744,0.128629,0,0,0,-21.7181,-21.7181,-21.7181,0,25.8169,7.26929,7.26929,2.24937,-348.3,5.55918,5.55918,-2.16126,-7.65616,-1.43399,30.6929,-15.1262,-15.0011,-5.76288,0,5.76546,0,223.828,223.828,223.828,0,0,0,0,-2.76595,-450.8,-53.7482,-53.7482,187.794,419.448,50.4159,73.1958,0,-113.138,189.486,63.6971,447.798,1053.65,909.755,487.169,-11.5958,-7.97273,-224.144,-224.144,-511.81,162.072,-72.4913,-978.563,-996.099,-45.7148,-65.8877,-161.382,-762.943,-316.817,-339.155,279.088,-196.072,-2229.1,3234.53,1382.86,-6648.03,-375.946,950.659,-728.587,30.2447,-389.748,123.225,-206.077,-43.5653,-499.293,-62.5227,-290.038,122.338,122.338,-89.4407,-153.278,-153.278,-518.706,-53.9304,0,-191.384,69.8602,449.726,0,0
2020-08-01 11:00:00 UTC,165.604,90.1224,-273.696,33.1956,33.1956,43.8185,-69.6583,-115.841,210.409,210.409,-393.91,-134.489,679.344,36.9543,-64.2335,-147.132,-347.5,-77.3677,349.564,46.9195,-11.1516,99.4547,99.4547,186.052,265.087,89.442,13.6881,-9.97102,-13.2801,-119.97,65.2637,65.2637,149.086,81.032,81.032,227.042,-96.9229,-122.51,726.128,726.128,-128.036,-304.891,-283.83,-154.897,-158.137,263.204,727.225,742.107,733.83,-10.5237,77.42,77.42,-21.2349,34.9585,43.039,-8.52096,-8.52096,194.959,-109.734,-53.7654,-148.575,137.225,79.2871,-97.531,-97.531,1.88554,15.2069,-104.238,-104.238,-19.5078,-243.567,196.71,73.5413,73.5413,-6.12708,-6.12708,-1.69573,-2.09551,-2.37897,4.26661,3.66994,-11.1868,-0.291579,-0.370215,-0.30376,1.86013,-2.83226,-56.3072,-56.3072,-6.78371,-6.78371,-7.81758,-7.81758,56.8823,56.8823,56.8823,-21.3844,-21.3844,-4.68802,23.2153,10.8207,10.8207,-11.4635,-11.4635,55.897,12.3093,147.726,4.90564,4.90564,122.966,122.966,122.966,-361.117,96.8292,96.8292,101.91,101.91,-5.83208,-30.8879,-30.8879,10.2115,10.2115,568.693,568.693,-392.702,-392.702,0,21.1406,181.918,74.8225,-201.729,-201.729,139.633,-694.305,-386.056,144.749,562.091,562.091,-104.338,-104.338,477.082,477.082,-43.8816,-107.307,-38.2216,-632.231,-175.404,-175.404,111.383,111.383,111.383,-332.986,-332.986,474.04,-2.88318,-2.88318,-162.448,314.712,314.712,-344.616,151.864,-51.9702,0,-194.923,-162.17,427.302,315.779,315.779,48.0415,-16.9367,-3.51473,268.409,268.409,-72.8094,-66.282,-66.282,-707.551,223.056,754.414,-684.496,-699.016,-687.207,1066.26,-318.419,249.491,-624.44,-637.472,-619.202,716.452,82.9598,37.7344,-410.413,-1253.32,-27.8024,-1315.55,-3421.64,-1846.79,-1846.79,-153.514,1016.52,-114.721,-161.792,-122.233,88.2283,-136.547,131.152,133.868,138.943,-156.411,-153.924,-156.966,140.161,-44.3905,-44.3905,129.68,-307.151,-307.151,1011.64,-116.327,-138.241,132.092,-124.881,-327.575,-493.263,-493.263,-224.418,-458.293,-503.289,-1755.07,679.358,-296.443,284.747,2.57849,-337.126,-541.606,-322.557,-320.314,-4.0703,558.138,609.467,-125.708,-105.299,-141.865,-59.2289,18.0586,-129.681,-81.1256,-81.1338,34.8894,-72.7136,72.4382,94.3287,-37.5553,479.928,469.234,521.796,509.869,82.2346,82.2346,43.9559,165.473,-38.711,-38.711,-124.021,-124.021,241.065,241.065,-38.2427,-50.0574,41.0782,205.104,-479.474,2414.06,2180.57,-4788.04,55.1287,-1020.52,163.817,267.243,-97.5052,-97.5052,-52.6363,-52.6363,-161.527,-267.332,337.013,-17.4354,-23.2757,-23.2757,-25.7518,-167.131,350.727,-6.60479,-17.6007,-17.6007,-29.6265,-29.291,-172.055,-172.055,-204.707,-84.0837,-161.375,55.9316,-110.922,125.245,125.245,-78.0042,-86.0553,0,-80.3155,-147.107,0,-70.2995,201.669,201.669,82.7918,-18.4406,74.1836,74.7947,80.4848,4.65691,-4.90557,-106.162,23.3636,508.89,180.784,68.8821,68.8821,-35.9294,-127.863,-127.863,-3.90478,-4.39186,383.617,0,-31.0674,-31.0674,0,-326.575,0,-106.465,0,90.4659,0,-37.0956,51.7469,24.6783,59.9849,59.9849,0,30.7265,30.7265,43.4515,0,0.398062,-311.722,-311.722,-311.722,0.120933,0,0,0,-20.9006,-20.9006,-20.9006,0,26.7584,8.0629,8.0629,3.39874,-343.792,6.12708,6.12708,-1.61395,-7.21176,-0.99437,29.9553,-14.7727,-14.6497,-5.75891,0,5.76546,0,223.484,223.484,223.484,0,0,0,0,-3.04954,-447.103,-53.6863,-53.6863,187.535,409.986,51.2367,74.4064,0,-110.574,188.388,62.9347,448.546,1046.62,908.714,486.235,-11.4744,-8.00484,-222.962,-222.962,-511.368,159.375,-70.7746,-981.41,-1001.42,-45.9781,-66.2884,-162.369,-765.091,-319.067,-342.606,280.967,-198.245,-2246.68,3274.75,1403.84,-6713.55,-372.044,944.004,-729.778,33.2058,-389.462,124.604,-207.461,-43.515,-498.881,-61.6656,-290.733,121.582,121.582,-87.4818,-154.771,-154.771,-511.653,-49.5748,0,-200.672,67.9337,448.762,0,0
2020-08-01 12:00:00 UTC,173.129,94.2834,-294.073,38.079,38.079,42.186,-73.7583,-124.009,222.782,222.782,-403.061,-135.453,694.608,39.6236,-63.7227,-151.868,-352.896,-78.5291,355.971,47.3547,-14.1787,100.239,100.239,190.855,275.263,92.7368,13.9072,-10.1533,-14.8675,-122.038,66.3592,66.3592,151.402,82.2106,82.2106,230.452,-96.1571,-121.534,726.336,726.336,-127.196,-307.016,-288.302,-157.173,-157.3,261.553,726.229,741.094,732.811,-10.1752,77.4412,77.4412,-21.6452,34.6654,39.9164,-8.90612,-8.90612,193.58,-112.735,-53.6397,-150.004,135.885,78.4845,-99.1043,-99.1043,2.43907,16.8364,-106.626,-106.626,-20.4417,-248.282,200.075,74.3581,74.3581,-6.73745,-6.73745,-1.74822,-2.16817,-2.36926,4.25757,3.9601,-10.9394,-0.285885,-0.364887,-0.395571,1.78491,-2.97505,-56.8596,-56.8596,-6.14903,-6.14903,-7.10303,-7.10303,57.4301,57.4301,57.4301,-22.1837,-22.1837,-5.65302,22.5659,11.0937,11.0937,-11.4601,-11.4601,55.8397,12.2777,150.511,5.0163,5.0163,124.17,124.17,124.17,-364.574,97.7091,97.7091,103.122,103.122,-5.83208,-31.2985,-31.2985,10.966,10.966,576.207,576.207,-397.904,-397.904,0,21.782,184.453,75.6918,-204.416,-204.416,140.956,-700.383,-389.476,146.408,569.128,569.128,-105.91,-105.91,483.213,483.213,-44.3327,-108.725,-36.2225,-642.304,-177.032,-177.032,112.25,112.25,112.25,-334.351,-334.351,479.97,-2.88318,-2.88318,-163.288,315.708,315.708,-345.572,151.556,-52.4529,0,-195.109,-163.493,427.534,316.755,316.755,49.3003,-16.6902,-3.10799,273.159,273.159,-73.1704,-66.5995,-66.5995,-707.152,221.407,753.966,-683.602,-698.105,-686.296,1062.04,-318.93,249.615,-623.666,-636.684,-618.428,719.469,81.0718,30.0685,-418.593,-1274.08,-28.0691,-1336.34,-3484.12,-1882.12,-1882.12,-156.424,1027.6,-117.793,-165.304,-124.137,89.3313,-138.58,133.005,136.099,141.258,-159.227,-156.7,-159.792,142.497,-44.6335,-44.6335,131.716,-310.035,-310.035,1026.94,-118.012,-140.024,134.117,-126.804,-332.251,-498.337,-498.337,-226.38,-465.108,-510.856,-1784.59,698.918,-300.253,289.032,1.87917,-342.395,-552.804,-329.184,-326.898,-3.10347,569.09,621.403,-128.1,-107.294,-144.218,-60.0841,19.009,-131.956,-82.919,-82.9272,36.1025,-73.2636,74.1003,96.413,-36.9723,487.743,476.641,530.234,517.851,83.5029,83.5029,44.8715,168.487,-38.9749,-38.9749,-125.499,-125.499,246.119,246.119,-39.1787,-50.8041,43.3698,208.608,-483.269,2467.46,2227.42,-4858.95,56.4812,-1028.04,169.664,272.729,-101.443,-101.443,-52.5614,-52.5614,-162.252,-268.089,344.228,-17.6923,-22.7156,-22.7156,-28.9545,-169.546,334.074,-10.2744,-16.7277,-16.7277,-28.6035,-28.2831,-174.455,-174.455,-207.133,-84.7207,-163.302,58.7477,-108.299,125.747,125.747,-78.1685,-86.1965,0,-81.7292,-149.009,0,-70.297,203.879,203.879,82.7105,-16.0705,75.4435,76.0665,80.7991,6.67191,-3.43787,-109.165,25.2291,525.084,183.234,70.2192,70.2192,-35.6827,-133.706,-133.706,-3.90841,-4.41313,399.807,0,-35.2977,-35.2977,0,-336.374,0,-108.784,0,93.8349,0,-37.1325,55.7918,25.7192,61.0189,61.0189,0,31.6064,31.6064,43.3903,0,0.385809,-310.886,-310.886,-310.886,0.125423,0,0,0,-20.6981,-20.6981,-20.6981,0,28.214,8.967,8.967,4.63665,-348.791,6.73745,6.73745,-1.23786,-6.96801,-0.652666,29.9361,-14.7688,-14.645,-5.87005,0,5.76546,0,226.176,226.176,226.176,0,0,0,0,-3.792,-455.355,-54.308,-54.308,187.93,410.876,51.7744,75.1898,0,-111.597,190.514,63.4926,451.557,1063.17,921.278,493.931,-13.4477,-8.41019,-226.088,-226.088,-522.925,163.085,-71.2995,-1033.33,-1026.97,-46.9668,-67.7513,-165.964,-782.273,-325.193,-352.387,285.624,-206.576,-2311.6,3334.86,1435.38,-6817.73,-378.965,939.517,-729.943,34.0528,-397.999,126.323,-210.663,-46.0124,-486.191,-62.1703,-293.47,123.713,123.713,-89.4419,-157.829,-157.829,-518.471,-47.9911,0,-215.934,66.5143,454.785,0,0
2020-08-01 13:00:00 UTC,185.23,99.4472,-313.174,40.9271,40.9271,49.4551,-77.0873,-130.506,235.587,235.587,-444.231,-145.11,753.841,34.3119,-66.9248,-166.125,-371.149,-82.4548,390.686,53.1706,-9.58953,105.494,105.494,207.368,299.87,100.826,14.8705,-10.9675,-16.2743,-130.541,71.2478,71.2478,162.725,88.4357,88.4357,248.5,-102.33,-129.398,788.869,788.869,-135.027,-330.456,-308.043,-167.237,-167.117,280.162,784.736,800.725,792.064,-10.6357,83.3352,83.3352,-23.1558,37.1927,41.768,-9.56132,-9.56132,208.106,-121.616,-57.2459,-160.634,145.964,84.53,-106.323,-106.323,3.29456,19.0349,-113.227,-113.227,-22.1166,-265.826,216.43,84.1836,84.1836,-7.31082,-7.31082,-1.84962,-2.29914,-2.47421,4.62402,4.33147,-11.6274,-0.251346,-0.332295,-0.367341,1.971,-3.21969,-61.2939,-61.2939,-6.36926,-6.36926,-7.36412,-7.36412,61.9236,61.9236,61.9236,-24.156,-24.156,-6.05932,24.117,11.8406,11.8406,-12.258,-12.258,59.9925,13.1358,162.916,5.43217,5.43217,131.314,131.314,131.314,-385.171,103.363,103.363,108.938,108.938,-5.86486,-32.9936,-32.9936,10.7792,10.7792,609.93,609.93,-418.008,-418.008,0,22.6172,194.416,79.8124,-214.751,-214.751,149.293,-738.387,-410.889,154.91,602.922,602.922,-111.394,-111.394,511.449,511.449,-46.0911,-114.135,-44.93,-658.287,-187.32,-187.32,119.106,119.106,119.106,-354.645,-354.645,508.094,-2.88318,-2.88318,-172.543,336.761,336.761,-364.806,161.62,-55.3183,0,-206.599,-170.588,457.303,337.934,337.934,52.1386,-17.6676,-2.00179,291.745,291.745,-73.4649,-67.7648,-67.7648,-759.291,244.321,813.773,-734.414,-749.985,-737.356,1154.56,-341.745,268.003,-665.361,-679.22,-659.162,760.45,94.9347,41.5563,-441.437,-1329.31,-29.9739,-1396.34,-3659.29,-1981.06,-1981.06,-160.971,1094.48,-123.846,-171.07,-129.314,92.869,-145.373,139.375,143.697,149.143,-167.217,-164.583,-167.813,150.448,-48.126,-48.126,138.615,-322.281,-322.281,1089.7,-125.39,-147.334,140.972,-132.384,-345.791,-521.959,-521.959,-233.169,-481.296,-528.827,-1850.36,728.733,-316.142,303.381,3.05613,-365.699,-578.259,-344.24,-341.861,-4.14854,595.345,650.003,-132.752,-111.223,-149.191,-61.9981,21.2041,-142.447,-86.5613,-86.5695,38.9607,-80.3398,77.4793,100.655,-35.6726,506.367,494.27,550.323,536.831,85.7951,85.7951,46.9418,173.748,-39.2763,-39.2763,-127.881,-127.881,257.409,257.409,-50.7675,-53.5384,46.0198,215.949,-489.23,2583.52,2331.03,-4967.56,59.4775,-1078.03,194.841,289.532,-117.726,-117.726,-62.1795,-62.1795,-157.464,-275.281,375.729,-16.0382,-25.4528,-25.4528,-40.0525,-172.181,287.371,-19.3285,-18.7839,-18.7839,-33.1553,-32.7701,-184.015,-184.015,-218.545,-89.5977,-174.848,54.3729,-135.018,139.082,139.082,-85.7673,-94.7501,0,-87.8063,-158.816,0,-77.4812,217.139,217.139,93.5641,-20.8053,82.9061,83.5792,89.25,3.90446,-6.30187,-117.303,27.7054,544.827,192.255,73.9009,73.9009,-36.981,-142.339,-142.339,-4.31436,-4.851,420.629,0,-36.7918,-36.7918,0,-371.626,0,-129.504,0,102.116,0,-37.2816,61.0976,27.9241,65.2707,65.2707,0,33.7418,33.7418,45.2863,0,0.438829,-338.222,-338.222,-338.222,0.163809,0,0,0,-22.5293,-22.5293,-22.5293,0,30.6864,9.95409,9.95409,5.80218,-384.798,7.31082,7.31082,-1.4147,-7.71439,-0.657964,31.8549,-15.6654,-15.5336,-6.14474,0,5.66723,0,234.406,234.406,234.406,0,0,0,0,-5.35263,-489.571,-56.1182,-56.1182,189.836,438.763,51.2113,74.3268,0,-121.19,199.382,67.1031,457.648,1127.77,958.436,516.697,-19.3157,-9.51432,-238.049,-238.049,-556.281,180.758,-78.2226,-1170.21,-1081.33,-48.977,-70.7227,-173.265,-815.589,-337.144,-367.441,295.607,-220.804,-2436.59,3414.69,1477.16,-6977.2,-410.67,935.316,-729.223,26.216,-422.52,126.35,-213.551,-54.4862,-446.26,-65.44,-297.426,132.048,132.048,-99.8175,-166.853,-166.853,-569.514,-55.1388,0,-236.252,67.696,474.559,0,0
2020-08-01 14:00:00 UTC,198.096,103.893,-320.218,38.5623,38.5623,69.8927,-77.5361,-130.937,244.312,244.312,-503.174,-163.284,840.039,27.619,-74.9493,-180.838,-403.168,-89.3302,442.502,62.6492,4.66263,114.911,114.911,228.543,328.664,110.187,16.1704,-12.0521,-16.8471,-141.726,78.243,78.243,181.042,99.3947,99.3947,276.955,-117.779,-149.107,929.032,929.032,-153.25,-374.364,-337.091,-181.953,-188.007,318.915,918.941,937.476,928.118,-13.1444,95.9284,95.9284,-24.9475,43.9119,58.397,-9.51042,-9.51042,245.655,-128.344,-64.5093,-180.403,173.303,101.053,-119.235,-119.235,3.15084,18.0456,-118.936,-118.936,-22.4012,-289.571,244.382,98.2048,98.2048,-6.37574,-6.37574,-1.85594,-2.31162,-2.73621,5.44323,4.03132,-14.1872,-0.206232,-0.289539,0.0259605,2.68221,-3.38343,-68.6108,-68.6108,-9.29351,-9.29351,-10.6992,-10.6992,69.5628,69.5628,69.5628,-26.498,-26.498,-3.36185,30.2101,12.521,12.521,-14.0951,-14.0951,67.7823,15.2702,181.521,6.48564,6.48564,145.817,145.817,145.817,-426.53,115.287,115.287,120.594,120.594,-6.11182,-36.5809,-36.5809,8.76522,8.76522,676.201,676.201,-454.998,-454.998,0,23.4966,212.845,87.0997,-233.564,-233.564,165.946,-814.5,-453.898,171.297,670.375,670.375,-121.816,-121.816,567.653,567.653,-49.5722,-123.987,-69.1711,-671.915,-207.856,-207.856,132.85,132.85,132.85,-398.547,-398.547,564.429,-2.88318,-2.88318,-191.529,383.395,383.395,-404.287,186.306,-58.4192,0,-230.663,-181.651,527.637,385.288,385.288,57.9525,-18.5589,0.516746,324.935,324.935,-70.84,-67.8004,-67.8004,-876.512,301.385,950.129,-849.321,-867.298,-852.858,1376.73,-392.935,308.507,-757.399,-773.098,-748.77,845.028,131.568,80.3408,-480.662,-1417.35,-33.7493,-1494.45,-3947.25,-2143.76,-2143.76,-163.864,1236.11,-136.815,-176.416,-138.219,96.4718,-157.545,150.112,157.188,163.146,-180.125,-177.34,-180.77,164.586,-56.5516,-56.5516,150.811,-342.773,-342.773,1211.59,-144.52,-160.544,153.046,-142.588,-367.159,-567.473,-567.473,-242.906,-504.964,-555.123,-1946.53,758.993,-341.48,325.912,5.24354,-404.689,-616.134,-366.636,-364.122,-6.34317,634.768,692.934,-139.4,-116.931,-156.675,-64.861,24.0672,-159.987,-91.7722,-91.7804,43.0127,-93.466,82.3252,106.703,-35.6152,533.846,520.193,579.933,564.705,89.2725,89.2725,49.6169,180.451,-39.7233,-39.7233,-131.38,-131.38,274.252,274.252,-71.3691,-57.5304,48.6848,227.274,-497.248,2752.56,2484.18,-5108.64,64.9281,-1169.11,236.374,315.852,-144.546,-144.546,-82.0801,-82.0801,-147.751,-288.128,429.163,-12.8976,-31.1178,-31.1178,-57.1985,-175.246,212.243,-32.4634,-23.4772,-23.4772,-42.6911,-42.1693,-199.45,-199.45,-237.101,-97.8877,-195.369,36.7104,-190.609,159.733,159.733,-98.2523,-108.909,0,-93.0935,-167.915,0,-89.167,227.683,227.683,113.005,-36.4791,95.0743,95.8255,103.034,-3.28196,-12.7796,-129.013,29.8591,560.623,204.662,79.7569,79.7569,-37.3516,-150.994,-150.994,-5.21247,-5.78944,438.655,0,-32.9024,-32.9024,0,-425.953,0,-152.351,0,111.717,0,-37.4969,63.3038,30.4624,70.8631,70.8631,0,36.1131,36.1131,48.1664,0,0.638593,-403.217,-403.217,-403.217,0.235214,0,0,0,-27.7397,-27.7397,-27.7397,0,30.8239,8.90758,8.90758,3.90362,-440.792,6.37574,6.37574,-3.29063,-10.2018,-1.83741,38.164,-17.6884,-17.5414,-6.83045,0,4.9273,0,247.029,247.029,247.029,0,0,0,0,-8.59282,-552.976,-58.4567,-58.4567,185.568,498.944,46.2907,67.0564,0,-144.38,213.831,74.033,457.247,1248.7,1017.38,555.166,-30.395,-12.0292,-258.975,-258.975,-612.638,218.053,-90.9598,-1395.76,-1160.82,-51.8389,-74.972,-183.711,-857.385,-353.717,-386.973,308.866,-242.139,-2604.65,3486.82,1514.48,-7183.91,-465.128,929.403,-728.485,11.9052,-462.835,125.113,-217.223,-68.0822,-379.44,-71.6747,-303.157,146.566,146.566,-118.396,-174.464,-174.464,-644.325,-74.9126,0,-254.044,71.3863,505.669,0,0
2020-08-01 15:00:00 UTC,208.64,106.812,-313.806,31.7875,31.7875,97.0441,-75.1373,-125.47,246.343,246.343,-560.558,-185.278,927.056,24.5112,-85.9659,-190.389,-442.816,-97.8245,495.372,72.5468,23.534,126.899,126.899,246.598,353.066,117.879,17.2972,-12.9762,-17.0059,-151.24,85.0633,85.0633,202.376,113.45,113.45,307.911,-137.567,-174.411,1101.76,1101.76,-175.921,-420.566,-365.676,-196.345,-213.38,367.203,1082.84,1104.44,1094.51,-16.6987,110.607,110.607,-27.462,52.3021,80.062,-9.29805,-9.29805,292.435,-135.322,-73.3567,-206.011,206.725,121.49,-136.59,-136.59,2.61484,15.8061,-122.907,-122.907,-22.0194,-312.42,274.175,109.292,109.292,-4.93639,-4.93639,-1.8154,-2.25358,-3.04303,6.39053,3.39661,-17.2775,-0.150133,-0.236371,0.536615,3.54991,-3.38523,-76.1233,-76.1233,-13.2176,-13.2176,-15.1623,-15.1623,77.7574,77.7574,77.7574,-28.2818,-28.2818,0.367978,37.5625,12.9886,12.9886,-16.122,-16.122,76.4299,17.7142,200.271,8.31544,8.31544,163.677,163.677,163.677,-476.343,130.243,130.243,135.459,135.459,-6.91628,-41.7591,-41.7591,6.05857,6.05857,759.886,759.886,-499.392,-499.392,0,24.8781,235.118,94.5827,-255.763,-255.763,185.464,-905.17,-505.361,190.727,755.706,755.706,-135.601,-135.601,639.418,639.418,-54.203,-135.629,-100.614,-676.825,-232.205,-232.205,148.761,148.761,148.761,-451.398,-451.398,636.213,-2.88318,-2.88318,-212.503,439.862,439.862,-447.345,217.203,-59.5226,0,-257.423,-190.145,616.908,443.656,443.656,67.7674,-16.2363,4.91271,363.199,363.199,-63.1938,-64.5372,-64.5372,-1016.38,375.394,1116.2,-986.729,-1007.57,-991.036,1656.37,-455.141,355.81,-863.408,-881.193,-851.392,940.738,179.857,127.838,-529.192,-1516.7,-38.0077,-1604.34,-4276.87,-2330.04,-2330.04,-162.975,1421.63,-159.492,-179.643,-148.273,97.7597,-172.388,161.504,173.113,179.684,-194.398,-191.488,-195.1,181.339,-68.3091,-68.3091,165.167,-363.493,-363.493,1366.82,-176.063,-175.578,167.177,-155.123,-389.404,-622.413,-622.413,-251.585,-529.416,-582.326,-2047,784.104,-367.051,349.265,6.69193,-446.313,-657.049,-390.825,-388.169,-7.80182,676.984,738.893,-146.714,-123.254,-164.806,-67.9363,26.7286,-177.806,-97.4075,-97.4157,47.0926,-107.681,87.5763,113.257,-34.7927,562.596,547.187,610.873,593.688,93.3171,93.3171,52.8004,188.698,-40.2778,-40.2778,-135.383,-135.383,292.331,292.331,-92.0062,-61.8704,51.1144,239.924,-505.589,2934.67,2648.74,-5261.44,71.7215,-1262.88,279.01,343.946,-171.967,-171.967,-103.789,-103.789,-137.252,-301.452,485.473,-9.87465,-37.3779,-37.3779,-73.162,-178.729,134.356,-44.2987,-28.5041,-28.5041,-52.5276,-51.8645,-215.454,-215.454,-255.628,-105.886,-217.358,12.2579,-250.75,177.971,177.971,-109.952,-122.262,0,-94.0883,-170.521,0,-100.208,229.796,229.796,132.609,-56.878,107.41,108.239,115.815,-10.9423,-19.259,-139.568,31.0399,573.97,212.384,86.0906,86.0906,-32.8674,-157.726,-157.726,-6.34825,-6.96135,447.582,0,-24.483,-24.483,0,-481.714,0,-166.047,0,119.62,0,-37.6996,61.0445,32.7506,75.6199,75.6199,0,37.9668,37.9668,50.6026,0,0.969707,-484.43,-484.43,-484.43,0.324511,0,0,0,-34.87,-34.87,-34.87,0,29.9278,7.17375,7.17375,0.992221,-492.759,4.93639,4.93639,-5.79199,-13.3244,-3.54495,44.8285,-19.738,-19.5762,-8.01354,0,2.51648,0,259.146,259.146,259.146,0,0,0,0,-14.3733,-627.448,-60.4588,-60.4588,167.097,568.851,36.13,52.1169,0,-177.978,228.604,81.7904,439.015,1396.64,1078.81,598.932,-45.4232,-16.4171,-282.471,-282.471,-679.053,269.356,-104.58,-1664.45,-1248.35,-54.9341,-79.5673,-195.008,-901.241,-373.507,-408.813,324.496,-267.44,-2777.14,3551.08,1547.81,-7407.82,-524.941,926.871,-726.052,-1.50791,-506.957,123.694,-222.15,-81.6495,-309.079,-79.8326,-310.397,162.801,162.801,-140.053,-176.484,-176.484,-713.214,-100.525,0,-263.97,73.5042,535.216,0,0
2020-08-01 16:00:00 UTC,217.475,108.836,-302.424,23.44,23.44,126.223,-71.7144,-117.948,242.176,242.176,-613.684,-208.022,1009.44,22.761,-97.9037,-196.845,-483.858,-106.594,546.133,82.2184,44.2681,140.326,140.326,262.554,373.079,124.164,18.3256,-13.8082,-16.5397,-159.749,91.6808,91.6808,223.738,127.693,127.693,338.58,-158.411,-201.142,1285.99,1285.99,-199.481,-464.894,-391.978,-209.506,-239.863,419.563,1255.31,1280.06,1269.82,-20.5237,125.684,125.684,-30.2754,61.0899,102.843,-9.03862,-9.03862,341.948,-142.653,-82.9389,-232.553,241.657,143.116,-154.263,-154.263,1.93678,13.065,-125.441,-125.441,-21.3191,-333.191,304.763,121.088,121.088,-3.2905,-3.2905,-1.76514,-2.17734,-3.35723,7.35406,2.70855,-20.4726,-0.0739419,-0.164247,1.10443,4.46664,-3.32026,-83.6478,-83.6478,-17.3381,-17.3381,-19.8445,-19.8445,85.9352,85.9352,85.9352,-29.6977,-29.6977,4.43305,45.1958,13.353,13.353,-18.1966,-18.1966,85.4826,20.1959,217.939,9.43473,9.43473,181.024,181.024,181.024,-526.027,144.506,144.506,149.971,149.971,-6.8232,-46.9013,-46.9013,3.21442,3.21442,843.968,843.968,-542.581,-542.581,0,26.1664,257.166,101.584,-277.387,-277.387,204.918,-993.638,-555.831,210.438,841.577,841.577,-149.54,-149.54,711.467,711.467,-58.7872,-146.966,-133.806,-672.309,-256.732,-256.732,164.901,164.901,164.901,-504.209,-504.209,708.072,-2.88318,-2.88318,-233.39,497.745,497.745,-487.847,249.152,-58.6425,0,-282.346,-195.045,710.064,503.606,503.606,78.2686,-13.0169,9.11631,401.185,401.185,-50.9532,-58.024,-58.024,-1160.07,456.9,1290.62,-1128.03,-1151.81,-1133.16,1956.36,-519.282,404.749,-967.78,-987.586,-951.702,1031.69,232.69,177.865,-579.073,-1610.99,-41.7187,-1707.79,-4591.47,-2508.3,-2508.3,-160.289,1613.22,-182.111,-181.103,-156.903,99.36,-186.69,172.132,188.567,195.743,-207.842,-204.824,-208.598,197.635,-80.4706,-80.4706,179.018,-382.439,-382.439,1523.56,-208.187,-190.12,180.754,-166.386,-409.293,-674.468,-674.468,-258.398,-550.781,-606.123,-2133.58,802.181,-391.152,371.233,8.16065,-488.509,-693.813,-412.554,-409.774,-9.50789,715.145,780.425,-152.878,-128.633,-171.747,-70.6377,29.1731,-195.27,-102.272,-102.28,50.8777,-122.494,92.1189,118.905,-33.6441,588.025,570.957,638.204,619.168,96.493,96.493,55.6632,195.292,-40.4637,-40.4637,-138.212,-138.212,308.317,308.317,-113.968,-65.8986,51.7628,250.617,-510.836,3096.39,2794.17,-5359.81,77.1799,-1353.4,321.637,371.95,-199.146,-199.146,-125.572,-125.572,-124.965,-315.227,545.293,-6.88479,-44.844,-44.844,-87.722,-182.607,53.8756,-54.1817,-33.9981,-33.9981,-62.7549,-61.9447,-231.084,-231.084,-272.99,-113.083,-239.147,-13.2737,-313.353,197.047,197.047,-122.224,-136.273,0,-94.7142,-172.915,0,-111.838,231.136,231.136,153.181,-76.8996,120.356,121.267,129.22,-19.0342,-26.0269,-149.177,31.9184,583.338,218.355,91.9159,91.9159,-27.8021,-163.156,-163.156,-7.51663,-8.16035,450.644,0,-14.9722,-14.9722,0,-528.645,0,-175.013,0,126.087,0,-37.896,57.5241,34.5781,79.8747,79.8747,0,39.4049,39.4049,52.9384,0,1.39584,-571.644,-571.644,-571.644,0.426952,0,0,0,-42.8788,-42.8788,-42.8788,0,28.5804,5.15224,5.15224,-2.31984,-546.938,3.2905,3.2905,-8.39481,-16.8409,-5.38048,51.1885,-21.7699,-21.5939,-8.68668,-1.80567e-12,2.79548,0,268.705,268.705,268.705,0,0,0,0,-19.2635,-702.077,-62.01,-62.01,139.164,639.094,21.6151,30.8106,0,-213.596,241.204,89.2308,402.955,1545.92,1132.44,639.119,-61.3116,-20.6157,-304.93,-304.93,-743.713,325.499,-118.698,-1931.57,-1326.72,-57.5979,-83.5328,-204.76,-937.504,-390.208,-425.518,337.821,-289.174,-2923.9,3579.52,1562.67,-7551.98,-587.639,926.157,-721.068,-14.3571,-555.255,122.387,-227.809,-94.7042,-237.087,-91.1048,-319.276,179.044,179.044,-163.876,-178.218,-178.218,-788.259,-127.336,0,-271.515,74.6501,559.444,0,0
2020-08-01 17:00:00 UTC,225.6,110.227,-288.68,15.5697,15.5697,157.217,-67.557,-109.003,237.873,237.873,-670.607,-229.231,1093.58,16.4562,-108.561,-205.815,-519.133,-114.112,599.787,92.6887,68.1238,153.104,153.104,279.35,388.208,129.114,19.5166,-14.7638,-14.0287,-169.293,98.4697,98.4697,244.33,140.969,140.969,369.641,-178.781,-227.34,1479.07,1479.07,-222.696,-509.808,-418.133,-222.531,-267.035,478.237,1433.46,1461.43,1451.15,-24.1081,141.18,141.18,-32.8008,69.8337,125.497,-8.76104,-8.76104,392.452,-150.123,-92.7955,-256.158,277.45,165.543,-168.753,-168.753,1.28361,10.268,-127.348,-127.348,-20.5837,-353.824,336.851,135.909,135.909,-1.59901,-1.59901,-1.73108,-2.11116,-3.67933,8.34306,2.03241,-23.6327,-0.00856623,-0.10232,1.66627,5.36915,-3.1925,-91.5961,-91.5961,-21.4262,-21.4262,-24.484,-24.484,94.4181,94.4181,94.4181,-30.7226,-30.7226,8.52979,52.7796,13.7285,13.7285,-20.2523,-20.2523,95.5441,22.6421,235.926,11.1971,11.1971,198.358,198.358,198.358,-574.16,158.874,158.874,164.392,164.392,-7.48236,-52.0045,-52.0045,0.237134,0.237134,927.037,927.037,-584.078,-584.078,0,27.3618,278.779,108.868,-298.157,-298.157,224.102,-1078.94,-604.751,229.678,926.58,926.58,-162.706,-162.706,782.563,782.563,-63.0549,-157.869,-167.618,-660.539,-280.66,-280.66,180.987,180.987,180.987,-556.212,-556.212,779.098,-2.88318,-2.88318,-255.009,557.068,557.068,-525.88,282.347,-54.9671,0,-304.785,-196.782,805.928,564.684,564.684,87.5906,-10.8732,13.3786,439.172,439.172,-33.929,-48.127,-48.127,-1305.23,544.46,1470.65,-1270.74,-1297.48,-1276.75,2272.1,-585.301,453.7,-1068.51,-1090.23,-1047.75,1116.89,288.846,229.111,-630.421,-1701.81,-44.7829,-1806.42,-4895.71,-2681.18,-2681.18,-156.973,1805.14,-201.583,-181.441,-164.398,101.628,-200.153,182.535,203.605,211.376,-220.783,-217.666,-221.59,213.499,-92.3954,-92.3954,192.377,-400.15,-400.15,1677.79,-237.305,-204.399,193.808,-176.596,-427.638,-722.467,-722.467,-263.284,-570.042,-627.606,-2210.83,817.561,-413.463,391.827,9.16767,-530.738,-728.185,-432.863,-429.972,-10.8739,750.722,819.136,-158.38,-133.475,-177.941,-73.1174,31.4911,-212.201,-106.695,-106.703,54.5039,-137.592,96.257,124.029,-32.3309,611.233,592.552,663.12,642.286,99.1159,99.1159,58.319,200.84,-40.5633,-40.5633,-140.453,-140.453,323.004,323.004,-136.329,-69.657,52.6488,260.073,-515.164,3247.7,2927.09,-5448.83,81.6494,-1447.31,365.669,399.549,-227.159,-227.159,-147.892,-147.892,-111.465,-329.675,607.224,-3.71344,-52.9745,-52.9745,-100.834,-186.669,-30.1501,-62.6083,-40.1605,-40.1605,-73.9526,-72.9805,-246.332,-246.332,-289.289,-119.64,-260.815,-38.7,-380.672,219.297,219.297,-136.235,-152.237,0,-97.0729,-178.172,0,-125.035,236.727,236.727,176.113,-96.0943,134.761,135.761,144.634,-27.9898,-33.5565,-158.503,32.6924,591.937,225.568,97.5301,97.5301,-24.2026,-167.913,-167.913,-8.80022,-9.47791,454.089,0,-5.22536,-5.22536,0,-578.833,0,-191.516,0,131.185,0,-38.1314,52.13,35.6161,84.6465,84.6465,0,40.4189,40.4189,56.3361,0,1.86164,-663.418,-663.418,-663.418,0.548994,0,0,0,-50.7169,-50.7169,-50.7169,0,27.2213,3.0632,3.0632,-5.70486,-608.67,1.59901,1.59901,-10.946,-20.199,-7.25879,56.643,-23.8614,-23.6705,-9.68603,0,0.819651,0,276.052,276.052,276.052,0,0,0,0,-24.2997,-777.509,-63.1135,-63.1135,97.5812,708.933,2.82805,3.25846,0,-254.554,250.417,96.3062,350.521,1695.67,1179.75,676.934,-77.9261,-24.872,-326.591,-326.591,-807.47,385.181,-133.083,-2200.85,-1399.97,-60.0117,-87.1378,-213.628,-968.929,-405.048,-438.989,349.613,-305.72,-3056.54,3615.68,1581.9,-7682.75,-652.434,918.011,-716.631,-27.3715,-605.258,121.072,-233.896,-108.114,-162.102,-104.717,-329.22,195.522,195.522,-189.457,-182.394,-182.394,-873.342,-155.118,0,-278.323,74.8573,580.007,0,0
2020-08-01 18:00:00 UTC,230.888,110.447,-273.279,8.10021,8.10021,185.69,-63.1423,-99.6972,227.855,227.855,-717.627,-247.464,1163,11.8924,-117.997,-211.929,-549.564,-120.584,644.581,101.522,90.6099,165.053,165.053,292.286,393.87,131.166,20.5506,-15.5873,-9.9528,-177.297,104.032,104.032,260.937,151.559,151.559,396.64,-196.967,-250.799,1653.85,1653.85,-243.472,-546.829,-439.124,-232.926,-292.091,537.091,1592.67,1623.47,1613.38,-27.1851,154.889,154.889,-35.1394,77.498,144.772,-8.58483,-8.58483,437.42,-157.552,-101.771,-276.935,309.056,185.563,-181.281,-181.281,0.691659,7.6616,-128.125,-128.125,-19.8243,-370.287,364.371,147.641,147.641,-0.0719884,-0.0719884,-1.71208,-2.05185,-3.96203,9.21028,1.41195,-26.2651,0.0266571,-0.0688618,2.13025,6.11017,-2.96391,-98.5868,-98.5868,-24.9576,-24.9576,-28.4825,-28.4825,101.825,101.825,101.825,-30.9028,-30.9028,12.1038,59.125,14.0018,14.0018,-21.9257,-21.9257,105.15,24.6449,250.686,12.8222,12.8222,213.09,213.09,213.09,-614.66,170.88,170.88,176.628,176.628,-8.19182,-56.1927,-56.1927,-2.31639,-2.31639,998.213,998.213,-618.887,-618.887,0,28.2837,297.12,115.126,-315.686,-315.686,240.545,-1150.06,-645.74,246.357,999.461,999.461,-173.735,-173.735,843.313,843.313,-66.7989,-167.022,-197.383,-644.735,-301.068,-301.068,195.122,195.122,195.122,-600.599,-600.599,839.672,-2.88318,-2.88318,-273.906,609.242,609.242,-556.626,311.778,-50.0613,0,-322.417,-195.716,891.203,618.118,618.118,94.9009,-9.46143,17.6538,472.408,472.408,-15.1911,-36.7321,-36.7321,-1432.4,625.506,1631.48,-1395.71,-1425.03,-1402.52,2558.98,-644.03,496.365,-1152.9,-1176.2,-1127.57,1186.04,340.185,274.227,-676.218,-1777.81,-46.8748,-1887.98,-5150.77,-2826.23,-2826.23,-153.269,1972.72,-216.618,-180.61,-171.041,102.221,-211.153,191.478,216.359,224.639,-231.416,-228.224,-232.267,226.949,-102.584,-102.584,203.602,-413.97,-413.97,1810.36,-260.823,-216.586,204.746,-185.39,-442.239,-761.394,-761.394,-265.963,-584.93,-644.24,-2271.4,827.84,-431.071,408.295,9.66786,-566.73,-755.941,-449.257,-446.279,-11.7519,779.139,850.054,-162.624,-137.254,-182.758,-75.0832,33.2212,-225.851,-110.13,-110.138,57.368,-150.729,99.4748,128.005,-31.4108,629.394,609.377,682.6,660.275,101.074,101.074,60.3819,204.847,-40.5274,-40.5274,-142.007,-142.007,334.593,334.593,-155.024,-72.3929,53.1849,267.445,-518.081,3365.49,3032.81,-5510.97,84.8407,-1524.53,402.786,422.855,-250.725,-250.725,-166.686,-166.686,-99.1171,-342.041,661.993,-1.12469,-60.3059,-60.3059,-110.703,-191.732,-102.428,-68.5355,-45.5326,-45.5326,-83.5563,-82.4448,-258.854,-258.854,-302.039,-124.484,-278.874,-61.5625,-437.393,237.043,237.043,-147.698,-165.321,0,-97.8837,-180.768,0,-136.031,240.079,240.079,195.334,-112.264,147.212,148.287,157.162,-35.1694,-39.433,-165.672,33.1613,598.294,232.24,102.06,102.06,-22.0498,-170.668,-170.668,-9.94019,-10.6431,452.504,0,3.96859,3.96859,0,-625.385,0,-203.115,0,133.299,0,-38.3418,44.5929,35.5918,88.6486,88.6486,0,40.691,40.691,59.976,0,2.31985,-746.784,-746.784,-746.784,0.670397,0,0,0,-57.743,-57.743,-57.743,0,25.8975,1.14596,1.14596,-8.74465,-659.652,0.0719884,0.0719884,-13.1106,-22.7698,-8.97724,59.976,-25.6295,-25.4263,-10.5384,0,-1.30751,0,280.706,280.706,280.706,0,0,0,0,-30.3351,-845.383,-63.3745,-63.3745,49.3408,769.107,-16.9782,-25.773,0,-294.051,256.089,102.214,291.864,1825.35,1215.52,708.014,-92.9104,-29.1334,-345.06,-345.06,-861.254,439.62,-145.582,-2432.98,-1459.41,-61.8828,-89.9369,-220.514,-992.587,-416.726,-449.235,358.269,-318.651,-3155.5,3641.9,1596.03,-7774.22,-709.259,910.941,-711.321,-37.6297,-650.652,121.244,-240.947,-119.199,-97.2278,-117.865,-337.99,209.85,209.85,-212.284,-184.944,-184.944,-944.993,-180.044,0,-282.586,74.2283,594.036,0,0
2020-08-01 19:00:00 UTC,231.648,109.082,-256.76,1.60208,1.60208,205.08,-58.846,-90.9301,208.579,208.579,-745.169,-260.914,1205.1,9.53572,-125.681,-213.054,-572.251,-125.4,672.75,107.329,106.806,174.801,174.801,301.434,393.157,131.214,21.376,-16.2412,-5.35265,-183.495,108.209,108.209,271.962,158.085,158.085,415.735,-209.37,-266.835,1775.97,1775.97,-257.815,-571.151,-451.856,-239.205,-310.064,583.642,1703.5,1736.25,1726.43,-29.2563,164.331,164.331,-36.4139,82.7399,158.786,-8.336,-8.336,468.743,-161.548,-107.843,-289.347,331.341,199.795,-188.1,-188.1,0.0939944,5.29058,-127.682,-127.682,-18.9602,-379.894,382.313,154.803,154.803,1.19132,1.19132,-1.6866,-1.9851,-4.15992,9.81141,0.841047,-28.0568,0.0131081,-0.0814519,2.43558,6.59261,-2.69505,-103.201,-103.201,-27.5788,-27.5788,-31.4439,-31.4439,106.726,106.726,106.726,-30.396,-30.396,14.8507,63.482,14.087,14.087,-22.9645,-22.9645,112.142,25.9338,259.789,14.3427,14.3427,223.422,223.422,223.422,-642.136,179.178,179.178,185.348,185.348,-9.18866,-59.2417,-59.2417,-3.76969,-3.76969,1048.41,1048.41,-643.121,-643.121,0,29.1794,309.958,119.274,-327.856,-327.856,251.577,-1198.26,-673.632,257.817,1050.65,1050.65,-181.638,-181.638,886.196,886.196,-69.4951,-173.361,-218.291,-630.349,-314.97,-314.97,204.821,204.821,204.821,-631.064,-631.064,882.264,-2.88318,-2.88318,-287.087,645.613,645.613,-576.245,332.937,-44.8115,0,-333.126,-192.766,952.115,655.368,655.368,100.441,-7.9317,20.3996,495.271,495.271,-0.211951,-27.3665,-27.3665,-1519.78,683.874,1743.63,-1481.42,-1512.5,-1488.82,2762.35,-684.712,526.085,-1208.84,-1233.16,-1180.15,1230.72,377.096,305.071,-708.95,-1829.04,-48.0194,-1942.12,-5322.97,-2924.01,-2924.01,-149.693,2092.34,-227.375,-179.059,-175.806,101.15,-218.606,197.257,224.958,233.583,-238.461,-235.226,-239.341,236.031,-109.92,-109.92,211.142,-422.353,-422.353,1903.55,-277.714,-224.978,212.073,-191.905,-451.428,-787.675,-787.675,-267.041,-594.22,-654.629,-2308.84,832.37,-442.152,418.761,9.76599,-590.756,-773.81,-459.81,-456.778,-12.1293,797.261,869.769,-165.301,-139.642,-185.706,-76.3245,34.3279,-234.242,-112.308,-112.316,59.2104,-159.5,101.517,130.53,-30.4674,640.821,619.931,694.847,671.549,102.206,102.206,61.7457,207.358,-40.4259,-40.4259,-142.852,-142.852,341.838,341.838,-166.742,-74.0629,53.2249,271.922,-519.562,3440.31,3099.87,-5542.5,86.6144,-1568.37,426.041,438.448,-265.291,-265.291,-178.112,-178.112,-90.4375,-349.987,697.35,0.467371,-65.5374,-65.5374,-116.141,-195.241,-142.366,-71.1506,-49.2342,-49.2342,-89.7587,-88.557,-266.995,-266.995,-309.87,-127.154,-290.435,-75.9519,-472.744,248.294,248.294,-155.097,-173.774,0,-98.1383,-182.323,0,-143.351,243.186,243.186,207.691,-122.785,155.328,156.452,165.162,-39.7392,-43.0712,-169.547,32.9021,601.764,235.995,104.871,104.871,-20.3903,-170.365,-170.365,-10.6743,-11.3857,444.536,0,11.2862,11.2862,0,-648.763,0,-206.884,0,133.347,0,-38.5133,36.2163,34.9427,91.7475,91.7475,0,40.4877,40.4877,63.3792,0,2.64669,-805.603,-805.603,-805.603,0.75873,0,0,0,-62.3064,-62.3064,-62.3064,0,24.4642,-0.508832,-0.508832,-11.2479,-691.919,-1.19132,-1.19132,-14.697,-24.077,-10.3223,61.5257,-26.8344,-26.6231,-11.3131,0,-4.29723,0,282.88,282.88,282.88,0,0,0,0,-33.6341,-892.736,-63.2797,-63.2797,13.1271,809.697,-32.7922,-48.9381,0,-321.21,259.001,106.065,243.537,1915.9,1236.91,729.224,-103.696,-31.8738,-357.635,-357.635,-897.941,479.59,-153.883,-2593.09,-1498.44,-63.0704,-91.7119,-224.881,-1008.59,-423.66,-455.933,363.706,-326.931,-3218.18,3655.23,1603.31,-7820.69,-747.952,913.131,-705.054,-43.8361,-680.428,121.369,-245.913,-125.634,-59.6492,-127.139,-344.137,219.512,219.512,-228.585,-186.659,-186.659,-990.799,-196.673,0,-280.817,73.1121,600.721,0,0
2020-08-01 20:00:00 UTC,234.375,109.14,-242.472,-4.27186,-4.27186,221.287,-54.8536,-82.8804,199.343,199.343,-768.91,-272.896,1243.02,9.56915,-132.404,-214.161,-594.275,-130.067,697.533,112.059,119.224,184.793,184.793,312.571,396.614,132.628,22.291,-16.9525,-1.43601,-190.398,112.443,112.443,281.377,162.972,162.972,433.33,-217.969,-277.972,1863.4,1863.4,-268.198,-588.152,-462.596,-244.49,-324.045,622.642,1781.12,1815.22,1805.68,-30.2967,171.051,171.051,-37.8395,86.083,164.708,-8.60766,-8.60766,489.228,-168.499,-112.698,-298.432,345.423,208.837,-192.705,-192.705,0.198108,5.03119,-128.724,-128.724,-19.1534,-388.867,395.006,159.102,159.102,1.51587,1.51587,-1.73056,-2.00785,-4.28757,10.2259,0.732455,-28.9445,0.00866598,-0.0855593,2.55321,6.82572,-2.53103,-107.036,-107.036,-28.7258,-28.7258,-32.7327,-32.7327,110.686,110.686,110.686,-30.1181,-30.1181,15.7943,65.6178,14.3591,14.3591,-23.5969,-23.5969,117.814,26.6808,267.555,15.1359,15.1359,230.478,230.478,230.478,-661.483,184.469,184.469,191.478,191.478,-9.49052,-61.4636,-61.4636,-4.32403,-4.32403,1084.63,1084.63,-660.63,-660.63,0,30.1111,319.477,122.302,-336.655,-336.655,259.246,-1231.79,-693.091,266.338,1087.26,1087.26,-187.522,-187.522,916.954,916.954,-71.6917,-177.914,-233.201,-618.925,-324.947,-324.947,211.98,211.98,211.98,-652.774,-652.774,912.468,-2.88318,-2.88318,-296.915,671.694,671.694,-589.449,348.943,-39.3798,0,-339.725,-189.323,997.066,681.921,681.921,104.183,-6.82842,22.2279,511.379,511.379,11.5278,-19.9563,-19.9563,-1580.64,726.06,1822.41,-1540.98,-1573.28,-1548.83,2907.76,-713.812,546.339,-1246.99,-1272,-1215.92,1260.89,403.851,326.4,-732.949,-1865.32,-48.674,-1979.87,-5444.35,-2992.92,-2992.92,-146.761,2179.26,-235.117,-177.55,-179.092,100.187,-223.834,201.186,230.977,239.845,-243.316,-240.052,-244.216,242.385,-115.194,-115.194,216.391,-427.999,-427.999,1970.43,-289.974,-231.1,217.167,-196.509,-457.618,-806.087,-806.087,-267.429,-600.385,-661.532,-2332.72,834.813,-449.716,425.895,9.791,-607.884,-786.141,-467.089,-464.022,-12.3706,809.538,883.125,-167.019,-141.176,-187.521,-77.1442,35.2491,-239.92,-113.771,-113.779,60.6066,-165.656,102.889,132.22,-29.9314,648.464,626.971,703.036,679.065,102.703,102.703,62.5394,208.456,-40.2364,-40.2364,-143.143,-143.143,346.601,346.601,-175.034,-74.9872,52.7059,274.478,-519.853,3492.54,3144.65,-5546.98,87.27,-1597.71,441.848,449.59,-275.186,-275.186,-186.136,-186.136,-83.9058,-355.527,723.306,1.57154,-69.3694,-69.3694,-119.847,-198.445,-170.547,-72.8476,-51.7738,-51.7738,-93.9851,-92.7219,-272.774,-272.774,-315.205,-128.81,-298.525,-87.0764,-497.608,255.555,255.555,-160.038,-179.44,0,-97.3049,-181.958,0,-148.472,243.738,243.738,216.252,-131.188,161.311,162.471,170.399,-42.5381,-45.1953,-172.121,32.5564,604.075,238.318,106.67,106.67,-19.2633,-171.758,-171.758,-11.3849,-12.1096,441.388,0,17.6796,17.6796,0,-666.545,0,-208.123,0,134.804,0,-38.717,30.1822,34.6841,95.1988,95.1988,0,40.5701,40.5701,66.5621,0,2.83772,-846.997,-846.997,-846.997,0.837353,0,0,0,-65.3314,-65.3314,-65.3314,0,24.7559,-0.855715,-0.855715,-11.8898,-713.21,-1.51587,-1.51587,-15.3852,-24.6722,-10.9986,61.1543,-27.6033,-27.3861,-11.7163,0,-5.20279,0,284.042,284.042,284.042,0,0,0,0,-35.6749,-926.019,-63.1955,-63.1955,-16.9127,837.605,-45.0483,-66.8817,0,-342.625,260.263,108.651,205.528,1980.88,1250.64,744.011,-111.583,-33.6997,-366.405,-366.405,-923.601,509.127,-159.744,-2709.04,-1525.67,-63.8648,-92.9038,-227.814,-1020.13,-427.224,-460.468,366.444,-331.28,-3264.14,3654.72,1603.16,-7827.32,-775.915,917.121,-699.937,-48.0085,-702.68,122.187,-249.525,-129.9,-32.4043,-133.896,-348.655,226.342,226.342,-241.184,-186.68,-186.68,-1021.2,-210.38,0,-278.209,72.0133,603.968,0,0
2020-08-01 21:00:00 UTC,236.862,109.254,-227.737,-9.86204,-9.86204,233.334,-50.8215,-74.8001,196.869,196.869,-790.558,-282.323,1275.99,7.03326,-137.456,-216.946,-610.462,-133.494,720.146,116.365,128.859,193.119,193.119,323.025,400.999,134.33,23.1251,-17.5914,1.76477,-196.657,116.169,116.169,289.073,166.693,166.693,448.261,-224.057,-285.866,1927.41,1927.41,-275.843,-600.86,-471.698,-248.972,-334.958,654.395,1836.74,1871.79,1862.49,-30.7077,176.011,176.011,-39.1865,88.2285,166.11,-9.11957,-9.11957,502.854,-176.529,-116.698,-305.382,354.502,214.685,-195.957,-195.957,0.650056,5.83324,-130.436,-130.436,-19.8653,-396.897,404.527,162.453,162.453,1.36893,1.36893,-1.80933,-2.07885,-4.37186,10.5232,0.892026,-29.3484,0.0174906,-0.0772154,2.58358,6.93207,-2.44704,-110.389,-110.389,-29.031,-29.031,-33.0682,-33.0682,113.991,113.991,113.991,-30.067,-30.067,15.7966,66.5683,14.731,14.731,-24.0268,-24.0268,122.578,27.1317,274.191,15.4441,15.4441,235.609,235.609,235.609,-676.082,187.959,187.959,195.981,195.981,-9.39268,-63.0534,-63.0534,-4.23553,-4.23553,1112.5,1112.5,-674.487,-674.487,0,31.0458,327.2,124.991,-343.715,-343.715,265.126,-1256.7,-707.582,273.246,1115.08,1115.08,-192.063,-192.063,940.263,940.263,-73.4418,-181.551,-243.926,-611.205,-332.689,-332.689,217.626,217.626,217.626,-668.9,-668.9,935.112,-2.88318,-2.88318,-304.685,691.022,691.022,-598.784,361.272,-34.1706,0,-343.787,-186.283,1030.89,701.405,701.405,106.454,-6.66651,23.2385,524.34,524.34,20.4339,-14.3356,-14.3356,-1624.25,756.664,1879.18,-1583.43,-1616.58,-1591.61,3012.84,-734.822,561.18,-1273.83,-1299.31,-1241.04,1282.67,423.456,340.112,-752.279,-1894.71,-49.2129,-2010.15,-5544.38,-3049.9,-3049.9,-144.657,2245.46,-240.662,-176.511,-182.761,97.6139,-227.851,204.321,235.695,244.756,-247.352,-244.056,-248.268,247.358,-119.144,-119.144,220.482,-431.666,-431.666,2022.31,-298.633,-236.164,221.138,-201.157,-462.688,-819.976,-819.976,-267.356,-605.476,-667.26,-2354.26,839.849,-455.455,431.352,9.52652,-620.888,-797.52,-473.806,-470.706,-12.201,820.169,894.703,-168.673,-142.559,-189.141,-77.8361,36.044,-243.571,-115.087,-115.096,61.6428,-170.066,104.124,133.816,-29.2388,654.895,632.855,709.93,685.348,103.354,103.354,63.2638,209.793,-40.0597,-40.0597,-143.613,-143.613,350.764,350.764,-179.941,-75.6218,52.7532,276.956,-520.527,3540.3,3185.16,-5559.95,87.851,-1616.26,453.084,458.361,-282.15,-282.15,-191.492,-191.492,-79.2477,-359.414,740.592,2.2579,-72.1352,-72.1352,-121.913,-201.321,-184.994,-73.3718,-53.8185,-53.8185,-97.1462,-95.8368,-277.206,-277.206,-319.137,-129.893,-304.577,-94.2768,-515.141,261.433,261.433,-164.014,-183.992,0,-97.1541,-182.732,0,-152.482,246.269,246.269,222.792,-136.783,165.677,166.863,174.668,-44.9422,-47.0283,-173.53,32.0871,608.498,240.803,108.076,108.076,-18.9573,-173.058,-173.058,-11.9865,-12.7216,437.819,0,23.5283,23.5283,0,-677.128,0,-213.906,0,136.559,0,-38.9122,25.9685,34.5694,98.3283,98.3283,0,40.7195,40.7195,69.231,0,2.94191,-876.732,-876.732,-876.732,0.90765,0,0,0,-67.4728,-67.4728,-67.4728,0,25.897,-0.549644,-0.549644,-11.6001,-729.434,-1.36893,-1.36893,-15.5684,-25.0008,-11.2803,59.9741,-28.1638,-27.9418,-11.818,0,-4.90925,0,285.044,285.044,285.044,0,0,0,0,-36.2043,-952.919,-63.0701,-63.0701,-38.3403,857.711,-54.3659,-80.5184,0,-357.207,261.061,110.548,176.12,2031.84,1261.57,756.913,-118.083,-34.7137,-373.592,-373.592,-944.798,532.229,-163.999,-2807.45,-1550.31,-64.6109,-93.9802,-230.456,-1038.82,-430.869,-466.669,369.078,-338.195,-3306.53,3665.19,1609.01,-7846.66,-797.151,923.839,-695.077,-50.6878,-717.637,123.172,-252.679,-132.643,-18.2757,-138.331,-351.676,231.686,231.686,-251.344,-187.532,-187.532,-1045.77,-220.545,0,-274.308,70.798,606.57,0,0
2020-08-01 22:00:00 UTC,236.583,108.145,-219.151,-10.7162,-10.7162,238.772,-48.3315,-69.9902,181.433,181.433,-806.274,-286.523,1295.94,-0.46972,-139.437,-221.499,-614.203,-134.285,736.196,119.721,135.069,197.133,197.133,329.8,401.636,134.816,23.7074,-18.0353,4.59541,-200.937,118.508,118.508,292.744,167.898,167.898,456.861,-227.046,-289.744,1962.2,1962.2,-280.007,-608.812,-477.412,-251.805,-341.606,674.98,1866.54,1902.1,1892.96,-30.6005,178.885,178.885,-39.7981,89.1594,165.382,-9.51495,-9.51495,509.405,-182.157,-119.201,-308.01,359.034,217.611,-196.219,-196.219,1.05145,6.6273,-131.741,-131.741,-20.4815,-401.945,410.193,164.808,164.808,1.16906,1.16906,-1.87959,-2.14737,-4.41834,10.6976,1.11247,-29.4531,0.0247497,-0.0703729,2.58046,6.96012,-2.40586,-112.747,-112.747,-28.9564,-28.9564,-32.9755,-32.9755,116.157,116.157,116.157,-29.9953,-29.9953,15.5374,66.8291,15.0371,15.0371,-24.2635,-24.2635,125.969,27.3263,278.366,15.3726,15.3726,238.475,238.475,238.475,-684.673,189.476,189.476,198.522,198.522,-9.0944,-63.9499,-63.9499,-3.86246,-3.86246,1129.1,1129.1,-682.879,-682.879,0,31.7515,332.093,126.875,-348.028,-348.028,268.635,-1271.02,-715.921,277.794,1131.44,1131.44,-194.764,-194.764,953.919,953.919,-74.436,-183.769,-249.875,-606.982,-337.51,-337.51,220.994,220.994,220.994,-678.061,-678.061,948.1,-2.88318,-2.88318,-310.048,702.293,702.293,-604.173,368.997,-29.8725,0,-345.382,-184.067,1050.51,712.381,712.381,107.128,-7.3418,23.8085,532.816,532.816,25.6223,-11.0799,-11.0799,-1647.86,773.435,1909.91,-1606.15,-1639.77,-1614.55,3070.3,-746.651,569.003,-1288.17,-1313.9,-1254.48,1294.48,434.365,347.022,-764.001,-1912.48,-49.5783,-2028.23,-5605.49,-3084.78,-3084.78,-143.845,2282.9,-242.773,-176.175,-185.242,95.5919,-230.038,206.322,238.448,247.621,-249.78,-246.46,-250.706,250.244,-121.145,-121.145,222.838,-433.783,-433.783,2052.31,-302.34,-239.386,223.43,-204.269,-465.822,-827.861,-827.861,-267.15,-608.494,-670.674,-2366.42,844.59,-459.139,434.754,9.45661,-629.342,-804.834,-478.123,-475.002,-12.193,826.782,901.912,-169.737,-143.359,-189.703,-78.2542,36.6578,-245.398,-115.91,-115.918,62.2432,-172.977,104.896,134.912,-28.3853,658.783,636.388,714.099,689.121,103.32,103.32,63.5745,209.567,-39.6349,-39.6349,-143.432,-143.432,352.79,352.79,-182.836,-75.7701,50.1964,277.529,-518.76,3570.55,3209.65,-5512.58,87.3936,-1622.25,459.28,464.01,-285.833,-285.833,-193.783,-193.783,-75.9783,-361.707,750.939,2.52559,-74.1427,-74.1427,-122.802,-203.768,-188.54,-72.9603,-55.2675,-55.2675,-99.1258,-97.7875,-280.001,-280.001,-321.451,-130.345,-308.018,-96.3832,-522.965,265.141,265.141,-166.563,-186.89,0,-97.8065,-184.694,0,-154.875,249.528,249.528,226.49,-138.334,168.248,169.448,177.498,-46.1579,-47.9546,-174.009,31.4558,612.323,243.37,108.897,108.897,-19.7323,-172.364,-172.364,-12.3311,-13.0795,442.377,0,24.2367,24.2367,0,-680.864,0,-226.879,0,137.06,0,-39.0507,22.5253,34.173,100.469,100.469,0,40.6389,40.6389,71.3103,0,2.95549,-892.702,-892.702,-892.702,0.956325,0,0,0,-68.3926,-68.3926,-68.3926,0,26.8937,-0.213219,-0.213219,-11.2054,-739.809,-1.16906,-1.16906,-15.5156,-25.0975,-11.345,58.7074,-28.5598,-28.3343,-11.6768,0,-4.01448,0,285.619,285.619,285.619,0,0,0,0,-36.7532,-971.307,-62.7601,-62.7601,-51.0164,868.743,-59.7666,-88.4185,0,-366.044,261.414,111.553,158.979,2062.12,1267.93,765.163,-122.065,-35.2836,-378.284,-378.284,-957.359,545.906,-166.897,-2870.61,-1571.47,-65.1175,-94.6581,-232.113,-1064.6,-431.541,-472.918,369.245,-341.362,-3335.97,3621.91,1585.78,-7776.39,-811.01,933.864,-690.154,-51.8885,-727.159,124.28,-255.578,-133.74,-15.1221,-141.105,-353.485,235.149,235.149,-258.43,-189.807,-189.807,-1062.68,-225.299,0,-269.264,70.0796,608.357,0,0
2020-08-01 23:00:00 UTC,238.143,109.035,-217.803,-9.54385,-9.54385,235.264,-47.8014,-69.0369,179.855,179.855,-807.256,-286.729,1298.02,-0.819549,-139.389,-222.927,-615.276,-134.512,737.426,119.741,131.638,199.59,199.59,334.086,405.653,136.207,24.0026,-18.255,5.04184,-203.181,119.398,119.398,292.422,166.684,166.684,458.45,-225.01,-287.102,1945.01,1945.01,-278.399,-606.784,-477.685,-251.948,-340.813,674.725,1850.45,1885.72,1876.56,-29.7896,177.827,177.827,-39.6846,88.0498,160.313,-9.85174,-9.85174,503.433,-184.597,-118.932,-305.743,354.875,214.926,-194.142,-194.142,1.50126,7.87561,-132.89,-132.89,-21.1654,-402.753,409.033,165.763,165.763,0.680089,0.680089,-1.93815,-2.2226,-4.38756,10.6279,1.46419,-28.9633,0.0190907,-0.0757639,2.47496,6.81798,-2.50426,-113.119,-113.119,-28.0395,-28.0395,-31.9364,-31.9364,116.166,116.166,116.166,-30.2911,-30.2911,14.5339,65.6655,15.2797,15.2797,-24.1177,-24.1177,126.191,27.0531,278.559,14.8871,14.8871,237.841,237.841,237.841,-683.798,188.221,188.221,198.102,198.102,-8.57079,-63.6977,-63.6977,-2.6833,-2.6833,1128.54,1128.54,-683.693,-683.693,0,32.2615,332.847,127.63,-348.617,-348.617,268.416,-1268.96,-714.72,278.423,1130.06,1130.06,-194.74,-194.74,952.725,952.725,-74.3427,-184.052,-247.519,-611.456,-337.494,-337.494,220.851,220.851,220.851,-676.109,-676.109,946.369,-2.88318,-2.88318,-310.776,699.739,699.739,-602.847,368.831,-27.3955,0,-343.123,-183.685,1046.81,709.121,709.121,105.79,-9.04526,23.3147,534.273,534.273,23.738,-12.3333,-12.3333,-1636.51,765.286,1894.77,-1594.22,-1627.58,-1602.59,3042.86,-742.31,565.339,-1281.17,-1306.77,-1248.1,1291.29,430.001,339.545,-764.767,-1915.4,-49.9267,-2030.97,-5620.51,-3093.68,-3093.68,-144.746,2277.37,-241.498,-176.997,-187.999,91.0565,-229.801,206.885,238.602,247.781,-250.436,-247.096,-251.364,250.376,-120.533,-120.533,222.925,-432.377,-432.377,2051.55,-299.915,-240.096,223.526,-207.181,-466.706,-827.466,-827.466,-266.849,-609.628,-671.994,-2373.66,853.477,-459.247,434.966,8.96589,-628.556,-809.193,-480.7,-477.564,-11.5155,829.886,905.313,-170.794,-144.129,-190.184,-78.4855,36.8999,-243.751,-116.594,-116.602,62.3746,-172.21,105.539,135.839,-28.0872,660.394,637.804,715.834,690.639,103.713,103.713,63.6883,210.097,-39.5781,-39.5781,-143.973,-143.973,353.957,353.957,-179.499,-75.3763,49.2258,278.324,-518.446,3590.37,3225.9,-5501.14,87.853,-1611.91,457.139,464.173,-284.306,-284.306,-190.758,-190.758,-77.2183,-360.659,745.542,1.92627,-73.4955,-73.4955,-121.432,-205.928,-173.561,-71.6234,-55.1852,-55.1852,-98.4683,-97.1397,-279.862,-279.862,-321.055,-129.883,-306.957,-89.4699,-514.865,266.099,266.099,-167.009,-187.345,0,-100.644,-189.729,0,-155.603,258.453,258.453,225.774,-135.703,167.873,169.072,177.908,-45.5627,-47.6569,-173.153,31.0012,619.166,245.446,109.068,109.068,-21.2089,-173.589,-173.589,-12.4105,-13.1701,450.623,0,23.0373,23.0373,0,-673.995,0,-228.83,0,138.496,0,-39.1261,22.8995,34.399,101.591,101.591,0,40.8708,40.8708,71.9269,0,2.84067,-883.96,-883.96,-883.96,0.958583,0,0,0,-67.2518,-67.2518,-67.2518,0,28.0031,0.466453,0.466453,-10.2379,-740.559,-0.680089,-0.680089,-14.9623,-24.5566,-10.9181,57.709,-28.5995,-28.373,-11.3687,0,-2.44399,0,286.325,286.325,286.325,0,0,0,0,-35.7536,-975.253,-62.4886,-62.4886,-45.8127,864.191,-58.055,-85.8976,0,-362.747,261.84,111.276,165.2,2062.46,1269.91,769.436,-122.829,-34.7939,-379.583,-379.583,-960.211,545.013,-166.332,-2891.46,-1586.81,-65.5442,-95.2221,-233.49,-1087.38,-433.168,-481.531,369.492,-345.542,-3361.36,3599.5,1573.67,-7759.06,-809.21,940.063,-689.095,-49.9406,-723.873,126.269,-257.901,-132.692,-29.6383,-139.511,-353.371,235.298,235.298,-258.956,-194.827,-194.827,-1063.52,-222.57,0,-265.452,69.4858,610.119,0,0
2020-08-02 00:00:00 UTC,234.039,108.153,-221.541,-5.63834,-5.63834,218.467,-49.3129,-72.1586,178.357,178.357,-783.217,-276.737,1260.89,-2.2731,-134.213,-221.209,-596.535,-130.546,714.615,115.489,118.969,194.82,194.82,328.016,398.451,134.028,23.5972,-17.9541,4.66808,-200.079,116.682,116.682,282.698,159.973,159.973,444.627,-216.243,-275.735,1852.43,1852.43,-269.221,-589.065,-467.433,-246.942,-330.624,648.768,1767.87,1801.71,1792.29,-28.0078,171.201,171.201,-38.3359,84.0767,149.934,-9.96134,-9.96134,480.037,-181.85,-115.238,-294.148,338.813,204.588,-185.8,-185.8,1.76009,8.98495,-132.861,-132.861,-21.5195,-394.483,394.527,159.066,159.066,0.0346917,0.0346917,-1.96736,-2.27283,-4.2513,10.215,1.88487,-27.642,0.0136549,-0.081015,2.27504,6.45894,-2.61534,-110.358,-110.358,-26.1561,-26.1561,-29.8016,-29.8016,112.826,112.826,112.826,-30.0298,-30.0298,12.8301,62.5335,15.2195,15.2195,-23.3602,-23.3602,122.596,26.0405,271.012,13.7139,13.7139,231.2,231.2,231.2,-666.452,182.13,182.13,192.54,192.54,-7.82329,-61.5781,-61.5781,-0.515175,-0.515175,1097.42,1097.42,-670.312,-670.312,0,32.2759,325.905,126.02,-342.089,-342.089,261.515,-1238.82,-697.179,272.057,1097.46,1097.46,-189.902,-189.902,925.429,925.429,-72.5901,-180.633,-232.487,-627.015,-329.151,-329.151,214.921,214.921,214.921,-656.256,-656.256,918.757,-2.88318,-2.88318,-304.065,675.657,675.657,-591.091,355.918,-28.5686,0,-335.161,-186.077,1006.01,683.681,683.681,100.902,-12.0134,21.5243,520.51,520.51,11.6661,-20.0682,-20.0682,-1573.55,720.876,1812.35,-1531.61,-1563.67,-1539.57,2891.2,-713.631,544.187,-1242.22,-1267.11,-1211.87,1263.39,402.53,314.092,-744.931,-1888.24,-49.6991,-2002.36,-5533.99,-3044.99,-3044.99,-148.165,2196.77,-232.663,-178.83,-187.596,88.7746,-225.096,204.284,233.677,242.654,-246.984,-243.648,-247.897,245.139,-115.325,-115.325,218.589,-427.054,-427.054,1991.49,-286.547,-235.909,219.34,-205.771,-462.939,-812.159,-812.159,-266.507,-606.047,-668.026,-2360.91,860.542,-452.262,428.623,8.02874,-610.436,-803.937,-477.605,-474.479,-10.0458,823.328,898.201,-170.884,-143.977,-189.291,-78.0761,36.6258,-235.671,-116.405,-116.413,61.5394,-164.499,105.362,135.76,-27.4947,656.092,633.796,711.24,686.373,103.796,103.796,63.2853,210.484,-39.6568,-39.6568,-144.441,-144.441,351.453,351.453,-166.077,-74.0379,48.1366,277.002,-517.573,3577.74,3208.6,-5476.6,87.7466,-1568.5,437.531,453.946,-271.748,-271.748,-179.498,-179.498,-85.8343,-353.348,712.056,-0.166368,-68.5467,-68.5467,-115.669,-206.401,-125.233,-68.0681,-52.2087,-52.2087,-92.7206,-91.4761,-274.206,-274.206,-315.555,-127.733,-297.986,-73.8718,-479.592,256.647,256.647,-161.025,-180.498,0,-101.146,-190.372,0,-149.946,261.002,261.002,214.986,-127.005,160.899,162.055,171.323,-41.5206,-44.3797,-168.717,30.3406,623.879,246.72,107.67,107.67,-24.7026,-171.096,-171.096,-11.823,-12.5714,453.104,0,18.1779,18.1779,0,-642.511,0,-228.406,0,136.247,0,-39.0217,25.7943,33.7056,100.04,100.04,0,40.491,40.491,71.1949,0,2.54551,-839.588,-839.588,-839.588,0.893107,0,0,0,-63.3071,-63.3071,-63.3071,0,28.6031,1.23682,1.23682,-8.95786,-712.659,-0.0346917,-0.0346917,-13.7965,-23.44,-10.0228,55.6045,-27.9537,-27.7317,-10.6936,0,-0.202491,0,286.501,286.501,286.501,0,0,0,0,-33.8261,-947.43,-62.4238,-62.4238,-15.3851,836.275,-45.7405,-67.8511,0,-342.106,261.609,108.869,205.794,2007.52,1261.15,761.741,-116.777,-33.0052,-372.741,-372.741,-941.045,518.138,-159.181,-2816.05,-1584.28,-65.4984,-95.0756,-233.119,-1105.87,-433.364,-490.531,368.201,-348.3,-3367.44,3569.48,1557.56,-7722.51,-778.476,948.667,-692.278,-42.4114,-697.724,128.819,-257.985,-126.68,-76.1838,-130.376,-349.46,229.061,229.061,-247.258,-195.762,-195.762,-1023.33,-208.513,0,-259.578,70.0702,609.47,0,0
2020-08-02 01:00:00 UTC,227.779,107.252,-237.517,1.79651,1.79651,190.679,-54.4081,-82.3912,183.897,183.897,-739.331,-258.14,1193.58,-1.77822,-124.394,-217.291,-563.057,-123.449,671.889,107.312,97.2109,183.826,183.826,314.331,386.11,130.155,22.6133,-17.2113,2.5184,-192.594,111.162,111.162,265.668,148.968,148.968,418.187,-200.413,-255.252,1688.72,1688.72,-251.954,-555.964,-448.219,-237.505,-310.502,597.64,1620.71,1651.96,1642.15,-25.1074,159.048,159.048,-36.0996,77.1303,132.4,-10.0908,-10.0908,438.929,-175.76,-107.974,-274.58,310.215,186.301,-172.775,-172.775,2.17404,10.9195,-132.357,-132.357,-22.0556,-379.059,368.753,146.215,146.215,-1.14514,-1.14514,-1.99698,-2.33675,-4.00372,9.45098,2.51103,-25.3069,0.000247229,-0.0938768,1.90841,5.82083,-2.79697,-104.651,-104.651,-22.951,-22.951,-26.1696,-26.1696,106.395,106.395,106.395,-29.5646,-29.5646,9.82923,56.9639,14.9939,14.9939,-21.9358,-21.9358,115.085,24.2375,257.103,11.869,11.869,217.889,217.889,217.889,-630.565,170.833,170.833,181.165,181.165,-6.92276,-57.3172,-57.3172,2.22305,2.22305,1031.69,1031.69,-640.01,-640.01,0,31.4118,309.86,121.547,-327.067,-327.067,247.261,-1176.79,-661.198,257.72,1029.89,1029.89,-179.39,-179.39,868.711,868.711,-68.7973,-172.789,-204.689,-649.583,-311.451,-311.451,202.797,202.797,202.797,-617.067,-617.067,862.142,-2.88318,-2.88318,-288.884,628.932,628.932,-567.061,329.428,-33.7171,0,-320.761,-189.997,927.095,635.06,635.06,92.1611,-16.1869,17.4059,491.171,491.171,-8.72673,-32.9082,-32.9082,-1458.76,642.702,1664.17,-1418.39,-1448.12,-1425.58,2620.83,-660.55,505.531,-1169.22,-1192.78,-1143.43,1206.5,352.815,272.581,-702.289,-1824,-48.3529,-1934.8,-5321.37,-2924.21,-2924.21,-153.42,2036.31,-214.548,-180.726,-183.809,86.9928,-214.987,197.793,222.659,231.189,-238.381,-235.079,-239.257,233.468,-105.293,-105.293,208.917,-416.217,-416.217,1866.64,-260.424,-225.879,209.973,-199.782,-452.473,-778.948,-778.948,-265.383,-595.283,-656.007,-2319.51,859.299,-437.863,415.084,7.51085,-577.553,-784.039,-465.86,-462.791,-8.93399,802.29,875.334,-168.409,-141.654,-185.994,-76.6836,35.3931,-222.768,-114.237,-114.246,59.3297,-151.521,103.325,133.31,-27.9107,642.843,621.562,697.06,673.325,102.774,102.774,61.7995,208.462,-39.7294,-39.7294,-143.825,-143.825,343.149,343.149,-146.84,-71.5285,47.2879,271.981,-515.459,3497.15,3135.35,-5427.03,85.861,-1496.96,403.347,433.93,-250.054,-250.054,-161.626,-161.626,-98.8532,-341.325,660.073,-3.01376,-60.827,-60.827,-106.491,-204.587,-58.1373,-62.9008,-46.7365,-46.7365,-82.9327,-81.831,-263.392,-263.392,-304.981,-123.808,-281.879,-52.0581,-422.91,238.177,238.177,-149.344,-167.18,0,-99.5212,-186.513,0,-138.84,256.666,256.666,195.647,-111.982,148.468,149.549,158.472,-34.2846,-38.3976,-161.762,30.1544,621.887,246.23,104.101,104.101,-30.4368,-167.515,-167.515,-10.6379,-11.3571,452.334,0,9.14711,9.14711,0,-596.828,0,-223.445,0,132.255,0,-38.7806,32.8726,32.7422,96.2968,96.2968,0,39.8789,39.8789,68.8023,0,2.09262,-761.219,-761.219,-761.219,0.77214,0,0,0,-56.5869,-56.5869,-56.5869,0,29.5326,2.66062,2.66062,-6.61063,-661.183,1.14514,1.14514,-11.7969,-21.4265,-8.48615,52.1469,-26.5611,-26.3488,-9.6362,0,2.49708,0,284.757,284.757,284.757,0,0,0,0,-28.6008,-886.991,-62.5152,-62.5152,35.3845,783.881,-24.5114,-36.7488,0,-305.226,259.162,104.03,274.073,1889.8,1236.24,738.785,-102.788,-28.8961,-357.301,-357.301,-895.011,464.026,-146.97,-2617.64,-1546.33,-64.3451,-93.313,-228.776,-1100.38,-427.327,-489.263,362.323,-343.508,-3311.1,3537.34,1540.4,-7649.44,-724.649,957.405,-697.856,-31.6016,-655.847,131.089,-255.201,-116.58,-138.688,-117.02,-341.883,216.328,216.328,-225.357,-192.611,-192.611,-950.179,-184.809,0,-257.432,72.0806,602.776,0,0
2020-08-02 02:00:00 UTC,223.532,107.946,-258.977,11.998,11.998,158.097,-60.4326,-94.7496,199.862,199.862,-688.514,-236.521,1117.49,3.1244,-112.724,-212.479,-527.027,-115.793,621.835,97.2418,70.582,169.448,169.448,297.978,376.608,126.984,21.3405,-16.228,-1.88598,-182.917,104.435,104.435,246.872,137.432,137.432,387.252,-180.343,-229.353,1491.13,1491.13,-229.395,-513.781,-425.22,-226.139,-283.701,532.727,1440.29,1468.34,1458.27,-21.553,143.731,143.731,-33.9117,68.4804,109.172,-10.4991,-10.4991,387.973,-169.502,-98.2283,-252.812,273.934,163.329,-159.988,-159.988,3.05744,14.4198,-132.254,-132.254,-23.247,-361.35,338.797,133.549,133.549,-3.08232,-3.08232,-2.05223,-2.43893,-3.6837,8.47018,3.33486,-22.1756,-0.039314,-0.131476,1.345,4.93847,-3.04426,-97.1287,-97.1287,-18.6522,-18.6522,-21.2976,-21.2976,98.309,98.309,98.309,-29.2146,-29.2146,5.41039,49.4135,14.7653,14.7653,-20.0032,-20.0032,104.916,21.9014,240.811,9.92332,9.92332,200.765,200.765,200.765,-583.509,156.901,156.901,166.531,166.531,-6.14491,-51.9378,-51.9378,4.83202,4.83202,946.455,946.455,-598.874,-598.874,0,29.8555,288.1,114.986,-306.54,-306.54,228.643,-1094.67,-613.799,238.384,942.949,942.949,-165.521,-165.521,795.695,795.695,-63.8401,-162.061,-169.917,-670.648,-287.966,-287.966,186.794,186.794,186.794,-566.001,-566.001,789.636,-2.88318,-2.88318,-267.961,569.484,569.484,-533.352,295.168,-40.3242,0,-301.248,-192.372,827.722,573.691,573.691,81.6726,-20.27,12.5156,454.028,454.028,-30.5984,-46.3253,-46.3253,-1314.71,549.603,1481.66,-1276.9,-1303.72,-1283.16,2293.03,-594.131,456.704,-1073.87,-1095.65,-1053.25,1128.28,292.773,222.195,-648.197,-1736.84,-45.8592,-1842.05,-5027.55,-2757.03,-2757.03,-159.478,1834.78,-192.277,-182.689,-175.922,87.8379,-201.763,188.406,207.958,215.898,-226.361,-223.129,-227.188,217.938,-92.6953,-92.6953,195.981,-401.855,-401.855,1707.8,-227.927,-211.992,197.394,-189.133,-436.513,-733.133,-733.133,-262.808,-578.853,-637.631,-2251.13,850.302,-419.053,397.129,7.36126,-538.902,-752.46,-447.206,-444.236,-8.42481,770.188,840.411,-163.429,-137.251,-180.514,-74.4621,33.3993,-207.811,-110.23,-110.238,56.0916,-137.553,99.5603,128.654,-28.1623,622.621,602.888,675.386,653.378,100.531,100.531,59.7741,204.396,-39.7514,-39.7514,-141.894,-141.894,330.013,330.013,-126.798,-68.5724,45.8596,263.602,-511.668,3361.34,3014.43,-5345.9,82.4461,-1411.11,363.654,408.689,-224.687,-224.687,-140.641,-140.641,-111.621,-328.134,603.249,-5.87267,-53.2397,-53.2397,-95.0506,-200.976,17.3283,-55.6194,-41.0478,-41.0478,-72.5496,-71.5986,-249.884,-249.884,-291.239,-118.539,-262.123,-25.4619,-358.182,218.315,218.315,-136.735,-152.772,0,-98.9985,-184.408,0,-126.581,253.491,253.491,174.229,-92.6587,134.819,135.819,144.778,-25.8901,-31.6109,-153.516,29.8727,615.541,242.638,99.1788,99.1788,-35.8845,-165.739,-165.739,-9.4084,-10.108,460.801,0,-2.73192,-2.73192,0,-551.355,0,-212.842,0,128.988,0,-38.491,43.0095,32.3652,91.4583,91.4583,0,39.4733,39.4733,64.8533,0,1.607,-666.382,-666.382,-666.382,0.632705,0,0,0,-48.4483,-48.4483,-48.4483,0,31.5585,5.1278,5.1278,-2.73695,-605.895,3.08232,3.08232,-9.11366,-18.3687,-6.43858,47.3974,-24.5357,-24.3373,-8.55547,0,4.82815,0,280.188,280.188,280.188,0,0,0,0,-22.5613,-811.913,-62.0743,-62.0743,88.9319,716.358,-1.08851,-2.42738,0,-262.066,253.458,97.4748,345.676,1737.18,1197.58,703.016,-84.7504,-24.0148,-336.67,-336.67,-832.607,397.908,-133.78,-2347.8,-1476.64,-62.1599,-90.047,-220.74,-1070.34,-415.74,-475.288,353.416,-328.032,-3191.69,3494.35,1517.36,-7530,-663.516,966.07,-702.502,-20.2805,-609.368,132.185,-250.617,-104.536,-207.731,-104.394,-333.491,200.593,200.593,-200.281,-191.584,-191.584,-874.449,-156.384,0,-254.697,73.7309,589.289,0,0
2020-08-02 03:00:00 UTC,217.56,107.52,-271.411,19.5533,19.5533,129.732,-64.1717,-102.763,211.2,211.2,-636.821,-217.277,1042,11.2323,-102.948,-204.058,-496.404,-109.27,571.876,87.3673,48.4428,156.405,156.405,279.956,365.012,122.98,19.9738,-15.1536,-6.1475,-172.313,97.5712,97.5712,229.502,127.391,127.391,357.699,-163.256,-207.365,1325.98,1325.98,-209.281,-474.741,-401.965,-214.564,-258.819,473.695,1288.98,1314.31,1304.23,-19.0043,130.263,130.263,-31.8253,61.3955,92.5305,-10.4913,-10.4913,346.262,-160.754,-89.3759,-233.855,244.191,144.695,-149.269,-149.269,3.35031,16.1887,-130.079,-130.079,-23.4896,-342.749,312.711,126.787,126.787,-4.29629,-4.29629,-2.03528,-2.44897,-3.41074,7.61174,3.73808,-19.7397,-0.0710513,-0.161621,0.938744,4.25914,-3.17999,-89.5996,-89.5996,-15.5867,-15.5867,-17.8244,-17.8244,90.5505,90.5505,90.5505,-28.5789,-28.5789,2.41321,43.5465,14.2799,14.2799,-18.3346,-18.3346,95.0275,19.9645,224.712,8.65005,8.65005,186.105,186.105,186.105,-542.37,145.313,145.313,154.214,154.214,-5.86239,-47.7244,-47.7244,6.49362,6.49362,874.066,874.066,-562.113,-562.113,0,28.4284,268.746,108.23,-287.96,-287.96,212.15,-1022.09,-572.119,221.146,869.515,869.515,-153.983,-153.983,734.292,734.292,-59.8467,-152.361,-141.111,-680.513,-267.173,-267.173,172.509,172.509,172.509,-521.51,-521.51,728.742,-2.88318,-2.88318,-248.507,518.587,518.587,-501.088,266.142,-44.7809,0,-282.974,-191.476,744.809,521.815,521.815,74.4824,-21.268,8.76244,422.717,422.717,-45.647,-55.0838,-55.0838,-1191.14,474.745,1328.12,-1155.87,-1180.18,-1161.36,2023.85,-537.782,414.406,-988.714,-1008.88,-972.079,1055.84,244.537,180.572,-602.465,-1656.8,-43.2167,-1755.88,-4757.08,-2602.77,-2602.77,-162.879,1669.1,-175.733,-183.094,-168.39,86.8973,-190.15,179.338,194.814,202.233,-215.012,-211.868,-215.793,204.097,-82.3705,-82.3705,184.382,-387.343,-387.343,1575.66,-202.789,-199.032,186.066,-179.514,-420.067,-691.597,-691.597,-259.364,-561.887,-618.668,-2179.73,834.887,-401.061,380.01,7.35227,-504.786,-720.414,-428.269,-425.404,-8.29309,737.822,805.187,-157.885,-132.387,-174.449,-72.1459,31.6364,-194.395,-105.944,-105.952,53.056,-126.939,95.5395,123.658,-29.3457,601.93,583.719,653.183,632.872,97.5443,97.5443,57.2122,198.092,-39.4063,-39.4063,-139.018,-139.018,316.279,316.279,-110.381,-65.4369,42.5254,253.988,-505.309,3220.68,2888.23,-5210.3,77.9249,-1334.45,328.879,384.315,-202.32,-202.32,-122.024,-122.024,-121.188,-317.172,553.417,-8.19175,-47.7377,-47.7377,-83.5783,-195.897,87.129,-47.2096,-37.0351,-37.0351,-64.6818,-63.8447,-237.107,-237.107,-277.766,-113.239,-243.785,0.0859623,-305.621,205.651,205.651,-128.137,-142.886,0,-101.892,-188.18,0,-118.35,259.664,259.664,158.323,-75.0633,124.36,125.296,135.478,-19.7681,-26.8775,-145.753,28.9944,606.219,235.392,94.5062,94.5062,-37.8324,-162.54,-162.54,-8.34398,-9.01874,461.096,0,-11.2905,-11.2905,0,-512.521,0,-194.947,0,124.866,0,-38.1988,50.4193,31.9196,86.1564,86.1564,0,38.8121,38.8121,60.6096,0,1.27867,-588.302,-588.302,-588.302,0.50924,0,0,0,-42.2219,-42.2219,-42.2219,0,32.081,6.59648,6.59648,-0.297062,-566.284,4.29629,4.29629,-7.20362,-16.0685,-4.95609,44.1502,-22.6388,-22.4543,-7.86477,0,5.67462,0,273.875,273.875,273.875,0,0,0,0,-18.046,-751.673,-60.6817,-60.6817,124.462,656.692,15.4785,21.8623,0,-228.666,245.377,91.3593,392.612,1605.63,1157.11,668.51,-69.6462,-20.267,-318.764,-318.764,-776.218,345.238,-123.609,-2103.25,-1405.64,-59.8133,-86.5528,-212.146,-1038.45,-400.286,-457.881,341.548,-309.614,-3068.09,3407.72,1471.39,-7330.49,-611.131,971.846,-705.866,-10.6349,-568.28,131.572,-244.092,-93.5668,-270.572,-95.2523,-326.909,187.002,187.002,-179.021,-195.067,-195.067,-822.238,-130.924,0,-247.434,74.0308,572.447,0,0
2020-08-02 04:00:00 UTC,202.36,101.708,-265.986,20.6509,20.6509,107.057,-64.4957,-103.99,203.033,203.033,-580.111,-199.048,956.666,15.1771,-94.9679,-190.817,-463.005,-102.141,520.388,78.1847,33.8534,143.459,143.459,257.941,339.767,114.632,18.5346,-14.0121,-7.123,-160.633,90.2772,90.2772,211.406,117.042,117.042,328.019,-148.778,-188.778,1182.31,1182.31,-192.12,-436.555,-375.944,-201.558,-237.81,427.617,1157.06,1179.99,1170.07,-17.0248,118.24,118.24,-29.6122,55.3348,80.4091,-10.1563,-10.1563,310.836,-150.353,-81.5584,-215.148,219.138,129.144,-137.838,-137.838,3.0737,16.1798,-125.475,-125.475,-22.774,-320.806,284.078,113.724,113.724,-4.82354,-4.82354,-1.97223,-2.37936,-3.17479,6.85138,3.75425,-17.6845,-0.12806,-0.215534,0.624353,3.67649,-3.06084,-82.1169,-82.1169,-13.4566,-13.4566,-15.3991,-15.3991,82.9811,82.9811,82.9811,-26.6823,-26.6823,0.586777,38.6454,13.5154,13.5154,-16.7061,-16.7061,86.5185,18.1522,207.089,7.72171,7.72171,172.673,172.673,172.673,-504.127,134.863,134.863,143.053,143.053,-5.83208,-44.0607,-44.0607,7.81022,7.81022,808.265,808.265,-527.607,-527.607,0,27.1184,250.668,101.399,-270.423,-270.423,196.688,-954.239,-533.323,204.961,802.915,802.915,-143.641,-143.641,678.739,678.739,-56.4775,-143.215,-116.676,-681.422,-247.742,-247.742,159.435,159.435,159.435,-481.316,-481.316,673.675,-2.88318,-2.88318,-230.188,473.214,473.214,-469.665,240.928,-47.2755,0,-265.3,-187.8,673.34,475.966,475.966,69.0253,-20.5491,6.01586,389.67,389.67,-56.0184,-60.6414,-60.6414,-1081.27,412.32,1193.95,-1048.47,-1070.56,-1053.31,1794.36,-488.042,376.651,-910.37,-929.032,-896.931,986.765,204.4,145.854,-560.38,-1577.25,-40.3147,-1669.6,-4489.04,-2449.9,-2449.9,-162.867,1524.09,-162.98,-180.494,-159.769,86.8844,-179.328,169.9,182.253,189.179,-203.427,-200.403,-204.163,190.906,-73.8361,-73.8361,173.264,-372.381,-372.381,1453.95,-183.837,-186.587,175.157,-169.372,-402.8,-652.573,-652.573,-254.042,-543.566,-598.21,-2103.41,809.62,-378.904,360.143,5.75101,-464.904,-687.302,-408.703,-405.947,-6.3744,703.864,768.22,-152.601,-127.753,-168.559,-69.7985,29.2364,-178.385,-101.649,-101.657,49.4401,-113.717,91.5159,118.675,-31.8028,579.826,563.159,629.436,610.848,95.1531,95.1531,54.3663,192.164,-39.4347,-39.4347,-136.983,-136.983,302.247,302.247,-89.3368,-61.7125,40.9207,245.179,-500.692,3077.99,2759.11,-5116.32,74.6407,-1259.81,289.021,356.758,-177.04,-177.04,-104.853,-104.853,-133.246,-304.439,494.041,-10.7188,-40.4648,-40.4648,-69.2596,-189.756,163.851,-37.5826,-32.3168,-32.3168,-55.9439,-55.2324,-222.445,-222.445,-262.117,-107.262,-224.58,15.5546,-256.302,186.552,186.552,-116.262,-129.413,0,-97.4203,-179.875,0,-106.949,247.951,247.951,139.888,-62.0119,111.69,112.543,122.453,-14.3122,-21.9838,-135.87,27.0109,590.672,225.17,89.5106,89.5106,-37.8293,-152.034,-152.034,-7.13299,-7.74702,431.897,0,-13.7391,-13.7391,0,-468.662,0,-176.235,0,116.281,0,-37.901,49.8054,29.9745,80.3166,80.3166,0,36.9845,36.9845,57.3923,0,1.03258,-521.505,-521.505,-521.505,0.40277,0,0,0,-36.8707,-36.8707,-36.8707,0,31.1143,7.06548,7.06548,0.765171,-511.526,4.82354,4.82354,-5.84272,-13.8624,-4.04305,40.152,-20.7988,-20.6285,-7.35922,-2.27307e-09,5.76546,0,266.033,266.033,266.033,0,0,0,0,-14.8833,-687.729,-59.132,-59.132,148.307,602.199,27.2795,39.1805,0,-200.899,235.883,85.483,422.675,1484.25,1112.88,633.892,-56.109,-17.5233,-299.451,-299.451,-721.265,300.124,-110.768,-1865.04,-1334.69,-57.469,-83.0524,-203.535,-1007.02,-385.8,-442.48,329.231,-292.859,-2936.02,3339.98,1435.35,-7192.1,-551.165,970.061,-713.423,0.597257,-518.525,130.752,-235.762,-81.5023,-336.776,-83.705,-317.759,172.597,172.597,-155.444,-186.618,-186.618,-744.712,-109.947,0,-231.068,73.5869,551.093,0,0
2020-08-02 05:00:00 UTC,188,96.9849,-265.519,23.8722,23.8722,82.7836,-65.8321,-107.267,201.613,201.613,-511.598,-177.263,856.2,24.4618,-85.1468,-173.954,-425.485,-94.1141,457.976,66.6833,16.2342,128.69,128.69,232.747,313.8,105.873,16.8334,-12.6269,-9.29347,-146.644,81.5722,81.5722,189.686,104.525,104.525,292.533,-130.41,-165.252,1011.13,1011.13,-169.854,-389.151,-343.709,-185.325,-210.285,368.812,997.725,1017.71,1008.19,-14.6238,103.394,103.394,-26.8347,47.8908,65.8235,-9.70312,-9.70312,267.876,-136.958,-71.6768,-192.04,188.657,110.41,-124.01,-124.01,2.75802,16.2122,-119.036,-119.036,-21.855,-293.879,251.093,97.5754,97.5754,-5.4612,-5.4612,-1.88796,-2.29402,-2.88299,5.90958,3.78669,-15.2185,-0.191974,-0.275992,0.251947,2.98132,-2.98062,-72.8657,-72.8657,-10.8549,-10.8549,-12.4421,-12.4421,73.6234,73.6234,73.6234,-24.7475,-24.7475,-1.61052,32.7693,12.5952,12.5952,-14.7603,-14.7603,75.576,15.9815,185.812,6.61893,6.61893,155.355,155.355,155.355,-454.549,121.396,121.396,128.715,128.715,-5.83208,-39.4095,-39.4095,9.30017,9.30017,724.292,724.292,-482.215,-482.215,0,25.3578,227.209,92.4217,-247.343,-247.343,176.72,-865.386,-482.749,184.104,718.074,718.074,-130.24,-130.24,607.887,607.887,-52.3217,-131.15,-87.1719,-674.135,-222.653,-222.653,142.821,142.821,142.821,-429.831,-429.831,603.412,-2.88318,-2.88318,-206.475,416.392,416.392,-427.413,209.323,-49.4589,0,-241.536,-180.509,585.216,418.624,418.624,61.815,-19.3745,2.61822,346.299,346.299,-65.442,-65.1064,-65.1064,-945.561,339.48,1031.29,-916.157,-935.495,-920.208,1520.54,-426.331,330.142,-810.076,-826.785,-800.087,895.175,157.331,104.292,-507.423,-1470.57,-36.1576,-1553.17,-4131.41,-2246.77,-2246.77,-161.098,1343.57,-147.371,-175.517,-146.747,88.8211,-165.127,156.957,165.803,172.089,-187.805,-184.955,-188.48,173.642,-63.4622,-63.4622,158.585,-351.9,-351.9,1298.83,-161.135,-170.28,160.704,-154.37,-378.668,-600.298,-600.298,-245.418,-517.11,-568.717,-1995.65,770.182,-350.144,334.255,4.15956,-417.278,-640.898,-381.273,-378.676,-4.73697,656.657,716.816,-144.516,-120.932,-160.278,-66.4921,25.7959,-159.732,-95.3623,-95.3705,44.778,-97.6041,85.6475,111.205,-34.7632,548.349,533.733,595.577,579.275,91.3617,91.3617,50.6898,183.789,-39.3634,-39.3634,-133.421,-133.421,282.827,282.827,-67.0711,-57.1233,40.4072,232.652,-494.525,2870.31,2575.64,-5006.75,69.087,-1172.44,242.774,324.368,-147.711,-147.711,-85.1001,-85.1001,-145.848,-290.004,431.08,-13.7718,-32.8294,-32.8294,-52.6673,-183.276,242.275,-26.28,-26.5965,-26.5965,-45.6275,-45.0639,-204.475,-204.475,-242.276,-99.4768,-201.643,31.5849,-199.021,162.646,162.646,-101.613,-112.814,0,-90.625,-167.392,0,-92.8405,230.057,230.057,117.811,-46.3015,97.172,97.9327,106.399,-6.99507,-15.4084,-124.513,25.2648,566.44,210.18,82.651,82.651,-37.0074,-142.492,-142.492,-5.89435,-6.45344,407.999,0,-18.3172,-18.3172,0,-417.409,0,-148.199,0,107.288,0,-37.585,50.147,28.1696,73.3222,73.3222,0,34.9568,34.9568,52.8308,0,0.767142,-442.224,-442.224,-442.224,0.28591,0,0,0,-30.6824,-30.6824,-30.6824,3.51251e-11,29.9091,7.65157,7.65157,2.05225,-446.244,5.4612,5.4612,-4.1935,-11.2748,-2.87001,36.0334,-18.5815,-18.4284,-6.72329,0,5.76546,0,253.769,253.769,253.769,0,0,0,0,-10.6684,-601.23,-57.5878,-57.5878,170.39,533.601,38.9873,56.3721,0,-166.969,221.999,77.8116,446.414,1330.13,1049.37,585.552,-39.4955,-14.1305,-273.056,-273.056,-649.341,246.521,-95.0863,-1555.67,-1229.96,-53.9553,-77.9183,-190.924,-936.55,-364.677,-414.141,312.798,-265.783,-2734.05,3295.36,1412.21,-7031.79,-482.165,961.009,-721.162,14.625,-467.96,130.321,-227.757,-67.6622,-404.141,-73.4403,-307.687,154.251,154.251,-128.214,-174.932,-174.932,-654.168,-87.1493,0,-216.57,72.1822,519.041,0,0
2020-08-02 06:00:00 UTC,176.895,92.9519,-260.635,24.9205,24.9205,67.9087,-65.7314,-107.511,198.13,198.13,-463.754,-162.446,785.631,30.433,-78.6401,-161.339,-399.132,-88.4644,415.185,58.9261,5.80843,118.916,118.916,216.042,295.595,99.7993,15.7215,-11.7034,-10.4444,-137.313,75.6684,75.6684,174.251,95.3174,95.3174,268.154,-117.25,-148.431,894.37,894.37,-153.831,-355.278,-320.341,-173.498,-190.738,329.231,887.612,905.532,896.45,-12.8737,92.9668,92.9668,-24.8409,42.6084,55.3525,-9.39208,-9.39208,237.877,-127.605,-64.7366,-174.958,167.322,97.4236,-113.475,-113.475,2.56954,16.2793,-113.961,-113.961,-21.2001,-274.389,228.351,88.2597,88.2597,-5.92785,-5.92785,-1.83185,-2.23554,-2.67673,5.24582,3.81439,-13.4489,-0.239184,-0.320645,-0.0173684,2.48161,-2.90714,-66.3515,-66.3515,-8.99123,-8.99123,-10.3225,-10.3225,67.0392,67.0392,67.0392,-23.2967,-23.2967,-3.19702,28.5554,11.941,11.941,-13.3662,-13.3662,67.9682,14.4278,170.736,5.81396,5.81396,142.126,142.126,142.126,-416.53,111.261,111.261,117.59,117.59,-5.83208,-35.7434,-35.7434,9.62441,9.62441,659.485,659.485,-445.649,-445.649,0,23.5049,208.587,85.4532,-228.768,-228.768,161.704,-796.53,-443.728,168.085,653.137,653.137,-119.377,-119.377,553.3,553.3,-48.7736,-121.442,-67.7111,-658.472,-203.532,-203.532,130.341,130.341,130.341,-391.559,-391.559,549.464,-2.88318,-2.88318,-188.891,375.489,375.489,-395.019,187.038,-49.9685,0,-223.333,-173.274,522.773,377.345,377.345,55.6543,-19.0159,-0.1401,313.537,313.537,-69.6165,-66.4428,-66.4428,-849.726,291.504,918.499,-823.016,-840.414,-826.541,1335.4,-382.674,297.429,-737.048,-752.315,-729.194,824.944,126.734,79.6314,-465.696,-1379.9,-32.8123,-1454.91,-3834.16,-2078.47,-2078.47,-157.592,1209.06,-133.808,-169.374,-136.718,87.9522,-153.435,146.343,152.545,158.323,-174.71,-172.011,-175.336,159.736,-55.808,-55.808,146.65,-334.009,-334.009,1179.57,-143.131,-157.316,148.915,-142.702,-357.617,-557.657,-557.657,-237.492,-492.982,-541.846,-1896.14,729.347,-328.186,313.742,3.85519,-383.524,-599.049,-356.527,-354.078,-4.82124,615.125,671.569,-136.46,-114.199,-152.375,-63.4361,22.8717,-146.964,-89.332,-89.3402,40.8306,-87.2682,80.0393,104.038,-37.4878,520.011,507.114,565.045,550.661,87.2222,87.2222,47.262,174.526,-38.9314,-38.9314,-129.131,-129.131,265.177,265.177,-54.8598,-53.4957,39.5272,220.533,-487.002,2678.43,2408.15,-4881.88,62.8328,-1112.15,210.392,299.906,-126.981,-126.981,-72.4482,-72.4482,-152.213,-280.797,391.115,-15.4486,-29.0311,-29.0311,-41.0347,-177.468,293.683,-17.378,-23.3864,-23.3864,-39.6785,-39.1998,-191.049,-191.049,-227.222,-93.6237,-185.272,40.8716,-165.192,148.312,148.312,-92.6026,-102.61,0,-86.5704,-159.728,0,-84.2487,219.306,219.306,104.326,-35.8412,87.7833,88.4822,96.4856,-3.23289,-11.95,-116.298,23.7387,539.338,197.77,76.8715,76.8715,-36.4967,-134.923,-134.923,-5.09909,-5.61773,387.642,0,-20.3844,-20.3844,0,-381.08,0,-128.411,0,101.063,0,-37.3967,50.6601,26.7998,68.6567,68.6567,0,33.457,33.457,49.7681,0,0.598065,-388.411,-388.411,-388.411,0.214904,0,0,0,-26.3894,-26.3894,-26.3894,0,29.0848,8.09416,8.09416,2.99586,-404.871,5.92785,5.92785,-3.00987,-9.39813,-2.04645,32.8713,-16.994,-16.8532,-6.22023,0,5.76546,0,242.061,242.061,242.061,0,0,0,0,-7.01667,-535.931,-56.2005,-56.2005,180.374,483.9,44.8576,65.0099,0,-143.404,208.828,71.8209,452.664,1210.96,992.828,545.277,-27.0553,-11.3766,-252.498,-252.498,-590.872,208.41,-85.0103,-1305.75,-1132.89,-50.5747,-72.9919,-178.827,-866.144,-342.826,-382.866,296.63,-237.216,-2537.34,3251.91,1390.26,-6849.52,-435.045,953.265,-725.469,22.7454,-434.987,128.881,-220.705,-57.6603,-448.183,-68.7037,-300.466,140.377,140.377,-110.054,-166.809,-166.809,-598.734,-72.9629,0,-203.971,71.4443,490.745,0,0
2020-08-02 07:00:00 UTC,168.104,89.6749,-256.51,25.6051,25.6051,57.4926,-65.5592,-107.491,195.595,195.595,-426.573,-150.895,730.567,34.9208,-73.5603,-151.061,-377.991,-83.9252,381.838,53.0242,-1.32492,110.748,110.748,201.731,279.723,94.4595,14.7775,-10.9075,-11.2851,-129.274,70.7855,70.7855,162.185,88.3702,88.3702,248.793,-108.189,-136.868,815.44,815.44,-142.358,-331.009,-301.879,-164.109,-176.188,299.457,813.309,829.823,821.105,-11.9351,85.7067,85.7067,-23.0683,39.1736,50.7505,-8.85586,-8.85586,218.371,-118.31,-59.7159,-162.297,153.746,89.2155,-105.571,-105.571,2.05192,15.2128,-108.735,-108.735,-20.0923,-258.486,212.444,82.0071,82.0071,-5.80748,-5.80748,-1.74915,-2.14472,-2.5413,4.79197,3.64197,-12.4856,-0.268079,-0.347953,-0.121046,2.21743,-2.82965,-61.4691,-61.4691,-8.18902,-8.18902,-9.41086,-9.41086,62.1078,62.1078,62.1078,-22.1659,-22.1659,-3.55167,26.3038,11.3286,11.3286,-12.4817,-12.4817,62.308,13.4554,159.022,5.29326,5.29326,133.027,133.027,133.027,-390.295,104.258,104.258,110.008,110.008,-5.83208,-33.3287,-33.3287,9.77239,9.77239,615.478,615.478,-420.142,-420.142,0,22.2496,195.746,80.4794,-215.768,-215.768,151.299,-748.547,-416.62,157.092,609.09,609.09,-112.012,-112.012,516.308,516.308,-46.4428,-114.64,-55.0853,-643.967,-190.364,-190.364,121.666,121.666,121.666,-365.099,-365.099,512.845,-2.88318,-2.88318,-176.705,347.648,347.648,-371.869,171.933,-49.7468,0,-210.227,-167.237,480.624,349.286,349.286,51.6003,-18.3721,-1.78729,291.334,291.334,-71.2171,-66.4241,-66.4241,-784.264,260.247,842.449,-759.311,-775.38,-762.482,1212.49,-353.072,275.153,-685.901,-700.151,-679.355,775.045,107.093,63.1987,-437.31,-1315.06,-30.4861,-1384.57,-3625.6,-1960.74,-1960.74,-154.257,1118.73,-124.433,-164.272,-130.147,85.691,-145.228,138.762,143.316,148.745,-165.45,-162.865,-166.04,150.068,-50.7547,-50.7547,138.298,-320.365,-320.365,1098.59,-130.92,-148.216,140.639,-135.151,-342.214,-527.553,-527.553,-231.055,-474.952,-521.798,-1821.53,699.031,-312.244,298.871,3.51503,-359.908,-568.946,-338.723,-336.383,-4.79221,585.151,638.908,-130.601,-109.302,-146.512,-61.1922,20.7439,-137.809,-84.9655,-84.9737,37.9711,-80.2416,75.9898,98.8714,-39.0814,499.091,487.375,542.483,529.415,84.111,84.111,44.8099,167.674,-38.5038,-38.5038,-125.828,-125.828,252.298,252.298,-46.5014,-50.8969,38.598,211.558,-480.641,2540.46,2287.47,-4780.96,58.0682,-1067.98,187.239,282.6,-112.082,-112.082,-63.2314,-63.2314,-156.365,-274.292,363.656,-16.7387,-26.6225,-26.6225,-32.3901,-173.506,329.888,-10.5071,-21.1701,-21.1701,-35.5497,-35.1297,-181.409,-181.409,-216.096,-89.1241,-173.49,47.8932,-141.003,138.396,138.396,-86.3562,-95.5308,0,-83.9346,-154.711,0,-78.26,212.18,212.18,94.8997,-28.1593,81.2478,81.9031,89.6392,-0.561668,-9.49934,-110.206,22.6299,519.359,188.871,72.7336,72.7336,-36.1159,-128.889,-128.889,-4.50598,-4.99366,371.574,0,-21.984,-21.984,0,-352.799,0,-112.78,0,95.5964,0,-37.2485,50.1582,25.6138,64.637,64.637,0,32.0793,32.0793,47.096,0,0.505512,-352.816,-352.816,-352.816,0.166394,0,0,0,-23.8375,-23.8375,-23.8375,0,27.4944,7.76268,7.76268,2.75188,-376.459,5.80748,5.80748,-2.49494,-8.43389,-1.67109,31.6131,-15.9695,-15.8372,-5.88657,0,5.76546,0,233.017,233.017,233.017,0,0,0,0,-4.80822,-492.339,-54.9462,-54.9462,184.06,449.549,47.6498,69.1315,0,-128.024,199.092,67.5703,451.485,1129.76,950.87,517.335,-19.2124,-9.73198,-238.303,-238.303,-550.841,184.083,-78.141,-1138.39,-1064.8,-48.1311,-69.4254,-170.07,-817.192,-327.104,-361.008,284.824,-216.55,-2393.9,3215.07,1371.93,-6702.41,-402.734,948.39,-728.048,28.9888,-413.059,127.888,-216.23,-50.3693,-479.114,-66.2189,-295.088,130.821,130.821,-98.4198,-161.532,-161.532,-558.959,-62.9191,0,-194.809,70.3962,469.486,0,0
2020-08-02 08:00:00 UTC,162.623,87.7414,-255.445,26.4615,26.4615,49.7178,-65.8374,-108.262,194.625,194.625,-401.237,-142.809,693.129,38.2434,-69.8981,-144.227,-363.392,-80.7869,359.067,48.936,-6.58502,105.437,105.437,191.73,268.385,90.6669,14.1212,-10.3477,-11.8111,-123.621,67.4095,67.4095,154.004,83.7165,83.7165,235.564,-101.973,-128.943,761.518,761.518,-134.491,-313.732,-289.003,-157.542,-166.298,279.713,761.958,777.495,769.058,-11.2501,80.6775,80.6775,-21.9669,36.7637,46.9923,-8.55306,-8.55306,204.764,-112.548,-56.3568,-153.826,144.135,83.4311,-100.294,-100.294,1.76729,14.6599,-105.122,-105.122,-19.4186,-247.516,201.914,78.3176,78.3176,-5.80078,-5.80078,-1.70037,-2.09028,-2.44521,4.47401,3.56096,-11.7583,-0.28496,-0.363921,-0.204427,2.01952,-2.76926,-58.128,-58.128,-7.53342,-7.53342,-8.66473,-8.66473,58.7289,58.7289,58.7289,-21.3376,-21.3376,-3.93521,24.5947,10.9195,10.9195,-11.8468,-11.8468,58.4942,12.7504,150.948,4.99328,4.99328,126.807,126.807,126.807,-372.301,99.5575,99.5575,104.903,104.903,-5.83208,-31.7435,-31.7435,9.91967,9.91967,585.964,585.964,-402.83,-402.83,0,21.4536,187.049,77.0023,-206.931,-206.931,144.146,-715.301,-397.877,149.531,579.521,579.521,-107.112,-107.112,491.529,491.529,-44.9226,-110.018,-46.2475,-633.321,-181.257,-181.257,115.541,115.541,115.541,-346.46,-346.46,488.322,-2.88318,-2.88318,-168.167,328.23,328.23,-355.351,161.117,-49.7095,0,-200.842,-162.773,450.949,329.69,329.69,49.1196,-17.6088,-2.84704,276.518,276.518,-71.8616,-66.0952,-66.0952,-738.588,238.896,789.861,-714.856,-729.998,-717.778,1127.61,-332.498,259.551,-649.617,-663.143,-643.905,739.541,93.6483,50.8326,-418.666,-1271.26,-28.8653,-1336.64,-3484.89,-1881.64,-1881.64,-152.099,1057.58,-118.441,-161.013,-125.466,84.6127,-139.617,133.529,137.047,142.239,-159.146,-156.639,-159.712,143.504,-47.2508,-47.2508,132.602,-310.914,-310.914,1044.21,-122.803,-141.986,134.984,-129.665,-331.623,-506.658,-506.658,-226.453,-462.623,-508.096,-1771.22,679.48,-301.34,288.863,3.18197,-344.169,-548.63,-326.708,-324.442,-4.67235,565.081,617.033,-126.722,-106.086,-142.734,-59.7046,19.0911,-131.669,-82.0296,-82.0378,35.8994,-75.6105,73.273,95.402,-39.8236,484.889,473.938,527.153,514.938,82.266,82.266,43.4015,163.812,-38.3948,-38.3948,-123.916,-123.916,243.767,243.767,-40.755,-49.359,39.0152,206.012,-477.637,2446.82,2206.96,-4741.64,55.3078,-1037.49,171.799,271.114,-102.167,-102.167,-56.6811,-56.6811,-159.117,-269.946,345.393,-17.5951,-25.0385,-25.0385,-26.4145,-170.764,353.249,-5.7367,-19.6864,-19.6864,-32.7676,-32.3871,-174.872,-174.872,-208.389,-85.9157,-165.389,53.6948,-123.886,132.11,132.11,-82.3391,-90.9655,0,-82.7707,-152.303,0,-74.4346,208.986,208.986,88.6432,-22.369,77.0578,77.6855,85.2455,1.46432,-7.70738,-106.125,22.0276,506.889,182.594,69.9096,69.9096,-35.6765,-125.182,-125.182,-4.07286,-4.53991,361.577,0,-23.5594,-23.5594,0,-333.178,0,-102.085,0,91.7177,0,-37.1521,50.0357,24.7348,61.8107,61.8107,0,31.0698,31.0698,45.1937,0,0.444906,-328.397,-328.397,-328.397,0.136525,0,0,0,-22.1289,-22.1289,-22.1289,0,26.5557,7.64451,7.64451,2.73814,-358.55,5.80078,5.80078,-2.07389,-7.74932,-1.38022,30.4273,-15.2239,-15.0977,-5.72355,0,5.76546,0,226.523,226.523,226.523,0,0,0,0,-3.45208,-463.643,-53.9477,-53.9477,185.274,425.525,49.2848,71.5469,0,-117.931,192.447,64.5998,448.426,1075.39,921.576,497.798,-14.1943,-8.67349,-228.605,-228.605,-523.932,168.439,-73.6121,-1028.26,-1018.42,-46.4872,-67.0272,-164.182,-781.906,-317.584,-345.841,278.074,-202.373,-2291.27,3214.62,1372.23,-6645.27,-381.518,944.768,-729.556,33.2064,-398.507,127.053,-213.121,-45.4769,-499.443,-64.7077,-291.558,124.508,124.508,-90.9932,-159.091,-159.091,-534.069,-55.357,0,-189.83,69.2809,454.533,0,0
2020-08-02 09:00:00 UTC,160.765,87.4991,-259.429,28.5188,28.5188,43.9161,-66.9421,-110.575,197.756,197.756,-385.486,-137.017,670.141,41.1687,-66.9559,-140.692,-353.741,-78.7109,344.461,46.1173,-10.9501,101.576,101.576,185.18,261.686,88.3927,13.6775,-9.96504,-12.4257,-119.797,65.1701,65.1701,148.775,80.82,80.82,226.847,-97.4143,-123.135,723.044,723.044,-128.783,-301.323,-280.744,-153.322,-159.267,265.92,724.681,739.505,731.294,-10.6323,77.0523,77.0523,-21.4207,34.9193,42.868,-8.50878,-8.50878,194.453,-109.924,-54.058,-148.456,136.613,78.9206,-97.1209,-97.1209,1.77422,14.8603,-103.201,-103.201,-19.2691,-240.81,195.004,75.4934,75.4934,-6.03074,-6.03074,-1.68774,-2.07825,-2.37104,4.23858,3.61748,-11.1051,-0.291154,-0.369818,-0.298915,1.84224,-2.75088,-55.9011,-55.9011,-6.79279,-6.79279,-7.82253,-7.82253,56.4677,56.4677,56.4677,-20.8682,-20.8682,-4.60271,23.0333,10.7065,10.7065,-11.3633,-11.3633,55.8692,12.1979,145.81,4.83832,4.83832,122.687,122.687,122.687,-360.341,96.4857,96.4857,101.62,101.62,-5.83208,-30.7819,-30.7819,10.1398,10.1398,567.058,567.058,-391.677,-391.677,0,21.0427,181.453,74.6472,-201.212,-201.212,139.353,-692.974,-385.307,144.523,560.502,560.502,-104.065,-104.065,475.686,475.686,-43.9003,-107.035,-39.5866,-627.256,-175.13,-175.13,111.298,111.298,111.298,-333.469,-333.469,472.613,-2.88318,-2.88318,-162.37,314.735,314.735,-343.385,153.681,-49.0516,0,-193.731,-159.386,430.314,316.055,316.055,47.8248,-16.8558,-3.49063,267.187,267.187,-72.0382,-65.6866,-65.6866,-705.315,223.381,751.782,-682.373,-696.838,-685.119,1066.06,-317.799,248.043,-622.817,-635.805,-617.68,714.271,83.8162,40.042,-407.513,-1244.65,-27.7581,-1306.95,-3398.57,-1833.29,-1833.29,-151.106,1017.54,-115.087,-159.42,-122.336,84.3667,-136.022,130.241,133.086,138.131,-155.242,-152.782,-155.793,139.359,-44.8414,-44.8414,128.994,-304.808,-304.808,1009.61,-117.695,-137.894,131.397,-125.971,-324.961,-492.915,-492.915,-223.403,-455.121,-499.768,-1741.46,669.833,-294.236,282.558,2.76377,-334.035,-536.665,-319.633,-317.409,-4.3438,553.089,603.964,-124.504,-104.282,-140.648,-58.8446,18.0351,-127.745,-80.3471,-80.3553,34.674,-72.4962,71.7222,93.3858,-40.4073,476.301,465.793,517.88,506.16,81.3209,81.3209,42.5978,161.893,-38.3958,-38.3958,-122.952,-122.952,238.866,238.866,-36.6898,-48.4073,39.3923,203.003,-476.255,2392.07,2159.83,-4724.54,53.9756,-1016.64,161.76,264.042,-95.8078,-95.8078,-51.8739,-51.8739,-161.293,-266.927,333.791,-18.2384,-23.7231,-23.7231,-22.7756,-169.334,366.058,-3.13903,-18.3687,-18.3687,-30.4126,-30.0657,-170.616,-170.616,-203.205,-83.635,-159.91,58.2303,-110.731,127.343,127.343,-79.2759,-87.4799,0,-81.9999,-150.509,0,-71.5787,206.979,206.979,83.9153,-17.9431,74.2362,74.8461,81.8773,3.47264,-5.9775,-103.841,22.0127,501.686,178.424,68.1501,68.1501,-35.175,-124.132,-124.132,-3.80629,-4.26711,361.383,0,-26.116,-26.116,0,-321.788,0,-95.3373,0,89.3934,0,-37.091,50.324,24.2626,59.8985,59.8985,0,30.4491,30.4491,43.7697,0,0.399712,-310.663,-310.663,-310.663,0.118273,0,0,0,-20.8919,-20.8919,-20.8919,0,26.4156,7.90308,7.90308,3.20356,-345.991,6.03074,6.03074,-1.60521,-7.19121,-1.05399,29.1885,-14.6427,-14.5209,-5.6721,1.2368e-12,5.76546,0,222.281,222.281,222.281,0,0,0,0,-2.71783,-445.954,-53.1877,-53.1877,185.205,408.245,50.284,73.026,0,-111.436,187.772,62.532,445.587,1040.9,903.025,485.248,-11.2144,-8.03031,-222.39,-222.39,-507.373,158.695,-70.5667,-962.978,-990.748,-45.5307,-65.651,-160.807,-757.383,-312.478,-337.123,274.438,-195.193,-2231.26,3215.56,1373.02,-6620.49,-367.95,941.549,-730.483,36.3398,-389.729,126.828,-211.615,-42.4371,-510.916,-63.5163,-289.896,120.572,120.572,-86.1892,-157.577,-157.577,-516.304,-49.6791,0,-189.678,68.0111,444.802,0,0
2020-08-02 10:00:00 UTC,161.126,88.2089,-265.977,31.0666,31.0666,40.4217,-68.3985,-113.512,202.693,202.693,-377.325,-133.119,658.224,42.8297,-64.69,-139.649,-347.364,-77.3382,336.459,44.4727,-13.8198,99.0146,99.0146,181.339,258.165,87.2072,13.4074,-9.73032,-12.9748,-117.476,63.8438,63.8438,145.838,79.2606,79.2606,221.729,-94.5512,-119.49,700.134,700.134,-125.201,-294.175,-276.309,-151.052,-154.875,257.505,702.258,716.653,708.579,-10.2119,74.8915,74.8915,-21.1059,33.7751,40.0891,-8.52041,-8.52041,188.133,-108.572,-52.5906,-145.455,131.995,76.1577,-95.5305,-95.5305,1.83344,15.1409,-102.278,-102.278,-19.2715,-237.329,191.339,74.0489,74.0489,-6.22978,-6.22978,-1.68563,-2.07791,-2.32588,4.0976,3.6726,-10.6816,-0.299314,-0.377549,-0.370654,1.72282,-2.74879,-54.6212,-54.6212,-6.28877,-6.28877,-7.24971,-7.24971,55.1725,55.1725,55.1725,-20.6395,-20.6395,-5.10126,22.0163,10.6067,10.6067,-11.0619,-11.0619,54.3185,11.8563,143.064,4.74741,4.74741,120.212,120.212,120.212,-353.149,94.6318,94.6318,99.6574,99.6574,-5.83208,-30.206,-30.206,10.3094,10.3094,555.827,555.827,-385.076,-385.076,0,20.8174,178.141,73.2233,-197.834,-197.834,136.482,-679.484,-377.719,141.542,549.181,549.181,-102.288,-102.288,466.258,466.258,-43.3324,-105.276,-35.3511,-624.026,-171.449,-171.449,108.733,108.733,108.733,-325.438,-325.438,463.255,-2.88318,-2.88318,-158.674,306.378,306.378,-336.027,148.798,-49.1092,0,-189.505,-157.486,417.335,307.575,307.575,47.1743,-16.267,-3.81175,262.033,262.033,-72.1319,-65.4369,-65.4369,-685.162,213.985,728.828,-662.732,-676.787,-665.366,1028.6,-308.848,241.087,-606.47,-619.132,-601.658,698.853,77.7348,32.9341,-401.237,-1229.56,-27.0856,-1289.95,-3349.19,-1805.68,-1805.68,-150.748,993.63,-113.541,-158.805,-120.743,83.9624,-133.956,128.305,130.798,135.759,-153,-150.567,-153.543,136.964,-43.3676,-43.3676,126.904,-301.107,-301.107,989.701,-114.839,-135.458,129.32,-123.854,-321.09,-484.615,-484.615,-221.641,-450.758,-494.928,-1723.51,665.171,-290.428,279.044,2.6112,-328.67,-529.804,-315.574,-313.376,-4.26325,546.196,596.453,-123.096,-103.113,-139.166,-58.3031,17.7633,-125.832,-79.3806,-79.3888,34.2325,-70.9786,70.8336,92.2194,-40.8488,471.326,461.068,512.508,501.066,80.3486,80.3486,41.8715,159.782,-38.065,-38.065,-121.785,-121.785,235.895,235.895,-35.3091,-47.6922,38.1828,200.493,-473.111,2362.1,2132.08,-4671.6,52.4077,-1006.68,156.638,260.174,-92.6602,-92.6602,-49.4098,-49.4098,-162.286,-265.431,328.981,-18.4611,-22.9965,-22.9965,-21.6152,-168.822,369.447,-2.57775,-17.5225,-17.5225,-28.9994,-28.6728,-168.265,-168.265,-200.342,-82.3828,-156.88,60.633,-103.73,124.661,124.661,-77.4832,-85.436,0,-81.6653,-149.442,0,-69.8608,205.467,205.467,81.2273,-15.2346,72.7912,73.3925,79.9324,4.85915,-4.81813,-103.245,22.3895,499.602,175.753,67.1777,67.1777,-34.575,-124.667,-124.667,-3.67795,-4.14201,367.072,0,-28.9188,-28.9188,0,-315.045,0,-92.5316,0,88.1824,0,-37.0557,51.2561,24.0237,58.7378,58.7378,0,30.119,30.119,42.8214,0,0.372631,-299.998,-299.998,-299.998,0.108355,0,0,0,-20.096,-20.096,-20.096,0,26.4758,8.14721,8.14721,3.60672,-339.436,6.22978,6.22978,-1.28813,-6.76087,-0.830131,28.3907,-14.2949,-14.1756,-5.64151,-1.21353e-12,5.76546,0,219.792,219.792,219.792,0,0,0,0,-2.46561,-436.364,-52.7085,-52.7085,185.05,397.776,50.9525,74.0122,0,-107.594,185.185,61.3169,443.704,1020.77,892.284,477.716,-9.56431,-7.70896,-218.936,-218.936,-497.887,153.043,-69.0713,-927.562,-976.264,-44.9769,-64.86,-158.868,-745.426,-308.077,-332.537,270.909,-191.787,-2205.2,3184.42,1357.44,-6543.43,-360.823,937.753,-731.369,37.5064,-385.921,127.082,-210.653,-41.09,-514.047,-62.6682,-289.769,118.411,118.411,-83.488,-156.698,-156.698,-506.643,-46.2445,0,-192.757,67.0689,439.192,0,0
2020-08-02 11:00:00 UTC,164.368,90.4642,-278.941,34.7449,34.7449,37.2803,-71.1339,-118.981,211.313,211.313,-373.086,-130.723,653.769,46.8829,-63.0096,-139.585,-345.906,-77.0244,331.449,43.0777,-17.5152,97.6524,97.6524,179.758,258.86,87.3585,13.2549,-9.5946,-14.004,-116.227,63.1436,63.1436,144.447,78.594,78.594,218.934,-92.3744,-116.719,684.277,684.277,-122.397,-289.535,-274.214,-149.967,-151.319,250.432,686.492,700.586,692.6,-9.89815,73.3621,73.3621,-20.9535,32.9513,37.8275,-8.57592,-8.57592,183.585,-107.901,-51.4529,-143.888,128.606,74.1339,-95.0677,-95.0677,1.95373,15.5849,-102.02,-102.02,-19.4118,-235.983,189.801,72.1825,72.1825,-6.45477,-6.45477,-1.68926,-2.08824,-2.29276,3.99624,3.75336,-10.3728,-0.304443,-0.382414,-0.431909,1.63423,-2.79229,-53.7961,-53.7961,-5.85621,-5.85621,-6.76101,-6.76101,54.337,54.337,54.337,-20.7363,-20.7363,-5.57325,21.2661,10.5882,10.5882,-10.8693,-10.8693,53.0631,11.6344,141.769,4.72134,4.72134,119.169,119.169,119.169,-350.113,93.7267,93.7267,98.9981,98.9981,-5.83208,-30.0764,-30.0764,10.9301,10.9301,552.403,552.403,-383.483,-383.483,0,21.0865,177.349,72.7399,-197.013,-197.013,135.195,-673.613,-374.418,140.502,545.379,545.379,-102.002,-102.002,463.282,463.282,-43.186,-104.853,-31.4217,-627.28,-169.87,-169.87,107.528,107.528,107.528,-320.837,-320.837,460.134,-2.88318,-2.88318,-156.737,301.462,301.462,-331.487,145.608,-48.9795,0,-186.57,-156.72,409.116,302.597,302.597,47.3463,-15.8097,-3.81412,260.747,260.747,-72.2774,-65.3608,-65.3608,-671.184,206.773,712.95,-648.859,-662.628,-651.404,1001.13,-303.017,236.26,-594.842,-607.272,-590.238,690.003,72.6321,24.0168,-401.425,-1230.57,-26.7662,-1289.63,-3349.83,-1806.18,-1806.18,-151.886,983.484,-113.979,-160.044,-120.808,84.0189,-133.63,128.011,130.441,135.388,-153.003,-150.566,-153.545,136.591,-42.4822,-42.4822,126.579,-300.009,-300.009,984.146,-113.76,-134.791,128.998,-123.705,-321.067,-481.726,-481.726,-221.219,-451.634,-495.905,-1728.91,672.572,-289.111,278.498,1.71944,-326.655,-531.635,-316.66,-314.453,-3.21054,547.643,598.035,-123.749,-103.677,-139.726,-58.4829,17.8082,-124.915,-79.818,-79.8262,34.3807,-69.5831,71.2408,92.7103,-40.5124,472.34,462.025,513.606,502.102,80.7761,80.7761,42.1498,161.042,-38.2666,-38.2666,-122.382,-122.382,236.834,236.834,-33.0869,-47.6763,39.9582,201.374,-475.163,2372.54,2140.12,-4713.55,52.6525,-1000.7,154.709,259.989,-91.6488,-91.6488,-47.0225,-47.0225,-164.022,-264.218,326.744,-18.8323,-21.727,-21.727,-21.558,-169.943,366.458,-3.5787,-16.2557,-16.2557,-27.0663,-26.7675,-167.598,-167.598,-199.182,-81.5786,-155.358,63.7034,-95.1365,121.554,121.554,-75.5759,-83.2538,0,-81.2109,-148.24,0,-67.963,203.634,203.634,78.3371,-12.2179,71.9096,72.508,77.9045,7.26616,-2.84001,-103.833,23.3886,506.97,175.399,67.2519,67.2519,-34.1331,-127.416,-127.416,-3.57945,-4.0519,376.905,0,-32.5404,-32.5404,0,-314.651,0,-88.3426,0,88.3372,0,-37.0388,52.912,24.2264,58.1137,58.1137,0,30.1481,30.1481,41.9903,0,0.354335,-292.452,-292.452,-292.452,0.101857,0,0,0,-19.5797,-19.5797,-19.5797,0,26.7308,8.44939,8.44939,4.06285,-334.166,6.45477,6.45477,-1.02348,-6.43674,-0.607953,28.1305,-14.0746,-13.9568,-5.64586,0,5.76546,0,219.567,219.567,219.567,0,0,0,0,-2.68,-433.593,-52.7,-52.7,184.864,391.119,51.6203,74.9927,0,-105.687,184.408,60.7819,443.975,1016.1,891.746,477.296,-9.50606,-7.70576,-218.092,-218.092,-497.697,151.22,-67.6823,-930.772,-981.767,-45.2101,-65.2157,-159.744,-747.466,-310.021,-335.546,272.435,-193.804,-2220.18,3228.28,1380.43,-6605.03,-358.016,933.984,-732.093,39.2322,-385.356,128.389,-211.568,-40.9813,-512.449,-61.6455,-290.58,117.875,117.875,-82.408,-156.616,-156.616,-498.416,-43.1526,0,-200.93,65.6896,438.672,0,0
2020-08-02 12:00:00 UTC,170.418,93.7585,-293.326,38.1206,38.1206,37.6293,-73.9039,-124.478,220.448,220.448,-381.236,-132.251,667.611,48.9476,-63.086,-143.083,-351.387,-78.2042,337.585,43.6967,-18.8559,99.0929,99.0929,183.93,268.227,90.3803,13.4351,-9.74457,-15.5809,-117.963,64.1428,64.1428,146.986,80.0905,80.0905,222.388,-92.6192,-117.03,691.545,691.545,-122.565,-293.506,-278.565,-152.181,-151.299,249.777,693.041,707.263,699.221,-9.88377,74.015,74.015,-21.1863,33.1751,37.4794,-8.73154,-8.73154,184.924,-109.266,-51.5573,-146.02,129.476,74.653,-97.125,-97.125,2.20587,16.3305,-103.667,-103.667,-19.8875,-240.114,193.449,72.8269,72.8269,-6.68884,-6.68884,-1.71067,-2.12445,-2.30251,4.03537,3.87695,-10.4363,-0.301919,-0.380038,-0.452217,1.646,-2.91537,-54.4699,-54.4699,-5.73294,-5.73294,-6.6284,-6.6284,55.0184,55.0184,55.0184,-21.509,-21.509,-5.85614,21.3901,10.7838,10.7838,-11.0026,-11.0026,53.1983,11.775,144.46,4.81064,4.81064,120.687,120.687,120.687,-354.504,94.8372,94.8372,100.349,100.349,-5.83208,-30.5077,-30.5077,11.3024,11.3024,560.473,560.473,-388.696,-388.696,0,21.5294,179.917,73.6905,-199.694,-199.694,136.922,-681.571,-378.893,142.472,553.209,553.209,-103.528,-103.528,469.958,469.958,-43.6192,-106.266,-31.3266,-634.959,-172.042,-172.042,108.83,108.83,108.83,-324.043,-324.043,466.663,-2.88318,-2.88318,-158.422,304.687,304.687,-334.565,146.629,-49.726,0,-188.18,-158.457,412.682,305.799,305.799,48.4106,-15.7683,-3.44623,265.122,265.122,-72.574,-65.6947,-65.6947,-677.406,208.625,720.032,-654.589,-668.48,-657.153,1010.11,-306.239,238.619,-599.601,-612.129,-594.887,696.755,73.2074,21.414,-408.548,-1248.69,-27.1303,-1308.33,-3405.02,-1837.33,-1837.33,-154.054,996.812,-116.102,-162.617,-122.535,85.2512,-135.553,129.793,132.553,137.58,-155.507,-153.034,-156.059,138.803,-42.9272,-42.9272,128.511,-303.156,-303.156,999.178,-115.322,-136.613,130.921,-125.401,-325.484,-487.184,-487.184,-223.24,-457.545,-502.462,-1753.45,687.056,-293.167,282.632,1.43134,-332.292,-540.91,-322.149,-319.906,-2.7528,556.983,608.21,-125.68,-105.295,-141.674,-59.1984,18.5759,-127.311,-81.2705,-81.2787,35.3833,-70.3906,72.5851,94.4004,-39.4501,479.081,468.427,520.883,509.001,81.8092,81.8092,43.1128,163.86,-38.4781,-38.4781,-123.547,-123.547,241.03,241.03,-34.7513,-48.543,42.1553,204.277,-478.557,2416.51,2178.91,-4779.11,53.5939,-1009.34,160.442,265.309,-95.5115,-95.5115,-47.9144,-47.9144,-163.934,-265.297,334.749,-18.7349,-21.5726,-21.5726,-24.8536,-172.159,350.845,-7.02389,-15.7833,-15.7833,-26.7245,-26.4309,-170.18,-170.18,-201.947,-82.4556,-157.805,64.3216,-95.7038,122.292,122.292,-75.9885,-83.6978,0,-81.8744,-149.102,0,-68.1763,204.101,204.101,78.9005,-11.7274,73.2375,73.8473,78.4682,8.48427,-1.95889,-106.594,24.766,518.272,178.075,68.4724,68.4724,-34.2935,-132.088,-132.088,-3.66791,-4.15756,390.941,0,-35.428,-35.428,0,-321.72,0,-89.9554,0,91.4256,0,-37.069,56.7436,25.2055,58.9815,58.9815,0,30.9608,30.9608,41.8427,0,0.359408,-295.373,-295.373,-295.373,0.106341,0,0,0,-19.8146,-19.8146,-19.8146,0,27.4431,8.82058,8.82058,4.53787,-339.103,6.68884,6.68884,-0.967346,-6.44831,-0.47828,29.0236,-14.2401,-14.1207,-5.7145,0,5.76546,0,222.095,222.095,222.095,0,0,0,0,-3.38459,-440.415,-53.5164,-53.5164,185.212,395.07,51.8429,75.3124,0,-107.698,186.648,61.5242,446.664,1032.71,903.3,484.396,-11.1698,-8.07227,-220.993,-220.993,-507.82,155.131,-68.4654,-974.73,-1002.43,-46.0125,-66.4008,-162.655,-760.968,-315.649,-342.943,277.054,-200.219,-2270.77,3290.99,1413.36,-6701.35,-365.444,933.059,-731.627,38.5673,-393.004,129.817,-213.992,-43.2238,-500.213,-61.7556,-292.216,119.879,119.879,-84.8887,-158.303,-158.303,-504.353,-43.5064,0,-212.206,65.1857,444.676,0,0
2020-08-02 13:00:00 UTC,180.364,97.9768,-303.636,38.9276,38.9276,45.8017,-75.3918,-127.27,229.567,229.567,-414.751,-142.125,718.014,47.0471,-67.1285,-152.94,-371.223,-82.4706,366.33,48.5182,-14.1425,105.289,105.289,198.766,289.659,97.481,14.3118,-10.4925,-16.6248,-125.732,68.594,68.594,157.268,85.7364,85.7364,238.878,-98.8497,-124.964,752.025,752.025,-130.314,-315.729,-295.727,-160.933,-160.721,267.829,750.835,766.172,757.734,-10.6146,79.7263,79.7263,-22.1819,35.8707,42.2288,-9.02363,-9.02363,200.179,-114.68,-54.6453,-155.55,140.516,81.2591,-103.734,-103.734,2.58508,17.2025,-108.613,-108.613,-20.804,-254.897,208.016,81.4703,81.4703,-6.75921,-6.75921,-1.76132,-2.19305,-2.41422,4.40232,3.9679,-11.3462,-0.299325,-0.377524,-0.375522,1.87745,-3.09132,-58.3408,-58.3408,-6.51088,-6.51088,-7.52183,-7.52183,58.9837,58.9837,58.9837,-23.1067,-23.1067,-5.44718,23.5174,11.3405,11.3405,-11.7884,-11.7884,56.9463,12.6724,155.159,5.17508,5.17508,127.359,127.359,127.359,-373.769,100.13,100.13,105.701,105.701,-5.86301,-32.0659,-32.0659,10.8499,10.8499,591.148,591.148,-406.813,-406.813,0,22.1427,188.873,77.4073,-208.985,-208.985,144.674,-717.351,-399.032,150.286,584.122,584.122,-108.455,-108.455,495.736,495.736,-45.1395,-111.137,-40.431,-648.269,-181.693,-181.693,115.302,115.302,115.302,-343.707,-343.707,492.391,-2.88318,-2.88318,-167.43,325.283,325.283,-353.59,156.756,-52.4283,0,-199.626,-165.197,442.017,326.49,326.49,50.9712,-16.7009,-2.47275,281.361,281.361,-73.0308,-66.9308,-66.9308,-729.003,231.474,778.915,-705.046,-719.998,-707.852,1102.13,-328.629,256.567,-641.363,-654.737,-635.741,736.681,87.2277,35.3927,-428.214,-1296.87,-28.9095,-1361.27,-3557.66,-1923.4,-1923.4,-157.734,1058.45,-121.022,-167.255,-126.91,89.0136,-141.626,135.522,139.325,144.606,-162.502,-159.934,-163.08,145.888,-46.2268,-46.2268,134.675,-314.675,-314.675,1055.31,-122.043,-143.18,137.051,-130.067,-337.636,-508.894,-508.894,-229.56,-471.757,-518.226,-1810.59,710.305,-307.453,295.4,2.7078,-352.976,-562.726,-335.052,-332.73,-3.94323,579.685,632.939,-129.63,-108.626,-146.056,-60.8483,20.3087,-136.546,-84.3169,-84.3251,37.68,-76.7243,75.4056,97.9633,-38.3988,495.347,483.855,538.434,525.616,83.9516,83.9516,44.9924,168.681,-38.8256,-38.8256,-125.785,-125.785,250.754,250.754,-44.935,-50.9616,44.5079,210.91,-484.378,2515.08,2267.63,-4881.13,56.5388,-1054.42,182.701,280.013,-109.905,-109.905,-56.9787,-56.9787,-159.408,-271.838,362.548,-17.3764,-24.2463,-24.2463,-34.4,-174.77,313.277,-14.4842,-18.0015,-18.0015,-31.2318,-30.874,-178.758,-178.758,-212.365,-87.0201,-168.359,59.437,-120.888,134.344,134.344,-83.0509,-91.6637,0,-86.8085,-157.464,0,-74.7987,215.101,215.101,89.031,-17.4672,79.9795,80.6346,86.3197,5.53098,-4.88267,-113.343,26.2852,532.557,186.283,71.7328,71.7328,-35.6439,-139.17,-139.17,-4.15398,-4.67396,408.711,0,-35.3511,-35.3511,0,-352.099,0,-102.387,0,98.6904,0,-37.1979,61.587,27.0776,62.866,62.866,0,32.8661,32.8661,43.7306,0,0.420216,-322.506,-322.506,-322.506,0.137185,0,0,0,-21.5319,-21.5319,-21.5319,0,28.7108,9.0616,9.0616,4.68103,-370.957,6.75921,6.75921,-1.48468,-7.04244,-0.735176,31.6067,-15.2037,-15.0764,-5.94451,0,5.67277,0,229.567,229.567,229.567,0,0,0,0,-4.78891,-469.957,-55.2443,-55.2443,187.349,422.368,51.3706,74.5831,0,-117.101,194.919,64.9244,453.097,1090.76,936.594,504.352,-16.0461,-9.04382,-231.524,-231.524,-536.687,170.851,-74.6718,-1089.94,-1047.09,-47.7025,-68.8872,-168.763,-788.999,-326.602,-355.256,286.102,-212.668,-2370.89,3361.35,1449.81,-6850.79,-393.377,931.603,-730.774,31.9331,-415.051,130.002,-217.02,-50.5375,-467.731,-64.3653,-295.772,127.212,127.212,-93.9726,-165.923,-165.923,-549.901,-51.5683,0,-224.784,67.018,462.746,0,0
2020-08-02 14:00:00 UTC,191.864,101.673,-302.673,34.2068,34.2068,66.4747,-74.228,-124.473,234.556,234.556,-471.848,-161.983,803.269,42.243,-76.5887,-165.821,-407.683,-90.2988,417.741,57.7985,-0.18929,116.844,116.844,221.055,318.365,106.88,15.7105,-11.6709,-16.6443,-137.791,76.0606,76.0606,176.528,97.158,97.158,268.961,-113.875,-144.123,883.09,883.09,-148.581,-356.656,-324.63,-175.621,-182.493,309.867,875.953,893.671,884.546,-12.7525,91.6522,91.6522,-24.5546,42.0288,54.693,-9.38753,-9.38753,234.442,-124.829,-61.9516,-175.956,164.881,95.9444,-117.236,-117.236,2.88897,17.5054,-115.654,-115.654,-21.7855,-279.101,233.449,94.0567,94.0567,-6.38586,-6.38586,-1.82007,-2.25984,-2.65108,5.16288,3.88621,-13.4002,-0.268191,-0.348004,-0.112278,2.43469,-3.22733,-65.5764,-65.5764,-8.68355,-8.68355,-9.99703,-9.99703,66.5349,66.5349,66.5349,-25.1702,-25.1702,-3.77918,28.3672,12.1285,12.1285,-13.3686,-13.3686,64.9194,14.5102,173.494,6.13203,6.13203,140.785,140.785,140.785,-412.081,111.162,111.162,116.445,116.445,-6.11017,-35.3804,-35.3804,8.85765,8.85765,651.841,651.841,-440.75,-440.75,0,22.8827,205.729,84.0894,-226.217,-226.217,160.029,-788.182,-439.007,165.354,645.984,645.984,-117.989,-117.989,547.29,547.29,-48.2149,-120.162,-63.2409,-660.935,-200.715,-200.715,128.022,128.022,128.022,-384.779,-384.779,544.091,-2.88318,-2.88318,-184.979,368.694,368.694,-390.922,179.866,-55.6622,0,-222.608,-175.716,507.716,370.615,370.615,56.2636,-17.6522,-0.171794,311.425,311.425,-71.3226,-67.5325,-67.5325,-838.696,284.374,905.767,-812.839,-830.046,-816.215,1308.72,-376.306,294.095,-728.627,-743.746,-720.856,816.332,121.238,73.0917,-463.117,-1376.45,-32.4205,-1450.46,-3816.84,-2069.44,-2069.44,-160.174,1188.82,-132.882,-171.888,-134.972,92.409,-152.792,145.319,151.59,157.336,-174.147,-171.444,-174.769,158.743,-54.0942,-54.0942,145.802,-333.91,-333.91,1166.63,-139.92,-155.275,148.078,-139.312,-357.162,-551.334,-551.334,-239.063,-493.387,-542.232,-1896.93,735.207,-331.048,316.132,5.05495,-388.629,-596.315,-354.915,-352.473,-6.33429,615.018,671.413,-135.461,-113.581,-152.676,-63.3985,22.8182,-152.708,-88.8426,-88.8508,41.1337,-88.9852,79.6031,103.266,-38.0549,520.292,507.446,565.322,550.995,87.0751,87.0751,47.478,174.686,-39.2102,-39.2102,-128.871,-128.871,265.638,265.638,-64.1253,-54.7688,46.7248,221.002,-491.767,2664.35,2403.21,-5006.85,61.3393,-1138.94,220.499,303.617,-134.311,-134.311,-76.0661,-76.0661,-150.235,-283.81,410.502,-14.4152,-29.7021,-29.7021,-50.2169,-176.609,250.073,-26.2897,-22.739,-22.739,-40.4342,-39.9448,-192.939,-192.939,-229.783,-95.0288,-187.533,41.357,-174.564,153.525,153.525,-94.7797,-104.988,0,-90.8993,-164.962,0,-85.7187,223.132,223.132,107.431,-33.4736,91.1096,91.8362,99.2563,-1.87131,-11.4438,-123.76,27.5152,544.409,197.382,77.0102,77.0102,-35.9158,-146.769,-146.769,-5.09939,-5.65413,420.731,0,-29.1219,-29.1219,0,-405.655,0,-121.132,0,108.323,0,-37.4182,63.079,29.5268,68.8955,68.8955,0,35.2888,35.2888,47.177,0,0.594125,-382.482,-382.482,-382.482,0.205461,0,0,0,-26.0574,-26.0574,-26.0574,0,29.9674,8.79752,8.79752,3.92388,-421.562,6.38586,6.38586,-2.87668,-8.87616,-1.65222,35.9019,-16.9594,-16.8182,-6.56103,-1.41246e-12,4.93223,0,241.392,241.392,241.392,0,0,0,0,-7.74291,-527.201,-57.4937,-57.4937,184.875,478.53,47.496,68.8469,0,-138.844,208.738,71.3602,455.236,1200.45,990.94,539.214,-25.6542,-11.3415,-250.71,-250.71,-587.075,204.149,-86.5862,-1287.28,-1116.3,-50.2137,-72.581,-177.837,-830.612,-341.65,-371.41,298.293,-231.579,-2514.46,3426.32,1483.11,-7034.7,-442.691,929.225,-729.819,18.328,-450.538,128.008,-219.105,-62.744,-409.929,-69.2868,-301.649,140.338,140.338,-110.246,-171.61,-171.61,-619.903,-71.645,0,-235.133,71.0152,491.415,0,0
2020-08-02 15:00:00 UTC,201.329,103.978,-290.8,25.9983,25.9983,93.9076,-70.6278,-116.687,233.927,233.927,-528.554,-184.939,889.964,39.6328,-88.4282,-174.541,-449.562,-99.2677,470.666,67.6788,18.6038,129.784,129.784,239.973,342.056,114.386,16.9283,-12.6785,-16.1145,-148.063,83.2646,83.2646,198.422,111.386,111.386,301.164,-133.373,-169.042,1049.79,1049.79,-171.349,-401.785,-353.461,-190.178,-208.594,361.17,1034.45,1055.13,1045.4,-16.0462,106.006,106.006,-27.2699,50.0738,74.0948,-9.39437,-9.39437,279.199,-133.463,-70.6735,-201.62,196.672,115.316,-134.755,-134.755,2.58513,15.9379,-120.523,-120.523,-21.7821,-302.411,261.655,104.364,104.364,-5.24595,-5.24595,-1.80831,-2.2292,-2.9455,6.08405,3.34035,-16.1957,-0.237619,-0.318929,0.307623,3.1994,-3.19318,-73.0637,-73.0637,-12.2195,-12.2195,-14.0144,-14.0144,74.714,74.714,74.714,-26.7002,-26.7002,-0.608164,34.9941,12.6604,12.6604,-15.2195,-15.2195,73.7992,16.7686,192.213,7.92615,7.92615,158.134,158.134,158.134,-460.462,125.76,125.76,130.867,130.867,-6.9319,-40.4498,-40.4498,6.05768,6.05768,732.332,732.332,-483.553,-483.553,0,24.1518,227.075,91.1442,-247.556,-247.556,178.843,-876.712,-489.181,183.994,728.173,728.173,-131.343,-131.343,616.49,616.49,-52.7274,-131.361,-93.8882,-666.571,-224.282,-224.282,143.375,143.375,143.375,-436.495,-436.495,613.364,-2.88318,-2.88318,-205.65,423.747,423.747,-433.716,210.235,-56.758,0,-249.132,-184.127,594.692,427.452,427.452,65.9877,-15.0665,4.01903,347.76,347.76,-64.887,-65.0774,-65.0774,-974.831,355.562,1066.35,-946.643,-966.636,-950.78,1578.81,-436.665,340.072,-833.175,-850.356,-822.293,910.434,167.637,120.702,-508.654,-1471.41,-36.5615,-1555.97,-4129.92,-2245.9,-2245.9,-159.369,1366.95,-154.468,-174.931,-144.444,94.211,-167.087,156.3,166.815,173.141,-187.739,-184.918,-188.416,174.754,-65.4331,-65.4331,159.572,-354.67,-354.67,1314.94,-170.358,-169.634,161.65,-151.143,-378.758,-605.091,-605.091,-248.059,-517.012,-568.491,-1991.7,757.248,-355.946,338.591,6.76439,-428.181,-634.96,-377.763,-375.185,-8.05635,654.991,714.934,-142.345,-119.475,-160.181,-66.3185,25.446,-169.847,-94.1338,-94.142,44.9784,-102.694,84.5236,109.459,-37.3946,547.872,533.411,595.021,578.893,90.6999,90.6999,50.3383,181.798,-39.6495,-39.6495,-132.46,-132.46,282.489,282.489,-84.1668,-58.8894,48.63,232.519,-499.385,2837.7,2557.49,-5139.53,67.213,-1230.36,261.004,329.866,-160.335,-160.335,-97.6918,-97.6918,-140.144,-296.655,462.858,-11.4224,-35.7842,-35.7842,-65.8461,-178.839,180.79,-37.7426,-27.8555,-27.8555,-50.2347,-49.6046,-208.291,-208.291,-247.976,-103.13,-208.919,16.0618,-234.888,171.175,171.175,-106.172,-118.01,0,-91.1579,-166.621,0,-96.4229,223.276,223.276,126.652,-54.1316,102.758,103.558,111.688,-10.0323,-18.2849,-133.782,28.0618,555.06,204.847,83.0626,83.0626,-31.6921,-152.653,-152.653,-6.27599,-6.8637,426.06,0,-19.2849,-19.2849,0,-461.043,0,-133.283,0,116.03,0,-37.6283,59.4338,31.6744,74.0314,74.0314,0,37.1195,37.1195,50.1753,0,0.896539,-460.444,-460.444,-460.444,0.291659,0,0,0,-32.559,-32.559,-32.559,0,29.6677,7.47102,7.47102,1.61701,-470.384,5.24595,5.24595,-5.13006,-11.3908,-3.24622,41.2925,-18.8794,-18.7242,-7.73931,1.58e-12,2.46967,0,253.487,253.487,253.487,0,0,0,0,-13.3425,-597.9,-59.5021,-59.5021,169.495,546.558,38.4074,55.4804,0,-170.676,223.906,78.8727,441.093,1341.31,1050.99,581.062,-39.4224,-15.5244,-273.306,-273.306,-649.664,252.106,-99.6908,-1537.47,-1200,-53.1409,-76.8984,-188.446,-878.481,-359.473,-391.682,312.257,-254.004,-2679.12,3481.92,1511.57,-7228.8,-498.846,928.621,-727.814,4.92182,-490.69,125.812,-222.279,-75.5829,-345.991,-76.1974,-308.644,155.75,155.75,-130.048,-172.117,-172.117,-687.504,-97.6207,0,-239.945,73.755,520.426,0,0
2020-08-02 16:00:00 UTC,210.645,106.306,-277.601,18.0789,18.0789,120.486,-66.5668,-108.095,232.545,232.545,-582.233,-207.168,972.722,37.776,-99.9426,-182.149,-490.264,-107.961,521.487,77.1673,37.4099,143.141,143.141,257.645,362.264,120.77,18.106,-13.6384,-14.8781,-157.781,90.3455,90.3455,220.684,126.052,126.052,332.442,-152.452,-193.492,1217.98,1217.98,-193.511,-443.703,-379.992,-203.499,-234.406,414.096,1191.82,1215.4,1205.32,-19.2442,120.004,120.004,-30.0843,57.9193,92.1877,-9.45637,-9.45637,323.425,-142.939,-79.7972,-225.312,227.74,134.468,-149.95,-149.95,2.33485,14.4653,-124.449,-124.449,-21.7611,-323.942,289.982,115.987,115.987,-4.16706,-4.16706,-1.80491,-2.20333,-3.2301,6.9731,2.84711,-18.862,-0.186426,-0.270428,0.730372,3.9465,-3.11673,-80.3123,-80.3123,-15.5815,-15.5815,-17.8304,-17.8304,82.6304,82.6304,82.6304,-27.9223,-27.9223,2.40785,41.3183,13.1328,13.1328,-17.0026,-17.0026,82.6723,18.9279,209.845,8.89801,8.89801,174.588,174.588,174.588,-507.846,139.313,139.313,144.68,144.68,-6.73165,-45.2145,-45.2145,3.68322,3.68322,812.404,812.404,-525.577,-525.577,0,25.4882,248.189,97.7031,-268.691,-268.691,197.288,-961.314,-537.361,202.705,809.723,809.723,-144.865,-144.865,685.027,685.027,-57.3292,-142.411,-124.032,-667.042,-247.57,-247.57,158.587,158.587,158.587,-486.137,-486.137,681.706,-2.88318,-2.88318,-225.103,477.484,477.484,-472.139,240.124,-56.0855,0,-272.837,-189.352,681.835,483.206,483.206,76.5017,-11.5068,7.58842,383.972,383.972,-54.8095,-59.9824,-59.9824,-1107.04,429.074,1225.6,-1076.61,-1099.31,-1081.52,1851.35,-495.828,384.668,-930.674,-949.751,-916.259,997.285,215.302,164.767,-556.578,-1565.1,-40.2164,-1658.56,-4440.06,-2421.39,-2421.39,-157.592,1548.54,-177.393,-177.315,-152.935,96.0465,-181.068,166.722,181.813,188.721,-201.124,-198.191,-201.854,190.564,-77.1431,-77.1431,173.062,-373.425,-373.425,1465.34,-201.87,-183.715,174.893,-162.253,-398.665,-656.083,-656.083,-255.364,-539.19,-593.175,-2082.1,779.017,-379.258,360.066,7.84549,-467.507,-672.489,-399.949,-397.242,-9.20299,693.83,757.21,-149.081,-125.293,-167.511,-69.1411,27.725,-185.897,-99.2775,-99.2857,48.5768,-116.272,89.3189,115.478,-36.1362,574.081,557.974,623.21,605.246,94.3695,94.3695,53.3746,189.406,-40.1466,-40.1466,-136.081,-136.081,298.869,298.869,-102.993,-62.8524,50.9364,244.012,-506.877,3004.77,2707.62,-5281.04,73.3537,-1314.06,300.849,356.242,-185.635,-185.635,-117.402,-117.402,-129.634,-309.218,515.336,-8.82171,-42.2741,-42.2741,-79.2822,-182.455,115.223,-46.9216,-33.0508,-33.0508,-59.6631,-58.8976,-223.154,-223.154,-264.697,-110.094,-229.285,-5.63861,-291.655,189.812,189.812,-118.093,-131.6,0,-92.8903,-170.953,0,-107.665,227.847,227.847,146.042,-72.9046,114.876,115.753,124.759,-17.6744,-24.7519,-142.703,28.4111,567.707,210.36,88.8104,88.8104,-26.3487,-158.475,-158.475,-7.47602,-8.09813,431.981,0,-9.65019,-9.65019,0,-510.376,0,-143.504,0,122.593,0,-37.8461,54.1942,33.4396,78.8906,78.8906,0,38.5852,38.5852,53.1989,0,1.24072,-539.345,-539.345,-539.345,0.388764,0,0,0,-39.3621,-39.3621,-39.3621,0,29.4028,6.23162,6.23162,-0.558279,-521.956,4.16706,4.16706,-7.24864,-14.0867,-4.80089,45.8637,-20.6398,-20.4718,-8.35743,0,3.06985,0,263.691,263.691,263.691,0,0,0,0,-16.6647,-668.92,-61.1188,-61.1188,145.066,611.618,26.2363,37.608,0,-204.064,237.013,86.0396,413.968,1483.77,1105.7,620.835,-54.3936,-19.0944,-295.05,-295.05,-713.227,304.167,-112.607,-1796.4,-1282.62,-55.9803,-81.0947,-198.76,-922.314,-377.885,-411.851,326.722,-276.099,-2832.27,3544.9,1544.32,-7436.21,-556.317,929.02,-723.736,-6.56752,-532.96,124.558,-227.751,-87.7534,-285.4,-85.647,-317.399,171.155,171.155,-151.719,-175.625,-175.625,-757.212,-122.124,0,-243.229,74.6107,544.996,0,0
2020-08-02 17:00:00 UTC,218.032,107.435,-260.263,9.69596,9.69596,148.95,-61.4896,-97.5947,226.759,226.759,-636.067,-228.43,1053.4,32.8653,-110.908,-190.121,-526.905,-115.766,572.834,87.0445,58.7447,156.191,156.191,274.469,378.267,125.984,19.2827,-14.5846,-12.6704,-167.263,97.14,97.14,241.36,139.411,139.411,363.047,-171.557,-218.04,1393.35,1393.35,-215.564,-484.931,-405.26,-216.124,-260.497,470.595,1353.83,1380.35,1370.15,-22.4192,134.244,134.244,-32.9488,65.8431,111.024,-9.48404,-9.48404,368.844,-152.428,-89.2185,-248.479,259.477,154.248,-164.393,-164.393,2.04538,12.7718,-127.459,-127.459,-21.6011,-344.301,318.897,128.366,128.366,-2.98207,-2.98207,-1.80779,-2.18035,-3.5181,7.87237,2.40265,-21.5508,-0.108141,-0.196386,1.19918,4.7237,-3.00679,-87.8239,-87.8239,-18.9374,-18.9374,-21.6365,-21.6365,90.6576,90.6576,90.6576,-28.8925,-28.8925,5.54735,47.7253,13.5782,13.5782,-18.839,-18.839,92.1816,21.0891,227.021,10.4534,10.4534,190.904,190.904,190.904,-553.54,152.885,152.885,158.398,158.398,-7.1493,-50.1932,-50.1932,1.1142,1.1142,891.326,891.326,-565.493,-565.493,0,26.8383,268.887,104.532,-288.603,-288.603,215.279,-1042.52,-583.832,220.847,890.295,890.295,-157.649,-157.649,752.64,752.64,-61.5358,-152.876,-155.107,-659.435,-270.117,-270.117,173.6,173.6,173.6,-535.109,-535.109,749.194,-2.88318,-2.88318,-245.325,532.443,532.443,-508.381,271.158,-52.7298,0,-294.207,-191.568,770.936,539.881,539.881,85.7599,-9.01705,11.6591,419.457,419.457,-40.7318,-52.0303,-52.0303,-1240.43,507.853,1389.5,-1207.68,-1233.08,-1213.39,2137.41,-556.358,429.604,-1025.06,-1045.94,-1006.6,1078.49,266.161,210.933,-604.763,-1652.9,-43.3112,-1753.97,-4732.8,-2587.43,-2587.43,-154.811,1729.33,-197.168,-178.189,-160.297,98.144,-194.048,176.719,196.164,203.637,-213.578,-210.549,-214.358,205.703,-88.4552,-88.4552,185.867,-390.679,-390.679,1611.74,-230.566,-197.3,187.423,-172.31,-416.645,-702.901,-702.901,-260.937,-558.527,-614.729,-2160.66,795.755,-400.839,380.021,8.9108,-506.572,-706.444,-420.016,-417.196,-10.4937,728.89,795.366,-154.788,-130.225,-173.682,-71.6038,29.9115,-201.289,-103.731,-103.74,51.9214,-129.972,93.479,120.715,-34.2648,597.222,579.561,648.072,628.375,97.1907,97.1907,56.158,195.518,-40.2975,-40.2975,-138.631,-138.631,313.27,313.27,-122.523,-66.5076,51.8695,253.563,-511.679,3153.3,2840.63,-5375.55,77.9904,-1396.75,340.642,382.108,-210.711,-210.711,-137.358,-137.358,-117.837,-322.096,570.118,-6.29824,-49.5763,-49.5763,-91.5409,-186.711,49.1576,-54.5968,-38.6757,-38.6757,-69.6304,-68.721,-237.533,-237.533,-280.305,-116.4,-249.368,-28.4397,-350.894,209.193,209.193,-130.549,-145.803,0,-94.3515,-175.14,0,-119.302,231.656,231.656,166.347,-90.7085,127.56,128.515,138.481,-25.7558,-31.5023,-150.91,28.4746,577.417,216.629,94.1909,94.1909,-22.3321,-162.733,-162.733,-8.73058,-9.38414,433.888,0,0.508862,0.508862,0,-557.807,0,-157.304,0,127.959,0,-38.0766,49.2801,34.5986,83.6317,83.6317,0,39.6865,39.6865,56.4747,0,1.63716,-622.084,-622.084,-622.084,0.501096,0,0,0,-46.4993,-46.4993,-46.4993,0,28.9633,4.84443,4.84443,-2.93849,-575.628,2.98207,2.98207,-9.34674,-17.1804,-6.37823,49.9841,-22.4392,-22.2581,-9.32345,0,1.81805,0,271.514,271.514,271.514,0,0,0,0,-21.4863,-738.947,-62.3813,-62.3813,111.802,676.126,10.257,14.1716,0,-240.633,246.941,92.6989,370.925,1624.85,1152.96,657.739,-69.8105,-23.1598,-315.674,-315.674,-773.952,359.2,-125.643,-2049.91,-1357.32,-58.4458,-84.7292,-207.692,-963.153,-393.489,-428.322,339.105,-294.153,-2964.82,3584.09,1564.95,-7574.89,-615.191,927.919,-718.673,-17.4089,-578.251,123.716,-234.355,-99.6288,-224.581,-97.4255,-326.566,186.436,186.436,-174.896,-179.012,-179.012,-833.069,-147.807,0,-244.242,74.8841,565.592,0,0
2020-08-02 18:00:00 UTC,222.483,107.355,-240.354,1.62795,1.62795,175.098,-55.8301,-86.1643,217.86,217.86,-679.905,-246.068,1118.5,28.6431,-120.203,-195.636,-556.738,-122.108,615.024,95.3226,78.9471,167.691,167.691,288.052,385.85,128.63,20.3361,-15.4246,-8.98694,-175.484,102.808,102.808,257.302,149.25,149.25,388.782,-188.032,-239.265,1548.62,1548.62,-234.616,-518.946,-425.224,-226.05,-283.648,524.473,1495.76,1524.83,1514.7,-25.0888,146.606,146.606,-35.2207,72.6542,127.247,-9.45425,-9.45425,408.592,-160.413,-97.5828,-267.067,287.336,171.783,-175.249,-175.249,1.67044,10.878,-128.978,-128.978,-21.1989,-360.167,342.827,138.232,138.232,-1.79697,-1.79697,-1.80687,-2.14644,-3.76932,8.65328,1.94185,-23.8389,-0.0623314,-0.152988,1.59988,5.37486,-2.81927,-94.2747,-94.2747,-21.9281,-21.9281,-25.0222,-25.0222,97.4953,97.4953,97.4953,-29.1687,-29.1687,8.45608,53.2149,13.8897,13.8897,-20.3467,-20.3467,100.931,22.8757,240.878,11.9604,11.9604,204.472,204.472,204.472,-590.842,163.9,163.9,169.749,169.749,-7.8502,-54.2368,-54.2368,-0.991742,-0.991742,956.926,956.926,-598.024,-598.024,0,27.9258,286.017,110.276,-304.892,-304.892,230.214,-1108.49,-621.76,236.125,957.283,957.283,-168.078,-168.078,808.687,808.687,-65.1174,-161.412,-182.159,-647.031,-288.833,-288.833,186.454,186.454,186.454,-576.107,-576.107,805.001,-2.88318,-2.88318,-262.528,579.398,579.398,-537.112,298.036,-48.3276,0,-310.715,-191.182,848.191,588.116,588.116,92.9965,-7.18333,14.7418,449.736,449.736,-25.5706,-43.0127,-43.0127,-1354.99,579.182,1532.83,-1320.33,-1348.06,-1326.76,2391.63,-608.439,468.439,-1103.02,-1125.37,-1080.68,1143.14,311.849,251.652,-645.751,-1722.52,-45.4431,-1829.02,-4966.12,-2719.75,-2719.75,-151.358,1883.24,-212.45,-177.607,-166.787,97.7484,-204.259,184.785,207.744,215.678,-223.385,-220.285,-224.206,217.925,-98.0854,-98.0854,196.126,-403.452,-403.452,1734.27,-253.572,-208.545,197.434,-180.964,-430.117,-739.948,-739.948,-264.084,-572.417,-630.238,-2216.43,804.652,-417.532,395.207,9.68185,-538.89,-731.951,-435.084,-432.183,-11.5791,754.903,823.675,-158.753,-133.686,-177.917,-73.3964,31.5977,-213.465,-106.911,-106.919,54.5195,-141.96,96.4541,124.452,-32.8328,614.045,595.186,666.132,645.099,98.8404,98.8404,58.0965,199.065,-40.1648,-40.1648,-139.95,-139.95,323.623,323.623,-139.095,-69.0835,51.5937,259.923,-513.792,3261.3,2937.77,-5416.47,80.5563,-1463.31,373.004,402.647,-230.987,-230.987,-154.102,-154.102,-106.919,-332.944,617.172,-4.13595,-56.227,-56.227,-100.788,-190.942,-4.88701,-59.8512,-43.649,-43.649,-78.2743,-77.2397,-248.885,-248.885,-292.195,-121.047,-265.633,-49.1702,-401.593,224.985,224.985,-140.823,-157.545,0,-94.7217,-177.275,0,-129.247,234.655,234.655,183.492,-105.644,138.341,139.361,149.648,-32.6377,-37.0983,-157.048,28.1253,582.518,221.576,98.2691,98.2691,-19.4742,-164.919,-164.919,-9.86709,-10.5446,431.373,0,10.191,10.191,0,-600.024,0,-167.758,0,130.684,0,-38.2901,42.4641,34.7926,87.742,87.742,0,40.1154,40.1154,60.0083,0,2.01022,-695.747,-695.747,-695.747,0.60887,0,0,0,-52.7428,-52.7428,-52.7428,0,28.2033,3.39489,3.39489,-5.30968,-619.292,1.79697,1.79697,-11.1928,-19.5796,-7.84744,52.733,-23.9931,-23.801,-10.1294,0,-0.28318,0,276.397,276.397,276.397,0,0,0,0,-24.6165,-800.977,-62.6588,-62.6588,75.0665,730.564,-6.14094,-9.86811,0,-272.408,253.222,98.0518,322.367,1742.58,1187.03,686.858,-83.0856,-26.2413,-332.904,-332.904,-823.119,407.862,-137.025,-2258.52,-1414.19,-60.2026,-87.3234,-214.069,-992.987,-403.681,-439.52,347.021,-305.587,-3059.04,3596.79,1571.71,-7634.94,-665.214,927.514,-713.226,-26.4196,-617.347,123.57,-240.594,-109.03,-174.373,-108.537,-334.177,199.264,199.264,-194.941,-180.63,-180.63,-898.398,-170.915,0,-241.823,74.6244,578.988,0,0
2020-08-02 19:00:00 UTC,224.244,106.31,-218.771,-6.16167,-6.16167,197.315,-49.7819,-74.1877,205.687,205.687,-712.496,-260.449,1167.25,25.1012,-128.143,-198.343,-580.583,-127.166,647.614,101.92,97.0419,177.863,177.863,298.551,389.055,129.88,21.204,-16.1101,-5.17335,-182.108,107.21,107.21,268.819,156.031,156.031,409.34,-201.487,-256.64,1677.54,1677.54,-250.065,-545.529,-440.046,-233.389,-302.63,570.874,1612.77,1643.9,1633.96,-27.2758,156.677,156.677,-36.979,78.2203,140.854,-9.36889,-9.36889,441.487,-166.523,-104.495,-281.975,310.402,186.419,-183.794,-183.794,1.25105,8.9742,-129.439,-129.439,-20.6502,-371.704,361.082,144.828,144.828,-0.684719,-0.684719,-1.79929,-2.10691,-3.97448,9.28929,1.51555,-25.7158,-0.0332249,-0.125369,1.93864,5.90666,-2.62575,-99.4934,-99.4934,-24.4468,-24.4468,-27.8714,-27.8714,102.957,102.957,102.957,-29.1356,-29.1356,11.0221,57.7447,14.093,14.093,-21.5518,-21.5518,108.278,24.3001,251.336,13.613,13.613,215.496,215.496,215.496,-620.072,172.693,172.693,178.998,178.998,-9.01277,-57.4389,-57.4389,-2.59134,-2.59134,1009.86,1009.86,-623.908,-623.908,0,28.8256,299.641,114.669,-317.894,-317.894,242.021,-1160.15,-651.575,248.395,1011.29,1011.29,-176.499,-176.499,853.906,853.906,-68.2298,-168.182,-204.181,-633.696,-303.658,-303.658,196.717,196.717,196.717,-608.526,-608.526,849.906,-2.88318,-2.88318,-276.549,617.547,617.547,-558.954,319.987,-43.7348,0,-322.862,-189.34,911.526,627.187,627.187,98.9279,-5.29831,17.2051,473.35,473.35,-11.2978,-34.2667,-34.2667,-1448.1,639.458,1651.09,-1411.77,-1441.39,-1418.8,2603.47,-650.834,500.657,-1164.16,-1187.65,-1138.42,1192.44,350.127,284.671,-679.55,-1777.01,-46.8229,-1886.97,-5148.53,-2823.23,-2823.23,-147.872,2008.12,-223.811,-176.222,-171.841,97.1684,-212.239,190.893,216.806,225.102,-230.945,-227.794,-231.796,227.496,-105.873,-105.873,204.112,-412.961,-412.961,1831.69,-271.444,-217.483,205.209,-187.765,-440.325,-768.55,-768.55,-265.881,-582.656,-641.685,-2258.23,809.527,-429.457,406.405,9.98899,-563.186,-751.531,-446.648,-443.687,-12.107,774.564,845.07,-161.873,-136.426,-181.21,-74.757,32.7069,-222.267,-109.363,-109.371,56.3883,-150.808,98.7515,127.333,-31.0156,626.563,606.773,679.561,657.49,100.27,100.27,59.8445,202.599,-40.1564,-40.1564,-141.16,-141.16,331.495,331.495,-150.894,-71.2502,51.2928,265.013,-515.645,3343.69,3011.5,-5453.77,82.9853,-1512.22,396.659,418.216,-245.795,-245.795,-166.849,-166.849,-98.5826,-340.996,651.549,-2.48464,-61.2828,-61.2828,-106.994,-193.597,-42.487,-63.1487,-47.5049,-47.5049,-84.9142,-83.783,-257.408,-257.408,-300.772,-124.215,-277.939,-66.4377,-440.58,236.183,236.183,-148.326,-166.147,0,-93.83,-177.144,0,-136.628,235.089,235.089,196.43,-118.219,146.567,147.637,157.746,-37.8872,-41.1978,-161.132,27.4394,585.595,225.796,101.256,101.256,-17.9055,-165.277,-165.277,-10.8195,-11.514,426.4,0,18.9575,18.9575,0,-628.917,0,-174.454,0,131.971,0,-38.4725,35.4232,34.5895,91.0541,91.0541,0,40.2053,40.2053,63.1634,0,2.34344,-757.259,-757.259,-757.259,0.702518,0,0,0,-58.0361,-58.0361,-58.0361,0,27.256,1.99151,1.99151,-7.52678,-650.739,0.684719,0.684719,-12.744,-21.4668,-9.10743,54.7456,-25.2888,-25.0876,-10.9652,0,-3.76961,0,279.292,279.292,279.292,0,0,0,0,-26.9587,-849.574,-62.7257,-62.7257,42.0813,774.257,-21.361,-32.1717,0,-297.436,257.266,102.248,276.258,1837.45,1211.17,709.605,-94.0261,-28.7045,-346.117,-346.117,-861.797,448.783,-145.42,-2424.3,-1457.84,-61.5561,-89.3239,-218.988,-1014.56,-412.886,-448.866,354.338,-314.69,-3127.79,3606.19,1576.66,-7689.57,-703.526,929.453,-708.631,-33.0613,-645.76,122.902,-244.469,-115.721,-138.029,-116.847,-339.36,209.233,209.233,-211.342,-180.334,-180.334,-943.686,-190.075,0,-236.493,73.9779,587.166,0,0
2020-08-02 20:00:00 UTC,224.654,105.006,-199.514,-12.7003,-12.7003,214.193,-44.3971,-63.7118,193.133,193.133,-736.345,-271.469,1202.86,21.5606,-134.374,-200.011,-598.349,-130.93,672.264,107.021,111.338,186.533,186.533,307.229,388.932,130.1,21.9764,-16.7158,-1.02477,-187.878,110.811,110.811,277.034,160.394,160.394,425.659,-211.391,-269.452,1775.23,1775.23,-261.657,-565.131,-450.792,-238.698,-317.492,610.458,1700.84,1733.53,1723.81,-28.7398,164.281,164.281,-38.1559,82.2581,150.482,-9.34123,-9.34123,465.861,-171.382,-109.661,-292.258,327.621,197.412,-189.317,-189.317,0.954648,7.54969,-129.596,-129.596,-20.2406,-380.029,374.67,150.044,150.044,0.145334,0.145334,-1.80322,-2.08173,-4.12836,9.77032,1.1953,-27.0173,-0.0373872,-0.129164,2.15709,6.25941,-2.42826,-103.527,-103.527,-26.2687,-26.2687,-29.9276,-29.9276,107.119,107.119,107.119,-28.7845,-28.7845,12.8778,60.9135,14.2575,14.2575,-22.3724,-22.3724,114.296,25.2767,259.01,13.9005,13.9005,223.203,223.203,223.203,-642.19,178.028,178.028,185.572,185.572,-8.84899,-59.8342,-59.8342,-3.1005,-3.1005,1050.2,1050.2,-643.783,-643.783,0,29.8784,310.595,118.242,-327.931,-327.931,250.887,-1198.26,-673.632,258.519,1051.99,1051.99,-183.205,-183.205,887.931,887.931,-70.7004,-173.393,-220.844,-622.516,-315.319,-315.319,205.025,205.025,205.025,-633.117,-633.117,883.122,-2.88318,-2.88318,-287.402,646.539,646.539,-574.624,337.421,-38.8473,0,-331.15,-186.869,961.018,656.736,656.736,103.082,-4.19562,19.4932,491.068,491.068,0.763847,-26.7325,-26.7325,-1517.55,686.055,1740.23,-1479.87,-1510.89,-1487.38,2765.64,-683.449,523.956,-1208.59,-1232.89,-1180.19,1228.21,379.75,309.014,-706.027,-1818.32,-47.6759,-1930.24,-5285.88,-2901.19,-2901.19,-144.935,2104.58,-232.783,-174.916,-175.196,97.1551,-218.248,195.39,223.647,232.22,-236.448,-233.263,-237.321,234.717,-111.741,-111.741,210.104,-419.94,-419.94,1906.25,-285.427,-224.5,211.032,-192.533,-447.635,-789.743,-789.743,-266.696,-589.967,-649.873,-2287.84,812.637,-438.062,414.418,10.0313,-581.357,-766.2,-455.31,-452.305,-12.3214,788.957,860.736,-164.116,-138.373,-183.55,-75.7283,33.503,-228.372,-111.113,-111.121,57.6879,-157.367,100.392,129.417,-29.7742,635.587,615.098,689.239,666.387,101.282,101.282,61.0437,204.964,-40.0548,-40.0548,-141.959,-141.959,337.149,337.149,-159.155,-72.6318,51.4347,268.648,-516.986,3405.45,3064.93,-5481.55,84.3238,-1545.37,413.779,429.902,-256.454,-256.454,-175.758,-175.758,-92.1389,-346.89,676.746,-1.40129,-65.2176,-65.2176,-110.973,-196.152,-68.271,-64.8272,-50.5046,-50.5046,-89.8517,-88.6486,-263.683,-263.683,-306.84,-126.29,-286.873,-78.3475,-468.757,244.933,244.933,-154.161,-172.828,0,-93.5479,-177.869,0,-142.441,237.094,237.094,206.232,-127.019,152.862,153.968,164.032,-41.784,-44.2221,-163.77,26.6705,588.038,228.42,103.349,103.349,-16.5226,-164.83,-164.83,-11.5474,-12.2518,419.892,0,26.1015,26.1015,0,-645.751,0,-180.005,0,132.197,0,-38.6391,28.0453,34.0414,93.9392,93.9392,0,40.0434,40.0434,66.2286,0,2.58672,-803.999,-803.999,-803.999,0.779964,0,0,0,-61.731,-61.731,-61.731,0,26.5647,0.928243,0.928243,-9.1762,-674.758,-0.145334,-0.145334,-13.8557,-22.4635,-10.0718,55.4953,-26.2792,-26.071,-10.9114,0,-3.27835,0,281.12,281.12,281.12,0,0,0,0,-29.9621,-886.399,-62.6292,-62.6292,13.4124,806.479,-34.1043,-50.8365,0,-320.075,258.987,105.307,237.057,1909.95,1227.96,726.146,-102.626,-30.9875,-355.842,-355.842,-890.397,480.892,-151.688,-2552.23,-1490.15,-62.5327,-90.7529,-222.499,-1033.24,-419.274,-456.353,359.191,-322.666,-3176.81,3622.48,1585.52,-7730.61,-732.536,933.459,-704.022,-37.3976,-667.198,122.91,-247.892,-120.315,-114.428,-123.241,-343.429,216.747,216.747,-224.158,-180.902,-180.902,-978.806,-204.454,0,-230.384,73.0777,591.83,0,0
2020-08-02 21:00:00 UTC,226.631,104.904,-185.659,-16.2246,-16.2246,227.111,-40.0638,-55.3274,185.136,185.136,-756.544,-279.578,1232.77,18.0332,-138.65,-202.787,-611.156,-133.64,692.728,111.143,121.972,193.449,193.449,315.746,389.096,130.447,22.7263,-17.2972,2.88013,-193.441,114.096,114.096,283.569,163.433,163.433,438.949,-218.32,-278.427,1848.14,1848.14,-270.066,-580.186,-459.538,-243.009,-328.933,642.591,1766.02,1799.84,1790.35,-29.5644,169.998,169.998,-38.9533,85.0466,156.394,-9.41039,-9.41039,483.213,-175.995,-113.787,-298.163,339.985,205.341,-191.362,-191.362,0.876147,6.83755,-130.03,-130.03,-20.1448,-387.042,385.613,154.494,154.494,0.641972,0.641972,-1.82844,-2.08859,-4.24082,10.1315,1.07162,-27.8982,-0.0314392,-0.123474,2.3079,6.50293,-2.29567,-106.906,-106.906,-27.3963,-27.3963,-31.1979,-31.1979,110.462,110.462,110.462,-28.5542,-28.5542,14.0188,63.061,14.4604,14.4604,-22.9922,-22.9922,119.277,25.9701,265.317,14.0839,14.0839,229.02,229.02,229.02,-658.945,181.833,181.833,190.531,190.531,-8.67133,-61.554,-61.554,-3.18795,-3.18795,1081.08,1081.08,-659.145,-659.145,0,30.7882,319.209,121.379,-335.768,-335.768,257.699,-1226.98,-690.301,266.502,1082.94,1082.94,-188.15,-188.15,913.733,913.733,-72.3263,-177.448,-233.334,-613.858,-324.34,-324.34,211.564,211.564,211.564,-651.831,-651.831,908.168,-2.88318,-2.88318,-296.269,668.818,668.818,-586.015,351.393,-33.6046,0,-336.467,-183.831,999.607,679.212,679.212,105.368,-4.56581,21.4942,505.312,505.312,10.582,-20.5601,-20.5601,-1568.81,721.409,1806.46,-1529.93,-1561.97,-1537.81,2887.62,-708.003,540.96,-1240.74,-1265.61,-1210.34,1254.08,402.245,326.168,-727.054,-1850.66,-48.2705,-1963.92,-5395.16,-2963.24,-2963.24,-142.582,2178.58,-238.601,-173.651,-178.969,94.9799,-222.713,199.122,228.998,237.786,-240.772,-237.56,-241.663,240.35,-116.091,-116.091,214.749,-424.571,-424.571,1963.55,-294.979,-230.177,215.546,-197.361,-453.35,-805.645,-805.645,-267.15,-595.644,-656.241,-2310.41,816.588,-444.887,420.823,10.089,-596.268,-777.974,-462.261,-459.221,-12.5291,800.365,873.154,-165.884,-139.914,-185.271,-76.4715,34.2558,-232.803,-112.535,-112.543,58.8477,-162.517,101.726,131.1,-28.2038,642.651,621.596,696.812,673.329,101.907,101.907,62.0962,206.897,-39.891,-39.891,-142.427,-142.427,341.505,341.505,-165.338,-73.6244,50.9374,271.165,-517.44,3455.26,3107.3,-5489.5,85.0169,-1567.65,427.222,439.837,-264.728,-264.728,-181.965,-181.965,-86.6113,-351.53,697.523,-0.449282,-68.4599,-68.4599,-113.776,-199.598,-87.2925,-65.7509,-52.9022,-52.9022,-93.6448,-92.3863,-268.811,-268.811,-311.568,-127.709,-293.81,-85.9103,-488.859,252.176,252.176,-158.96,-178.307,0,-94.0228,-179.731,0,-147.317,241.194,241.194,213.916,-133.067,158.042,159.179,169.182,-44.4652,-46.3259,-165.708,26.1302,591.379,231.435,104.919,104.919,-16.3891,-165.768,-165.768,-12.2468,-12.9744,425.662,0,29.8089,29.8089,0,-656.499,0,-186.755,0,132.553,0,-38.8076,21.8577,33.5104,96.7204,96.7204,0,39.9005,39.9005,69.0942,0,2.73149,-838.794,-838.794,-838.794,0.845949,0,0,0,-64.2793,-64.2793,-64.2793,0,26.3939,0.312792,0.312792,-10.1611,-694.601,-0.641972,-0.641972,-14.5426,-23.2291,-10.6997,55.624,-27.0637,-26.8498,-10.8425,0,-2.74551,0,282.397,282.397,282.397,0,0,0,0,-33.0412,-915.616,-62.6282,-62.6282,-10.582,830.142,-44.3655,-65.8597,0,-337.891,260.305,107.526,204.834,1966.3,1240.59,740.152,-109.656,-32.9806,-363.792,-363.792,-913.047,506.052,-156.673,-2657.19,-1517.06,-63.3215,-91.9132,-225.351,-1048.4,-424.452,-463.52,363.077,-328.039,-3219.29,3627.82,1588.56,-7742.47,-756.609,940.108,-698.689,-41.3181,-684.389,123.989,-252.11,-123.683,-97.5317,-128.551,-346.728,222.694,222.694,-235.231,-182.86,-182.86,-1008.82,-215.431,0,-226.026,72.0851,594.966,0,0
2020-08-02 22:00:00 UTC,229.137,105.374,-180.198,-16.8603,-16.8603,233.8,-38.1071,-51.5257,180.278,180.278,-774.051,-284.112,1256.56,12.2802,-140.511,-207.872,-616.6,-134.792,709.487,114.486,127.957,197.836,197.836,324.05,392.381,131.764,23.3917,-17.8045,5.46543,-198.411,116.849,116.849,288.216,165.171,165.171,448.307,-221.573,-282.644,1890.44,1890.44,-274.413,-590.866,-466.349,-246.37,-335.566,662.419,1803.32,1837.78,1828.45,-29.6772,173.46,173.46,-39.1645,86.3867,158.528,-9.538,-9.538,492.282,-179.47,-116.28,-299.793,346.786,209.713,-190.601,-190.601,1.01675,6.89626,-130.856,-130.856,-20.3787,-392.762,393.443,158.653,158.653,0.784488,0.784488,-1.86835,-2.12657,-4.30624,10.3543,1.15007,-28.3404,-0.0244439,-0.116843,2.37809,6.62641,-2.28069,-109.454,-109.454,-27.8038,-27.8038,-31.6572,-31.6572,112.819,112.819,112.819,-28.7255,-28.7255,14.4108,64.1567,14.7248,14.7248,-23.4024,-23.4024,122.674,26.375,270.258,14.715,14.715,232.961,232.961,232.961,-669.383,184.598,184.598,194.04,194.04,-9.03752,-62.7407,-62.7407,-2.89995,-2.89995,1101.87,1101.87,-669.562,-669.562,0,31.6084,324.993,123.7,-341.078,-341.078,261.876,-1245.14,-700.853,271.434,1103.53,1103.53,-191.261,-191.261,931.104,931.104,-73.2301,-180.162,-240.397,-610.128,-329.84,-329.84,215.512,215.512,215.512,-663.085,-663.085,925.049,-2.88318,-2.88318,-302.657,682.638,682.638,-593.044,360.335,-29.3088,0,-338.97,-182.152,1022.88,692.756,692.756,105.989,-5.89202,22.8979,516.039,516.039,16.607,-16.8053,-16.8053,-1598.41,741.632,1844.81,-1558.47,-1591.09,-1566.58,2957.85,-722.733,550.723,-1258.89,-1284.08,-1227.34,1269.74,415.366,334.153,-741.899,-1874.54,-48.7856,-1988.45,-5476.8,-3010.02,-3010.02,-142.058,2224.58,-241.058,-173.701,-182.139,93.2269,-225.523,202.051,232.716,241.655,-244.02,-240.777,-244.924,244.244,-118.422,-118.422,217.937,-427.718,-427.718,2001.06,-299.257,-234.157,218.65,-201.059,-457.907,-815.717,-815.717,-267.184,-600.22,-661.394,-2330.72,824.724,-449.986,425.647,9.89536,-607.467,-788.179,-468.286,-465.217,-12.3979,809.925,883.569,-167.501,-141.291,-186.817,-77.0873,34.8804,-235.634,-113.794,-113.802,59.765,-166.157,102.908,132.611,-26.8812,648.433,626.885,703.014,678.982,102.601,102.601,63.0019,208.856,-39.7717,-39.7717,-143.023,-143.023,345.284,345.284,-168.918,-74.2633,50.8101,273.546,-518.136,3497.59,3144.73,-5502.78,85.7533,-1578.83,436.658,447.681,-270.458,-270.458,-184.854,-184.854,-82.777,-354.619,712.369,0.0496563,-70.7011,-70.7011,-115.42,-203.348,-100.169,-66.0459,-54.4769,-54.4769,-95.9612,-94.6689,-272.643,-272.643,-314.85,-128.425,-298.321,-87.2462,-498.84,258.06,258.06,-162.693,-182.529,0,-96.119,-183.994,0,-151.077,248.795,248.795,219.116,-135.14,161.979,163.141,173.239,-45.5764,-47.2978,-167.078,26.0084,597.717,235.298,106.127,106.127,-17.6146,-167.255,-167.255,-12.6897,-13.4386,435.167,0,30.3253,30.3253,0,-661.989,0,-198.37,0,133.91,0,-38.9658,18.8163,33.3777,99.2056,99.2056,0,40.0047,40.0047,71.2149,0,2.76449,-858.753,-858.753,-858.753,0.893781,0,0,0,-65.3662,-65.3662,-65.3662,0,26.7606,0.175156,0.175156,-10.4438,-710.749,-0.784488,-0.784488,-14.8041,-23.6279,-10.9298,55.7075,-27.6675,-27.4488,-11.205,0,-3.84384,0,283.509,283.509,283.509,0,0,0,0,-35.6765,-938.18,-62.4573,-62.4573,-26.2458,844.307,-50.5417,-74.8998,0,-349.125,260.77,108.911,185.6,2005.08,1250.26,750.792,-114.728,-34.3747,-369.726,-369.726,-929.55,522.924,-160.274,-2738.53,-1540.33,-64.0281,-92.9417,-227.877,-1063.94,-429.165,-471.454,366.511,-334.647,-3257.63,3637.27,1593.85,-7762.24,-774.72,947.522,-693.792,-43.4968,-697.364,125.798,-256.598,-125.878,-87.9637,-132.519,-349.506,227.213,227.213,-244.207,-187.507,-187.507,-1033.32,-221.281,0,-225.063,71.2056,598.362,0,0
2020-08-02 23:00:00 UTC,228.432,105.129,-179.506,-15.245,-15.245,228.508,-38.02,-51.3965,174.275,174.275,-771.924,-282.328,1252.08,9.40479,-139.439,-209.326,-612.202,-133.862,707.529,114.211,124.46,198.356,198.356,326.815,392.003,131.857,23.6362,-17.991,6.75324,-200.199,116.862,116.862,285.396,162.415,162.415,447.136,-219.123,-279.468,1870.64,1870.64,-272.313,-588.585,-465.17,-245.803,-334.128,660.419,1785.8,1819.94,1810.6,-28.9381,172.237,172.237,-38.5084,85.2837,155.431,-9.58286,-9.58286,486.472,-179.319,-115.76,-294.756,343.255,207.442,-185.915,-185.915,1.14013,7.248,-131.059,-131.059,-20.5556,-391.865,392.002,159.442,159.442,0.646192,0.646192,-1.89439,-2.1616,-4.28046,10.285,1.34575,-28.0241,-0.0281839,-0.1204,2.33392,6.53988,-2.33327,-109.493,-109.493,-27.2521,-27.2521,-31.0322,-31.0322,112.487,112.487,112.487,-28.755,-28.755,13.9791,63.4432,14.823,14.823,-23.2905,-23.2905,122.702,26.1517,269.386,14.3861,14.3861,232.156,232.156,232.156,-667.811,183.441,183.441,193.501,193.501,-8.60961,-62.4394,-62.4394,-1.86138,-1.86138,1099.97,1099.97,-669.571,-669.571,0,32.0135,325.233,124.303,-341.235,-341.235,261.347,-1242.05,-699.055,271.532,1100.93,1100.93,-190.91,-190.91,928.911,928.911,-72.9375,-180.222,-237.739,-614.571,-329.343,-329.343,215.109,215.109,215.109,-660.627,-660.627,922.461,-2.88318,-2.88318,-303.297,679.811,679.811,-591.519,359.932,-26.8727,0,-336.566,-181.737,1018.31,689.162,689.162,104.413,-7.79051,22.4956,516.284,516.284,14.7554,-17.9831,-17.9831,-1585.97,732.975,1828.39,-1545.37,-1577.7,-1553.44,2928.56,-718.187,546.643,-1251.03,-1276.07,-1220.14,1265.64,410.499,326.886,-741.696,-1875.94,-49.0317,-1989.58,-5485.88,-3015.55,-3015.55,-142.992,2215.58,-238.795,-174.332,-184.49,89.5271,-225.008,202.538,232.625,241.559,-244.408,-241.145,-245.313,244.11,-117.522,-117.522,217.798,-426.47,-426.47,1996.55,-295.961,-234.566,218.531,-203.406,-458.684,-814.576,-814.576,-267.083,-601.342,-662.68,-2337.14,832.836,-449.824,425.814,9.3903,-606.298,-791.686,-470.362,-467.279,-11.7104,812.652,886.551,-168.486,-142.004,-187.376,-77.2558,34.9473,-233.648,-114.379,-114.388,59.7235,-164.92,103.458,133.427,-24.4049,649.943,628.236,704.638,680.429,103.261,103.261,63.8948,211.412,-39.9001,-39.9001,-143.813,-143.813,346.374,346.374,-164.957,-74.5426,50.4456,274.708,-518.826,3514.85,3158.56,-5516.84,86.8282,-1565.2,433.956,448.069,-268.515,-268.515,-181.171,-181.171,-84.1221,-353.361,706.386,-0.588457,-70.0208,-70.0208,-113.451,-205.633,-86.308,-64.1332,-54.3113,-54.3113,-94.9525,-93.6752,-272.49,-272.49,-314.35,-127.83,-297.046,-79.2371,-488.792,258.703,258.703,-162.941,-182.751,0,-99.0105,-189.225,0,-151.487,257.525,257.525,217.943,-131.567,161.339,162.497,173.489,-44.7788,-46.8283,-165.811,25.7136,603.812,237.774,106.208,106.208,-19.5969,-166.78,-166.78,-12.6068,-13.3585,439.377,0,28.4801,28.4801,0,-651.38,0,-202.966,0,134.006,0,-39.0237,18.5489,33.0704,100.1,100.1,0,39.9458,39.9458,72.1327,0,2.64468,-849.388,-849.388,-849.388,0.888136,0,0,0,-64.0577,-64.0577,-64.0577,0,27.0546,0.33769,0.33769,-10.1702,-710.885,-0.646192,-0.646192,-14.4673,-23.3173,-10.6673,55.1227,-27.7329,-27.5134,-11.0748,0,-2.56041,0,284.103,284.103,284.103,0,0,0,0,-35.1848,-938.72,-62.4431,-62.4431,-22.0752,839.209,-48.9207,-72.5085,0,-346.432,260.937,108.548,192.265,2002.92,1251.61,754.254,-115.041,-33.9733,-370.337,-370.337,-930.895,520.883,-159.275,-2752.02,-1551,-64.4031,-93.4263,-229.059,-1082.65,-433.843,-479.15,370.183,-338.791,-3274.29,3638.91,1594.6,-7782.69,-772.411,956.227,-691.758,-41.4112,-693.56,127.621,-259.351,-124.5,-104.312,-131.136,-350.21,227.024,227.024,-244.734,-192.833,-192.833,-1034.06,-217.044,0,-222.446,70.8529,599.944,0,0
2020-08-03 00:00:00 UTC,225.569,105.03,-194.693,-9.84151,-9.84151,211.948,-42.7969,-60.4043,175.887,175.887,-747.702,-271.323,1214.45,8.35809,-133.436,-208.095,-591.643,-129.51,683.657,109.719,111.675,192.769,192.769,318.443,383.305,129.178,23.0547,-17.5548,5.82562,-195.758,113.901,113.901,275.68,155.952,155.952,432.039,-210.864,-268.77,1783.78,1783.78,-263.393,-571.29,-454.576,-240.6,-323.805,633.227,1708.49,1741.28,1731.74,-27.3778,165.923,165.923,-37.1081,81.6234,146.683,-9.56625,-9.56625,464.912,-175.623,-112.136,-284.262,328.54,198,-178.656,-178.656,1.21756,7.83429,-130.395,-130.395,-20.6178,-383.129,379.335,152.577,152.577,0.228196,0.228196,-1.90337,-2.18937,-4.15421,9.8945,1.67342,-26.8872,-0.0292285,-0.12149,2.18378,6.23774,-2.44151,-106.739,-106.739,-25.6668,-25.6668,-29.2373,-29.2373,109.162,109.162,109.162,-28.5211,-28.5211,12.6847,60.7721,14.706,14.706,-22.6174,-22.6174,119.086,25.241,261.701,13.2289,13.2289,225.725,225.725,225.725,-651.044,177.553,177.553,188.063,188.063,-7.85236,-60.3526,-60.3526,0.0183831,0.0183831,1069.55,1069.55,-656.184,-656.184,0,31.8872,318.328,122.698,-334.695,-334.695,254.749,-1212.75,-682.041,265.389,1069.23,1069.23,-186.091,-186.091,902.269,902.269,-71.1297,-176.8,-223.638,-627.954,-321.325,-321.325,209.44,209.44,209.44,-641.611,-641.611,895.555,-2.88318,-2.88318,-297.049,657.215,657.215,-580.167,347.837,-27.7598,0,-328.809,-183.772,979.789,665.206,665.206,99.6148,-10.7273,20.4754,503.2,503.2,4.08994,-24.7309,-24.7309,-1526.74,691.932,1751.42,-1486.37,-1517.48,-1494.07,2787.88,-691.671,526.673,-1213.72,-1238.08,-1185.33,1238.31,384.957,303.762,-722.393,-1848.37,-48.7054,-1960.54,-5398.52,-2966.25,-2966.25,-145.985,2137.46,-229.118,-175.588,-184.599,86.098,-220.216,200.001,227.707,236.44,-240.923,-237.662,-241.812,238.874,-112.433,-112.433,213.444,-420.821,-420.821,1937.55,-282.072,-230.377,214.326,-202.503,-454.76,-799.209,-799.209,-266.37,-597.389,-658.297,-2323.42,838.155,-443.301,419.768,8.65718,-590.573,-785.585,-466.764,-463.696,-10.5734,805.408,878.692,-168.145,-141.563,-186.364,-76.8114,34.4754,-227.022,-113.903,-113.911,58.8205,-157.985,103.011,132.967,-23.8779,645.194,623.813,699.562,675.715,103.174,103.174,63.5364,211.529,-39.9018,-39.9018,-143.937,-143.937,343.607,343.607,-154.386,-73.4056,49.095,273.226,-517.694,3493.43,3136.79,-5486.27,86.5874,-1527.67,416.939,439.576,-257.884,-257.884,-171.253,-171.253,-91.3877,-346.992,680.984,-2.18784,-65.607,-65.607,-108.86,-206.531,-57.0378,-61.9609,-51.0355,-51.0355,-89.257,-88.0631,-267.513,-267.513,-309.346,-125.782,-289.1,-66.1375,-456.52,248.762,248.762,-156.543,-175.441,0,-98.7817,-187.872,0,-145.525,257.044,257.044,207.236,-122.992,154.701,155.819,166.408,-40.4062,-43.2719,-162.527,26.5055,607.163,239.521,104.769,104.769,-23.5809,-165.3,-165.3,-11.8252,-12.5591,440.144,0,22.1383,22.1383,0,-620.991,0,-202.654,0,131.245,0,-38.8784,22.7147,32.3029,97.8788,97.8788,0,39.4931,39.4931,70.8797,0,2.39562,-808.133,-808.133,-808.133,0.823936,0,0,0,-60.5828,-60.5828,-60.5828,0,27.1917,0.788682,0.788682,-9.34141,-684.488,-0.228196,-0.228196,-13.4867,-22.4372,-9.88656,53.6616,-27.1714,-26.9559,-10.3998,0,-0.289647,0,283.864,283.864,283.864,0,0,0,0,-32.6962,-911.502,-62.5592,-62.5592,3.9627,812.804,-38.0684,-56.5996,0,-328.617,259.779,106.197,228.601,1949.23,1241.88,746.862,-109.076,-31.9574,-363.838,-363.838,-911.722,495.124,-152.86,-2674.84,-1543.74,-64.1816,-93.0431,-228.109,-1091.81,-433.095,-483.938,368.852,-340.992,-3264.96,3605.35,1576.63,-7737.27,-746.259,961.334,-694.417,-35.3711,-673.817,130.252,-259.868,-119.597,-133.14,-123.846,-346.533,221.138,221.138,-234.614,-192.208,-192.208,-993.091,-203.078,0,-228.415,71.595,598.723,0,0
2020-08-03 01:00:00 UTC,219.769,104.394,-213.47,-0.914396,-0.914396,184.358,-48.5909,-71.7607,182.445,182.445,-704.053,-251.562,1146.44,7.60015,-122.738,-205.063,-555.102,-121.76,640.876,101.571,90.4654,180.179,180.179,303.026,369.788,124.917,21.9388,-16.7043,3.26047,-187.214,107.824,107.824,257.55,144.426,144.426,404.293,-194.912,-248.145,1620.88,1620.88,-245.741,-537.576,-434.811,-230.861,-302.959,580.339,1561.53,1591.73,1581.87,-24.5117,153.679,153.679,-34.9269,74.6761,129.154,-9.6994,-9.6994,423.835,-169.364,-104.677,-265.568,299.823,179.694,-166.747,-166.747,1.63559,9.77529,-129.586,-129.586,-21.134,-367.263,353.812,139.945,139.945,-0.958208,-0.958208,-1.93243,-2.25368,-3.90557,9.12104,2.2952,-24.5395,-0.0442096,-0.135836,1.8135,5.59547,-2.63098,-100.937,-100.937,-22.4504,-22.4504,-25.5931,-25.5931,102.649,102.649,102.649,-28.0784,-28.0784,9.67285,55.1746,14.4715,14.4715,-21.1796,-21.1796,111.419,23.4281,247.58,11.4303,11.4303,212.212,212.212,212.212,-614.53,166.298,166.298,176.496,176.496,-6.93118,-55.9983,-55.9983,2.52434,2.52434,1002.71,1002.71,-624.938,-624.938,0,30.8435,301.789,118.045,-319.207,-319.207,240.341,-1149.28,-645.291,250.66,1000.72,1000.72,-175.272,-175.272,844.663,844.663,-67.2575,-168.722,-195.91,-648.192,-303.242,-303.242,197.048,197.048,197.048,-601.797,-601.797,838.201,-2.88318,-2.88318,-281.794,610.426,610.426,-555.309,321.357,-32.4509,0,-313.791,-186.978,900.677,616.483,616.483,90.8494,-14.7719,16.4638,473.748,473.748,-15.0886,-36.6649,-36.6649,-1411.49,614.867,1603.66,-1372.57,-1401.34,-1379.53,2520.06,-638.933,487.894,-1139.23,-1162.22,-1115.3,1179.29,335.77,262.956,-679.269,-1781.55,-47.1753,-1889.99,-5176.77,-2840.34,-2840.34,-151.18,1975.09,-210.117,-177.28,-179.947,85.202,-209.841,193.094,216.346,224.619,-231.932,-228.713,-232.784,226.848,-102.232,-102.232,203.448,-409.723,-409.723,1810.48,-255.074,-220.016,204.629,-195.628,-443.51,-764.49,-764.49,-264.604,-585.618,-645.153,-2277.09,834.854,-428.158,405.589,8.06469,-557.696,-763.864,-453.939,-450.936,-9.46799,782.651,853.949,-165.255,-138.951,-182.784,-75.296,33.0245,-214.276,-111.442,-111.451,56.4765,-145.365,100.699,130.128,-23.5313,630.765,610.47,684.107,661.471,101.983,101.983,62.2625,209.837,-40.0224,-40.0224,-143.132,-143.132,334.601,334.601,-135.882,-71.1696,48.2066,267.784,-515.543,3403.91,3055.53,-5438.08,84.6757,-1457.69,382.879,419.108,-236.422,-236.422,-153.79,-153.79,-103.846,-335.214,631.054,-5.03793,-58.2119,-58.2119,-99.3007,-204.26,3.02212,-56.4714,-45.6165,-45.6165,-79.7145,-78.6596,-256.45,-256.45,-298.317,-121.637,-272.875,-45.3284,-401.252,230.245,230.245,-144.84,-162.102,0,-96.8741,-183.372,0,-134.347,251.46,251.46,188.095,-107.999,142.44,143.483,153.556,-33.2073,-37.304,-155.515,26.6333,603.931,239.006,101.091,101.091,-29.5052,-162.082,-162.082,-10.6693,-11.3811,445.066,0,11.755,11.755,0,-574.359,0,-200.023,0,126.857,0,-38.613,30.8784,31.2704,93.6068,93.6068,0,38.7944,38.7944,68.0339,0,1.96726,-730.325,-730.325,-730.325,0.706061,0,0,0,-54.0184,-54.0184,-54.0184,0,28.1066,2.2249,2.2249,-6.98286,-633.702,0.958208,0.958208,-11.4618,-20.3951,-8.33289,50.2542,-25.7565,-25.551,-9.41284,0,2.47183,0,281.367,281.367,281.367,0,0,0,0,-27.7402,-851.848,-62.2981,-62.2981,49.8801,759.894,-18.0183,-27.2172,0,-293.337,256.188,101.193,293.143,1829.54,1214.46,722.032,-94.9339,-27.9539,-347.958,-347.958,-864.197,441.155,-140.98,-2470.45,-1500.05,-62.8479,-91.0388,-223.175,-1076.97,-426.934,-479.89,363.768,-333.766,-3195.02,3577.19,1561.53,-7666.24,-693.289,967.87,-700.206,-24.1365,-634.429,132.012,-256.621,-109.594,-190.495,-111.394,-338.701,208.439,208.439,-213.159,-188.603,-188.603,-920.391,-179.392,0,-228.85,73.4835,590.867,0,0
2020-08-03 02:00:00 UTC,217.196,105.888,-244.047,10.456,10.456,151.478,-57.1505,-88.7648,199.133,199.133,-656.92,-230.424,1075.57,12.4158,-111.014,-201.736,-520.208,-114.341,593.969,91.9327,63.6526,166.095,166.095,287.029,360.926,121.971,20.6824,-15.7236,-1.26839,-177.597,101.223,101.223,239.395,133.373,133.373,374.691,-175.328,-222.895,1429.4,1429.4,-223.699,-495.507,-412.712,-219.907,-276.927,518.118,1385.12,1412.18,1402.14,-20.9056,138.681,138.681,-33.1944,66.096,104.474,-10.3421,-10.3421,373.489,-165.417,-95.3646,-245.795,263.526,156.787,-155.607,-155.607,2.77215,13.9301,-129.917,-129.917,-22.6912,-350.691,326.129,129.332,129.332,-3.15104,-3.15104,-2.01656,-2.38769,-3.58565,8.14907,3.24185,-21.2841,-0.0759646,-0.166095,1.2155,4.68084,-2.88565,-93.7545,-93.7545,-17.8911,-17.8911,-20.4235,-20.4235,94.9118,94.9118,94.9118,-27.7784,-27.7784,4.83914,47.3044,14.335,14.335,-19.2301,-19.2301,101.681,21.0595,232.118,9.47694,9.47694,195.274,195.274,195.274,-567.986,152.438,152.438,162.005,162.005,-6.12672,-50.6202,-50.6202,5.17843,5.17843,918.979,918.979,-584.369,-584.369,0,29.3136,280.458,111.703,-299.026,-299.026,222.092,-1067.58,-598.223,231.766,915.26,915.26,-161.561,-161.561,772.772,772.772,-62.3736,-158.18,-161.592,-667.597,-280.119,-280.119,181.354,181.354,181.354,-551.021,-551.021,766.773,-2.88318,-2.88318,-260.979,551.771,551.771,-521.182,287.3,-38.9125,0,-294.026,-189.072,802.485,555.923,555.923,80.3876,-18.9665,11.6605,439.005,439.005,-35.4177,-49.0129,-49.0129,-1269.75,524.347,1425.3,-1233.25,-1259.15,-1239.29,2200.21,-573.838,440.149,-1043.86,-1065.07,-1024.83,1100.8,277.278,212.535,-627.207,-1696.22,-44.6712,-1798.85,-4890.86,-2677.94,-2677.94,-157.393,1777.42,-187.777,-179.527,-172.563,84.9587,-196.806,183.842,201.963,209.662,-220.271,-217.119,-221.075,211.657,-89.7569,-89.7569,190.749,-394.846,-394.846,1656.07,-222.188,-206.427,192.266,-185.57,-427.5,-718.327,-718.327,-261.411,-569.141,-626.744,-2209.21,827.727,-410.028,388.234,7.90977,-521.905,-732.873,-435.629,-432.725,-9.06773,751.112,819.636,-160.099,-134.447,-177.365,-73.1168,31.0515,-201.148,-107.364,-107.372,53.3461,-132.85,96.8709,125.353,-26.4116,610.644,591.836,662.529,641.552,99.5872,99.5872,59.4698,203.782,-39.9505,-39.9505,-141.006,-141.006,321.723,321.723,-118.912,-67.8804,47.5513,259.459,-511.745,3268.31,2935.94,-5358.29,80.828,-1377.9,346.373,395.392,-213.268,-213.268,-133.843,-133.843,-115.315,-323.219,579.693,-7.46185,-51.4331,-51.4331,-88.8281,-198.852,61.2267,-49.9902,-40.1282,-40.1282,-69.9448,-69.0316,-243.546,-243.546,-284.909,-116.378,-253.943,-18.8434,-339.889,212.25,212.25,-133.175,-148.739,0,-97.5895,-182.878,0,-122.917,250.205,250.205,168.06,-87.8046,130.03,131.001,140.961,-24.715,-30.5698,-148.423,27.4393,599.522,235.868,96.3793,96.3793,-34.993,-161.542,-161.542,-9.29545,-9.98251,452.008,0,-1.33817,-1.33817,0,-532.002,0,-191.222,0,123.826,0,-38.3373,41.7456,30.9355,88.7983,88.7983,0,38.3993,38.3993,63.9692,0,1.50311,-637.996,-637.996,-637.996,0.579716,0,0,0,-46.2161,-46.2161,-46.2161,0,30.7391,5.07458,5.07458,-2.59923,-584.793,3.15104,3.15104,-8.60415,-17.2952,-6.1895,44.8707,-23.6886,-23.497,-8.29149,0,4.88265,0,276.396,276.396,276.396,0,0,0,0,-21.6986,-782.664,-61.5083,-61.5083,99.3746,693.373,3.97534,5.01309,0,-251.555,249.542,94.7277,359.472,1680.97,1175.37,686.951,-77.8228,-23.16,-328.403,-328.403,-804.157,377.584,-129.179,-2212.87,-1430.43,-60.6074,-87.7131,-214.996,-1042.88,-412.275,-463.951,351.826,-318.172,-3073.55,3537.81,1540.48,-7548.85,-637.486,972.131,-704.57,-14.0436,-592.146,131.567,-249.64,-98.7014,-246.508,-100.741,-331.363,193.689,193.689,-189.972,-189.421,-189.421,-853.537,-150.586,0,-235.014,74.5543,577.365,0,0
2020-08-03 03:00:00 UTC,212.551,105.717,-267.169,18.2927,18.2927,123.326,-63.821,-102.34,210.591,210.591,-615.599,-212.65,1012.77,16.4737,-101.463,-197.398,-490.387,-107.987,553.145,83.797,42.9508,153.337,153.337,272.128,352.517,119.059,19.525,-14.8047,-5.30623,-168.592,95.3386,95.3386,224.238,124.496,124.496,348.975,-159.138,-202.075,1278.65,1278.65,-204.796,-460.481,-392.918,-210.044,-253.946,465.066,1245.56,1270.1,1260.1,-18.2756,126.351,126.351,-31.451,59.349,87.0847,-10.5694,-10.5694,334.218,-159.205,-87.1486,-228.676,235.354,139.194,-146.161,-146.161,3.38009,16.4786,-128.781,-128.781,-23.4248,-335.333,304.214,124.216,124.216,-4.62471,-4.62471,-2.03654,-2.4387,-3.32885,7.35669,3.76693,-18.8385,-0.113368,-0.20159,0.770762,3.98781,-3.04084,-87.1632,-87.1632,-14.6756,-14.6756,-16.7787,-16.7787,88.1052,88.1052,88.1052,-27.362,-27.362,1.48817,41.3888,14.028,14.028,-17.6344,-17.6344,92.8858,19.2011,218.541,8.33628,8.33628,181.731,181.731,181.731,-529.924,141.803,141.803,150.643,150.643,-5.86239,-46.6879,-46.6879,6.82952,6.82952,852.569,852.569,-550.575,-550.575,0,28.0375,262.718,105.649,-281.994,-281.994,206.909,-1000.13,-559.546,215.843,847.817,847.817,-150.832,-150.832,716.336,716.336,-58.6546,-149.275,-134.405,-677.332,-260.863,-260.863,168.172,168.172,168.172,-509.35,-509.35,710.839,-2.88318,-2.88318,-242.883,504.525,504.525,-490.696,259.848,-43.3035,0,-276.706,-188.383,724.84,507.731,507.731,73.4044,-20.3218,8.17562,411.163,411.163,-48.6831,-56.6646,-56.6646,-1155.1,455.312,1283.74,-1120.87,-1144.45,-1126.19,1951.46,-521.685,401.188,-963.692,-983.373,-948.209,1032.89,232.556,172.147,-586.656,-1625.25,-42.1902,-1721.98,-4650.6,-2541.49,-2541.49,-161.423,1624.47,-172.272,-180.837,-164.984,86.0118,-186.272,175.658,190.135,197.369,-210.268,-207.189,-211.031,199.204,-80.0433,-80.0433,180.283,-381.957,-381.957,1535.48,-198.242,-194.639,182.034,-175.915,-412.811,-679.317,-679.317,-258.071,-554.235,-610.089,-2146.2,818.015,-394.404,373.49,7.81594,-493.119,-704.859,-419.074,-416.263,-8.91519,723.071,789.112,-155.113,-130.078,-172.05,-71.0946,29.6031,-190.191,-103.559,-103.567,50.7652,-123.785,93.3045,120.915,-27.9056,592.56,575.05,643.111,623.582,96.8887,96.8887,57.1166,197.786,-39.6022,-39.6022,-138.321,-138.321,309.851,309.851,-106.008,-65.1356,44.2857,251.026,-505.834,3145.76,2826.07,-5232.13,76.8623,-1312.52,317.539,375.188,-194.842,-194.842,-117.312,-117.312,-123.359,-314.003,540.047,-9.37353,-46.7383,-46.7383,-79.6622,-194.642,109.6,-43.6357,-36.2533,-36.2533,-62.7694,-61.96,-232.618,-232.618,-273.113,-111.564,-237.961,5.15028,-292.387,201.281,201.281,-125.515,-139.902,0,-101.127,-187.238,0,-115.479,256.595,256.595,153.814,-69.9141,121.144,122.06,132.76,-18.4765,-25.8057,-142.612,28.0326,594.685,230.023,92.3396,92.3396,-37.0368,-159.134,-159.134,-7.96697,-8.61291,443.141,0,-10.0625,-10.0625,0,-499.558,0,-182.137,0,120.831,0,-38.0988,49.6426,30.6878,84.296,84.296,0,37.9266,37.9266,60.1239,0,1.19126,-566.196,-566.196,-566.196,0.476605,0,0,0,-40.2145,-40.2145,-40.2145,0,32.0478,6.94829,6.94829,0.364543,-552.645,4.62471,4.62471,-6.60427,-14.8443,-4.66143,41.2227,-21.9044,-21.7254,-7.68375,0,5.67462,0,270.579,270.579,270.579,0,0,0,0,-17.4643,-728.809,-60.3026,-60.3026,130.807,638.185,18.8345,26.7983,0,-220.85,241.755,89.1379,400.715,1562.43,1139.02,654.979,-64.5089,-19.6803,-312.094,-312.094,-754.389,330.2,-120.516,-2001.01,-1367.07,-58.5221,-84.6109,-207.367,-1013.72,-397.938,-446.693,340.85,-301.683,-2964.36,3452.27,1494.97,-7363,-593.788,973.019,-707.477,-5.88079,-559.893,131.208,-244.232,-89.873,-292.344,-93.9082,-326.107,181.921,181.921,-172.128,-194.076,-194.076,-810.763,-125.167,0,-239.681,74.272,562.645,0,0
2020-08-03 04:00:00 UTC,199.707,100.867,-266.329,20.1367,20.1367,101.609,-65.0805,-105.327,204.288,204.288,-566.923,-195.931,938.5,18.8696,-93.8259,-187.013,-459.307,-101.351,508.607,75.8172,29.2866,141.561,141.561,254.346,335.939,113.463,18.2859,-13.8115,-7.52924,-158.616,88.9836,88.9836,208.052,115.061,115.061,322.406,-144.595,-183.415,1143.12,1143.12,-187.41,-425.915,-369.949,-198.551,-232.521,418.036,1120.38,1142.62,1132.82,-16.2608,114.898,114.898,-29.2655,53.4632,75.0467,-10.3058,-10.3058,300.135,-149.315,-79.2607,-211.001,211.308,124.312,-135.868,-135.868,3.29135,16.9931,-125.014,-125.014,-23.0251,-316.208,278.034,112.182,112.182,-5.29949,-5.29949,-1.98632,-2.39433,-3.10273,6.63255,3.86026,-16.8726,-0.172953,-0.25793,0.444088,3.42229,-3.02871,-80.2265,-80.2265,-12.5058,-12.5058,-14.3152,-14.3152,81.0962,81.0962,81.0962,-26.1557,-26.1557,-0.486126,36.6852,13.4181,13.4181,-16.1284,-16.1284,84.424,17.5255,203.087,7.48451,7.48451,168.938,168.938,168.938,-493.451,131.929,131.929,140.013,140.013,-5.83208,-43.1747,-43.1747,8.05371,8.05371,790.032,790.032,-517.591,-517.591,0,26.7607,245.472,99.1865,-265.251,-265.251,192.207,-935.204,-522.467,200.37,784.543,784.543,-140.897,-140.897,663.516,663.516,-55.3509,-140.542,-111.017,-677.701,-242.312,-242.312,155.715,155.715,155.715,-470.805,-470.805,658.53,-2.88318,-2.88318,-225.393,461.293,461.293,-460.193,235.723,-45.4586,0,-259.441,-184.69,656.628,464.007,464.007,68.097,-19.8229,5.46577,380.666,380.666,-57.9412,-61.5298,-61.5298,-1050.3,396.296,1156.41,-1018.39,-1039.84,-1023.09,1733.87,-474.308,365.256,-888.113,-906.336,-875.571,966.272,194.571,138.343,-547.377,-1550.24,-39.4021,-1640.49,-4399.28,-2398.42,-2398.42,-161.551,1486.87,-159.839,-178.522,-157.183,85.2273,-175.998,166.739,178.295,185.065,-199.405,-196.434,-200.126,186.768,-71.8116,-71.8116,169.771,-367.296,-367.296,1420.74,-179.64,-182.797,171.713,-166.646,-396.348,-641.654,-641.654,-252.812,-536.826,-590.661,-2074.36,795.736,-373.872,355.074,6.37446,-456.806,-673.742,-400.686,-397.977,-7.23536,691.237,754.455,-149.975,-125.589,-166.333,-68.8567,27.7263,-175.655,-99.5347,-99.5429,47.7255,-111.8,89.5383,116.204,-30.0081,571.661,555.576,620.649,602.709,94.2843,94.2843,54.3879,191.755,-39.4582,-39.4582,-135.948,-135.948,296.69,296.69,-87.4262,-61.67,42.117,242.178,-500.437,3011.73,2704.84,-5122.84,73.1122,-1242.63,281.048,350.182,-171.747,-171.747,-101.287,-101.287,-134.141,-302.359,487.085,-11.6009,-40.1964,-40.1964,-66.7752,-189.032,177.356,-35.0669,-31.7114,-31.7114,-54.4991,-53.8086,-219.082,-219.082,-258.468,-105.855,-220.177,19.6118,-246.504,183.54,183.54,-114.381,-127.266,0,-97.0777,-179.451,0,-104.838,245.887,245.887,136.618,-57.4483,109.531,110.372,120.536,-13.103,-21.015,-133.781,26.673,581.358,220.626,87.6443,87.6443,-37.2095,-150.287,-150.287,-6.79218,-7.38286,417.899,0,-13.1219,-13.1219,0,-461.295,0,-168.226,0,115.08,0,-37.8529,51.927,29.6194,79.3081,79.3081,0,36.7287,36.7287,56.7174,0,0.957824,-503.037,-503.037,-503.037,0.379584,0,0,0,-34.9901,-34.9901,-34.9901,0,31.5719,7.66528,7.66528,1.72603,-502.398,5.29949,5.29949,-5.2376,-12.6217,-3.65988,38.1657,-20.226,-20.0598,-7.2321,0,5.76546,0,262.906,262.906,262.906,0,0,0,0,-14.2924,-669.985,-58.7657,-58.7657,152.155,586.215,29.5871,42.5792,0,-194.607,232.183,83.5324,427.157,1448.21,1096.77,622.436,-52.0388,-16.9736,-294.149,-294.149,-703.041,288.14,-108.888,-1780.87,-1299.78,-56.3062,-81.3283,-199.296,-981.148,-383.113,-430.93,328.787,-285.023,-2848.39,3378.93,1456.17,-7202.28,-539.593,971.423,-713.504,4.15204,-515.465,130.485,-236.553,-78.8327,-349.68,-83.752,-317.608,168.627,168.627,-150.706,-186.227,-186.227,-739.492,-104.949,0,-228.351,73.5791,542.325,0,0
2020-08-03 05:00:00 UTC,187.816,97.2315,-270.313,24.3687,24.3687,78.5709,-67.2251,-110.131,204.68,204.68,-505.749,-175.566,848.442,26.8485,-84.3281,-172.93,-424.229,-93.8452,452.734,65.3843,12.5483,127.708,127.708,232.027,313.505,105.903,16.7654,-12.5697,-9.70669,-146.111,81.1412,81.1412,188.218,103.519,103.519,290.1,-126.856,-160.706,980.695,980.695,-166.069,-380.911,-340.652,-183.791,-206.534,363.372,967.89,987.311,977.934,-13.7322,100.753,100.753,-26.9547,46.1624,58.825,-10.1435,-10.1435,258.309,-138.937,-70.0388,-189.535,181.299,105.919,-123.073,-123.073,3.33814,17.9896,-119.884,-119.884,-22.6857,-292.218,247.388,97.6573,97.6573,-6.28571,-6.28571,-1.94326,-2.3566,-2.81688,5.72589,4.07271,-14.3037,-0.226392,-0.308533,0.0305446,2.69963,-2.98189,-71.7052,-71.7052,-9.59196,-9.59196,-11.003,-11.003,72.4641,72.4641,72.4641,-24.4599,-24.4599,-3.21538,30.5293,12.6686,12.6686,-14.2207,-14.2207,74.261,15.3748,183.821,6.45232,6.45232,152.282,152.282,152.282,-445.715,119.011,119.011,126.247,126.247,-5.83208,-38.7086,-38.7086,9.49202,9.49202,709.668,709.668,-473.951,-473.951,0,25.0748,222.972,90.5647,-243.075,-243.075,173.046,-849.32,-473.631,180.346,703.344,703.344,-128.035,-128.035,595.683,595.683,-51.3013,-128.954,-82.517,-669.936,-218.15,-218.15,139.66,139.66,139.66,-420.821,-420.821,591.266,-2.88318,-2.88318,-202.26,406.347,406.347,-418.876,204.751,-47.9386,0,-236.319,-177.597,571.128,408.515,408.515,61.2567,-18.6763,2.31486,339.807,339.807,-66.433,-65.4457,-65.4457,-919.751,326.767,1000.65,-891.155,-909.965,-895.096,1471.54,-414.872,320.683,-790.8,-807.123,-781.459,877.163,149.563,97.4919,-497.348,-1448.32,-35.3734,-1528.95,-4057.79,-2204.76,-2204.76,-160.173,1314.08,-145.187,-174.18,-144.114,87.9547,-162.38,154.3,162.581,168.743,-184.49,-181.688,-185.154,170.281,-61.8729,-61.8729,155.723,-347.643,-347.643,1273.04,-157.884,-167.132,157.869,-151.694,-372.935,-591.001,-591.001,-244.262,-511.023,-561.915,-1967.65,758.965,-346.904,330.489,5.04892,-412.575,-629.097,-374.293,-371.738,-5.94673,645.779,704.954,-141.891,-118.712,-157.854,-65.6123,24.9044,-158.803,-93.4019,-93.4101,43.5471,-97.1401,83.8176,108.938,-34.5158,541.103,526.961,587.766,571.993,89.9346,89.9346,49.9817,180.923,-38.9722,-38.9722,-131.662,-131.662,277.661,277.661,-68.403,-56.854,40.5345,228.911,-491.983,2813.3,2527.25,-4969.24,66.2483,-1161.02,237.853,319.742,-144.406,-144.406,-82.9378,-82.9378,-145.44,-289.126,428.355,-13.9441,-33.3316,-33.3316,-51.8914,-180.677,246.445,-25.038,-26.3701,-26.3701,-44.9923,-44.438,-202.159,-202.159,-239.678,-98.4455,-198.583,34.6278,-193.782,161.67,161.67,-100.827,-111.901,0,-91.129,-168.189,0,-91.8071,229.822,229.822,116.216,-42.1812,96.2504,97.0069,105.684,-6.11537,-14.7865,-123.674,25.4911,559.331,206.138,81.1065,81.1065,-36.2471,-142.524,-142.524,-5.632,-6.17697,400.605,0,-18.8845,-18.8845,0,-414.091,0,-144.616,0,107.319,0,-37.5743,53.185,28.0767,73.0554,73.0554,0,34.9734,34.9734,52.5149,0,0.701198,-427.266,-427.266,-427.266,0.275372,0,0,0,-28.9819,-28.9819,-28.9819,0,31.2865,8.77679,8.77679,3.72133,-442.703,6.28571,6.28571,-3.39632,-10.0158,-2.36244,33.4934,-18.0336,-17.8839,-6.64181,0,5.76546,0,250.818,250.818,250.818,0,0,0,0,-10.4027,-589.026,-57.1129,-57.1129,172.221,520.167,40.4626,58.548,0,-161.995,218.616,76.1576,447.516,1301.39,1035.22,575.324,-36.5605,-13.827,-269.002,-269.002,-634.893,237.688,-94.6205,-1492.3,-1201.09,-52.8853,-76.3205,-186.994,-919.557,-358.505,-402.853,308.964,-257.627,-2663.76,3306.01,1418.51,-6977.53,-475.803,962.617,-720.452,15.3681,-466.18,128.411,-225.719,-65.9415,-408.588,-74.2017,-308.161,151.47,151.47,-125.587,-175.585,-175.585,-657.733,-83.2121,0,-218.448,71.7171,511.17,0,0
2020-08-03 06:00:00 UTC,179.298,94.5384,-272.646,26.9672,26.9672,63.5378,-68.6294,-113.306,204.253,204.253,-462.46,-161.552,784.985,32.9957,-77.883,-162.238,-400.072,-88.666,413.581,58.1161,1.71022,118.267,118.267,217.057,298.112,100.733,15.7512,-11.7259,-11.0789,-137.628,75.7421,75.7421,174.014,95.0098,95.0098,267.63,-114.127,-144.444,870.37,870.37,-150.578,-349.143,-319.392,-173.025,-187.711,325.519,863.24,880.696,871.747,-11.981,90.859,90.859,-25.1329,41.0732,48.1921,-9.9321,-9.9321,229.58,-130.673,-63.3824,-173.561,160.792,93.4696,-113.391,-113.391,3.28221,18.4121,-115.515,-115.515,-22.2639,-274.721,226.822,88.8554,88.8554,-6.86259,-6.86259,-1.90168,-2.31678,-2.61883,5.09356,4.15904,-12.5627,-0.272357,-0.352013,-0.248238,2.20534,-2.93964,-65.6343,-65.6343,-7.6821,-7.6821,-8.83221,-8.83221,66.3288,66.3288,66.3288,-23.2376,-23.2376,-4.93494,26.372,12.1051,12.1051,-12.8884,-12.8884,67.0374,13.8864,170.128,5.75218,5.75218,140.027,140.027,140.027,-410.448,109.679,109.679,116.022,116.022,-5.83208,-35.337,-35.337,10.0455,10.0455,650.364,650.364,-440.587,-440.587,0,23.5113,205.997,84.2809,-226.149,-226.149,159.122,-785.239,-437.343,165.517,643.763,643.763,-118.058,-118.058,545.655,545.655,-48.1632,-120.082,-63.2236,-657.946,-200.345,-200.345,128.015,128.015,128.015,-384.504,-384.504,541.815,-2.88318,-2.88318,-185.788,367.741,367.741,-387.988,183.278,-48.5156,0,-218.768,-171.183,511.429,369.532,369.532,55.2796,-18.5953,-0.319396,309.821,309.821,-70.1929,-66.6079,-66.6079,-828.42,280.792,893.573,-802.243,-819.203,-805.67,1294.49,-373.351,289.699,-720.539,-735.474,-713.152,810.812,119.972,71.101,-460.757,-1369.22,-32.2428,-1442.48,-3796.97,-2057.54,-2057.54,-157.975,1189.09,-132.787,-169.594,-134.419,89.267,-151.831,144.878,150.729,156.439,-173.027,-170.349,-173.645,157.847,-54.52,-54.52,145.034,-331.851,-331.851,1163.79,-140.814,-155.383,147.309,-140.359,-354.548,-551.458,-551.458,-236.933,-490.164,-538.704,-1882.85,727.772,-326.838,312.138,4.30751,-381.674,-593.731,-353.381,-350.952,-5.42544,610.284,666.29,-135.219,-113.12,-151.233,-63.0508,22.4397,-147.125,-88.3847,-88.3929,40.1809,-87.0497,79.1544,102.976,-37.9549,516.704,504.007,561.476,547.315,86.5442,86.5442,46.7187,172.582,-38.6888,-38.6888,-128.229,-128.229,262.819,262.819,-56.4216,-53.3749,40.5285,218.824,-486.096,2652.67,2386.32,-4875.32,61.0817,-1106.24,208.593,298.249,-125.799,-125.799,-70.8067,-70.8067,-152.111,-280.465,390.551,-15.3496,-29.2118,-29.2118,-41.5421,-175.123,290.461,-17.7524,-22.9823,-22.9823,-38.9949,-38.5263,-190.046,-190.046,-225.953,-92.9999,-183.52,44.3649,-160.223,147.819,147.819,-92.1405,-102.049,0,-87.4951,-161.159,0,-83.4034,219.47,219.47,103.144,-31.4101,87.6728,88.3741,96.1994,-1.70981,-10.8614,-116.751,24.7105,539.715,195.586,76.0676,76.0676,-36.0292,-136.918,-136.918,-4.82923,-5.33991,385.988,0,-22.5038,-22.5038,0,-380.633,0,-126.733,0,102.019,0,-37.4039,54.1773,26.9787,68.8139,68.8139,0,33.7009,33.7009,49.587,0,0.543875,-376.194,-376.194,-376.194,0.210172,0,0,0,-24.8456,-24.8456,-24.8456,0,30.82,9.39514,9.39514,4.89137,-404.532,6.86259,6.86259,-2.18858,-8.14486,-1.50817,30.4432,-16.522,-16.3838,-6.23125,1.4074e-12,5.76546,0,240.39,240.39,240.39,0,0,0,0,-6.93557,-528.67,-56.006,-56.006,181.479,473.219,46.0294,66.736,0,-139.517,206.328,70.6449,453.264,1194.23,985.32,538.951,-25.6006,-11.1969,-249.971,-249.971,-583.497,203.196,-84.7985,-1277.46,-1120.22,-50.0718,-72.2217,-176.93,-862.007,-339.079,-376.737,294.041,-234.152,-2502.93,3276.15,1403.54,-6840.48,-432.627,952.381,-725.143,22.4267,-434.163,127.121,-218.277,-57.1978,-446.297,-69.2006,-301.559,138.984,138.984,-108.981,-168.722,-168.722,-606.393,-68.807,0,-211.948,70.4136,486.273,0,0
2020-08-03 07:00:00 UTC,171.103,91.5681,-269.509,28.4773,28.4773,53.0439,-68.5543,-113.465,202.551,202.551,-426.713,-149.575,731.358,36.3457,-72.3632,-153.109,-377.625,-83.8466,381.319,52.4151,-5.3005,109.887,109.887,202.836,281.763,95.2643,14.8238,-10.9452,-11.7119,-129.716,70.9227,70.9227,162.024,88.0732,88.0732,248.484,-104.987,-132.786,791.917,791.917,-139.1,-325.078,-301.386,-163.869,-173.349,296.663,789.01,805.059,796.489,-10.9553,83.6406,83.6406,-23.4097,37.5794,42.9943,-9.46776,-9.46776,209.896,-121.974,-58.3852,-160.905,147.045,85.1804,-105.472,-105.472,2.84703,17.5763,-110.59,-110.59,-21.2922,-259.308,210.867,81.4927,81.4927,-6.83763,-6.83763,-1.82958,-2.23665,-2.48231,4.64061,4.02307,-11.5323,-0.304782,-0.382656,-0.373513,1.91889,-2.8556,-60.8439,-60.8439,-6.77472,-6.77472,-7.79982,-7.79982,61.4935,61.4935,61.4935,-22.0656,-22.0656,-5.45417,23.9531,11.5235,11.5235,-11.9744,-11.9744,61.551,12.8816,158.71,5.27673,5.27673,131.078,131.078,131.078,-384.614,102.831,102.831,108.643,108.643,-5.83208,-33.0213,-33.0213,10.3368,10.3368,607.61,607.61,-415.791,-415.791,0,22.3895,193.529,79.4405,-213.499,-213.499,148.837,-737.865,-410.594,154.693,600.881,600.881,-110.912,-110.912,509.717,509.717,-45.9446,-113.448,-50.2742,-644.525,-187.316,-187.316,119.405,119.405,119.405,-358.046,-358.046,506.219,-2.88318,-2.88318,-173.595,339.91,339.91,-364.714,167.951,-48.4789,0,-205.591,-165.326,469.088,341.451,341.451,51.1992,-18.0413,-2.0091,287.933,287.933,-71.5986,-66.456,-66.456,-762.856,249.521,817.685,-738.357,-753.985,-741.427,1171.44,-343.843,267.485,-668.91,-682.817,-662.788,760.957,100.189,53.3363,-433.783,-1307.45,-29.9205,-1375.05,-3597.36,-1945.03,-1945.03,-154.98,1100.68,-124.32,-164.984,-127.787,87.8507,-143.871,137.56,141.814,147.187,-164.122,-161.551,-164.707,148.505,-49.5129,-49.5129,136.953,-318.636,-318.636,1085.1,-129.353,-146.545,139.301,-132.694,-339.773,-522.019,-522.019,-230.488,-473.014,-519.64,-1812.57,700.281,-310.923,297.538,3.6376,-358.041,-565.507,-336.69,-334.362,-4.98215,581.941,635.408,-129.815,-108.578,-145.702,-60.9363,20.532,-137.624,-84.3531,-84.3613,37.5242,-79.677,75.4154,98.2131,-39.4821,496.845,485.254,540.058,527.13,83.6431,83.6431,44.3652,166.168,-38.3468,-38.3468,-125.225,-125.225,250.723,250.723,-47.0733,-50.7513,40.0242,210.364,-480.365,2524.86,2273.1,-4787.52,56.6105,-1061.15,185.218,281.432,-110.792,-110.792,-61.4171,-61.4171,-156.708,-273.717,361.749,-16.4361,-26.3828,-26.3828,-32.6576,-171.399,326.27,-11.0193,-20.5437,-20.5437,-34.528,-34.1228,-180.484,-180.484,-214.846,-88.4599,-171.804,50.831,-134.816,136.68,136.68,-85.2847,-94.2911,0,-83.9046,-154.628,0,-76.8164,210.153,210.153,93.0225,-23.8698,80.8603,81.5166,88.6753,1.3529,-8.01154,-110.602,23.634,522.158,186.661,72.0687,72.0687,-35.3755,-131.336,-131.336,-4.28633,-4.77274,375.006,0,-24.9262,-24.9262,0,-352.097,0,-113.493,0,96.4204,0,-37.2572,53.4953,25.7154,64.8579,64.8579,0,32.2934,32.2934,47.048,0,0.452102,-340.682,-340.682,-340.682,0.163439,0,0,0,-22.183,-22.183,-22.183,0,29.4457,9.19993,9.19993,4.84027,-373.852,6.83763,6.83763,-1.60602,-7.06568,-1.1015,28.843,-15.4748,-15.3452,-5.95035,0,5.76546,0,231.6,231.6,231.6,0,0,0,0,-4.66243,-485.679,-54.7677,-54.7677,184.588,438.939,48.6926,70.668,0,-124.448,196.67,66.4701,451.591,1115.76,944.85,511.702,-18.1124,-9.50989,-235.898,-235.898,-544.983,179.771,-77.586,-1119,-1057,-47.8186,-68.9291,-168.844,-818.512,-324.091,-356.804,282.747,-214.296,-2373.82,3248.35,1389.86,-6712.51,-400.25,947.961,-727.466,27.9246,-409.827,126.391,-213.411,-49.8704,-477.396,-66.0885,-295.924,129.627,129.627,-97.2176,-162.313,-162.313,-564.387,-58.6268,0,-203.053,69.0588,465.539,0,0
2020-08-03 08:00:00 UTC,165.424,89.7364,-267.842,30.0536,30.0536,44.3911,-68.5975,-113.813,201.367,201.367,-397.073,-140.489,688.484,41.3498,-68.2948,-144.82,-361.987,-80.4848,354.791,47.5706,-11.5078,103.877,103.877,191.026,268.258,90.7166,14.0536,-10.2884,-12.2464,-123.074,67.0066,67.0066,152.746,82.8831,82.8831,233.354,-98.1588,-124.084,731.651,731.651,-130.405,-305.004,-286.545,-156.295,-162.376,274.519,731.501,746.451,738.218,-10.2228,77.9594,77.9594,-22.2666,34.8938,38.6907,-9.14184,-9.14184,194.7,-115.764,-54.7701,-151.592,136.206,78.6769,-99.5971,-99.5971,2.52026,16.932,-106.393,-106.393,-20.5164,-246.708,198.85,76.3126,76.3126,-6.82505,-6.82505,-1.77475,-2.17506,-2.37302,4.27929,3.9441,-10.7121,-0.313921,-0.391335,-0.456527,1.70342,-2.78352,-57.0591,-57.0591,-6.02445,-6.02445,-6.94568,-6.94568,57.6552,57.6552,57.6552,-21.0986,-21.0986,-5.88402,22.0255,11.0494,11.0494,-11.267,-11.267,57.2611,12.0859,149.415,4.96839,4.96839,124.343,124.343,124.343,-365.109,97.7488,97.7488,103.155,103.155,-5.83208,-31.3354,-31.3354,10.5756,10.5756,575.906,575.906,-397.177,-397.177,0,21.5881,184.186,75.6763,-203.991,-203.991,141.052,-701.71,-390.224,146.497,569.069,569.069,-105.671,-105.671,483.099,483.099,-44.2728,-108.475,-40.2532,-633.517,-177.424,-177.424,112.685,112.685,112.685,-337.505,-337.505,479.859,-2.88318,-2.88318,-164.306,318.539,318.539,-346.257,156.151,-48.0303,0,-194.915,-160.245,436.533,319.919,319.919,48.5938,-17.1952,-3.14963,271.738,271.738,-72.0092,-65.8471,-65.8471,-711.701,225.759,759.033,-688.372,-702.957,-691.169,1076.96,-321.168,250.138,-627.842,-640.927,-622.628,721.487,85.1727,38.5036,-414.258,-1261.31,-28.1347,-1324.28,-3449.39,-1861.88,-1861.88,-152.649,1034.7,-118.328,-161.543,-122.885,86.4249,-137.887,131.979,135.146,140.269,-157.462,-154.972,-158.021,141.52,-45.6972,-45.6972,130.881,-308.153,-308.153,1026.8,-120.918,-139.83,133.273,-127.093,-328.507,-499.414,-499.414,-225.288,-460.074,-505.269,-1760.34,680.968,-298.634,286.512,2.89829,-340.255,-544.67,-324.367,-322.114,-4.39533,561.017,612.607,-125.947,-105.377,-141.923,-59.4131,18.7711,-130.326,-81.3957,-81.4039,35.3477,-74.025,72.6804,94.7056,-40.8693,481.974,471.172,524.007,511.959,81.9058,81.9058,42.7768,162.233,-38.3562,-38.3562,-123.537,-123.537,242.004,242.004,-39.3736,-48.8483,40.2926,204.9,-477.631,2430.51,2190.13,-4749.19,54.314,-1024.27,167.423,269.044,-99.3295,-99.3295,-53.4525,-53.4525,-160.368,-268.453,339.657,-17.5434,-24.2755,-24.2755,-25.3003,-168.774,354.308,-5.27926,-18.6438,-18.6438,-30.9678,-30.6131,-173.194,-173.194,-206.11,-84.7123,-162.623,57.5773,-113.35,128.512,128.512,-80.2442,-88.5727,0,-81.9027,-150.939,0,-72.0755,205.629,205.629,85.2667,-17.409,75.8851,76.5093,83.1245,4.09295,-5.55621,-105.645,22.8036,510.442,179.761,69.0848,69.0848,-34.6744,-127.58,-127.58,-3.88872,-4.35952,368.899,0,-27.2993,-27.2993,0,-329.443,0,-99.5347,0,91.7688,0,-37.1438,52.6253,24.6863,61.5369,61.5369,0,31.083,31.083,44.8474,0,0.389643,-313.445,-313.445,-313.445,0.130011,0,0,0,-20.4108,-20.4108,-20.4108,0,28.3673,9.06094,9.06094,4.81444,-351.476,6.82505,6.82505,-1.12365,-6.42704,-0.771905,27.4445,-14.615,-14.4924,-5.79265,0,5.76546,0,224.59,224.59,224.59,0,0,0,0,-3.22899,-454.025,-53.7439,-53.7439,184.999,412.161,50.1381,72.8122,0,-113.7,189.141,63.205,447.631,1057.71,913.593,491.423,-12.9278,-8.37063,-225.307,-225.307,-516.667,163.153,-72.0552,-1004.98,-1009.38,-46.1565,-66.5126,-162.913,-781.462,-314.225,-342.042,275.395,-200.139,-2270.92,3237.03,1384.17,-6656.56,-376.234,945.334,-728.556,33.3128,-392.489,125.893,-210.496,-44.1585,-502.161,-64.3075,-291.656,122.67,122.67,-88.8193,-159.012,-159.012,-534.181,-50.1625,0,-196.211,67.5153,449.426,0,0
2020-08-03 09:00:00 UTC,163.409,89.3619,-268.981,31.8361,31.8361,39.4832,-68.9518,-114.656,203.765,203.765,-381.703,-135.134,666.229,44.2134,-65.6544,-141.055,-353.002,-78.5519,340.722,44.9029,-15.1889,100.09,100.09,184.797,262.188,88.6408,13.626,-9.91896,-12.9409,-119.395,64.8498,64.8498,147.709,80.0922,80.0922,224.962,-93.902,-118.663,696.407,696.407,-124.974,-293.629,-278.608,-152.237,-155.544,260.949,697.414,711.712,703.688,-9.71274,74.6075,74.6075,-21.6446,33.2419,35.5651,-9.01956,-9.01956,185.472,-112.576,-52.5417,-146.406,129.57,74.7091,-96.5425,-96.5425,2.43719,16.8704,-104.315,-104.315,-20.2362,-240.137,192.358,74.4528,74.4528,-6.93556,-6.93556,-1.75224,-2.15259,-2.30664,4.06425,3.95013,-10.1796,-0.3207,-0.397769,-0.525877,1.55971,-2.76992,-54.9275,-54.9275,-5.46109,-5.46109,-6.30598,-6.30598,55.4942,55.4942,55.4942,-20.6936,-20.6936,-6.32332,20.7615,10.8242,10.8242,-10.8459,-10.8459,54.7005,11.6095,144.486,4.84957,4.84957,120.237,120.237,120.237,-353.164,94.809,94.809,99.8817,99.8817,-5.83208,-30.4089,-30.4089,10.5934,10.5934,556.715,556.715,-385.555,-385.555,0,21.0855,178.336,73.1731,-197.995,-197.995,136.177,-679.405,-377.675,141.284,549.893,549.893,-102.523,-102.523,467.139,467.139,-43.2094,-105.345,-34.2849,-625.614,-171.237,-171.237,108.35,108.35,108.35,-324.667,-324.667,464.107,-2.88318,-2.88318,-158.479,305.377,305.377,-334.812,148.643,-48.1117,0,-188.415,-157.159,416.186,306.657,306.657,47.2951,-16.3382,-3.75259,262.392,262.392,-72.0889,-65.3974,-65.3974,-680.94,211.746,723.997,-658.517,-672.48,-661.146,1020.57,-307.345,239.463,-603.002,-615.59,-598.283,696.955,76.3637,29.8433,-402.219,-1232.11,-27.034,-1292.15,-3355.84,-1809.42,-1809.42,-151.343,994.465,-114.716,-159.605,-119.583,85.8464,-134.136,128.438,130.977,135.944,-153.249,-150.813,-153.793,137.156,-43.3463,-43.3463,127.075,-301.726,-301.726,991.513,-115.691,-135.527,129.488,-123.267,-321.236,-485.201,-485.201,-222.199,-451.585,-495.842,-1725,668.353,-291.932,280.107,2.91265,-330.828,-530.874,-316.206,-314.005,-4.60806,547.461,597.829,-123.173,-103.101,-139.276,-58.3711,17.7577,-126.651,-79.3695,-79.3777,34.081,-71.517,70.8123,92.286,-41.491,472.259,461.958,513.514,502.025,80.4806,80.4806,41.7412,159.265,-38.1586,-38.1586,-121.975,-121.975,236.189,236.189,-36.4739,-47.7733,39.7369,200.883,-474.514,2367.99,2134.68,-4701.98,52.2948,-1003.74,158.022,261.954,-93.2925,-93.2925,-49.1295,-49.1295,-161.628,-265.894,329.613,-17.9596,-23.549,-23.549,-21.7457,-167.381,366.475,-2.28558,-17.7479,-17.7479,-29.2474,-28.9172,-169.018,-169.018,-201.108,-82.59,-157.415,61.8781,-102.397,125.019,125.019,-77.9174,-85.9197,0,-81.6759,-150.186,0,-69.9248,205.085,205.085,81.5124,-13.5365,73.481,74.0896,80.567,5.50305,-4.35578,-103.236,22.5107,502.701,175.323,67.2366,67.2366,-34.0936,-126.386,-126.386,-3.71975,-4.18825,370.311,0,-29.4796,-29.4796,0,-317.933,0,-92.6136,0,89.6473,0,-37.0856,53.0308,24.2814,59.6976,59.6976,0,30.5143,30.5143,43.4306,0,0.352759,-297.338,-297.338,-297.338,0.112544,0,0,0,-19.3334,-19.3334,-19.3334,0,28.0115,9.15434,9.15434,5.03875,-341.263,6.93556,6.93556,-0.767967,-5.96953,-0.511098,26.6363,-14.1099,-13.9912,-5.78986,0,5.76546,0,219.966,219.966,219.966,0,0,0,0,-2.55937,-436.316,-52.9704,-52.9704,184.654,395.915,51.0505,74.1603,0,-107.622,184.412,61.1735,443.963,1022.1,893.488,478.036,-9.82031,-7.76798,-219.052,-219.052,-498.976,153.4,-69.5994,-934.77,-977.294,-45.0085,-64.8558,-158.849,-754.266,-307.266,-331.439,270.353,-190.665,-2202.31,3217.16,1374.33,-6587.8,-363.721,943.925,-728.359,35.4025,-384.205,125.597,-208.891,-41.0717,-513.991,-63.6745,-289.527,118.712,118.712,-84.0305,-158.187,-158.187,-519.863,-45.333,0,-193.804,66.491,439.22,0,0
2020-08-03 10:00:00 UTC,166.044,91.1536,-278.094,34.5754,34.5754,36.6416,-70.8356,-118.444,210.363,210.363,-379.014,-133.462,663.626,46.9656,-64.4343,-141.308,-352.079,-78.3532,337.454,43.9458,-17.8922,99.3648,99.3648,184.105,263.46,89.0159,13.5391,-9.841,-13.7782,-118.71,64.4375,64.4375,146.797,79.6078,79.6078,223.158,-92.1916,-116.486,684.545,684.545,-122.797,-290.394,-277.294,-151.557,-152.822,255.649,685.573,699.645,691.687,-9.45345,73.4686,73.4686,-21.5186,32.6066,33.7767,-9.07139,-9.07139,182,-112.111,-51.6412,-145.184,126.999,73.175,-96.1951,-96.1951,2.54964,17.2711,-104.247,-104.247,-20.3811,-239.369,191.915,76.123,76.123,-7.1284,-7.1284,-1.75689,-2.16311,-2.28175,3.9889,4.01778,-9.93886,-0.327385,-0.404095,-0.578551,1.48814,-2.80896,-54.3356,-54.3356,-5.11661,-5.11661,-5.91699,-5.91699,54.8979,54.8979,54.8979,-20.8055,-20.8055,-6.71344,20.1752,10.8241,10.8241,-10.6987,-10.6987,53.7559,11.4421,143.673,4.86364,4.86364,119.134,119.134,119.134,-349.926,94.1116,94.1116,99.0718,99.0718,-5.83208,-30.1984,-30.1984,10.7377,10.7377,551.969,551.969,-382.797,-382.797,0,21.0484,176.897,72.4966,-196.568,-196.568,134.817,-673.204,-374.189,139.81,545.064,545.064,-101.807,-101.807,463.196,463.196,-42.8693,-104.61,-31.5072,-625.76,-169.462,-169.462,106.97,106.97,106.97,-320.311,-320.311,460.234,-2.88318,-2.88318,-156.596,300.977,300.977,-331.098,145.664,-48.6424,0,-186.298,-156.672,408.673,302.192,302.192,47.251,-15.9675,-3.85391,261.195,261.195,-72.2629,-65.3636,-65.3636,-670.305,206.449,711.937,-648.09,-661.839,-650.651,999.898,-302.644,235.929,-594.252,-606.666,-589.687,689.189,72.7106,24.7002,-400.322,-1227.83,-26.7145,-1286.84,-3340.49,-1800.93,-1800.93,-152.121,982.83,-113.958,-160.311,-119.03,85.9481,-133.354,127.748,130.131,135.067,-152.592,-150.161,-153.133,136.27,-42.4503,-42.4503,126.302,-300.45,-300.45,983.585,-113.708,-134.45,128.72,-122.368,-319.989,-481.259,-481.259,-221.985,-450.502,-494.639,-1720.17,669.99,-291.681,279.63,3.16123,-330.542,-528.994,-315.094,-312.899,-4.92437,545.737,595.95,-122.665,-102.692,-138.871,-58.2144,17.7229,-126.832,-79.0502,-79.0584,34.0147,-71.7179,70.5204,91.8889,-41.8637,471.021,460.783,512.176,500.757,80.1446,80.1446,41.4876,158.433,-38.0496,-38.0496,-121.557,-121.557,235.421,235.421,-37.2878,-47.6308,39.5381,200.163,-473.62,2360.26,2126.32,-4688.13,51.7536,-999.984,157.826,261.568,-93.2666,-93.2666,-47.6746,-47.6746,-161.464,-265.832,330.657,-17.9265,-23.6344,-23.6344,-22.2421,-167.332,362.76,-2.71486,-17.509,-17.509,-28.9394,-28.6136,-168.64,-168.64,-200.507,-82.1992,-156.401,66.0877,-98.8016,126.18,126.18,-78.2727,-86.2732,0,-84.0985,-153.738,0,-70.3761,210.894,210.894,81.3603,-10.9579,73.851,74.4633,80.9848,6.45197,-3.77667,-103.919,23.1947,504.92,174.709,67.0403,67.0403,-33.9061,-128.599,-128.599,-3.65955,-4.13597,378.897,0,-32.3383,-32.3383,0,-316.569,0,-90.0798,0,90.0308,0,-37.0766,54.7141,24.4916,59.355,59.355,0,30.6086,30.6086,42.859,0,0.338344,-291.656,-291.656,-291.656,0.107806,0,0,0,-18.8898,-18.8898,-18.8898,0,28.263,9.41622,9.41622,5.43062,-344.161,7.1284,7.1284,-0.558087,-5.67644,-0.332456,26.4581,-13.9504,-13.8327,-5.85532,0,5.76546,0,219.089,219.089,219.089,0,0,0,0,-2.62068,-434.361,-52.7859,-52.7859,184.885,390.596,51.5918,74.9541,0,-105.541,183.377,60.6396,443.746,1014.23,890.062,475.111,-9.23786,-7.66605,-218.196,-218.196,-496.003,150.988,-69.7966,-924.805,-971.922,-44.8199,-64.5937,-158.208,-748.36,-305.603,-329.194,269.133,-189.135,-2193.55,3211.23,1371.47,-6567.69,-363.395,943.12,-727.662,35.213,-385.121,125.631,-208.956,-41.0611,-512.249,-63.6833,-289.392,118.279,118.279,-83.5998,-161.786,-161.786,-523.045,-42.5295,0,-199.47,65.7888,437.709,0,0
2020-08-03 11:00:00 UTC,174.296,95.5348,-295.163,38.5274,38.5274,36.2801,-74.0663,-124.854,221.88,221.88,-391.785,-136.323,684.943,49.6855,-64.9828,-146.427,-361.137,-80.3019,347.357,45.0503,-19.527,102.172,102.172,190.806,275.557,92.9731,13.8865,-10.1344,-15.1899,-121.889,66.2036,66.2036,150.776,81.7513,81.7513,229.255,-92.9715,-117.479,697.245,697.245,-123.833,-296.508,-284.012,-154.977,-154.187,258.399,696.923,711.22,703.158,-9.3892,74.6799,74.6799,-21.9735,32.9893,32.8556,-9.37363,-9.37363,184.337,-115.024,-52.0994,-148.315,128.488,74.0634,-98.9147,-98.9147,2.98138,18.4982,-106.859,-106.859,-21.1708,-245.754,197.792,80.7391,80.7391,-7.52953,-7.52953,-1.79993,-2.22349,-2.29925,4.06057,4.21102,-9.97328,-0.331633,-0.40811,-0.629143,1.48284,-2.9441,-55.4996,-55.4996,-4.88476,-4.88476,-5.66036,-5.66036,56.0816,56.0816,56.0816,-21.6957,-21.6957,-7.23524,20.2136,11.1244,11.1244,-10.8551,-10.8551,54.457,11.6106,147.84,5.0753,5.0753,121.244,121.244,121.244,-355.981,95.9691,95.9691,100.95,100.95,-5.83208,-30.7944,-30.7944,11.0212,11.0212,562.803,562.803,-389.63,-389.63,0,21.5336,180.154,73.6967,-200.065,-200.065,137.15,-684.215,-380.38,142.165,555.709,555.709,-103.749,-103.749,472.282,472.282,-43.482,-106.45,-31.8036,-635.291,-172.268,-172.268,108.625,108.625,108.625,-324.775,-324.775,469.303,-2.88318,-2.88318,-158.806,305.515,305.515,-335.624,147.092,-50.0778,0,-188.926,-159.418,413.895,306.743,306.743,48.6825,-15.8194,-3.40912,268.689,268.689,-72.8097,-65.9932,-65.9932,-680.646,209.832,723.698,-658.009,-671.97,-660.597,1015.38,-307.355,239.656,-602.473,-615.058,-597.711,699.281,74.1481,22.627,-409.474,-1251.04,-27.2498,-1311.06,-3411.23,-1840.8,-1840.8,-155.311,1001.36,-116.597,-164.09,-121.54,86.8192,-135.821,130.166,132.906,137.946,-155.857,-153.379,-156.41,139.172,-43.0982,-43.0982,128.834,-304.71,-304.71,1005.1,-115.367,-136.811,131.242,-124.705,-325.449,-488.445,-488.445,-225.014,-457.805,-502.739,-1749.78,688.042,-298.351,285.707,3.53468,-340.053,-540.257,-321.756,-319.52,-5.20684,557.274,608.52,-124.706,-104.352,-140.934,-59.0378,18.8377,-130.939,-80.639,-80.6472,35.2761,-74.6343,71.9858,93.7757,-41.5213,479.348,468.692,521.167,509.282,81.0433,81.0433,42.2311,160.235,-38.092,-38.092,-122.482,-122.482,240.277,240.277,-41.6874,-48.55,40.5691,203.125,-475.867,2412.06,2171.71,-4727.74,52.6476,-1012.4,167.214,268.657,-99.4156,-99.4156,-49.0655,-49.0655,-159.93,-268.224,343.406,-17.4763,-24.4971,-24.4971,-26.807,-169.198,342.004,-6.61603,-17.7789,-17.7789,-29.8666,-29.5277,-172.386,-172.386,-204.626,-83.6093,-159.899,69.7827,-102.253,131.5,131.5,-81.0858,-89.387,0,-88.6049,-160.77,0,-73.1941,221.839,221.839,84.5918,-10.1632,76.9478,77.5833,84.1281,7.0948,-3.65236,-107.692,24.8499,518.791,178.181,68.6843,68.6843,-34.0077,-134.915,-134.915,-3.7895,-4.28956,398.006,0,-35.9132,-35.9132,0,-328.45,0,-92.7513,0,94.077,0,-37.1306,58.8349,25.6593,60.9443,60.9443,0,31.6713,31.6713,43.2138,0,0.34363,-296.695,-296.695,-296.695,0.116763,0,0,0,-19.0646,-19.0646,-19.0646,0,29.457,10.0381,10.0381,6.24676,-359.27,7.52953,7.52953,-0.434523,-5.53483,-0.166121,27.0894,-14.1698,-14.0498,-6.07844,0,5.76546,0,222.365,222.365,222.365,0,0,0,0,-3.45754,-448.86,-53.337,-53.337,186.165,396.811,52.1657,75.7796,0,-107.888,186.255,61.7116,447.864,1036.3,905.104,483.759,-11.373,-8.10922,-223.111,-223.111,-509.215,156.319,-72.6476,-980.612,-996.309,-45.7156,-65.8923,-161.394,-769.137,-310.109,-336.323,272.569,-195.543,-2252.37,3243.71,1388.4,-6625.73,-376.126,944.646,-725.745,32.8346,-395.952,126.352,-211.551,-44.1777,-496.633,-64.715,-290.736,121.599,121.599,-87.8085,-169.13,-169.13,-542.617,-42.1774,0,-213.099,65.3248,445.86,0,0
2020-08-03 12:00:00 UTC,188.573,102.757,-321.79,43.8185,43.8185,38.1056,-78.9047,-134.515,239.289,239.289,-419.134,-143.826,729.486,53.4642,-67.3928,-155.778,-380.863,-84.5423,369.593,48.0235,-20.4482,108.273,108.273,204.581,297.954,100.326,14.6505,-10.7784,-17.1149,-128.719,70.0351,70.0351,159.345,86.3322,86.3322,242.878,-96.5147,-121.99,736.124,736.124,-128.332,-311.842,-298.297,-162.241,-159.808,269.02,733.121,748.118,739.791,-9.62417,78.3391,78.3391,-22.9989,34.5146,33.4672,-9.85992,-9.85992,193.1,-120.982,-54.1197,-155.648,134.496,77.653,-104.352,-104.352,3.65011,20.2931,-111.721,-111.721,-22.456,-258.811,210.68,89.0142,89.0142,-8.02955,-8.02955,-1.87236,-2.32342,-2.36258,4.28647,4.50317,-10.371,-0.320114,-0.397237,-0.642081,1.57934,-3.17105,-58.4119,-58.4119,-4.88812,-4.88812,-5.67569,-5.67569,59.0246,59.0246,59.0246,-23.3521,-23.3521,-7.69772,21.0941,11.6876,11.6876,-11.3681,-11.3681,56.8058,12.1639,156.772,5.48755,5.48755,126.912,126.912,126.912,-372.317,100.592,100.592,105.785,105.785,-5.83208,-32.2498,-32.2498,11.5146,11.5146,590.974,590.974,-407.082,-407.082,0,22.6095,188.681,77.1119,-209.04,-209.04,143.614,-714.13,-397.217,148.844,583.535,583.535,-108.558,-108.558,495.792,495.792,-44.8438,-111.158,-35.5712,-654.676,-180.201,-180.201,113.636,113.636,113.636,-338.93,-338.93,492.674,-2.88318,-2.88318,-165.638,319.984,319.984,-349.066,153.444,-52.2242,0,-196.537,-165.411,433.206,321.252,321.252,51.55,-16.438,-2.4726,285.615,285.615,-73.5213,-67.1231,-67.1231,-713.645,222.768,761.339,-689.618,-704.247,-692.344,1070.4,-322.461,251.661,-628.645,-641.763,-623.301,728.57,81.2517,23.6042,-431.04,-1304.57,-28.7194,-1367.76,-3577.61,-1934.78,-1934.78,-161.151,1053.36,-122.474,-171.171,-126.725,89.8966,-141.845,135.984,139.688,144.984,-163.476,-160.89,-164.057,146.267,-45.4459,-45.4459,135.004,-315.365,-315.365,1058.77,-120.711,-143.06,137.38,-129.968,-338.303,-507.913,-507.913,-231.329,-474.302,-521.049,-1818.35,724.581,-312.175,298.939,3.83455,-360.06,-566.296,-337.161,-334.827,-5.20805,583.79,637.409,-129.696,-108.424,-145.905,-60.9781,21.1503,-139.157,-84.4192,-84.4274,37.9811,-80.2576,75.4775,98.2836,-40.046,498.269,486.623,541.585,528.596,83.5025,83.5025,44.2884,165.631,-38.4228,-38.4228,-125.142,-125.142,251.613,251.613,-49.5324,-50.7364,43.4973,210.566,-482.39,2530.78,2278.67,-4843.25,55.5342,-1042.43,187.37,284.117,-112.409,-112.409,-53.2039,-53.2039,-157.186,-273.177,369.149,-16.8473,-26.1165,-26.1165,-35.4675,-173.742,302.542,-14.0443,-18.4681,-18.4681,-31.9724,-31.6036,-180.576,-180.576,-213.706,-86.8364,-168.177,73.928,-112.608,141.747,141.747,-86.7474,-95.6909,0,-95.9436,-172.476,0,-78.8016,239.982,239.982,91.5924,-10.8678,83.159,83.8398,90.4251,7.54832,-3.94625,-114.736,27.7186,545.634,186.584,72.2662,72.2662,-34.9574,-145.665,-145.665,-4.07444,-4.61258,427.055,0,-40.4647,-40.4647,0,-352.915,0,-98.8728,0,101.604,0,-37.2507,65.2589,27.7255,64.3594,64.3594,0,33.6159,33.6159,44.3988,0,0.372717,-313.385,-313.385,-313.385,0.140264,0,0,0,-20.0904,-20.0904,-20.0904,0,31.3643,10.8678,10.8678,7.26587,-388.708,8.02955,8.02955,-0.474109,-5.8074,-0.0609616,28.7691,-14.7903,-14.6646,-6.44166,0,5.76546,0,230.082,230.082,230.082,0,0,0,0,-4.86145,-481.399,-54.6003,-54.6003,188.327,415.525,52.3385,76.0064,0,-114.572,193.474,64.5259,455.743,1091.97,940.2,504.788,-16.6751,-9.04366,-234.058,-234.058,-540.607,170.629,-78.1676,-1111.39,-1054.12,-47.8521,-68.9826,-168.977,-818.289,-322.368,-354.131,282.133,-210.983,-2385.96,3331.12,1433.77,-6794.93,-403.138,946.196,-722.914,29.2245,-419.121,128.234,-218.308,-50.8622,-465.759,-67.7824,-293.56,129.123,129.123,-97.3001,-181.472,-181.472,-580.958,-43.9939,0,-236.551,65.0194,464.26,0,0
2020-08-03 13:00:00 UTC,207.859,111.293,-346.884,46.7551,46.7551,47.2317,-82.9353,-142.5,256.346,256.346,-475.476,-160.599,815.556,52.658,-74.0691,-172.543,-416.289,-92.1437,417.778,55.764,-15.4037,120.076,120.076,231.02,336.115,112.91,16.2133,-12.0798,-18.9335,-142.287,77.7632,77.7632,176.585,95.5031,95.5031,271.139,-106.012,-134.092,830.974,830.974,-140.36,-345.937,-326.216,-176.412,-174.882,298.763,822.07,838.774,829.887,-10.5175,87.1772,87.1772,-25.0079,38.4775,38.1053,-10.6225,-10.6225,215.745,-132.316,-59.2969,-170.975,150.432,87.2187,-114.794,-114.794,4.66496,22.7867,-120.223,-120.223,-24.483,-283.474,235.79,106.284,106.284,-8.56922,-8.56922,-1.99377,-2.48166,-2.52564,4.8419,4.8767,-11.5414,-0.298293,-0.376596,-0.578443,1.87945,-3.49288,-64.7754,-64.7754,-5.57529,-5.57529,-6.47173,-6.47173,65.492,65.492,65.492,-26.0892,-26.0892,-7.78567,23.7859,12.6996,12.6996,-12.5519,-12.5519,62.8621,13.474,174.515,6.30151,6.30151,138.005,138.005,138.005,-404.198,109.878,109.878,114.914,114.914,-5.86085,-34.9387,-34.9387,11.0793,11.0793,643.638,643.638,-438.07,-438.07,0,23.8587,203.946,83.4392,-224.948,-224.948,156.438,-772.508,-430.148,161.513,636.397,636.397,-116.928,-116.928,540.039,540.039,-47.439,-119.477,-48.9783,-677.929,-195.785,-195.785,123.734,123.734,123.734,-369.561,-369.561,536.993,-2.88318,-2.88318,-179.839,352.205,352.205,-378.055,168.91,-56.1782,0,-213.699,-176.18,478.635,353.609,353.609,55.8888,-18.0818,-0.836932,315.768,315.768,-73.6145,-68.6266,-68.6266,-792.742,257.735,852.373,-766.585,-782.833,-769.679,1211.41,-357.204,279.614,-691.412,-705.797,-684.557,790.637,102.744,40.6296,-466.708,-1389.32,-31.7072,-1459.71,-3848.09,-2088.09,-2088.09,-168.358,1157.24,-131.723,-180.378,-134.595,95.4882,-152.154,145.847,151.404,157.144,-175.82,-173.067,-176.448,158.525,-50.8224,-50.8224,145.599,-334.054,-334.054,1157.16,-131.749,-154.32,147.896,-138.245,-358.897,-543.9,-543.9,-241.111,-498.799,-548.268,-1918.61,771.528,-336.249,321.028,5.49148,-396.616,-605.552,-360.379,-357.903,-6.68782,624.337,681.574,-136.642,-114.071,-152.814,-63.8174,25.0558,-154.525,-89.8967,-89.9049,42.4012,-91.9587,80.5525,104.84,-37.5944,526.649,513.417,572.18,557.422,86.4106,86.4106,47.1748,171.953,-38.4491,-38.4491,-127.976,-127.976,268.396,268.396,-67.2361,-54.5211,45.472,220.559,-488.567,2708.36,2437.95,-4952.13,58.9122,-1110.09,225.596,310.085,-136.817,-136.817,-65.6825,-65.6825,-149.22,-284.163,417.359,-14.7793,-31.0789,-31.0789,-50.5316,-178.293,236.184,-25.4282,-22.026,-22.026,-39.1592,-38.6878,-195.06,-195.06,-230.403,-93.5576,-184.973,73.1514,-148.258,164.178,164.178,-99.5609,-110.07,0,-108.275,-192.804,0,-91.245,270.025,270.025,108.765,-17.815,95.3513,96.1147,104.606,3.91005,-8.04053,-126.038,31.1345,576.83,200.554,77.9522,77.9522,-36.9925,-159.576,-159.576,-4.71627,-5.3047,459.536,0,-42.207,-42.207,0,-401.875,0,-117.664,0,114.516,0,-37.512,73.8405,31.025,71.1433,71.1433,0,36.8171,36.8171,47.4128,0,0.458517,-355.301,-355.301,-355.301,0.198661,0,0,0,-22.7192,-22.7192,-22.7192,0,34.3275,11.8767,11.8767,8.36828,-448.358,8.56922,8.56922,-0.958775,-6.69921,-0.233742,32.0463,-16.2025,-16.0646,-7.11054,0,5.67924,0,242.302,242.302,242.302,0,0,0,0,-7.02742,-539.902,-56.5518,-56.5518,190.424,457.94,51.1493,74.2075,0,-129.295,206.273,70.0203,464.027,1192.72,996.473,538.989,-26.159,-10.6767,-252.996,-252.996,-592.774,199.051,-89.635,-1328.18,-1141.2,-50.9507,-73.4609,-179.966,-892.823,-338.056,-377.129,294.979,-231.474,-2585.23,3410.55,1475.33,-6954.71,-453.836,945.405,-718.966,19.1628,-458.871,128.445,-224.867,-63.0409,-410.282,-75.0042,-299.669,142.611,142.611,-115.061,-201.131,-201.131,-661.208,-52.9961,0,-264.433,66.4203,494.398,0,0
2020-08-03 14:00:00 UTC,226.713,118.219,-356.986,43.7013,43.7013,67.8523,-83.7493,-143.658,267.211,267.211,-551.462,-185.591,929.241,48.0179,-85.299,-191.061,-463.581,-102.264,485.337,67.5408,-1.67715,135.689,135.689,262.959,380.458,127.301,18.1502,-13.6537,-20.1913,-158.639,87.7361,87.7361,201.15,109.56,109.56,310.274,-122.727,-155.428,987.991,987.991,-160.684,-395.164,-362.495,-194.725,-199.364,347.363,969.243,988.726,979.144,-12.6772,101.178,101.178,-28.0251,45.3976,50.057,-11.3372,-11.3372,254.852,-146.503,-67.7709,-195.296,177.968,103.89,-131.172,-131.172,5.5229,24.4865,-129.339,-129.339,-26.3345,-314.617,269.323,124.426,124.426,-8.60997,-8.60997,-2.10564,-2.6206,-2.79518,5.72595,5.03166,-13.7534,-0.254416,-0.335065,-0.337733,2.47464,-3.77896,-73.7569,-73.7569,-7.59689,-7.59689,-8.78245,-8.78245,74.8048,74.8048,74.8048,-29.2397,-29.2397,-6.59713,28.9551,13.8505,13.8505,-14.4157,-14.4157,72.1573,15.6023,198.17,7.74849,7.74849,154.784,154.784,154.784,-451.899,124.183,124.183,128.703,128.703,-6.09866,-39.2106,-39.2106,9.2928,9.2928,722.599,722.599,-482.14,-482.14,0,25.2436,225.854,92.0572,-247.403,-247.403,175.59,-859.34,-479.316,180.147,716.387,716.387,-129.315,-129.315,606.92,606.92,-51.5933,-131.213,-74.8483,-695.874,-219.053,-219.053,138.991,138.991,138.991,-418.042,-418.042,604.158,-2.88318,-2.88318,-201.332,404.132,404.132,-421.045,196.004,-59.0103,0,-239.357,-188.544,556.208,406.282,406.282,62.9178,-19.0563,2.02969,356.903,356.903,-69.9611,-68.2157,-68.2157,-920.843,320.081,1002.29,-891.779,-910.646,-895.531,1454.19,-413.664,324.126,-790.562,-806.92,-780.917,883.94,142.885,77.6839,-516.181,-1498.34,-36.1292,-1579.43,-4206.18,-2291.67,-2291.67,-173.145,1322.38,-147.458,-188.362,-145.06,100.877,-166.541,158.853,167.697,174.063,-191.813,-188.866,-192.502,175.599,-60.2464,-60.2464,160.239,-357.739,-357.739,1303.32,-153.341,-170.091,162.368,-150.028,-384.851,-596.216,-596.216,-251.429,-528.098,-580.873,-2040.47,818.364,-365.296,348.182,6.92844,-443.479,-654.514,-389.333,-386.681,-7.97891,674.862,736.592,-145.336,-121.217,-161.544,-67.4047,29.4945,-174.198,-96.7147,-96.7229,47.6826,-107.338,86.8982,113.007,-35.2913,561.083,545.754,609.251,592.155,90.2459,90.2459,50.68,179.721,-38.6353,-38.6353,-131.738,-131.738,289.385,289.385,-90.2311,-59.3605,47.2117,233.509,-496.282,2928.73,2636.57,-5085.09,64.3073,-1208.04,274.609,342.76,-168.131,-168.131,-86.2107,-86.2107,-138.192,-298.896,479.017,-11.9308,-38.0069,-38.0069,-68.55,-181.777,150.291,-38.6715,-27.4111,-27.4111,-49.7048,-49.0823,-213.321,-213.321,-251.353,-102.289,-208.407,58.8927,-206.576,189.862,189.862,-114.988,-127.511,0,-117.311,-208.369,0,-106.031,291.821,291.821,131.559,-34.475,110.275,111.136,121.57,-3.41139,-14.9228,-138.897,33.806,605.201,216.065,85.1498,85.1498,-37.671,-172.466,-172.466,-5.76183,-6.40133,483.848,0,-37.8796,-37.8796,0,-470.947,0,-142.478,0,129.321,0,-37.875,79.1204,34.8852,79.3196,79.3196,0,40.2402,40.2402,51.0694,0,0.655127,-426.532,-426.532,-426.532,0.297356,0,0,0,-27.9545,-27.9545,-27.9545,0,36.9601,12.2877,12.2877,8.45293,-518.174,8.60997,8.60997,-2.28096,-8.68955,-1.01837,37.1566,-18.2821,-18.1272,-8.22346,0,4.96671,0,256.907,256.907,256.907,0,0,0,0,-10.598,-620.324,-58.7189,-58.7189,183.995,524.381,45.2895,65.555,0,-155.553,222.338,77.9132,461.295,1339.34,1066.77,585.11,-40.7056,-13.5394,-278.054,-278.054,-663.568,245.366,-104.577,-1623.71,-1251.54,-54.7966,-79.0338,-193.646,-981.23,-357.605,-404.241,310.899,-256.561,-2822.92,3480.93,1511.65,-7149.36,-520.883,940.449,-715.72,6.21033,-509.428,126.702,-230.022,-78.6191,-335.672,-85.3087,-307.812,160.71,160.71,-139.586,-215.688,-215.688,-753.872,-73.0006,0,-286.288,68.8692,531.349,0,0
2020-08-03 15:00:00 UTC,239.529,121.685,-346.063,35.2962,35.2962,95.9344,-80.4137,-136.057,266.518,266.518,-620.119,-211.996,1033.27,44.8708,-98.49,-202.615,-511.672,-112.524,548.963,79.246,17.7678,152.069,152.069,287.841,413.244,137.677,19.7122,-14.8934,-20.2029,-171.445,96.4809,96.4809,226.29,125.351,125.351,348.391,-143.787,-182.38,1177.58,1177.58,-185.137,-445.341,-394.985,-210.998,-227.531,404.168,1146.55,1169.33,1159.23,-16.1553,117.133,117.133,-31.2122,54.1745,70.0585,-11.503,-11.503,304.173,-157.456,-77.5612,-223.386,212.71,125.176,-150.179,-150.179,5.47861,23.4804,-134.612,-134.612,-26.6914,-341.349,302.935,138.346,138.346,-7.60626,-7.60626,-2.11916,-2.62474,-3.11691,6.7408,4.60167,-16.7587,-0.202208,-0.285583,0.107863,3.30678,-3.82499,-82.3986,-82.3986,-11.1944,-11.1944,-12.8738,-12.8738,84.148,84.148,84.148,-31.3941,-31.3941,-3.4976,36.069,14.5696,14.5696,-16.5127,-16.5127,82.0131,18.1144,219.99,10.0448,10.0448,174.6,174.6,174.6,-507.028,141.494,141.494,145.484,145.484,-6.88515,-45.0735,-45.0735,6.5316,6.5316,817.62,817.62,-532.028,-532.028,0,26.9772,250.863,100.44,-272.389,-272.389,197.147,-958.487,-535.747,201.173,813.09,813.09,-144.743,-144.743,688.405,688.405,-56.7698,-144.289,-108.723,-700.18,-245.505,-245.505,155.98,155.98,155.98,-474.819,-474.819,685.935,-2.88318,-2.88318,-224.755,465.878,465.878,-466.697,229.447,-59.1193,0,-266.974,-197.028,652.757,469.864,469.864,74.0002,-16.4483,6.69916,400.934,400.934,-60.3114,-63.7628,-63.7628,-1071.39,400.634,1182.4,-1039.24,-1061.18,-1043.83,1757.19,-480.98,375.566,-902.646,-921.199,-889.154,985.968,195.845,125.09,-573.41,-1612.42,-40.9219,-1704.24,-4588.5,-2509.33,-2509.33,-172.826,1529.39,-171.995,-192.685,-156.052,103.741,-182.943,171.86,185.771,192.839,-208.303,-205.2,-209.057,194.608,-72.9171,-72.9171,176.404,-380.258,-380.258,1478.49,-187.052,-187.052,178.249,-163.52,-410.23,-655.773,-655.773,-259.266,-555.857,-611.826,-2157.63,854.299,-391.843,373.915,7.11986,-489.188,-703.697,-418.413,-415.588,-7.99414,725.037,791.213,-154.304,-128.689,-170.428,-71.0434,33.5025,-192.577,-103.686,-103.695,52.7895,-122.353,93.4175,121.327,-33.4789,594.265,576.721,644.92,625.353,94.3743,94.3743,54.1172,187.873,-38.9929,-38.9929,-135.863,-135.863,310.439,310.439,-111.153,-63.9162,49.0031,246.955,-504.188,3152,2835.55,-5226.28,70.6797,-1307.08,321.7,374.706,-198.091,-198.091,-108.501,-108.501,-127.365,-313.193,537.698,-9.52555,-44.9979,-44.9979,-83.7364,-184.736,69.5504,-49.3407,-33.0464,-33.0464,-60.3963,-59.6198,-230.788,-230.788,-270.78,-110.277,-232.272,35.8068,-270.188,211.788,211.788,-128.952,-143.404,0,-120.44,-215.054,0,-119.321,300.259,300.259,153.846,-56.4465,124.302,125.252,136.821,-11.9881,-22.31,-149.38,34.7341,626.741,226.131,92.3826,92.3826,-33.649,-180.607,-180.607,-7.05594,-7.73923,495.978,0,-28.4048,-28.4048,0,-537.05,0,-158.394,0,140.023,0,-38.1973,77.331,37.8205,85.7223,85.7223,0,42.5152,42.5152,54.0684,0,0.993809,-514.886,-514.886,-514.886,0.412859,0,0,0,-35.3562,-35.3562,-35.3562,0,37.2627,11.2241,11.2241,6.40623,-579.626,7.60626,7.60626,-4.58013,-11.5936,-2.59942,43.2304,-20.4321,-20.2612,-9.92571,0,2.60979,0,269.634,269.634,269.634,0,0,0,0,-16.5805,-707.551,-60.3458,-60.3458,161.524,599.977,33.1758,47.7535,0,-191.696,238.133,86.3596,435.929,1509.86,1134.42,634.469,-59.1163,-18.2007,-304.086,-304.086,-741.414,306.404,-118.937,-1953.03,-1366.23,-58.7025,-84.7288,-207.634,-1064.85,-377.951,-432.209,326.856,-282.808,-3058.21,3540.78,1542.42,-7355.99,-588.304,934.545,-712.736,-4.23174,-559.481,124.531,-234.904,-93.3224,-264.25,-97.0082,-316.063,179.557,179.557,-165.677,-221.72,-221.72,-834.047,-99.5166,0,-294.093,69.8447,564.185,0,0
2020-08-03 16:00:00 UTC,249.425,124.12,-334.056,26.9274,26.9274,124.556,-76.9051,-128.215,264.568,264.568,-675.139,-234.971,1118.25,44.4303,-110.365,-209.082,-553.539,-121.428,600.722,89.015,37.8794,166.36,166.36,305.253,432.215,143.615,20.8919,-15.8169,-18.6322,-180.81,103.473,103.473,248.394,139.887,139.887,380.363,-164.744,-209.279,1368.45,1368.45,-208.906,-490.112,-420.902,-223.87,-254.674,460.446,1324,1350,1339.69,-19.9845,132.553,132.553,-33.8352,63.0823,93.5299,-11.17,-11.17,354.804,-164.385,-87.4276,-247.897,248.602,147.446,-165.552,-165.552,4.71543,20.4171,-136.304,-136.304,-25.8179,-361.77,335.303,152.499,152.499,-5.84809,-5.84809,-2.06315,-2.53706,-3.43929,7.72922,3.8635,-20.0314,-0.124118,-0.21166,0.698102,4.24765,-3.71621,-90.0276,-90.0276,-15.4785,-15.4785,-17.7391,-17.7391,92.4519,92.4519,92.4519,-32.6041,-32.6041,0.759343,43.8952,14.8987,14.8987,-18.6156,-18.6156,91.432,20.6332,237.879,12.4088,12.4088,193.357,193.357,193.357,-558.695,157.877,157.877,161.518,161.518,-7.77871,-50.9003,-50.9003,3.47905,3.47905,908.708,908.708,-577.695,-577.695,0,28.5336,274.12,107.669,-295.12,-295.12,217.279,-1050.14,-588.208,220.955,906.115,906.115,-159.521,-159.521,766.839,766.839,-61.5718,-156.203,-143.401,-691.896,-270.37,-270.37,172,172,172,-528.825,-528.825,764.558,-2.88318,-2.88318,-246.765,526.161,526.161,-507.28,262.743,-56.9004,0,-291.373,-200.923,749.357,532.212,532.212,85.4654,-12.6938,10.6007,441.708,441.708,-45.8066,-55.7101,-55.7101,-1218.27,485.679,1362.16,-1183.36,-1208.29,-1188.8,2068.21,-547.758,424.887,-1007.28,-1027.85,-989.418,1077.56,251.795,174.069,-628.502,-1712.72,-44.8936,-1813.07,-4926.76,-2702.36,-2702.36,-169.822,1734.11,-195.967,-194.19,-164.443,106.787,-197.714,183.088,202.131,209.846,-222.675,-219.452,-223.486,211.856,-85.7299,-85.7299,190.944,-399.38,-399.38,1646.45,-220.867,-202.31,192.47,-174.647,-431.002,-709.233,-709.233,-264.477,-578.019,-636.57,-2251.26,876.677,-414.803,396.156,7.32554,-532.171,-744.052,-442.267,-439.305,-8.32267,766.648,836.493,-161.253,-134.55,-177.447,-73.9908,36.7739,-209.734,-109.217,-109.225,57.1063,-137.129,98.6083,127.914,-31.9989,621.133,601.668,673.756,652.046,97.3463,97.3463,56.9176,193.648,-39.1599,-39.1599,-138.712,-138.712,327.56,327.56,-132.642,-67.903,49.5778,257.516,-509.251,3331.59,2997.24,-5320.88,75.6719,-1400.07,366.222,403.941,-226.279,-226.279,-129.997,-129.997,-115.26,-327.266,596.635,-6.69732,-52.564,-52.564,-97.2297,-187.21,-12.6925,-58.3569,-38.7532,-38.7532,-70.9822,-70.0529,-246.521,-246.521,-287.583,-116.956,-254.307,12.4078,-333.743,233.394,233.394,-142.631,-158.979,0,-123.23,-221.041,0,-132.361,307.657,307.657,175.915,-77.0675,138.305,139.343,151.775,-20.3685,-29.474,-158.999,35.5951,639.87,232.566,98.4367,98.4367,-28.6184,-186.772,-186.772,-8.26401,-8.98205,501.533,0,-18.702,-18.702,0,-591.259,0,-166.028,0,146.157,0,-38.4535,71.3099,39.426,90.4052,90.4052,0,43.6726,43.6726,56.8194,0,1.41434,-605.475,-605.475,-605.475,0.528837,0,0,0,-43.4384,-43.4384,-43.4384,0,35.6723,9.04942,9.04942,2.8365,-640.302,5.84809,5.84809,-7.28292,-15.2141,-4.53713,49.4472,-22.4907,-22.3054,-11.5884,0,-0.0688316,0,278.432,278.432,278.432,0,0,0,0,-20.2215,-789.254,-61.3203,-61.3203,125.038,671.78,16.6925,23.5679,0,-232.906,249.987,93.9153,391.484,1672.28,1188.22,676.4,-77.2358,-22.1029,-327.214,-327.214,-812.046,370.188,-133.014,-2253.25,-1459.85,-61.7869,-89.2451,-218.732,-1127.25,-393.206,-451.953,339.227,-300.092,-3240.73,3570.52,1557.49,-7494.23,-653.975,925.932,-708.762,-15.7877,-608.194,122.061,-238.848,-107.026,-191.119,-110.607,-325.411,197.085,197.085,-191.886,-226.972,-226.972,-914.567,-125.779,0,-301.497,69.8983,588.246,0,0
2020-08-03 17:00:00 UTC,256.555,125.152,-320.933,17.8218,17.8218,153.843,-73.3551,-120.372,257.312,257.312,-725.538,-256.452,1195.39,42.782,-121.694,-214.065,-591.377,-129.454,648.954,98.3916,59.4083,180.292,180.292,320.009,443.719,147.389,21.9741,-16.6558,-15.796,-189.162,109.773,109.773,268.188,152.826,152.826,410.094,-185.53,-236.039,1562.51,1562.51,-232.304,-531.894,-443.923,-235.237,-281.858,519.944,1502.17,1531.38,1521.13,-23.7598,147.811,147.811,-36.4069,71.903,116.869,-10.794,-10.794,405.752,-171.333,-97.6503,-271.278,284.536,170.014,-179.504,-179.504,3.83492,16.9423,-136.682,-136.682,-24.6689,-379.597,367.142,166.853,166.853,-3.92979,-3.92979,-2.00653,-2.44082,-3.75759,8.70172,3.11886,-23.2535,-0.0343544,-0.126733,1.31868,5.19037,-3.53444,-97.5789,-97.5789,-19.7462,-19.7462,-22.5805,-22.5805,100.524,100.524,100.524,-33.2982,-33.2982,5.18018,51.6446,15.1387,15.1387,-20.6761,-20.6761,101.284,23.0655,254.149,14.5163,14.5163,210.941,210.941,210.941,-607.147,172.884,172.884,176.498,176.498,-8.49911,-56.2509,-56.2509,0.650804,0.650804,995.362,995.362,-620.126,-620.126,0,29.9516,296.213,114.802,-316.358,-316.358,236.5,-1134.96,-637.022,240.151,994.623,994.623,-173.205,-173.205,841.137,841.137,-66.0336,-167.304,-177.755,-676.14,-294.114,-294.114,187.789,187.789,187.789,-580.333,-580.333,838.849,-2.88318,-2.88318,-268.467,585.656,585.656,-543.734,296.257,-51.8895,0,-312.46,-201.524,845.957,593.557,593.557,95.3472,-10.0487,14.9906,481.187,481.187,-27.1057,-44.6251,-44.6251,-1362.43,574.338,1542.4,-1324.86,-1352.72,-1331.18,2385.91,-613.703,473.567,-1105.32,-1127.74,-1082.58,1160.6,309.557,223.163,-682.889,-1804.97,-48.0863,-1912.13,-5239.65,-2881.23,-2881.23,-165.881,1932.85,-216.3,-194.175,-171.805,109.121,-211.147,193.556,217.442,225.77,-235.752,-232.428,-236.616,228.011,-97.8066,-97.8066,204.438,-416.01,-416.01,1806.5,-250.892,-216.834,205.621,-184.786,-449.099,-756.654,-756.654,-267.646,-596.899,-657.679,-2331.07,893.817,-434.942,416,7.1837,-573.175,-779.752,-463.363,-460.283,-8.44552,803.372,876.443,-167.14,-139.608,-183.632,-76.5619,39.504,-225.911,-113.97,-113.978,60.9452,-151.736,103.08,133.521,-30.9095,644.33,623.101,698.619,674.943,99.8946,99.8946,59.382,198.6,-39.2486,-39.2486,-141.025,-141.025,342.674,342.674,-153.718,-71.5427,50.2951,266.876,-513.484,3488.79,3138.33,-5405.13,79.9804,-1491.08,409.37,431.198,-253.578,-253.578,-151.17,-151.17,-102.485,-341.267,654.801,-3.64763,-60.3962,-60.3962,-109.023,-188.949,-95.3355,-65.9481,-44.654,-44.654,-81.8261,-80.7396,-261.004,-261.004,-302.412,-122.645,-275.154,-11.4496,-397.246,254.474,254.474,-156.08,-174.294,0,-125.694,-226.374,0,-145.125,313.839,313.839,197.835,-95.8549,152.317,153.442,166.525,-28.6117,-36.4491,-167.83,36.5097,650.457,239.369,103.949,103.949,-24.8701,-190.853,-190.853,-9.34303,-10.0808,496.296,0,-8.31094,-8.31094,0,-639.399,0,-173.295,0,150.059,0,-38.6968,65.2178,40.1008,94.5812,94.5812,0,44.2705,44.2705,59.8285,0,1.89788,-698.123,-698.123,-698.123,0.655798,0,0,0,-51.9017,-51.9017,-51.9017,0,33.6975,6.62952,6.62952,-1.03463,-700.849,3.92979,3.92979,-9.95142,-18.9948,-6.51998,54.8581,-24.5191,-24.3198,-12.9564,0,-2.22901,0,284.632,284.632,284.632,0,0,0,0,-25.471,-869.897,-61.6032,-61.6032,79.2527,741.018,-3.53004,-6.08237,0,-274.544,257.849,100.876,332.059,1828.87,1232.93,714.404,-95.4342,-26.4863,-348.864,-348.864,-878.091,435.38,-146.911,-2540.53,-1540.52,-64.4107,-93.1225,-228.267,-1172.8,-406.368,-467.447,350.103,-315.627,-3392.86,3600.93,1573.35,-7617.67,-718.62,912.248,-705.086,-27.5075,-655.597,119.154,-240.978,-120.265,-116.297,-125.573,-334.989,214.062,214.062,-218.314,-232.062,-232.062,-995.087,-152.006,0,-309.384,69.1387,607.243,0,0
2020-08-03 18:00:00 UTC,260.071,124.592,-302.103,7.72964,7.72964,182.833,-68.6846,-110.316,243.64,243.64,-765.782,-275.898,1258.11,42.1099,-132.544,-215.503,-625.524,-136.678,689.231,106.444,80.898,194.182,194.182,334.083,451.627,150.164,23.0611,-17.4886,-12.1113,-197.368,115.58,115.58,284.799,163.13,163.13,436.356,-203.15,-258.79,1734.33,1734.33,-252.112,-566.886,-462.329,-244.278,-305.475,575.544,1658.49,1690.46,1680.48,-26.9661,161.008,161.008,-38.413,79.4946,137.519,-10.3689,-10.3689,450.365,-176.643,-106.582,-289.328,316.063,190.027,-189.314,-189.314,2.9603,13.5684,-136.091,-136.091,-23.4402,-393.594,392.666,176.589,176.589,-2.1148,-2.1148,-1.95246,-2.34667,-4.03415,9.54273,2.42436,-26.0504,0.0342007,-0.0618343,1.86797,6.00614,-3.32879,-104.091,-104.091,-23.5143,-23.5143,-26.8522,-26.8522,107.403,107.403,107.403,-33.5794,-33.5794,9.21266,58.4026,15.2882,15.2882,-22.4321,-22.4321,110.112,25.1334,267.433,16.1273,16.1273,225.245,225.245,225.245,-646.579,184.871,184.871,188.498,188.498,-9.00486,-60.4093,-60.4093,-2.00681,-2.00681,1065.68,1065.68,-653.729,-653.729,0,30.8019,313.981,120.594,-333.276,-333.276,252.495,-1203.13,-676.458,256.161,1066.73,1066.73,-184.089,-184.089,901.263,901.263,-69.8343,-176.145,-207.851,-654.855,-313.812,-313.812,201.173,201.173,201.173,-623.27,-623.27,898.947,-2.88318,-2.88318,-286.836,636.482,636.482,-572.267,325.511,-45.7195,0,-328.503,-198.861,930.231,645.752,645.752,103.307,-7.64988,18.6015,513.092,513.092,-7.36333,-32.4363,-32.4363,-1486.34,655.269,1700.3,-1446.59,-1476.96,-1453.71,2669.99,-670.835,515.486,-1186.07,-1209.98,-1158.7,1225.48,361.648,267.847,-727.823,-1874.92,-50.0686,-1986.62,-5477.08,-3016.56,-3016.56,-160.64,2100.35,-231.797,-191.87,-178.199,108.34,-221.429,201.675,229.422,238.236,-245.451,-242.063,-246.354,240.662,-108.098,-108.098,214.926,-427.678,-427.678,1937.13,-275.184,-228.491,215.81,-193.329,-461.86,-793.385,-793.385,-268.797,-609.495,-671.776,-2382.27,898.288,-449.641,430.276,7.06225,-605.783,-804.258,-477.836,-474.681,-8.72146,828.497,903.768,-170.806,-142.841,-187.681,-78.2929,41.1055,-238.58,-116.97,-116.978,63.4738,-163.93,105.905,137.041,-30.1964,659.957,637.491,715.351,690.295,101.411,101.411,61.0726,201.45,-39.1625,-39.1625,-142.208,-142.208,352.702,352.702,-171.434,-74.2157,50.2452,273.011,-515.629,3593.08,3231.26,-5448.43,82.5728,-1564.33,443.111,451.944,-274.847,-274.847,-169.436,-169.436,-90.8307,-352.749,703.259,-0.646875,-67.2455,-67.2455,-117.532,-190.041,-165.936,-71.1766,-49.6087,-49.6087,-90.8898,-89.6713,-272.058,-272.058,-313.335,-126.75,-291.85,-36.1227,-452.792,269.827,269.827,-166.186,-185.868,0,-124.679,-225.786,0,-154.879,312.535,312.535,215.557,-112.742,163.558,164.751,177.486,-35.7358,-42.1629,-174.213,36.9286,652.951,243.984,107.816,107.816,-22.1228,-192.331,-192.331,-10.3603,-11.1071,482.637,0,3.15006,3.15006,0,-677.049,0,-175.665,0,152.929,0,-38.951,59.0376,40.2761,98.6842,98.6842,0,44.578,44.578,63.1012,0,2.3509,-780.714,-780.714,-780.714,0.774883,0,0,0,-59.2417,-59.2417,-59.2417,0,31.6476,4.30262,4.30262,-4.67474,-745.845,2.1148,2.1148,-12.2919,-22.1878,-8.29836,59.1863,-26.2972,-26.0858,-13.8926,0,-3.7459,0,287.568,287.568,287.568,0,0,0,0,-29.6983,-936.342,-61.3238,-61.3238,30.9943,799.056,-24.3699,-36.62,0,-312.115,262.02,106.339,267.436,1955.98,1262.51,743.091,-110.441,-30.092,-366.072,-366.072,-928.819,491.718,-158.466,-2762.61,-1594.2,-66.0571,-95.5685,-234.284,-1197.81,-414.855,-475.499,357.167,-325.176,-3480.58,3612.97,1579.65,-7681.08,-771.521,901.851,-701.104,-38.6365,-693.205,116.485,-241.662,-130.443,-52.2667,-138.972,-342.711,227.552,227.552,-240.233,-231.33,-231.33,-1056.78,-177.364,0,-313.033,68.2583,617.43,0,0
2020-08-03 19:00:00 UTC,259.342,122.386,-277.905,-1.82998,-1.82998,207.295,-62.7546,-98.2227,227.306,227.306,-791.708,-289.991,1298.43,40.4535,-140.902,-214.402,-648.909,-141.615,716.678,112.335,100.093,204.875,204.875,342.811,450.869,150.197,23.8489,-18.0909,-7.77706,-203.105,119.584,119.584,295.698,169.681,169.681,455.048,-216.926,-276.62,1870.25,1870.25,-267.493,-592.652,-474.39,-250.179,-324.063,621.904,1781.84,1815.96,1806.34,-29.542,171.274,171.274,-39.6765,85.4831,154.949,-9.84906,-9.84906,485.979,-179.338,-113.601,-301.984,341.422,206.264,-195.484,-195.484,1.99689,10.1173,-134.426,-134.426,-22.0049,-402.156,410.616,182.599,182.599,-0.379252,-0.379252,-1.88842,-2.23974,-4.25388,10.2006,1.74347,-28.3105,0.077562,-0.0207285,2.33419,6.66468,-3.07977,-108.942,-108.942,-26.7272,-26.7272,-30.4904,-30.4904,112.49,112.49,112.49,-33.2618,-33.2618,12.8327,63.9116,15.2657,15.2657,-23.772,-23.772,117.236,26.7214,276.276,17.2063,17.2063,235.894,235.894,235.894,-675.964,193.119,193.119,197.623,197.623,-9.34822,-63.8467,-63.8467,-3.85333,-3.85333,1119.75,1119.75,-678.606,-678.606,0,31.699,327.616,124.686,-345.654,-345.654,264.302,-1253.37,-705.642,268.856,1122.07,1122.07,-192.733,-192.733,947.578,947.578,-72.7154,-182.587,-231.505,-633.681,-328.857,-328.857,211.455,211.455,211.455,-655.755,-655.755,944.683,-2.88318,-2.88318,-301.037,676.056,676.056,-592.827,348.43,-39.9105,0,-339.726,-194.857,996.305,686.281,686.281,109.403,-5.52401,21.3653,535.551,535.551,10.336,-21.2388,-21.2388,-1582.64,721.153,1824.92,-1541.17,-1573.49,-1548.93,2897.69,-715.743,548.085,-1246.55,-1271.57,-1215.31,1271.77,403.611,303.874,-762.341,-1924.76,-51.1275,-2038.64,-5644.07,-3111.4,-3111.4,-155.464,2229.25,-242.903,-188.675,-182.476,107.756,-228.732,207.336,237.984,247.146,-252.057,-248.637,-252.988,249.712,-116.032,-116.032,222.388,-435.813,-435.813,2034.17,-293.635,-236.991,223.038,-199.276,-470.446,-819.97,-819.97,-268.93,-617.414,-680.646,-2414.25,895.95,-459.101,439.466,6.80607,-628.06,-820.27,-487.289,-484.088,-8.77292,844.619,921.3,-173.212,-145.044,-190.431,-79.4125,41.787,-246.585,-118.884,-118.893,64.9609,-172.174,107.709,139.245,-29.3944,669.86,646.583,725.947,699.987,102.59,102.59,62.3653,204.057,-39.1251,-39.1251,-143.115,-143.115,359.149,359.149,-182.58,-75.9991,50.3036,277.32,-517.266,3659.57,3290.19,-5482.03,84.5356,-1614.74,465.628,465.963,-289.053,-289.053,-182.865,-182.865,-82.1725,-360.725,735.286,1.88885,-72.0478,-72.0478,-122.235,-191.188,-210.172,-73.7953,-53.4861,-53.4861,-97.6777,-96.3598,-279.6,-279.6,-320.55,-129.391,-303.639,-56.5378,-494.956,280.309,280.309,-173.288,-194.044,0,-122.355,-223.104,0,-161.979,309.063,309.063,228.546,-125.96,171.613,172.853,185.066,-41.4271,-46.5195,-177.92,35.9652,651.357,246.996,110.319,110.319,-20.3713,-190.864,-190.864,-11.2351,-11.9855,467.338,0,13.5029,13.5029,0,-699.738,0,-176.242,0,152.962,0,-39.1366,51.3101,39.6451,101.552,101.552,0,44.2985,44.2985,66.1336,0,2.73839,-846.746,-846.746,-846.746,0.869557,0,0,0,-65.1265,-65.1265,-65.1265,0,29.306,2.00572,2.00572,-8.1352,-775.813,0.379252,0.379252,-14.2685,-24.6774,-9.85261,62.2697,-27.6952,-27.4747,-14.3901,2.2819e-09,-4.77588,0,288.395,288.395,288.395,0,0,0,0,-32.8714,-983.072,-61.0639,-61.0639,-12.6852,843.259,-42.8213,-63.6474,0,-343.146,263.802,110.267,208.808,2051.36,1280.01,763.255,-121.686,-32.852,-378.019,-378.019,-964.541,536.389,-166.256,-2919.54,-1628.85,-67.0902,-97.1274,-238.122,-1207.5,-421.929,-481.537,362.745,-333.691,-3528.74,3624.27,1585.79,-7730.5,-808.318,897.64,-697.584,-48.0604,-715.455,114.891,-241.483,-136.957,-11.347,-147.49,-347.81,237.028,237.028,-256.271,-228.291,-228.291,-1099.96,-198.311,0,-305.883,67.3334,621.556,0,0
2020-08-03 20:00:00 UTC,255.065,118.883,-244.694,-10.7807,-10.7807,226.049,-54.4342,-81.8493,208.777,208.777,-804.235,-299.587,1318.53,38.6285,-147.263,-210.923,-663.947,-144.786,732.254,116.107,115.615,212.927,212.927,347.687,444.513,148.458,24.408,-18.5202,-3.20556,-207.014,122.169,122.169,301.863,173.058,173.058,467.243,-226.392,-288.896,1963.35,1963.35,-278.186,-609.131,-480.864,-253.344,-337.428,658.219,1866.53,1902.12,1892.83,-31.3019,178.277,178.277,-40.2584,89.5758,167.74,-9.35879,-9.35879,510.641,-180.058,-118.339,-309.411,359.224,217.733,-198.509,-198.509,1.12119,7.11797,-132.445,-132.445,-20.659,-406.142,420.501,185.803,185.803,1.05247,1.05247,-1.83072,-2.14073,-4.40739,10.6539,1.14459,-29.867,0.0768218,-0.0212585,2.65379,7.10155,-2.81243,-112.101,-112.101,-29.1212,-29.1212,-33.1961,-33.1961,115.765,115.765,115.765,-32.466,-32.466,15.6474,67.7453,15.1487,15.1487,-24.6077,-24.6077,122.485,27.739,281.065,17.7475,17.7475,242.664,242.664,242.664,-694.777,197.964,197.964,203.385,203.385,-9.49381,-65.9999,-65.9999,-4.84412,-4.84412,1154.25,1154.25,-694.376,-694.376,0,32.353,336.465,127.457,-353.529,-353.529,271.825,-1285.61,-724.428,277.31,1157.27,1157.27,-198.215,-198.215,976.978,976.978,-74.6572,-186.658,-247.973,-616.519,-338.794,-338.794,218.657,218.657,218.657,-677.888,-677.888,973.48,-2.88318,-2.88318,-310.796,703.065,703.065,-605.775,365.226,-34.1393,0,-346.386,-190.424,1043.6,713.807,713.807,112.723,-4.59956,22.9599,548.743,548.743,23.7841,-12.5972,-12.5972,-1648,767.981,1910.35,-1605.47,-1639.1,-1613.7,3057.36,-746.45,570.01,-1286.68,-1312.42,-1252.71,1301.16,433.245,330.23,-784.177,-1953.68,-51.4012,-2068.58,-5739.57,-3165.09,-3165.09,-150.677,2316.19,-250.239,-185.056,-185.052,106.431,-233.207,210.586,243.152,252.525,-255.653,-252.223,-256.599,255.18,-121.6,-121.6,226.882,-440.469,-440.469,2096.36,-306.58,-242.518,227.383,-203.037,-474.826,-836.955,-836.955,-268.716,-620.932,-684.593,-2426.89,887.473,-464.074,443.994,6.81678,-640.207,-827.933,-491.807,-488.587,-9.00299,851.934,929.256,-174.257,-146.045,-191.544,-79.9022,41.9817,-250.032,-119.718,-119.726,65.6243,-176.964,108.495,140.191,-28.6769,674.297,650.645,730.694,704.315,102.998,102.998,63.0582,205.232,-39.1775,-39.1775,-143.545,-143.545,361.804,361.804,-187.705,-76.6978,50.3171,279.043,-517.965,3689.79,3315.38,-5498.76,85.4266,-1640.41,477.034,472.873,-295.987,-295.987,-190.925,-190.925,-76.5229,-365.194,751.614,2.8533,-75.3693,-75.3693,-123.844,-193.117,-221.411,-73.4628,-56.5439,-56.5439,-102.359,-100.972,-283.655,-283.655,-324.364,-130.794,-310.346,-70.2802,-522.126,286.954,286.954,-178.098,-199.605,0,-119.909,-220.863,0,-166.519,305.813,305.813,237.141,-135.181,176.557,177.823,190.298,-45.8739,-49.7924,-178.775,33.5326,645.445,247.612,111.414,111.414,-19.0087,-186.974,-186.974,-12.0847,-12.8406,454.128,0,23.2487,23.2487,0,-707.971,0,-174.358,0,151.161,0,-39.2664,43.1065,38.508,103.507,103.507,0,43.6676,43.6676,68.9066,0,3.01318,-892.527,-892.527,-892.527,0.934685,0,0,0,-68.995,-68.995,-68.995,0,27.1337,0.0531524,0.0531524,-10.9749,-792.106,-1.05247,-1.05247,-15.7236,-26.0431,-11.0636,63.7978,-28.6679,-28.4414,-14.5235,0,-5.21265,0,288.164,288.164,288.164,0,0,0,0,-34.3267,-1011.04,-60.7408,-60.7408,-45.7223,872.472,-56.8141,-84.1348,0,-364.847,263.5,112.687,164.216,2111.35,1288.1,774.82,-128.604,-34.447,-385.084,-385.084,-984.842,565.883,-170.783,-3008.44,-1645.85,-67.5345,-97.8054,-239.792,-1210.31,-425.284,-485.131,365.247,-333.82,-3546.06,3630.87,1589.17,-7755,-828.594,901.862,-694.136,-51.7764,-728.308,115.076,-242.577,-139.644,-2.08331,-152.047,-350.633,242.42,242.42,-265.792,-225.278,-225.278,-1128.47,-214.171,0,-286.626,66.8676,620.863,0,0
2020-08-03 21:00:00 UTC,255.663,118.172,-228.696,-14.5518,-14.5518,239.558,-49.8336,-72.7982,199.681,199.681,-820.402,-306.689,1342.51,35.4019,-151.199,-212.334,-674.759,-147.063,749.579,119.678,126.218,218.988,218.988,354.211,442.354,148.083,25.0251,-18.9848,0.525006,-211.413,124.84,124.84,307.193,175.533,175.533,478.704,-232.336,-296.613,2025.44,2025.44,-285.415,-620.711,-487.616,-256.651,-347.486,688.407,1921.23,1957.75,1948.72,-31.9193,183.053,183.053,-41.1204,91.8416,171.677,-9.53866,-9.53866,524.912,-184.957,-121.856,-315.228,369.155,224.157,-201.076,-201.076,1.15598,6.76698,-132.768,-132.768,-20.7033,-411.629,428.159,187.525,187.525,1.35193,1.35193,-1.86664,-2.15783,-4.4984,10.9493,1.06805,-30.4571,0.0663089,-0.0311134,2.73634,7.25313,-2.6591,-114.946,-114.946,-29.9108,-29.9108,-34.0798,-34.0798,118.589,118.589,118.589,-32.0063,-32.0063,16.3696,69.1882,15.3333,15.3333,-25.0272,-25.0272,126.958,28.2168,286.082,17.8359,17.8359,246.989,246.989,246.989,-707.135,200.397,200.397,207.079,207.079,-9.41855,-67.3594,-67.3594,-4.9077,-4.9077,1177.4,1177.4,-705.28,-705.28,0,33.0765,342.874,129.752,-359.047,-359.047,276.797,-1306.77,-736.78,283.56,1180.48,1180.48,-201.903,-201.903,996.333,996.333,-75.9276,-189.485,-258.542,-606.235,-345.731,-345.731,223.962,223.962,223.962,-692.674,-692.674,992.009,-2.88318,-2.88318,-317.656,721.03,721.03,-614.019,376.766,-29.4033,0,-350.178,-186.843,1075.71,731.926,731.926,113.942,-5.1092,24.6533,559.05,559.05,33.0258,-6.65424,-6.65424,-1690.27,798.776,1965.92,-1646.81,-1681.28,-1655.37,3161.77,-766.641,584.463,-1312.2,-1338.37,-1276.47,1320.14,452.616,345.956,-799.864,-1975.05,-51.5763,-2090.63,-5811.73,-3205.82,-3205.82,-147.853,2374.66,-254.637,-183.012,-187.677,104.141,-236.35,213.066,246.929,256.456,-258.383,-254.945,-259.341,259.164,-125.188,-125.188,230.135,-443.223,-443.223,2139.58,-314.326,-246.597,230.528,-206.455,-478.089,-848.181,-848.181,-268.24,-623.64,-687.648,-2436.65,885.033,-468.092,447.505,6.776,-650.2,-834.443,-495.644,-492.409,-9.13716,857.845,935.692,-175.087,-146.853,-192.382,-80.2785,42.2153,-252.842,-120.413,-120.421,66.2598,-180.82,109.148,140.966,-27.4716,677.78,653.812,734.422,707.69,103.188,103.188,63.7315,206.34,-39.0118,-39.0118,-143.624,-143.624,363.905,363.905,-192.085,-77.2793,49.709,280.157,-517.821,3715.45,3335.99,-5494.22,85.4886,-1659.68,485.989,478.784,-301.585,-301.585,-196.817,-196.817,-72.022,-368.618,767.049,3.71255,-77.7956,-77.7956,-125.534,-195.875,-236.528,-73.9353,-58.4377,-58.4377,-105.498,-104.066,-286.884,-286.884,-327.286,-131.763,-315.435,-80.4937,-540.809,290.824,290.824,-180.997,-202.971,0,-117.743,-218.193,0,-169.424,302.486,302.486,242.757,-141.113,180.089,181.376,193.378,-48.4226,-51.5956,-179.826,32.6586,644.29,248.977,112.322,112.322,-18.6091,-186.917,-186.917,-12.7855,-13.5618,457.295,0,27.4962,27.4962,0,-715.252,0,-179.281,0,150.771,0,-39.4188,37.6198,37.7751,105.706,105.706,0,43.3313,43.3313,71.3525,0,3.14158,-922.101,-922.101,-922.101,0.997411,0,0,0,-71.1548,-71.1548,-71.1548,0,27.2111,-0.305365,-0.305365,-11.5675,-803.209,-1.35193,-1.35193,-16.1833,-26.3525,-11.5638,63.0487,-29.2557,-29.0248,-14.3373,0,-4.98687,0,288.259,288.259,288.259,0,0,0,0,-36.9439,-1033.06,-60.431,-60.431,-67.9754,891.367,-66.4796,-98.2799,0,-378.873,263.589,114.319,133.52,2153.07,1294.45,783.839,-133.881,-36.1331,-390.646,-390.646,-1000.11,586.023,-174.485,-3079.91,-1660.62,-67.8997,-98.3697,-241.184,-1212.28,-428.386,-489.421,367.539,-335.982,-3562.28,3631.55,1589.75,-7748.54,-845.357,904.693,-691.147,-55.0068,-740.589,116.264,-244.537,-141.936,11.7032,-155.747,-352.326,246.589,246.589,-273.519,-222.629,-222.629,-1147.09,-225.562,0,-279.644,66.0634,620.836,0,0
2020-08-03 22:00:00 UTC,260.108,119.852,-232.118,-13.3974,-13.3974,247.948,-50.1164,-72.757,198.799,198.799,-836.681,-310.557,1365.45,31.5944,-152.492,-217.3,-680.084,-148.184,765.241,122.499,131.678,222.746,222.746,360.668,442.698,148.456,25.5859,-19.4011,3.2994,-215.435,127.083,127.083,310.704,176.672,176.672,487.533,-235.079,-300.178,2056.66,2056.66,-289.352,-627.195,-493.481,-259.522,-354.003,709.608,1946.94,1983.9,1975.02,-31.645,185.632,185.632,-42.0403,92.5148,168.867,-10.1506,-10.1506,529.884,-192.265,-124.293,-318.859,372.207,226.134,-202.443,-202.443,1.79862,8.22737,-134.573,-134.573,-21.6742,-417.25,433.539,187.857,187.857,0.864745,0.864745,-1.9633,-2.25549,-4.53306,11.0958,1.40394,-30.3296,0.0685706,-0.029009,2.67089,7.2095,-2.62029,-117.301,-117.301,-29.4624,-29.4624,-33.5606,-33.5606,120.746,120.746,120.746,-31.9008,-31.9008,15.5921,68.8638,15.7094,15.7094,-25.1557,-25.1557,130.384,28.2815,290.466,17.4937,17.4937,248.732,248.732,248.732,-712.658,200.694,200.694,208.358,208.358,-9.12223,-67.6537,-67.6537,-4.69184,-4.69184,1186.71,1186.71,-710.078,-710.078,0,33.3599,345.957,131.329,-361.629,-361.629,279.312,-1316.2,-742.292,287.072,1189.64,1189.64,-203.228,-203.228,1003.62,1003.62,-76.2959,-190.816,-263.432,-601.91,-349.363,-349.363,226.987,226.987,226.987,-699.841,-699.841,998.651,-2.88318,-2.88318,-321.576,729.723,729.723,-618.049,382.871,-26.2126,0,-351.557,-184.677,1091.76,740.257,740.257,113.366,-6.70373,25.4619,564.802,564.802,37.5943,-3.75023,-3.75023,-1710.29,813.519,1992.24,-1666.26,-1701.12,-1675.01,3211.57,-776.347,591.377,-1324.24,-1350.62,-1287.7,1328.96,461.646,353.485,-806.905,-1984.7,-51.5812,-2100.84,-5845.16,-3224.67,-3224.67,-146.85,2400.05,-255.334,-182.188,-189.251,102.315,-237.635,214.454,248.703,258.302,-259.675,-256.23,-260.639,261.019,-126.688,-126.688,231.636,-444.424,-444.424,2158.59,-316.436,-248.753,231.983,-208.364,-479.522,-852.977,-852.977,-267.646,-624.587,-688.728,-2438.18,884.241,-470.911,449.573,7.08021,-657.801,-837.186,-497.256,-494.018,-9.6603,860.122,938.177,-175.037,-146.886,-192.457,-80.3682,42.2431,-255.386,-120.447,-120.455,66.5023,-183.749,109.18,140.988,-27.2597,679.049,654.949,735.782,708.904,102.901,102.901,63.8406,205.781,-38.5446,-38.5446,-143,-143,364.364,364.364,-196.827,-77.4428,46.604,279.999,-515.363,3722.83,3341.39,-5431.05,84.8761,-1673.53,492.564,483.319,-305.833,-305.833,-200.985,-200.985,-68.1046,-371.23,781.765,5.32903,-79.3913,-79.3913,-127.392,-198.121,-260.243,-75.5903,-59.1433,-59.1433,-107.184,-105.726,-289.221,-289.221,-329.346,-132.387,-318.928,-88.0763,-552.438,291.94,291.94,-181.914,-204.061,0,-115.661,-214.545,0,-170.435,297.768,297.768,245.478,-143.904,182.192,183.491,194.294,-49.1976,-52.049,-181.322,34.1499,643.823,250.618,112.727,112.727,-19.3083,-189.98,-189.98,-13.2099,-14.0124,471.36,0,26.3991,26.3991,0,-720.305,0,-188.715,0,151.157,0,-39.5633,34.0272,37.3715,107.717,107.717,0,43.1861,43.1861,73.2723,0,3.1403,-935.905,-935.905,-935.905,1.05014,0,0,0,-71.9516,-71.9516,-71.9516,0,28.7893,0.437896,0.437896,-10.6042,-809.252,-0.864745,-0.864745,-15.8891,-26.1564,-11.4883,60.9556,-29.5415,-29.3076,-13.8867,0,-4.09795,0,288.447,288.447,288.447,0,0,0,0,-38.4571,-1045.04,-60.3372,-60.3372,-78.5729,900.349,-71.2737,-105.292,0,-385.347,263.691,115.095,118.678,2171.43,1297.61,788.105,-136.346,-36.9359,-393.741,-393.741,-1007.09,594.446,-177.377,-3116.22,-1665.41,-67.9114,-98.3968,-241.252,-1210.94,-428.838,-490.609,367.202,-338.612,-3557.81,3573.88,1559.15,-7655.21,-858.377,905.433,-688.648,-61.066,-748.448,117.382,-245.203,-143.923,35.2442,-158.964,-353.047,249.067,249.067,-279.261,-219.594,-219.594,-1155.34,-232.76,0,-291.064,65.8073,620.901,0,0
2020-08-03 23:00:00 UTC,257.639,118.93,-224.299,-11.5538,-11.5538,243.267,-47.9555,-68.7055,194.425,194.425,-828.545,-306.31,1351.38,27.834,-150.235,-217.937,-670.49,-146.164,758.469,121.318,128.229,220.82,220.82,358.794,438.323,147.124,25.5059,-19.3464,4.00044,-214.769,126.155,126.155,306.073,173.114,173.114,482.829,-230.856,-294.69,2009.69,2009.69,-285.406,-618.499,-489.694,-257.709,-350.423,702.249,1904.46,1940.67,1931.68,-30.3855,182.445,182.445,-41.8111,90.2374,160.227,-10.6009,-10.6009,516.629,-194.444,-122.815,-314.838,362.723,219.994,-199.733,-199.733,2.36028,9.91535,-135.768,-135.768,-22.5108,-414.663,424.974,183.286,183.286,0.0882535,0.0882535,-2.03377,-2.34037,-4.45707,10.8867,1.83884,-29.3191,0.0496545,-0.0469458,2.46784,6.91642,-2.67107,-116.499,-116.499,-27.931,-27.931,-31.8186,-31.8186,119.553,119.553,119.553,-31.6767,-31.6767,13.9155,66.4423,15.8675,15.8675,-24.652,-24.652,129.503,27.6022,287.591,16.4216,16.4216,244.759,244.759,244.759,-702.62,196.282,196.282,204.727,204.727,-8.59277,-66.21,-66.21,-3.65213,-3.65213,1166.91,1166.91,-701.489,-701.489,0,33.1282,341.758,130.504,-357.468,-357.468,275.594,-1299.21,-732.368,284.146,1169.11,1169.11,-200.173,-200.173,986.072,986.072,-75.0843,-188.666,-256.343,-608.412,-345.153,-345.153,224.426,224.426,224.426,-690.157,-690.157,980.615,-2.88318,-2.88318,-318.366,717.643,717.643,-612.32,377.547,-25.6796,0,-347.525,-185.006,1073.03,727.271,727.271,110.061,-8.89737,23.9995,556.651,556.651,31.3492,-7.73366,-7.73366,-1678.47,791.584,1949.98,-1634.69,-1668.89,-1643.28,3136.29,-762.018,580.569,-1305.6,-1331.64,-1270.62,1314.63,447.917,344.001,-793.247,-1963.94,-51.2949,-2079.83,-5779.38,-3186.62,-3186.62,-147.56,2354.42,-249.779,-181.874,-189.736,97.767,-234.712,212.475,245.401,254.863,-257.064,-253.632,-258.016,257.513,-124.104,-124.104,228.753,-440.392,-440.392,2122.58,-308.941,-246.15,229.201,-208.635,-475.983,-844.163,-844.163,-267.479,-620.683,-684.374,-2421.3,880.587,-467.193,445.152,7.36519,-647.72,-830.392,-493.24,-490.025,-9.81738,852.416,929.809,-174.148,-146.133,-191.336,-79.8174,41.4537,-250.53,-119.62,-119.628,65.5668,-180.207,108.4,140.01,-26.3245,674.225,650.501,730.629,704.169,102.671,102.671,63.6983,206.177,-38.3904,-38.3904,-142.742,-142.742,361.176,361.176,-189.599,-76.6819,43.5574,278.332,-513.04,3693.81,3313.45,-5370.42,84.6855,-1649.1,480.562,476.258,-298.108,-298.108,-196.076,-196.076,-71.4495,-367.504,763.61,4.99377,-77.0707,-77.0707,-124.232,-199.37,-228.236,-73.3265,-58.181,-58.181,-104.767,-103.345,-285.887,-285.887,-326.392,-131.464,-314.176,-83.3772,-537.561,286.467,286.467,-178.667,-200.392,0,-114.097,-212.373,0,-167.304,294.71,294.71,240.162,-140.598,178.235,179.509,190.707,-48.0943,-50.9757,-178.439,32.8562,640.34,250.35,111.636,111.636,-20.959,-188.285,-188.285,-13.2952,-14.1114,481.628,0,24.5233,24.5233,0,-703.618,0,-193.306,0,149.778,0,-39.5381,33.0374,36.892,107.385,107.385,0,42.904,42.904,73.483,0,2.9534,-912.796,-912.796,-912.796,1.02997,0,0,0,-69.7034,-69.7034,-69.7034,0,30.1558,1.46756,1.46756,-9.06478,-791.546,-0.0882535,-0.0882535,-14.9305,-25.0317,-10.8351,58.3518,-29.1878,-28.9558,-13.0154,4.86858e-12,-2.5099,0,288.252,288.252,288.252,0,0,0,0,-36.0535,-1028.99,-60.2177,-60.2177,-62.9247,885.664,-65.3021,-96.5293,0,-374.94,263,113.694,140.136,2135.25,1290.27,783.044,-132.038,-35.4812,-390.102,-390.102,-993.081,577.202,-174.138,-3053.74,-1651.74,-67.4548,-97.7218,-239.591,-1202.82,-429.195,-493.203,366.715,-341.707,-3527.75,3508.71,1524.58,-7565.55,-841.086,917.013,-688.952,-60.6746,-729.989,119.391,-245.592,-139.888,4.6224,-152.339,-351.412,245.05,245.05,-272.393,-216.929,-216.929,-1132.97,-229.104,0,-280.238,66.867,619.018,0,0
2020-08-04 00:00:00 UTC,251.166,117.239,-233.206,-5.04643,-5.04643,224.061,-50.8348,-74.755,193.747,193.747,-796.388,-290.979,1299.21,22.8728,-142.017,-216.708,-639.565,-139.644,727.515,115.771,114.435,210.578,210.578,346.496,423.047,142.324,24.7129,-18.7707,3.74015,-208.757,121.682,121.682,292.354,164.31,164.31,462.17,-219.483,-279.934,1887.63,1887.63,-273.414,-595.235,-475.79,-250.949,-336.794,667.472,1796.42,1830.76,1821.39,-28.1603,173.739,173.739,-39.9313,85.1215,147.591,-10.6588,-10.6588,486.302,-189.681,-117.481,-300.282,342.03,206.655,-189.928,-189.928,2.57519,11.0592,-135.505,-135.505,-22.7948,-403.211,404.297,170.399,170.399,-0.672108,-0.672108,-2.05576,-2.37976,-4.28182,10.3474,2.23954,-27.5965,0.0136433,-0.0810524,2.18455,6.42873,-2.73748,-112.477,-112.477,-25.6756,-25.6756,-29.2582,-29.2582,114.957,114.957,114.957,-30.9503,-30.9503,11.8467,62.3571,15.6875,15.6875,-23.5618,-23.5618,124.622,26.2395,277.228,14.6314,14.6314,235.082,235.082,235.082,-676.996,187.116,187.116,196.23,196.23,-7.84055,-62.9969,-62.9969,-1.41989,-1.41989,1118.57,1118.57,-679.935,-679.935,0,32.5678,330.549,127.517,-346.836,-346.836,265.561,-1255.66,-706.976,274.789,1119.23,1119.23,-192.742,-192.742,944.016,944.016,-72.3523,-183.152,-236.85,-626.555,-333.127,-333.127,216.47,216.47,216.47,-663.394,-663.394,938.16,-2.88318,-2.88318,-308.244,684.978,684.978,-596.574,360.17,-28.2152,0,-337.782,-187.955,1018.73,693.115,693.115,103.625,-12.1601,21.2015,535.031,535.031,15.1606,-18.0392,-18.0392,-1595.96,733.973,1841.58,-1553.2,-1585.71,-1561.27,2938.99,-724.044,552.535,-1255.56,-1280.7,-1224.23,1276.64,411.58,316.019,-760.677,-1916.15,-50.5871,-2030.63,-5624.4,-3098.02,-3098.02,-150.912,2237.35,-236.49,-182.727,-188.165,93.6335,-227.674,207.633,237.442,246.576,-250.913,-247.512,-251.84,249.08,-117.044,-117.044,221.815,-432.226,-432.226,2031.33,-290.195,-239.084,222.493,-206.031,-468.374,-821.301,-821.301,-267.335,-612.889,-675.668,-2389.97,878.205,-457.346,435.161,7.27646,-622.479,-815.969,-484.726,-481.553,-9.26748,836.848,912.893,-172.612,-144.779,-189.494,-78.8212,39.7793,-240.772,-118.057,-118.066,63.4917,-170.371,106.927,138.198,-25.6324,664.55,641.594,720.287,694.684,102.728,102.728,63.28,207.204,-38.725,-38.725,-143.104,-143.104,355.384,355.384,-174.233,-75.3543,42.7979,276.088,-512.659,3635.87,3259.74,-5357.9,85.2334,-1595.8,453.025,460.612,-280.806,-280.806,-183.506,-183.506,-81.9898,-357.97,723.43,2.78787,-70.7187,-70.7187,-118.274,-199.06,-172.031,-70.3543,-53.8204,-53.8204,-96.8825,-95.5761,-277.741,-277.741,-318.929,-128.958,-302.276,-70.8082,-495.199,269.481,269.481,-168.232,-188.558,0,-109.739,-204.298,0,-157.344,283.673,283.673,224.086,-130.906,167.692,168.9,179.17,-42.6868,-46.2239,-173.006,31.948,637.134,250.251,109.239,109.239,-24.9973,-184.202,-184.202,-12.5213,-13.3245,486.631,0,17.1746,17.1746,0,-663.527,0,-197.052,0,144.815,0,-39.3207,34.8143,35.5441,104.378,104.378,0,42.0852,42.0852,72.3658,0,2.58433,-854.566,-854.566,-854.566,0.937982,0,0,0,-64.3582,-64.3582,-64.3582,0,30.6442,2.33765,2.33765,-7.55315,-745.094,0.672108,0.672108,-13.5173,-23.2228,-9.8024,55.2568,-28.2266,-28.0013,-11.7088,0,-0.25423,0,287.802,287.802,287.802,0,0,0,0,-32.4242,-984.422,-60.3958,-60.3958,-22.8561,848.159,-49.028,-72.6787,0,-347.982,261.788,110.256,195.068,2047.84,1273.67,768.64,-121.618,-32.6902,-379.496,-379.496,-959.862,535.472,-164.944,-2906.1,-1622.08,-66.6064,-96.4492,-236.459,-1188.57,-429.343,-494.565,366.089,-343.307,-3469.49,3479.85,1509.15,-7546.71,-798.403,928.823,-693.729,-52.9152,-697.097,121.878,-244.791,-131.814,-45.5579,-139.399,-346.333,235.286,235.286,-254.747,-209.394,-209.394,-1066.82,-213.092,0,-272.709,68.8685,615.807,0,0
2020-08-04 01:00:00 UTC,240.911,114.639,-249.796,4.51772,4.51772,192.59,-56.2307,-85.691,198.237,198.237,-743.225,-266.259,1213.9,17.974,-128.821,-213.392,-591.296,-129.436,675.883,106.322,91.6922,193.055,193.055,325.48,400.872,135.238,23.2814,-17.7089,1.88249,-197.874,114.042,114.042,270.704,150.966,150.966,427.717,-200.832,-255.793,1692.32,1692.32,-253.046,-555.628,-452.167,-239.389,-312.917,606.488,1621.66,1652.93,1643.11,-24.7764,159.276,159.276,-37.1864,76.9165,127.428,-10.7423,-10.7423,437.67,-181.714,-108.666,-277.074,308.304,185.084,-174.662,-174.662,2.95378,13.0567,-134.647,-134.647,-23.2607,-383.927,371.747,152.139,152.139,-1.98815,-1.98815,-2.07915,-2.43363,-3.98986,9.44126,2.87686,-24.8258,-0.0127051,-0.106151,1.74699,5.66511,-2.86973,-105.387,-105.387,-22.0281,-22.0281,-25.1203,-25.1203,107.131,107.131,107.131,-29.9564,-29.9564,8.42508,55.7397,15.3164,15.3164,-21.7973,-21.7973,115.721,24.0579,259.988,12.4704,12.4704,218.833,218.833,218.833,-632.945,173.228,173.228,182.319,182.319,-6.90765,-57.8954,-57.8954,1.54642,1.54642,1037.16,1037.16,-641.967,-641.967,0,31.3609,310.419,121.523,-327.882,-327.882,247.911,-1180.14,-663.136,257.111,1035.81,1035.81,-179.928,-179.928,874.071,874.071,-67.925,-173.26,-204.408,-650.849,-311.449,-311.449,201.907,201.907,201.907,-616.931,-616.931,868.286,-2.88318,-2.88318,-289.693,629.519,629.519,-567.801,329.339,-33.8885,0,-320.833,-191.636,926.117,635.662,635.662,93.503,-16.1888,17.0732,497.936,497.936,-8.97615,-33.1755,-33.1755,-1459.61,642.075,1665.26,-1419.09,-1448.83,-1426.27,2620.28,-661.03,506.021,-1169.62,-1193.18,-1143.78,1208.05,352.918,270.725,-706.144,-1831.9,-48.72,-1942.5,-5343.84,-2937.68,-2937.68,-156.185,2042.42,-214.582,-183.836,-182.424,91.4225,-215.34,198.783,223.448,232.012,-239.47,-236.142,-240.35,234.287,-105.076,-105.076,209.589,-418.861,-418.861,1876.83,-259.321,-226.241,210.639,-198.085,-453.973,-780.457,-780.457,-266.159,-597.845,-658.832,-2328.43,867.778,-439.563,417.607,7.30369,-581.664,-786.822,-467.513,-464.429,-8.75204,806.707,880.117,-168.601,-141.335,-185.212,-76.8262,37.2186,-225.547,-114.594,-114.602,60.1236,-155.152,103.664,134.085,-25.6511,645.854,624.39,700.274,676.335,101.634,101.634,61.8142,206.011,-39.0862,-39.0862,-142.423,-142.423,343.736,343.736,-152.003,-72.7807,43.0302,270.001,-511.346,3512.94,3149.76,-5331.13,83.7322,-1510.74,409.892,434.448,-253.633,-253.633,-163.381,-163.381,-97.2325,-343.398,662.57,-0.817038,-61.7013,-61.7013,-108.212,-196.534,-90.1341,-64.7381,-47.1711,-47.1711,-84.9726,-83.8403,-264.063,-264.063,-305.868,-124.386,-282.667,-49.9389,-429.934,244.458,244.458,-152.63,-170.842,0,-104.458,-193.94,0,-142.507,269.819,269.819,199.732,-114.117,151.649,152.757,161.941,-34.4271,-39.0851,-164.424,31.5029,628.022,247.959,104.675,104.675,-30.9105,-177.775,-177.775,-11.1452,-11.915,486.461,0,6.10705,6.10705,0,-606.589,0,-198.401,0,137.498,0,-38.9511,39.8981,33.7814,98.937,98.937,0,40.9058,40.9058,69.5668,0,2.0582,-761.414,-761.414,-761.414,0.789441,0,0,0,-56.2959,-56.2959,-56.2959,0,31.4698,3.88979,3.88979,-4.92797,-676.025,1.98815,1.98815,-11.2273,-20.7228,-8.09883,50.6281,-26.4543,-26.2417,-10.4548,0,2.54235,0,285.086,285.086,285.086,0,0,0,0,-28.0141,-908.584,-60.3853,-60.3853,36.2696,785.077,-24.1033,-36.1559,0,-305.317,258.145,104.207,275.651,1899.29,1240.08,738.219,-103.62,-28.5652,-360.126,-360.126,-899.545,468.032,-150.572,-2638.79,-1558,-64.6855,-93.6227,-229.51,-1150.08,-423.322,-486.907,361.029,-336.552,-3354.21,3467.65,1502.78,-7507.54,-731.491,942.163,-700.633,-39.3405,-649.334,124.253,-241.5,-119.129,-119.724,-122.2,-337.959,219.111,219.111,-226.778,-199.641,-199.641,-970.85,-186.325,0,-268.299,71.8248,605.907,0,0
2020-08-04 02:00:00 UTC,232.953,113.633,-271.595,15.5305,15.5305,157.402,-62.5756,-98.8113,213.405,213.405,-685.36,-239.952,1123.65,18.435,-114.603,-208.898,-543.616,-119.32,619.098,95.3513,64.8863,173.931,173.931,302.972,384.363,129.704,21.6098,-16.4309,-2.70799,-185.134,105.574,105.574,248.657,138.025,138.025,390.469,-178.83,-227.404,1473.61,1473.61,-228.161,-508.309,-425.527,-226.249,-283.088,533.189,1422.46,1450.2,1440.13,-20.9454,142.272,142.272,-34.707,67.4191,102.414,-11.1102,-11.1102,381.678,-174.187,-97.931,-253.147,268.48,159.898,-160.624,-160.624,3.79926,16.5663,-134.071,-134.071,-24.3634,-363.02,337.087,136.732,136.732,-4.00002,-4.00002,-2.12678,-2.52689,-3.6373,8.35375,3.72187,-21.415,-0.0444201,-0.136378,1.15673,4.71544,-3.09622,-96.8261,-96.8261,-17.4266,-17.4266,-19.9033,-19.9033,97.9891,97.9891,97.9891,-29.3113,-29.3113,3.7489,47.52,14.9674,14.9674,-19.6564,-19.6564,104.402,21.477,241.056,10.2916,10.2916,199.684,199.684,199.684,-580.233,157.384,157.384,165.99,165.99,-6.11079,-51.9962,-51.9962,4.43449,4.43449,941.747,941.747,-595.684,-595.684,0,29.6691,286.012,113.857,-304.71,-304.71,226.925,-1088.37,-610.173,235.628,938.507,938.507,-164.66,-164.66,792.434,792.434,-62.7756,-161.144,-166.731,-671.091,-285.283,-285.283,184.214,184.214,184.214,-560.781,-560.781,787.023,-2.88318,-2.88318,-266.221,563.947,563.947,-529.977,292.272,-40.283,0,-299.02,-192.932,817.976,568.18,568.18,82.2389,-19.7967,12.151,455.588,455.588,-32.5467,-47.5412,-47.5412,-1300.25,540.424,1463.51,-1262.81,-1289.33,-1268.99,2260.97,-587.762,451.409,-1064.2,-1085.8,-1044.09,1120.4,287.474,217.472,-644.296,-1729.86,-45.7918,-1834.11,-5000.97,-2741.84,-2741.84,-161.468,1819.91,-190.546,-184.628,-173.91,89.7377,-200.458,187.655,206.611,214.498,-225.286,-222.059,-226.109,216.519,-91.3851,-91.3851,194.795,-401.618,-401.618,1699.44,-224.467,-210.44,196.24,-186.984,-434.642,-729.198,-729.198,-263.064,-577.736,-636.333,-2243.88,850.624,-417.79,396.296,7.44257,-536.976,-748.047,-444.604,-441.644,-8.58955,767.295,837.238,-162.306,-135.966,-178.816,-74.1221,34.3051,-209.077,-109.539,-109.548,56.086,-139.679,98.9109,128.071,-28.0795,621.075,601.517,673.715,651.902,99.0567,99.0567,58.9271,200.417,-39.1931,-39.1931,-140.207,-140.207,327.854,327.854,-130.294,-69.0429,42.6028,260.382,-507.497,3343.15,2999.78,-5253.54,79.9478,-1416.73,363.954,404.323,-224.553,-224.553,-140.905,-140.905,-111.575,-328.463,599.27,-4.37061,-53.283,-53.283,-96.1005,-191.729,-6.90184,-57.0729,-40.7027,-40.7027,-73.1862,-72.2254,-248.22,-248.22,-289.947,-118.502,-260.19,-23.8466,-360.872,221.181,221.181,-137.785,-153.922,0,-102.144,-188.398,0,-128.135,261.656,261.656,175.469,-93.1671,135.796,136.807,145.748,-25.6483,-31.8033,-155.222,31.0825,615.955,242.06,98.88,98.88,-35.9115,-173.293,-173.293,-9.69857,-10.4366,488.93,0,-6.46261,-6.46261,0,-553.28,0,-192.849,0,131.793,0,-38.5575,48.735,32.9141,92.5669,92.5669,0,40.075,40.075,64.9701,0,1.54207,-656.829,-656.829,-656.829,0.631165,0,0,0,-47.5125,-47.5125,-47.5125,0,33.3694,6.42341,6.42341,-0.89307,-610.55,4.00002,4.00002,-8.34305,-17.5723,-5.92418,45.2496,-24.1465,-23.9501,-9.19281,0,4.93038,0,279.274,279.274,279.274,0,0,0,0,-22.3084,-823.443,-59.7467,-59.7467,93.0655,709.623,1.09408,0.772538,0,-259.157,251.114,96.6944,351.943,1725.9,1193.54,697.578,-83.1383,-23.6496,-336.972,-336.972,-827.039,394.067,-135.9,-2320.86,-1469.37,-61.8733,-89.4961,-219.367,-1094.93,-408.394,-468.285,349.036,-318.979,-3192.98,3429.99,1482.86,-7393.67,-660.838,950.745,-706.96,-25.2814,-599.427,125.142,-236.023,-105.396,-196.152,-107.072,-329.422,200.875,200.875,-197.22,-194.554,-194.554,-882.273,-155.676,0,-264.384,73.7601,588.56,0,0
2020-08-04 03:00:00 UTC,224.754,111.892,-288.831,23.434,23.434,127.478,-67.7786,-109.785,224.589,224.589,-635.601,-218.065,1046,19.8702,-102.995,-203.577,-504.117,-110.914,570.233,86.0651,43.7368,157.628,157.628,282.433,369.354,124.522,20.0945,-15.2455,-6.78861,-173.349,98.084,98.084,230.271,127.626,127.626,358.868,-161.164,-204.678,1305.97,1305.97,-207.336,-469.417,-402.025,-214.573,-257.318,472.313,1268.77,1293.73,1283.68,-18.2742,128.624,128.624,-32.415,60.164,85.6392,-11.0766,-11.0766,339.237,-164.858,-88.6902,-233.603,238.394,141.085,-149.685,-149.685,4.09145,18.347,-131.863,-131.863,-24.6013,-344.077,311.241,129.567,129.567,-5.22418,-5.22418,-2.10956,-2.5354,-3.36113,7.48674,4.11334,-18.9378,-0.0851596,-0.175012,0.73612,4.01858,-3.21982,-89.1965,-89.1965,-14.3313,-14.3313,-16.3953,-16.3953,90.1367,90.1367,90.1367,-28.6001,-28.6001,0.720968,41.5566,14.4711,14.4711,-17.9462,-17.9462,94.4521,19.5028,224.765,8.94304,8.94304,184.725,184.725,184.725,-538.218,145.317,145.317,153.386,153.386,-5.8627,-47.665,-47.665,6.2565,6.2565,867.965,867.965,-558.295,-558.295,0,28.2649,266.416,107.024,-285.84,-285.84,210.148,-1014.21,-567.608,218.301,863.574,863.574,-152.965,-152.965,729.727,729.727,-58.9509,-151.282,-137.414,-680.761,-264.215,-264.215,169.814,169.814,169.814,-515.472,-515.472,724.7,-2.88318,-2.88318,-246.293,512.068,512.068,-496.771,262.684,-44.7236,0,-280.217,-191.607,733.817,515.363,515.363,74.8253,-20.6893,8.53314,422.762,422.762,-47.4623,-56.179,-56.179,-1174.37,464.674,1307.45,-1139.57,-1163.54,-1144.97,1987.87,-530.412,408.164,-977.038,-996.983,-960.925,1046.1,238.578,174.734,-597.971,-1648.33,-43.021,-1746.21,-4725.69,-2584.86,-2584.86,-164.592,1651.83,-174.043,-184.701,-166.059,88.9281,-188.777,178.237,193.254,200.612,-213.715,-210.584,-214.491,202.465,-81.0169,-81.0169,183.017,-386.693,-386.693,1564.58,-199.388,-197.306,184.726,-177.141,-417.769,-686.895,-686.895,-259.418,-560.287,-616.832,-2169.75,834.436,-399.54,378.817,7.43309,-502.49,-715.281,-425.239,-422.389,-8.48138,734.131,801.144,-156.651,-131.109,-172.922,-71.7771,32.1371,-195.913,-105.127,-105.135,52.8568,-128.525,94.7712,122.858,-29.6323,599.824,581.819,650.907,630.827,96.3119,96.3119,56.3903,194.61,-38.9143,-38.9143,-137.495,-137.495,314.051,314.051,-114.135,-65.9502,39.8752,251.223,-501.63,3199.01,2870.65,-5131.7,75.8903,-1342.8,329.489,380.207,-202.607,-202.607,-122.721,-122.721,-121.36,-317.588,550.552,-6.72985,-47.5843,-47.5843,-85.333,-186.86,59.2154,-49.5037,-36.5551,-36.5551,-65.1175,-64.2736,-235.435,-235.435,-276.476,-113.243,-242.003,0.915557,-308.536,207.72,207.72,-128.709,-143.496,0,-104.454,-191.006,0,-119.182,264.665,264.665,159.093,-74.0122,125.111,126.056,136.036,-19.308,-26.8331,-147.938,30.7783,606.443,234.446,94.0679,94.0679,-37.7903,-168.323,-168.323,-8.34188,-9.03599,478.491,0,-15.3311,-15.3311,0,-512.906,0,-185.401,0,126.455,0,-38.2276,54.3818,32.2289,86.6744,86.6744,0,39.1733,39.1733,60.5696,0,1.21306,-577.648,-577.648,-577.648,0.506685,0,0,0,-41.0515,-41.0515,-41.0515,0,33.886,7.90004,7.90004,1.57478,-570.375,5.22418,5.22418,-6.41686,-15.1239,-4.44003,41.8386,-22.2217,-22.0394,-8.3822,0,5.6737,0,272.725,272.725,272.725,0,0,0,0,-17.9774,-758.23,-58.8536,-58.8536,128.026,648.697,17.669,25.0737,0,-225.758,242.958,90.4523,398.063,1592.06,1151.92,662.584,-67.9634,-20.0369,-318.3,-318.3,-769.861,340.66,-125.194,-2073.94,-1395.06,-59.4296,-85.8954,-210.516,-1052.17,-394.017,-450.178,337.75,-303.144,-3057.36,3351.87,1441.79,-7214.77,-607.957,953.223,-711.231,-15.5594,-559.588,124.694,-230.387,-94.8097,-256.075,-97.1999,-324.169,186.831,186.831,-175.6,-197.13,-197.13,-830.404,-128.849,0,-261.76,73.7973,570.72,0,0
2020-08-04 04:00:00 UTC,208.776,105.699,-286.544,25.3034,25.3034,102.906,-68.9643,-112.753,217.316,217.316,-578.817,-197.959,958.291,21.0568,-93.7486,-191.93,-465.784,-102.735,518.187,76.874,28.524,142.968,142.968,259.82,346.636,116.873,18.5556,-14.022,-8.93622,-160.971,90.3466,90.3466,211.224,116.794,116.794,327.207,-145.088,-184.047,1152.29,1152.29,-188.069,-429.695,-375.34,-201.247,-233.461,419.08,1127.27,1149.64,1139.79,-16.0753,115.68,115.68,-30.0176,53.5818,72.273,-10.7557,-10.7557,300.961,-153.788,-80.0753,-213.778,211.331,124.326,-137.9,-137.9,3.91443,18.7131,-127.445,-127.445,-24.038,-321.706,281.118,114.755,114.755,-5.91061,-5.91061,-2.04825,-2.47731,-3.10599,6.66762,4.21032,-16.7476,-0.134085,-0.221322,0.398338,3.40349,-3.17886,-81.3004,-81.3004,-11.9345,-11.9345,-13.6725,-13.6725,82.1372,82.1372,82.1372,-27.0636,-27.0636,-1.39831,36.3203,13.7308,13.7308,-16.2643,-16.2643,84.9882,17.6151,206.689,7.90877,7.90877,170.461,170.461,170.461,-497.616,133.976,133.976,141.58,141.58,-5.83208,-43.8048,-43.8048,7.96194,7.96194,798.747,798.747,-522.121,-522.121,0,27.0599,247.576,99.9256,-267.472,-267.472,193.732,-942.075,-526.383,201.41,793.308,793.308,-142.159,-142.159,671.156,671.156,-55.4928,-141.686,-110.961,-682.651,-243.718,-243.718,156.076,156.076,156.076,-472.493,-472.493,666.46,-2.88318,-2.88318,-226.607,463.564,463.564,-462.661,235.673,-47.1572,0,-260.96,-187.487,657.666,466.359,466.359,68.8582,-20.1042,5.68796,387.923,387.923,-58.1481,-61.8324,-61.8324,-1056.25,397.888,1163.66,-1023.98,-1045.56,-1028.69,1741.96,-477.092,367.744,-892.165,-910.473,-879.422,971.939,195.573,135.752,-554.605,-1566.24,-39.9521,-1656.87,-4450.68,-2428.04,-2428.04,-164.503,1499.24,-161.455,-182.048,-158.054,86.9087,-177.531,168.412,180.225,187.072,-201.822,-198.816,-202.552,188.783,-72.0704,-72.0704,171.472,-370.052,-370.052,1437.54,-179.882,-184.319,173.393,-167.691,-399.766,-645.617,-645.617,-253.62,-541.409,-595.773,-2092.75,810.864,-376.147,357.996,5.53825,-460.424,-682.028,-405.591,-402.849,-6.18371,699.511,763.463,-151.492,-126.617,-167.034,-69.4163,29.7205,-179.015,-100.931,-100.939,49.3057,-114.075,90.8405,117.947,-31.4377,577.138,560.688,626.537,608.191,93.9394,93.9394,53.6871,189.304,-38.8917,-38.8917,-135.435,-135.435,299.951,299.951,-91.5999,-62.2243,37.7111,242.32,-496.46,3056.19,2740.77,-5026.67,72.6464,-1264.02,287.228,351.858,-175.985,-175.985,-104.406,-104.406,-134.681,-303.901,488.512,-9.77631,-39.5733,-39.5733,-70.7623,-181.071,140.413,-40.0465,-31.2168,-31.2168,-55.2826,-54.5804,-220.098,-220.098,-259.947,-106.804,-221.828,16.9406,-255.083,186.361,186.361,-115.476,-128.49,0,-98.9538,-180.845,0,-106.433,250.097,250.097,138.812,-59.4285,111.442,112.297,121.534,-13.0161,-21.1553,-137.817,29.0071,593.04,223.482,88.9737,88.9737,-37.3264,-157.237,-157.237,-6.98109,-7.60748,446.287,0,-18.4015,-18.4015,0,-468.082,0,-171.329,0,118.585,0,-37.9121,55.1429,30.6955,80.4855,80.4855,0,37.5495,37.5495,56.679,0,0.954565,-506.132,-506.132,-506.132,0.393647,0,0,0,-35.3987,-35.3987,-35.3987,0,33.1658,8.59648,8.59648,2.96238,-510.628,5.91061,5.91061,-4.9022,-12.8977,-3.34961,38.2291,-20.2944,-20.1268,-7.76389,0,5.76546,0,264.538,264.538,264.538,0,0,0,0,-14.5766,-689.677,-57.5146,-57.5146,152.69,590.188,29.9435,43.0891,0,-196.014,232.788,84.2399,429.094,1465.27,1105.9,627.905,-54.2546,-17.1954,-298.187,-298.187,-713.766,293.558,-111.15,-1832.18,-1325.23,-57.1215,-82.4732,-202.101,-1017.81,-380.451,-436.209,326.191,-288.409,-2930.06,3274.14,1400.88,-7060.5,-544.734,950.976,-719.474,-2.31289,-509.376,124.332,-223.502,-82.2041,-325.069,-84.2211,-315.592,171.572,171.572,-151.101,-187.113,-187.113,-746.822,-106.089,0,-247.132,72.6583,548.391,0,0
2020-08-04 05:00:00 UTC,195.392,101.487,-289.449,29.9037,29.9037,79.316,-70.8464,-117.101,218.505,218.505,-512.75,-175.299,860.124,28.3602,-83.0744,-177.027,-425.688,-94.1577,457.598,65.7179,11.4895,127.161,127.161,234.335,320.364,108.016,16.8352,-12.6215,-11.1377,-146.829,81.5797,81.5797,189.505,104.341,104.341,291.58,-126.669,-160.466,982.775,982.775,-165.716,-382.641,-343.827,-185.383,-205.911,360.367,968.824,988.268,978.857,-13.5895,100.917,100.917,-27.3743,46.0972,56.896,-10.4041,-10.4041,257.989,-141.397,-70.376,-190.905,180.713,105.562,-124.136,-124.136,3.72719,19.1045,-121.438,-121.438,-23.3247,-295.552,248.022,97.0789,97.0789,-6.68324,-6.68324,-1.9786,-2.40936,-2.81273,5.72735,4.32531,-14.225,-0.184465,-0.26903,0.0184439,2.7007,-3.11338,-72.224,-72.224,-9.17944,-9.17944,-10.5413,-10.5413,72.9405,72.9405,72.9405,-25.2067,-25.2067,-3.81454,30.2958,12.858,12.858,-14.3285,-14.3285,74.211,15.4369,185.89,6.76954,6.76954,153.361,153.361,153.361,-448.669,120.41,120.41,127.482,127.482,-5.83208,-39.2189,-39.2189,9.91395,9.91395,716.708,716.708,-478.131,-478.131,0,25.5896,224.922,91.2465,-245.153,-245.153,174.018,-854.227,-476.415,181.153,710.108,710.108,-129.217,-129.217,601.721,601.721,-51.4564,-130.022,-81.1837,-676.659,-219.093,-219.093,139.864,139.864,139.864,-421.347,-421.347,597.401,-2.88318,-2.88318,-202.978,407.112,407.112,-420.105,204.086,-49.1939,0,-236.932,-179.996,570.204,409.388,409.388,61.9342,-18.9448,2.4688,345.412,345.412,-66.9352,-65.8733,-65.8733,-920.836,325.666,1001.98,-891.864,-910.695,-895.781,1469.76,-415.717,321.403,-791.243,-807.581,-781.842,880.396,148.671,92.2539,-503.99,-1464.03,-35.7977,-1544.73,-4108.32,-2233.67,-2233.67,-162.91,1322.49,-146.789,-177.417,-145.942,87.856,-163.792,155.835,164.316,170.545,-186.837,-183.999,-187.509,172.094,-61.8776,-61.8776,157.269,-349.489,-349.489,1286.54,-157.888,-168.551,159.401,-153.719,-376.452,-594.262,-594.262,-244.697,-515.994,-567.459,-1990.04,775.666,-347.215,332.264,3.38089,-412.577,-638.486,-379.853,-377.26,-3.84795,654.524,714.484,-144.045,-120.316,-159.178,-66.3013,26.5923,-160.378,-95.1347,-95.1429,44.9873,-97.4736,85.4287,111.048,-35.2797,546.987,532.471,594.105,577.916,90.3112,90.3112,49.7558,180.599,-38.7765,-38.7765,-132.087,-132.087,281.623,281.623,-68.8012,-57.3934,38.0369,230.328,-490.528,2862.9,2568.75,-4926.66,66.9287,-1177.59,240.155,319.866,-146.444,-146.444,-84.6304,-84.6304,-148.224,-289.016,424.639,-13.0704,-31.2835,-31.2835,-54.8551,-174.289,218.151,-29.9058,-24.9512,-24.9512,-44.2305,-43.6869,-202.195,-202.195,-239.989,-98.8384,-198.929,31.6104,-197.227,160.899,160.899,-99.8478,-110.799,0,-90.9812,-166.042,0,-91.5458,229.625,229.625,115.771,-43.961,96.4837,97.2435,104.316,-5.24415,-14.085,-126.999,27.5878,572.685,208.88,82.3944,82.3944,-36.3414,-148.439,-148.439,-5.79636,-6.37632,429.093,0,-24.4827,-24.4827,0,-416.965,0,-147.494,0,109.488,0,-37.5923,55.4799,28.8748,73.4147,73.4147,0,35.5087,35.5087,52.0753,0,0.696546,-427.465,-427.465,-427.465,0.280327,0,0,0,-29.3352,-29.3352,-29.3352,0,32.2884,9.38431,9.38431,4.52786,-442.18,6.68324,6.68324,-3.15889,-10.4189,-2.1113,33.8774,-18.0526,-17.9023,-7.04931,0,5.76546,0,252.614,252.614,252.614,0,0,0,0,-10.5577,-604.718,-56.0147,-56.0147,173.172,521.813,41.1591,59.5593,0,-162.752,219.126,76.6926,450.794,1315.72,1044.33,581.945,-38.5622,-13.9809,-272.429,-272.429,-645.091,241.599,-94.9797,-1540.58,-1229.58,-53.8776,-77.7388,-190.472,-954.849,-359.379,-411.532,308.957,-263.858,-2750.28,3242.74,1385.04,-6914.56,-475.454,940.982,-728.453,12.7412,-459.046,123.91,-215.394,-68.4588,-390.194,-72.303,-305.961,153.542,153.542,-124.616,-173.152,-173.152,-650.086,-83.8632,0,-235.287,70.5411,516.985,0,0
2020-08-04 06:00:00 UTC,185.153,98.0315,-288.751,32.4434,32.4434,63.6034,-71.595,-119.044,218.663,218.663,-464.985,-159.153,788.953,33.7559,-75.5541,-165.546,-396.758,-87.9551,414.145,57.7974,0.412037,115.955,115.955,216.44,300.88,101.472,15.6475,-11.6346,-12.3251,-136.854,75.3447,75.3447,173.522,94.9263,94.9263,266.136,-113.196,-143.256,865.114,865.114,-149.209,-348.451,-320.249,-173.448,-185.683,319.452,857.595,874.95,866,-11.8173,90.3594,90.3594,-25.284,40.7511,46.5236,-10.0611,-10.0611,227.766,-131.608,-63.262,-173.492,159.272,92.5508,-113.441,-113.441,3.50633,19.0989,-116.229,-116.229,-22.6195,-275.89,225.661,87.3829,87.3829,-7.12373,-7.12373,-1.91848,-2.34691,-2.6046,5.0562,4.34221,-12.4589,-0.230616,-0.312685,-0.246154,2.20349,-3.04219,-65.61,-65.61,-7.32923,-7.32923,-8.43746,-8.43746,66.2552,66.2552,66.2552,-23.7569,-23.7569,-5.36378,26.0936,12.1864,12.1864,-12.9296,-12.9296,66.4619,13.8781,170.678,5.93234,5.93234,140.119,140.119,140.119,-410.612,110.084,110.084,116.391,116.391,-5.83208,-35.5574,-35.5574,10.5912,10.5912,652.406,652.406,-442.102,-442.102,0,23.9331,206.622,84.3918,-226.881,-226.881,158.955,-785.221,-437.333,165.314,645.459,645.459,-118.542,-118.542,547.42,547.42,-48.2406,-120.45,-60.9088,-662.684,-200.047,-200.047,127.484,127.484,127.484,-382.619,-382.619,543.601,-2.88318,-2.88318,-185.091,365.599,365.599,-387.011,181.038,-50.1066,0,-218.358,-172.725,506.633,367.468,367.468,55.711,-18.4684,-0.186829,312.704,312.704,-70.8155,-66.9937,-66.9937,-823.68,277.197,888.111,-797.345,-814.21,-800.718,1282.21,-371.514,288.399,-716.526,-731.388,-709.202,809.122,117.388,65.0463,-463.764,-1376.75,-32.3622,-1449.59,-3820.86,-2071.05,-2071.05,-159.911,1188.69,-133.99,-171.887,-135.719,88.0209,-152.384,145.453,151.385,157.12,-174.155,-171.462,-174.778,158.535,-54.2295,-54.2295,145.627,-331.968,-331.968,1168.7,-140.328,-155.823,147.896,-141.873,-356.012,-551.947,-551.947,-236.676,-492.69,-541.521,-1894.26,738.494,-325.439,312.069,2.81319,-379.203,-598.734,-356.345,-353.894,-3.60057,614.622,671.02,-136.479,-114.003,-151.615,-63.4003,23.8081,-147.586,-89.4631,-89.4713,41.26,-86.7752,80.1526,104.291,-38.0534,519.668,506.792,564.675,550.314,86.343,86.343,46.3731,171.616,-38.3734,-38.3734,-128.014,-128.014,264.771,264.771,-56.1696,-53.7325,37.7562,218.695,-483.351,2681.12,2409.18,-4813.73,60.805,-1117.07,207.951,296.314,-126.017,-126.017,-71.6253,-71.6253,-154.907,-279.765,384.699,-14.7681,-27.1957,-27.1957,-43.5991,-168.862,269.978,-21.6141,-21.5985,-21.5985,-37.9893,-37.5348,-189.035,-189.035,-225.074,-92.9194,-182.663,41.7343,-161.251,145.798,145.798,-90.4875,-100.191,0,-86.7695,-158.178,0,-82.4341,217.739,217.739,101.692,-32.4307,87.0852,87.7839,94.1107,-0.757347,-10.0317,-119.179,26.3572,548.991,196.646,76.7546,76.7546,-35.7317,-141.592,-141.592,-4.9856,-5.5292,412.923,0,-27.9755,-27.9755,0,-380.848,0,-129.507,0,102.777,0,-37.3914,55.1601,27.4466,68.4272,68.4272,0,33.8945,33.8945,48.8197,0,0.534552,-373.283,-373.283,-373.283,0.208805,0,0,0,-25.0604,-25.0604,-25.0604,0,31.3852,9.78791,9.78791,5.42201,-400.427,7.12373,7.12373,-1.98417,-8.56566,-1.2881,30.8017,-16.4552,-16.3172,-6.49036,0,5.76546,0,241.197,241.197,241.197,0,0,0,0,-7.08083,-538.714,-54.8568,-54.8568,182.504,471.545,46.9173,68.0309,0,-139.012,206.399,70.7462,455.9,1198.8,989.386,542.422,-26.5807,-11.3294,-251.856,-251.856,-588.491,204.113,-84.5518,-1302.25,-1139.07,-50.692,-73.1047,-179.094,-888.407,-338.308,-382.485,293.085,-236.497,-2566.97,3211.26,1369.59,-6750.02,-428.94,933.307,-732.702,20.9336,-426.154,122.839,-208.593,-58.6333,-433.504,-66.4984,-299.661,139.854,139.854,-106.962,-165.472,-165.472,-594.238,-68.839,0,-225.174,69.2287,488.962,0,0
2020-08-04 07:00:00 UTC,175.464,94.471,-285.899,33.6667,33.6667,51.3169,-71.8224,-119.879,216.309,216.309,-423.753,-145.778,727.451,38.3262,-69.5164,-154.643,-372.172,-82.6747,376.877,51.2007,-7.87738,106.71,106.71,199.797,281.396,94.9276,14.5719,-10.7274,-12.8907,-127.643,69.8032,69.8032,159.985,87.1938,87.1938,244.424,-103.328,-130.671,779.083,779.083,-136.709,-321.389,-299.624,-162.957,-169.891,287.58,776.382,792.196,783.669,-10.7927,82.4019,82.4019,-23.3437,36.9913,41.5039,-9.47147,-9.47147,206.496,-121.441,-57.8124,-159.52,144.452,83.6215,-104.633,-104.633,2.90946,17.841,-110.317,-110.317,-21.3551,-258.118,208.732,80.1673,80.1673,-6.96687,-6.96687,-1.82702,-2.24381,-2.45605,4.55821,4.13918,-11.3919,-0.262811,-0.343109,-0.358347,1.91143,-2.93316,-60.2185,-60.2185,-6.4649,-6.4649,-7.45353,-7.45353,60.8109,60.8109,60.8109,-22.3735,-22.3735,-5.725,23.6025,11.4924,11.4924,-11.9416,-11.9416,60.3526,12.7934,157.602,5.33543,5.33543,130.287,130.287,130.287,-382.269,102.367,102.367,108.207,108.207,-5.83208,-32.9172,-32.9172,11.0084,11.0084,605.252,605.252,-415.011,-415.011,0,22.7008,193.023,79.1534,-213.118,-213.118,147.755,-733.304,-408.022,153.638,598.108,598.108,-110.709,-110.709,507.639,507.639,-45.7711,-113.251,-46.7068,-648.22,-185.918,-185.918,118.248,118.248,118.248,-353.787,-353.787,504.126,-2.88318,-2.88318,-171.665,335.149,335.149,-361.389,164.299,-50.0077,0,-203.882,-165.952,460.675,336.773,336.773,51.3999,-17.812,-1.9233,288.534,288.534,-72.1862,-66.689,-66.689,-751.912,243.23,805.146,-727.362,-742.767,-730.346,1148.06,-339.238,264.196,-659.85,-673.582,-653.899,754.37,95.7243,45.3935,-434.312,-1309.34,-29.7715,-1376,-3603.05,-1948.18,-1948.18,-156.478,1092.17,-124.924,-166.696,-128.653,86.0139,-143.767,137.408,141.674,147.041,-164.442,-161.868,-165.028,148.36,-48.8383,-48.8383,136.829,-317.302,-317.302,1082.6,-128.018,-146.202,139.175,-133.741,-339.824,-519.751,-519.751,-229.675,-473.948,-520.688,-1817.47,708.322,-308.399,296.289,2.21567,-354.064,-567.867,-338.09,-335.751,-3.29073,583.585,637.206,-130.611,-109.121,-145.714,-61.1135,21.3895,-137.321,-85.0178,-85.026,38.1632,-78.7289,76.028,99.0282,-39.1514,497.951,486.29,541.255,528.25,83.3857,83.3857,44.1127,165.465,-38.1033,-38.1033,-124.953,-124.953,251.545,251.545,-46.0654,-51.0745,37.6224,209.846,-477.854,2539.46,2284.76,-4733.72,56.3467,-1066.61,182.923,278.623,-109.951,-109.951,-60.9914,-60.9914,-159.572,-272.605,354.585,-16.0791,-24.3677,-24.3677,-33.955,-165.586,312.051,-14.0866,-19.1445,-19.1445,-33.2293,-32.8425,-178.892,-178.892,-213.162,-87.9386,-170,50.4837,-132.42,134.384,134.384,-83.4599,-92.2198,0,-83.7463,-152.72,0,-75.5707,209.534,209.534,90.9281,-22.8841,79.9709,80.6229,86.4713,2.76111,-6.85221,-112.5,25.1903,529.927,186.752,72.3879,72.3879,-34.8871,-134.968,-134.968,-4.28379,-4.79112,394.336,0,-30.0492,-30.0492,0,-349.667,0,-113.103,0,96.0758,0,-37.2231,53.3839,25.9487,63.8215,63.8215,0,32.2003,32.2003,45.9207,0,0.439382,-334.552,-334.552,-334.552,0.156505,0,0,0,-22.2936,-22.2936,-22.2936,0,29.5676,9.38491,9.38491,5.10274,-369.066,6.96687,6.96687,-1.42518,-7.50141,-0.901421,29.2001,-15.3108,-15.1823,-6.07144,0,5.76546,0,231.642,231.642,231.642,0,0,0,0,-4.76399,-490.115,-53.8155,-53.8155,185.622,433.913,49.6155,72.0187,0,-122.339,196.244,66.1876,453.552,1112.84,945.236,512.916,-18.4322,-9.59562,-236.385,-236.385,-546.549,178.372,-76.6777,-1128.93,-1069.53,-48.2041,-69.4738,-170.179,-837.172,-323.403,-360.653,282.11,-215.295,-2416.03,3192.92,1360.91,-6633.56,-394.626,930.527,-734.31,27.3056,-401.455,122.477,-204.667,-50.6345,-468.608,-63.1259,-294.542,129.547,129.547,-94.7548,-160.357,-160.357,-552.89,-56.9376,0,-215.635,67.6377,466.098,0,0
2020-08-04 08:00:00 UTC,168.791,92.1116,-280.876,34.2467,34.2467,43.2273,-71.1899,-118.908,214.321,214.321,-392.447,-136.741,682.325,43.8722,-65.6719,-145.258,-356.672,-79.3414,349.062,46.1825,-13.7662,100.866,100.866,187.65,266.949,90.0806,13.7907,-10.0594,-13.2351,-120.866,65.7953,65.7953,150.377,81.7682,81.7682,228.948,-96.5024,-121.974,718.835,718.835,-127.972,-301.089,-284.067,-155.013,-158.81,265.554,719.067,733.785,725.599,-10.1294,76.7036,76.7036,-22.039,34.3592,38.0468,-9.04004,-9.04004,191.594,-114.237,-54.06,-149.766,133.961,77.3331,-98.4472,-98.4472,2.45164,16.8225,-105.6,-105.6,-20.3636,-244.741,196.556,75.1525,75.1525,-6.81042,-6.81042,-1.75819,-2.16475,-2.34935,4.19935,3.98059,-10.6379,-0.28126,-0.360552,-0.427311,1.70966,-2.84008,-56.2962,-56.2962,-5.87767,-5.87767,-6.78412,-6.78412,56.8457,56.8457,56.8457,-21.2969,-21.2969,-5.91949,21.8477,10.9658,10.9658,-11.2334,-11.2334,55.9832,12.012,147.874,4.95209,4.95209,123.186,123.186,123.186,-361.734,96.8785,96.8785,102.338,102.338,-5.83208,-31.0778,-31.0778,11.1542,11.1542,571.437,571.437,-395.09,-395.09,0,21.7633,183.08,75.2058,-202.961,-202.961,139.628,-695.355,-386.647,145.125,564.249,564.249,-105.074,-105.074,479.207,479.207,-44.0028,-107.941,-36.9562,-635.217,-175.637,-175.637,111.422,111.422,111.422,-332.821,-332.821,475.938,-2.88318,-2.88318,-162.082,313.417,313.417,-342.465,152.384,-49.501,0,-193.022,-160.339,427.875,314.835,314.835,48.4781,-17.0303,-3.04606,270.85,270.85,-72.4385,-65.978,-65.978,-700.622,219.86,746.431,-677.445,-691.809,-680.155,1054.2,-316.161,246.671,-618.702,-631.609,-613.637,713.776,80.9576,31.8674,-413.022,-1258.76,-27.8651,-1320.71,-3440.98,-1857.09,-1857.09,-153.554,1023.11,-118.301,-162.508,-123.085,84.9836,-137.346,131.396,134.513,139.611,-157.167,-154.686,-157.726,140.862,-45.0012,-45.0012,130.311,-306.301,-306.301,1020.18,-119.265,-139.067,132.701,-127.359,-327.57,-495.817,-495.817,-224.087,-459.49,-504.632,-1758.86,684.792,-295.661,284.508,1.77242,-335.815,-544.538,-324.291,-322.037,-3.09668,560.213,611.737,-126.199,-105.52,-141.534,-59.4077,19.2248,-129.73,-81.6357,-81.6439,35.6522,-72.928,72.9009,95.0002,-40.1748,481.337,470.557,523.324,511.3,81.4883,81.4883,42.5828,161.568,-38.1271,-38.1271,-123.072,-123.072,241.747,241.747,-38.4664,-49.1597,38.2042,203.874,-475.091,2431.77,2191.07,-4699,53.8148,-1028.62,164.673,265.778,-98.1585,-98.1585,-53.1509,-53.1509,-162.722,-267.41,333.067,-17.2271,-22.5717,-22.5717,-26.3011,-163.65,343.954,-7.78326,-17.4984,-17.4984,-29.9338,-29.5938,-171.391,-171.391,-204.205,-84.1349,-160.715,56.929,-111.632,126.38,126.38,-78.6107,-86.721,0,-81.4944,-148.947,0,-70.768,203.649,203.649,83.4074,-16.4299,75.0053,75.6249,81.2287,5.21626,-4.62453,-107.149,23.9902,514.922,179.326,69.1231,69.1231,-34.2259,-130.451,-130.451,-3.8983,-4.3858,384.134,0,-31.3688,-31.3688,0,-327.12,0,-97.431,0,91.1187,0,-37.1099,52.1104,24.8145,60.4328,60.4328,0,30.9009,30.9009,43.7443,0,0.379896,-307.536,-307.536,-307.536,0.12248,0,0,0,-20.4982,-20.4982,-20.4982,0,28.1502,9.03382,9.03382,4.78467,-346.861,6.81042,6.81042,-1.04231,-6.81903,-0.646943,27.9779,-14.4736,-14.3521,-5.81761,0,5.76546,0,224.058,224.058,224.058,0,0,0,0,-3.32755,-454.672,-52.9587,-52.9587,185.963,406.759,50.9949,74.0643,0,-111.078,188.62,62.7901,448.461,1050.84,911.228,490.544,-12.786,-8.47421,-224.788,-224.788,-515.768,160.79,-70.9959,-1003.13,-1015.3,-46.2962,-66.7093,-163.395,-791.243,-313.272,-343.769,274.838,-199.405,-2292.47,3191.26,1360.42,-6583.05,-370.134,929.271,-734.74,32.7659,-384.834,122.483,-202.592,-44.6056,-495.479,-61.4678,-290.29,122.06,122.06,-86.1837,-156.885,-156.885,-523.67,-49.021,0,-205.847,66.2749,448.505,0,0
2020-08-04 09:00:00 UTC,166.549,91.5512,-279.512,35.2102,35.2102,38.3988,-71.014,-118.733,215.665,215.665,-377.739,-132.16,661.372,46.9035,-63.5552,-141.33,-349.317,-77.7587,335.919,43.6758,-17.3688,98.0121,98.0121,182.286,261.097,88.1133,13.4342,-9.75109,-13.6097,-117.77,63.9353,63.9353,145.786,79.117,79.117,221.563,-92.4815,-116.855,684.991,684.991,-122.974,-289.892,-276.537,-151.165,-152.744,254.05,686.145,700.23,692.258,-9.58266,73.4871,73.4871,-21.5495,32.7246,34.4149,-8.99642,-8.99642,182.5,-111.888,-52.0346,-144.826,127.324,73.3687,-95.4438,-95.4438,2.44831,16.9692,-103.797,-103.797,-20.2096,-238.607,190.562,73.9928,73.9928,-7.00431,-7.00431,-1.74642,-2.1524,-2.28354,3.99029,4.02033,-10.0516,-0.290229,-0.369059,-0.514125,1.54834,-2.8143,-54.2994,-54.2994,-5.22919,-5.22919,-6.04605,-6.04605,54.8221,54.8221,54.8221,-20.8269,-20.8269,-6.50014,20.4485,10.7691,10.7691,-10.7918,-10.7918,53.681,11.5118,143.205,4.80876,4.80876,119.199,119.199,119.199,-350.148,93.9453,93.9453,99.1339,99.1339,-5.83208,-30.1443,-30.1443,11.2123,11.2123,552.849,552.849,-383.898,-383.898,0,21.279,177.48,72.8662,-197.21,-197.21,134.968,-673.771,-374.507,140.191,545.651,545.651,-102.005,-102.005,463.684,463.684,-42.9955,-104.934,-31.1658,-627.887,-169.7,-169.7,107.384,107.384,107.384,-320.582,-320.582,460.586,-2.88318,-2.88318,-156.517,300.859,300.859,-331.381,145.255,-49.4041,0,-186.666,-157.119,408.574,302.154,302.154,47.0675,-16.3555,-3.7112,261.62,261.62,-72.4149,-65.468,-65.468,-670.944,206.463,712.684,-648.573,-662.334,-651.127,1000.08,-302.857,236.524,-594.629,-607.053,-590.043,690.061,72.425,23.3245,-401.632,-1231.19,-26.7702,-1290.25,-3351.95,-1807.26,-1807.26,-152.304,984.426,-114.711,-160.614,-119.872,84.8651,-133.732,128.063,130.534,135.484,-153.142,-150.709,-153.685,136.695,-42.6984,-42.6984,126.675,-300.289,-300.289,985.966,-114.201,-134.975,129.087,-123.464,-320.761,-482.152,-482.152,-221.142,-451.544,-495.809,-1726.62,673.04,-289.327,278.473,1.74491,-326.956,-531.638,-316.66,-314.454,-3.25641,547.529,597.911,-123.718,-103.552,-139.44,-58.4816,17.8132,-125.999,-79.7252,-79.7334,34.1814,-70.3905,71.1417,92.6986,-40.9064,472.244,461.932,513.503,502.002,80.638,80.638,41.8648,159.893,-38.2502,-38.2502,-122.257,-122.257,236.502,236.502,-34.8687,-48.1598,39.2236,201.046,-474.57,2371.71,2139.54,-4699.11,52.7371,-1008.06,155.864,259.284,-92.4427,-92.4427,-48.7314,-48.7314,-163.908,-264.937,323.684,-17.9586,-21.9742,-21.9742,-22.2283,-163.671,359.704,-4.12893,-16.8269,-16.8269,-28.467,-28.1477,-167.543,-167.543,-199.529,-82.0938,-155.791,62.1456,-100.608,123.708,123.708,-76.8513,-84.7018,0,-81.7953,-149.424,0,-69.04,204.393,204.393,80.1915,-12.2711,72.9219,73.5279,79.3574,6.44487,-3.61718,-104.374,23.4015,507.727,175.148,67.3205,67.3205,-33.7894,-129.05,-129.05,-3.74646,-4.22941,383.116,0,-32.7714,-32.7714,0,-315.91,0,-90.171,0,89.1083,0,-37.0617,52.2177,24.3735,58.8852,58.8852,0,30.3603,30.3603,42.6364,0,0.342151,-291.966,-291.966,-291.966,0.106883,0,0,0,-19.3586,-19.3586,-19.3586,0,27.996,9.2468,9.2468,5.17839,-338.547,7.00431,7.00431,-0.630303,-6.27605,-0.368054,26.7977,-13.952,-13.8345,-5.77246,0,5.76546,0,219.684,219.684,219.684,0,0,0,0,-2.58569,-436.517,-52.3966,-52.3966,185.625,391.059,51.7164,75.1345,0,-104.911,184.307,60.8379,444.616,1016.79,892.158,477.487,-9.74439,-7.80943,-218.582,-218.582,-498.696,151.425,-68.5075,-935.307,-983.554,-45.2044,-65.1459,-159.562,-759.364,-308.479,-334.087,271.485,-191.111,-2216.72,3206.09,1368.31,-6583.39,-358.414,929.189,-734.164,36.0171,-378.581,123.159,-203.364,-41.5313,-509.747,-61.2089,-287.937,118.23,118.23,-81.9529,-157.377,-157.377,-512.927,-44.2676,0,-201.079,65.3369,438.664,0,0
2020-08-04 10:00:00 UTC,169.477,93.384,-287.968,37.6052,37.6052,35.0438,-72.7513,-122.279,222.163,222.163,-377.556,-131.303,662.302,49.2662,-62.7266,-142.424,-350.023,-77.9107,334.875,43.0837,-20.1676,97.8464,97.8464,183.058,263.75,88.9836,13.4471,-9.75975,-14.2924,-117.949,63.959,63.959,145.582,78.8921,78.8921,221.171,-90.8907,-114.83,674.787,674.787,-121.117,-287.483,-276.389,-151.085,-150.694,250.661,675.576,689.46,681.544,-9.2314,72.5359,72.5359,-21.5692,32.078,31.81,-9.16839,-9.16839,179.069,-112.554,-51.2895,-143.968,124.689,71.7979,-95.3107,-95.3107,2.70796,17.7777,-104.374,-104.374,-20.6015,-239,191.019,76.6134,76.6134,-7.35288,-7.35288,-1.76843,-2.18203,-2.25931,3.92393,4.15231,-9.73432,-0.301152,-0.379391,-0.597441,1.44987,-2.85805,-53.9448,-53.9448,-4.73507,-4.73507,-5.48615,-5.48615,54.4686,54.4686,54.4686,-20.9759,-20.9759,-7.14148,19.666,10.8364,10.8364,-10.6264,-10.6264,53.0322,11.3231,143.113,4.84283,4.84283,118.405,118.405,118.405,-347.805,93.5072,93.5072,98.5728,98.5728,-5.83208,-29.9823,-29.9823,11.3935,11.3935,549.669,549.669,-382.183,-382.183,0,21.2889,176.548,72.4411,-196.339,-196.339,134.023,-669.18,-371.926,139.123,542.364,542.364,-101.528,-101.528,461.011,461.011,-42.841,-104.483,-28.333,-629.721,-168.366,-168.366,106.293,106.293,106.293,-316.934,-316.934,457.987,-2.88318,-2.88318,-155.017,297.173,297.173,-328.212,142.586,-49.8737,0,-184.759,-156.891,401.92,298.372,298.372,47.0397,-16.0748,-3.77248,261.053,261.053,-72.6273,-65.5129,-65.5129,-661.437,201.491,701.912,-639.246,-652.814,-641.736,981.025,-298.689,233.289,-586.773,-599.041,-582.318,683.605,68.8453,17.5494,-401.258,-1230.88,-26.4943,-1288.99,-3347.6,-1805.05,-1805.05,-153.683,975.524,-114.227,-161.956,-118.846,86.8902,-133.358,127.725,130.126,135.061,-153.011,-150.576,-153.553,136.266,-41.9354,-41.9354,126.299,-300.239,-300.239,980.714,-112.508,-134.315,128.715,-122.085,-320.461,-479.436,-479.436,-221.396,-451.648,-495.925,-1727.21,677.549,-290.102,278.942,2.04477,-328.102,-531.713,-316.704,-314.499,-3.60036,547.704,598.103,-123.691,-103.611,-139.711,-58.5166,17.6027,-126.376,-79.7092,-79.7174,34.154,-70.8035,71.1344,92.6244,-41.4028,472.366,462.046,513.635,502.126,80.8309,80.8309,41.9038,160.273,-38.3731,-38.3731,-122.5,-122.5,236.737,236.737,-35.265,-48.0662,40.7251,201.545,-476.039,2372.07,2139.4,-4730.17,52.7983,-1004.04,156.989,260.195,-93.161,-93.161,-47.041,-47.041,-163.509,-265.125,326.235,-18.0806,-22.2459,-22.2459,-22.4218,-165.34,357.089,-4.07731,-16.805,-16.805,-28.3756,-28.0577,-167.815,-167.815,-199.58,-81.8627,-155.29,67.9666,-96.3931,125.949,125.949,-77.8902,-85.8125,0,-85.1865,-154.854,0,-70.0965,212.833,212.833,80.6407,-9.17795,73.7742,74.3872,80.5717,7.38695,-3.11558,-104.903,23.9932,512.186,175.214,67.3273,67.3273,-33.8357,-131.43,-131.43,-3.67966,-4.16883,390.264,0,-35.1996,-35.1996,0,-317.04,0,-88.9245,0,89.9978,0,-37.0659,54.1709,24.6581,58.9743,58.9743,0,30.5923,30.5923,42.3974,0,0.325033,-286.787,-286.787,-286.787,0.104481,0,0,0,-18.7856,-18.7856,-18.7856,0,28.6331,9.73552,9.73552,5.88708,-344.246,7.35288,7.35288,-0.326439,-5.83646,-0.13627,26.2585,-13.7872,-13.6705,-5.85427,0,5.76546,0,219.351,219.351,219.351,0,0,0,0,-2.67016,-435.234,-52.4401,-52.4401,185.912,386.482,52.3609,76.0771,0,-103.279,183.663,60.4401,444.81,1012.37,891.246,475.279,-9.41441,-7.74759,-218.032,-218.032,-497.786,149.796,-68.9004,-933.663,-981.751,-45.1692,-65.1294,-159.527,-750.388,-308.918,-333.671,271.822,-191.79,-2211.05,3239.72,1386.02,-6629.09,-359.981,930.697,-732.421,36.2908,-381.581,124.357,-206.018,-41.7078,-509.428,-61.8149,-287.939,118.254,118.254,-82.3254,-163.062,-163.062,-520.615,-40.951,0,-206.015,64.5412,438.22,0,0
2020-08-04 11:00:00 UTC,177.26,97.609,-306.153,41.6355,41.6355,33.0049,-76.3055,-129.435,234.325,234.325,-388.158,-133.345,680.233,52.1035,-62.8664,-147.118,-357.548,-79.5299,342.545,43.8223,-22.701,99.8702,99.8702,188.021,273.389,92.111,13.6917,-9.96568,-15.5831,-120.218,65.286,65.286,148.921,80.8472,80.8472,225.967,-91.7298,-115.898,687.032,687.032,-122.1,-293.088,-282.023,-153.947,-151.783,252.692,686.865,700.973,692.949,-9.28157,73.696,73.696,-21.8388,32.5408,32.0324,-9.32974,-9.32974,181.771,-114.163,-51.5886,-146.852,126.594,72.9337,-97.9363,-97.9363,2.95389,18.4757,-106.262,-106.262,-21.0864,-244.241,197.306,81.9844,81.9844,-7.5517,-7.5517,-1.79176,-2.21809,-2.27971,3.99671,4.24382,-9.86409,-0.311771,-0.389396,-0.621039,1.46951,-2.96578,-54.9041,-54.9041,-4.72343,-4.72343,-5.47915,-5.47915,55.4546,55.4546,55.4546,-21.717,-21.717,-7.33389,19.9516,11.058,11.058,-10.7907,-10.7907,53.6002,11.5145,146.605,5.07053,5.07053,120.928,120.928,120.928,-355.058,95.6427,95.6427,100.814,100.814,-5.83208,-30.6673,-30.6673,11.8767,11.8767,562.807,562.807,-390.604,-390.604,0,21.933,180.613,74.0655,-200.674,-200.674,136.862,-682.364,-379.339,142.069,555.185,555.185,-103.828,-103.828,471.937,471.937,-43.5303,-106.749,-28.2401,-642.256,-171.781,-171.781,108.34,108.34,108.34,-322.221,-322.221,468.845,-2.88318,-2.88318,-157.827,302.563,302.563,-333.227,144.569,-50.7286,0,-187.321,-159.83,408.273,303.721,303.721,48.3826,-16.3741,-3.33396,269.652,269.652,-73.1594,-66.1345,-66.1345,-671.972,204.602,713.872,-649.118,-662.9,-651.631,996.307,-303.807,237.129,-594.967,-607.406,-590.313,695.049,69.9314,13.6672,-412.837,-1260.45,-27.0948,-1319.64,-3437.04,-1855.6,-1855.6,-157.723,997.759,-117.223,-166.647,-121.379,89.306,-136.424,130.746,133.583,138.649,-157.144,-154.647,-157.701,139.88,-42.6822,-42.6822,129.45,-305.884,-305.884,1006.33,-114.397,-137.327,131.854,-124.453,-327.451,-488.343,-488.343,-224.829,-461.093,-506.408,-1767.6,701.175,-297.297,285.981,1.93696,-338.208,-546.723,-325.585,-323.322,-3.25996,562.741,614.49,-126.795,-106.215,-142.957,-59.7002,18.5609,-130.244,-81.9658,-81.974,35.5099,-73.4426,73.2207,95.2735,-40.9547,483.163,472.292,525.294,513.169,82.7135,82.7135,43.2044,164.357,-38.9033,-38.9033,-124.72,-124.72,243.479,243.479,-37.8065,-49.2176,44.239,206.669,-482.284,2441.2,2200.79,-4843.99,55.2082,-1014.73,167.039,268.387,-99.6488,-99.6488,-47.4149,-47.4149,-162.676,-267.309,337.703,-17.9928,-22.7962,-22.7962,-26.0794,-168.205,339.035,-7.28668,-17.0229,-17.0229,-29.0447,-28.7174,-171.982,-171.982,-203.999,-83.2144,-158.811,74.5914,-96.7372,131.878,131.878,-81.0896,-89.3375,0,-90.8569,-164.063,0,-73.2434,226.991,226.991,83.8784,-6.66915,77.1486,77.787,84.1973,8.50774,-2.68294,-108.337,25.708,530.456,179.814,69.3213,69.3213,-34.2982,-137.434,-137.434,-3.69812,-4.20441,405.662,0,-38.9163,-38.9163,0,-326.833,0,-91.0207,0,93.1952,0,-37.1046,57.5123,25.6227,60.109,60.109,0,31.4327,31.4327,42.5309,0,0.334788,-291.9,-291.9,-291.9,0.111512,0,0,0,-19.0263,-19.0263,-19.0263,0,29.3474,10.0598,10.0598,6.29185,-361.275,7.5517,7.5517,-0.3373,-5.72441,-0.0697791,27.1459,-14.0297,-13.9108,-6.08447,0,5.76546,0,223.499,223.499,223.499,0,0,0,0,-3.43729,-452.043,-53.0328,-53.0328,187.08,393.175,52.8843,76.8299,0,-106.017,186.877,61.6819,449.937,1039.65,910.283,485.908,-12.029,-8.18476,-223.606,-223.606,-514.425,156.234,-71.4733,-1003.48,-1014.32,-46.4265,-66.9719,-164.052,-772.565,-317.247,-344.503,278.331,-201.196,-2283.68,3327.27,1431.35,-6795.75,-373.383,932.714,-730.288,35.4115,-392.71,125.759,-210.152,-44.9248,-496.781,-63.2088,-289.703,122.159,122.159,-87.0411,-173.051,-173.051,-544.378,-38.9317,0,-220.137,63.8205,448.15,0,0
2020-08-04 12:00:00 UTC,191.57,104.786,-332.362,46.8102,46.8102,34.9756,-80.977,-138.82,251.1,251.1,-416.56,-141.209,726.154,55.4501,-65.4603,-156.747,-377.706,-83.8639,365.722,47.0018,-23.3132,106.239,106.239,201.963,296.406,99.6647,14.458,-10.6129,-17.6658,-127.099,69.1984,69.1984,157.957,85.8073,85.8073,240.055,-95.6581,-120.899,728.812,728.812,-127.019,-309.393,-296.856,-161.492,-157.809,263.849,725.954,740.82,732.505,-9.59388,77.6293,77.6293,-22.9018,34.232,33.1363,-9.80399,-9.80399,191.417,-120.16,-53.7487,-154.863,133.247,76.9063,-103.922,-103.922,3.60021,20.1988,-111.222,-111.222,-22.3513,-257.704,210.827,90.5698,90.5698,-8.01028,-8.01028,-1.8622,-2.31631,-2.34914,4.24076,4.52131,-10.332,-0.299813,-0.378103,-0.621983,1.58534,-3.19913,-57.9667,-57.9667,-4.81302,-4.81302,-5.59308,-5.59308,58.5508,58.5508,58.5508,-23.4393,-23.4393,-7.70172,21.0017,11.6327,11.6327,-11.35,-11.35,56.0897,12.1215,155.869,5.54316,5.54316,126.96,126.96,126.96,-372.425,100.71,100.71,105.933,105.933,-5.83208,-32.1901,-32.1901,12.2381,12.2381,592.499,592.499,-408.873,-408.873,0,22.9738,189.506,77.6971,-210.07,-210.07,143.755,-714.188,-397.25,149.014,584.609,584.609,-108.775,-108.775,496.764,496.764,-45.0022,-111.667,-32.561,-662.135,-180.14,-180.14,113.631,113.631,113.631,-337.423,-337.423,493.627,-2.88318,-2.88318,-165.218,318.223,318.223,-347.661,151.676,-52.6977,0,-195.438,-166.127,429.395,319.385,319.385,51.1522,-17.195,-2.40484,287.225,287.225,-73.9092,-67.3571,-67.3571,-707.536,218.626,754.373,-683.295,-697.799,-685.957,1055.89,-320.028,249.793,-623.323,-636.341,-618.048,726.498,77.8136,15.5146,-435.328,-1316.22,-28.6734,-1378.92,-3611.1,-1954.02,-1954.02,-163.658,1052.96,-123.243,-173.856,-126.604,92.8551,-142.722,136.901,140.718,146.052,-165.113,-162.504,-165.701,147.342,-45.2108,-45.2108,135.934,-317.181,-317.181,1062.66,-120.085,-143.91,138.305,-129.829,-340.89,-508.958,-508.958,-231.358,-478.204,-525.408,-1838.85,738.844,-311.844,299.788,2.29508,-359.18,-574.042,-341.747,-339.382,-3.29622,590.455,644.686,-132.112,-110.59,-148.348,-61.7762,20.664,-138.899,-85.9176,-85.9258,38.1232,-79.2505,76.8731,99.9864,-39.7433,502.84,490.92,546.525,533.232,85.5593,85.5593,45.4087,170.358,-39.4516,-39.4516,-127.868,-127.868,255.427,255.427,-45.8382,-51.5674,47.6966,214.996,-489.984,2566.06,2312.19,-4982.15,59.1509,-1045.8,188.011,284.638,-113.149,-113.149,-51.792,-51.792,-159.822,-272.493,364.03,-17.3657,-24.5522,-24.5522,-34.936,-172.558,299.652,-14.7701,-17.8413,-17.8413,-31.287,-30.928,-180.602,-180.602,-213.569,-86.6254,-167.554,78.7484,-107.71,142.559,142.559,-87.0533,-95.9815,0,-98.3052,-176.106,0,-79.0518,245.226,245.226,91.2611,-7.61127,83.6378,84.3233,90.8663,8.87859,-3.05894,-115.456,28.6018,557.833,188.68,73.039,73.039,-35.4075,-148.178,-148.178,-3.99387,-4.53806,434.286,0,-43.2099,-43.2099,0,-351.603,0,-97.8795,0,100.927,0,-37.2236,64.3401,27.7593,63.5497,63.5497,0,33.4397,33.4397,43.6776,0,0.368863,-309.944,-309.944,-309.944,0.135735,0,0,0,-20.2042,-20.2042,-20.2042,0,31.2132,10.836,10.836,7.22653,-391.966,8.01028,8.01028,-0.432365,-6.05841,0.00404353,29.0496,-14.7057,-14.5807,-6.52082,0,5.76546,0,231.565,231.565,231.565,0,0,0,0,-4.80229,-485.532,-54.4309,-54.4309,189.222,413.287,53.1137,77.1365,0,-113.53,194.291,64.667,458.461,1098.27,947.029,507.922,-17.617,-9.11196,-234.943,-234.943,-547.319,171.363,-77.1704,-1141.08,-1074.77,-48.6591,-70.2025,-171.979,-821.776,-330.503,-362.513,288.812,-217.049,-2416.01,3419.5,1479.06,-6998.1,-401.636,935.417,-727.123,31.7787,-416.514,127.38,-216.603,-51.7888,-465.475,-66.3984,-293.091,130.008,130.008,-97.0504,-185.797,-185.797,-584.728,-40.8956,0,-243.727,63.6181,467.4,0,0
2020-08-04 13:00:00 UTC,212.269,114.143,-360.036,50.5257,50.5257,45.9815,-85.2779,-147.372,272.165,272.165,-473.362,-157.811,813.305,55.1604,-71.8734,-173.644,-412.926,-91.4229,413.979,54.7339,-17.7398,117.902,117.902,227.767,332.998,111.754,15.9961,-11.8988,-19.1925,-140.463,76.8732,76.8732,175.383,95.2174,95.2174,268.439,-105.817,-133.843,828.918,828.918,-139.809,-344.995,-325.21,-175.877,-173.707,295.273,820.344,837.022,828.106,-10.6562,86.9713,86.9713,-24.784,38.5232,39.4024,-10.4475,-10.4475,215.878,-130.628,-59.0407,-170.671,150.69,87.3735,-114.738,-114.738,4.44382,22.1832,-119.406,-119.406,-24.13,-282.518,236.265,105.464,105.464,-8.33657,-8.33657,-1.96833,-2.45431,-2.52641,4.83378,4.78365,-11.6743,-0.290375,-0.369114,-0.529522,1.92555,-3.49227,-64.4802,-64.4802,-5.81209,-5.81209,-6.74253,-6.74253,65.1886,65.1886,65.1886,-26.0723,-26.0723,-7.40221,24.1222,12.6089,12.6089,-12.596,-12.596,62.4626,13.5241,173.875,6.37588,6.37588,138.6,138.6,138.6,-405.887,110.405,110.405,115.483,115.483,-5.86126,-34.9949,-34.9949,11.7272,11.7272,647.611,647.611,-441.235,-441.235,0,24.2457,205.472,84.3078,-226.688,-226.688,157.231,-775.555,-431.87,162.348,639.958,639.958,-117.534,-117.534,543.058,543.058,-47.7019,-120.362,-46.9353,-686.291,-196.546,-196.546,124.377,124.377,124.377,-369.876,-369.876,539.985,-2.88318,-2.88318,-180.385,352.509,352.509,-378.539,168.194,-56.8059,0,-213.672,-177.563,477.647,353.802,353.802,55.7514,-18.8631,-0.782407,318.116,318.116,-74.012,-68.9389,-68.9389,-791.557,255.753,851.019,-765.015,-781.238,-768.064,1205.73,-357.028,279.41,-690.027,-704.392,-683.151,792.391,100.73,34.1,-472.625,-1404.86,-31.8509,-1475.3,-3895.61,-2115.53,-2115.53,-170.917,1161.61,-132.45,-183.115,-135.015,98.7175,-153.509,147.306,153.037,158.84,-178.104,-175.316,-178.74,160.231,-50.8145,-50.8145,147.065,-336.638,-336.638,1164.89,-131.404,-155.669,149.351,-138.622,-362.703,-546.538,-546.538,-241.304,-503.916,-553.992,-1946.2,788.217,-336.324,322.536,3.67442,-396.154,-615.896,-366.502,-363.984,-4.39192,633.416,691.482,-139.71,-116.824,-156.055,-64.8492,24.5359,-154.728,-91.8357,-91.8439,42.675,-90.5196,82.3632,107.038,-38.2011,532.725,519.101,578.738,563.543,89.0825,89.0825,48.3633,177.451,-39.7276,-39.7276,-131.435,-131.435,273.616,273.616,-63.2927,-55.4006,49.5275,226.463,-497.154,2755.3,2483.16,-5106.49,64.267,-1116.73,226.335,311.59,-137.907,-137.907,-65.0435,-65.0435,-152.529,-283.291,412.804,-15.2242,-28.8938,-28.8938,-50.9944,-177.329,229.023,-27.6514,-20.8486,-20.8486,-37.906,-37.4526,-195.496,-195.496,-230.721,-93.5216,-185.004,74.6797,-144.075,162.607,162.607,-98.6013,-108.964,0,-108.202,-192.205,0,-90.3091,269.24,269.24,107.395,-16.3436,95.3946,96.1609,103.591,5.71565,-6.59395,-127.381,32.4129,590.256,203.76,79.0331,79.0331,-37.8497,-163.206,-163.206,-4.74006,-5.34387,473.028,0,-45.6523,-45.6523,0,-400.152,0,-116.294,0,113.328,0,-37.4758,72.2687,30.8935,70.2316,70.2316,0,36.5328,36.5328,46.7953,0,0.46495,-354.525,-354.525,-354.525,0.194824,0,0,0,-22.9623,-22.9623,-22.9623,0,33.7687,11.5402,11.5402,7.89313,-447.193,8.33657,8.33657,-1.10745,-6.95077,-0.313397,32.6655,-16.2279,-16.0901,-7.19089,0,5.67801,0,244.409,244.409,244.409,0,0,0,0,-6.89448,-544.673,-56.6482,-56.6482,191.212,458.359,51.8197,75.1812,0,-129.509,207.707,70.489,467.376,1204.22,1006.11,544.304,-27.6393,-10.7321,-254.333,-254.333,-602.257,201.198,-88.22,-1369.62,-1167.24,-51.9906,-75.0389,-183.85,-896.246,-347.718,-387.34,302.559,-240.422,-2625.89,3481.56,1511.11,-7180.15,-452.764,933.86,-724.113,21.4807,-456.5,127.909,-222.962,-64.3532,-404.651,-72.211,-298.916,143.832,143.832,-115.199,-201.621,-201.621,-657.531,-51.7772,0,-274.609,65.2288,499.333,0,0
2020-08-04 14:00:00 UTC,234.7,123.01,-379.052,49.7341,49.7341,67.5194,-87.5835,-151.597,290.235,290.235,-553.029,-182.852,932.773,51.387,-82.6017,-193.888,-461.053,-101.724,483.66,66.7093,-4.25602,133.382,133.382,260.282,375.557,125.712,18.0134,-13.546,-19.613,-157.453,87.1867,87.1867,200.525,109.5,109.5,308.883,-123.406,-156.296,994.625,994.625,-161.38,-396.893,-363.203,-195.04,-199.99,348.662,975.727,995.343,985.678,-12.9062,101.829,101.829,-27.7222,45.8312,52.6228,-11.1225,-11.1225,257.34,-144.784,-67.8209,-195.429,180.132,105.208,-131.258,-131.258,5.22621,23.6122,-128.64,-128.64,-25.8936,-315.056,271.907,123.152,123.152,-8.25294,-8.25294,-2.07895,-2.58527,-2.81507,5.77687,4.85435,-14.016,-0.268664,-0.348463,-0.284751,2.54064,-3.72718,-73.8954,-73.8954,-8.08546,-8.08546,-9.33577,-9.33577,74.9672,74.9672,74.9672,-29.0237,-29.0237,-5.96356,29.6162,13.7704,13.7704,-14.5063,-14.5063,72.5732,15.7348,198.656,7.85705,7.85705,156.494,156.494,156.494,-456.8,125.478,125.478,130.161,130.161,-6.1,-39.4854,-39.4854,10.0382,10.0382,732.141,732.141,-488.589,-488.589,0,25.8057,229.11,93.7361,-250.876,-250.876,177.769,-868.151,-484.318,182.491,725.443,725.443,-130.765,-130.765,614.469,614.469,-51.9443,-133.012,-73.6486,-707.873,-221.524,-221.524,140.829,140.829,140.829,-421.131,-421.131,611.603,-2.88318,-2.88318,-203.27,407.495,407.495,-424.194,196.261,-60.4184,0,-240.879,-191.288,558.76,409.5,409.5,63.0938,-20.3789,2.27027,362.423,362.423,-70.3064,-68.6365,-68.6365,-926.871,321.004,1009.46,-897.083,-916.074,-900.808,1460.56,-416.722,326.591,-794.467,-810.915,-784.61,891.66,142.543,70.8224,-527.106,-1525.39,-36.6406,-1607.39,-4293.04,-2342.12,-2342.12,-176.88,1336.82,-148.894,-192.484,-146.411,105.342,-169.145,161.68,170.92,177.411,-195.938,-192.929,-196.641,178.969,-60.6956,-60.6956,163.106,-362.264,-362.264,1321.65,-153.563,-172.726,165.201,-151.337,-391.524,-602.221,-602.221,-252.253,-536.652,-590.449,-2086.28,844.916,-367.141,352.023,4.55537,-445.583,-671.715,-399.514,-396.795,-4.91362,690.662,753.818,-150.021,-125.402,-166.574,-68.9848,29.3725,-175.611,-99.8708,-99.879,48.6915,-106.017,89.8542,116.561,-37.1206,571.39,555.345,620.351,602.456,94.091,94.091,52.1601,187.09,-40.3316,-40.3316,-136.595,-136.595,298.188,298.188,-86.096,-60.4824,51.8126,242.442,-506.741,3008.52,2713.08,-5280.14,72.5431,-1222.83,278.104,347.139,-171.448,-171.448,-86.6347,-86.6347,-142.229,-298.421,476.526,-11.8664,-34.9983,-34.9983,-70.5392,-181.277,132.685,-43.1791,-25.7853,-25.7853,-48.2564,-47.6547,-215.033,-215.033,-253.005,-102.709,-209.915,59.0298,-203.6,187.733,187.733,-113.733,-126.072,0,-116.62,-206.358,0,-104.781,288.832,288.832,130.168,-34.0675,110.825,111.693,120.239,-0.922435,-12.911,-141.648,36.2855,625.7,221.794,87.12,87.12,-39.1195,-178.855,-178.855,-5.85573,-6.5237,507.554,0,-43.3156,-43.3156,0,-472.718,0,-142.095,0,127.685,0,-37.846,77.3022,34.427,78.7263,78.7263,0,39.8621,39.8621,51.0367,0,0.671322,-429.767,-429.767,-429.767,0.298785,0,0,0,-28.1603,-28.1603,-28.1603,0,36.2441,11.7755,11.7755,7.72376,-518.211,8.25294,8.25294,-2.5796,-8.76192,-1.24859,37.6464,-18.43,-18.2745,-8.28992,0,4.96271,0,260.507,260.507,260.507,0,0,0,0,-10.6398,-630.982,-59.0421,-59.0421,184.829,528.982,45.9238,66.4671,0,-157.257,225.438,79.0297,465.122,1363.77,1083.77,595.3,-43.8687,-13.781,-281.197,-281.197,-681.294,251.143,-103.289,-1701.44,-1293.01,-56.4755,-81.6005,-199.968,-986.68,-371.023,-420.36,320.906,-271.732,-2903.7,3543.14,1542.56,-7434.11,-523.282,925.151,-722.415,6.58855,-506.73,126.554,-227.494,-81.3049,-319.193,-80.7215,-306.699,163.41,163.41,-141.344,-215.452,-215.452,-747.699,-72.6894,0,-305.795,67.2623,540.539,0,0
2020-08-04 15:00:00 UTC,251.942,128.921,-382.418,44.1043,44.1043,96.4252,-86.9985,-149.618,297.951,297.951,-625.219,-209.36,1042.9,50.3415,-95.2576,-206.991,-510.762,-112.33,549.059,78.4262,14.502,149.822,149.822,285.163,405.367,135.269,19.6294,-14.8348,-18.62,-170.631,96.2042,96.2042,226.432,125.769,125.769,348.39,-145.572,-184.667,1193.62,1193.62,-187.366,-448.869,-397.195,-212.042,-230.397,411.577,1161.41,1184.47,1174.27,-16.452,118.634,118.634,-31.0765,54.9741,73.0797,-11.3488,-11.3488,308.916,-156.796,-78.1832,-224.542,216.465,127.493,-150.748,-150.748,5.20165,22.5786,-134.116,-134.116,-26.288,-343.167,308.336,137.7,137.7,-7.22431,-7.22431,-2.10273,-2.59261,-3.15207,6.84498,4.39855,-17.072,-0.228843,-0.310653,0.15558,3.37651,-3.71008,-83.0272,-83.0272,-11.7915,-11.7915,-13.5452,-13.5452,84.8147,84.8147,84.8147,-30.896,-30.896,-2.79869,36.8503,14.5146,14.5146,-16.6253,-16.6253,83.4119,18.285,221.531,10.1187,10.1187,177.087,177.087,177.087,-514.165,143.175,143.175,147.449,147.449,-6.89522,-45.4043,-45.4043,7.1596,7.1596,830.696,830.696,-540.324,-540.324,0,27.5063,255.208,102.724,-276.884,-276.884,200.462,-971.144,-542.974,204.775,825.747,825.747,-146.618,-146.618,698.741,698.741,-57.1702,-146.638,-108.797,-712.788,-249.343,-249.343,158.822,158.822,158.822,-480.1,-480.1,696.091,-2.88318,-2.88318,-227.812,471.765,471.765,-471.857,230.649,-61.0473,0,-269.703,-200.661,658.58,475.643,475.643,74.1879,-18.2823,7.15023,409.779,409.779,-60.1101,-63.9256,-63.9256,-1084.32,405.023,1198.14,-1051.21,-1073.42,-1055.8,1776.85,-487.175,380.505,-911.205,-929.939,-897.258,998.204,197.757,119.401,-587.588,-1645.71,-41.7317,-1739.21,-4699.31,-2574.09,-2574.09,-177.218,1551.3,-173.287,-197.598,-158.265,108.129,-186.299,175.541,190.046,197.285,-213.587,-210.408,-214.36,199.084,-73.7114,-73.7114,180.171,-385.622,-385.622,1504.75,-187.007,-190.508,181.956,-165.612,-418.317,-663.446,-663.446,-260.377,-565.876,-623.063,-2211.07,886.185,-395.909,379.812,4.94194,-495.397,-724.337,-430.627,-427.723,-5.14513,744.457,812.376,-159.485,-133.305,-176.025,-72.8194,33.8064,-196.191,-107.313,-107.321,54.312,-122.477,96.8211,125.422,-34.981,606.558,588.086,658.135,637.532,98.4018,98.4018,55.8592,195.716,-40.604,-40.604,-140.751,-140.751,320.854,320.854,-110.134,-65.6323,53.2276,256.756,-513.743,3247.12,2926.76,-5417.71,79.4877,-1331.27,329.14,382.051,-204.33,-204.33,-110.667,-110.667,-130.425,-313.947,542.31,-8.20924,-42.0788,-42.0788,-88.1949,-183.793,31.8333,-56.627,-31.1455,-31.1455,-59.1803,-58.4214,-233.863,-233.863,-273.802,-111.177,-235.446,34.0233,-270.914,210.114,210.114,-127.807,-142.083,0,-119.704,-212.174,0,-118.153,295.767,295.767,153.146,-56.9233,125.885,126.851,135.627,-8.89544,-19.881,-154.15,38.9989,650.815,233.755,94.9509,94.9509,-35.6754,-190.432,-190.432,-7.11944,-7.83981,527.843,0,-36.2542,-36.2542,0,-543.614,0,-157.556,0,137.537,0,-38.1732,74.654,36.9254,85.3156,85.3156,0,41.9394,41.9394,54.6087,0,1.02424,-522.352,-522.352,-522.352,0.422889,0,0,0,-35.6785,-35.6785,-35.6785,0,36.6028,10.6786,10.6786,5.62882,-583.735,7.22431,7.22431,-4.94096,-11.5382,-2.93789,43.125,-20.647,-20.4748,-9.8773,0,2.57961,0,273.861,273.861,273.861,0,0,0,0,-16.8907,-725.105,-60.6446,-60.6446,161.041,608.337,33.2953,47.9056,0,-195.304,241.901,87.9541,438.087,1543.32,1155.17,647.374,-63.7035,-18.6526,-308.98,-308.98,-764.816,315.272,-119.069,-2057.15,-1414.82,-60.633,-87.6782,-214.9,-1072.94,-392.737,-449.796,338.176,-300.343,-3156.63,3592.65,1568.47,-7635.73,-596.942,916.123,-719.616,-8.70804,-558.315,123.708,-230.304,-97.6638,-228.044,-92.2443,-315.155,183.746,183.746,-169.796,-221.117,-221.117,-829.229,-99.9734,0,-327.714,67.9887,576.042,0,0
2020-08-04 16:00:00 UTC,263.784,132.221,-375.666,36.5211,36.5211,122.555,-84.7752,-144.356,298.522,298.522,-685.277,-232.995,1134.61,49.1985,-107.089,-216.031,-554.175,-121.563,605.001,88.6829,32.1735,164.489,164.489,307.528,427.387,142.418,21.1756,-16.0458,-16.0234,-182.849,104.685,104.685,249.805,140.04,140.04,383.83,-163.094,-207.157,1364.32,1364.32,-208.382,-491.871,-424.518,-225.617,-256.407,472.249,1318.28,1344.2,1333.81,-18.1799,132.562,132.562,-31.2565,61.4944,82.4759,-11.944,-11.944,349.162,-170.064,-86.7342,-247.156,247.438,146.72,-165.474,-165.474,5.115,21.5493,-137.61,-137.61,-26.4365,-365.693,337.938,149.493,149.493,-6.38787,-6.38787,-2.10301,-2.55445,-3.45184,7.7807,3.65205,-19.42,-0.243418,-0.324218,0.422945,3.88861,-3.49402,-90.0601,-90.0601,-15.3465,-15.3465,-17.5699,-17.5699,93.0338,93.0338,93.0338,-31.5933,-31.5933,-0.583045,41.5128,15.0499,15.0499,-17.8763,-17.8763,92.5398,19.8706,240.44,11.3584,11.3584,193.538,193.538,193.538,-561.134,157.188,157.188,161.44,161.44,-6.73977,-50.2626,-50.2626,4.67989,4.67989,912.823,912.823,-582.005,-582.005,0,28.8404,276.397,109.254,-297.875,-297.875,218.958,-1053.32,-590.032,223.252,909.437,909.437,-160.125,-160.125,769.037,769.037,-61.7102,-157.598,-139.113,-707.412,-272.204,-272.204,173.437,173.437,173.437,-527.822,-527.822,766.372,-2.88318,-2.88318,-246.83,524.691,524.691,-506.966,259.965,-58.7938,0,-290.897,-204.359,744.587,530.64,530.64,84.7486,-14.7027,10.712,448.328,448.328,-47.7056,-57.1845,-57.1845,-1214.05,479.417,1357,-1178.48,-1203.33,-1183.81,2049.57,-544.636,425.751,-1003.4,-1023.9,-985.551,1080.25,246.916,159.772,-638.811,-1739.46,-45.4883,-1840.83,-5017.68,-2756.32,-2756.32,-175.104,1737.28,-196.634,-200.014,-166.099,110.563,-200.08,185.869,205.299,213.144,-227.221,-223.928,-228.049,215.177,-85.4596,-85.4596,193.716,-402.53,-402.53,1660.36,-218.469,-204.572,195.189,-175.989,-437.311,-711.805,-711.805,-264.929,-586.666,-646.3,-2298.89,911.86,-417.271,400.664,4.90706,-535.433,-763.153,-453.572,-450.535,-5.17534,784.313,855.745,-166.267,-138.99,-182.795,-75.6159,36.7422,-212.01,-112.621,-112.629,58.201,-136.5,101.808,131.801,-32.5345,631.961,611.605,685.383,662.679,101.487,101.487,58.8432,202.161,-40.6968,-40.6968,-143.554,-143.554,337.259,337.259,-129.683,-69.6452,53.8686,267.187,-518.202,3421.9,3082.04,-5511.47,84.4767,-1416.28,369.843,409.246,-230.226,-230.226,-130.35,-130.35,-119.625,-326.692,597.01,-5.5191,-48.7633,-48.7633,-100.263,-186.455,-49.1991,-64.8883,-36.026,-36.026,-68.4407,-67.5482,-248.276,-248.276,-289.085,-117.188,-255.659,11.7144,-328.052,228.483,228.483,-139.532,-155.45,0,-121.178,-215.676,0,-129.377,300.135,300.135,172.527,-75.5204,138.366,139.411,148.396,-16.0876,-25.9915,-162.723,40.2171,667.434,239.003,100.727,100.727,-30.1313,-198.003,-198.003,-8.2197,-8.97279,533.684,0,-27.5551,-27.5551,0,-602.076,0,-168.735,0,144.919,0,-38.5084,69.3096,38.5238,91.4244,91.4244,0,43.3054,43.3054,58.4535,0,1.32075,-602.171,-602.171,-602.171,0.544191,0,0,0,-41.1842,-41.1842,-41.1842,0,36.6628,9.64593,9.64593,3.93058,-636.924,6.38787,6.38787,-7.14876,-12.7724,-4.68395,46.464,-22.3218,-22.1371,-10.7448,0,3.04552,0,282.175,282.175,282.175,0,0,0,0,-19.8482,-803.463,-61.2007,-61.2007,135.058,672.146,19.1402,27.1311,0,-224.043,252.894,94.9248,400.776,1692.45,1205.63,685.985,-81.0558,-22.2169,-330.651,-330.651,-832.224,373.554,-132.401,-2347.28,-1505.61,-63.6145,-92.0154,-225.554,-1137.45,-409.329,-470.191,351.424,-320.778,-3327.29,3625.65,1585.92,-7773.22,-658.134,908.689,-715.771,-19.6,-603.128,121.613,-234.323,-110.234,-156.488,-104.742,-323.541,200.23,200.23,-194.035,-224.43,-224.43,-900.966,-123.991,0,-337.905,67.0252,598.698,0,0
2020-08-04 17:00:00 UTC,269.921,132.641,-354.285,26.0257,26.0257,152.17,-79.6703,-133.091,290.056,290.056,-735.284,-254.86,1211.11,46.9413,-118.795,-220.736,-592.323,-129.654,653.979,98.1503,53.7331,179.115,179.115,321.546,438.565,146.022,22.2034,-16.8394,-13.3554,-190.758,110.699,110.699,269.804,153.464,153.464,414.012,-183.571,-233.514,1548.86,1548.86,-231.611,-530.236,-447.03,-236.741,-283.68,532.83,1486.42,1515.36,1505.02,-21.7617,147.078,147.078,-34.5138,69.8653,96.2924,-12.0359,-12.0359,396.532,-180.923,-97.0653,-272.616,279.946,167.117,-181.449,-181.449,4.77542,19.6009,-139.193,-139.193,-26.086,-383.729,366.782,161.535,161.535,-5.14087,-5.14087,-2.10418,-2.52205,-3.74014,8.67966,3.0637,-22.1503,-0.211545,-0.293918,0.846908,4.6303,-3.31593,-97.4811,-97.4811,-18.7468,-18.7468,-21.4217,-21.4217,100.969,100.969,100.969,-32.1755,-32.1755,2.70736,47.919,15.3886,15.3886,-19.6297,-19.6297,102.334,21.9916,256.395,13.1191,13.1191,209.959,209.959,209.959,-606.79,171.284,171.284,175.261,175.261,-7.18104,-55.1778,-55.1778,1.66001,1.66001,993.337,993.337,-621.277,-621.277,0,29.9105,296.928,116.011,-317.553,-317.553,237.285,-1132.99,-635.887,241.305,991.923,991.923,-172.716,-172.716,838.016,838.016,-65.8919,-167.913,-171.862,-691.687,-294.618,-294.618,188.328,188.328,188.328,-576.328,-576.328,835.498,-2.88318,-2.88318,-266.915,580.463,580.463,-541.284,291.422,-54.3865,0,-311.03,-205.05,835.673,588.181,588.181,94.0043,-12.1406,14.8432,484.88,484.88,-30.4211,-46.985,-46.985,-1350.18,562.817,1527.01,-1312.18,-1339.8,-1318.35,2348.77,-606.627,471.973,-1096.29,-1118.55,-1073.87,1159.02,301.554,206.411,-689.224,-1824.46,-48.5969,-1932.68,-5309.2,-2923.17,-2923.17,-170.711,1924.45,-216.408,-199.417,-173.533,111.326,-212.712,195.635,219.704,228.128,-239.41,-236.026,-240.287,230.384,-97.0735,-97.0735,206.403,-417.352,-417.352,1810.76,-247.569,-218.077,207.544,-186.022,-453.872,-756.38,-756.38,-267.61,-603.734,-665.408,-2371.41,926.082,-435.587,418.703,4.70894,-572.47,-796.41,-473.224,-470.078,-5.18873,818.222,892.634,-171.794,-143.698,-188.415,-77.9582,39.235,-226.035,-117.043,-117.052,61.6502,-149.707,105.973,137.068,-30.6826,653.103,631.083,708.034,683.475,103.869,103.869,61.2932,207.141,-40.6708,-40.6708,-145.62,-145.62,351.116,351.116,-147.866,-72.9159,54.1831,275.765,-521.34,3569.09,3212.78,-5580.55,88.3267,-1499.91,408.483,433.804,-254.699,-254.699,-150.308,-150.308,-108.232,-339.242,649.187,-3.0951,-55.8294,-55.8294,-109.945,-189.682,-120.789,-70.6778,-41.6338,-41.6338,-78.4999,-77.4617,-261.386,-261.386,-302.581,-122.456,-274.968,-12.5603,-388.113,247.189,247.189,-151.696,-169.338,0,-121.919,-218.479,0,-140.978,303.111,303.111,192.743,-94.8502,150.879,152.001,161.663,-24.4264,-32.8863,-169.73,40.099,675.83,244.57,105.786,105.786,-26.1238,-201.281,-201.281,-9.42542,-10.203,529.838,0,-16.0073,-16.0073,0,-648.247,0,-176.338,0,148.644,0,-38.7426,62.65,39.2405,95.3792,95.3792,0,43.8695,43.8695,61.271,0,1.76576,-689.353,-689.353,-689.353,0.674165,0,0,0,-49.4756,-49.4756,-49.4756,0,35.9917,8.14811,8.14811,1.40682,-689.853,5.14087,5.14087,-9.25931,-15.2967,-6.333,49.9519,-23.9753,-23.7788,-11.8757,0,1.72289,0,287.85,287.85,287.85,0,0,0,0,-24.6248,-878.086,-61.4431,-61.4431,93.929,737.533,0.319395,-0.46396,0,-262.22,260.447,101.53,345.6,1838.81,1247.12,721.718,-98.3328,-26.3432,-350.764,-350.764,-894.29,434.609,-144.93,-2617.7,-1582.32,-66.0739,-95.6254,-234.428,-1185.26,-422.526,-486.304,361.945,-337.003,-3468.36,3649.47,1598.73,-7874.69,-716.383,898.029,-712.57,-29.0855,-646.796,120.207,-239.071,-121.901,-92.4785,-117.938,-332.023,215.806,215.806,-218.016,-226.74,-226.74,-971.357,-150.53,0,-337.529,66.3576,616.092,0,0
2020-08-04 18:00:00 UTC,275.41,133.273,-338.883,17.8728,17.8728,178.679,-75.7093,-124.404,282.942,282.942,-775.474,-272.717,1273.23,46.2445,-128.353,-223.787,-623.846,-136.323,693.377,105.787,72.7196,191.569,191.569,333.517,442.406,147.49,23.1885,-17.5958,-9.13029,-198.103,115.897,115.897,284.447,162.467,162.467,439.273,-200.683,-255.6,1709.82,1709.82,-251.051,-562.026,-464.834,-245.48,-307.17,589.715,1631.66,1663.17,1653.05,-24.6215,159.636,159.636,-37.2857,76.9069,112.694,-11.9825,-11.9825,437.627,-189.015,-105.791,-292.107,308.187,185.009,-192.946,-192.946,4.32685,17.3278,-139.538,-139.538,-25.4866,-397.769,391.212,170.467,170.467,-3.77408,-3.77408,-2.10957,-2.49553,-3.9904,9.46019,2.72876,-24.5025,-0.178549,-0.262547,1.29543,5.40255,-3.13346,-104.293,-104.293,-21.669,-21.669,-24.7295,-24.7295,107.867,107.867,107.867,-32.3604,-32.3604,6.23735,54.5677,15.6499,15.6499,-21.3917,-21.3917,111.689,24.1609,269.282,14.6115,14.6115,223.58,223.58,223.58,-644.353,182.533,182.533,186.766,186.766,-7.67476,-59.3484,-59.3484,-0.46194,-0.46194,1061.21,1061.21,-653.934,-653.934,0,31.0629,314.463,121.872,-333.927,-333.927,252.479,-1198.02,-673.496,256.76,1061.21,1061.21,-183.32,-183.32,895.9,895.9,-69.4862,-176.503,-199.652,-674.488,-313.414,-313.414,201.195,201.195,201.195,-616.847,-616.847,893.198,-2.88318,-2.88318,-284.265,628.214,628.214,-568.197,318.746,-48.5455,0,-326.044,-203.331,914.365,637.275,637.275,101.511,-10.1301,18.3618,516.049,516.049,-12.7495,-36.1993,-36.1993,-1465.56,636.924,1673.69,-1425.49,-1455.45,-1432.37,2610.44,-659.363,511.448,-1171.76,-1195.43,-1145.05,1221.43,349.599,245.541,-733.409,-1895.31,-50.76,-2008.14,-5551.77,-3062.28,-3062.28,-166.655,2083.77,-231.595,-198.328,-179.448,112.083,-222.878,203.828,231.679,240.588,-249.477,-246.021,-250.395,243.022,-106.804,-106.804,216.861,-429.049,-429.049,1937.3,-270.619,-229.457,217.702,-194.002,-467.097,-791.709,-791.709,-268.686,-617.027,-680.317,-2428.77,937.249,-450.018,433.087,4.19844,-603.711,-823.482,-489.217,-485.985,-4.91841,845.526,922.336,-176.185,-147.52,-192.894,-79.8317,41.3554,-237.723,-120.658,-120.666,64.7008,-160.934,109.381,141.291,-29.4604,669.786,646.382,725.891,699.787,105.578,105.578,63.1469,210.789,-40.5842,-40.5842,-147.087,-147.087,362.328,362.328,-163.44,-75.4796,54.2125,282.394,-523.358,3687.71,3318.5,-5626.18,91.0554,-1569.13,440.504,454.456,-275.056,-275.056,-167.088,-167.088,-98.1714,-349.8,694.245,-0.710438,-61.8453,-61.8453,-117.5,-192.135,-187.121,-75.3178,-46.1511,-46.1511,-86.7622,-85.6038,-272.134,-272.134,-313.136,-126.332,-290.919,-34.5566,-438.033,261.199,261.199,-161.072,-180.069,0,-120.98,-218.16,0,-149.905,301.797,301.797,209.018,-110.494,161.411,162.597,171.888,-30.673,-37.9222,-175.427,40.4059,683.441,249.925,109.931,109.931,-23.5304,-204.341,-204.341,-10.4689,-11.2683,526.932,0,-6.8241,-6.8241,0,-685.854,0,-180.51,0,150.162,0,-38.9713,54.7925,39.0367,99.0514,99.0514,0,43.8919,43.8919,64.6088,0,2.176,-765.83,-765.83,-765.83,0.798737,0,0,0,-56.4142,-56.4142,-56.4142,0,34.9723,6.54651,6.54651,-1.34752,-732.145,3.77408,3.77408,-11.0614,-17.9364,-7.7752,52.5862,-25.5868,-25.379,-12.703,0,0.242833,0,291.38,291.38,291.38,0,0,0,0,-28.6752,-942.731,-61.2313,-61.2313,52.6309,792.224,-18.3112,-27.77,0,-294.775,264.902,106.857,287.607,1963.55,1278.42,750.555,-113.502,-29.8574,-367.417,-367.417,-946.652,488.777,-155.547,-2849.51,-1644.97,-68.0487,-98.5715,-241.677,-1216.42,-432.678,-499.602,369.865,-348.904,-3586.18,3664.6,1607.05,-7941.84,-766.673,888.475,-709.29,-37.9989,-683.369,118.813,-242.29,-131.581,-32.9465,-129.794,-339.181,229.135,229.135,-239.287,-226.88,-226.88,-1028.46,-173.768,0,-340.431,64.956,628.232,0,0
2020-08-04 19:00:00 UTC,274.786,131.294,-312.752,8.78402,8.78402,198.914,-69.6322,-111.799,268.314,268.314,-798.799,-285.801,1309.98,45.1378,-136.154,-222.938,-646.189,-141.041,718.659,111.02,88.2607,201.868,201.868,341.616,440.366,147.073,23.9507,-18.1789,-4.55232,-203.612,119.684,119.684,294.407,168.325,168.325,456.998,-212.916,-271.427,1823.55,1823.55,-264.926,-582.26,-475.492,-250.704,-324.245,634.49,1733.93,1767.23,1757.38,-27.2564,168.288,168.288,-40.6774,82.3606,134.105,-11.6188,-11.6188,468.407,-191.944,-111.826,-303.572,327.707,197.468,-198.855,-198.855,3.95883,15.6093,-139.273,-139.273,-24.9522,-405.935,405.839,175.551,175.551,-2.81888,-2.81888,-2.11294,-2.46492,-4.15457,9.96822,2.51388,-26.0352,-0.0788281,-0.168399,1.659,5.89706,-2.89643,-108.535,-108.535,-23.629,-23.629,-26.9396,-26.9396,112.225,112.225,112.225,-31.7956,-31.7956,8.34249,58.2823,15.7675,15.7675,-22.4709,-22.4709,118.226,25.3284,277.101,15.5086,15.5086,232.754,232.754,232.754,-669.667,189.745,189.745,194.459,194.459,-7.99103,-62.0479,-62.0479,-1.92464,-1.92464,1107.21,1107.21,-675.696,-675.696,0,31.7603,326.261,125.717,-344.907,-344.907,262.843,-1241.45,-698.709,267.612,1108.22,1108.22,-190.514,-190.514,935.04,935.04,-72.1502,-182.216,-219.577,-658.309,-326.384,-326.384,210.196,210.196,210.196,-644.78,-644.78,932.015,-2.88318,-2.88318,-296.224,661.575,661.575,-585.532,338.648,-42.9499,0,-335.432,-200.016,971.367,671.517,671.517,106.415,-8.63515,21.276,536.566,536.566,1.60179,-27.2032,-27.2032,-1545.75,691.191,1776.95,-1504.26,-1535.83,-1511.68,2798.88,-696.593,538.552,-1222.67,-1247.27,-1192.82,1261.97,384.633,274.152,-763.406,-1939.92,-51.8723,-2055.22,-5704.37,-3149.31,-3149.31,-162.437,2195.94,-242.129,-196.07,-183.446,110.887,-229.535,208.955,239.491,248.717,-255.569,-252.084,-256.512,251.279,-113.758,-113.758,223.66,-435.817,-435.817,2023.66,-287.14,-237.105,224.285,-199.677,-474.638,-815.086,-815.086,-268.747,-624.297,-688.484,-2459.23,938.138,-458.38,441.241,3.81756,-622.687,-839.109,-498.444,-495.165,-4.73652,860.861,939.019,-178.724,-149.76,-195.499,-80.8954,42.0389,-243.865,-122.614,-122.622,66.035,-168.204,111.228,143.609,-27.6818,679.008,654.806,735.755,708.763,106.849,106.849,64.637,214.039,-40.5973,-40.5973,-148.145,-148.145,368.475,368.475,-171.554,-77.1431,53.9312,286.592,-524.72,3753.82,3376.5,-5657.72,93.2624,-1607.5,458.759,466.239,-286.405,-286.405,-177.587,-177.587,-91.3276,-356.166,719.482,0.824976,-65.9144,-65.9144,-120.724,-194.229,-215.852,-76.4477,-49.6039,-49.6039,-92.3785,-91.1382,-278.418,-278.418,-319.124,-128.471,-300.616,-50.057,-471.382,270.235,270.235,-167.305,-187.233,0,-119.385,-217.08,0,-155.921,300.103,300.103,219.862,-121.452,167.967,169.191,178.632,-35.6355,-41.7542,-177.791,38.8895,684.388,252.191,112.241,112.241,-21.4824,-203.04,-203.04,-11.3039,-12.1098,514.871,0,2.93772,2.93772,0,-705.573,0,-180.78,0,149.728,0,-39.1504,45.7908,38.3117,101.806,101.806,0,43.5124,43.5124,67.6975,0,2.49629,-820.347,-820.347,-820.347,0.885565,0,0,0,-61.2952,-61.2952,-61.2952,0,34.0947,5.37865,5.37865,-3.26512,-756.941,2.81888,2.81888,-12.2373,-20.4969,-8.82687,53.1251,-26.5937,-26.379,-13.0767,0,-0.705413,0,292.629,292.629,292.629,0,0,0,0,-32.6202,-986.788,-60.6116,-60.6116,16.8785,829.304,-33.2387,-49.6366,0,-319.611,266.707,110.311,240.54,2047.11,1295.51,768.86,-123.828,-32.7639,-378.329,-378.329,-979.582,527.107,-162.39,-2996.22,-1680.75,-69.1296,-100.167,-245.602,-1233.72,-440.786,-507.609,376.153,-357.644,-3637.52,3670.05,1610.07,-7988.1,-797.675,889.259,-705.3,-43.9291,-702.785,118.184,-244.82,-136.517,-7.50429,-136.721,-343.782,237.574,237.574,-252.795,-225.406,-225.406,-1065.31,-191.207,0,-328.774,63.8052,632.741,0,0
2020-08-04 20:00:00 UTC,273.329,129.359,-288.481,1.46626,1.46626,215.096,-63.7468,-99.8825,253.978,253.978,-813.47,-295.715,1334.26,45.1599,-142.352,-220.8,-663.515,-144.695,735.721,114.64,100.387,210.193,210.193,348.116,437.875,146.526,24.5773,-18.6543,-0.619009,-208.09,122.592,122.592,301.287,172.07,172.07,470.085,-221.42,-282.446,1904.83,1904.83,-274.724,-596.329,-482.546,-254.153,-336.776,668.941,1806.96,1841.53,1831.96,-28.7555,174.415,174.415,-42.2048,85.8983,144.745,-11.4754,-11.4754,489.26,-195.253,-116.402,-311.129,341.755,206.478,-202.177,-202.177,3.62852,14.1779,-138.762,-138.762,-24.4528,-411.202,415.339,177.686,177.686,-2.06093,-2.06093,-2.1105,-2.43402,-4.27529,10.3439,2.24266,-27.0964,-0.0617383,-0.152183,1.86834,6.20215,-2.69465,-111.612,-111.612,-25.125,-25.125,-28.6256,-28.6256,115.374,115.374,115.374,-31.2332,-31.2332,9.95421,60.8693,15.8284,15.8284,-23.1336,-23.1336,123.125,26.0983,282.327,15.5028,15.5028,238.787,238.787,238.787,-687.387,193.734,193.734,199.499,199.499,-7.59063,-63.8382,-63.8382,-2.67253,-2.67253,1139.31,1139.31,-690.893,-690.893,0,32.3458,334.911,128.622,-352.636,-352.636,270.3,-1271.32,-716.098,276.134,1140.83,1140.83,-195.692,-195.692,961.983,961.983,-73.9901,-186.252,-234.093,-645.218,-335.961,-335.961,217.173,217.173,217.173,-665.021,-665.021,958.271,-2.88318,-2.88318,-305.188,686.053,686.053,-597.589,353.997,-37.6116,0,-341.597,-196.192,1014.35,696.476,696.476,109.59,-7.91157,22.9093,550.129,550.129,13.0542,-19.8853,-19.8853,-1602.72,731.513,1850.95,-1560.12,-1592.83,-1567.97,2937.16,-724.495,556.542,-1258.18,-1283.41,-1226.06,1289.64,410.466,295.37,-784.671,-1970.08,-52.4198,-2086.7,-5806.66,-3207.51,-3207.51,-158.822,2276.05,-248.678,-193.594,-186.057,110.017,-234.044,212.317,244.761,254.203,-259.603,-256.099,-260.563,256.846,-118.766,-118.766,228.224,-440.423,-440.423,2083.1,-298.424,-242.581,228.7,-203.472,-479.51,-831.111,-831.111,-268.465,-628.682,-693.424,-2477.35,936.092,-463.695,446.269,3.54798,-635.028,-849.311,-504.464,-501.157,-4.60547,870.427,949.43,-180.392,-151.282,-197.313,-81.5738,42.0954,-247.388,-123.817,-123.825,66.6478,-172.794,112.364,145.02,-26.9895,684.646,659.932,741.785,714.222,107.911,107.911,65.5703,216.404,-40.7238,-40.7238,-149.135,-149.135,372.362,372.362,-175.993,-77.9823,54.9192,289.744,-526.446,3796.19,3412.3,-5701.5,95.0628,-1631.31,470.043,473.94,-293.324,-293.324,-184.738,-184.738,-86.6399,-360.216,735.371,1.87387,-68.5841,-68.5841,-122.342,-196.716,-230.819,-76.6732,-52.0303,-52.0303,-96.1901,-94.894,-282.522,-282.522,-322.949,-129.799,-307.105,-62.0644,-493.879,275.19,275.19,-171.079,-191.605,0,-116.834,-214.328,0,-159.555,296.053,296.053,226.838,-129.44,172.166,173.414,182.691,-39.0322,-44.2265,-178.818,37.2226,683.205,253.907,113.595,113.595,-20.6126,-201.344,-201.344,-12.0293,-12.843,506.29,0,10.6791,10.6791,0,-716.722,0,-178.451,0,149.161,0,-39.3015,38.7856,37.5871,104.045,104.045,0,43.1396,43.1396,70.2684,0,2.71043,-859.61,-859.61,-859.61,0.951378,0,0,0,-64.743,-64.743,-64.743,0,33.2873,4.39411,4.39411,-4.7825,-770.712,2.06093,2.06093,-13.1444,-21.6029,-9.64411,53.3784,-27.3339,-27.1141,-12.8424,0,0.495057,0,293.104,293.104,293.104,0,0,0,0,-34.308,-1015.82,-60.2025,-60.2025,-12.7257,855.026,-45.2536,-67.2239,0,-343.539,267.227,112.641,203.138,2105.21,1305.73,781.136,-130.963,-34.3961,-385.51,-385.51,-1001.68,554.472,-166.739,-3095.49,-1703.46,-69.7882,-101.148,-248.015,-1241.21,-446.695,-513.796,380.236,-364.225,-3661.19,3693.17,1622.65,-8052.75,-817.976,892.819,-701.931,-48.1291,-714.428,118.694,-247.543,-139.352,5.10195,-140.889,-346.37,243.143,243.143,-262.007,-222.576,-222.576,-1087.76,-205.024,0,-315.72,63.0581,634.21,0,0
2020-08-04 21:00:00 UTC,274.609,129.165,-278.955,-1.49918,-1.49918,225.709,-61.1783,-94.4631,246.369,246.369,-827.931,-302.339,1356.4,43.4228,-145.988,-221.981,-674.458,-147,750.863,117.677,108.128,215.822,215.822,355.39,438.735,147.103,25.1982,-19.1174,2.32012,-212.577,125.204,125.204,306.113,174.115,174.115,480.455,-226.206,-288.654,1957.77,1957.77,-280.581,-607.109,-488.682,-257.148,-344.934,693.645,1854.01,1889.38,1880.02,-29.2746,178.511,178.511,-42.6761,87.8298,148.81,-11.5286,-11.5286,501.521,-198.427,-119.202,-315.174,350.585,212.16,-203.615,-203.615,3.58075,13.6695,-138.889,-138.889,-24.3787,-416.137,422.689,179.431,179.431,-1.70738,-1.70738,-2.12992,-2.43924,-4.35539,10.6042,2.14302,-27.6899,-0.0756314,-0.165222,1.95436,6.35347,-2.5893,-114.056,-114.056,-25.9195,-25.9195,-29.5196,-29.5196,117.785,117.785,117.785,-31.0122,-31.0122,10.7497,62.3288,15.9884,15.9884,-23.5409,-23.5409,126.785,26.5626,286.902,15.6518,15.6518,242.784,242.784,242.784,-698.658,196.021,196.021,202.842,202.842,-7.61908,-64.9122,-64.9122,-2.50294,-2.50294,1160.4,1160.4,-701.477,-701.477,0,33.0384,340.955,130.836,-358.112,-358.112,274.97,-1290.83,-727.474,281.876,1161.81,1161.81,-199.126,-199.126,979.38,979.38,-75.3293,-189.09,-243.304,-637.879,-342.317,-342.317,222.184,222.184,222.184,-678.49,-678.49,974.977,-2.88318,-2.88318,-311.404,702.117,702.117,-605.185,364.525,-33.2067,0,-345.081,-193.461,1043.39,712.642,712.642,111.257,-7.92192,22.8979,560.364,560.364,20.8292,-14.9005,-14.9005,-1639.5,757.773,1898.98,-1595.93,-1629.37,-1604.07,3027.08,-742.482,568.852,-1280.68,-1306.31,-1247.1,1307.81,427.241,307.912,-799.576,-1991.81,-52.7713,-2109.39,-5882.19,-3250.71,-3250.71,-156.687,2329.64,-253.152,-192.333,-188.715,107.822,-237.131,214.642,248.39,257.983,-262.755,-259.224,-263.727,260.674,-122.224,-122.224,231.353,-442.965,-442.965,2124.42,-305.593,-246.565,231.729,-206.971,-482.965,-841.587,-841.587,-268.035,-632.037,-697.218,-2491.57,937.823,-467.851,450.17,3.31838,-644.932,-857.544,-509.322,-505.993,-4.48638,877.994,957.671,-181.708,-152.484,-198.755,-82.1066,42.0508,-250.219,-124.742,-124.751,67.0608,-176.408,113.24,146.123,-25.6221,689.02,663.891,746.465,718.438,108.78,108.78,66.5715,218.806,-40.7769,-40.7769,-149.879,-149.879,375.426,375.426,-179.709,-78.8082,55.7494,292.29,-527.885,3829.32,3440.67,-5737.93,96.3648,-1649.1,479.013,480.299,-298.902,-298.902,-189.691,-189.691,-82.9859,-363.276,750.224,2.64193,-70.5352,-70.5352,-124.027,-199.827,-246.659,-77.4672,-53.4534,-53.4534,-98.6763,-97.3437,-285.753,-285.753,-325.824,-130.664,-311.881,-69.9096,-509.018,278.692,278.692,-173.635,-194.559,0,-115.408,-212.665,0,-162.095,294.065,294.065,231.615,-134.015,175.36,176.627,185.424,-40.8892,-45.5725,-179.996,37.231,684.911,255.294,114.644,114.644,-19.9889,-201.887,-201.887,-12.5221,-13.3481,506.612,0,14.0536,14.0536,0,-723.78,0,-181.576,0,149.757,0,-39.4593,35.3239,37.1832,106.289,106.289,0,43.0275,43.0275,72.3622,0,2.80772,-884.993,-884.993,-884.993,1.00374,0,0,0,-66.4448,-66.4448,-66.4448,0,33.1685,3.95245,3.95245,-5.48904,-781.55,1.70738,1.70738,-13.6342,-21.8837,-10.0982,53.3298,-27.9205,-27.6964,-12.7067,0,0.409751,0,293.728,293.728,293.728,0,0,0,0,-32.4028,-1037.6,-59.9186,-59.9186,-31.9984,871.77,-53.4826,-79.2647,0,-357.071,267.288,114.23,177.963,2145.19,1313.5,790.556,-136.079,-34.3966,-391.019,-391.019,-1018.52,572.849,-170.222,-3171.78,-1721.56,-70.3015,-101.904,-249.873,-1247.76,-452.204,-518.986,384.397,-370.31,-3676.05,3718.95,1636.75,-8106.78,-834.393,894.149,-699.375,-51.1145,-726.299,120.057,-250.782,-141.793,20.3999,-144.657,-347.895,247.306,247.306,-269.584,-221.195,-221.195,-1105.28,-214.099,0,-315.525,62.2202,635.745,0,0
2020-08-04 22:00:00 UTC,274.483,128.585,-266.114,-2.58889,-2.58889,231.639,-57.61,-87.3048,239.254,239.254,-835.818,-304.896,1366.91,39.3542,-147.305,-223.932,-676.889,-147.512,759.784,119.539,112.643,218.743,218.743,360.105,439.048,147.296,25.6138,-19.4258,4.44559,-215.548,126.747,126.747,307.865,174.256,174.256,485.721,-227.476,-290.302,1972.68,1972.68,-282.661,-610.567,-491.58,-258.582,-348.723,705.896,1866.42,1902,1892.74,-29.0181,179.823,179.823,-43.0883,88.0675,146.941,-11.848,-11.848,503.579,-202.563,-120.769,-315.862,351.886,212.999,-202.794,-202.794,3.94411,14.4748,-139.858,-139.858,-24.9152,-418.844,423.578,177.942,177.942,-1.95872,-1.95872,-2.18818,-2.50051,-4.37217,10.6794,2.38648,-27.6049,-0.0608298,-0.151286,1.9354,6.33752,-2.58569,-115.491,-115.491,-25.5938,-25.5938,-29.145,-29.145,118.989,118.989,118.989,-30.9967,-30.9967,10.3133,62.1365,16.2148,16.2148,-23.643,-23.643,128.82,26.5923,289.052,15.807,15.807,243.831,243.831,243.831,-701.055,195.936,195.936,203.652,203.652,-8.01085,-65.1005,-65.1005,-2.01068,-2.01068,1165.27,1165.27,-704.233,-704.233,0,33.4151,342.725,131.664,-359.584,-359.584,276.007,-1295.6,-730.255,283.822,1166.34,1166.34,-199.961,-199.961,983.113,983.113,-75.5279,-189.848,-246.194,-634.94,-344.18,-344.18,223.956,223.956,223.956,-682.708,-682.708,978.129,-2.88318,-2.88318,-314.205,707.388,707.388,-607.486,369.041,-29.9126,0,-345.344,-191.606,1053.66,717.562,717.562,111.033,-8.7387,23.1808,562.965,562.965,23.5208,-13.1899,-13.1899,-1649.49,765.638,1911.88,-1605.54,-1639.16,-1613.8,3053.51,-747.898,571.722,-1286.97,-1312.7,-1253.06,1312.4,432.252,312.798,-802.68,-1995.19,-52.7783,-2112.98,-5895.96,-3258.15,-3258.15,-155.602,2342.57,-252.689,-191.176,-190.244,104.847,-237.672,215.135,249.092,258.713,-263.25,-259.718,-264.225,261.404,-122.982,-122.982,231.938,-442.895,-442.895,2133.18,-306.127,-247.758,232.297,-209.032,-483.385,-843.936,-843.936,-267.657,-631.946,-697.145,-2490.3,935.798,-468.775,450.504,3.52145,-646.993,-858.707,-510.003,-506.675,-4.75254,878.285,958.001,-181.786,-152.595,-198.787,-82.103,41.747,-249.898,-124.738,-124.746,66.9066,-177.238,113.236,146.123,-25.0355,689.022,663.855,746.472,718.403,108.851,108.851,66.7913,219.29,-40.6356,-40.6356,-149.882,-149.882,375.308,375.308,-179.417,-78.6659,54.3309,292.392,-527.108,3831.67,3440.93,-5714.84,96.3914,-1648.07,479.192,481.258,-298.738,-298.738,-190.805,-190.805,-81.6068,-363.665,752.585,2.71437,-71.2173,-71.2173,-123.745,-202.487,-239.415,-76.6177,-54.0962,-54.0962,-99.3809,-98.0379,-286.385,-286.385,-326.366,-130.799,-312.919,-73.7094,-512.396,278.074,278.074,-173.721,-194.711,0,-113.12,-209.75,0,-162.234,290.357,290.357,232.289,-135.845,175.61,176.877,185.444,-41.699,-45.9677,-179.218,36.216,683.356,256.524,114.796,114.796,-20.7717,-201.534,-201.534,-13.0117,-13.8605,516.144,0,15.2331,15.2331,0,-721.901,0,-187.951,0,149.956,0,-39.5666,30.9454,36.9675,107.774,107.774,0,42.8971,42.8971,73.8052,0,2.78263,-891.646,-891.646,-891.646,1.03299,0,0,0,-66.7947,-66.7947,-66.7947,0,34.0443,4.33524,4.33524,-4.98688,-779.463,1.95872,1.95872,-13.4248,-21.9472,-10.0107,52.1828,-28.1281,-27.9019,-12.5843,0,-0.764852,0,293.711,293.711,293.711,0,0,0,0,-32.7707,-1043.55,-59.7305,-59.7305,-40.7431,876.125,-56.2944,-83.3714,0,-362.112,266.653,114.526,169.887,2153.75,1313.99,793.898,-137.278,-34.6789,-392.711,-392.711,-1021.42,576.938,-171.1,-3187.38,-1724.34,-70.3014,-101.9,-249.864,-1247.71,-453.684,-522.207,384.936,-372.842,-3668.13,3693.88,1623.34,-8072.46,-837.743,903.069,-696.803,-51.7497,-728.082,121.971,-253.436,-141.296,14.2731,-144.921,-347.809,248.106,248.106,-271.755,-218.358,-218.358,-1106.69,-219.273,0,-307.088,62.2638,635.523,0,0
2020-08-04 23:00:00 UTC,274.015,128.694,-268.414,0.861439,0.861439,226.953,-58.0003,-88.1551,236.816,236.816,-830.867,-300.769,1357.31,35.4362,-144.746,-225.942,-667.492,-145.533,754.991,118.699,109.024,216.739,216.739,360.504,439.174,147.439,25.6399,-19.4447,4.46899,-215.744,126.304,126.304,304.147,171.094,171.094,481.561,-223.084,-284.604,1932.81,1932.81,-278.344,-604.9,-489.008,-257.348,-344.416,695.782,1830.76,1865.72,1856.37,-27.9108,177.129,177.129,-42.3351,86.1084,141.08,-12.0109,-12.0109,492.551,-202.269,-119.108,-310.22,344.568,208.287,-198.592,-198.592,4.26745,15.5003,-140.528,-140.528,-25.393,-417.031,417.285,173.351,173.351,-2.41099,-2.41099,-2.22741,-2.55713,-4.31457,10.5144,2.69547,-26.9433,-0.0759663,-0.165623,1.80865,6.14504,-2.69122,-114.854,-114.854,-24.5348,-24.5348,-27.9462,-27.9462,117.971,117.971,117.971,-31.1789,-31.1789,9.26867,60.5715,16.3427,16.3427,-23.3315,-23.3315,127.743,26.1392,287.104,15.4942,15.4942,240.952,240.952,240.952,-692.702,192.647,192.647,201.039,201.039,-8.27224,-63.9559,-63.9559,-0.793062,-0.793062,1149.93,1149.93,-697.959,-697.959,0,33.4485,339.565,131.159,-356.592,-356.592,272.817,-1282.02,-722.334,281.316,1150.16,1150.16,-197.551,-197.551,969.44,969.44,-74.5965,-188.285,-239.968,-641.333,-340.651,-340.651,221.844,221.844,221.844,-674.743,-674.743,964.03,-2.88318,-2.88318,-312.096,697.676,697.676,-602.746,364.609,-29.0694,0,-341.562,-191.884,1037.61,706.98,706.98,108.231,-10.7764,22.5644,557.101,557.101,18.475,-16.4,-16.4,-1622.72,747.109,1876.62,-1578.78,-1611.84,-1586.91,2990.01,-735.86,563.017,-1270.75,-1296.18,-1238.11,1300.15,420.558,303.683,-792.607,-1980.54,-52.582,-2098,-5850.99,-3232.22,-3232.22,-156.742,2304.58,-247.078,-191.329,-191.144,100.843,-235.435,213.769,246.659,256.177,-261.482,-257.958,-262.449,258.812,-120.562,-120.562,229.801,-439.694,-439.694,2104.13,-298.624,-245.947,230.235,-209.845,-481.193,-836.656,-836.656,-267.311,-629.465,-694.397,-2480.56,936.689,-466.169,447.388,3.56847,-639.924,-855.171,-507.912,-504.597,-4.65041,873.652,952.981,-181.479,-152.342,-198.338,-81.8161,40.8427,-246.552,-124.271,-124.28,66.0008,-174.341,112.797,145.616,-23.2085,686.02,661.066,743.272,715.44,109.117,109.117,67.255,221.034,-40.7173,-40.7173,-150.165,-150.165,373.491,373.491,-174.148,-78.5429,52.8997,292.079,-526.655,3814.77,3424.88,-5701.36,97.108,-1629.97,470.542,476.922,-293.224,-293.224,-186.822,-186.822,-84.484,-360.686,741.881,2.007,-69.3078,-69.3078,-121.954,-204.491,-219.08,-75.687,-52.7322,-52.7322,-96.7811,-95.4764,-284.107,-284.107,-324.22,-129.986,-309.426,-70.1822,-498.907,272.371,272.371,-170.29,-190.831,0,-111.256,-206.535,0,-158.97,286.173,286.173,227.112,-132.672,172.271,173.518,181.64,-39.9507,-44.3721,-177.418,35.904,683.549,257.996,114.18,114.18,-23.0742,-201.355,-201.355,-12.9748,-13.8365,528.135,0,11.7124,11.7124,0,-707.503,0,-194.217,0,150.104,0,-39.5737,32.4287,36.892,107.872,107.872,0,42.922,42.922,73.8526,0,2.61641,-872.382,-872.382,-872.382,1.01262,0,0,0,-64.6249,-64.6249,-64.6249,0,34.8237,4.92351,4.92351,-4.08207,-763.986,2.41099,2.41099,-12.7719,-21.1808,-9.49318,51.2167,-27.9878,-27.7622,-12.1961,0,-1.54866,0,293.767,293.767,293.767,0,0,0,0,-32.3541,-1031.55,-59.7678,-59.7678,-26.9594,864.049,-51.4711,-76.293,0,-352.477,266.218,113.352,186.561,2126.42,1309.09,791.51,-134.277,-34.0617,-390.214,-390.214,-1011.68,563.395,-168.479,-3146.73,-1717.36,-70.0615,-101.522,-248.93,-1244.72,-456.576,-524.991,386.998,-375.711,-3639.98,3667.79,1609.31,-8052.11,-825.617,909.955,-697.287,-49.426,-719.574,124.271,-255.355,-138.626,-2.53531,-140.896,-346.773,245.22,245.22,-267.11,-215.364,-215.364,-1085.42,-215.508,0,-304.369,62.8125,635.135,0,0
2020-08-05 00:00:00 UTC,263.973,125.124,-269.542,5.29355,5.29355,206.605,-59.2325,-91.0656,230.577,230.577,-795.126,-284.631,1298.74,28.6228,-136.496,-223.584,-633.897,-138.447,721.438,112.974,96.1423,207.085,207.085,347.062,424.036,142.718,24.7372,-18.7877,3.53871,-208.961,121.396,121.396,289.771,162.089,162.089,458.926,-211.515,-269.612,1809.5,1809.5,-265.827,-580.745,-473.712,-249.918,-329.786,656.825,1721.88,1754.93,1745.28,-25.829,168.164,168.164,-40.2947,81.0368,129.674,-11.8979,-11.8979,462.519,-196.132,-113.777,-294.835,324.15,195.192,-187.942,-187.942,4.28065,16.1239,-139.645,-139.645,-25.3648,-404.096,395.869,161.949,161.949,-2.95486,-2.95486,-2.22493,-2.57295,-4.13721,9.96185,3.04591,-25.3716,-0.0833774,-0.172752,1.59611,5.7235,-2.7812,-110.559,-110.559,-22.4662,-22.4662,-25.6017,-25.6017,113.057,113.057,113.057,-30.5675,-30.5675,7.56323,56.8617,16.0756,16.0756,-22.3277,-22.3277,122.357,24.8512,275.709,13.8594,13.8594,231,231,231,-666.297,183.641,183.641,192.502,192.502,-7.42997,-60.8094,-60.8094,1.34264,1.34264,1100.61,1100.61,-675.579,-675.579,0,32.8721,327.833,127.851,-345.464,-345.464,262.296,-1236.93,-696.082,271.267,1099.39,1099.39,-189.936,-189.936,926.811,926.811,-71.8389,-182.495,-220.159,-657.799,-327.953,-327.953,213.37,213.37,213.37,-647.21,-647.21,921.131,-2.88318,-2.88318,-301.769,664.553,664.553,-586.038,346.914,-31.2576,0,-331.088,-194.021,982.185,672.364,672.364,101.747,-13.8265,20.1198,534.36,534.36,3.05181,-26.101,-26.101,-1538.92,689.986,1767.38,-1496.01,-1527.36,-1503.62,2792.82,-697.318,534.85,-1218.92,-1243.41,-1189.86,1259.23,384.159,276.43,-759.036,-1929.73,-51.5681,-2045.11,-5683.1,-3135.62,-3135.62,-159.788,2184.6,-233.1,-191.695,-189.474,96.1896,-228.008,208.485,238.157,247.324,-254.68,-251.199,-255.619,249.811,-113.229,-113.229,222.402,-431.06,-431.06,2009.21,-279.209,-238.482,223.078,-207.092,-472.885,-812.624,-812.624,-266.918,-620.542,-684.424,-2443.87,931.213,-455.45,436.31,3.68203,-613.47,-838.651,-498.155,-494.89,-4.28818,855.543,933.31,-179.45,-150.575,-195.872,-80.6483,39.1259,-235.735,-122.369,-122.377,63.815,-164.216,110.999,143.384,-22.9197,674.874,650.827,731.366,704.546,108.681,108.681,66.4636,220.907,-40.8961,-40.8961,-150.044,-150.044,366.413,366.413,-157.689,-76.6449,51.2547,288.598,-525.128,3745.97,3360.22,-5660.07,96.6915,-1571.2,441.919,460.068,-274.972,-274.972,-173.16,-173.16,-94.5542,-350.97,699.347,-0.418681,-63.2667,-63.2667,-114.919,-204.717,-152.336,-71.3421,-48.8424,-48.8424,-89.2382,-88.0438,-275.469,-275.469,-316.149,-127.185,-296.754,-54.9975,-455.522,257.009,257.009,-160.775,-180.016,0,-108.59,-201.657,0,-149.86,279.364,279.364,211.68,-121.932,161.82,163,171.167,-35.1102,-40.1459,-171.383,34.3982,678.474,257.602,111.576,111.576,-27.2029,-194.549,-194.549,-12.1149,-12.9484,521.82,0,6.52846,6.52846,0,-663.414,0,-198.621,0,145.223,0,-39.3281,36.5354,35.5812,104.48,104.48,0,42.1718,42.1718,72.315,0,2.27908,-814.065,-814.065,-814.065,0.912812,0,0,0,-59.588,-59.588,-59.588,0,34.8105,5.48694,5.48694,-2.99228,-719.767,2.95486,2.95486,-11.4908,-19.9055,-8.50561,48.9289,-27.0469,-26.8283,-11.1853,4.60201e-12,0.976711,0,292.653,292.653,292.653,0,0,0,0,-29.7674,-984.873,-59.8966,-59.8966,11.6349,825.462,-35.9925,-53.6025,0,-324.822,264.233,109.609,238.186,2035.18,1289.77,775.87,-123.209,-31.6188,-379.075,-379.075,-975.385,520.978,-158.973,-2985.26,-1683.62,-69.0198,-99.9706,-245.114,-1227.85,-454.471,-525.446,384.286,-374.857,-3574.33,3621.43,1584.4,-7990.69,-781.334,924.059,-700.77,-40.7824,-685.351,127.372,-254.88,-129.846,-62.9876,-128.315,-341.821,234.902,234.902,-248.846,-210.464,-210.464,-1021.98,-198.329,0,-291.914,64.7655,630.241,0,0
2020-08-05 01:00:00 UTC,250.886,120.784,-276.983,12.2134,12.2134,176.588,-62.4359,-97.9892,227.612,227.612,-742.554,-261.71,1214.36,22.7735,-124.782,-219.031,-588.405,-128.824,671.858,104.131,76.2398,190.484,190.484,327.151,404.194,136.425,23.3522,-17.7592,1.25988,-198.48,114.057,114.057,269.17,149.459,149.459,425.708,-193.437,-246.241,1622.63,1622.63,-245.915,-542.075,-450.521,-238.578,-306.4,597.077,1554.21,1584.3,1574.31,-22.5821,154.137,154.137,-37.7213,73.1218,110.132,-11.9869,-11.9869,415.825,-188.626,-105.356,-272.652,291.62,174.494,-173.363,-173.363,4.66509,18.1148,-138.748,-138.748,-25.8287,-385.121,364.387,146.862,146.862,-4.23285,-4.23285,-2.24827,-2.62842,-3.8528,9.07945,3.69446,-22.7004,-0.0961185,-0.185015,1.18729,4.9976,-2.93174,-103.712,-103.712,-18.9001,-18.9001,-21.5576,-21.5576,105.464,105.464,105.464,-29.7222,-29.7222,4.24671,50.4891,15.7197,15.7197,-20.6497,-20.6497,113.643,22.7562,258.804,11.8942,11.8942,214.932,214.932,214.932,-622.349,170.065,170.065,178.673,178.673,-6.70709,-55.6713,-55.6713,3.76748,3.76748,1019.06,1019.06,-636.884,-636.884,0,31.3465,307.214,121.583,-326.13,-326.13,244.764,-1161.45,-652.327,253.475,1016.23,1016.23,-176.916,-176.916,856.991,856.991,-67.3165,-172.381,-188.786,-677.703,-306.307,-306.307,198.787,198.787,198.787,-601.439,-601.439,851.526,-2.88318,-2.88318,-283.692,610.724,610.724,-557.139,317.096,-36.2109,0,-313.91,-196.273,892.178,616.516,616.516,91.5651,-17.7801,16.2104,496.452,496.452,-18.6173,-39.5022,-39.5022,-1406.98,603.418,1598.09,-1366.37,-1395.05,-1373.16,2490.01,-636.777,489.629,-1134.37,-1157.29,-1110.44,1189.07,328.21,235.442,-704.101,-1842.06,-49.2187,-1952.86,-5386.56,-2965.17,-2965.17,-164.231,1991.13,-210.547,-191.762,-183.279,93.6556,-215.245,199.278,223.649,232.222,-242.428,-239.034,-243.318,234.475,-101.315,-101.315,209.73,-417.438,-417.438,1852.99,-248.2,-225.33,210.789,-198.746,-457.421,-770.84,-770.84,-265.502,-604.134,-666.028,-2373.45,914.049,-437.038,417.846,4.03759,-572.954,-805.58,-478.62,-475.459,-4.24038,821.748,896.554,-174.407,-146.225,-190.452,-78.355,36.4967,-220.237,-118.177,-118.186,60.1773,-149.562,107.043,138.439,-22.4846,654.26,631.931,709.312,684.408,106.676,106.676,64.7267,218.073,-40.9239,-40.9239,-148.325,-148.325,352.582,352.582,-136.392,-73.8343,49.149,280.34,-521.726,3602.67,3231.59,-5573.72,93.4882,-1487.53,400.035,433.096,-248.312,-248.312,-153.726,-153.726,-107.834,-337.316,639.638,-3.53524,-55.2963,-55.2963,-104.099,-201.703,-66.3894,-64.4974,-43.3119,-43.3119,-78.8458,-77.8028,-261.767,-261.767,-302.942,-122.559,-277.337,-33.9268,-395.694,235.781,235.781,-147.364,-164.769,0,-105.34,-195.053,0,-137.124,270.857,270.857,190.102,-105.243,147.184,148.27,156.386,-28.2552,-34.2471,-162.721,33.0458,664.797,254.61,106.723,106.723,-32.9996,-185.835,-185.835,-10.7717,-11.56,510.692,0,-1.62299,-1.62299,0,-605.815,0,-199.581,0,138.725,0,-38.9716,43.4546,34.0161,99.2401,99.2401,0,41.1728,41.1728,69.4113,0,1.80537,-725.17,-725.17,-725.17,0.769984,0,0,0,-52.0188,-52.0188,-52.0188,0,35.6369,7.00176,7.00176,-0.423895,-658.11,4.23285,4.23285,-9.25548,-17.6625,-6.82446,44.6258,-25.3349,-25.1285,-10.0402,2.27485e-09,3.14345,0,288.83,288.83,288.83,0,0,0,0,-26.067,-907.033,-59.9706,-59.9706,63.5348,763.533,-13.5159,-20.6584,0,-285.652,259.053,103.343,310.127,1884.17,1252.46,743.552,-104.45,-27.7095,-359.268,-359.268,-911.288,454.151,-145.111,-2698.51,-1610.4,-66.7118,-96.5522,-236.705,-1187.66,-445.432,-513.737,377.047,-363.006,-3438.03,3571.19,1557.36,-7863.4,-715.773,936.785,-706.706,-28.8894,-636.823,129.199,-250.197,-117.179,-140.759,-112.78,-334.079,218.443,218.443,-221.591,-203.617,-203.617,-939.6,-172.461,0,-280.452,67.9426,617.67,0,0
2020-08-05 02:00:00 UTC,241.429,118.602,-290.239,20.7174,20.7174,146.871,-66.5578,-106.807,235.616,235.616,-688.672,-238.293,1130.3,22.4918,-112.491,-213.548,-545.185,-119.654,619.795,94.3548,54.7509,173.694,173.694,306.631,388.546,131.233,21.8382,-16.6049,-2.73562,-186.95,106.35,106.35,248.926,137.505,137.505,391.772,-174.131,-221.353,1433.6,1433.6,-223.847,-500.737,-426.077,-226.521,-279.745,531.375,1382.36,1409.39,1399.24,-19.3849,139.307,139.307,-35.1761,64.9761,90.369,-12.0574,-12.0574,368.087,-179.906,-95.8449,-250.724,257.996,153.321,-160.189,-160.189,5.09971,20.3465,-137.312,-137.312,-26.3154,-365.452,333.544,133.592,133.592,-5.63575,-5.63575,-2.25812,-2.67477,-3.5519,8.13897,4.29765,-19.9332,-0.123255,-0.210857,0.736793,4.23269,-3.12309,-96.0687,-96.0687,-15.2493,-15.2493,-17.4214,-17.4214,97.2672,97.2672,97.2672,-29.1275,-29.1275,0.753165,43.8567,15.3131,15.3131,-18.8583,-18.8583,103.553,20.5914,241.442,10.0599,10.0599,197.609,197.609,197.609,-574.399,155.867,155.867,163.867,163.867,-6.1074,-50.4187,-50.4187,5.97358,5.97358,932.002,932.002,-593.908,-593.908,0,29.6395,284.699,114.625,-304.51,-304.51,225.68,-1078.05,-604.237,233.77,927.749,927.749,-162.711,-162.711,782.721,782.721,-62.441,-161.074,-155.874,-691.961,-282.477,-282.477,182.873,182.873,182.873,-551.376,-551.376,777.697,-2.88318,-2.88318,-263.017,553.169,553.169,-523.368,284.368,-41.9042,0,-294.427,-196.856,796.526,557.077,557.077,80.6216,-21.6443,11.924,457.077,457.077,-37.8551,-51.0415,-51.0415,-1268.44,516.801,1423.8,-1230.69,-1256.56,-1236.61,2181.78,-573.219,442.115,-1041.53,-1062.71,-1022.41,1109.33,271.773,192.287,-647.123,-1745.58,-46.1303,-1850.14,-5059.01,-2777.27,-2777.27,-168.242,1789.05,-186.39,-191.168,-175.541,91.5094,-201.157,188.966,207.819,215.755,-228.712,-225.42,-229.546,217.766,-88.7043,-88.7043,195.82,-401.642,-401.642,1688.34,-214.928,-210.69,197.253,-188.464,-439.114,-723.281,-723.281,-262.628,-584.621,-644.157,-2288.23,891.456,-416.809,397.79,4.53102,-532.707,-766.467,-455.507,-452.475,-4.63745,782.507,853.853,-167.655,-140.487,-183.73,-75.5948,33.7961,-205.454,-112.888,-112.896,56.3417,-135.826,102.059,132.117,-25.2137,629.975,609.595,683.29,660.56,103.558,103.558,61.6417,211.248,-40.7637,-40.7637,-145.47,-145.47,336.303,336.303,-118.053,-70.1633,47.3514,269.827,-516.903,3429.29,3078.19,-5460.1,88.5351,-1402.31,358.864,405.423,-222.04,-222.04,-134.051,-134.051,-119.256,-324.449,583.454,-6.24717,-48.5421,-48.5421,-92.7944,-196.171,10.7839,-56.8538,-38.1226,-38.1226,-69.0623,-68.1614,-247.431,-247.431,-288.462,-117.216,-257.232,-11.6729,-336.369,215.766,215.766,-134.609,-150.24,0,-103.397,-190.358,0,-125.02,265.152,265.152,169.286,-87.1527,133.4,134.401,142.378,-21.0177,-28.1721,-154.178,32.1454,648.374,249.884,101.075,101.075,-38.7224,-180.015,-180.015,-9.53161,-10.2877,508.519,0,-11.5345,-11.5345,0,-555.942,0,-193.72,0,133.369,0,-38.6119,51.6212,33.1271,93.4749,93.4749,0,40.3889,40.3889,65.3455,0,1.3908,-635.432,-635.432,-635.432,0.627222,0,0,0,-44.5215,-44.5215,-44.5215,0,36.5329,8.70198,8.70198,2.40779,-600.728,5.63575,5.63575,-6.96826,-15.145,-5.0643,40.7674,-23.4273,-23.2346,-8.99887,0,4.94054,0,282.612,282.612,282.612,0,0,0,0,-21.805,-827.287,-59.5371,-59.5371,108.753,697.253,7.22564,9.74327,0,-246.656,251.085,96.4419,371.977,1724.07,1206.68,705.139,-84.983,-23.4243,-337.792,-337.792,-841.257,387.176,-132.118,-2389.74,-1518.79,-63.762,-92.2331,-226.089,-1128.93,-428.458,-493.068,363.674,-343.063,-3272.32,3513.11,1526.23,-7696.25,-652.845,946.49,-711.01,-17.9108,-590.781,128.969,-243.187,-104.574,-210.254,-100.382,-326.949,201.558,201.558,-195.301,-199.139,-199.139,-862.96,-146.264,0,-272.799,70.4708,599.651,0,0
2020-08-05 03:00:00 UTC,232.095,116.006,-298.644,26.5748,26.5748,121.316,-69.5316,-113.353,239.487,239.487,-640.839,-219.129,1056.8,24.4531,-102.801,-206.749,-510.786,-112.335,574.28,85.7929,37.0984,159.91,159.91,288.235,375.709,126.786,20.4682,-15.5371,-6.62004,-176.352,99.5643,99.5643,232.144,127.964,127.964,362.966,-157.876,-200.454,1278.36,1278.36,-204.669,-463.815,-403.954,-215.541,-256.101,475.174,1239.66,1264.1,1254.03,-16.8978,126.56,126.56,-33.2666,58.2128,74.0817,-12.1073,-12.1073,328.584,-172.237,-87.5801,-232.899,229.747,135.713,-150.057,-150.057,5.45281,22.232,-135.418,-135.418,-26.6515,-347.683,307.857,124.861,124.861,-6.85813,-6.85813,-2.25059,-2.69322,-3.29093,7.32404,4.73109,-17.5782,-0.142349,-0.229077,0.350742,3.58405,-3.24933,-89.0108,-89.0108,-12.2424,-12.2424,-14.0136,-14.0136,89.9747,89.9747,89.9747,-28.5106,-28.5106,-2.21315,38.1831,14.8664,14.8664,-17.2741,-17.2741,94.3072,18.738,226.085,8.79067,8.79067,183.061,183.061,183.061,-533.503,144.188,144.188,151.707,151.707,-5.86085,-46.3774,-46.3774,7.61455,7.61455,860.393,860.393,-557.112,-557.112,0,28.297,265.461,107.75,-285.832,-285.832,209.141,-1006,-562.902,216.738,855.121,855.121,-151.38,-151.38,722.094,722.094,-58.6003,-151.305,-128.786,-697.541,-261.894,-261.894,168.997,168.997,168.997,-508.266,-508.266,717.415,-2.88318,-2.88318,-243.688,503.895,503.895,-491.426,256.451,-46.203,0,-276.643,-194.735,717.579,506.911,506.911,73.473,-22.3878,8.32864,423.83,423.83,-51.0231,-58.5281,-58.5281,-1150.85,447.509,1278.64,-1115.81,-1139.31,-1121.02,1929.91,-519.512,401.729,-959.636,-979.255,-944.172,1037.49,226.776,154.992,-600.952,-1662.07,-43.1228,-1759.98,-4774.02,-2614.04,-2614.04,-169.998,1628.55,-170.511,-189.833,-167.234,90.7308,-189.376,179.42,194.302,201.702,-216.509,-213.325,-217.295,203.546,-78.9438,-78.9438,183.911,-386.983,-386.983,1556.13,-191.655,-197.643,185.615,-178.232,-421.513,-682.302,-682.302,-258.917,-565.988,-623.306,-2206.4,866.875,-398.393,379.737,4.92113,-498.627,-730.495,-434.244,-431.334,-5.0977,746.375,814.526,-161.076,-134.84,-176.816,-72.9828,31.7492,-192.439,-107.892,-107.901,53.0867,-125.117,97.3641,126.204,-26.8694,607.108,588.457,658.758,637.956,99.8422,99.8422,58.6662,203.427,-40.1091,-40.1091,-141.697,-141.697,320.709,320.709,-103.486,-66.7401,42.6694,258.549,-509.015,3268.96,2934.06,-5280.24,82.4587,-1329.14,324.18,380.95,-199.837,-199.837,-117.257,-117.257,-127.698,-313.979,537.591,-8.58606,-43.6554,-43.6554,-82.1827,-191.496,78.1857,-48.9572,-34.3084,-34.3084,-61.41,-60.6198,-234.677,-234.677,-275.059,-112.064,-239.58,8.40919,-288.262,201.182,201.182,-125.133,-139.413,0,-103.204,-189.099,0,-115.7,262.529,262.529,153.178,-70.9716,122.646,123.579,132.166,-15.3746,-23.5392,-146.507,31.158,632.449,240.939,95.7689,95.7689,-40.3343,-174.05,-174.05,-8.40536,-9.12268,497.897,0,-18.3455,-18.3455,0,-516.667,0,-184.104,0,128.787,0,-38.3097,57.2741,32.5873,88.1761,88.1761,0,39.6532,39.6532,61.3305,0,1.09927,-562.094,-562.094,-562.094,0.51183,0,0,0,-38.7107,-38.7107,-38.7107,0,37.2025,10.1994,10.1994,4.88544,-557.579,6.85813,6.85813,-5.10045,-13.0635,-3.62683,37.4279,-21.5956,-21.4162,-8.26635,0,5.67924,0,275.442,275.442,275.442,0,0,0,0,-17.5569,-761.199,-58.6496,-58.6496,139.493,639.554,21.9179,31.289,0,-215.56,242.601,90.3414,412.054,1591.47,1162.66,668.779,-69.4266,-19.8336,-318.891,-318.891,-781.335,335.673,-121.839,-2129.22,-1437.34,-60.9943,-88.1563,-216.067,-1082.78,-410.553,-472.062,349.594,-322.225,-3124.22,3404.39,1468.62,-7431.81,-601.015,952.74,-713.898,-8.14891,-554.054,128.699,-237.553,-93.6862,-269.151,-91.5839,-322.324,187.341,187.341,-174.019,-197.719,-197.719,-806.523,-123.143,0,-264.659,71.1452,579.067,0,0
2020-08-05 04:00:00 UTC,215.233,109.183,-293.963,27.2486,27.2486,98.1365,-70.265,-115.406,230.142,230.142,-586.197,-199.945,971.759,24.2224,-94.1442,-195.397,-473.287,-104.338,524.647,77.1976,23.669,145.751,145.751,266.9,355.201,119.882,18.9958,-14.3723,-9.01811,-164.601,92.1513,92.1513,213.744,117.444,117.444,332.388,-142.22,-180.372,1131.36,1131.36,-185.807,-426.116,-378.361,-202.774,-232.649,422.55,1104.37,1126.33,1116.49,-14.8071,114.111,114.111,-30.8279,51.9084,61.7909,-11.7354,-11.7354,292.069,-160.907,-79.1316,-213.556,204.043,119.84,-138.603,-138.603,5.22245,22.4458,-131.11,-131.11,-26.0323,-326.118,278.726,110.978,110.978,-7.45336,-7.45336,-2.18349,-2.63075,-3.04738,6.53887,4.7956,-15.5356,-0.190689,-0.274821,0.0385346,3.00977,-3.22981,-81.3839,-81.3839,-10.0242,-10.0242,-11.4957,-11.4957,82.2518,82.2518,82.2518,-27.1537,-27.1537,-4.12681,33.3063,14.147,14.147,-15.6875,-15.6875,85.0319,16.9624,208.706,7.80258,7.80258,169.136,169.136,169.136,-493.841,133.064,133.064,140.293,140.293,-5.83208,-42.7899,-42.7899,9.25221,9.25221,793.228,793.228,-521.588,-521.588,0,27.2064,247.041,100.649,-267.694,-267.694,192.927,-935.467,-522.617,200.226,786.962,786.962,-140.963,-140.963,665.442,665.442,-55.1804,-141.815,-103.485,-697.452,-241.848,-241.848,155.52,155.52,155.52,-466.528,-466.528,660.983,-2.88318,-2.88318,-224.54,457.062,457.062,-458.176,230.369,-48.5461,0,-257.932,-190.248,644.177,459.614,459.614,67.6359,-21.7467,5.46755,388.932,388.932,-60.7273,-63.5396,-63.5396,-1037.43,384.291,1141.02,-1004.94,-1026.13,-1009.49,1695.81,-468.33,362.849,-877.706,-895.741,-865.413,964.75,185.889,118.8,-558.235,-1580.1,-39.96,-1670.49,-4497.11,-2455.77,-2455.77,-169.345,1480.54,-158.415,-186.631,-159.237,88.7472,-178.191,169.547,181.273,188.161,-204.443,-201.387,-205.182,189.863,-70.2897,-70.2897,172.371,-370.608,-370.608,1431.31,-173.18,-184.788,174.289,-168.711,-403.505,-641.812,-641.812,-253.177,-546.92,-602.014,-2127.79,840.075,-375.013,358.876,3.16942,-457.176,-696.126,-413.934,-411.138,-3.00078,710.831,775.837,-155.614,-130.134,-170.761,-70.5723,29.2743,-176.027,-103.502,-103.511,49.5253,-110.909,93.247,121.02,-29.3235,584.054,567.031,633.999,615.013,97.2751,97.2751,55.7394,197.478,-40.0938,-40.0938,-139.477,-139.477,306.185,306.185,-81.922,-62.9357,41.2079,249.268,-504.357,3119.81,2799.42,-5182.59,78.6594,-1254.56,283.361,352.815,-174.083,-174.083,-100.082,-100.082,-140.216,-300.925,477.05,-11.3033,-36.0744,-36.0744,-67.8403,-184.812,156.108,-39.6074,-29.343,-29.343,-52.2295,-51.5714,-219.589,-219.589,-258.859,-105.853,-220.04,22.7781,-239.026,181.094,181.094,-112.633,-125.245,0,-97.8409,-179.165,0,-103.623,247.982,247.982,134.146,-57.3659,109.57,110.417,118.479,-9.83151,-18.4722,-136.699,29.2923,616.669,229.447,90.5762,90.5762,-39.6099,-162.208,-162.208,-7.04673,-7.69118,461.222,0,-20.1988,-20.1988,0,-472.365,0,-171.823,0,121.679,0,-38.0021,59.1391,31.2472,82.3004,82.3004,0,38.2365,38.2365,57.5368,0,0.864151,-493.903,-493.903,-493.903,0.401191,0,0,0,-33.2743,-33.2743,-33.2743,0,36.3782,10.7797,10.7797,6.09471,-500.682,7.45336,7.45336,-3.70254,-10.9635,-2.59336,34.3866,-19.7826,-19.6171,-7.68604,0,5.76546,0,266.979,266.979,266.979,0,0,0,0,-14.0955,-691.835,-57.5128,-57.5128,161.627,582.95,33.1677,47.8038,0,-187.46,232.33,84.2093,439.666,1466.59,1115.84,633.852,-55.5915,-16.9764,-298.767,-298.767,-724.412,290.049,-108.021,-1882.1,-1363.89,-58.5629,-84.5739,-207.261,-1042.12,-395.715,-456.099,337.105,-305.467,-2990.61,3343.36,1436.32,-7288.32,-539.089,947.978,-722.301,4.03844,-504.16,127.61,-228.832,-81.5531,-335.183,-79.5493,-314.16,172.11,172.11,-149.733,-187.544,-187.544,-726.76,-101.569,0,-249.329,70.2793,555.914,0,0
2020-08-05 05:00:00 UTC,199.97,103.988,-293.029,30.7164,30.7164,75.5025,-71.399,-118.284,228.251,228.251,-517.631,-177.103,869.787,31.1843,-83.6632,-179.139,-432.207,-95.5538,462.097,65.9036,8.07121,129.784,129.784,239.642,326.145,110.104,17.1767,-12.9014,-10.9758,-149.688,82.9876,82.9876,191.466,104.847,104.847,295.657,-124.783,-158.055,969.079,969.079,-164.359,-379.981,-346.081,-186.53,-205.797,364.079,953.463,972.625,963.241,-12.682,99.8726,99.8726,-28.0233,44.9316,49.2686,-11.1359,-11.1359,251.893,-146.867,-69.8335,-190.857,175.627,102.466,-124.622,-124.622,4.67601,21.8137,-124.153,-124.153,-24.7795,-298.827,246.718,95.6143,95.6143,-7.80437,-7.80437,-2.07889,-2.52136,-2.77142,5.63864,4.74984,-13.3386,-0.225853,-0.308149,-0.243773,2.4131,-3.13617,-72.3289,-72.3289,-7.7933,-7.7933,-8.96064,-8.96064,73.0691,73.0691,73.0691,-25.1928,-25.1928,-5.80006,28.0933,13.1574,13.1574,-13.9038,-13.9038,74.3879,14.9575,187.356,6.71501,6.71501,152.452,152.452,152.452,-446.058,119.893,119.893,126.543,126.543,-5.83208,-38.47,-38.47,10.5744,10.5744,712.62,712.62,-477.368,-477.368,0,25.5375,224.374,91.8472,-245.112,-245.112,173.572,-849.498,-473.732,180.279,705.605,705.605,-128.122,-128.122,597.58,597.58,-51.1137,-129.992,-75.765,-686.951,-217.775,-217.775,139.393,139.393,139.393,-416.977,-416.977,593.521,-2.88318,-2.88318,-201.56,402.705,402.705,-416.847,200.293,-50.2276,0,-234.721,-182.153,560.49,404.787,404.787,60.483,-20.684,2.25154,346.451,346.451,-68.4467,-66.8497,-66.8497,-907.975,316.597,986.845,-878.824,-897.391,-882.636,1438.82,-409.737,318.329,-780.953,-797.095,-771.811,875.034,142.076,80.5475,-506.792,-1474.15,-35.7361,-1554.63,-4141.1,-2253.01,-2253.01,-166.589,1308.68,-143.983,-180.807,-146.937,88.9282,-164.209,156.698,165.04,171.297,-188.751,-185.876,-189.43,172.834,-60.5241,-60.5241,157.888,-349.927,-349.927,1281.76,-152.323,-168.846,160.022,-154.569,-379.17,-591.056,-591.056,-244.382,-520.053,-572.044,-2015.32,796.628,-346.439,332.89,1.6889,-410.608,-648.472,-385.761,-383.13,-1.59554,662.448,723.151,-147.019,-122.871,-161.845,-67.1162,26.1462,-158.073,-96.9575,-96.9657,45.0685,-95.484,87.1285,113.219,-32.7623,551.981,537.084,599.503,582.888,92.7373,92.7373,51.5701,187.249,-39.6687,-39.6687,-135.074,-135.074,285.9,285.9,-61.5996,-58.1822,39.792,235.274,-496.346,2907.1,2609.24,-5032.19,71.4173,-1170.87,238.07,320.571,-145.396,-145.396,-81.4654,-81.4654,-151.744,-287.197,416.118,-13.7871,-28.9579,-28.9579,-52.2169,-176.752,230.868,-29.039,-24.0015,-24.0015,-42.5156,-41.9967,-201.89,-201.89,-239.249,-98.1669,-197.691,37.0158,-186.028,158.406,158.406,-98.5725,-109.32,0,-91.334,-166.854,0,-90.2942,231.212,231.212,113.199,-42.4444,95.6171,96.3732,102.976,-3.17797,-12.4174,-126.058,27.5724,589.796,213.568,83.6086,83.6086,-38.2328,-151.979,-151.979,-5.85055,-6.44249,438.855,0,-25.159,-25.159,0,-419.179,0,-146.863,0,111.631,0,-37.6538,58.3639,29.1932,74.844,74.844,0,36.0141,36.0141,52.9124,0,0.641067,-419.312,-419.312,-419.312,0.285825,0,0,0,-27.8057,-27.8057,-27.8057,0,34.6294,10.9697,10.9697,6.80818,-437.946,7.80437,7.80437,-2.28593,-9.00647,-1.57586,30.9185,-17.6752,-17.5264,-7.01722,0,5.76546,0,254.239,254.239,254.239,0,0,0,0,-10.1031,-607.175,-55.9502,-55.9502,178.988,516.848,43.0923,62.3867,0,-156.521,218.065,76.6429,457.254,1316.56,1051.38,586.236,-39.3774,-13.7648,-273.061,-273.061,-652.671,239.222,-92.9962,-1574.14,-1256.78,-54.8994,-79.2279,-194.129,-970.911,-371.476,-426.762,318.167,-275.752,-2789.63,3283.76,1405.57,-7068.43,-472.135,938.544,-730.099,15.8704,-453.227,125.838,-218.635,-68.0596,-398.665,-69.3577,-305.421,154.049,154.049,-123.739,-175.495,-175.495,-639.258,-80.1827,0,-235.159,68.9131,522.517,0,0
2020-08-05 06:00:00 UTC,189.224,100.232,-289.891,33.1854,33.1854,61.0065,-71.5153,-118.925,227.306,227.306,-469.787,-160.859,798.173,35.944,-76.1286,-167.469,-402.459,-89.1783,418.585,58.1024,-1.77791,118.171,118.171,221.1,306.18,103.411,15.9405,-11.8788,-12.305,-139.357,76.5889,76.5889,175.396,95.5159,95.5159,269.798,-111.876,-141.572,856.86,856.86,-148.329,-347.238,-322.63,-174.663,-185.822,322.878,847.872,865.048,856.117,-11.1333,89.7494,89.7494,-25.7752,39.9384,40.8945,-10.6262,-10.6262,223.637,-135.845,-62.8633,-173.732,155.797,90.4525,-114.077,-114.077,4.23766,21.1897,-118.487,-118.487,-23.7579,-278.966,224.896,86.1324,86.1324,-7.9799,-7.9799,-1.99632,-2.43407,-2.5769,5.00101,4.65986,-11.8076,-0.26781,-0.347822,-0.449861,1.98625,-3.06372,-65.8102,-65.8102,-6.30245,-6.30245,-7.26671,-7.26671,66.4822,66.4822,66.4822,-23.7905,-23.7905,-6.86322,24.4733,12.4349,12.4349,-12.6209,-12.6209,66.719,13.5365,172.2,5.91216,5.91216,139.578,139.578,139.578,-409.047,109.796,109.796,115.851,115.851,-5.83208,-35.1158,-35.1158,11.0341,11.0341,650.174,650.174,-441.769,-441.769,0,23.9319,206.37,84.837,-226.924,-226.924,158.708,-782.275,-435.668,164.811,642.953,642.953,-117.874,-117.874,545.109,545.109,-47.8396,-120.47,-57.0361,-670.099,-199.236,-199.236,127.125,127.125,127.125,-379.526,-379.526,541.444,-2.88318,-2.88318,-184.108,362.657,362.657,-384.821,178.148,-51.2108,0,-216.927,-174.447,499.599,364.374,364.374,54.7447,-19.8363,-0.346241,313.796,313.796,-71.7991,-67.6471,-67.6471,-815.396,271.265,878.516,-788.947,-805.642,-792.246,1261.86,-367.472,286.672,-709.697,-724.429,-702.507,805.501,112.921,56.697,-466.273,-1384.96,-32.2959,-1457.5,-3846.34,-2085.93,-2085.93,-162.708,1179.6,-131.559,-174.387,-136.639,88.8011,-152.71,146.182,151.97,157.727,-175.613,-172.892,-176.241,159.13,-53.2588,-53.2588,146.125,-332.55,-332.55,1165.84,-135.932,-156.076,148.399,-142.559,-358.253,-549.942,-549.942,-236.666,-495.974,-545.21,-1913.18,753.73,-325.19,312.834,1.62688,-378.395,-606.001,-360.646,-358.167,-2.04317,620.608,677.564,-138.675,-115.897,-153.573,-63.9744,23.4501,-145.848,-90.8004,-90.8086,41.3144,-85.5181,81.3952,105.879,-35.3262,523.605,510.463,568.933,554.275,88.1189,88.1189,47.9849,177.11,-38.9867,-38.9867,-130.215,-130.215,267.821,267.821,-50.8645,-54.5104,38.3634,222.255,-487.475,2713.36,2438.8,-4881.6,64.0397,-1110.17,206.631,297.317,-125.241,-125.241,-69.0909,-69.0909,-157.102,-278.533,379.071,-15.0935,-25.6771,-25.6771,-41.405,-171.111,279.777,-20.6291,-20.9936,-20.9936,-36.7345,-36.2981,-189.015,-189.015,-224.672,-92.4062,-181.907,45.9402,-152.425,143.89,143.89,-89.5498,-99.1041,0,-87.0557,-158.849,0,-81.6529,219.792,219.792,99.7766,-32.1698,86.4746,87.1706,93.068,0.803384,-8.75146,-118.293,26.1754,561.478,200.506,77.609,77.609,-37.557,-144.728,-144.728,-5.12896,-5.68945,425.362,0,-28.5385,-28.5385,0,-382.954,0,-129.329,0,104.765,0,-37.4403,58.4719,27.7349,69.6783,69.6783,0,34.3877,34.3877,49.5372,0,0.499099,-368.074,-368.074,-368.074,0.213764,0,0,0,-23.8821,-23.8821,-23.8821,0,33.2079,11.0019,11.0019,7.16513,-397.16,7.9799,7.9799,-1.33847,-7.429,-0.891368,28.6237,-16.2035,-16.0664,-6.48673,2.2747e-09,5.76546,0,242.378,242.378,242.378,0,0,0,0,-6.79268,-541.229,-54.8136,-54.8136,186.785,468.411,48.2466,69.9725,0,-134.206,205.787,70.7508,459.977,1200.36,994.761,545.728,-27.1567,-11.1706,-252.536,-252.536,-594.187,202.856,-83.2879,-1326.62,-1158.9,-51.442,-74.1973,-181.777,-899.649,-348.391,-395.341,300.916,-245.517,-2594.35,3234.31,1380.85,-6848.82,-427.5,934.513,-732.613,22.4074,-421.522,124.413,-211.322,-58.1936,-440.313,-64.8176,-299.685,140.383,140.383,-106.666,-167.396,-167.396,-584.007,-66.2802,0,-223.68,68.1412,492.923,0,0
2020-08-05 07:00:00 UTC,179.268,96.4595,-284.556,34.1264,34.1264,50.4202,-71.0889,-118.395,223.552,223.552,-429.401,-147.838,737.76,39.7848,-70.3169,-156.561,-377.896,-83.9048,382.31,51.7959,-8.68585,109.157,109.157,204.537,287.185,97.0262,14.862,-10.9726,-13.021,-130.168,71.1032,71.1032,162.255,88.1191,88.1191,248.466,-102.567,-129.7,775.913,775.913,-136.387,-321.753,-302.591,-164.474,-170.509,291.511,771.799,787.53,779.002,-10.2657,82.231,82.231,-23.784,36.4743,37.1803,-9.95358,-9.95358,204.003,-125.148,-57.5807,-160.392,142.263,82.3074,-105.746,-105.746,3.52643,19.6017,-112.479,-112.479,-22.3416,-261.5,208.348,78.8974,78.8974,-7.67359,-7.67359,-1.89359,-2.31889,-2.43987,4.53437,4.39543,-10.9033,-0.299805,-0.378041,-0.528618,1.73987,-2.95969,-60.5987,-60.5987,-5.67111,-5.67111,-6.54871,-6.54871,61.2245,61.2245,61.2245,-22.4858,-22.4858,-6.93311,22.3816,11.732,11.732,-11.7216,-11.7216,60.7773,12.5583,159.47,5.35419,5.35419,130.053,130.053,130.053,-381.574,102.372,102.372,107.941,107.941,-5.83208,-32.6511,-32.6511,11.1822,11.1822,604.17,604.17,-414.903,-414.903,0,22.649,192.891,79.486,-213.196,-213.196,147.72,-731.882,-407.221,153.33,596.919,596.919,-110.262,-110.262,506.492,506.492,-45.5026,-113.286,-44.2447,-653.123,-185.501,-185.501,117.968,117.968,117.968,-351.813,-351.813,503.143,-2.88318,-2.88318,-171.068,333.445,333.445,-360.308,162.158,-51.3346,0,-203.282,-167.474,455.867,334.92,334.92,50.6948,-18.808,-2.04311,289.281,289.281,-72.8988,-67.2127,-67.2127,-747.884,239.958,800.543,-723.33,-738.657,-726.267,1136.91,-336.912,263.661,-656.473,-670.143,-650.561,752.574,93.094,40.2931,-436.201,-1315.35,-29.7229,-1381.81,-3620.96,-1958.61,-1958.61,-158.454,1086.53,-123.14,-168.425,-129.348,86.8563,-143.962,138.046,142.118,147.502,-165.467,-162.872,-166.056,148.809,-48.2268,-48.2268,137.205,-317.972,-317.972,1080.89,-124.967,-146.419,139.557,-134.065,-341.588,-518.614,-518.614,-229.795,-476.315,-523.342,-1830.61,718.356,-308.369,296.96,1.47188,-353.775,-572.853,-341.04,-338.682,-2.30929,587.731,641.738,-132.072,-110.367,-146.969,-61.4573,21.2555,-136.064,-85.9247,-85.9329,38.2715,-77.8873,76.8681,100.107,-36.6713,500.749,488.912,544.283,531.082,84.4947,84.4947,45.3451,169.417,-38.4336,-38.4336,-126.343,-126.343,253.526,253.526,-42.4581,-51.6978,37.5323,212.036,-480.144,2561.73,2304.8,-4768.28,58.2711,-1061.74,182.132,279.567,-109.457,-109.457,-59.4497,-59.4497,-160.876,-271.832,351.093,-16.1423,-23.3792,-23.3792,-32.4063,-167.411,319.293,-13.3622,-18.7803,-18.7803,-32.4124,-32.0375,-178.999,-178.999,-213.032,-87.6568,-169.714,52.5971,-126.889,132.81,132.81,-82.7158,-91.3697,0,-83.5386,-152.505,0,-75.0314,210.434,210.434,89.6234,-24.3058,79.5031,80.1526,85.5937,3.69519,-6.03967,-111.81,24.8843,538.111,189.612,72.9718,72.9718,-36.3358,-137.864,-137.864,-4.53326,-5.06311,409.817,0,-30.4643,-30.4643,0,-351.473,0,-113.667,0,98.2242,0,-37.268,57.0636,26.2973,65.084,65.084,0,32.755,32.755,46.6122,0,0.416885,-331.912,-331.912,-331.912,0.162096,0,0,0,-21.3703,-21.3703,-21.3703,0,31.1334,10.3937,10.3937,6.54039,-366.143,7.67359,7.67359,-0.927456,-6.51044,-0.593153,27.5569,-15.1662,-15.0379,-6.10928,-1.31234e-12,5.76546,0,232.456,232.456,232.456,0,0,0,-1.50637e-12,-4.57026,-491.645,-53.8511,-53.8511,189.008,432.541,50.6324,73.5001,0,-118.769,196.09,66.2566,456.144,1114.57,949.142,515.046,-18.7662,-9.47612,-236.845,-236.845,-550.493,177.774,-75.8282,-1145.08,-1082.79,-48.7146,-70.2149,-171.998,-845.643,-330.804,-370.952,287.87,-221.471,-2436.69,3203.13,1365.81,-6683.87,-394.044,932.657,-733.732,27.671,-397.87,123.704,-206.657,-50.2915,-473.111,-61.9796,-294.633,129.965,129.965,-94.5858,-160.991,-160.991,-541.597,-56.0144,0,-213.083,67.0251,468.892,0,0
2020-08-05 08:00:00 UTC,172.088,93.8948,-279.699,34.7266,34.7266,41.9025,-70.5534,-117.621,221.571,221.571,-396.495,-138.206,690.101,45.2328,-66.1944,-146.847,-361.149,-80.3045,353.071,46.5429,-14.7682,102.723,102.723,191.272,271.84,91.8687,14.0004,-10.2381,-13.5609,-122.733,66.7744,66.7744,152.24,82.6182,82.6182,231.96,-95.4627,-120.65,712.775,712.775,-127.239,-300.33,-286.233,-156.127,-158.827,267.979,711.727,726.309,718.147,-9.58173,76.2401,76.2401,-22.4715,33.7193,33.4514,-9.51976,-9.51976,188.384,-117.77,-53.6799,-150.539,131.211,75.6892,-99.6071,-99.6071,3.05581,18.5684,-107.587,-107.587,-21.322,-247.447,195.696,74.1479,74.1479,-7.52437,-7.52437,-1.82254,-2.23783,-2.32713,4.15591,4.24216,-10.1072,-0.314989,-0.39241,-0.598979,1.52966,-2.86738,-56.4862,-56.4862,-5.03343,-5.03343,-5.82218,-5.82218,57.0627,57.0627,57.0627,-21.3801,-21.3801,-7.16243,20.5264,11.1833,11.1833,-10.9833,-10.9833,56.1719,11.7392,149.222,4.96884,4.96884,122.641,122.641,122.641,-360.13,96.6316,96.6316,101.876,101.876,-5.83208,-30.8172,-30.8172,11.3664,11.3664,569.105,569.105,-394.137,-394.137,0,21.7357,182.532,75.243,-202.566,-202.566,139.135,-692.203,-384.873,144.416,561.789,561.789,-104.515,-104.515,477.08,477.08,-43.6663,-107.732,-34.1936,-638.849,-174.735,-174.735,110.739,110.739,110.739,-329.87,-329.87,473.941,-2.88318,-2.88318,-160.906,310.573,310.573,-340.326,149.714,-50.751,0,-191.872,-161.291,421.731,311.865,311.865,47.9174,-17.7024,-3.22663,270.702,270.702,-73.0315,-66.3742,-66.3742,-694.039,215.681,738.948,-670.978,-685.211,-673.632,1038.94,-312.767,245.064,-613.268,-626.071,-608.284,709.756,77.7933,26.278,-413.778,-1261.74,-27.702,-1323.12,-3448.6,-1861.65,-1861.65,-155.097,1015.35,-116.851,-163.837,-123.534,85.5349,-137.18,131.676,134.54,139.639,-157.651,-155.157,-158.211,140.876,-44.3055,-44.3055,130.312,-306.309,-306.309,1016.14,-116.589,-138.89,132.71,-127.322,-328.498,-493.892,-493.892,-223.994,-460.897,-506.21,-1767.22,692.274,-295.043,284.58,1.11715,-334.765,-547.59,-326.098,-323.832,-2.2606,562.642,614.394,-127.146,-106.313,-142.296,-59.5804,19.1856,-128.29,-82.2242,-82.2324,35.7313,-71.9986,73.4445,95.701,-38.3966,482.991,472.11,525.117,512.981,82.1901,82.1901,43.3966,164.246,-38.33,-38.33,-124.005,-124.005,242.906,242.906,-35.1646,-49.4439,37.8519,205.175,-476.317,2445.89,2203.44,-4715.29,55.0397,-1022.54,163.332,266.001,-97.2768,-97.2768,-51.3714,-51.3714,-163.916,-266.548,329.301,-17.3335,-21.6924,-21.6924,-24.5882,-165.265,350.921,-6.80957,-17.1228,-17.1228,-29.0787,-28.7511,-171.122,-171.122,-203.663,-83.7119,-159.996,59.449,-105.917,125.012,125.012,-77.9027,-85.9073,0,-81.5957,-149.156,0,-70.2876,205.261,205.261,82.088,-17.3913,74.4592,75.0755,80.3877,6.09301,-3.87893,-106.337,23.721,521.386,181.094,69.3917,69.3917,-35.2912,-132.991,-132.991,-4.10578,-4.61303,398.003,0,-31.8173,-31.8173,0,-327.288,0,-97.7378,0,92.9472,0,-37.1409,56.0004,25.1183,61.3663,61.3663,0,31.3855,31.3855,44.1774,0,0.357806,-303.611,-303.611,-303.611,0.125906,0,0,0,-19.571,-19.571,-19.571,0,29.6779,10.0481,10.0481,6.23621,-343.992,7.52437,7.52437,-0.51311,-5.84289,-0.313571,26.2853,-14.2822,-14.1613,-5.86492,0,5.76546,0,224.348,224.348,224.348,0,0,0,0,-3.08755,-454.549,-52.9091,-52.9091,188.651,403.898,51.9761,75.495,0,-107.611,188.198,62.6575,450.159,1049.41,912.864,491.09,-12.7878,-8.29388,-224.665,-224.665,-517.446,159.572,-70.0624,-1010.65,-1023.48,-46.6284,-67.1903,-164.575,-797.392,-318.394,-352.066,278.583,-203.429,-2307.92,3191.89,1360.48,-6606.71,-368.594,930.663,-734.16,33.3296,-381.218,123.688,-204.432,-44.0787,-500.479,-60.6779,-290.367,122.079,122.079,-85.5391,-157.742,-157.742,-512.689,-47.688,0,-203.579,65.6057,449.686,0,0
2020-08-05 09:00:00 UTC,168.69,92.787,-277.86,35.6862,35.6862,37.2892,-70.3437,-117.371,221.724,221.724,-378.979,-132.587,664.502,47.9785,-63.616,-142.031,-351.253,-78.1754,337.331,43.6896,-18.1298,98.8271,98.8271,184.089,264.156,89.2656,13.5211,-9.82436,-14.1003,-118.583,64.3612,64.3612,146.654,79.5438,79.5438,222.714,-91.2746,-115.319,677.403,677.403,-121.803,-288.463,-277.277,-151.547,-151.858,254.031,677.804,691.733,683.793,-9.16512,72.8417,72.8417,-21.718,32.1316,31.2012,-9.28684,-9.28684,179.464,-113.632,-51.4042,-144.954,124.897,71.9221,-96.1961,-96.1961,2.8268,18.0899,-104.906,-104.906,-20.8001,-239.805,189.031,72.4276,72.4276,-7.4756,-7.4756,-1.78469,-2.19652,-2.26273,3.94092,4.17533,-9.6522,-0.32203,-0.399081,-0.641852,1.40984,-2.83318,-54.1936,-54.1936,-4.63804,-4.63804,-5.37294,-5.37294,54.7412,54.7412,54.7412,-20.8596,-20.8596,-7.34301,19.4625,10.893,10.893,-10.5754,-10.5754,53.5048,11.2837,143.662,4.81771,4.81771,118.331,118.331,118.331,-347.6,93.4857,93.4857,98.3987,98.3987,-5.83208,-29.8282,-29.8282,11.2709,11.2709,548.739,548.739,-381.667,-381.667,0,21.1364,176.296,72.5863,-196.131,-196.131,134.056,-668.824,-371.726,139.002,541.511,541.511,-101.146,-101.146,460.152,460.152,-42.5756,-104.371,-28.6776,-628.821,-168.31,-168.31,106.288,106.288,106.288,-316.885,-316.885,457.219,-2.88318,-2.88318,-154.928,297.301,297.301,-328.595,142.313,-50.6318,0,-185.244,-157.514,401.625,298.482,298.482,46.4513,-16.8042,-3.88409,260.031,260.031,-72.8474,-65.715,-65.715,-663.292,202.243,704.025,-641.192,-654.803,-643.685,983.839,-298.928,234.316,-588.386,-600.688,-583.889,684.331,69.4073,18.9324,-400.38,-1228.83,-26.5111,-1287.12,-3343.01,-1802.44,-1802.44,-153.063,973.78,-113.169,-161.113,-119.763,85.2535,-133.052,127.782,129.957,134.885,-152.848,-150.415,-153.39,136.08,-41.9821,-41.9821,126.129,-299.43,-299.43,978.167,-111.715,-134.29,128.548,-122.807,-320.421,-478.93,-478.93,-220.607,-451.136,-495.368,-1726.42,675.585,-287.942,277.562,1.36915,-324.919,-531.595,-316.635,-314.429,-2.79692,547.02,597.365,-123.875,-103.662,-139.361,-58.3874,17.7801,-124.353,-79.7974,-79.8056,34.117,-69.3065,71.2062,92.7996,-39.0773,471.812,461.509,513.042,501.552,80.7066,80.7066,42.3631,161.244,-38.2193,-38.2193,-122.392,-122.392,236.212,236.212,-32.2924,-48.2585,37.7112,200.895,-473.609,2371.83,2138.7,-4677.21,53.0735,-1000.8,153.564,258.552,-90.9194,-90.9194,-47.0459,-47.0459,-164.782,-263.987,320.125,-17.9841,-21.2681,-21.2681,-20.604,-164.99,365.529,-3.10972,-16.3996,-16.3996,-27.5291,-27.2233,-166.785,-166.785,-198.476,-81.5268,-154.677,63.653,-95.3273,121.691,121.691,-75.7422,-83.4449,0,-81.2255,-148.437,0,-68.1384,203.993,203.993,78.5166,-13.301,72.0254,72.6255,78.0756,7.22945,-2.89608,-103.452,23.129,510.409,175.793,67.2348,67.2348,-34.5085,-130.739,-130.739,-3.91687,-4.41635,394.793,0,-33.1912,-33.1912,0,-314.161,0,-89.8244,0,90.2862,0,-37.0753,55.9453,24.5608,59.2914,59.2914,0,30.6744,30.6744,42.6827,0,0.325384,-287.734,-287.734,-287.734,0.107215,0,0,0,-18.5782,-18.5782,-18.5782,0,28.9437,9.90844,9.90844,6.1368,-333.886,7.4756,7.4756,-0.260149,-5.4736,-0.12819,25.678,-13.7897,-13.6729,-5.82061,0,5.76546,0,219.166,219.166,219.166,0,0,0,0,-2.34473,-433.366,-52.3126,-52.3126,187.583,387.341,52.5756,76.3871,0,-101.665,183.511,60.4965,445.017,1010.96,890.261,475.781,-9.29159,-7.6368,-217.495,-217.495,-497.332,149.35,-67.4306,-929.985,-984.599,-45.2523,-65.2058,-159.707,-762.203,-311.106,-338.92,273.401,-192.068,-2219.14,3180.52,1354.98,-6551.29,-355.637,930.394,-733.419,36.2539,-374.84,124.256,-204.644,-40.7066,-514.464,-60.6441,-288.067,117.635,117.635,-80.7107,-156.862,-156.862,-499.746,-43.1507,0,-198.756,64.7849,437.955,0,0
2020-08-05 10:00:00 UTC,170.848,94.2207,-285.511,38.0077,38.0077,34.295,-71.9401,-120.63,227.212,227.212,-377.552,-131.187,663.092,49.6216,-62.5426,-142.81,-350.252,-77.96,335.252,43.0154,-20.5896,97.9601,97.9601,183.625,265.792,89.7645,13.4467,-9.75696,-14.9717,-118.01,64.0308,64.0308,146.012,79.2438,79.2438,221.266,-89.7898,-113.429,667.227,667.227,-119.91,-285.764,-276.433,-151.111,-149.494,249.267,667.5,681.232,673.354,-8.90953,71.8598,71.8598,-21.6937,31.5564,29.2371,-9.38298,-9.38298,176.331,-113.728,-50.7049,-144.132,122.504,70.4969,-96.0552,-96.0552,2.98972,18.6239,-105.089,-105.089,-21.0316,-239.458,189.146,74.8522,74.8522,-7.71311,-7.71311,-1.79547,-2.21439,-2.23976,3.87399,4.27647,-9.41448,-0.321126,-0.398255,-0.691825,1.34358,-2.87986,-53.7485,-53.7485,-4.25793,-4.25793,-4.9436,-4.9436,54.2847,54.2847,54.2847,-21.0243,-21.0243,-7.79544,18.8775,10.9185,10.9185,-10.4533,-10.4533,52.711,11.135,143.14,4.85561,4.85561,117.447,117.447,117.447,-344.989,93.0046,93.0046,97.766,97.766,-5.83208,-29.6695,-29.6695,11.358,11.358,545.003,545.003,-379.483,-379.483,0,21.0965,175.125,72.0014,-194.998,-194.998,132.967,-663.753,-368.877,137.76,537.726,537.726,-100.596,-100.596,457.074,457.074,-42.3907,-103.787,-26.2773,-629.031,-166.823,-166.823,105.085,105.085,105.085,-313.244,-313.244,454.233,-2.88318,-2.88318,-153.367,293.567,293.567,-325.326,139.875,-50.8513,0,-183.297,-156.878,395.373,294.689,294.689,46.5241,-16.3196,-3.99853,259.074,259.074,-72.9236,-65.6548,-65.6548,-653.948,197.676,693.445,-632.096,-645.52,-634.531,965.909,-294.841,230.96,-580.721,-592.871,-576.357,677.527,66.2305,14.3216,-399.004,-1225.75,-26.2137,-1283.05,-3330.23,-1795.46,-1795.46,-153.945,964.596,-112.985,-162.009,-118.517,86.919,-132.431,127.195,129.267,134.17,-152.294,-149.865,-152.834,135.358,-41.2651,-41.2651,125.497,-298.927,-298.927,972.031,-110.516,-133.41,127.922,-121.215,-319.371,-475.808,-475.808,-220.726,-450.339,-494.476,-1722.75,677.119,-288.439,277.632,1.83308,-325.73,-529.839,-315.596,-313.397,-3.3681,545.68,595.899,-123.357,-103.28,-139.207,-58.2675,17.5549,-124.816,-79.4425,-79.4507,33.944,-69.9133,70.883,92.3477,-40.0165,470.883,460.635,512.036,500.605,80.6222,80.6222,42.1224,160.681,-38.2683,-38.2683,-122.297,-122.297,235.692,235.692,-33.3306,-48.0304,39.3042,200.761,-474.538,2363.18,2131.77,-4701.23,52.623,-996.259,154.19,258.864,-91.2862,-91.2862,-45.5497,-45.5497,-164.134,-264.184,322.674,-18.0486,-21.7395,-21.7395,-20.9036,-165.965,363.15,-2.99714,-16.4156,-16.4156,-27.4767,-27.1717,-166.799,-166.799,-198.28,-81.2475,-154.004,68.6689,-91.9682,123.75,123.75,-76.6599,-84.4261,0,-84.2078,-153.194,0,-69.0032,211.006,211.006,78.9304,-10.2953,72.717,73.3227,79.177,7.96534,-2.53585,-103.896,23.6474,512.47,174.95,67.0535,67.0535,-34.0943,-132.534,-132.534,-3.84251,-4.34689,400.869,0,-35.619,-35.619,0,-313.177,0,-88.9729,0,90.7963,0,-37.0683,57.8033,24.8017,59.0051,59.0051,0,30.8021,30.8021,42.13,0,0.312663,-282.762,-282.762,-282.762,0.103697,0,0,0,-18.247,-18.247,-18.247,0,29.3289,10.2403,10.2403,6.62038,-338.851,7.71311,7.71311,-0.0290111,-5.27162,0.0662198,25.4629,-13.6401,-13.5241,-5.91142,0,5.76546,0,218.436,218.436,218.436,0,0,0,0,-2.3416,-431.774,-52.1917,-52.1917,187.319,382.652,53.0572,77.0926,0,-100.422,182.706,60.013,444.473,1004.69,887.559,472.413,-8.72931,-7.52196,-216.684,-216.684,-494.716,147.474,-68.0275,-920.825,-977.556,-45.0378,-64.9139,-158.994,-752.141,-309.826,-336.087,272.391,-190.898,-2203.85,3214.02,1372.7,-6586.72,-356.804,932.598,-731.471,36.2886,-377.629,124.937,-206.531,-40.6792,-514.066,-61.4115,-288.154,117.451,117.451,-80.863,-161.654,-161.654,-506.814,-40.1957,0,-203.097,64.1409,436.56,0,0
2020-08-05 11:00:00 UTC,178.449,98.2965,-302.81,42.1122,42.1122,32.9584,-75.2725,-127.31,239.863,239.863,-388.937,-132.86,681.308,51.3744,-62.3859,-148.041,-356.341,-79.2702,343.406,43.9178,-22.4937,99.4779,99.4779,188.092,274.579,92.6171,13.6644,-9.94005,-16.1793,-120.036,65.2468,65.2468,149.218,81.1783,81.1783,225.781,-90.989,-114.955,681.912,681.912,-121.283,-292.023,-282.254,-154.07,-150.963,251.564,681.282,695.285,687.284,-9.03396,73.2511,73.2511,-21.9828,32.1667,29.9596,-9.51551,-9.51551,179.815,-115.351,-51.2553,-147.186,124.991,71.9781,-98.6044,-98.6044,3.19385,19.1851,-106.922,-106.922,-21.4562,-244.762,195.652,79.9449,79.9449,-7.84821,-7.84821,-1.81564,-2.24653,-2.26556,3.96236,4.35975,-9.62253,-0.319916,-0.397102,-0.688105,1.39381,-2.98522,-54.8278,-54.8278,-4.3383,-4.3383,-5.04121,-5.04121,55.3806,55.3806,55.3806,-21.7724,-21.7724,-7.86418,19.3522,11.1304,11.1304,-10.675,-10.675,53.4391,11.3812,146.748,5.10255,5.10255,120.139,120.139,120.139,-352.728,95.3158,95.3158,100.141,100.141,-5.83208,-30.419,-30.419,11.7015,11.7015,558.739,558.739,-388.11,-388.11,0,21.6994,179.278,73.6032,-199.414,-199.414,135.971,-677.838,-376.794,140.828,551.231,551.231,-103.004,-103.004,468.578,468.578,-43.0358,-106.107,-26.9368,-640.504,-170.456,-170.456,107.228,107.228,107.228,-319.218,-319.218,465.694,-2.88318,-2.88318,-156.398,299.646,299.646,-331.03,142.303,-51.8223,0,-186.369,-159.813,402.958,300.759,300.759,48.1038,-16.4805,-3.56229,267.587,267.587,-73.4232,-66.2773,-66.2773,-666.672,202.007,707.87,-644.181,-657.863,-646.654,985.655,-300.904,235.43,-590.795,-603.153,-586.202,690.192,68.2084,12.1206,-410.279,-1254.36,-26.8626,-1312.9,-3416.96,-1844.42,-1844.42,-157.578,988.613,-116.266,-166.324,-120.934,89.284,-135.519,130.117,132.69,137.721,-156.268,-153.781,-156.823,138.936,-42.1817,-42.1817,128.619,-304.605,-304.605,998.391,-113.037,-136.439,131.032,-123.53,-326.152,-485.244,-485.244,-224.342,-459.468,-504.598,-1761.09,698.511,-295.991,284.822,1.98578,-336.38,-543.848,-323.886,-321.633,-3.35085,560.079,611.585,-126.173,-105.643,-142.332,-59.3979,18.4091,-129.129,-81.4868,-81.495,35.169,-72.8059,72.7725,94.7506,-40.4569,481.287,470.518,523.266,511.255,82.4424,82.4424,43.1596,164.058,-38.8467,-38.8467,-124.469,-124.469,242.137,242.137,-36.7364,-49.0578,43.6509,205.794,-481.356,2427.35,2189.63,-4827.75,54.848,-1007.01,164.426,267.29,-97.8371,-97.8371,-46.3565,-46.3565,-162.853,-266.566,335.003,-17.7842,-22.5854,-22.5854,-24.9668,-168.304,345.045,-6.37576,-16.7156,-16.7156,-28.2707,-27.9546,-171.152,-171.152,-202.945,-82.7182,-157.848,74.1319,-93.6958,129.556,129.556,-79.8153,-87.9118,0,-89.318,-161.542,0,-72.011,223.378,223.378,82.2929,-8.45481,76.0574,76.6879,82.7783,8.83479,-2.27194,-107.412,25.2766,528.74,179.139,68.9432,68.9432,-34.3833,-138.373,-138.373,-3.90637,-4.43055,417.759,0,-39.3519,-39.3519,0,-323.898,0,-92.7408,0,93.7132,0,-37.1029,60.9661,25.6814,60.0179,60.0179,0,31.568,31.568,42.2243,0,0.325869,-289.078,-289.078,-289.078,0.11147,0,0,0,-18.7066,-18.7066,-18.7066,0,29.943,10.4789,10.4789,6.89575,-355.542,7.84821,7.84821,-0.0976325,-5.38369,0.0930002,26.5027,-13.9175,-13.7991,-6.1636,0,5.76546,0,222.48,222.48,222.48,0,0,0,0,-3.09222,-448.016,-52.8998,-52.8998,188.205,390.308,53.4786,77.6953,0,-103.857,186.162,61.3076,449.299,1032.19,906.099,482.801,-11.2619,-7.95693,-222.214,-222.214,-510.696,154.171,-70.8579,-987.078,-1006.49,-46.1782,-66.5832,-163.093,-771.572,-316.76,-344.605,277.822,-198.91,-2267.91,3316.03,1425.48,-6771.92,-370.966,937.011,-728.529,34.6409,-388.848,125.898,-209.898,-43.8389,-500.471,-62.9941,-289.957,121.319,121.319,-85.8505,-170.618,-170.618,-529.871,-38.8762,0,-216.531,63.6929,446.152,0,0
2020-08-05 12:00:00 UTC,191.763,104.941,-327.493,46.6444,46.6444,35.5841,-79.7449,-136.245,255.76,255.76,-415.976,-140.429,724.886,54.2715,-64.9355,-156.972,-375.287,-83.3441,365.409,47.0345,-22.5391,105.514,105.514,200.583,295.222,99.378,14.3515,-10.521,-18.0343,-126.209,68.8467,68.8467,157.946,86.1499,86.1499,239.134,-95.6114,-120.839,728.003,728.003,-126.881,-309.195,-296.508,-161.316,-157.51,263.282,725.13,739.983,731.658,-9.59679,77.5736,77.5736,-22.8655,34.2144,33.2235,-9.79299,-9.79299,191.314,-119.879,-53.5552,-155.418,133.197,76.8763,-104.676,-104.676,3.574,20.127,-111.087,-111.087,-22.3056,-257.345,209.533,88.6209,88.6209,-7.98775,-7.98775,-1.85948,-2.31208,-2.34854,4.23779,4.49439,-10.3201,-0.309917,-0.387628,-0.630901,1.57525,-3.18709,-57.8919,-57.8919,-4.83474,-4.83474,-5.61708,-5.61708,58.4863,58.4863,58.4863,-23.3695,-23.3695,-7.67359,20.9775,11.6198,11.6198,-11.3221,-11.3221,56.0579,12.1016,155.65,5.58642,5.58642,126.606,126.606,126.606,-371.366,100.705,100.705,105.596,105.596,-5.83208,-32.0579,-32.0579,11.9315,11.9315,590.258,590.258,-407.35,-407.35,0,22.7323,188.656,77.3844,-209.289,-209.289,143.361,-712.024,-396.031,148.286,582.561,582.561,-108.271,-108.271,494.986,494.986,-44.6874,-111.276,-32.4181,-659.827,-179.474,-179.474,112.918,112.918,112.918,-335.974,-335.974,492.05,-2.88318,-2.88318,-164.447,316.905,316.905,-346.99,150.35,-53.9348,0,-195.459,-166.349,426.612,318.056,318.056,51.1028,-17.1536,-2.56484,285.707,285.707,-74.115,-67.4919,-67.4919,-706.52,218.204,753.233,-682.545,-697.037,-685.188,1053.59,-319.088,249.487,-622.659,-635.667,-617.376,724.515,77.578,16.3178,-433.216,-1311.02,-28.5655,-1373.41,-3594.26,-1944.56,-1944.56,-163.208,1048.01,-122.698,-173.283,-126.401,92.6124,-142.089,136.383,140.05,145.359,-164.359,-161.758,-164.943,146.636,-45.0118,-45.0118,135.316,-316.303,-316.303,1057.63,-119.561,-143.339,137.694,-129.202,-339.89,-507.212,-507.212,-231.118,-476.797,-523.833,-1832.97,734.767,-310.909,298.948,2.45548,-357.885,-571.183,-340.057,-337.702,-3.51912,588.009,642.014,-131.449,-109.972,-147.717,-61.4927,20.606,-138.098,-85.4306,-85.4388,37.8407,-78.8621,76.4168,99.4574,-39.6371,501.181,489.364,544.731,531.552,85.2488,85.2488,45.2605,169.705,-39.4621,-39.4621,-127.627,-127.627,254.18,254.18,-45.2778,-51.392,47.486,214.126,-489.438,2552.15,2301.55,-4973.63,58.821,-1039.45,185.881,283.784,-111.627,-111.627,-51.235,-51.235,-159.725,-271.989,361.873,-17.0907,-24.5493,-24.5493,-34.0711,-172.257,304.763,-13.9362,-17.6909,-17.6909,-30.761,-30.4096,-179.994,-179.994,-212.838,-86.311,-166.97,77.4626,-106.21,140.542,140.542,-85.9804,-94.7909,0,-96.6095,-173.39,0,-78.0045,241.234,241.234,90.0595,-9.76819,82.667,83.3452,89.6601,8.87194,-2.91034,-114.593,28.0633,554.626,187.979,72.7092,72.7092,-35.3837,-148.352,-148.352,-4.17584,-4.73367,442.956,0,-43.0867,-43.0867,0,-347.175,0,-99.3167,0,100.634,0,-37.209,66.8418,27.6068,63.1047,63.1047,0,33.3662,33.3662,43.2613,0,0.37158,-309.537,-309.537,-309.537,0.135247,0,0,0,-20.1904,-20.1904,-20.1904,0,31.1431,10.7985,10.7985,7.18059,-386.775,7.98775,7.98775,-0.444014,-5.92216,-0.0123474,28.9839,-14.7005,-14.5756,-6.59923,0,5.76546,0,230.748,230.748,230.748,0,0,0,0,-4.53921,-482.604,-54.3263,-54.3263,189.919,412.507,53.4791,77.666,0,-112.602,194.118,64.479,457.734,1093.32,943.64,505.525,-16.9584,-8.95242,-233.949,-233.949,-544.097,170.156,-76.8037,-1125.37,-1066.39,-48.4081,-69.8075,-171.004,-821.163,-329.193,-361.173,287.837,-213.014,-2401.52,3414.21,1476.12,-6985.44,-399.934,940.482,-725.194,30.7244,-412.956,127.203,-215.585,-50.8096,-468.713,-66.3236,-293.447,129.363,129.363,-96.1182,-183.019,-183.019,-571.898,-41.4889,0,-239.29,63.8515,465.859,0,0
2020-08-05 13:00:00 UTC,211.679,113.912,-357.447,50.6549,50.6549,44.7839,-84.7184,-146.209,275.929,275.929,-471.673,-156.095,809.471,53.2652,-70.8139,-174.116,-408.421,-90.4569,412.256,54.5541,-17.7522,116.178,116.178,225.33,331.94,111.439,15.7964,-11.7295,-20.07,-138.843,76.1333,76.1333,174.754,95.3436,95.3436,266.119,-105.284,-133.163,824.602,824.602,-138.89,-343.968,-324.08,-175.307,-172.16,291.419,816.328,832.932,824.022,-10.6645,86.5648,86.5648,-24.628,38.3837,39.6488,-10.3712,-10.3712,215.039,-129.538,-58.5677,-170.789,150.158,87.0533,-115.324,-115.324,4.35902,21.9811,-118.995,-118.995,-23.9878,-281.435,234.963,104.568,104.568,-8.26707,-8.26707,-1.95575,-2.44262,-2.52031,4.80994,4.74733,-11.6804,-0.292043,-0.370684,-0.522153,1.92758,-3.50581,-64.1676,-64.1676,-5.84911,-5.84911,-6.78646,-6.78646,64.8745,64.8745,64.8745,-26.1185,-26.1185,-7.30465,24.1431,12.5664,12.5664,-12.5764,-12.5764,61.9747,13.5059,173.149,6.39578,6.39578,138.173,138.173,138.173,-404.637,110.258,110.258,115.113,115.113,-5.85777,-34.8589,-34.8589,11.5764,11.5764,645.354,645.354,-439.872,-439.872,0,24.0876,204.713,83.9984,-225.997,-225.997,156.773,-772.981,-430.415,161.665,637.799,637.799,-117.115,-117.115,541.214,541.214,-47.4665,-120.018,-46.0958,-685.133,-195.819,-195.819,123.572,123.572,123.572,-367.939,-367.939,538.277,-2.88318,-2.88318,-179.397,350.516,350.516,-377.119,166.66,-57.589,0,-213.095,-177.542,474.041,351.813,351.813,55.8008,-18.6936,-0.870242,316.773,316.773,-74.2348,-69.046,-69.046,-787.817,253.875,846.704,-761.521,-777.675,-764.537,1198.18,-355.117,278.02,-687.153,-701.464,-680.326,789.172,99.5228,33.0182,-470.999,-1401.04,-31.7136,-1470.98,-3882.19,-2107.97,-2107.97,-170.787,1156.33,-132.481,-182.968,-134.719,98.762,-153.01,146.791,152.452,158.232,-177.498,-174.719,-178.132,159.612,-50.5699,-50.5699,146.528,-335.872,-335.872,1160.4,-131.185,-155.143,148.821,-137.953,-361.862,-544.863,-544.863,-241.236,-503.065,-553.03,-1942.71,786.16,-335.499,321.949,3.71978,-394.948,-613.788,-365.258,-362.746,-4.46782,631.776,689.687,-139.287,-116.416,-155.748,-64.6591,24.3586,-153.961,-91.473,-91.4812,42.3291,-90.1413,82.0222,106.656,-38.4354,531.683,518.137,577.61,562.502,89.0757,89.0757,48.2474,177.217,-39.8455,-39.8455,-131.527,-131.527,272.818,272.818,-62.3355,-55.2416,50.3487,226.226,-497.781,2745.56,2475.74,-5121.69,64.2604,-1108.59,224.373,310.921,-136.448,-136.448,-63.7201,-63.7201,-152.655,-282.702,409.847,-15.1069,-28.8778,-28.8778,-49.8604,-176.729,233.971,-26.5301,-20.6685,-20.6685,-37.3208,-36.8759,-194.917,-194.917,-229.949,-93.1079,-184.147,75.8134,-140.854,161.565,161.565,-97.9555,-108.232,0,-107.936,-191.79,0,-89.7284,268.974,268.974,106.362,-16.6246,94.6255,95.3857,102.869,5.90383,-6.38202,-126.524,32.0477,589,202.839,78.7763,78.7763,-37.5094,-162.796,-162.796,-4.76407,-5.37211,476.363,0,-45.723,-45.723,0,-395.848,0,-118.726,0,113.005,0,-37.4454,75.0818,30.849,69.4217,69.4217,0,36.4655,36.4655,45.9649,0,0.467172,-352.618,-352.618,-352.618,0.191218,0,0,0,-23.0164,-23.0164,-23.0164,0,33.5475,11.4346,11.4346,7.75125,-444.099,8.26707,8.26707,-1.13404,-6.95031,-0.307302,32.9945,-16.2077,-16.0702,-7.24236,0,5.68848,0,243.743,243.743,243.743,0,0,0,0,-6.76341,-542.261,-56.5128,-56.5128,191.583,456.351,52.2698,75.8366,0,-128.696,207.323,70.2213,467.067,1199.46,1003.42,542.086,-27.0575,-10.6445,-253.452,-253.452,-599.616,199.896,-87.8648,-1356.33,-1160.29,-51.809,-74.7454,-183.125,-896.001,-347.275,-386.463,302.061,-238.336,-2612.37,3496.71,1518.98,-7202.46,-451.127,939.056,-721.886,21.0869,-452.903,127.504,-221.605,-63.3672,-409.446,-72.4578,-298.864,143.269,143.269,-114.263,-201.099,-201.099,-649.275,-50.581,0,-271.648,65.1246,497.926,0,0
2020-08-05 14:00:00 UTC,233.792,122.786,-379.979,50.3138,50.3138,63.8266,-87.891,-152.336,293.127,293.127,-548.2,-180.549,924.965,50.7064,-81.3514,-193.575,-456.381,-100.726,479.101,65.916,-6.1302,131.222,131.222,257.338,376.384,125.91,17.7347,-13.3144,-21.3667,-155.296,86.1092,86.1092,199.193,109.279,109.279,305.047,-121.681,-154.092,980.381,980.381,-158.878,-393.379,-360.762,-193.814,-196.28,339.488,962.387,981.755,972.127,-12.7948,100.512,100.512,-27.4965,45.2599,51.8243,-11.0496,-11.0496,253.919,-143.121,-66.7353,-194.703,177.66,103.703,-131.587,-131.587,5.18668,23.6174,-128.152,-128.152,-25.808,-312.997,269.662,122.501,122.501,-8.28626,-8.28626,-2.06447,-2.57803,-2.79042,5.69289,4.86693,-13.8926,-0.264184,-0.34425,-0.295516,2.51174,-3.79058,-73.0924,-73.0924,-7.90571,-7.90571,-9.13705,-9.13705,74.1471,74.1471,74.1471,-29.2574,-29.2574,-6.07773,29.3214,13.716,13.716,-14.4165,-14.4165,71.2017,15.6272,197.039,7.79923,7.79923,155.346,155.346,155.346,-453.504,124.638,124.638,129.213,129.213,-6.0965,-39.1513,-39.1513,10.1493,10.1493,726.717,726.717,-485.771,-485.771,0,25.6815,227.604,93.0919,-249.469,-249.469,176.507,-861.845,-480.738,181.12,719.955,719.955,-129.967,-129.967,609.859,609.859,-51.6809,-132.301,-70.8721,-708.026,-219.825,-219.825,139.339,139.339,139.339,-416.716,-416.716,607.062,-2.88318,-2.88318,-201.264,402.783,402.783,-420.579,193.245,-60.9628,0,-238.864,-190.918,550.801,404.757,404.757,63.0964,-19.9051,2.13371,360.05,360.05,-70.987,-68.9413,-68.9413,-915.324,314.805,995.827,-885.817,-904.575,-889.466,1437.15,-411.583,322.523,-785.658,-801.934,-776.05,883.883,138.466,66.1129,-524.166,-1519.54,-36.3286,-1600.5,-4271.61,-2330.04,-2330.04,-177.334,1323.81,-148.198,-192.817,-145.573,105.964,-168.285,160.718,169.847,176.296,-195.031,-192.034,-195.732,177.838,-59.8923,-59.8923,162.136,-361.074,-361.074,1311.67,-151.943,-171.659,164.247,-150.042,-390.164,-598.457,-598.457,-252.083,-535.475,-589.124,-2081.5,844.567,-365.932,351.042,4.58755,-443.634,-669.072,-397.954,-395.242,-4.96716,688.388,751.336,-149.569,-124.981,-166.253,-68.7759,28.9611,-174.387,-99.4283,-99.4365,48.1449,-105.359,89.4384,116.093,-36.5041,569.948,554.012,618.796,601.022,94.1974,94.1974,52.3082,187.632,-40.4345,-40.4345,-136.702,-136.702,297.151,297.151,-84.4115,-60.4577,53.2316,242.274,-507.78,2996.17,2702.97,-5306.59,72.4023,-1208.87,275.071,346.122,-169.2,-169.2,-83.7091,-83.7091,-142.725,-297.334,472.564,-11.9827,-34.8189,-34.8189,-68.9517,-181.23,140.005,-41.6717,-25.2989,-25.2989,-47.0391,-46.455,-214.101,-214.101,-251.697,-101.919,-208.122,63.3556,-195.922,186.58,186.58,-112.877,-125.075,0,-117.398,-207.606,0,-104.055,291.434,291.434,128.342,-31.831,109.836,110.698,119.3,0.0618867,-12.1216,-140.618,36.1505,626.266,220.817,86.7723,86.7723,-38.8936,-178.289,-178.289,-5.70378,-6.36589,505.481,0,-43.7363,-43.7363,0,-465.61,0,-142.438,0,127.889,0,-37.7989,81.0827,34.6924,77.6482,77.6482,0,39.9539,39.9539,49.7091,0,0.662437,-423.214,-423.214,-423.214,0.287887,0,0,0,-27.9996,-27.9996,-27.9996,0,36.1221,11.8106,11.8106,7.79172,-514.664,8.28626,8.28626,-2.47294,-8.73484,-1.10345,38.1708,-18.3023,-18.1477,-8.26911,-1.56461e-12,4.97318,0,259.633,259.633,259.633,0,0,0,0,-10.5187,-626.692,-58.8351,-58.8351,185.995,523.233,46.9293,67.9405,0,-155.115,224.392,78.4183,466.481,1353.8,1079.8,591.633,-42.8078,-13.6444,-279.662,-279.662,-677.07,247.723,-102.662,-1681.99,-1284.97,-56.2532,-81.2423,-199.083,-985.366,-371.894,-419.232,321.572,-271.631,-2883.05,3577.51,1560.99,-7473.48,-520.494,932.003,-719.278,7.02768,-503.038,126.507,-227.602,-79.8896,-327.055,-81.2082,-306.769,162.462,162.462,-139.934,-216.755,-216.755,-741.215,-69.1154,0,-304.727,66.7695,538.569,0,0
2020-08-05 15:00:00 UTC,251.054,128.722,-384.743,44.985,44.985,90.2064,-87.6644,-151.189,300.68,300.68,-620.543,-206.942,1035.12,49.2474,-93.9094,-207.364,-506.104,-111.338,544.756,77.5762,10.9914,147.147,147.147,283.397,410.565,136.795,19.3692,-14.619,-21.3843,-168.76,95.2022,95.2022,225.054,125.431,125.431,344.29,-142.236,-180.391,1166.58,1166.58,-183.044,-443.247,-394.681,-210.798,-224.581,397.415,1135.76,1158.35,1148.19,-15.9575,116.262,116.262,-30.9389,53.688,69.2058,-11.4877,-11.4877,301.457,-156.21,-76.4176,-223.195,210.896,124.058,-151.105,-151.105,5.49568,23.606,-134.534,-134.534,-26.7108,-341.489,304.613,136.61,136.61,-7.68205,-7.68205,-2.11516,-2.62384,-3.09997,6.68798,4.59806,-16.6086,-0.223406,-0.305579,0.0626488,3.25039,-3.84812,-81.904,-81.904,-11.0253,-11.0253,-12.6835,-12.6835,83.66,83.66,83.66,-31.4484,-31.4484,-3.6745,35.7108,14.5573,14.5573,-16.39,-16.39,81.2628,17.994,219.809,9.94854,9.94854,174.861,174.861,174.861,-507.828,141.308,141.308,145.664,145.664,-6.89265,-44.8383,-44.8383,7.64937,7.64937,820.427,820.427,-535.204,-535.204,0,27.4616,252.524,101.55,-274.295,-274.295,197.884,-959.579,-536.37,202.281,815.17,815.17,-145.233,-145.233,689.986,689.986,-56.727,-145.308,-103.525,-714.867,-246.17,-246.17,156.379,156.379,156.379,-472.388,-472.388,687.288,-2.88318,-2.88318,-224.249,463.077,463.077,-465.627,225.456,-61.7914,0,-266.196,-200.168,644.44,466.917,466.917,73.957,-17.577,6.78425,405.548,405.548,-62.0182,-64.974,-64.974,-1062.71,392.687,1171.98,-1030.11,-1051.88,-1034.57,1731.43,-477.493,372.879,-895.503,-913.934,-882.138,984.978,189.647,110.542,-581.932,-1635.8,-41.2109,-1727.7,-4662.26,-2553.2,-2553.2,-178.434,1526.98,-172.093,-198.621,-156.015,110.549,-184.795,173.957,188.165,195.329,-212.044,-208.88,-212.811,197.102,-72.1596,-72.1596,178.496,-384.102,-384.102,1486.5,-184.072,-188.566,180.314,-162.798,-415.99,-656.925,-656.925,-260.063,-563.888,-620.835,-2202.98,886.586,-394.001,378.051,5.04944,-492.042,-720.171,-428.166,-425.275,-5.27689,740.601,808.175,-158.84,-132.751,-175.445,-72.5315,33.1876,-194.201,-106.702,-106.71,53.6002,-121.482,96.2478,124.74,-33.9876,604.119,585.831,655.514,635.117,98.3811,98.3811,56.0464,196.325,-40.7348,-40.7348,-140.766,-140.766,319.147,319.147,-107.512,-65.4776,54.8219,256.166,-514.753,3227.98,2910.11,-5445.47,79.1717,-1311.46,324.375,379.972,-200.876,-200.876,-106.337,-106.337,-131.302,-312.274,536.776,-8.64661,-41.7136,-41.7136,-86.0357,-184.688,43.9634,-54.5621,-30.4547,-30.4547,-57.4467,-56.7131,-232.316,-232.316,-271.813,-110.06,-232.601,40.7448,-258.732,208.121,208.121,-126.42,-140.472,0,-120.927,-214.149,0,-116.992,299.877,299.877,150.189,-52.9172,124.275,125.231,134.092,-7.30249,-18.6178,-152.66,38.808,652.321,231.983,94.3752,94.3752,-35.1688,-189.888,-189.888,-6.8639,-7.57391,523.984,0,-37.0513,-37.0513,0,-535.155,0,-159.066,0,139.114,0,-38.1287,80.1888,37.703,84.3802,84.3802,0,42.3741,42.3741,52.9205,0,0.982378,-509.302,-509.302,-509.302,0.405819,0,0,0,-34.9191,-34.9191,-34.9191,0,37.298,11.315,11.315,6.56059,-577.833,7.68205,7.68205,-4.48268,-11.1954,-2.50183,43.2461,-20.3467,-20.1763,-9.76495,0,2.58731,0,272.797,272.797,272.797,0,0,0,0,-16.5247,-717.562,-60.2823,-60.2823,165.018,597.766,35.7014,51.4322,0,-190.713,240.419,86.9059,443.455,1524.83,1149.3,640.698,-61.631,-18.2867,-306.214,-306.214,-757.193,308.203,-118.21,-2023.89,-1404.7,-60.3114,-87.182,-213.677,-1068.28,-393.41,-447.979,338.815,-298.617,-3128.32,3632.58,1589.93,-7677.2,-591.946,924.831,-715.886,-7.18543,-554.264,124.449,-232.454,-95.6129,-241.115,-92.5629,-315.187,182.138,182.138,-167.348,-223.378,-223.378,-821.544,-94.1314,0,-326.218,67.2797,573.253,0,0
2020-08-05 16:00:00 UTC,263.791,132.562,-378.973,37.2649,37.2649,115.234,-85.6973,-146.467,300.581,300.581,-680.217,-231.802,1128.18,50.0299,-106.555,-215.808,-553.318,-121.381,601.242,87.6842,27.2526,163.366,163.366,305.087,433.97,144.308,20.8299,-15.7655,-19.5614,-180.399,103.424,103.424,249.325,140.844,140.844,380.411,-160.517,-203.846,1334.8,1334.8,-205.012,-483.676,-422.13,-224.45,-251.76,458.286,1289.67,1315.07,1304.68,-17.3447,129.441,129.441,-33.2897,59.6397,77.9964,-12.4296,-12.4296,340.696,-173.293,-85.9365,-249.183,239.824,141.974,-168.328,-168.328,5.92914,23.936,-139.292,-139.292,-27.6213,-364.746,334.336,148.858,148.858,-7.32569,-7.32569,-2.16293,-2.62291,-3.2693,7.54142,4.66491,-18.2508,-0.202658,-0.285889,0.281457,3.68684,-3.51333,-89.5526,-89.5526,-12.8335,-12.8335,-14.7268,-14.7268,91.4322,91.4322,91.4322,-32.4902,-32.4902,-2.37029,39.5728,15.362,15.362,-17.7402,-17.7402,90.9097,19.4545,238.757,10.811,10.811,190.549,190.549,190.549,-553.076,153.422,153.422,158.618,158.618,-6.54988,-48.5993,-48.5993,6.28943,6.28943,896.863,896.863,-576.402,-576.402,0,28.8021,273.231,108.851,-295.564,-295.564,215.892,-1039.25,-581.954,221.14,892.429,892.429,-157.564,-157.564,754.342,754.342,-61.6403,-156.507,-132.711,-714.049,-268.85,-268.85,171.831,171.831,171.831,-520.143,-520.143,751.094,-2.88318,-2.88318,-242.47,514.407,514.407,-500.368,254.021,-60.2695,0,-287.597,-204.705,729.25,519.967,519.967,84.0671,-14.3215,10.1388,443.803,443.803,-50.609,-58.9359,-58.9359,-1190.42,464.867,1327.85,-1155.41,-1179.79,-1160.59,1997.37,-533.607,417.883,-986.897,-1007.09,-969.771,1067.61,236.922,149.159,-631.851,-1729.7,-44.8609,-1830.16,-4981.1,-2735.98,-2735.98,-177.156,1706.66,-194.937,-201.825,-163.317,113.977,-198.623,184.395,203.467,211.239,-225.852,-222.567,-226.674,213.244,-83.7135,-83.7135,192.096,-401.262,-401.262,1638.25,-214.453,-203.069,193.608,-172.553,-434.913,-704.232,-704.232,-264.733,-585.01,-644.451,-2295.53,914.573,-415.932,399.306,5.16101,-532.955,-759.727,-451.549,-448.522,-5.45406,781.14,852.294,-165.833,-138.64,-182.35,-75.4069,36.2155,-210.131,-112.193,-112.202,57.6745,-135.778,101.406,131.315,-30.8364,629.938,609.732,683.215,660.679,101.502,101.502,59.2842,203.333,-40.8515,-40.8515,-143.636,-143.636,335.925,335.925,-127.154,-69.6552,55.5683,266.762,-519.382,3400.7,3070.44,-5544.08,84.2317,-1393.57,365.344,407.86,-226.846,-226.846,-125.295,-125.295,-120.269,-325.072,592.596,-6.12048,-48.6092,-48.6092,-98.326,-188.137,-34.2597,-62.7899,-35.358,-35.358,-66.5834,-65.7181,-247.008,-247.008,-287.343,-116.065,-252.796,20.6564,-313.442,226.814,226.814,-138.34,-154.038,0,-123.286,-219.254,0,-128.309,306.201,306.201,169.416,-70.7902,136.825,137.861,147.138,-14.1091,-24.4985,-161.313,40.0966,670.395,237.409,100.177,100.177,-29.7276,-198.177,-198.177,-7.94089,-8.68213,529.06,0,-28.2087,-28.2087,0,-590.293,0,-167.61,0,146.875,0,-38.4429,75.867,39.54,90.1993,90.1993,0,43.8626,43.8626,56.315,0,1.27991,-587.205,-587.205,-587.205,0.521957,0,0,0,-41.0042,-41.0042,-41.0042,0,38.6017,11.0226,11.0226,5.83656,-632.052,7.32569,7.32569,-6.52882,-12.5654,-4.24963,44.3711,-22.1193,-21.9349,-10.2713,0,3.6146,0,282.253,282.253,282.253,0,0,0,0,-19.1146,-795.224,-60.8925,-60.8925,141.958,660.919,22.5439,32.1163,0,-216.828,251.841,94.0366,409.641,1669.72,1201.9,678.31,-78.5694,-21.6448,-327.653,-327.653,-824.688,362.794,-131.961,-2311.69,-1498.89,-63.3859,-91.6673,-224.697,-1132.78,-410.863,-469.348,353.025,-318.698,-3304.76,3672.3,1611.03,-7822,-654.367,920.791,-710.678,-17.6064,-600.887,122.837,-237.747,-108.091,-171.389,-105.306,-324.061,198.682,198.682,-192.126,-228.507,-228.507,-893.294,-117.297,0,-336.924,66.4469,596.755,0,0
2020-08-05 17:00:00 UTC,271.395,133.846,-367.096,28.6202,28.6202,139.972,-82.7396,-139.729,295.658,295.658,-731.086,-252.514,1205.18,48.3527,-117.263,-222.357,-590.519,-129.272,649.656,96.7219,44.7841,176.313,176.313,320.597,447.994,148.833,21.9301,-16.6167,-17.2598,-188.945,109.625,109.625,268.038,152.828,152.828,409.838,-178.637,-227.156,1499.53,1499.53,-225.854,-519.07,-444.454,-235.492,-276.604,513.897,1439.26,1467.36,1456.97,-19.882,142.302,142.302,-35.9409,66.489,89.9166,-12.9375,-12.9375,380.991,-186.609,-95.2698,-272.715,268.025,159.612,-183.305,-183.305,6.01271,23.2572,-141.959,-141.959,-27.9066,-383.229,362.097,161.258,161.258,-6.61718,-6.61718,-2.196,-2.61741,-3.47892,8.33508,4.52597,-20.2861,-0.0960937,-0.185261,0.662898,4.29854,-3.26431,-96.5109,-96.5109,-15.1344,-15.1344,-17.3292,-17.3292,98.6259,98.6259,98.6259,-33.2132,-33.2132,-0.326791,44.3403,15.8609,15.8609,-19.2593,-19.2593,99.9176,21.1444,254.535,12.415,12.415,205.384,205.384,205.384,-593.936,165.388,165.388,170.891,170.891,-7.27268,-52.3605,-52.3605,4.09319,4.09319,968.621,968.621,-613.155,-613.155,0,29.6837,292.054,115.632,-314.39,-314.39,232.884,-1112,-623.779,238.446,965.593,965.593,-168.568,-168.568,815.119,815.119,-66.6151,-166.302,-161.593,-704.46,-289.985,-289.985,186.598,186.598,186.598,-564.583,-564.583,811.647,-2.88318,-2.88318,-260.026,564.126,564.126,-531.685,282.082,-57.171,0,-306.493,-206.154,811.648,571.797,571.797,91.5151,-12.2406,13.7889,478.757,478.757,-35.875,-50.3498,-50.3498,-1312.15,538.397,1479.2,-1274.94,-1301.79,-1280.87,2262.64,-589.555,458.572,-1070.8,-1092.59,-1049.71,1140.83,284.964,188.782,-678.585,-1811.4,-47.8216,-1918.77,-5260.56,-2896.39,-2896.39,-174.388,1876.88,-213.376,-202.709,-169.324,117.042,-210.621,193.758,217.152,225.474,-237.781,-234.402,-238.651,227.692,-94.3896,-94.3896,204.169,-415.92,-415.92,1777.51,-240.826,-216.219,205.37,-180.887,-450.869,-745.47,-745.47,-267.329,-601.807,-663.269,-2369,933.386,-434.265,417.147,5.09458,-569.848,-792.744,-471.059,-467.924,-5.59981,814.648,888.757,-171.36,-143.383,-187.931,-77.7292,38.6365,-224.036,-116.617,-116.625,61.1358,-148.974,105.571,136.559,-28.9193,650.778,628.921,705.549,681.171,103.821,103.821,61.7148,208.291,-40.7371,-40.7371,-145.633,-145.633,349.639,349.639,-145.226,-72.8199,55.7304,275.193,-522.249,3543.62,3201,-5605.85,87.7386,-1469.61,402.812,432.454,-250.498,-250.498,-143.122,-143.122,-109.106,-337.11,645.189,-4.01533,-55.5998,-55.5998,-108.162,-192.231,-106.108,-68.6568,-40.4499,-40.4499,-75.7126,-74.7153,-259.922,-259.922,-300.503,-120.996,-271.082,1.20341,-366.861,245.243,245.243,-150.101,-167.424,0,-125.641,-224.521,0,-139.438,312.563,312.563,188.297,-86.6074,148.876,149.987,160.043,-21.2103,-30.5483,-168.473,40.7539,682.439,243.033,105.167,105.167,-25.8854,-202.62,-202.62,-8.88459,-9.64335,524.622,0,-19.1682,-19.1682,0,-642.127,0,-176.629,0,151.555,0,-38.692,70.4795,40.514,94.4727,94.4727,0,44.6373,44.6373,59.1201,0,1.64393,-664.37,-664.37,-664.37,0.639873,0,0,0,-48.0355,-48.0355,-48.0355,0,38.9588,10.2646,10.2646,4.39726,-684.613,6.61718,6.61718,-8.331,-15.449,-5.81504,46.1749,-23.6213,-23.4257,-11.1154,0,1.4482,0,288.685,288.685,288.685,0,0,0,0,-22.9167,-866.796,-61.0928,-61.0928,104.345,719.757,6.48581,8.56826,0,-253.653,259.69,100.293,363.783,1804.48,1243.83,710.932,-94.6951,-25.293,-346.591,-346.591,-884.716,417.074,-144.305,-2572.26,-1576.68,-65.8365,-95.2772,-233.572,-1178.71,-424.26,-487.227,363.399,-335.73,-3444.9,3695.54,1623.71,-7912.94,-712.288,914.018,-705.978,-26.0147,-646.299,122.122,-244.409,-119.301,-108.909,-118.748,-332.829,213.784,213.784,-216.012,-233.566,-233.566,-965.156,-139.741,0,-342.651,65.4545,614.745,0,0
2020-08-05 18:00:00 UTC,275.921,133.997,-349.819,19.8252,19.8252,163.935,-78.648,-130.759,284.295,284.295,-769.322,-270.988,1265.42,49.0263,-127.468,-224.212,-624.152,-136.388,687.658,104.049,61.8457,189.547,189.547,333.98,454.554,151.184,22.9826,-17.4248,-13.4069,-196.871,115.154,115.154,283.416,162.215,162.215,435.228,-194.955,-248.2,1651.8,1651.8,-244.423,-549.796,-461.749,-243.988,-298.895,568.092,1577.12,1607.67,1597.43,-23.7266,154.556,154.556,-38.776,74.2906,105.688,-12.5957,-12.5957,421.705,-191.362,-103.033,-290.119,294.841,176.534,-193.595,-193.595,5.5457,21.1002,-142.352,-142.352,-27.3033,-396.887,385.631,170.318,170.318,-5.41335,-5.41335,-2.19755,-2.60028,-3.7803,9.07357,3.82162,-22.8275,-0.0665897,-0.157212,1.05087,4.9702,-3.18404,-102.306,-102.306,-18.5437,-18.5437,-21.1874,-21.1874,105.225,105.225,105.225,-33.1579,-33.1579,2.81388,50.1097,15.9623,15.9623,-20.7572,-20.7572,108.094,23.01,267.015,14.3446,14.3446,218.794,218.794,218.794,-629.748,176.533,176.533,181.855,181.855,-8.50743,-55.9521,-55.9521,1.78178,1.78178,1032.62,1032.62,-644.169,-644.169,0,30.4086,308.236,121.041,-330.111,-330.111,247.547,-1175.33,-660.356,252.931,1031.11,1031.11,-178.373,-178.373,869.727,869.727,-68.8142,-174.654,-187.996,-689.343,-308.134,-308.134,199.337,199.337,199.337,-603.45,-603.45,866.343,-2.88318,-2.88318,-276.611,609.5,609.5,-558.365,307.434,-52.9263,0,-321.669,-205.754,884.859,618.476,618.476,100.17,-10.1905,16.8124,508.833,508.833,-19.8663,-40.6543,-40.6543,-1422.4,607.979,1618.61,-1383.13,-1412.22,-1389.74,2509.91,-640.267,495.975,-1143.84,-1166.99,-1118.77,1201.58,330.159,226.548,-719.834,-1879.16,-49.9892,-1991.58,-5492.93,-3029.88,-3029.88,-171.194,2026.79,-227.594,-202.33,-174.331,119.402,-220.341,201.744,228.633,237.421,-247.578,-244.123,-248.488,239.814,-103.57,-103.57,214.222,-427.87,-427.87,1897.49,-262.368,-226.923,215.143,-187.811,-463.858,-779.359,-779.359,-268.326,-614.826,-677.872,-2425.82,945.231,-448.579,431.206,4.59166,-600.653,-819.114,-486.637,-483.418,-5.34448,841.354,917.811,-175.767,-147.263,-192.451,-79.576,40.4439,-235.021,-120.177,-120.185,63.9876,-160.03,108.926,140.702,-26.7943,667.109,643.899,723.031,697.145,105.686,105.686,63.8935,212.935,-40.6403,-40.6403,-147.188,-147.188,360.635,360.635,-159.69,-75.4059,55.4993,281.988,-524.327,3658.64,3304.21,-5651.23,90.6696,-1532.96,433.782,452.835,-269.998,-269.998,-158.571,-158.571,-99.1277,-347.298,689.674,-2.04892,-61.6449,-61.6449,-115.356,-196.523,-164.424,-72.6598,-45.0063,-45.0063,-83.7148,-82.6013,-270.476,-270.476,-310.865,-124.734,-286.456,-17.7735,-412.741,259.311,259.311,-159.513,-178.175,0,-125.732,-226.155,0,-148.48,314.342,314.342,203.997,-101.311,159.016,160.19,170.285,-27.1854,-35.4426,-173.749,40.6607,689.95,248.572,109.283,109.283,-23.4979,-204.959,-204.959,-9.824,-10.5962,516.633,0,-9.21485,-9.21485,0,-679.233,0,-178.064,0,153.987,0,-38.9363,63.914,40.5552,98.4353,98.4353,0,44.854,44.854,62.4209,0,2.03434,-736.666,-736.666,-736.666,0.754989,0,0,0,-54.2949,-54.2949,-54.2949,0,37.9203,8.80461,8.80461,1.95815,-726.267,5.41335,5.41335,-9.83127,-17.7929,-6.94624,49.1172,-24.8035,-24.5999,-12.1233,-2.17575e-12,-2.25395,0,292.446,292.446,292.446,0,0,0,0,-26.0018,-929.486,-60.8264,-60.8264,64.0191,772.399,-10.4375,-16.2396,0,-286.509,264.338,105.368,310.447,1923.13,1275.42,738.116,-108.862,-28.3151,-362.514,-362.514,-935.019,467.411,-155.217,-2792.93,-1638.66,-67.7755,-98.1781,-240.711,-1206.38,-436.08,-501.553,372.643,-350.013,-3554.64,3710.15,1631.92,-7979.86,-761.78,908.661,-701.372,-33.6693,-683.848,122.09,-250.846,-128.395,-57.1456,-130.438,-340.174,226.778,226.778,-236.988,-235.692,-235.692,-1022.48,-160.993,0,-342.39,64.5213,627.898,0,0
2020-08-05 19:00:00 UTC,276.083,132.545,-333.483,13.6063,13.6063,180.814,-74.887,-122.732,265.293,265.293,-791.912,-283.253,1301.03,48.2309,-134.67,-223.918,-645.409,-140.877,711.567,108.941,74.8843,198.636,198.636,341.238,451.311,150.421,23.6906,-17.9697,-8.83978,-201.974,118.691,118.691,292.84,167.806,167.806,451.927,-206.81,-263.523,1760.46,1760.46,-258.01,-569.537,-472.073,-249.049,-315.721,611.447,1674.91,1707.18,1697.17,-26.0874,163.33,163.33,-41.6385,79.5391,124.146,-12.3262,-12.3262,450.894,-194.991,-109.019,-301.221,313.627,188.474,-199.174,-199.174,5.1336,19.2582,-142.042,-142.042,-26.7162,-404.757,400.86,175.482,175.482,-4.42413,-4.42413,-2.20713,-2.59808,-4.02836,9.61769,3.22121,-24.5928,-0.0580767,-0.149002,1.34992,5.50056,-3.13141,-106.561,-106.561,-21.2367,-21.2367,-24.2312,-24.2312,110.171,110.171,110.171,-32.5997,-32.5997,5.36454,54.6981,16.0204,16.0204,-21.7971,-21.7971,114.635,24.478,274.567,15.5503,15.5503,228.072,228.072,228.072,-654.577,183.594,183.594,189.681,189.681,-9.33025,-58.5321,-58.5321,0.674067,0.674067,1077.07,1077.07,-665.435,-665.435,0,31.2345,319.745,124.738,-340.857,-340.857,257.386,-1218.47,-685.361,263.545,1076.3,1076.3,-185.46,-185.46,907.478,907.478,-71.3404,-180.197,-206.745,-676.422,-320.785,-320.785,208.094,208.094,208.094,-630.509,-630.509,903.587,-2.88318,-2.88318,-288.422,641.926,641.926,-576.125,326.207,-48.5055,0,-331.444,-203.607,938.717,651.735,651.735,104.614,-9.10185,18.9964,529.715,529.715,-6.81837,-32.5256,-32.5256,-1499.74,659.136,1717.66,-1458.94,-1489.58,-1466.05,2689.07,-677.007,521.402,-1193.58,-1217.65,-1165.58,1242.14,362.996,253.406,-749.12,-1925.14,-51.205,-2040.53,-5650.5,-3120.36,-3120.36,-168.413,2132.99,-237.008,-201.41,-177.541,120.789,-226.893,207.164,236.491,245.599,-254.172,-250.671,-255.108,248.114,-110.102,-110.102,221.068,-435.654,-435.654,1981.07,-277.122,-234.417,221.781,-192.462,-472.207,-801.998,-801.998,-268.455,-622.97,-687.023,-2458.84,951.336,-457.724,440.226,4.16225,-621.301,-836.543,-496.93,-493.658,-5.10331,858.556,936.526,-178.76,-149.959,-195.526,-80.7824,41.1288,-241.732,-122.478,-122.486,65.5439,-167.574,111.097,143.371,-24.456,677.444,653.339,734.088,707.204,107.187,107.187,65.7553,217.202,-40.7927,-40.7927,-148.597,-148.597,367.666,367.666,-168.362,-77.3387,55.3685,286.888,-526.18,3737.5,3368.54,-5696.39,93.6174,-1569.4,453.073,466.377,-282.022,-282.022,-168.246,-168.246,-92.1344,-353.769,718.469,-0.609805,-65.7731,-65.7731,-119.304,-199.904,-198.796,-74.4949,-48.0203,-48.0203,-88.8122,-87.6245,-277.323,-277.323,-317.277,-126.841,-296.375,-30.7647,-442.421,268.028,268.028,-165.418,-184.94,0,-125.078,-226.215,0,-154.263,314.893,314.893,214.062,-111.161,165.497,166.71,176.654,-31.1835,-38.5911,-176.642,40.1399,694.298,252.31,112.017,112.017,-21.9687,-204.314,-204.314,-10.4616,-11.2394,508.018,0,-2.0391,-2.0391,0,-698.549,0,-178.617,0,153.195,0,-39.0995,55.4641,39.6973,100.987,100.987,0,44.4146,44.4146,65.4525,0,2.32568,-788.539,-788.539,-788.539,0.848163,0,0,0,-58.9314,-58.9314,-58.9314,0,36.9503,7.63044,7.63044,-0.0387182,-751.823,4.42413,4.42413,-10.7856,-19.43,-7.67869,50.8974,-25.7288,-25.519,-12.6173,0,-4.72198,0,294.389,294.389,294.389,0,0,0,0,-28.1809,-974.107,-60.2726,-60.2726,31.0363,808.615,-24.1937,-36.3904,0,-314.389,266.767,108.852,268.216,2005.83,1295.1,756.216,-119.02,-30.4984,-373.356,-373.356,-969.674,503.652,-162.487,-2948.44,-1679.31,-69.0243,-100.053,-245.325,-1220.36,-445.767,-511.765,380.568,-358.477,-3614.23,3719.64,1637.07,-8046.12,-795.463,911.085,-696.038,-39.2664,-707.314,122.317,-255.248,-133.679,-26.5457,-138.174,-344.516,235.694,235.694,-251.644,-235.927,-235.927,-1058.17,-175.701,0,-338.559,63.424,635.205,0,0
2020-08-05 20:00:00 UTC,275.658,131.216,-320.918,9.51711,9.51711,192.511,-71.9164,-116.496,249.542,249.542,-807.789,-291.355,1325.21,46.1733,-139.411,-224.295,-658.643,-143.668,728.655,112.483,84.1841,204.896,204.896,347.496,448.777,149.838,24.2969,-18.4316,-4.99185,-206.316,121.417,121.417,298.818,170.86,170.86,463.789,-213.864,-272.654,1828.79,1828.79,-266.43,-582.238,-479.016,-252.453,-326.886,642.483,1735.92,1769.25,1759.43,-27.0565,168.628,168.628,-42.6468,82.3028,130.05,-12.3854,-12.3854,467.539,-199.385,-113.018,-307.477,325.159,195.837,-201.715,-201.715,5.00939,18.448,-142.092,-142.092,-26.5344,-410.197,409.927,178.171,178.171,-3.94705,-3.94705,-2.2237,-2.59089,-4.13319,9.9472,3.04722,-25.4039,-0.0489735,-0.140343,1.49263,5.72793,-2.95202,-109.398,-109.398,-22.3689,-22.3689,-25.5037,-25.5037,113.101,113.101,113.101,-32.0859,-32.0859,6.46538,56.6618,16.1268,16.1268,-22.3254,-22.3254,119.15,25.0983,279.683,15.4357,15.4357,233.045,233.045,233.045,-669.389,186.654,186.654,193.827,193.827,-8.90146,-60.2746,-60.2746,0.317,0.317,1105.06,1105.06,-678.441,-678.441,0,32.0084,327.443,126.719,-347.357,-347.357,263.545,-1243.63,-699.978,270.806,1104.53,1104.53,-190.65,-190.65,931.014,931.014,-72.9154,-183.469,-218.585,-667.391,-328.865,-328.865,214.171,214.171,214.171,-647.494,-647.494,926.414,-2.88318,-2.88318,-296.047,662.452,662.452,-586.58,338.736,-44.3758,0,-336.777,-201.444,973.804,672.636,672.636,106.998,-8.62105,20.5247,542.665,542.665,2.02834,-26.9509,-26.9509,-1547.72,691.802,1779.58,-1505.87,-1537.48,-1513.33,2802.53,-699.681,537.673,-1223.85,-1248.46,-1193.97,1266.58,383.968,270.37,-767.635,-1952.84,-51.886,-2069.57,-5745.32,-3174.63,-3174.63,-166.37,2199.38,-242.521,-200.451,-179.582,120.927,-230.855,210.311,241.212,250.512,-258.073,-254.55,-259.025,253.105,-114.169,-114.169,225.171,-440.05,-440.05,2032.7,-286.046,-238.908,225.751,-195.584,-476.942,-815.585,-815.585,-268.196,-627.462,-692.079,-2476.47,953.831,-463.169,445.389,3.8798,-634.019,-846.572,-502.85,-499.549,-4.97735,868.239,947.063,-180.38,-151.44,-197.241,-81.4315,41.3698,-245.592,-123.702,-123.711,66.3259,-172.323,112.252,144.793,-23.1025,683.192,658.574,740.236,712.779,108.043,108.043,66.8357,219.634,-40.8608,-40.8608,-149.417,-149.417,371.517,371.517,-173.537,-78.3749,55.6424,289.699,-527.378,3781.01,3404.31,-5726.74,95.1667,-1589.09,464.042,474.491,-288.788,-288.788,-173.916,-173.916,-87.4816,-357.609,736.432,0.27511,-68.4507,-68.4507,-121.512,-202.559,-217.611,-75.3217,-49.8715,-49.8715,-91.8696,-90.6373,-281.452,-281.452,-320.984,-127.924,-302.212,-38.967,-459.954,272.887,272.887,-168.832,-188.861,0,-124.091,-225.474,0,-157.794,314.344,314.344,220.016,-117.303,169.575,170.812,180.25,-33.3229,-40.1866,-178.171,39.5876,696.413,254.634,113.65,113.65,-21.1351,-203.437,-203.437,-10.9256,-11.7094,503.441,0,2.38825,2.38825,0,-709.628,0,-181.192,0,152.59,0,-39.2438,48.3012,38.9955,103.158,103.158,0,44.0432,44.0432,67.9781,0,2.47565,-821.11,-821.11,-821.11,0.909299,0,0,0,-61.5569,-61.5569,-61.5569,0,36.6534,7.03282,7.03282,-0.999305,-766.269,3.94705,3.94705,-11.4537,-20.1978,-8.33034,50.6014,-26.3193,-26.1053,-12.3407,2.27253e-09,-3.43574,0,295.325,295.325,295.325,0,0,0,0,-29.8415,-1002.03,-59.8346,-59.8346,9.58808,830.851,-33.5512,-50.0914,0,-329.921,267.373,110.953,239.61,2056.61,1305.63,767.363,-125.455,-32.0255,-380.076,-380.076,-990.668,526.711,-166.745,-3043.95,-1701.99,-69.6894,-101.05,-247.781,-1227.24,-451.351,-518.462,385.036,-363.354,-3641.84,3733.5,1644.65,-8090.9,-816.42,915.987,-691.915,-42.7229,-721.985,122.944,-258.38,-136.493,-9.2484,-142.944,-346.982,241.151,241.151,-261.345,-235.486,-235.486,-1078.64,-185.842,0,-334.33,62.5282,638.839,0,0
2020-08-05 21:00:00 UTC,278.209,131.674,-305.698,3.64386,3.64386,203.979,-68.1673,-108.739,255.973,255.973,-824.025,-298.774,1350.64,45.5417,-143.377,-225.684,-671.752,-146.43,745.477,115.66,91.9045,211.584,211.584,356.352,452.708,151.302,25.0011,-18.9559,-2.35293,-211.477,124.396,124.396,304.287,173.16,173.16,475.369,-218.576,-278.758,1879.48,1879.48,-272.299,-592.667,-485.837,-255.784,-335.154,666.57,1780.36,1814.47,1804.81,-27.4885,172.596,172.596,-43.4775,84.1091,132.514,-12.6159,-12.6159,478.799,-204.244,-116.055,-311.94,332.891,200.788,-203.351,-203.351,5.21369,18.6379,-142.912,-142.912,-26.8424,-416.04,416.484,179.371,179.371,-3.87023,-3.87023,-2.26849,-2.62904,-4.20656,10.1898,3.09525,-25.8663,-0.0424781,-0.134182,1.55349,5.85396,-2.89456,-111.977,-111.977,-22.8397,-22.8397,-26.0315,-26.0315,115.635,115.635,115.635,-32.0962,-32.0962,6.81058,57.7785,16.371,16.371,-22.7279,-22.7279,122.762,25.53,284.753,15.1392,15.1392,236.437,236.437,236.437,-679.924,188.528,188.528,196.424,196.424,-8.35543,-60.7826,-60.7826,0.185377,0.185377,1122.49,1122.49,-687.477,-687.477,0,32.2189,332.628,129.268,-352.23,-352.23,268.28,-1261.4,-710.318,276.276,1122.06,1122.06,-192.99,-192.99,945.038,945.038,-74.1396,-186.085,-227.003,-661.291,-334.851,-334.851,218.962,218.962,218.962,-660,-660,939.964,-2.88318,-2.88318,-302.151,677.622,677.622,-594.138,348.325,-40.5307,0,-340.177,-199.371,999.803,687.838,687.838,108.153,-9.01442,21.0329,552.053,552.053,8.81256,-22.6596,-22.6596,-1582.65,715.939,1824.88,-1539.93,-1572.23,-1547.65,2886.04,-716.24,549.84,-1245.59,-1270.6,-1214.36,1283.75,399.053,283.126,-780.322,-1971.92,-52.2477,-2090,-5812.65,-3213.22,-3213.22,-165,2243.7,-244.614,-199.569,-181.79,119.637,-233.645,212.458,244.515,253.951,-261.022,-257.475,-261.986,256.584,-116.92,-116.92,228.015,-442.712,-442.712,2066.95,-290.468,-242.652,228.507,-198.513,-480.329,-824.283,-824.283,-267.937,-630.404,-695.416,-2488.92,956.427,-466.966,449.049,3.90421,-643.069,-854.262,-507.387,-504.066,-5.09208,875.056,954.491,-181.573,-152.542,-198.545,-81.8914,41.4102,-248.028,-124.572,-124.58,66.7967,-175.627,113.073,145.804,-22.4544,687.071,662.071,744.388,716.505,108.784,108.784,67.5596,221.435,-40.9186,-40.9186,-150.139,-150.139,374.309,374.309,-176.672,-78.9165,55.9967,291.952,-528.37,3812.01,3430.64,-5751.91,96.4486,-1603.62,471.65,480.25,-293.403,-293.403,-178.398,-178.398,-84.0484,-360.305,749.117,0.851663,-70.3683,-70.3683,-122.873,-205.385,-227.484,-75.655,-51.3207,-51.3207,-94.2602,-92.9928,-284.446,-284.446,-323.657,-128.716,-306.595,-46.5461,-473.846,276.006,276.006,-171.25,-191.665,0,-122.33,-223.549,0,-160.415,312.521,312.521,224.507,-122.99,172.63,173.886,182.723,-35.071,-41.4106,-178.946,38.6912,698.275,257.609,114.909,114.909,-21.4964,-204.942,-204.942,-11.5172,-12.3118,500.413,0,8.36199,8.36199,0,-718.977,0,-183.412,0,154.105,0,-39.4237,44.3175,38.9494,105.738,105.738,0,44.1091,44.1091,70.0592,0,2.5552,-844.877,-844.877,-844.877,0.963668,0,0,0,-63.2588,-63.2588,-63.2588,0,37.1503,7.00104,7.00104,-1.15364,-775.226,3.87023,3.87023,-11.7247,-20.5961,-8.62401,50.2754,-26.8313,-26.6132,-11.9966,0,-1.79813,0,296.098,296.098,296.098,0,0,0,0,-29.5726,-1022.21,-59.5233,-59.5233,-6.21473,847.021,-40.7776,-60.6678,0,-340.415,267.677,112.419,217.414,2091.3,1313.38,775.998,-129.938,-32.5376,-385.057,-385.057,-1006.07,541.709,-170.016,-3113.29,-1718.57,-70.1618,-101.758,-249.524,-1231.74,-455.682,-524.401,388.055,-368.237,-3658.6,3743.74,1650.31,-8128.06,-831.422,920.708,-688.97,-45.0512,-732.473,124.208,-261.462,-138.349,0.744732,-146.227,-348.009,245.031,245.031,-268.68,-233.795,-233.795,-1093.42,-195.723,0,-327.208,62.0547,641.95,0,0
2020-08-05 22:00:00 UTC,275.013,129.681,-292.708,1.6611,1.6611,205.621,-65.3423,-102.965,247.921,247.921,-826.151,-298.96,1351.12,39.2982,-143.635,-227.023,-668.451,-145.735,749.17,116.809,94.4198,212.509,212.509,358.639,451.742,151.097,25.2223,-19.1218,-0.95877,-213.041,125.002,125.002,303.779,172.053,172.053,476.636,-218.343,-278.457,1879.31,1879.31,-272.518,-593.631,-486.363,-256.072,-336.295,670.685,1780.08,1814.17,1804.56,-27.1388,172.781,172.781,-43.3551,83.8614,130.911,-12.7312,-12.7312,477.892,-205.745,-116.622,-310.44,332.466,200.515,-201.25,-201.25,5.36454,18.9642,-143.26,-143.26,-27.0574,-416.439,414.938,176.983,176.983,-3.96348,-3.96348,-2.29792,-2.66218,-4.20656,10.2029,3.25393,-25.767,-0.0311014,-0.123471,1.54881,5.83528,-2.90897,-112.624,-112.624,-22.5712,-22.5712,-25.7254,-25.7254,116.036,116.036,116.036,-32.0947,-32.0947,6.57827,57.5636,16.4858,16.4858,-22.7611,-22.7611,123.674,25.4898,285.114,14.4757,14.4757,235.837,235.837,235.837,-679.301,187.212,187.212,195.612,195.612,-7.79042,-60.4057,-60.4057,0.562248,0.562248,1120.77,1120.77,-687.159,-687.159,0,32.2167,332.846,129.804,-352.238,-352.238,268.5,-1260.43,-709.754,277.008,1120.07,1120.07,-192.683,-192.683,942.971,942.971,-74.0293,-186.113,-227.337,-660.822,-335.419,-335.419,219.822,219.822,219.822,-660.647,-660.647,937.574,-2.88318,-2.88318,-303.526,678.867,678.867,-594.561,350.209,-38.1759,0,-339.447,-198.339,1002.43,688.605,688.605,107.147,-10.1412,21.1952,551.897,551.897,9.30206,-22.3154,-22.3154,-1582.91,716.685,1825.1,-1539.91,-1572.2,-1547.68,2888.42,-716.907,549.984,-1245.87,-1270.87,-1214.72,1283.65,399.383,284.846,-779.274,-1969.44,-52.1952,-2087.64,-5807.1,-3209.67,-3209.67,-164.655,2239.94,-241.739,-198.723,-183.111,116.549,-233.475,212.148,244.225,253.647,-260.841,-257.298,-261.804,256.271,-116.598,-116.598,227.75,-441.791,-441.791,2062.84,-287.774,-242.903,228.25,-200.077,-480.019,-823.289,-823.289,-267.579,-629.585,-694.52,-2484.36,955.077,-466.738,448.235,3.97608,-642.124,-853.655,-507.024,-503.708,-5.16558,873.705,953.033,-181.517,-152.531,-198.395,-81.7705,40.9856,-246.385,-124.434,-124.442,66.468,-175.194,112.943,145.644,-20.9548,686.123,661.176,743.38,715.555,108.89,108.89,67.9946,222.686,-40.8618,-40.8618,-150.23,-150.23,373.607,373.607,-174.249,-78.8156,54.8151,291.834,-527.856,3808.34,3425.45,-5736.13,96.5749,-1595.07,468.745,479.48,-291.258,-291.258,-177.608,-177.608,-83.9343,-359.588,746.475,0.474178,-70.3878,-70.3878,-121.721,-208.241,-211.296,-74.1342,-51.5796,-51.5796,-94.0434,-92.7792,-284.126,-284.126,-323.319,-128.541,-306.238,-47.3073,-471.466,274.039,274.039,-170.381,-190.715,0,-120.734,-221.546,0,-159.6,309.805,309.805,223.31,-122.904,171.258,172.503,181.723,-35.6953,-41.6787,-177.416,37.6529,696.952,259.551,114.937,114.937,-23.0917,-202.347,-202.347,-11.6848,-12.4802,497.594,0,10.2307,10.2307,0,-709.363,0,-191.351,0,153.892,0,-39.4791,42.0522,38.6736,106.521,106.521,0,43.9682,43.9682,70.9526,0,2.50856,-844.733,-844.733,-844.733,0.973564,0,0,0,-63.0406,-63.0406,-63.0406,0,37.5053,7.13239,7.13239,-0.965866,-768.904,3.96348,3.96348,-11.5613,-20.6445,-8.52326,49.7114,-26.9647,-26.7454,-11.4529,0,-0.10394,0,296.053,296.053,296.053,0,0,0,0,-30.0212,-1022.24,-59.428,-59.428,-7.12248,847.042,-41.5764,-61.8246,0,-340.713,266.868,112.323,216.69,2088.36,1312.06,777.484,-129.772,-32.6983,-385.364,-385.364,-1005.1,540.108,-169.955,-3110.19,-1717.63,-70.0873,-101.646,-249.248,-1229.49,-457.932,-527.907,389.608,-370.569,-3646.38,3727.35,1641.59,-8104.65,-829.665,931.237,-686.545,-44.0557,-730.998,126.546,-264.383,-136.859,-13.9319,-145.095,-348.166,244.66,244.66,-268.589,-231.51,-231.51,-1084.76,-197.271,0,-318.442,62.3897,642.155,0,0
2020-08-05 23:00:00 UTC,268.472,126.786,-281.471,2.9333,2.9333,197.687,-62.9486,-98.4287,240.374,240.374,-811.617,-291.509,1325.01,32.5501,-139.873,-227.055,-650.945,-142.045,736.203,114.856,90.205,207.705,207.705,353.779,445.015,149.029,24.9207,-18.9036,-0.853965,-210.737,123.077,123.077,297.01,167.425,167.425,466.899,-212.362,-270.709,1818.91,1818.91,-266.315,-582.671,-479.749,-252.884,-329.569,654.045,1726.55,1759.7,1749.98,-25.8413,168.48,168.48,-42.3243,81.1607,123.91,-12.804,-12.804,462.348,-203.91,-114.129,-302.526,321.975,193.802,-195.526,-195.526,5.55107,19.7241,-143.315,-143.315,-27.311,-410.953,403.626,170.545,170.545,-4.38572,-4.38572,-2.32196,-2.69944,-4.11824,9.93741,3.54288,-24.873,-0.0417991,-0.13364,1.40924,5.58812,-2.97408,-110.941,-110.941,-21.3071,-21.3071,-24.2916,-24.2916,113.928,113.928,113.928,-31.871,-31.871,5.44127,55.4583,16.465,16.465,-22.2523,-22.2523,121.55,24.8054,280.156,13.3464,13.3464,230.798,230.798,230.798,-666.485,182.45,182.45,191.512,191.512,-7.05344,-59.0399,-59.0399,1.83153,1.83153,1096.81,1096.81,-676.183,-676.183,0,32.1556,327.46,128.501,-346.696,-346.696,263.283,-1238.36,-696.91,272.461,1095.26,1095.26,-188.979,-188.979,922.17,922.17,-72.7849,-183.267,-217.985,-667.872,-329.419,-329.419,215.806,215.806,215.806,-647.58,-647.58,916.365,-2.88318,-2.88318,-299.58,663.85,663.85,-586.641,343.032,-37.3622,0,-333.678,-198.207,977.531,672.627,672.627,103.549,-11.9393,20.3434,540.41,540.41,2.34253,-26.6482,-26.6482,-1542.02,689.586,1771.81,-1499.29,-1530.72,-1506.84,2794.25,-698.721,536.105,-1220.55,-1245.08,-1191.22,1263.18,382.078,272.535,-762.691,-1943.47,-51.6474,-2060.53,-5723.03,-3161,-3161,-165.652,2180.4,-232.885,-198.019,-183.524,111.779,-229.884,209.239,239.923,249.166,-257.38,-253.863,-258.33,251.714,-112.743,-112.743,224,-436.873,-436.873,2014.36,-276.568,-239.323,224.621,-200.106,-475.935,-811.121,-811.121,-267.414,-625.015,-689.412,-2465.08,951.604,-461.205,442.367,3.95545,-627.927,-845.274,-502.074,-498.784,-4.87634,864.395,942.92,-180.661,-151.798,-197.31,-81.1478,39.8095,-239.685,-123.505,-123.513,65.1314,-169.584,112.066,144.565,-19.158,680.407,655.928,737.275,709.972,109.046,109.046,68.2159,224.501,-41.1218,-41.1218,-150.618,-150.618,370,370,-163.724,-78.08,54.327,290.614,-527.82,3773.25,3393,-5735.23,97.1481,-1562.55,452.99,470.438,-281,-281,-170.724,-170.724,-89.1434,-354.336,721.944,-1.03728,-67.3012,-67.3012,-117.015,-210.069,-165.22,-70.5119,-50.1233,-50.1233,-90.5119,-89.2994,-279.65,-279.65,-319.169,-127.132,-299.906,-40.8378,-450.642,266.314,266.314,-165.833,-185.576,0,-118.492,-218.395,0,-155.174,305.666,305.666,215.916,-117.613,165.694,166.902,176.722,-34.2716,-40.2413,-173.202,35.6994,693.688,260.825,113.623,113.623,-26.4143,-197.629,-197.629,-11.5448,-12.3376,498.165,0,8.89142,8.89142,0,-687.928,0,-198.361,0,151.751,0,-39.3957,42.8421,38.0306,105.369,105.369,0,43.6031,43.6031,70.6232,0,2.31506,-816.093,-816.093,-816.093,0.932218,0,0,0,-60.3019,-60.3019,-60.3019,0,37.9328,7.6307,7.6307,-0.11551,-744.715,4.38572,4.38572,-10.7772,-19.7973,-7.93532,48.1591,-26.5771,-26.3604,-10.7026,0,2.10537,0,295.286,295.286,295.286,0,0,0,0,-29.7237,-998.216,-59.6224,-59.6224,10.0784,828.004,-34.8094,-51.8923,0,-328.303,265.594,110.387,240.699,2043.19,1301.54,771.478,-124.371,-31.8438,-380.102,-380.102,-986.614,519.337,-164.82,-3029.12,-1700.26,-69.5827,-100.889,-247.385,-1219.74,-460.004,-530.774,390.929,-371.535,-3606.86,3716.9,1635.97,-8103.09,-805.651,943.367,-687.585,-38.9252,-711.521,129.435,-265.79,-131.612,-56.9272,-137.799,-346.181,239.236,239.236,-259.226,-227.914,-227.914,-1056.51,-190.653,0,-302.444,63.5672,639.561,0,0
2020-08-06 00:00:00 UTC,259.839,124.086,-291.15,9.85788,9.85788,176.899,-65.9796,-104.971,239.437,239.437,-776.024,-273.329,1265.26,24.8727,-130.038,-226.325,-613.111,-134.054,701.483,108.853,76.7058,195.103,195.103,338.808,428.53,143.827,23.9125,-18.1612,-1.97988,-203.099,117.705,117.705,281.838,158.103,158.103,442.268,-199.726,-254.364,1691.08,1691.08,-252.427,-557.521,-463.832,-245.124,-313.239,611.72,1613.1,1644.24,1634.3,-23.6012,159.023,159.023,-40.0149,75.7778,112.131,-12.6464,-12.6464,430.89,-196.917,-108.295,-285.669,300.703,180.252,-183.873,-183.873,5.5552,20.3611,-142.215,-142.215,-27.2544,-397.553,382.684,159.812,159.812,-4.94384,-4.94384,-2.31564,-2.71324,-3.93235,9.35637,3.90083,-23.2408,-0.0482875,-0.139905,1.19075,5.1514,-3.07906,-106.378,-106.378,-19.1677,-19.1677,-21.868,-21.868,108.737,108.737,108.737,-31.298,-31.298,3.68092,51.6043,16.1771,16.1771,-21.2048,-21.2048,115.749,23.4641,268.431,12.3999,12.3999,220.777,220.777,220.777,-638.453,174.204,174.204,183.017,183.017,-6.98492,-56.185,-56.185,3.56829,3.56829,1046.61,1046.61,-652.293,-652.293,0,31.5228,314.789,124.551,-334.593,-334.593,251.933,-1190.23,-668.981,260.855,1043.9,1043.9,-181.078,-181.078,879.406,879.406,-69.8699,-176.923,-197.305,-682.114,-315.214,-315.214,205.949,205.949,205.949,-617.941,-617.941,873.794,-2.88318,-2.88318,-288.811,629.421,629.421,-568.057,324.756,-38.7492,0,-321.77,-199.247,919.991,636.646,636.646,96.9239,-14.7213,18.0413,516.917,516.917,-12.2721,-35.7011,-35.7011,-1453.64,631.315,1657.88,-1412.03,-1441.65,-1419.06,2590.99,-658.661,505.916,-1164.33,-1187.82,-1138.57,1217.72,344.953,243.87,-728.508,-1889.52,-50.3827,-2003.54,-5543.55,-3057.55,-3057.55,-168.483,2056.7,-217.617,-197.941,-181.949,106.102,-221.995,203.373,230.82,239.689,-249.948,-246.483,-250.867,242.086,-104.896,-104.896,216.06,-427.273,-427.273,1915.56,-255.631,-231.084,216.927,-197.399,-466.772,-785.011,-785.011,-267.088,-615.593,-678.841,-2424.48,944.644,-449.802,431.014,4.04389,-601.18,-826.192,-490.806,-487.573,-4.57494,844.729,921.535,-178.088,-149.574,-194.545,-79.8305,37.8792,-229.282,-121.184,-121.192,62.674,-159.562,109.875,141.848,-18.6312,668.506,645.039,724.549,698.376,108.481,108.481,67.4745,224.284,-41.287,-41.287,-150.254,-150.254,362.183,362.183,-148.39,-76.3617,52.706,286.77,-526.259,3692.93,3320.06,-5693.49,96.563,-1508.01,425.286,453.164,-263.484,-263.484,-157.633,-157.633,-98.8153,-344.971,682.084,-3.34129,-61.4237,-61.4237,-110.065,-209.883,-106.879,-66.4705,-46.1502,-46.1502,-83.1166,-82.0122,-270.846,-270.846,-310.796,-124.202,-287.157,-26.505,-408.989,251.146,251.146,-156.351,-174.795,0,-115.827,-213.145,0,-145.779,297.785,297.785,200.797,-105.125,155.627,156.771,166.44,-29.2294,-35.8971,-167.57,34.9247,687.989,260.429,110.694,110.694,-31.0904,-191.963,-191.963,-10.6179,-11.3865,496.535,0,1.23804,1.23804,0,-644.885,0,-205.479,0,146.372,0,-39.1299,46.6673,36.6641,101.55,101.55,0,42.7549,42.7549,68.7934,0,1.97652,-755.865,-755.865,-755.865,0.830678,0,0,0,-55.0406,-55.0406,-55.0406,0,37.8834,8.20727,8.20727,1.01005,-702.308,4.94384,4.94384,-9.45287,-18.4905,-6.89806,45.9469,-25.5865,-25.3771,-10.1515,0,2.31077,0,293.14,293.14,293.14,0,0,0,0,-27.7658,-949.705,-59.7906,-59.7906,45.6248,786.786,-19.9352,-30.0818,0,-301.892,262.333,106.286,290.124,1948.53,1278.73,754.698,-112.903,-29.5406,-368.528,-368.528,-947.395,477.28,-155.126,-2855.58,-1658.54,-68.3136,-98.9975,-242.73,-1197.37,-457.581,-527.683,388.346,-369.597,-3523.8,3673.83,1612.75,-8041.01,-761.517,951.51,-692.445,-30.3183,-679.868,132.204,-264.528,-123.396,-108.569,-126.407,-341.649,228.6,228.6,-240.995,-222.984,-222.984,-999.979,-172.802,0,-296.032,65.353,632.604,0,0
2020-08-06 01:00:00 UTC,248.42,120.832,-304.74,19.2058,19.2058,147.73,-70.1452,-113.903,242.64,242.64,-722.457,-247.831,1178.2,18.6812,-116.414,-222.913,-562.426,-123.315,649.353,99.535,57.0999,177.36,177.36,316.432,404.849,136.292,22.3885,-17.0166,-4.00356,-191.402,109.706,109.706,259.872,144.791,144.791,406.888,-181.488,-230.828,1509.09,1509.09,-231.94,-518.828,-439.581,-233.215,-288.903,551.092,1449.47,1477.7,1467.57,-20.4842,145.116,145.116,-37.0196,68.0299,94.6924,-12.4939,-12.4939,385.729,-187.226,-99.6575,-262.541,269.612,160.609,-168.57,-168.57,5.63106,21.4902,-140.192,-140.192,-27.2249,-377.394,352.454,146.114,146.114,-5.86814,-5.86814,-2.3065,-2.73025,-3.65664,8.49032,4.39539,-20.7741,-0.0651219,-0.155999,0.840803,4.4847,-3.20068,-99.3527,-99.3527,-16.0037,-16.0037,-18.2811,-18.2811,100.965,100.965,100.965,-30.3146,-30.3146,0.9553,45.7598,15.7094,15.7094,-19.5862,-19.5862,106.925,21.4499,250.963,10.7889,10.7889,205.246,205.246,205.246,-595.452,161.495,161.495,170.136,170.136,-6.49378,-52.0028,-52.0028,5.89249,5.89249,969.925,969.925,-614.739,-614.739,0,30.4757,295.163,118.042,-315.466,-315.466,234.471,-1115.45,-625.77,243.213,965.699,965.699,-169.151,-169.151,814.231,814.231,-65.502,-166.856,-166.538,-698.585,-293.51,-293.51,190.991,190.991,190.991,-572.336,-572.336,808.779,-2.88318,-2.88318,-271.111,576.923,576.923,-537.897,295.839,-42.149,0,-303.362,-199.838,832.857,582.117,582.117,87.0418,-18.3006,14.3711,480.8,480.8,-31.3869,-47.2921,-47.2921,-1323.44,548.421,1492.76,-1283.92,-1310.9,-1290.15,2298.02,-599.112,461.849,-1078.33,-1100.21,-1057.34,1145.82,291.522,201.642,-677.619,-1805.59,-47.8619,-1913.88,-5258.8,-2893.81,-2893.81,-172.374,1873.02,-195.303,-197.515,-176.541,102.217,-209.539,194.298,216.732,225.028,-237.996,-234.617,-238.866,227.198,-93.3072,-93.3072,203.711,-413.205,-413.205,1766.46,-225.032,-218,204.933,-189.915,-451.471,-743.769,-743.769,-265.269,-599.457,-660.755,-2354.54,928.485,-431.399,412.792,4.10438,-561.606,-794.08,-471.835,-468.705,-4.24262,811.781,885.696,-173.12,-145.302,-189.247,-77.5812,35.4081,-214.253,-117.103,-117.111,59.2322,-145.351,106.026,137.009,-18.6695,648.304,626.497,702.926,678.605,106.444,106.444,65.6285,221.166,-41.3029,-41.3029,-148.521,-148.521,348.732,348.732,-127.83,-73.4863,50.9543,278.617,-522.989,3555.08,3194.62,-5610.87,93.2139,-1428.56,385.06,426.724,-237.982,-237.982,-138.571,-138.571,-111.766,-331.751,624.846,-6.36986,-53.5956,-53.5956,-99.144,-206.914,-27.7226,-59.743,-40.6478,-40.6478,-72.9912,-72.034,-257.346,-257.346,-297.467,-119.367,-267.937,-5.28214,-350.819,230.98,230.98,-143.512,-160.179,0,-113.272,-207.507,0,-133.393,289.985,289.985,180.062,-86.9974,141.837,142.894,152.415,-22.1744,-29.9002,-159.336,34.1979,676.179,257.754,105.668,105.668,-37.4454,-184.626,-184.626,-9.33135,-10.0655,493.246,0,-9.09683,-9.09683,0,-587.934,0,-208.068,0,138.589,0,-38.7504,52.6247,34.7633,95.701,95.701,0,41.4576,41.4576,65.6732,0,1.54893,-670.017,-670.017,-670.017,0.689879,0,0,0,-47.8002,-47.8002,-47.8002,0,37.9301,9.21153,9.21153,2.87849,-644.683,5.86814,5.86814,-7.47319,-16.416,-5.3853,42.2982,-23.9629,-23.7655,-9.27266,0,3.78273,0,288.374,288.374,288.374,0,0,0,0,-24.4343,-876.106,-59.635,-59.635,92.4139,725.175,0.132166,-0.660383,0,-262.743,255.968,100.012,353.275,1805.03,1239.92,723.74,-95.4681,-25.8696,-349.606,-349.606,-885.773,416.216,-141.406,-2584.67,-1586.67,-66.0549,-95.6673,-234.541,-1155.92,-448.115,-516.157,380.66,-357.523,-3393.66,3630.06,1589.18,-7919.27,-697.955,958.85,-699.415,-18.4051,-633.751,134.034,-259.871,-111.425,-179.009,-112.12,-334.266,212.782,212.782,-214.937,-217.439,-217.439,-922.912,-147.129,0,-289.684,67.6193,617.632,0,0
2020-08-06 02:00:00 UTC,237.384,118.004,-318.937,27.8964,27.8964,117.308,-74.4285,-123.234,251.706,251.706,-663.831,-221.96,1085.89,17.4962,-102.811,-216.678,-513.701,-112.956,592.575,89.0792,36.2237,158.904,158.904,291.342,381.275,128.525,20.6339,-15.6633,-7.18128,-177.734,100.884,100.884,237.534,131.897,131.897,369.84,-162.38,-206.239,1322.76,1322.76,-209.725,-475.431,-412.538,-219.828,-261.868,486.233,1279.58,1304.75,1294.62,-17.4623,130.209,130.209,-34.3162,60.0184,76.4045,-12.3878,-12.3878,339.055,-177.098,-90.1858,-240.29,236.773,140.076,-155.061,-155.061,5.77121,22.8789,-137.384,-137.384,-27.2141,-355.187,321.65,134.265,134.265,-6.95649,-6.95649,-2.28968,-2.73886,-3.35749,7.54646,4.85932,-18.11,-0.0892347,-0.178973,0.442005,3.75732,-3.31113,-91.361,-91.361,-12.6419,-12.6419,-14.4694,-14.4694,92.4058,92.4058,92.4058,-29.2456,-29.2456,-2.0573,39.4079,15.1454,15.1454,-17.7832,-17.7832,96.8384,19.2802,231.993,9.37182,9.37182,188.678,188.678,188.678,-549.075,148.785,148.785,156.382,156.382,-6.10062,-47.6955,-47.6955,7.67353,7.67353,888.737,888.737,-573.061,-573.061,0,29.0617,273.555,110.788,-294.141,-294.141,215.724,-1033.36,-578.579,223.403,883.4,883.4,-156.017,-156.017,745.635,745.635,-60.635,-155.661,-134.225,-708.241,-269.67,-269.67,174.154,174.154,174.154,-522.015,-522.015,740.89,-2.88318,-2.88318,-250.776,520.442,520.442,-502.502,264.07,-45.8615,0,-282.299,-198.13,739.744,523.761,523.761,76.8385,-21.5649,10.2353,442.572,442.572,-48.0152,-56.9528,-56.9528,-1184.94,464.887,1320.55,-1148.1,-1172.27,-1153.49,1997.05,-536.293,414.258,-982.886,-1002.96,-966.407,1063.09,237.41,156.978,-624.503,-1712,-44.6146,-1812.65,-4939.87,-2710.67,-2710.67,-175.354,1682.22,-173.52,-196.302,-169.729,98.0544,-195.629,184.052,201.198,208.872,-224.36,-221.089,-225.176,210.811,-81.2501,-81.2501,190.018,-396.5,-396.5,1610.33,-194.322,-203.424,191.587,-180.661,-432.976,-697.092,-697.092,-261.859,-579.717,-638.656,-2269.7,905.658,-410.533,392.369,4.34843,-520.768,-755.824,-449.226,-446.223,-4.33575,772.73,843.207,-166.528,-139.658,-182.444,-74.8734,32.7602,-198.916,-111.914,-111.923,55.3899,-131.513,101.143,130.859,-20.1996,623.891,603.993,676.764,654.571,103.303,103.303,62.8431,214.862,-41.1078,-41.1078,-145.584,-145.584,332.452,332.452,-108.734,-69.9922,48.7394,267.959,-517.953,3383.86,3042.66,-5492.33,88.1232,-1342.84,343.802,398.577,-211.666,-211.666,-118.263,-118.263,-123.511,-318.671,567.82,-9.32946,-46.7059,-46.7059,-86.8281,-201.642,49.5528,-51.3175,-35.4221,-35.4221,-63.1025,-62.2885,-242.677,-242.677,-282.292,-113.565,-247.214,18.6161,-291.171,212.1,212.1,-131.309,-146.252,0,-112.342,-204.567,0,-121.602,285.751,285.751,159.754,-67.0526,128.535,129.508,139.163,-14.8076,-23.7746,-150.55,33.4762,661.185,251.477,99.841,99.841,-42.1758,-177.694,-177.694,-7.96679,-8.65997,485.591,0,-19.046,-19.046,0,-533.703,0,-202.297,0,130.579,0,-38.3491,58.0742,33.1519,88.8671,88.8671,0,40.043,40.043,61.3837,0,1.18076,-582.298,-582.298,-582.298,0.549231,0,0,0,-40.8018,-40.8018,-40.8018,0,38.0566,10.4453,10.4453,5.08561,-590.179,6.95649,6.95649,-5.35967,-14.088,-3.79179,38.3144,-22.0267,-21.8436,-8.59385,0,4.96086,0,280.822,280.822,280.822,0,0,0,0,-20.1879,-799.648,-58.8654,-58.8654,131.849,658.19,18.3878,26.1102,0,-225.912,246.799,92.9224,405.9,1652.35,1191.76,686.412,-77.2509,-21.7356,-328.778,-328.778,-817.422,355.404,-127.954,-2287.82,-1498.38,-63.18,-91.4331,-224.131,-1103.91,-432.041,-495.356,368.255,-337.394,-3231.38,3571.13,1557.47,-7744.73,-634.489,964.974,-704.47,-6.20367,-588.103,133.969,-253.5,-98.8151,-248.782,-100.408,-327.403,196.13,196.13,-188.884,-214.643,-214.643,-850.489,-119.592,0,-283.546,68.9482,596.657,0,0
2020-08-06 03:00:00 UTC,226.951,114.825,-325.046,32.756,32.756,94.3425,-76.7972,-128.631,254.223,254.223,-614.02,-202.728,1009.68,19.9137,-93.2866,-208.341,-478.825,-105.52,545.582,80.4126,20.71,145.468,145.468,271.582,365.14,123.006,19.2124,-14.5382,-10.4783,-166.505,93.8468,93.8468,220.43,122.275,122.275,340.662,-146.952,-186.436,1177.73,1177.73,-191.179,-439.131,-389.392,-208.293,-238.759,432.804,1146.01,1168.74,1158.8,-15.2886,118.038,118.038,-32.2114,53.7408,62.8576,-12.2042,-12.2042,302.606,-167.75,-82.1718,-222.52,210.888,124.053,-144.766,-144.766,5.78918,23.7771,-134.217,-134.217,-27.0098,-336.145,296.268,124.678,124.678,-7.7747,-7.7747,-2.24999,-2.7159,-3.11401,6.77311,5.10986,-16.033,-0.112021,-0.20064,0.127526,3.18786,-3.38259,-84.3086,-84.3086,-10.1461,-10.1461,-11.6408,-11.6408,85.1371,85.1371,85.1371,-28.388,-28.388,-4.31956,34.4351,14.5803,14.5803,-16.297,-16.297,87.8483,17.558,216.143,8.28243,8.28243,175.046,175.046,175.046,-510.635,137.958,137.958,145.17,145.17,-5.85952,-44.1252,-44.1252,9.21507,9.21507,822.737,822.737,-538.441,-538.441,0,27.927,255.573,104.144,-276.48,-276.48,200.034,-964.988,-539.458,207.319,816.462,816.462,-145.599,-145.599,689.93,689.93,-57.0419,-146.408,-109.08,-709.898,-250.199,-250.199,160.846,160.846,160.846,-481.145,-481.145,685.463,-2.88318,-2.88318,-232.438,474.177,474.177,-470.766,238.384,-48.4194,0,-264.272,-194.364,666.905,476.668,476.668,70.3107,-22.0019,6.91009,410.42,410.42,-58.4116,-62.5367,-62.5367,-1073.52,401.737,1184.61,-1039.24,-1061.14,-1043.97,1764.45,-485.873,375.844,-903.286,-921.821,-890.026,992.556,196.5,121.456,-582.192,-1632.37,-41.5364,-1725.87,-4668.02,-2554.81,-2554.81,-175.693,1535.97,-160.511,-193.998,-162.496,95.3193,-184.374,174.858,188.349,195.517,-212.468,-209.307,-213.237,197.301,-72.4126,-72.4126,178.664,-381.31,-381.31,1488.36,-174.661,-191.044,180.473,-171.651,-415.559,-658.227,-658.227,-257.813,-561.508,-618.28,-2190.54,879.653,-391.625,374.287,4.23366,-486.351,-720.913,-428.591,-425.707,-4.2311,737.629,804.996,-160.249,-134.265,-175.864,-72.3555,30.6962,-185.728,-107.114,-107.122,52.16,-120.478,96.6345,125.18,-21.7735,601.596,583.366,652.835,632.503,99.9017,99.9017,60.0487,207.764,-40.5947,-40.5947,-142.16,-142.16,317.457,317.457,-93.5026,-66.6675,44.3695,257.36,-510.775,3228.68,2903.53,-5328.5,82.7618,-1272.24,309.36,374.216,-189.677,-189.677,-102.002,-102.002,-132.442,-308.049,521.511,-11.7525,-41.4943,-41.4943,-75.673,-197.034,113.976,-43.2931,-31.3972,-31.3972,-55.3194,-54.6177,-229.816,-229.816,-268.576,-108.234,-229.694,36.3646,-244.768,196.718,196.718,-121.439,-135.004,0,-110.804,-201.028,0,-111.998,280.352,280.352,143.626,-51.4749,117.872,118.776,128.471,-9.17081,-19.0007,-142.694,32.4574,645.185,240.929,94.5239,94.5239,-42.4739,-170.888,-170.888,-6.866,-7.51685,470.801,0,-24.8938,-24.8938,0,-493.391,0,-190.49,0,124.895,0,-38.0528,62.0082,32.2845,83.2525,83.2525,0,38.9793,38.9793,57.3389,0,0.936462,-514.518,-514.518,-514.518,0.440732,0,0,0,-35.6085,-35.6085,-35.6085,0,37.8762,11.3671,11.3671,6.74972,-545.624,7.7747,7.7747,-3.80425,-12.2423,-2.59285,35.5283,-20.3127,-20.1425,-8.01896,0,5.68324,0,272.993,272.993,272.993,0,0,0,0,-16.2194,-735.854,-57.9009,-57.9009,155.605,602.867,30.3578,43.6745,0,-198.095,237.352,86.9366,436.155,1528.8,1147.24,651.912,-63,-18.4149,-310.559,-310.559,-760.005,309.483,-117.341,-2039.86,-1418.94,-60.5201,-87.5155,-214.501,-1058.61,-415.362,-474.788,355.178,-317.832,-3087.82,3467.02,1502.04,-7503.49,-582.501,967.278,-708.336,4.14337,-551.402,133.747,-248.203,-88.1696,-305.099,-92.0212,-322.009,182.167,182.167,-167.597,-211.098,-211.098,-791.947,-98.2506,0,-275.204,68.9151,574.29,0,0
2020-08-06 04:00:00 UTC,211.924,108.933,-319.6,34.6652,34.6652,74.6671,-76.8863,-129.332,246.515,246.515,-561.484,-183.83,928.181,20.279,-84.5465,-197.385,-442.005,-97.6509,497.715,72.0909,8.88545,131.729,131.729,250.517,344.597,116.059,17.7673,-13.3741,-12.7321,-154.783,86.5701,86.5701,202.596,112.149,112.149,311.055,-132.056,-167.357,1041.42,1041.42,-172.967,-402.882,-364.367,-195.763,-215.975,382.834,1019.76,1040.16,1030.54,-13.3736,106.256,106.256,-29.8269,47.8318,51.8183,-11.7823,-11.7823,268.628,-156.419,-74.1491,-203.961,186.976,109.383,-133.721,-133.721,5.48476,23.7207,-129.496,-129.496,-26.2575,-315.009,268.604,110.763,110.763,-8.23397,-8.23397,-2.17642,-2.64523,-2.88463,6.02998,5.13292,-14.1602,-0.152712,-0.239155,-0.144122,2.66663,-3.35783,-76.9945,-76.9945,-8.15253,-8.15253,-9.37831,-9.37831,77.7296,77.7296,77.7296,-27.0729,-27.0729,-5.95823,29.9744,13.8573,13.8573,-14.8179,-14.8179,78.9683,15.9018,199.372,7.39901,7.39901,161.794,161.794,161.794,-472.791,127.398,127.398,134.408,134.408,-5.83208,-40.8403,-40.8403,10.7353,10.7353,759.428,759.428,-504.335,-504.335,0,26.9402,238.011,97.2476,-259.01,-259.01,184.472,-897.251,-500.856,191.547,752.251,752.251,-135.758,-135.758,636.641,636.641,-53.7674,-137.255,-85.594,-706.19,-231.046,-231.046,147.931,147.931,147.931,-441.344,-441.344,632.335,-2.88318,-2.88318,-213.99,429.797,429.797,-437.819,213.987,-49.7351,0,-245.621,-188.595,598.598,431.894,431.894,64.7751,-21.2816,4.22382,376.864,376.864,-65.8292,-66.0142,-66.0142,-966.278,344.18,1055.94,-934.532,-954.26,-938.655,1548.31,-437.632,338.951,-824.11,-841.101,-813.618,921.188,159.232,87.5763,-542.043,-1552.39,-38.2763,-1638.09,-4397.68,-2400.17,-2400.17,-173.993,1398.94,-150.081,-190.008,-154.818,92.4183,-173.532,165.178,175.756,182.431,-200.503,-197.475,-201.226,184.084,-64.5083,-64.5083,167.484,-364.749,-364.749,1371.14,-158.555,-178.658,169.482,-162.602,-397.364,-619.384,-619.384,-251.949,-542.347,-596.876,-2109.96,850.084,-368.697,353.865,2.55284,-446.618,-686.035,-407.979,-405.211,-2.31325,701.987,766.19,-154.477,-129.289,-169.586,-69.8897,28.2992,-169.98,-102.544,-102.553,48.6222,-107.066,92.3523,119.793,-24.9415,578.448,561.846,627.963,609.447,97.0644,97.0644,56.8348,200.76,-40.404,-40.404,-139.541,-139.541,302.668,302.668,-73.4728,-62.6694,41.76,247.625,-504.94,3077.73,2766.15,-5202.41,78.5729,-1201.4,270.276,346.971,-164.994,-164.994,-86.0474,-86.0474,-143.795,-295.779,464.531,-14.1521,-34.5481,-34.5481,-61.5138,-190.597,187.016,-33.8889,-26.837,-26.837,-46.833,-46.2531,-215.189,-215.189,-252.673,-102.081,-210.997,48.2793,-198.805,176.768,176.768,-109.249,-121.209,0,-104.557,-189.802,0,-100.288,264.285,264.285,125.455,-38.587,105.523,106.346,115.082,-3.8086,-14.0076,-132.976,30.5104,627.909,228.363,89.1783,89.1783,-41.1187,-160.428,-160.428,-5.79839,-6.39744,446.414,0,-28.0163,-28.0163,0,-450.604,0,-178.009,0,117.749,0,-37.7717,63.1308,30.9436,77.3916,77.3916,0,37.4606,37.4606,53.4515,0,0.734736,-451.605,-451.605,-451.605,0.341563,0,0,0,-30.7699,-30.7699,-30.7699,0,36.8509,11.7712,11.7712,7.68508,-490.131,8.23397,8.23397,-2.54772,-10.3885,-1.65702,32.8527,-18.6052,-18.4482,-7.51372,0,5.76546,0,263.928,263.928,263.928,0,0,0,0,-12.895,-669.328,-56.6898,-56.6898,172.177,548.694,39.435,57.0085,0,-172.57,226.519,80.9372,455.549,1410.21,1099.55,617.503,-50.0443,-15.7327,-291.09,-291.09,-704.397,267.952,-104.29,-1799.93,-1343.36,-57.9914,-83.7868,-205.335,-1017.27,-398.999,-457.022,341.16,-300.697,-2950.07,3378.78,1455.26,-7317.96,-523.725,962.403,-716.05,15.2009,-503.841,132.703,-239.674,-76.4699,-366.157,-81.2205,-314.351,167.462,167.462,-144.747,-200.115,-200.115,-716.664,-79.5496,0,-259.296,67.7109,549.251,0,0
2020-08-06 05:00:00 UTC,197.757,104.079,-318.018,37.9577,37.9577,55.6678,-77.6392,-131.376,244.92,244.92,-497.927,-162.262,833.257,26.4036,-74.5494,-182.165,-402.637,-89.2165,439.746,61.7089,-4.20301,116.974,116.974,225.201,316.469,106.636,16.0998,-12.0039,-14.1793,-140.884,78.0489,78.0489,181.618,100.155,100.155,276.986,-115.869,-146.668,895.725,895.725,-152.888,-360.496,-333.916,-180.395,-190.839,330.086,883.67,901.523,892.418,-11.4726,93.26,93.26,-26.9834,41.4986,41.4424,-11.0976,-11.0976,232.502,-142.188,-65.3809,-182.263,161.628,93.9752,-120.267,-120.267,4.82879,22.683,-122.268,-122.268,-24.8364,-289.093,239.05,95.8343,95.8343,-8.37748,-8.37748,-2.06407,-2.52378,-2.63614,5.21246,4.98809,-12.2302,-0.200058,-0.283938,-0.388907,2.13461,-3.2423,-68.5616,-68.5616,-6.31792,-6.31792,-7.29261,-7.29261,69.2003,69.2003,69.2003,-25.1293,-25.1293,-7.1973,25.4166,12.889,12.889,-13.18,-13.18,69.1783,14.084,179.455,6.46384,6.46384,146.489,146.489,146.489,-428.857,115.367,115.367,121.888,121.888,-5.83208,-36.9607,-36.9607,12.0151,12.0151,686.218,686.218,-463.764,-463.764,0,25.4928,217.298,89.107,-238.273,-238.273,166.637,-817.816,-455.775,173.212,678.328,678.328,-124.087,-124.087,575.035,575.035,-50.0234,-126.396,-60.821,-693.062,-208.876,-208.876,133.14,133.14,133.14,-395.914,-395.914,571.069,-2.88318,-2.88318,-192.681,380.178,380.178,-398.652,186.826,-50.4056,0,-223.539,-179.53,523.546,381.893,381.893,58.3824,-20.1521,1.30571,337.483,337.483,-71.0991,-67.7438,-67.7438,-848.251,284.685,916.803,-819.558,-836.892,-823.025,1319.18,-384.451,298.377,-734.163,-749.381,-726.327,836.852,120.637,52.8564,-495.479,-1453.4,-34.1981,-1529.39,-4066.18,-2211.26,-2211.26,-170.167,1245.37,-138.1,-183.534,-144.038,90.4721,-160.521,153.169,160.725,166.819,-185.684,-182.83,-186.35,168.32,-55.9102,-55.9102,154.035,-344.373,-344.373,1235.84,-141.088,-164.004,156.219,-150.287,-374.046,-572.675,-572.675,-243.163,-516.48,-568.041,-2002.21,806.569,-341.582,329.117,1.12997,-403.011,-640.989,-381.346,-378.735,-0.997589,655.885,715.989,-146.172,-122.251,-160.998,-66.6158,25.3139,-153.323,-96.2251,-96.2333,44.3213,-92.6645,86.4483,112.291,-29.7404,547.685,533.083,594.871,578.585,92.6291,92.6291,52.3603,189.647,-39.9419,-39.9419,-135.204,-135.204,283.276,283.276,-55.0109,-57.7787,40.7789,234.174,-497.226,2874.79,2584.5,-5057.93,71.3527,-1125.69,228.039,316.632,-138.314,-138.314,-69.4831,-69.4831,-154.305,-283.105,407.824,-16.2214,-27.9596,-27.9596,-46.8504,-182.428,253.935,-24.0859,-21.8884,-21.8884,-37.9343,-37.4816,-198.529,-198.529,-234.075,-94.7818,-190.276,59.0049,-151.79,154.956,154.956,-95.8826,-106.094,0,-97.0776,-176.094,0,-87.4579,244.58,244.58,106.048,-25.0627,92.6444,93.3838,100.392,2.29318,-8.33872,-123.025,28.938,601.322,212.17,82.4208,82.4208,-39.1169,-150.918,-150.918,-4.77064,-5.32537,427.618,0,-32.8616,-32.8616,0,-401.244,0,-154.997,0,108.073,0,-37.4745,61.968,28.8702,70.442,70.442,0,35.2103,35.2103,49.1317,0,0.546992,-385.115,-385.115,-385.115,0.241773,0,0,0,-25.8202,-25.8202,-25.8202,0,34.8325,11.6869,11.6869,7.97665,-430.719,8.37748,8.37748,-1.37745,-8.49417,-0.824763,29.8577,-16.7085,-16.5668,-6.95526,0,5.76546,0,251.294,251.294,251.294,0,0,0,0,-9.2006,-590.626,-55.2252,-55.2252,183.65,487.779,46.8263,67.8825,0,-145.321,212.825,73.8693,464.928,1273.21,1037.37,573.538,-35.5614,-12.8189,-267.253,-267.253,-637.578,223.271,-90.2332,-1515.57,-1241.81,-54.4647,-78.6264,-192.657,-952.215,-373.805,-427.462,320.918,-271.91,-2756.34,3321.75,1425.74,-7106.58,-461.433,951.475,-723.83,25.4963,-455.512,130.719,-228.755,-63.9721,-422.155,-71.8666,-306.2,150.55,150.55,-120.762,-186.8,-186.8,-635.773,-61.2125,0,-246.36,66.0041,515.77,0,0
2020-08-06 06:00:00 UTC,186.526,99.9331,-312.224,39.0174,39.0174,44.1343,-77.2166,-130.854,240.669,240.669,-450.803,-147.632,763.701,31.9137,-68.1496,-169.182,-375.867,-83.4688,397.634,54.286,-12.2292,106.994,106.994,207.56,296.536,99.9553,14.9439,-11.034,-15.0893,-131.066,72.0121,72.0121,166.411,91.2908,91.2908,252.832,-104.288,-131.894,796.309,796.309,-138.266,-330.355,-310.999,-168.764,-172.398,293.007,790.129,806.213,797.567,-10.2677,84.1304,84.1304,-24.6272,37.1619,35.9186,-10.3977,-10.3977,208.023,-130.042,-58.8607,-166.002,144.712,83.778,-110.177,-110.177,4.12729,21.2442,-115.85,-115.85,-23.4076,-269.307,218.248,85.8227,85.8227,-8.19673,-8.19673,-1.95657,-2.40508,-2.46705,4.6442,4.73396,-11.0243,-0.251291,-0.332319,-0.530993,1.79337,-3.1387,-62.386,-62.386,-5.35711,-5.35711,-6.20052,-6.20052,62.9813,62.9813,62.9813,-23.6694,-23.6694,-7.59515,22.6035,12.117,12.117,-12.0462,-12.0462,62.0474,12.8559,164.785,5.72521,5.72521,134.844,134.844,134.844,-395.346,106.085,106.085,112.273,112.273,-5.83208,-33.9819,-33.9819,12.6007,12.6007,630.357,630.357,-431.758,-431.758,0,24.1646,201.221,82.7809,-221.917,-221.917,153.164,-756.794,-421.275,159.4,622.183,622.183,-114.982,-114.982,528.049,528.049,-47.1122,-117.829,-44.3579,-676.003,-192.179,-192.179,122.237,122.237,122.237,-362.286,-362.286,524.314,-2.88318,-2.88318,-176.696,344.129,344.129,-369.023,167.029,-50.9601,0,-207.131,-171.612,469.761,345.563,345.563,53.2831,-19.3009,-1.0642,307.039,307.039,-73.0621,-67.6958,-67.6958,-765.426,245.456,820.742,-739.177,-754.838,-742.187,1163.87,-346.702,270.041,-669.376,-683.307,-663.147,773.14,95.3112,31.4558,-459.396,-1372.15,-30.9794,-1440.62,-3798.39,-2059.42,-2059.42,-165.565,1131.86,-128.565,-176.861,-135.25,88.9317,-150.041,143.648,148.905,154.548,-173.569,-170.858,-174.189,155.926,-49.6735,-49.6735,143.371,-327.603,-327.603,1132.59,-128.331,-152.519,145.674,-139.955,-354.708,-535.734,-535.734,-235.234,-494.021,-543.038,-1908.5,765.624,-320.597,309.614,0.469401,-371.296,-602.743,-358.727,-356.254,-0.692132,617.304,673.963,-138.708,-115.978,-153.483,-63.7708,22.8464,-141.233,-90.6777,-90.6859,40.8244,-82.4663,81.2835,105.704,-31.675,521.326,508.317,566.476,551.967,88.564,88.564,49.226,180.912,-39.4472,-39.4472,-130.987,-130.987,266.81,266.81,-43.5502,-54.4769,39.8299,222.461,-489.838,2699.74,2429.36,-4933.81,64.9298,-1072.13,197.637,294.061,-118.986,-118.986,-58.4758,-58.4758,-160.348,-274.489,370.552,-17.6679,-24.1975,-24.1975,-36.193,-176.677,300.668,-16.2967,-18.7723,-18.7723,-32.2981,-31.9256,-186.083,-186.083,-219.944,-89.2316,-175.353,64.7334,-122.073,140.21,140.21,-86.8585,-95.9047,0,-91.3573,-165.85,0,-78.6562,229.033,229.033,93.1747,-16.3055,83.7972,84.4782,90.5157,5.85799,-4.91243,-115.554,27.4738,574.652,198.786,76.7876,76.7876,-37.5221,-143.229,-143.229,-4.10583,-4.62647,410.322,0,-34.9975,-34.9975,0,-364.95,0,-135.236,0,101.224,0,-37.2885,61.0795,27.3692,65.5332,65.5332,0,33.5179,33.5179,45.9661,0,0.435568,-340.319,-340.319,-340.319,0.178022,0,0,0,-22.4394,-22.4394,-22.4394,0,32.7583,11.2226,11.2226,7.607,-389.893,8.19673,8.19673,-0.75923,-7.09447,-0.375427,28.3218,-15.4404,-15.3092,-6.43524,0,5.76546,0,240.12,240.12,240.12,0,0,0,0,-6.11657,-528.87,-54.19,-54.19,188.076,444.04,50.4996,73.297,0,-125.852,201.672,68.5171,463.352,1169.01,984.676,537.052,-24.8368,-10.4526,-248.146,-248.146,-584.234,191.657,-80.2786,-1293.01,-1153.03,-51.3599,-74.0953,-181.529,-890.534,-353.194,-398.538,305.878,-244.217,-2580.94,3285.29,1407.48,-6925.47,-417.561,942.292,-728.762,32.8152,-424.369,129.187,-221.309,-54.7889,-460.591,-66.9361,-299.781,137.642,137.642,-104.558,-176.395,-176.395,-580.459,-49.9307,0,-234.364,64.9639,487.332,0,0
2020-08-06 07:00:00 UTC,177.262,96.4359,-304.079,39.274,39.274,35.8325,-76.0635,-128.788,236.16,236.16,-411.967,-136.291,707.037,37.4936,-63.3775,-157.512,-355.386,-79.0647,363.297,48.2486,-18.0899,99.6741,99.6741,192.817,279.084,94.1083,13.9942,-10.2253,-15.5479,-122.863,67.085,67.085,154.31,84.3429,84.3429,233.568,-95.6234,-120.855,721.831,721.831,-127.15,-306.058,-291.879,-159.02,-158.253,265.077,719.734,734.471,726.248,-9.4669,77.1058,77.1058,-22.7748,33.9333,32.4735,-9.76503,-9.76503,189.814,-120.022,-53.9331,-153.382,132.126,76.2362,-102.239,-102.239,3.45307,19.7135,-109.953,-109.953,-22.0449,-252.681,202.181,78.223,78.223,-7.8958,-7.8958,-1.85964,-2.2948,-2.33881,4.20721,4.46981,-10.1662,-0.287599,-0.366599,-0.610563,1.5554,-3.02663,-57.4758,-57.4758,-4.77867,-4.77867,-5.54168,-5.54168,58.0353,58.0353,58.0353,-22.3689,-22.3689,-7.64441,20.6212,11.4478,11.4478,-11.1836,-11.1836,56.5249,11.9238,152.744,5.18815,5.18815,125.778,125.778,125.778,-369.177,98.9403,98.9403,104.77,104.77,-5.83208,-31.6663,-31.6663,12.7971,12.7971,586.898,586.898,-406.232,-406.232,0,22.9909,188.482,77.6825,-208.869,-208.869,142.706,-708.714,-394.167,148.578,578.67,578.67,-107.816,-107.816,491.551,491.551,-44.8744,-111.003,-32.8598,-657.82,-179.148,-179.148,113.676,113.676,113.676,-336.351,-336.351,488.053,-2.88318,-2.88318,-164.348,316.814,316.814,-345.389,152.439,-50.3825,0,-193.901,-164.104,429.766,318.062,318.062,49.5085,-18.273,-2.71186,283.506,283.506,-73.3192,-66.7431,-66.7431,-702.345,217.257,748.437,-677.964,-692.346,-680.646,1049.67,-318.163,248.394,-619.044,-631.966,-613.928,722.444,77.5094,16.9548,-430.686,-1304.26,-28.4676,-1366.74,-3579.07,-1935.46,-1935.46,-160.767,1045.48,-121.109,-170.509,-128.329,86.3264,-141.544,135.792,139.395,144.679,-163.586,-161.001,-164.167,145.965,-45.0634,-45.0634,134.744,-313.154,-313.154,1052.51,-118.813,-143.336,137.118,-131.965,-338.211,-505.933,-505.933,-228.155,-474.397,-521.217,-1825.66,729.054,-303.891,293.75,0.248344,-347.051,-570.175,-339.462,-337.11,-0.900931,584.666,638.402,-132.161,-110.488,-146.911,-61.2926,20.6458,-131.64,-85.8317,-85.8399,37.772,-75.1269,76.7836,99.9801,-32.6075,498.553,486.829,541.917,528.842,84.9773,84.9773,46.7412,173.507,-38.9019,-38.9019,-127.11,-127.11,252.615,252.615,-35.434,-51.8733,38.5335,212.321,-482.491,2550.77,2295.92,-4816.51,59.3631,-1027.36,173.713,276.31,-103.609,-103.609,-49.8674,-49.8674,-163.968,-268.046,342.988,-18.5314,-21.9403,-21.9403,-27.2951,-172.541,338.059,-9.17967,-16.72,-16.72,-28.3468,-28.0303,-176.145,-176.145,-208.437,-84.6259,-163.611,69.0146,-99.3852,128.982,128.982,-80.0785,-88.2543,0,-86.8369,-157.985,0,-72.0689,217.302,217.302,83.4794,-9.91886,77.0468,77.6829,83.0783,8.38779,-2.43,-109.109,25.9531,550.366,187.481,72.1622,72.1622,-35.9223,-136.849,-136.849,-3.66352,-4.15979,397.157,0,-36.1584,-36.1584,0,-336.251,0,-116.961,0,95.2384,0,-37.1474,59.6285,26.0086,61.4317,61.4317,0,31.9739,31.9739,43.3504,0,0.363267,-307.169,-307.169,-307.169,0.133249,0,0,0,-20.0931,-20.0931,-20.0931,0,30.7714,10.6315,10.6315,6.99288,-358.627,7.8958,7.8958,-0.379733,-6.1464,-0.112544,27.1953,-14.4607,-14.3379,-6.05287,0,5.76546,0,230.227,230.227,230.227,0,0,0,0,-3.95242,-481.817,-53.069,-53.069,188.298,410.166,52.0234,75.5626,0,-111.834,192.169,64.1879,456.728,1087.3,939.511,507.289,-16.9357,-8.80724,-233.04,-233.04,-541.594,168.538,-73.0911,-1118,-1077.51,-48.6547,-70.1379,-171.811,-837.841,-335.958,-373.203,293.47,-220.339,-2422.98,3246.27,1388.14,-6754.47,-384.776,938.553,-730.565,37.4157,-400.335,128.021,-216.052,-47.1499,-491.555,-64.0906,-294.474,127.551,127.551,-92.6538,-168.473,-168.473,-538.61,-41.7329,0,-221.937,63.8918,463.134,0,0
2020-08-06 08:00:00 UTC,170.336,93.8074,-296.942,39.3806,39.3806,30.2357,-74.9186,-126.688,232.227,232.227,-382.476,-127.943,664.302,42.1582,-59.9279,-148.226,-340.37,-75.8324,337.383,43.7082,-22.2262,94.3852,94.3852,181.202,264.548,89.2484,13.2618,-9.5948,-15.6088,-116.441,63.3229,63.3229,145.35,79.3031,79.3031,219.227,-89.6118,-113.203,669.726,669.726,-119.347,-288.041,-277.201,-151.514,-148.258,245.772,670.307,684.093,676.197,-8.97841,72.1071,72.1071,-21.386,31.7051,30.6725,-9.23676,-9.23676,177.251,-112.251,-50.415,-144.298,123.489,71.0836,-96.5094,-96.5094,2.86326,18.2811,-105.048,-105.048,-20.8658,-239.815,190.665,72.8564,72.8564,-7.55219,-7.55219,-1.77941,-2.20054,-2.24935,3.89751,4.21573,-9.60147,-0.317808,-0.395107,-0.651479,1.39805,-2.91419,-53.8512,-53.8512,-4.50076,-4.50076,-5.22319,-5.22319,54.3903,54.3903,54.3903,-21.2656,-21.2656,-7.47641,19.3343,10.9125,10.9125,-10.5621,-10.5621,52.5989,11.261,143.615,4.83588,4.83588,119.276,119.276,119.276,-350.359,93.8369,93.8369,99.4484,99.4484,-5.83208,-30.0857,-30.0857,12.8903,12.8903,556.123,556.123,-387.775,-387.775,0,22.1678,179.336,73.9049,-199.401,-199.401,135.158,-673.922,-374.592,140.807,547.887,547.887,-102.767,-102.767,465.771,465.771,-43.2488,-106.054,-25.0124,-643.018,-169.755,-169.755,107.497,107.497,107.497,-317.719,-317.719,462.418,-2.88318,-2.88318,-155.533,297.414,297.414,-328.169,142.044,-49.7997,0,-184.204,-158.29,401.372,298.55,298.55,47.024,-17.2892,-3.79581,266.504,266.504,-72.9468,-65.6727,-65.6727,-657.611,197.925,697.617,-634.575,-648.05,-637.026,970.176,-298.003,232.922,-582.811,-595.003,-578.411,685.482,65.4285,6.91219,-410.307,-1254.62,-26.6629,-1312.63,-3420,-1845.94,-1845.94,-157.006,984.406,-115.897,-165.68,-122.944,85.0681,-135.363,130.032,132.534,137.561,-156.298,-153.807,-156.853,138.781,-41.8106,-41.8106,128.491,-302.527,-302.527,995.349,-112.28,-136.635,130.904,-125.756,-326.072,-484.163,-484.163,-222.616,-459.807,-505.006,-1765.14,702.112,-291.427,282.113,-0.0802886,-329.428,-546.372,-325.382,-323.117,-0.883368,560.969,612.575,-127.468,-106.643,-142.604,-59.5491,18.5571,-124.744,-82.2852,-82.2934,35.278,-69.7525,73.5035,95.7519,-35.3109,481.76,470.936,523.79,511.719,82.9015,82.9015,44.6484,168.157,-38.8557,-38.8557,-125.012,-125.012,242.657,242.657,-29.1052,-49.6344,39.2731,206.098,-479.465,2441.69,2199.85,-4775.13,56.472,-994.385,156.384,263.55,-92.4899,-92.4899,-43.4912,-43.4912,-166.67,-263.33,322.788,-19.3803,-20.362,-20.362,-20.3846,-169.69,365.18,-3.52531,-15.2654,-15.2654,-25.5332,-25.2563,-168.833,-168.833,-199.846,-81.1361,-155.043,72.3191,-82.8359,121.032,121.032,-75.2911,-82.8528,0,-83.6798,-152.54,0,-67.4884,209.595,209.595,76.5902,-5.2605,72.248,72.852,77.7978,10.1721,-0.669181,-104.145,24.7058,532.415,179.147,68.7906,68.7906,-34.6624,-132.072,-132.072,-3.38115,-3.86129,388.163,0,-37.047,-37.047,0,-314.514,0,-102.275,0,90.2688,0,-37.0456,57.8483,24.8295,58.2205,58.2205,0,30.6518,30.6518,41.3671,0,0.318929,-284.199,-284.199,-284.199,0.103689,0,0,0,-18.5152,-18.5152,-18.5152,0,29.0432,10.0204,10.0204,6.2927,-336.378,7.55219,7.55219,-0.188677,-5.47727,0.000660582,26.3719,-13.7621,-13.6454,-5.80895,0,5.76546,0,222.677,222.677,222.677,0,0,0,0,-2.58211,-447.878,-52.1847,-52.1847,186.869,385.968,52.6465,76.4993,0,-102.56,185.167,61.0332,449.375,1029.34,905.775,485.211,-11.5589,-7.72451,-221.841,-221.841,-510.981,152.909,-67.826,-993.941,-1020.53,-46.6527,-67.2389,-164.697,-790.217,-323.484,-354.215,283.892,-203.915,-2297.16,3239.04,1384.71,-6694.17,-361.307,935.462,-731.642,41.7252,-383.799,127.381,-212.638,-41.5461,-514.639,-62.3748,-290.166,120.316,120.316,-84.2139,-163.024,-163.024,-508.837,-36.1706,0,-211.744,62.9035,445.115,0,0
2020-08-06 09:00:00 UTC,167.821,93.0644,-294.145,39.9083,39.9083,27.7025,-74.3892,-125.723,232.131,232.131,-367.539,-123.972,643.582,45.8472,-58.2856,-143.339,-334.16,-74.4945,324.346,41.2844,-24.617,91.8708,91.8708,175.924,258.526,87.2309,12.9164,-9.294,-15.8806,-113.413,61.5165,61.5165,140.908,76.7419,76.7419,212.16,-86.2736,-108.956,641.413,641.413,-115.053,-278.152,-269.819,-147.731,-142.845,235.312,642.997,656.256,648.551,-8.6409,69.3575,69.3575,-20.8055,30.42,28.7627,-9.05782,-9.05782,170.05,-109.042,-48.6362,-139.638,118.358,68.031,-93.549,-93.549,2.68442,17.9027,-102.8,-102.8,-20.444,-233.554,184.633,70.0164,70.0164,-7.51873,-7.51873,-1.74992,-2.16746,-2.19682,3.7227,4.16263,-9.21892,-0.324218,-0.401179,-0.688965,1.29672,-2.87841,-51.9894,-51.9894,-4.1686,-4.1686,-4.84512,-4.84512,52.5056,52.5056,52.5056,-20.797,-20.797,-7.63831,18.439,10.674,10.674,-10.221,-10.221,50.4817,10.8805,139.06,4.66622,4.66622,115.643,115.643,115.643,-339.817,91.0697,91.0697,96.4741,96.4741,-5.83208,-29.2104,-29.2104,12.8062,12.8062,538.91,538.91,-377.267,-377.267,0,21.6377,174.119,71.6874,-194.003,-194.003,130.963,-654.239,-363.532,136.403,530.753,530.753,-99.9408,-99.9408,451.399,451.399,-42.3561,-103.243,-20.7415,-633.765,-164.452,-164.452,103.892,103.892,103.892,-307.067,-307.067,448.179,-2.88318,-2.88318,-150.46,286.421,286.421,-318.315,136.037,-49.6337,0,-178.725,-154.981,385.147,287.497,287.497,45.8642,-16.4541,-4.37234,257.192,257.192,-72.5964,-64.999,-64.999,-632.608,187.335,669.374,-610.453,-623.423,-612.774,926.144,-286.684,224.067,-562.466,-574.247,-558.436,664.347,58.9005,1.46744,-398.832,-1226.01,-25.657,-1281.42,-3328.66,-1794.68,-1794.68,-154.87,950.302,-113.114,-162.996,-119.651,84.6087,-131.832,126.693,128.621,133.502,-152.091,-149.654,-152.629,134.685,-39.969,-39.969,124.912,-296.471,-296.471,963.489,-108.725,-132.775,127.343,-121.981,-318.958,-471.699,-471.699,-219.521,-451.231,-495.481,-1729.72,686.458,-284.873,275.783,0.000983765,-320.376,-532.409,-317.121,-314.909,-1.19972,547.25,597.62,-124.623,-104.36,-140.232,-58.5454,17.1883,-121.443,-80.1476,-80.1557,33.7765,-67.2452,71.5341,93.1784,-37.5943,471.94,461.624,513.183,501.678,81.7881,81.7881,43.3366,164.913,-38.9103,-38.9103,-123.904,-123.904,236.972,236.972,-26.4929,-48.2989,40.6795,202.785,-478.602,2376.94,2143.57,-4770.39,54.858,-976.977,147.325,256.714,-86.7148,-86.7148,-40.2546,-40.2546,-167.684,-260.99,313.716,-19.8178,-19.7656,-19.7656,-17.12,-168.483,376.599,-0.733537,-14.5108,-14.5108,-24.1477,-23.8904,-164.906,-164.906,-195.2,-79.2401,-150.486,73.7912,-74.4019,116.782,116.782,-72.7345,-79.9696,0,-81.9391,-149.481,0,-65.066,205.361,205.361,72.9739,-3.00689,69.8039,70.3921,74.966,11.2095,0.336144,-101.703,24.1213,521.906,174.193,66.8454,66.8454,-33.8028,-130.443,-130.443,-3.30914,-3.7869,387.474,0,-37.8956,-37.8956,0,-304.037,0,-93.3265,0,88.2075,0,-37.0009,57.7664,24.3604,56.7065,56.7065,0,30.0894,30.0894,40.3079,0,0.293251,-271.494,-271.494,-271.494,0.0896643,0,0,0,-17.6942,-17.6942,-17.6942,0,28.4556,9.91509,9.91509,6.22448,-324.665,7.51873,7.51873,0.0251763,-5.15818,0.148705,25.764,-13.3519,-13.2386,-5.70598,0,5.76546,0,218.169,218.169,218.169,0,0,0,0,-1.93362,-429.421,-51.6432,-51.6432,185.456,372.347,52.9853,77.0066,0,-97.9017,181.069,59.223,444.23,996.725,886.05,472.172,-8.60226,-7.14831,-215.585,-215.585,-493.45,144.462,-65.3663,-923.598,-985.484,-45.4322,-65.4898,-160.408,-756.499,-315.998,-342.002,278.071,-194.192,-2217.43,3253.78,1392.63,-6687.46,-349.424,934.298,-731.802,43.8888,-376.654,127.309,-211.207,-38.6005,-525.362,-61.6359,-287.585,116.395,116.395,-79.9002,-160.009,-160.009,-493.01,-33.6423,0,-206.948,62.2948,434.639,0,0
2020-08-06 10:00:00 UTC,170.023,94.418,-298.582,41.1234,41.1234,26.8041,-75.1984,-127.381,235.561,235.561,-367.24,-124.312,645.129,48.8828,-58.3765,-143.139,-337.086,-75.1249,323.846,40.8778,-25.9677,92.7022,92.7022,177.148,261.662,88.2438,12.9611,-9.33061,-16.5005,-113.867,61.7277,61.7277,141.261,76.8776,76.8776,212.635,-85.5159,-107.993,636.987,636.987,-114.126,-277.141,-270.023,-147.828,-141.754,233.476,638.377,651.547,643.87,-8.49829,68.9148,68.9148,-20.8296,30.1372,27.6236,-9.13791,-9.13791,168.531,-109.283,-48.218,-139.509,117.171,67.3259,-93.8321,-93.8321,2.81196,18.3093,-103.132,-103.132,-20.6412,-234.028,185.02,71.6975,71.6975,-7.68694,-7.68694,-1.75906,-2.182,-2.1856,3.69162,4.22243,-9.08206,-0.333079,-0.409546,-0.731376,1.25065,-2.91617,-51.8271,-51.8271,-3.94295,-3.94295,-4.59079,-4.59079,52.3485,52.3485,52.3485,-20.9705,-20.9705,-7.93696,18.1004,10.719,10.719,-10.1515,-10.1515,50.0741,10.8048,139.186,4.68281,4.68281,115.153,115.153,115.153,-338.369,90.7756,90.7756,96.1329,96.1329,-5.83208,-29.1551,-29.1551,12.81,12.81,536.852,536.852,-375.948,-375.948,0,21.6091,173.44,71.314,-193.297,-193.297,130.342,-651.447,-361.964,135.734,528.696,528.696,-99.6554,-99.6554,449.742,449.742,-42.2703,-102.876,-19.683,-633.319,-163.638,-163.638,103.254,103.254,103.254,-305.215,-305.215,446.55,-2.88318,-2.88318,-149.642,284.527,284.527,-316.723,134.777,-49.8746,0,-177.835,-154.647,381.979,285.569,285.569,45.9025,-16.1275,-4.43774,256.55,256.55,-72.6213,-64.9781,-64.9781,-628.288,185.306,664.501,-606.351,-619.236,-608.644,917.966,-284.736,222.345,-558.978,-570.689,-555.002,660.907,57.4875,-0.320712,-397.809,-1223.59,-25.4892,-1278.45,-3318.8,-1789.29,-1789.29,-155.323,945.384,-113.047,-163.458,-118.502,86.2892,-131.425,126.298,128.167,133.031,-151.649,-149.215,-152.185,134.207,-39.5932,-39.5932,124.493,-296.41,-296.41,959.888,-108.215,-132.225,126.928,-120.589,-318.194,-469.937,-469.937,-219.678,-450.477,-494.638,-1726.11,686.158,-285.467,275.922,0.49843,-321.317,-530.774,-316.153,-313.948,-1.80807,545.986,596.238,-124.125,-103.992,-140.095,-58.4503,16.9516,-122.112,-79.8003,-79.8085,33.5928,-67.8894,71.2173,92.7406,-38.7659,471.062,460.797,512.233,500.784,81.7218,81.7218,43.05,164.194,-39.0357,-39.0357,-123.88,-123.88,236.502,236.502,-27.8236,-48.109,42.4141,202.721,-479.839,2368.47,2137.01,-4799.55,54.61,-975.822,148.155,257.014,-87.2946,-87.2946,-39.801,-39.801,-166.928,-261.371,316.383,-19.6427,-20.1961,-20.1961,-17.8536,-168.927,372.594,-1.11225,-14.6138,-14.6138,-24.381,-24.1203,-165.052,-165.052,-195.298,-79.209,-150.322,76.218,-73.7294,118.394,118.394,-73.4856,-80.7883,0,-83.8176,-152.39,0,-65.8645,210.031,210.031,73.5989,-2.02382,70.472,71.0654,75.8066,11.5362,0.44644,-102.325,24.4489,522.026,173.513,66.6839,66.6839,-33.4957,-132.22,-132.22,-3.33829,-3.82297,393.259,0,-39.1343,-39.1343,0,-305.583,0,-90.0346,0,89.2425,0,-37.009,59.312,24.6951,56.9337,56.9337,0,30.3625,30.3625,40.1818,0,0.286863,-269.238,-269.238,-269.238,0.0884815,0,0,0,-17.4365,-17.4365,-17.4365,0,28.773,10.1538,10.1538,6.567,-328.415,7.68694,7.68694,0.160642,-4.90859,0.26924,25.7153,-13.2954,-13.1823,-5.74946,0,5.76546,0,217.667,217.667,217.667,0,0,0,0,-1.97924,-428.248,-51.5992,-51.5992,185.099,370.102,53.2763,77.4311,0,-97.652,180.664,58.9624,443.669,992.943,884.093,469.511,-8.17018,-7.08249,-214.998,-214.998,-491.385,143.433,-65.9958,-915.856,-978.712,-45.2244,-65.2044,-159.71,-746.971,-314.449,-338.389,276.901,-191.664,-2201.72,3287.7,1410.39,-6730.32,-350.759,935.7,-730.591,42.9997,-378.496,127.617,-211.799,-38.7579,-523.29,-61.8263,-287.254,116.329,116.329,-80.1681,-162.822,-162.822,-497.459,-32.7436,0,-209.685,62.0721,433.641,0,0
2020-08-06 11:00:00 UTC,178.229,98.6816,-313.795,44.6309,44.6309,27.5354,-77.8989,-132.783,246.889,246.889,-381.411,-127.771,668.375,51.1538,-59.2648,-148.396,-346.902,-77.2389,335.017,42.2896,-26.715,95.7134,95.7134,183.895,272.271,91.7528,13.3419,-9.65779,-17.3178,-117.308,63.6645,63.6645,145.674,79.2786,79.2786,219.579,-87.3832,-110.368,657.126,657.126,-116.546,-285.302,-277.601,-151.69,-144.827,239.549,657.35,670.891,663.057,-8.62109,70.8627,70.8627,-21.2988,30.9475,28.1632,-9.37034,-9.37034,173.185,-112.118,-49.1728,-143.326,120.441,69.2694,-96.7521,-96.7521,3.12381,19.1458,-105.666,-105.666,-21.265,-240.923,192.049,76.6714,76.6714,-7.91316,-7.91316,-1.79434,-2.22936,-2.22038,3.8137,4.34055,-9.29331,-0.338542,-0.414687,-0.745619,1.29417,-3.01667,-53.3297,-53.3297,-3.9937,-3.9937,-4.65335,-4.65335,53.8797,53.8797,53.8797,-21.7393,-21.7393,-8.12466,18.5737,11.0022,11.0022,-10.3988,-10.3988,51.3748,11.0845,143.863,4.83706,4.83706,118.218,118.218,118.218,-347.258,93.08,93.08,98.7144,98.7144,-5.83208,-29.9208,-29.9208,13.1485,13.1485,552.058,552.058,-385.547,-385.547,0,22.2183,178.171,73.2103,-198.245,-198.245,133.907,-667.813,-371.158,139.579,543.669,543.669,-102.329,-102.329,462.363,462.363,-43.103,-105.473,-21.5616,-644.686,-168.084,-168.084,106.096,106.096,106.096,-313.013,-313.013,458.999,-2.88318,-2.88318,-153.314,292.241,292.241,-324.029,138.321,-50.9031,0,-181.965,-157.938,392.589,293.297,293.297,47.4527,-16.4166,-3.91557,265.661,265.661,-73.1981,-65.7359,-65.7359,-645.706,191.87,684.157,-623.093,-636.333,-625.456,946.46,-292.735,228.424,-573.077,-585.078,-568.821,677.002,61.0157,-0.0983226,-409.55,-1253.32,-26.2755,-1309.93,-3409.84,-1840.61,-1840.61,-158.661,973.849,-116.682,-167.524,-120.964,88.7033,-134.804,129.463,131.894,136.898,-155.811,-153.318,-156.363,138.104,-40.9145,-40.9145,127.895,-302.622,-302.622,989.3,-111.568,-135.673,130.317,-123.106,-325.254,-480.921,-480.921,-223.386,-459.715,-504.884,-1764.78,706.159,-293.338,283.288,0.746468,-332.357,-545.1,-324.629,-322.37,-1.88892,560.599,612.16,-126.941,-106.346,-143.186,-59.5925,17.8776,-126.889,-81.8593,-81.8675,34.8684,-71.0603,73.1194,95.1703,-39.0333,481.6,470.804,523.609,511.568,83.4795,83.4795,44.1017,167.454,-39.5493,-39.5493,-125.922,-125.922,243.005,243.005,-32.0087,-49.2874,46.3914,207.67,-486.057,2433.06,2195.98,-4916.8,56.8314,-992.17,159.21,265.44,-94.541,-94.541,-41.9971,-41.9971,-165.5,-264.137,329.709,-19.2218,-21.0587,-21.0587,-22.7411,-170.73,351.682,-5.29935,-15.0852,-15.0852,-25.6343,-25.3559,-169.577,-169.577,-200.424,-81.0931,-154.816,79.1021,-79.3013,124.458,124.458,-76.8274,-84.5063,0,-88.2735,-159.576,0,-69.1202,220.869,220.869,77.6329,-2.14033,74.0311,74.6506,79.5511,11.8041,0.260298,-106.297,26.0092,536.764,177.773,68.6047,68.6047,-33.7929,-138.455,-138.455,-3.5315,-4.04132,412.412,0,-42.1535,-42.1535,0,-318.461,0,-93.3151,0,92.8295,0,-37.0627,62.3519,25.6572,58.654,58.654,0,31.3209,31.3209,40.8939,0,0.301006,-277.894,-277.894,-277.894,0.0994215,0,0,0,-17.8488,-17.8488,-17.8488,0,29.6875,10.5309,10.5309,7.02808,-345.392,7.91316,7.91316,0.112524,-4.90944,0.290821,26.5049,-13.6281,-13.512,-5.85344,0,5.76546,0,222.083,222.083,222.083,0,0,0,0,-2.80826,-445.81,-52.3062,-52.3062,186.419,380.069,53.6224,77.9222,0,-101.642,184.626,60.5005,448.941,1023.01,903.807,480.628,-10.8845,-7.6034,-220.943,-220.943,-508.273,150.856,-69.102,-984.972,-1008.48,-46.3775,-66.8862,-163.839,-768.093,-321.386,-346.643,282.375,-199.724,-2266.96,3380.74,1458.74,-6902.2,-365.39,937.494,-728.876,40.6949,-390.053,128.129,-214.363,-42.3977,-506.983,-62.7062,-288.877,120.429,120.429,-84.9731,-170.301,-170.301,-520.25,-33.4748,0,-222.488,61.9509,443.666,0,0
2020-08-06 12:00:00 UTC,191.816,105.473,-337.923,49.6138,49.6138,30.4011,-82.061,-141.165,263.039,263.039,-408.858,-135.059,712.258,53.7154,-61.573,-157.728,-365.174,-81.1702,357.155,45.435,-26.585,101.76,101.76,196.205,291.394,98.0403,14.0437,-10.256,-18.6705,-123.587,67.3027,67.3027,154.349,84.1629,84.1629,233.087,-92.1757,-116.466,704.106,704.106,-122.481,-302.846,-292.055,-159.042,-151.959,252.86,702.228,716.641,708.466,-9.17655,75.3288,75.3288,-22.1467,33.0408,31.5795,-9.64335,-9.64335,184.966,-116.652,-51.5162,-151.442,128.917,74.3192,-102.659,-102.659,3.48417,20.0183,-109.857,-109.857,-22.0905,-253.639,206.05,85.4263,85.4263,-8.02934,-8.02934,-1.8389,-2.29232,-2.30667,4.09964,4.44837,-9.99073,-0.338474,-0.414573,-0.695995,1.4686,-3.18975,-56.4524,-56.4524,-4.53254,-4.53254,-5.27525,-5.27525,57.0552,57.0552,57.0552,-23.1866,-23.1866,-7.89817,20.2019,11.4846,11.4846,-11.0274,-11.0274,54.2322,11.7957,152.859,5.18674,5.18674,124.754,124.754,124.754,-366.183,98.0827,98.0827,104.182,104.182,-5.83208,-31.5467,-31.5467,13.6199,13.6199,584.128,584.128,-405.351,-405.351,0,23.3765,187.982,77.2206,-208.44,-208.44,141.493,-702.74,-390.803,147.635,575.394,575.394,-107.788,-107.788,489.054,489.054,-44.9016,-110.801,-27.2307,-665.135,-177.533,-177.533,112.319,112.319,112.319,-330.562,-330.562,485.396,-2.88318,-2.88318,-161.609,309.995,309.995,-340.489,146.859,-52.8042,0,-191.315,-164.622,417.486,311.095,311.095,50.2328,-17.3225,-2.88326,284.195,284.195,-74.0417,-67.0926,-67.0926,-686.636,208.356,730.579,-662.51,-676.582,-665.049,1015.93,-311.328,242.829,-606.021,-618.694,-601.084,712.721,70.5687,4.1614,-433.097,-1311.77,-28.038,-1372.45,-3593,-1944.07,-1944.07,-164.359,1035.05,-123.189,-174.564,-126.644,92.0383,-141.603,135.962,139.512,144.802,-164.17,-161.562,-164.754,146.072,-43.8933,-43.8933,134.827,-314.681,-314.681,1050.12,-118.268,-142.86,137.214,-129.014,-339.423,-503.743,-503.743,-230.22,-477.533,-524.667,-1839.3,743.439,-308.426,297.584,1.08976,-353.922,-573.463,-341.409,-339.043,-1.88294,589.401,643.541,-132.469,-110.891,-148.772,-61.7487,20.1876,-135.832,-86.0014,-86.0096,37.6892,-77.0547,76.9493,100.098,-37.823,502.076,490.195,545.704,532.452,86.396,86.396,46.3226,173.596,-40.0726,-40.0726,-129.105,-129.105,255.491,255.491,-40.2193,-51.7271,50.2707,216.244,-493.843,2562.48,2312.56,-5060.7,60.732,-1025.74,180.934,282.079,-108.544,-108.544,-47.028,-47.028,-162.61,-269.596,355.899,-18.5509,-22.9028,-22.9028,-31.7723,-174.501,312.571,-12.8478,-16.1392,-16.1392,-28.2065,-27.8917,-178.491,-178.491,-210.498,-84.8283,-164.09,82.4129,-92.0208,135.582,135.582,-83.1075,-91.5157,0,-95.6337,-171.587,0,-75.241,239.045,239.045,85.5415,-3.68604,80.6941,81.3615,86.5521,11.7425,-0.46193,-113.423,28.7154,563.297,186.946,72.4351,72.4351,-34.9725,-148.644,-148.644,-3.87421,-4.4233,441.289,0,-46.2641,-46.2641,0,-342.337,0,-100.661,0,99.2639,0,-37.1662,67.1279,27.3961,61.7937,61.7937,0,33.0087,33.0087,42.2039,0,0.344768,-298.765,-298.765,-298.765,0.123088,0,0,0,-19.1957,-19.1957,-19.1957,0,30.8454,10.8115,10.8115,7.26531,-376.903,8.02934,8.02934,-0.255394,-5.32163,0.143485,28.7414,-14.4179,-14.2952,-6.09448,0,5.76546,0,230.789,230.789,230.789,0,0,0,0,-4.28426,-481.336,-53.7287,-53.7287,188.734,402.914,53.748,78.075,0,-110.277,192.85,63.7991,458.251,1085.69,942.751,504.132,-16.7618,-8.63377,-232.977,-232.977,-542.817,167.034,-74.992,-1127.99,-1071.4,-48.7118,-70.2716,-172.147,-819.017,-334.946,-365.221,293.106,-216.992,-2409.01,3481.88,1511.56,-7113.41,-394.292,940.096,-725.908,36.8613,-413.544,129.247,-219.965,-49.4888,-475.87,-65.7053,-292.612,128.624,128.624,-94.9316,-182.903,-182.903,-562.345,-36.3393,0,-244.552,62.1225,463.853,0,0
2020-08-06 13:00:00 UTC,211.774,114.503,-366.099,53.9474,53.9474,39.4749,-86.4845,-150.087,283.1,283.1,-463.893,-150.579,796.042,52.7967,-67.3945,-174.757,-398.133,-88.2501,403.466,52.844,-21.9571,111.996,111.996,220.573,327.01,109.772,15.4764,-11.4609,-20.4821,-136.146,74.5421,74.5421,171.055,93.3106,93.3106,259.892,-101.646,-128.527,798.276,798.276,-134.373,-337.165,-319.488,-172.975,-166.624,281.45,791.322,807.449,798.682,-10.1694,84.1698,84.1698,-23.8858,37.0912,37.5653,-10.2506,-10.2506,208.018,-126.364,-56.3423,-166.684,145.411,84.1981,-113.351,-113.351,4.2954,21.9582,-117.881,-117.881,-23.8176,-277.648,231.007,101.322,101.322,-8.35654,-8.35654,-1.93912,-2.425,-2.47474,4.66228,4.69677,-11.2709,-0.335278,-0.411471,-0.615897,1.78823,-3.48817,-62.6438,-62.6438,-5.47593,-5.47593,-6.36221,-6.36221,63.3707,63.3707,63.3707,-25.8045,-25.8045,-7.63135,23.1769,12.4315,12.4315,-12.2144,-12.2144,60.1682,13.1383,170.21,5.79969,5.79969,135.924,135.924,135.924,-398.425,106.844,106.844,113.252,113.252,-5.85438,-34.1092,-34.1092,13.5332,13.5332,637.288,637.288,-437.201,-437.201,0,24.7473,203.841,83.9195,-224.893,-224.893,154.677,-762.115,-424.278,161.135,628.52,628.52,-116.364,-116.364,533.363,533.363,-47.7524,-119.403,-40.5485,-691.095,-193.716,-193.716,123.221,123.221,123.221,-362.18,-362.18,529.492,-2.88318,-2.88318,-176.23,342.898,342.898,-370.273,162.915,-56.5095,0,-208.837,-175.841,464.239,344.122,344.122,54.4047,-19.17,-1.26771,314.712,314.712,-74.5034,-68.8609,-68.8609,-766.398,242.979,821.971,-739.962,-755.664,-742.868,1156.9,-346.626,270.917,-669.678,-683.638,-663.282,776.848,91.8221,20.4395,-469.998,-1400.39,-31.147,-1468.71,-3876.87,-2105.25,-2105.25,-171.995,1140.34,-132.315,-184.201,-134.705,98.3282,-152.333,146.293,151.737,157.491,-177.175,-174.388,-177.806,158.861,-49.3144,-49.3144,145.88,-334.072,-334.072,1150.29,-129.135,-154.586,148.186,-137.544,-361.084,-540.56,-540.56,-240.271,-503.503,-553.534,-1947.95,794.602,-332.835,320.313,2.35167,-390.434,-615.588,-366.326,-363.806,-2.81806,632.73,690.736,-140.302,-117.344,-156.759,-64.8807,23.819,-151.232,-92.0157,-92.0239,42.0859,-88.1621,82.5297,107.263,-36.2402,532.246,518.649,578.222,563.058,90.2673,90.2673,49.4283,181.457,-40.5103,-40.5103,-133.09,-133.09,273.945,273.945,-56.5741,-55.5768,53.0139,228.354,-502.044,2753.68,2485.38,-5209.38,66.4971,-1093.32,218.793,308.767,-132.859,-132.859,-59.2052,-59.2052,-155.651,-280.121,402.725,-16.5791,-27.1484,-27.1484,-47.0547,-179.489,245.088,-24.9225,-19.193,-19.193,-34.7619,-34.3537,-193.24,-193.24,-227.471,-91.5871,-181,81.3522,-125.664,156.507,156.507,-95.079,-104.951,0,-107.022,-190.259,0,-86.9321,267.065,267.065,101.701,-10.5257,92.5059,93.2544,99.7717,8.76269,-3.94633,-124.926,32.4238,597.366,201.933,78.4323,78.4323,-37.3354,-163.139,-163.139,-4.54274,-5.14821,478.683,0,-49.2859,-49.2859,0,-389.796,0,-119.866,0,111.293,0,-37.394,75.0692,30.5107,68.0728,68.0728,0,36.051,36.051,45.0323,0,0.433394,-340.665,-340.665,-340.665,0.17687,0,0,0,-21.7467,-21.7467,-21.7467,0,33.3198,11.5058,11.5058,7.93376,-433.651,8.35654,8.35654,-0.898693,-6.09119,-0.139461,32.3851,-15.8858,-15.7508,-6.47904,0,5.69864,0,243.881,243.881,243.881,0,0,0,0,-6.36036,-539.889,-55.9098,-55.9098,191.362,446.005,52.8244,76.6658,0,-125.607,206.032,69.5079,468.768,1189.34,1002.1,540.105,-26.6416,-10.2471,-252.154,-252.154,-597.681,195.575,-85.8897,-1355.75,-1165.05,-52.0963,-75.1865,-184.212,-892.915,-353.551,-391.147,307.792,-241.83,-2616.66,3560.2,1552.34,-7331.46,-444.518,939.573,-722.63,27.1711,-452.205,129.941,-226.669,-61.7506,-419.721,-71.7534,-298.037,142.295,142.295,-112.846,-201.305,-201.305,-638.742,-45.3661,0,-274.66,63.4438,495.742,0,0
2020-08-06 14:00:00 UTC,234.107,123.426,-388.962,53.0869,53.0869,59.4458,-89.693,-156.332,299.546,299.546,-541.692,-176.066,913.995,51.0536,-78.5678,-194.087,-448.622,-99.0665,471.67,64.3591,-10.1114,127.959,127.959,254.192,373.678,124.981,17.5122,-13.1323,-21.8412,-153.484,84.9393,84.9393,196.239,107.562,107.562,300.176,-117.791,-149.122,951.341,951.341,-154.28,-386.542,-357.019,-191.93,-190.918,330.311,934.823,953.672,944.165,-12.1421,97.9738,97.9738,-26.9124,43.7784,48.3211,-11.0806,-11.0806,245.806,-141.075,-64.3873,-190.88,171.998,100.261,-130.007,-130.007,5.32147,24.1744,-127.811,-127.811,-25.9597,-310.181,265.091,118.166,118.166,-8.61018,-8.61018,-2.06843,-2.5843,-2.7387,5.53183,4.89442,-13.3197,-0.319998,-0.396917,-0.446502,2.31421,-3.78641,-71.6279,-71.6279,-7.27112,-7.27112,-8.41519,-8.41519,72.7228,72.7228,72.7228,-28.9959,-28.9959,-6.80488,27.9398,13.6539,13.6539,-13.9752,-13.9752,69.4249,15.1767,194.569,6.97592,6.97592,152.316,152.316,152.316,-445.158,120.085,120.085,126.59,126.59,-6.10956,-38.1298,-38.1298,12.249,12.249,714.675,714.675,-481.064,-481.064,0,26.2693,225.877,92.775,-247.357,-247.357,173.695,-847.551,-472.627,180.257,706.594,706.594,-128.645,-128.645,598.474,598.474,-51.926,-131.144,-65.1363,-712.819,-217.018,-217.018,138.908,138.908,138.908,-409.917,-409.917,594.502,-2.88318,-2.88318,-197.256,393.608,393.608,-413.144,188.71,-60.5388,0,-234.661,-189.275,539.111,395.494,395.494,60.9653,-20.5935,1.52779,355.935,355.935,-71.9353,-69.2172,-69.2172,-891.95,302.607,968.272,-862.574,-880.845,-866.106,1391.06,-401.823,314.674,-767.536,-783.452,-758.489,870.161,130.014,54.5852,-519.966,-1512.36,-35.6427,-1591.65,-4244.99,-2315.18,-2315.18,-178.046,1301.04,-147.056,-193.342,-144.762,105.769,-166.911,159.588,168.314,174.705,-193.776,-190.782,-194.471,176.228,-58.3845,-58.3845,160.765,-358.571,-358.571,1294.54,-149.069,-170.482,162.901,-148.667,-387.993,-592.207,-592.207,-251.04,-534.063,-587.561,-2077.08,847.619,-362.896,348.56,3.77515,-438.32,-667.227,-396.865,-394.158,-4.00012,686.002,748.744,-149.654,-125.128,-166.484,-68.718,28.0857,-171.96,-99.275,-99.2832,47.4643,-103.357,89.2957,115.898,-35.498,568.3,552.46,617.028,599.361,94.8776,94.8776,52.8928,189.961,-40.959,-40.959,-137.662,-137.662,296.635,296.635,-80.1139,-60.4044,55.8995,243.23,-510.867,2987.15,2696.69,-5377.42,73.8383,-1195.6,268.93,342.957,-165.275,-165.275,-80.0948,-80.0948,-145.283,-294.839,467.068,-13.2838,-33.2483,-33.2483,-67.1606,-183.9,146.825,-40.8871,-23.7017,-23.7017,-44.5076,-43.9599,-212.083,-212.083,-249.127,-100.583,-204.922,66.2546,-182.715,180.397,180.397,-109.358,-121.092,0,-115.059,-203.549,0,-100.55,285.202,285.202,123.278,-26.8113,107.297,108.145,115.496,2.75365,-9.74555,-139.353,36.6406,630.147,219.047,85.9679,85.9679,-38.7887,-178.767,-178.767,-5.4802,-6.13758,505.93,0,-46.7056,-46.7056,0,-462.711,0,-142.619,0,126.932,0,-37.7584,81.4645,34.5443,76.7422,76.7422,0,39.7502,39.7502,49.0376,0,0.613523,-409.645,-409.645,-409.645,0.272245,0,0,0,-26.371,-26.371,-26.371,0,36.4005,12.2139,12.2139,8.45311,-501.424,8.61018,8.61018,-2.06692,-7.54102,-0.826932,37.0751,-17.9208,-17.7689,-7.21734,0,4.93407,0,259.318,259.318,259.318,0,0,0,0,-9.78923,-619.506,-58.3912,-58.3912,187.578,511.673,48.1612,69.7604,0,-150.846,222.958,77.5324,469.677,1336.12,1075.11,586.645,-41.4089,-13.0392,-277.128,-277.128,-670.87,240.669,-100.675,-1662.29,-1280.42,-56.1619,-81.1164,-198.775,-976.87,-374.848,-419.87,324.431,-271.722,-2861.66,3633.35,1590.57,-7577.95,-512.599,931.313,-720.655,12.2808,-503.182,129.098,-232.334,-78.286,-334.433,-80.4511,-305.543,160.675,160.675,-137.588,-214.232,-214.232,-727.191,-64.9302,0,-308.595,65.612,534.689,0,0
2020-08-06 15:00:00 UTC,251.682,129.414,-395.49,46.8372,46.8372,86.4252,-89.9367,-156.159,305.507,305.507,-616.065,-204.219,1028.16,50.9205,-92.2135,-207.603,-502.572,-110.585,539.526,76.2926,7.00939,145.329,145.329,282.932,411.898,137.175,19.3022,-14.5634,-22.0846,-168.277,94.7391,94.7391,223.265,124.148,124.148,341.56,-138.104,-175.099,1135.4,1135.4,-178.401,-436.816,-392.142,-209.532,-219.434,389.125,1106.18,1128.22,1118.14,-15.1447,113.645,113.645,-30.5084,52.036,64.2749,-11.6772,-11.6772,292.321,-155.35,-73.9437,-219.754,204.391,120.054,-150.022,-150.022,5.8554,24.8078,-135.04,-135.04,-27.2221,-339.974,300.073,132.163,132.163,-8.25653,-8.25653,-2.14102,-2.65698,-3.04266,6.51802,4.71525,-15.8861,-0.293117,-0.371364,-0.147532,2.99716,-3.87203,-80.5759,-80.5759,-10.1196,-10.1196,-11.654,-11.654,82.3841,82.3841,82.3841,-31.3435,-31.3435,-4.81552,33.9496,14.5907,14.5907,-15.889,-15.889,79.5157,17.4815,218.081,8.87391,8.87391,171.183,171.183,171.183,-497.817,135.787,135.787,142.308,142.308,-6.87909,-43.4627,-43.4627,9.80815,9.80815,804.618,804.618,-528.812,-528.812,0,27.8855,250.071,101.228,-271.407,-271.407,194.658,-942.721,-526.752,201.241,797.981,797.981,-143.247,-143.247,675.159,675.159,-56.8751,-143.743,-97.5395,-719.562,-242.879,-242.879,155.978,155.978,155.978,-464.868,-464.868,671.13,-2.88318,-2.88318,-219.67,452.753,452.753,-458.104,220.304,-62.0675,0,-262.278,-199.02,631.11,456.434,456.434,70.8267,-18.924,5.96118,399.534,399.534,-63.8332,-65.85,-65.85,-1038.04,379.147,1142.23,-1005.78,-1027.04,-1010.11,1681.09,-466.836,364.546,-877.388,-895.463,-864.723,970.83,180.357,100.127,-574.813,-1623.53,-40.4408,-1713.88,-4618.55,-2528.52,-2528.52,-178.937,1497.42,-169.567,-198.62,-154.587,110.747,-182.833,172.417,185.971,193.05,-210.092,-206.938,-210.851,194.793,-70.3777,-70.3777,176.545,-381.325,-381.325,1462.49,-179.963,-186.988,178.407,-160.655,-412.935,-649.177,-649.177,-259.218,-561.285,-617.926,-2192.38,885.474,-391.005,375.186,4.77904,-486.632,-715.4,-425.347,-422.472,-4.98211,735.703,802.844,-158.093,-132.21,-175.168,-72.2508,32.0681,-192.553,-105.944,-105.952,52.6055,-119.507,95.5369,123.826,-34.51,600.961,582.899,652.122,631.978,98.716,98.716,56.047,196.981,-41.1712,-41.1712,-141.3,-141.3,317.502,317.502,-105.121,-65.1157,58.3886,256.408,-517.6,3203.31,2892.1,-5517.31,79.8816,-1301.35,318.669,376.507,-197.234,-197.234,-103.604,-103.604,-133.365,-310.085,533.933,-9.90297,-40.4717,-40.4717,-85.4458,-186.879,44.8107,-54.6786,-28.7627,-28.7627,-55.012,-54.3135,-230.32,-230.32,-269.515,-109.011,-229.633,41.9879,-247.852,201.86,201.86,-122.775,-136.354,0,-118.101,-209.039,0,-113.273,291.488,291.488,145.264,-48.6333,121.712,122.653,130.172,-4.82358,-16.4167,-151.947,39.7019,652.506,230.072,93.2313,93.2313,-35.53,-190.548,-190.548,-6.56175,-7.25894,518.891,0,-39.1891,-39.1891,0,-536.292,0,-157.593,0,139.506,0,-38.1174,81.4105,37.9114,84.1385,84.1385,0,42.4822,42.4822,52.4886,0,0.911973,-494.325,-494.325,-494.325,0.390059,0,0,0,-32.9153,-32.9153,-32.9153,0,38.1431,12.0791,12.0791,7.73197,-564.4,8.25653,8.25653,-3.9095,-9.6552,-2.10553,41.8022,-19.933,-19.7653,-8.42422,0,2.62795,0,272.367,272.367,272.367,0,0,0,0,-15.476,-705.068,-60.2542,-60.2542,168.77,585.513,37.7476,54.443,0,-185.445,238.8,85.9255,449.258,1500.33,1142.57,633.522,-59.2002,-17.4651,-302.632,-302.632,-747.491,298.096,-116.142,-1986.13,-1390.42,-59.8835,-86.5622,-212.155,-1052.27,-393.341,-444.595,339.144,-296.722,-3085.04,3700.03,1626.03,-7783.68,-583.801,922.267,-717.911,-2.17595,-557.039,126.809,-236.766,-94.3365,-243.638,-92.453,-313.928,179.693,179.693,-164.57,-219.509,-219.509,-806.224,-90.6625,0,-333.199,66.8049,568.533,0,0
2020-08-06 16:00:00 UTC,264.378,133.224,-391.229,39.6602,39.6602,109.226,-88.3416,-152.216,306.563,306.563,-676.261,-228.161,1120.77,50.9759,-104.182,-217.29,-548.102,-120.273,595.997,86.2526,22.0012,160.619,160.619,305.256,435.94,144.892,20.8065,-15.7449,-20.187,-180.267,103.043,103.043,247.18,139.135,139.135,376.958,-154.949,-196.697,1289.51,1289.51,-199.186,-474.264,-419.299,-223.06,-245.94,447.548,1246.62,1271.23,1260.9,-16.6195,125.888,125.888,-34.004,57.7272,71.9505,-12.7375,-12.7375,327.872,-173.634,-83.6744,-244.103,229.077,135.297,-165.347,-165.347,6.77819,26.4435,-140.981,-140.981,-28.8485,-363.552,328.41,145.223,145.223,-8.36194,-8.36194,-2.2157,-2.72187,-3.1914,7.35218,5.11712,-17.2695,-0.262781,-0.342667,0.00719492,3.37418,-3.82881,-88.9096,-88.9096,-11.2227,-11.2227,-12.9027,-12.9027,90.5546,90.5546,90.5546,-32.8487,-32.8487,-4.27152,37.2808,15.6291,15.6291,-17.2742,-17.2742,89.644,18.906,236.77,10.7247,10.7247,186.057,186.057,186.057,-538.635,148.252,148.252,155.226,155.226,-7.75529,-48.0602,-48.0602,8.55308,8.55308,877.58,877.58,-566.815,-566.815,0,29.7485,269.395,107.226,-290.436,-290.436,210.312,-1016.05,-568.661,217.356,871.678,871.678,-155.547,-155.547,737.539,737.539,-61.1585,-153.706,-124.284,-718.832,-262.648,-262.648,169.346,169.346,169.346,-508.271,-508.271,733.189,-2.88318,-2.88318,-236.302,499.67,499.67,-490.3,246.204,-61.0793,0,-282.186,-203.711,707.973,505.334,505.334,80.4331,-15.5008,10.0983,434.678,434.678,-54.2981,-61.0067,-61.0067,-1155.04,444.335,1284.36,-1120.67,-1144.32,-1125.66,1922.28,-517.59,406.174,-962.006,-981.721,-945.997,1047.19,223.3,135.736,-620.45,-1709.66,-43.9416,-1807.51,-4909.79,-2695.27,-2695.27,-177.992,1662.9,-191,-201.632,-161.149,114.421,-195.589,181.871,199.958,207.59,-222.541,-219.289,-223.35,209.55,-80.7669,-80.7669,189,-397.511,-397.511,1602.45,-208.382,-199.739,190.583,-169.461,-430.562,-693.359,-693.359,-263.917,-580.673,-639.59,-2276.27,910.809,-411.757,395.1,5.25354,-525.116,-751.122,-446.462,-443.465,-5.58581,772.559,842.951,-164.204,-137.4,-181.418,-74.8432,34.9421,-207.998,-110.834,-110.842,56.4768,-133.084,100.127,129.623,-33.8263,624.574,604.787,677.461,655.392,101.337,101.337,58.3349,201.696,-41.2073,-41.2073,-143.701,-143.701,332.793,332.793,-124.678,-68.4069,58.8438,265.852,-521.179,3359.8,3036.54,-5593.21,84.3064,-1382.18,358.235,402.437,-222.261,-222.261,-121.934,-121.934,-122.68,-322.488,588.184,-7.78632,-47.3038,-47.3038,-97.4565,-190.381,-30.9354,-62.5066,-33.6208,-33.6208,-64.1287,-63.2989,-244.223,-244.223,-284.413,-114.913,-248.796,23.7083,-301.159,221.039,221.039,-134.843,-150.067,0,-121.492,-215.784,0,-124.606,299.459,299.459,164.329,-65.1925,133.977,134.997,143.457,-11.6769,-22.4353,-160.359,41.0676,668.797,234.974,98.6511,98.6511,-30.2988,-198.801,-198.801,-7.55262,-8.27855,523.633,0,-30.9668,-30.9668,0,-595.251,0,-168.243,0,147.479,0,-38.4401,76.9215,39.7948,90.1333,90.1333,0,44.0113,44.0113,55.9986,0,1.15005,-564.934,-564.934,-564.934,0.510425,0,0,0,-38.5587,-38.5587,-38.5587,0,40.6117,12.4841,12.4841,7.94955,-618.857,8.36194,8.36194,-5.70712,-10.8968,-2.79544,42.8063,-21.7535,-21.5708,-9.62487,1.8665e-12,0.00138555,0,281.039,281.039,281.039,0,0,0,0,-20.6345,-775.443,-61.1266,-61.1266,151.751,643.508,26.5231,37.9591,0,-206.723,249.693,92.4706,421.38,1633.75,1190.62,668.147,-74.6923,-21.595,-322.378,-322.378,-808.554,348.629,-129.04,-2247.58,-1473.8,-62.599,-90.5537,-221.966,-1104.85,-406.515,-462.621,349.29,-314.005,-3245.91,3718.31,1635.71,-7894.91,-642.376,915.145,-714.183,-11.0688,-603.911,125.636,-243.19,-106.488,-177.147,-105.337,-322.022,194.967,194.967,-187.724,-225.974,-225.974,-878.938,-111.895,0,-344.45,66.0989,590.661,0,0
2020-08-06 17:00:00 UTC,271.719,134.468,-378.188,31.3332,31.3332,132.873,-85.2006,-145.061,301.077,301.077,-725.218,-248.676,1195.46,49.3533,-114.893,-223.367,-584.987,-128.1,643.199,95.0496,38.6739,173.239,173.239,321.939,451,149.782,21.9881,-16.6587,-17.7403,-189.445,109.516,109.516,265.961,150.914,150.914,406.211,-171.622,-218.124,1441.1,1441.1,-218.509,-508.033,-440.996,-233.804,-269.005,501.23,1384.57,1411.68,1401.28,-18.6342,136.979,136.979,-36.7807,63.4788,84.1728,-13.2764,-13.2764,364.623,-185.828,-91.5849,-264.891,255.252,151.602,-178.885,-178.885,6.97922,26.1555,-143.942,-143.942,-29.3098,-381.64,354.13,157.4,157.4,-7.83017,-7.83017,-2.24534,-2.72719,-3.36061,8.07257,5.07332,-18.9771,-0.199404,-0.282778,0.296818,3.87311,-3.68354,-95.5104,-95.5104,-13.0041,-13.0041,-14.9179,-14.9179,97.174,97.174,97.174,-33.5088,-33.5088,-2.63749,41.3595,16.1897,16.1897,-18.6079,-18.6079,98.2172,20.3817,252.054,12.4193,12.4193,199.762,199.762,199.762,-576.181,160.051,160.051,166.675,166.675,-8.5255,-52.2186,-52.2186,5.82327,5.82327,944.53,944.53,-599.598,-599.598,0,30.5576,286.369,112.525,-306.806,-306.806,225.606,-1082.28,-606.67,232.299,940.368,940.368,-166.261,-166.261,795.071,795.071,-64.8551,-162.285,-151.292,-707.707,-281.03,-281.03,181.597,181.597,181.597,-548.433,-548.433,790.904,-2.88318,-2.88318,-252.266,544.932,544.932,-519.402,271.462,-58.8128,0,-299.855,-205.66,781.906,552.287,552.287,88.7778,-12.5063,12.8267,465.827,465.827,-41.9672,-53.996,-53.996,-1267.69,511.255,1423.62,-1231.53,-1257.47,-1237.19,2164.62,-567.591,445.202,-1040.75,-1061.97,-1021.16,1114.51,267.434,174.589,-661.11,-1779.79,-46.754,-1883.61,-5147.92,-2831.47,-2831.47,-174.958,1817.36,-208.507,-202.188,-165.906,117.514,-206.156,189.745,211.735,219.839,-232.646,-229.318,-233.496,221.996,-90.5927,-90.5927,199.439,-411.008,-411.008,1727.94,-233.466,-210.797,200.757,-176.468,-444.227,-731.392,-731.392,-266.796,-594.842,-655.429,-2336,921.724,-428.74,411.22,5.93746,-559.325,-777.418,-461.998,-458.917,-6.65349,800.099,872.908,-168.242,-140.905,-185.762,-76.7144,37.0339,-221.358,-114.189,-114.198,59.4413,-145.94,103.283,133.571,-33.1901,641.978,620.87,696.113,672.571,102.848,102.848,60.0427,204.398,-41.047,-41.047,-144.881,-144.881,343.836,343.836,-143.252,-71.0094,58.7891,272.281,-523.01,3471.15,3140.33,-5633.68,86.7616,-1454.75,393.568,424.324,-244.409,-244.409,-139.406,-139.406,-111.204,-334.21,639.314,-5.62063,-54.5156,-54.5156,-107.121,-193.814,-98.4011,-67.9495,-38.7581,-38.7581,-73.2968,-72.3345,-256.065,-256.065,-296.778,-119.786,-265.901,4.4173,-353.822,238.98,238.98,-146.256,-163.06,0,-123.778,-220.881,0,-135.322,304.966,304.966,182.656,-80.8465,145.354,146.445,156.007,-18.9697,-28.6593,-167.115,41.4387,674.574,238.648,102.836,102.836,-26.181,-203.094,-203.094,-8.51036,-9.25448,519.545,0,-21.4336,-21.4336,0,-641.785,0,-176.686,0,152.537,0,-38.708,71.6921,40.8154,94.7227,94.7227,0,44.8488,44.8488,58.9981,0,1.46406,-635.715,-635.715,-635.715,0.61784,0,0,0,-44.3468,-44.3468,-44.3468,0,41.252,11.9562,11.9562,6.86575,-668.93,7.83017,7.83017,-7.39024,-12.9643,-3.84184,44.2539,-23.2224,-23.0284,-10.6728,2.27484e-09,-2.30816,0,286.333,286.333,286.333,0,0,0,0,-22.549,-839.218,-61.3521,-61.3521,124.596,697.979,12.7859,17.8066,0,-233.2,257.07,98.0669,381.989,1753.38,1226.11,696.088,-88.344,-24.3277,-339.363,-339.363,-859.535,397.753,-141.251,-2463.52,-1533.31,-64.4477,-93.2906,-228.696,-1136.62,-415.191,-472.638,356.162,-323.774,-3352.18,3730.72,1642.4,-7954.35,-696.103,908.691,-709.527,-19.8083,-647.533,124.681,-249.098,-116.973,-118.04,-118.871,-330.032,208.481,208.481,-209.156,-230.464,-230.464,-947.807,-133.481,0,-347.931,66.0139,606.002,0,0
2020-08-06 18:00:00 UTC,276.181,134.641,-362.484,22.2559,22.2559,156.97,-81.619,-137.052,289.516,289.516,-762.455,-267.354,1254.85,50.8173,-125.31,-224.726,-619.515,-135.408,680.816,102.182,55.4281,186.857,186.857,335.008,458.484,152.373,22.9961,-17.4311,-14.3399,-197.057,114.775,114.775,280.427,159.69,159.69,431.493,-187.767,-238.924,1584.78,1584.78,-236.887,-536.356,-457.935,-242.139,-290.852,553.931,1514.49,1543.93,1533.61,-21.9164,148.414,148.414,-41.4735,70.4812,102.359,-13.1078,-13.1078,403.343,-191.636,-98.9756,-283.831,279.682,166.95,-191.094,-191.094,6.85762,24.9872,-145.207,-145.207,-29.2211,-395.408,376.248,166.208,166.208,-7.01682,-7.01682,-2.28731,-2.72838,-3.56754,8.70951,4.8498,-20.8989,-0.165325,-0.250468,0.605748,4.42049,-3.39396,-101.015,-101.015,-15.192,-15.192,-17.3867,-17.3867,102.986,102.986,102.986,-33.4397,-33.4397,-0.359673,46.0559,16.4938,16.4938,-19.9923,-19.9923,106.011,21.976,264.226,13.7693,13.7693,211.87,211.87,211.87,-609.529,170.226,170.226,176.682,176.682,-9.0562,-55.6859,-55.6859,3.12925,3.12925,1002.48,1002.48,-627.284,-627.284,0,31.0029,300.911,117.275,-320.692,-320.692,239.171,-1140.43,-640.182,245.698,1000.08,1000.08,-175.194,-175.194,844.775,844.775,-68.0974,-169.543,-176.633,-691.244,-297.666,-297.666,192.613,192.613,192.613,-584.201,-584.201,840.684,-2.88318,-2.88318,-267.223,586.788,586.788,-544.839,295.117,-55.5354,0,-314.865,-205.486,850.309,595.435,595.435,95.2437,-10.4709,16.809,492.519,492.519,-27.9643,-45.6085,-45.6085,-1371.94,576.453,1554.56,-1334.23,-1362.3,-1340.53,2396.77,-614.805,480.574,-1111.2,-1133.74,-1087.97,1171.84,309.886,213.486,-696.102,-1835.85,-48.7471,-1944.35,-5338.8,-2940.28,-2940.28,-171.121,1954.2,-221.784,-200.907,-169.883,119.131,-214.777,196.461,221.654,230.157,-240.449,-237.079,-241.331,232.477,-99.0442,-99.0442,208.166,-421.794,-421.794,1835.51,-254.1,-220.347,209.24,-182.392,-454.735,-762.736,-762.736,-268.282,-604.957,-666.734,-2376.06,923.274,-442.177,423.791,6.59054,-588.602,-796.298,-473.146,-470.008,-7.80709,820.001,894.548,-170.699,-143.169,-188.842,-78.0175,38.4237,-232.815,-116.36,-116.368,61.6768,-157.286,105.324,136.032,-33.711,654.461,632.386,709.478,684.857,103.697,103.697,61.0639,205.51,-40.8458,-40.8458,-145.384,-145.384,351.709,351.709,-160.172,-72.8303,58.8075,276.752,-524.054,3550.25,3211.1,-5657.37,88.1913,-1517.24,423.444,442.509,-263.18,-263.18,-155.292,-155.292,-100.179,-344.554,685.966,-3.44322,-61.2045,-61.2045,-115.057,-196.899,-162.178,-72.2837,-43.2463,-43.2463,-81.3503,-80.2711,-265.848,-265.848,-306.706,-123.641,-280.58,-16.0578,-401.427,252.679,252.679,-155.257,-173.354,0,-123.458,-221.373,0,-143.946,304.961,304.961,198.102,-95.9958,155.034,156.184,165.788,-25.2462,-33.8003,-172.59,41.6194,674.032,242.109,106.142,106.142,-23.4148,-205.411,-205.411,-9.38825,-10.1413,508.879,0,-11.2569,-11.2569,0,-677.861,0,-176.762,0,155.218,0,-38.9435,65.5752,41.0143,98.5285,98.5285,0,45.1347,45.1347,62.0251,0,1.8349,-703.404,-703.404,-703.404,0.721059,0,0,0,-50.3598,-50.3598,-50.3598,0,41.0487,11.0986,11.0986,5.21043,-708.664,7.01682,7.01682,-8.61909,-14.9523,-5.33988,45.1008,-24.4532,-24.2503,-11.4304,0,-3.8999,0,289.293,289.293,289.293,0,0,0,0,-28.6726,-894.829,-61.1703,-61.1703,91.6286,747.397,-2.32646,-4.34973,0,-262.373,261.59,102.787,336.562,1856.79,1251.92,718.585,-100.243,-28.2948,-353.629,-353.629,-900.18,442.371,-152.031,-2638.9,-1571.72,-65.6049,-95.0558,-233.045,-1145.78,-420.088,-476.731,360.017,-329.4,-3416.6,3739.07,1647.04,-7989.31,-743.329,903.305,-704.51,-28.213,-686.605,123.978,-254.115,-125.771,-62.1984,-131.541,-337.115,219.986,219.986,-227.985,-230.824,-230.824,-1001.49,-154.993,0,-349.803,66.1026,616.263,0,0
2020-08-06 19:00:00 UTC,276.044,133.062,-341.13,13.5258,13.5258,177.146,-76.9501,-126.914,274.092,274.092,-783.568,-280.796,1290.02,52.2132,-133.466,-222.357,-643.74,-140.525,703.881,106.954,69.9576,197.454,197.454,343.9,458.017,152.536,23.7893,-18.0376,-10.0881,-202.846,118.67,118.67,290.375,165.43,165.43,449.159,-199.235,-253.73,1692.44,1692.44,-250.175,-557.646,-468.293,-247.208,-307.376,596.811,1611.99,1643.15,1633,-24.3475,158.1,158.1,-41.4442,76.1128,113.377,-12.8556,-12.8556,431.66,-195.005,-104.568,-294.804,299.712,179.623,-196.914,-196.914,6.09752,22.3003,-144.155,-144.155,-28.1423,-402.952,390.548,171.461,171.461,-5.81588,-5.81588,-2.28437,-2.68861,-3.88365,9.2703,3.69319,-23.023,-0.188027,-0.271659,0.898701,4.96266,-3.15398,-104.3,-104.3,-18.8965,-18.8965,-21.5717,-21.5717,107.758,107.758,107.758,-32.5475,-32.5475,2.67506,50.8886,16.2124,16.2124,-20.8607,-20.8607,111.534,23.433,271.782,14.6008,14.6008,219.943,219.943,219.943,-631.811,176.782,176.782,183.358,183.358,-9.36331,-58.0666,-58.0666,1.20776,1.20776,1041.3,1041.3,-645.325,-645.325,0,31.2695,310.552,120.246,-329.697,-329.697,248.215,-1179.28,-662.642,254.867,1040.18,1040.18,-181.263,-181.263,878.129,878.129,-70.3255,-174.257,-195.878,-674.387,-308.966,-308.966,200.532,200.532,200.532,-610.097,-610.097,873.942,-2.88318,-2.88318,-277.966,617.382,617.382,-562.289,313.09,-52.0402,0,-325.065,-203.514,901.797,626.851,626.851,99.8341,-8.65737,18.8829,509.383,509.383,-15.8427,-38.096,-38.096,-1448.92,627.217,1652.49,-1410.31,-1439.95,-1417.11,2574.48,-650.015,506.18,-1161.89,-1185.38,-1135.81,1210.64,342.49,245.57,-718.754,-1868.19,-49.6653,-1979.28,-5447.05,-3001.33,-3001.33,-166.887,2050.26,-229.939,-198.094,-171.727,119.914,-220.067,200.357,227.677,236.423,-244.753,-241.371,-245.653,238.851,-105.287,-105.287,213.454,-428.575,-428.575,1906.6,-268.41,-226.487,214.367,-185.735,-460.138,-783.302,-783.302,-268.634,-609.407,-671.694,-2392.66,913.754,-450.142,430.664,7.33625,-607.432,-804.123,-477.757,-474.602,-9.06194,828.591,903.878,-171.286,-143.949,-190.238,-78.5492,38.7397,-240.24,-117.039,-117.048,62.7697,-165.173,105.961,136.641,-34.3015,659.913,637.429,715.308,690.231,103.939,103.939,61.6238,205.961,-40.8611,-40.8611,-145.478,-145.478,355.104,355.104,-171.962,-73.9757,59.1054,278.825,-524.769,3575.33,3238.92,-5677.2,89.1637,-1558.08,442.123,453.104,-274.876,-274.876,-166.803,-166.803,-91.6459,-351.637,717.69,-1.9222,-66.3621,-66.3621,-119.812,-198.405,-201.498,-74.2563,-46.7253,-46.7253,-87.3378,-86.1713,-271.87,-271.87,-312.775,-126.08,-290.246,-33.2174,-437.355,261.69,261.69,-161.33,-180.341,0,-121.737,-219.506,0,-149.843,302.02,302.02,209.061,-107.883,161.5,162.688,172.323,-30.4266,-37.868,-175.587,41.0233,665.846,243.369,107.751,107.751,-21.7104,-204.553,-204.553,-10.1247,-10.8807,495.914,0,-2.0198,-2.0198,0,-697.173,0,-172.783,0,155.385,0,-39.1302,58.6109,40.384,101.423,101.423,0,44.8843,44.8843,65.0377,0,2.10187,-754.885,-754.885,-754.885,0.808138,0,0,0,-54.5793,-54.5793,-54.5793,0,39.2687,9.52603,9.52603,2.77277,-733.471,5.81588,5.81588,-9.54161,-16.3523,-6.86622,47.2559,-24.9297,-24.7245,-11.8383,0,-4.82116,0,290.088,290.088,290.088,0,0,0,0,-31.0202,-930.658,-60.8156,-60.8156,61.8771,782.855,-15.1949,-23.2069,0,-286.134,263.208,105.877,296.42,1924.01,1264.23,731.138,-107.532,-30.366,-362.474,-362.474,-923.593,473.418,-159.492,-2733.91,-1582.75,-65.9024,-95.6003,-234.399,-1127.98,-422.039,-474.906,362.116,-328.134,-3425.86,3747.71,1651.7,-8018.58,-774.47,902.962,-700.149,-33.8989,-713.251,123.001,-256.514,-130.972,-27.2781,-140.307,-341.699,227.192,227.192,-240.448,-228.317,-228.317,-1036.3,-172.672,0,-345.144,66.7436,619.311,0,0
2020-08-06 20:00:00 UTC,276.201,132.168,-325.463,8.28218,8.28218,190.418,-73.2913,-119.204,264.014,264.014,-797.544,-289.317,1313.05,52.6432,-138.58,-221.366,-659.076,-143.759,719.469,110.071,79.3738,204.455,204.455,350.411,456.653,152.34,24.392,-18.4949,-6.59303,-207.185,121.413,121.413,296.478,168.589,168.589,460.961,-205.979,-262.448,1755.39,1755.39,-258.32,-569.108,-474.8,-250.396,-318.228,626.539,1668.31,1700.46,1690.47,-25.2955,163.121,163.121,-42.2149,78.7559,117.837,-13.0032,-13.0032,446.757,-200.039,-108.478,-301.15,310.15,186.259,-199.629,-199.629,6.02763,21.6919,-144.354,-144.354,-28.0468,-408.149,398.836,174.825,174.825,-5.45255,-5.45255,-2.30583,-2.6938,-4.00794,9.58535,3.45313,-23.7398,-0.174176,-0.258538,1.02229,5.16656,-3.03109,-106.853,-106.853,-20.1501,-20.1501,-22.9817,-22.9817,110.664,110.664,110.664,-32.0115,-32.0115,3.57477,52.581,16.2959,16.2959,-21.2675,-21.2675,115.673,23.9834,276.563,14.999,14.999,224.587,224.587,224.587,-644.747,180.223,180.223,187.34,187.34,-9.46927,-59.6409,-59.6409,0.431628,0.431628,1064.12,1064.12,-655.749,-655.749,0,31.7185,316.248,121.743,-334.808,-334.808,253.008,-1201.88,-675.735,260.207,1063.52,1063.52,-185.084,-185.084,897.811,897.811,-71.6762,-176.917,-207.653,-662.111,-315.66,-315.66,205.194,205.194,205.194,-625.788,-625.788,893.268,-2.88318,-2.88318,-284.705,635.793,635.793,-572.238,324.53,-48.7097,0,-330.456,-200.725,933.308,645.673,645.673,102.751,-7.22627,19.3399,519.236,519.236,-7.80041,-32.9989,-32.9989,-1493.18,658.063,1709.2,-1454.04,-1484.58,-1461.18,2680.73,-671.504,519.654,-1190.71,-1214.71,-1162.98,1231.51,362.338,265.629,-731.275,-1884.13,-50.0017,-1996.37,-5500.3,-3030.85,-3030.85,-163.662,2107.59,-234.402,-195.625,-173.038,118.77,-222.884,202.136,230.737,239.606,-246.856,-243.471,-247.765,242.094,-109.161,-109.161,216.141,-431.828,-431.828,1947.76,-276.791,-229.895,216.968,-188.12,-462.398,-794.995,-794.995,-268.739,-610.976,-673.424,-2393.33,904.099,-454.562,434.217,8.08372,-618.646,-806.29,-479.027,-475.872,-10.2065,831.338,906.853,-170.819,-143.645,-190.182,-78.5853,39.0072,-244.399,-116.881,-116.89,63.2122,-170.302,105.812,136.399,-34.4093,661.767,639.166,717.286,692.08,103.353,103.353,61.6774,204.757,-40.5469,-40.5469,-144.697,-144.697,355.548,355.548,-179.665,-74.4038,57.9479,278.404,-523.545,3583.43,3240.88,-5647.13,88.1631,-1580.13,452.76,458.762,-281.428,-281.428,-173.711,-173.711,-85.6023,-356.04,737.358,-0.793087,-69.93,-69.93,-122.4,-199.364,-223.165,-74.9164,-49.097,-49.097,-91.2473,-90.0238,-275.249,-275.249,-316.139,-127.438,-295.809,-43.8533,-459.822,267.46,267.46,-165.2,-184.794,0,-120.699,-218.521,0,-153.611,300.504,300.504,215.967,-114.861,165.469,166.68,176.487,-33.8341,-40.5345,-177.164,40.226,658.242,243.485,108.391,108.391,-20.7044,-204.185,-204.185,-10.7027,-11.467,490.958,0,3.72324,3.72324,0,-708.035,0,-171.293,0,155.181,0,-39.2757,52.6334,39.7971,103.593,103.593,0,44.6043,44.6043,67.4002,0,2.23253,-784.793,-784.793,-784.793,0.867017,0,0,0,-57.0339,-57.0339,-57.0339,0,39.1086,9.07005,9.07005,2.03766,-748.486,5.45255,5.45255,-10.0543,-17.075,-7.36086,47.0885,-25.3836,-25.1752,-11.9928,0,-5.13903,0,289.921,289.921,289.921,0,0,0,0,-30.2224,-952.097,-60.4519,-60.4519,40.3487,802.566,-23.7739,-35.766,0,-305.431,263.705,107.333,267.832,1961.65,1268.81,737.84,-111.463,-30.8315,-367.71,-367.71,-935.62,491.835,-164.342,-2781.79,-1581.75,-65.7928,-95.4685,-234.079,-1119.81,-419.911,-471.692,361.344,-324.461,-3418.39,3733.58,1644.11,-7974.28,-793.381,905.856,-696.141,-38.165,-728.919,122.448,-257.753,-133.669,-8.18232,-145.948,-344.376,231.228,231.228,-247.898,-226.692,-226.692,-1058.97,-184.224,0,-338.978,67.1609,619.157,0,0
2020-08-06 21:00:00 UTC,277.115,131.893,-313.124,5.3377,5.3377,200.742,-70.1028,-112.666,255.871,255.871,-809.409,-295.444,1331.88,51.8481,-142.073,-221.72,-669.615,-145.98,732.397,112.626,86.5533,210.099,210.099,356.776,457.136,152.701,24.9445,-18.9088,-3.85404,-211.175,123.738,123.738,300.779,170.418,170.418,470.176,-210.439,-268.22,1799.72,1799.72,-263.883,-577.734,-480.021,-252.952,-326,648.481,1707.7,1740.53,1730.7,-25.7317,166.627,166.627,-42.9236,80.4004,120.384,-13.1577,-13.1577,456.915,-204.159,-111.394,-304.969,317.173,190.736,-200.716,-200.716,6.09935,21.5445,-144.777,-144.777,-28.1529,-412.461,404.713,177.012,177.012,-5.2669,-5.2669,-2.33777,-2.71586,-4.07362,9.80183,3.46668,-24.1843,-0.159061,-0.24425,1.10418,5.29743,-2.94988,-109.09,-109.09,-20.6555,-20.6555,-23.5481,-23.5481,112.82,112.82,112.82,-31.8315,-31.8315,4.0459,53.6671,16.463,16.463,-21.6337,-21.6337,119,24.3637,280.42,15.0814,15.0814,227.634,227.634,227.634,-653.538,181.991,181.991,190.098,190.098,-9.36886,-60.858,-60.858,0.26362,0.26362,1080.6,1080.6,-663.242,-663.242,0,32.3041,320.608,122.887,-338.442,-338.442,256.218,-1217.01,-684.512,264.42,1080.11,1080.11,-188.007,-188.007,911.915,911.915,-72.4282,-178.806,-215.797,-653.339,-320.438,-320.438,208.511,208.511,208.511,-636.212,-636.212,906.73,-2.88318,-2.88318,-289.875,648.889,648.889,-579.108,333.039,-45.5418,0,-333.784,-198.384,956.373,658.789,658.789,104.571,-6.65902,20.6524,526.487,526.487,-1.77077,-29.1616,-29.1616,-1524.31,679.996,1749.24,-1484.53,-1515.68,-1491.92,2756.02,-686.452,529.956,-1210.65,-1235.01,-1181.78,1245.92,376.257,279.502,-740.365,-1895.18,-50.2345,-2007.9,-5537.92,-3051.51,-3051.51,-161.361,2146.95,-236.806,-193.743,-174.909,116.195,-224.853,203.35,232.889,241.843,-248.206,-244.829,-249.122,244.364,-111.638,-111.638,218.006,-433.573,-433.573,1976.17,-281.822,-232.361,218.77,-190.706,-464.011,-802.932,-802.932,-268.492,-611.731,-674.272,-2392.89,897.614,-457.704,436.451,8.67296,-626.666,-807.99,-480.02,-476.867,-11.0731,832.91,908.563,-170.614,-143.55,-190.105,-78.6857,38.7962,-247.088,-116.749,-116.757,63.2217,-173.889,105.687,136.248,-33.422,662.72,640.038,718.306,693.01,103.049,103.049,62.032,204.568,-40.2592,-40.2592,-144.096,-144.096,355.617,355.617,-184.797,-74.9141,56.6877,278.177,-522.552,3586,3241.23,-5621.6,87.5009,-1594.88,460.03,462.772,-285.853,-285.853,-178.588,-178.588,-81.1207,-359.133,751.385,0.0142355,-72.518,-72.518,-124.086,-200.546,-235.314,-75.1916,-50.8582,-50.8582,-94.127,-92.8612,-277.667,-277.667,-318.496,-128.353,-299.762,-51.6686,-475.81,271.443,271.443,-167.944,-187.96,0,-119.709,-217.545,0,-156.318,299.254,299.254,220.903,-119.767,168.337,169.565,179.424,-36.2634,-42.4007,-178.131,39.2855,653.357,244.332,108.905,108.905,-20.5395,-204.504,-204.504,-11.2606,-12.0429,495.011,0,6.85353,6.85353,0,-714.163,0,-172.532,0,155.554,0,-39.4142,48.272,39.4531,105.588,105.588,0,44.4666,44.4666,69.3279,0,2.30493,-805.79,-805.79,-805.79,0.912513,0,0,0,-58.6708,-58.6708,-58.6708,0,39.2808,8.86383,8.86383,1.66263,-758.737,5.2669,5.2669,-10.3536,-17.6022,-7.67723,46.7007,-25.8441,-25.6322,-11.9429,0,-4.83779,0,289.712,289.712,289.712,0,0,0,0,-32.3177,-967.908,-60.1678,-60.1678,23.9266,816.529,-30.2185,-45.1963,0,-316.453,264.06,108.502,249.564,1987.9,1271.25,743.46,-114.484,-32.1383,-371.742,-371.742,-943.708,504.943,-167.785,-2817.3,-1584.37,-65.7216,-95.3605,-233.813,-1117.67,-419.779,-468.827,361.954,-323.916,-3402.93,3720.68,1637.22,-7936.69,-806.929,909.24,-692.921,-41.2273,-740.064,122.388,-258.814,-135.405,3.79761,-149.889,-345.813,234.078,234.078,-253.531,-225.317,-225.317,-1075.88,-193.195,0,-331.785,67.2501,618.972,0,0
2020-08-06 22:00:00 UTC,278.055,132.026,-305.276,5.30704,5.30704,206.54,-67.8003,-107.943,250.239,250.239,-815.97,-297.575,1341.21,49.1011,-143.084,-223.272,-671.897,-146.461,739.55,114.111,90.506,212.993,212.993,361.221,458.696,153.331,25.3049,-19.1757,-2.40557,-213.793,125.054,125.054,302.173,170.442,170.442,474.503,-211.568,-269.681,1814.85,1814.85,-265.624,-581.843,-482.646,-254.243,-328.989,657.565,1721.05,1754.11,1744.35,-25.6162,167.964,167.964,-42.9817,80.7748,120.388,-13.2622,-13.2622,459.76,-206.18,-112.58,-305.334,319.387,192.148,-199.934,-199.934,6.21872,21.6978,-145.173,-145.173,-28.3263,-414.683,406.485,176.995,176.995,-5.24019,-5.24019,-2.36686,-2.74772,-4.09693,9.88775,3.58154,-24.303,-0.153634,-0.239126,1.12861,5.33348,-2.96616,-110.387,-110.387,-20.6602,-20.6602,-23.5525,-23.5525,113.878,113.878,113.878,-31.962,-31.962,4.09891,53.9851,16.6305,16.6305,-21.8113,-21.8113,120.687,24.4951,282.36,14.8005,14.8005,228.451,228.451,228.451,-656.423,181.905,181.905,190.897,190.897,-9.06011,-61.315,-61.315,0.444259,0.444259,1085.97,1085.97,-665.56,-665.56,0,32.6584,322.25,123.394,-339.526,-339.526,257.173,-1221.79,-687.285,266.273,1085.36,1085.36,-189.034,-189.034,916.416,916.416,-72.3996,-179.364,-219.063,-648.424,-322.308,-322.308,209.758,209.758,209.758,-640.16,-640.16,910.66,-2.88318,-2.88318,-292.711,653.994,653.994,-581.794,336.806,-43.1374,0,-334.35,-196.735,964.763,663.493,663.493,104.619,-7.21617,21.3469,528.574,528.574,0.66904,-27.6033,-27.6033,-1535.05,688.053,1763.01,-1494.93,-1526.29,-1502.43,2783.19,-691.877,533.374,-1217.56,-1242.04,-1188.34,1249.79,381.465,286.015,-742.275,-1895.54,-50.242,-2008.18,-5540.6,-3052.28,-3052.28,-160.033,2158.11,-235.77,-192.199,-176.499,112.812,-225.081,203.522,233.177,242.14,-248.112,-244.745,-249.028,244.657,-112.199,-112.199,218.235,-433.361,-433.361,1982.68,-281.97,-233.187,218.99,-192.643,-464.018,-805.111,-805.111,-267.897,-610.86,-673.297,-2384.45,891.91,-458.785,436.35,8.94502,-629.474,-806.475,-479.117,-475.974,-11.5412,831.151,906.651,-169.872,-142.94,-189.386,-78.4583,38.7069,-247.719,-116.252,-116.261,63.0955,-175.145,105.22,135.667,-32.2224,661.634,639.04,717.144,691.946,102.394,102.394,62.1545,203.982,-39.8969,-39.8969,-143.249,-143.249,354.294,354.294,-186.966,-75.0508,54.7448,276.784,-520.638,3578.65,3229.61,-5573.99,86.1311,-1597.73,461.789,463.883,-286.775,-286.775,-180.497,-180.497,-78.748,-360.266,757.185,0.402734,-73.8274,-73.8274,-124.594,-201.505,-237.569,-74.9117,-51.6406,-51.6406,-95.2887,-94.0059,-278.45,-278.45,-319.272,-128.673,-301.17,-55.8259,-482.28,272.342,272.342,-168.707,-188.866,0,-118.448,-215.87,0,-157.18,297.424,297.424,222.596,-122.028,169.201,170.434,180.169,-37.3805,-43.1668,-178.127,38.6098,648.79,245.502,108.832,108.832,-21.6628,-205.041,-205.041,-11.7153,-12.5234,508.043,0,6.8239,6.8239,0,-711.452,0,-177.082,0,156.206,0,-39.5077,46.3334,39.3627,106.896,106.896,0,44.4652,44.4652,70.4201,0,2.29879,-812.921,-812.921,-812.921,0.934867,0,0,0,-59.0008,-59.0008,-59.0008,0,39.5641,8.84853,8.84853,1.60899,-760.476,5.24019,5.24019,-10.3632,-17.7423,-7.69641,46.5942,-26.174,-25.9594,-11.6748,0,-3.9116,0,289.162,289.162,289.162,0,0,0,0,-33.9453,-972.264,-60.1375,-60.1375,16.7413,821.213,-32.8471,-49.0376,0,-320.658,263.863,108.628,240.536,1994.24,1269.62,745.845,-115.182,-32.8257,-373.209,-373.209,-943.894,508.775,-169.111,-2822.25,-1578.64,-65.4495,-94.9559,-232.818,-1113.5,-418.441,-467.492,361.577,-321.92,-3385.11,3695.27,1623.72,-7866.6,-811.693,914.311,-690.438,-42.7502,-744.418,122.836,-259.001,-135.542,5.95534,-151.592,-346.139,234.724,234.724,-255.608,-223.366,-223.366,-1080.64,-198.285,0,-326.354,67.6891,617.882,0,0
2020-08-06 23:00:00 UTC,273.982,130.358,-299.419,7.71346,7.71346,201.262,-66.4442,-105.358,243.748,243.748,-805.151,-291.445,1321.62,43.2895,-139.804,-223.88,-657.312,-143.387,729.827,112.678,87.7876,209.343,209.343,357.335,452.251,151.351,25.086,-19.0193,-1.92207,-212.088,123.56,123.56,296.629,166.566,166.566,466.884,-207.271,-264.119,1772.16,1772.16,-261.218,-574.056,-477.707,-251.858,-324.373,645.88,1683.33,1715.72,1705.91,-24.642,164.958,164.958,-42.1411,78.829,115.444,-13.2821,-13.2821,448.738,-204.877,-111.075,-299.064,312.064,187.478,-194.944,-194.944,6.30075,22.0649,-145.032,-145.032,-28.4237,-410.499,398.695,172.769,172.769,-5.45127,-5.45127,-2.38488,-2.77634,-4.0353,9.70411,3.81883,-23.7132,-0.146496,-0.232453,1.06174,5.18273,-3.02339,-109.396,-109.396,-19.7631,-19.7631,-22.5359,-22.5359,112.445,112.445,112.445,-31.8203,-31.8203,3.40507,52.6137,16.6252,16.6252,-21.5098,-21.5098,119.448,24.0332,278.671,14.0999,14.0999,225.037,225.037,225.037,-647.727,178.488,178.488,188.193,188.193,-8.52941,-60.5412,-60.5412,1.40535,1.40535,1070.38,1070.38,-658.001,-658.001,0,32.7572,318.562,122.252,-335.63,-335.63,253.336,-1206.53,-678.431,263.157,1069.12,1069.12,-186.729,-186.729,903.054,903.054,-71.0407,-177.325,-213.021,-650.992,-318.243,-318.243,206.716,206.716,206.716,-631.02,-631.02,896.854,-2.88318,-2.88318,-290.267,643.599,643.599,-576.164,332.052,-42.0509,0,-329.991,-195.834,947.561,652.19,652.19,102.11,-8.89235,20.3488,520.697,520.697,-3.70074,-30.2815,-30.2815,-1506.23,669.66,1725.6,-1466.21,-1496.96,-1473.58,2718.38,-679.422,523.301,-1199.5,-1223.64,-1171.56,1234.38,369.979,278.066,-730.429,-1875.32,-49.8372,-1986.76,-5475.22,-3014.32,-3014.32,-160.131,2118.26,-230.271,-191.24,-177.192,107.958,-222.153,201.434,229.877,238.704,-245.288,-241.941,-246.192,241.153,-109.689,-109.689,215.328,-429.251,-429.251,1949.85,-274.973,-230.597,216.175,-193.094,-460.498,-796.713,-796.713,-267.551,-606.714,-668.669,-2367.12,886.356,-454.973,431.965,9.24333,-620.067,-799.037,-474.72,-471.603,-11.7639,823.013,897.807,-168.759,-142.006,-188.246,-77.8745,37.7194,-243.546,-115.23,-115.238,61.9646,-171.683,104.258,134.474,-31.2135,656.522,634.323,711.676,686.918,102.246,102.246,62.105,204.538,-39.8665,-39.8665,-143.07,-143.07,350.949,350.949,-180.92,-74.5706,53.4345,275.299,-519.617,3544.13,3199.03,-5546.71,85.876,-1574.15,450.809,457.518,-279.618,-279.618,-175.714,-175.714,-81.642,-356.897,741.314,-0.337246,-72.0847,-72.0847,-121.827,-201.702,-207.464,-72.6734,-50.7181,-50.7181,-92.9769,-91.728,-275.327,-275.327,-316.324,-127.637,-296.684,-51.0848,-467.803,267.131,267.131,-165.588,-185.336,0,-117.206,-214.028,0,-154.266,295.313,295.313,217.497,-118.428,165.505,166.713,176.695,-36.2013,-42.0254,-175.493,37.4069,644.305,245.329,107.644,107.644,-23.5649,-202.17,-202.17,-11.6768,-12.493,516.035,0,4.26196,4.26196,0,-691.528,0,-183.727,0,154.156,0,-39.4453,46.0453,38.7173,106.044,106.044,0,44.0887,44.0887,70.3653,0,2.15803,-792.857,-792.857,-792.857,0.90703,0,0,0,-57.1562,-57.1562,-57.1562,0,39.7383,9.07461,9.07461,2.03585,-744.233,5.45127,5.45127,-9.81206,-17.38,-7.27308,45.6054,-25.9894,-25.7761,-11.2743,0,-2.31986,0,288.004,288.004,288.004,0,0,0,0,-32.7532,-956.237,-60.1244,-60.1244,25.808,807.551,-28.5698,-42.7543,0,-313.373,263.026,107.09,254.69,1962.38,1260.05,741.187,-111.278,-31.8295,-369.674,-369.674,-929.453,495.209,-165.962,-2759.11,-1561.18,-64.8903,-94.1224,-230.767,-1102.52,-419.02,-467.637,361.619,-323.579,-3343.39,3669.78,1610.19,-7826.26,-795.947,924.502,-690.323,-40.3366,-730.846,123.976,-257.896,-131.819,-21.602,-146.787,-345.145,230.876,230.876,-249.547,-221.242,-221.242,-1059.61,-193.905,0,-316.475,68.5434,614.53,0,0
2020-08-07 00:00:00 UTC,264.253,127.076,-302.077,13.313,13.313,182.453,-67.807,-108.406,240.665,240.665,-767.791,-273.909,1260.2,36.142,-130.645,-221.463,-620.587,-135.634,694.233,106.685,76.0266,197.622,197.622,341.436,432.771,145.221,24.0566,-18.2658,-2.37189,-204.245,118.063,118.063,281.067,156.992,156.992,442.426,-196.05,-249.615,1656.9,1656.9,-248.746,-550.452,-461.533,-243.962,-309.555,607.148,1581.64,1612.23,1602.25,-22.7952,156.388,156.388,-39.7729,74.1173,106.668,-12.9158,-12.9158,421.222,-196.755,-105.852,-283.076,293.724,175.827,-183.597,-183.597,5.96778,21.7057,-143.023,-143.023,-27.8582,-396.443,378.018,160.932,160.932,-5.5903,-5.5903,-2.34904,-2.75186,-3.87304,9.18401,4.00912,-22.4132,-0.148786,-0.234721,0.930073,4.84637,-3.07877,-105.059,-105.059,-18.1799,-18.1799,-20.7429,-20.7429,107.483,107.483,107.483,-31.0482,-31.0482,2.39448,49.5983,16.2398,16.2398,-20.6155,-20.6155,114.166,22.8758,266.787,12.769,12.769,216.004,216.004,216.004,-623.564,170.449,170.449,180.693,180.693,-7.78333,-57.9816,-57.9816,3.36668,3.36668,1026.94,1026.94,-637.388,-637.388,0,32.4122,307.914,119.004,-325.247,-325.247,243.446,-1164.37,-654.016,253.809,1024.37,1024.37,-180.011,-180.011,865.747,865.747,-68.2849,-171.9,-194.768,-662.905,-306.464,-306.464,198.364,198.364,198.364,-604.696,-604.696,859.237,-2.88318,-2.88318,-280.776,612.87,612.87,-559.121,315.924,-42.7527,0,-318.893,-195.95,896.953,620.016,620.016,96.3378,-11.6405,17.8744,499.376,499.376,-16.1922,-37.9733,-37.9733,-1426.81,617.953,1623.64,-1387.66,-1416.78,-1394.56,2537.13,-643.7,496.02,-1148.37,-1171.56,-1123.59,1193.26,337.277,250.956,-701.264,-1828.75,-48.7447,-1937.32,-5322.09,-2926.55,-2926.55,-162.162,2012,-218.551,-190.984,-175.834,102.888,-215.122,196.527,222.032,230.539,-238.874,-235.568,-239.753,232.85,-103.097,-103.097,208.44,-420.337,-420.337,1865.04,-258.331,-223.593,209.493,-190.751,-452.358,-774.04,-774.04,-266.963,-598.431,-659.411,-2333.9,881.136,-444.095,421.466,8.86291,-594.039,-783.708,-465.671,-462.598,-10.9311,806.681,880.051,-167.107,-140.538,-186.23,-76.8451,36.0124,-233.003,-113.574,-113.582,59.8018,-161.578,102.702,132.564,-30.3176,646.291,624.888,700.725,676.853,102.271,102.271,61.676,205.607,-40.1957,-40.1957,-143.315,-143.315,344.8,344.8,-164.444,-73.1382,52.4905,272.79,-519.041,3482.53,3141.93,-5529.83,86.3134,-1517.47,422.598,441.328,-261.768,-261.768,-162.436,-162.436,-91.9669,-347.235,698.534,-2.54909,-65.8463,-65.8463,-114.757,-201.137,-144.174,-68.5714,-46.7164,-46.7164,-85.3527,-84.2153,-266.831,-266.831,-308.074,-124.603,-284.28,-37.3375,-425.555,251.398,251.398,-155.885,-174.324,0,-113.78,-207.793,0,-145.092,287.451,287.451,202.168,-107.74,155.363,156.506,165.964,-31.1672,-37.5543,-169.542,36.3735,640.399,243.796,104.965,104.965,-26.8825,-195.665,-195.665,-10.8971,-11.6937,515.392,0,-2.08506,-2.08506,0,-645.729,0,-188.39,0,147.813,0,-39.1693,48.3531,37.0251,102.123,102.123,0,43.0369,43.0369,68.824,0,1.87586,-739.146,-739.146,-739.146,0.810063,0,0,0,-52.632,-52.632,-52.632,0,38.8694,9.05982,9.05982,2.31669,-699.882,5.5903,5.5903,-8.82719,-16.4546,-6.49097,44.0396,-25.1667,-24.9598,-10.5183,0,-0.0826903,0,285.891,285.891,285.891,0,0,0,0,-29.799,-912.696,-60.0909,-60.0909,55.8724,770.444,-15.754,-23.9595,0,-290.629,260.618,103.426,296.135,1881.2,1239.77,726.696,-101.751,-29.3594,-359.073,-359.073,-896.169,459.438,-156.479,-2614.36,-1529.92,-63.9936,-92.7739,-227.448,-1088.48,-419.653,-467.271,360.914,-325.269,-3282.99,3638.05,1593.12,-7800.84,-752.753,937.094,-694.335,-32.3975,-695.444,126.365,-255.799,-123.274,-78.1996,-133.925,-340.466,221.128,221.128,-232.547,-215.252,-215.252,-998.115,-177.718,0,-307.573,69.6136,607.564,0,0
2020-08-07 01:00:00 UTC,250.409,122.535,-308.019,21.252,21.252,153.989,-70.3168,-114.009,240.398,240.398,-711.295,-247.999,1168.4,28.8161,-117.134,-216.653,-567.996,-124.497,640.086,97.2968,57.6234,179.47,179.47,317.197,405.909,136.657,22.4332,-17.0501,-4.06589,-191.76,109.629,109.629,258.322,143.358,143.358,405.733,-178.511,-226.993,1481.62,1481.62,-228.796,-512.487,-436.239,-231.532,-285.531,546.681,1424.7,1452.49,1442.36,-19.9963,142.908,142.908,-36.5064,66.8073,92.1174,-12.4917,-12.4917,378.648,-185.024,-97.4208,-259.693,264.754,157.558,-167.842,-167.842,5.66431,21.7597,-139.889,-139.889,-27.2501,-374.88,346.668,143.821,143.821,-6.07752,-6.07752,-2.30233,-2.72372,-3.61285,8.35288,4.32135,-20.2565,-0.159031,-0.244566,0.669145,4.2753,-3.16376,-97.9697,-97.9697,-15.5467,-15.5467,-17.7594,-17.7594,99.6447,99.6447,99.6447,-29.9159,-29.9159,0.426703,44.5279,15.6442,15.6442,-19.121,-19.121,105.402,21.0125,248.616,10.8544,10.8544,201.212,201.212,201.212,-583.333,157.839,157.839,168.206,168.206,-6.87745,-53.5562,-53.5562,6.03745,6.03745,954.517,954.517,-602.367,-602.367,0,31.4199,289.67,113.441,-307.69,-307.69,227.252,-1093.97,-613.4,237.734,950.206,950.206,-168.447,-168.447,803.637,803.637,-64.0525,-162.709,-165.479,-678.629,-286.67,-286.67,184.805,184.805,184.805,-561.441,-561.441,797.107,-2.88318,-2.88318,-263.888,562.864,562.864,-529.685,288.682,-45.2934,0,-300.802,-195.728,815.06,568.061,568.061,86.9605,-15.511,13.7946,464.969,464.969,-33.7796,-48.5714,-48.5714,-1301.66,539.003,1465.42,-1264.38,-1290.95,-1270.51,2257.27,-586.999,453.171,-1064.97,-1086.6,-1044.71,1124.38,286.592,208.386,-654.483,-1751.43,-46.4294,-1854.77,-5064.05,-2778.99,-2778.99,-165.358,1841.21,-199.582,-190.502,-171.418,98.1777,-203.492,188.29,209.132,217.118,-228.07,-224.835,-228.904,219.216,-92.5665,-92.5665,197.076,-406.089,-406.089,1727.3,-231.42,-211.753,198.442,-184.308,-438.04,-735.236,-735.236,-264.846,-583.577,-642.809,-2271.43,869.201,-425.602,403.885,8.20819,-553.701,-756.157,-449.399,-446.411,-9.70641,777.757,848.593,-163.381,-137.244,-181.769,-74.9057,33.8722,-216.858,-110.373,-110.382,56.6885,-146.487,99.6952,128.828,-28.9595,628.034,608.02,681.163,658.841,100.924,100.924,60.4067,204.529,-40.3365,-40.3365,-142.308,-142.308,333.264,333.264,-140.982,-70.5838,51.5438,266.11,-516.657,3371.54,3035.8,-5475.35,83.9356,-1431.05,379.865,415.548,-234.631,-234.631,-142.249,-142.249,-106.671,-332.857,635.345,-5.90741,-57.0622,-57.0622,-103.019,-198.591,-53.1355,-61.3559,-40.7563,-40.7563,-74.1607,-73.1861,-253.154,-253.154,-294.324,-119.417,-264.765,-16.7137,-362.496,227.875,227.875,-141.372,-157.847,0,-108.796,-198.56,0,-131.293,275.367,275.367,179.286,-90.7239,140.316,141.363,149.972,-23.471,-30.7659,-160.253,34.9276,632.295,240.112,100.335,100.335,-31.7511,-186.472,-186.472,-9.66801,-10.429,509.998,0,-11.1987,-11.1987,0,-584.857,0,-190.588,0,138.966,0,-38.7616,53.1874,34.8383,95.8798,95.8798,0,41.533,41.533,65.7176,0,1.48811,-657.163,-657.163,-657.163,0.668247,0,0,0,-45.8854,-45.8854,-45.8854,0,37.9873,9.43952,9.43952,3.30258,-634.309,6.07752,6.07752,-7.18144,-14.7798,-5.20988,41.2354,-23.6698,-23.4745,-9.39465,2.0155e-12,2.63288,0,281.369,281.369,281.369,0,0,0,0,-24.8011,-843.296,-59.6611,-59.6611,98.2055,711.184,2.8769,3.35879,0,-255.374,254.806,97.5028,353.792,1748.79,1203.97,698.581,-86.3216,-25.2873,-340.981,-340.981,-840.946,402.924,-142.238,-2376.73,-1472.54,-62.2412,-90.1645,-221.029,-1062.42,-413.993,-461.647,356.141,-318.739,-3185.03,3613.62,1580.25,-7720.89,-687.662,950.975,-700.166,-19.6101,-644.185,128.565,-251.793,-110.315,-158.715,-117.314,-332.662,205.842,205.842,-206.582,-206.654,-206.654,-908.318,-152.718,0,-295.282,70.8879,593.394,0,0
2020-08-07 02:00:00 UTC,240.517,120.329,-324.123,30.4535,30.4535,124.726,-74.8816,-123.879,250.94,250.94,-653.549,-222.569,1078.15,28.5828,-103.698,-210.285,-520.548,-114.414,583.96,86.9375,36.9108,161.407,161.407,293.053,383.492,129.307,20.7363,-15.7422,-7.2743,-178.566,101.052,101.052,236.371,130.593,130.593,369.158,-159.849,-202.989,1303.02,1303.02,-206.941,-470.993,-409.728,-218.389,-258.763,482.177,1262.12,1286.97,1276.88,-17.176,128.546,128.546,-33.5591,59.1699,76.0002,-12.1985,-12.1985,334.28,-173.538,-88.1419,-236.886,233.847,138.258,-153.584,-153.584,5.58907,22.522,-136.53,-136.53,-26.9168,-352.888,316.606,129.667,129.667,-6.8892,-6.8892,-2.26217,-2.70727,-3.33,7.45112,4.67902,-17.8596,-0.176226,-0.260989,0.336225,3.62915,-3.28069,-90.1436,-90.1436,-12.5806,-12.5806,-14.3995,-14.3995,91.262,91.262,91.262,-28.9568,-28.9568,-2.06674,38.8371,15.0366,15.0366,-17.46,-17.46,95.4303,19.0086,230.076,9.01502,9.01502,185.203,185.203,185.203,-539.262,144.671,144.671,154.516,154.516,-6.09352,-48.5238,-48.5238,8.34282,8.34282,875.543,875.543,-563.261,-563.261,0,29.8904,269.287,107.247,-288.198,-288.198,209.939,-1016.01,-568.635,219.889,869.781,869.781,-155.427,-155.427,735.916,735.916,-59.6141,-152.501,-134.283,-690.392,-264.9,-264.9,170.127,170.127,170.127,-514.075,-514.075,729.776,-2.88318,-2.88318,-244.568,509.215,509.215,-495.411,258.834,-48.0987,0,-280.262,-193.843,727.789,512.669,512.669,76.9763,-19.1733,9.38453,429.032,429.032,-49.147,-57.4344,-57.4344,-1169.04,459.25,1300.98,-1134.06,-1157.92,-1139.38,1969.87,-527.129,407.858,-972.876,-992.749,-956.869,1046.16,234.739,163.124,-605.756,-1666.75,-43.4015,-1763.54,-4779.72,-2616.8,-2616.8,-168.602,1660.49,-179.196,-189.888,-164.83,95.2242,-190.73,179.113,195.109,202.539,-216.132,-212.981,-216.918,204.423,-81.3103,-81.3103,184.667,-390.17,-390.17,1580.79,-202.26,-198.638,186.335,-175.513,-421.198,-690.653,-690.653,-261.163,-566.057,-623.241,-2198.64,854.437,-405.383,384.838,7.58955,-513.773,-724.004,-430.401,-427.518,-8.72507,744.452,812.358,-158.311,-132.869,-176.18,-72.6117,31.6977,-201.508,-106.329,-106.337,53.475,-132.193,95.9018,124.036,-29.9943,606.695,588.24,658.274,637.692,98.5423,98.5423,58.0185,199.968,-40.0726,-40.0726,-140.053,-140.053,319.719,319.719,-120.432,-67.302,48.4729,257.331,-511.274,3233.84,2910.85,-5352.82,79.9824,-1347.86,339.193,389.331,-208.837,-208.837,-122.21,-122.21,-119.728,-319.438,577.192,-8.86057,-49.2213,-49.2213,-91.1568,-194.305,21.1341,-54.0155,-34.9724,-34.9724,-63.6001,-62.7785,-238.985,-238.985,-279.478,-113.615,-244.749,5.3934,-301.378,206.594,206.594,-127.987,-142.608,0,-105.848,-192.274,0,-118.426,266.757,266.757,157.777,-71.8426,126.656,127.618,135.356,-15.3135,-23.835,-151.794,34.4323,623.461,234.97,95.221,95.221,-36.2377,-180.423,-180.423,-8.37511,-9.10132,506.466,0,-21.6258,-21.6258,0,-531.548,0,-183.712,0,131.385,0,-38.3726,59.3956,33.2938,89.2828,89.2828,0,40.2124,40.2124,61.5281,0,1.1414,-573.507,-573.507,-573.507,0.530984,0,0,0,-39.214,-39.214,-39.214,0,37.5918,10.2916,10.2916,4.9488,-575.939,6.8892,6.8892,-5.32098,-12.7877,-3.7629,38.1764,-21.8826,-21.7008,-8.30114,0,4.98211,0,274.892,274.892,274.892,0,0,0,0,-19.2455,-771.367,-58.8775,-58.8775,134.611,647.308,19.8215,28.2108,0,-220.117,246.174,90.9624,402.777,1607.35,1161.43,664.695,-70.2294,-20.8856,-321.128,-321.128,-781.077,345.28,-128.68,-2120.95,-1403.11,-59.9943,-86.8628,-212.914,-1023.21,-402.054,-449.625,346.075,-308.236,-3064.91,3533.79,1537.98,-7540.55,-625.403,955.167,-706.195,-7.57894,-597.04,129.406,-245.905,-98.2025,-226.53,-104.272,-325.381,190.248,190.248,-181.487,-201.358,-201.358,-829.547,-126.388,0,-290.879,71.3256,575.163,0,0
2020-08-07 03:00:00 UTC,230.789,117.354,-330.44,35.609,35.609,101.757,-77.2043,-129.196,253.082,253.082,-607.566,-204.16,1007.09,29.903,-94.4513,-203.186,-486.707,-107.202,540.32,78.9349,22.1004,148.092,148.092,273.755,366.883,123.678,19.364,-14.6591,-10.1939,-167.719,94.3044,94.3044,220.206,121.596,121.596,341.468,-145.83,-184.998,1170.99,1170.99,-190.008,-437.618,-388.168,-207.641,-237.584,432.884,1140.51,1163.14,1153.23,-15.235,117.445,117.445,-31.6018,53.4809,63.9853,-11.9862,-11.9862,301.243,-164.717,-80.912,-220.481,210.403,123.754,-143.922,-143.922,5.54066,23.1504,-133.366,-133.366,-26.6236,-335.057,294.498,123.232,123.232,-7.56229,-7.56229,-2.22052,-2.67946,-3.10918,6.74627,4.89064,-16.0072,-0.187801,-0.272066,0.0719113,3.12945,-3.33703,-83.6725,-83.6725,-10.3707,-10.3707,-11.8947,-11.8947,84.5782,84.5782,84.5782,-28.1144,-28.1144,-4.01364,34.4074,14.4897,14.4897,-16.1271,-16.1271,87.2388,17.4549,215.335,7.98855,7.98855,172.879,172.879,172.879,-504.538,134.97,134.97,144.142,144.142,-5.85715,-44.9519,-44.9519,9.58366,9.58366,814.94,814.94,-531.774,-531.774,0,28.5888,252.87,101.52,-272.308,-272.308,196.114,-954.146,-533.269,205.376,808.436,808.436,-145.585,-145.585,684.489,684.489,-56.3005,-144.194,-111.156,-693.11,-247.427,-247.427,158.343,158.343,158.343,-477.044,-477.044,678.813,-2.88318,-2.88318,-228.416,467.803,467.803,-466.596,235.858,-49.7881,0,-263.52,-190.484,661.99,470.474,470.474,70.7959,-19.9734,6.39485,400.629,400.629,-58.3793,-62.3768,-62.3768,-1067.59,401.649,1177.38,-1034.77,-1056.58,-1039.5,1758.12,-481.492,372.813,-900.051,-918.519,-886.947,982.337,197.333,129.756,-568.363,-1596.95,-40.7168,-1687.79,-4545.33,-2483.04,-2483.04,-169.452,1526.16,-165.919,-188.191,-158.863,92.4407,-180.749,171.149,183.892,190.882,-206.072,-203.009,-206.818,192.624,-73.0756,-73.0756,174.715,-376.221,-376.221,1469.99,-182.596,-187.614,176.586,-167.957,-406.151,-654.644,-654.644,-257.145,-550.137,-605.474,-2131.51,836.464,-388.428,368.831,7.21528,-482.734,-695.324,-413.45,-410.663,-8.24181,714.941,780.241,-153.289,-128.51,-170.686,-70.5279,30.0047,-189.528,-102.457,-102.465,50.7284,-121.83,92.2764,119.492,-32.6961,587.487,570.375,637.648,618.563,95.7866,95.7866,55.1391,193.119,-39.5847,-39.5847,-137.272,-137.272,307.257,307.257,-105.868,-64.0333,44.8036,248.541,-504.592,3108.17,2796.45,-5207.67,75.5716,-1285.95,309.002,367.878,-189.586,-189.586,-107.171,-107.171,-128.329,-310.008,532.138,-10.93,-44.2762,-44.2762,-80.8719,-188.863,82.943,-46.6357,-31.7046,-31.7046,-57.04,-56.3131,-227.554,-227.554,-267.226,-108.823,-229.027,24.4378,-259.001,194.963,194.963,-120.329,-133.834,0,-106.798,-193.093,0,-110.917,267.54,267.54,144.286,-56.745,117.75,118.656,127.14,-10.3712,-19.8201,-144.914,33.4368,613.035,227.471,90.8956,90.8956,-37.3764,-174.072,-174.072,-7.32268,-8.01069,494.575,0,-27.7194,-27.7194,0,-493.644,0,-174.469,0,125.587,0,-38.0835,62.9202,32.3234,83.8594,83.8594,0,39.1198,39.1198,57.7569,0,0.923812,-511.912,-511.912,-511.912,0.432336,0,0,0,-34.6158,-34.6158,-34.6158,0,37.2606,11.0273,11.0273,6.31702,-540.962,7.56229,7.56229,-3.93866,-11.2725,-2.69939,35.6974,-20.3218,-20.1517,-7.72069,0,5.69032,0,268.089,268.089,268.089,0,0,0,0,-15.6181,-714.386,-58.1529,-58.1529,155.537,597.24,30.5505,43.9551,0,-195.432,237.331,85.6103,430.136,1497.6,1123.02,635.367,-58.1245,-17.9003,-304.941,-304.941,-732.581,303.739,-118.726,-1914.76,-1340.81,-57.859,-83.7043,-205.149,-992.162,-387.094,-434.431,333.235,-294.551,-2953.61,3432.49,1484.41,-7326.95,-578.408,953.613,-710.916,1.30065,-560.053,128.414,-238.437,-88.9356,-280.828,-95.9153,-320.924,177.934,177.934,-162.728,-202.113,-202.113,-784.589,-105.177,0,-282.835,70.8692,557.068,0,0
2020-08-07 04:00:00 UTC,213.554,110.284,-319.202,35.5131,35.5131,82.1507,-76.2622,-127.797,241.995,241.995,-552.045,-185.568,921.6,30.5039,-86.3051,-190.306,-450.16,-99.3954,490.625,70.4411,10.8733,134.899,134.899,251.232,343.835,115.909,17.8415,-13.4363,-12.1764,-155.351,86.7446,86.7446,202.176,111.561,111.561,311.245,-131.653,-166.842,1037.46,1037.46,-172.542,-400.876,-362.046,-194.558,-215.536,383.922,1017.16,1037.5,1027.92,-13.5214,105.849,105.849,-29.2766,47.8142,54.0082,-11.4783,-11.4783,268.456,-153.036,-73.2541,-202.391,187.29,109.575,-133.002,-133.002,5.07458,22.6107,-128.008,-128.008,-25.6072,-312.747,266.006,108.204,108.204,-7.83385,-7.83385,-2.13252,-2.58939,-2.88558,6.01528,4.84758,-14.2512,-0.216574,-0.299332,-0.15351,2.65213,-3.27952,-76.3127,-76.3127,-8.58532,-8.58532,-9.86752,-9.86752,77.1143,77.1143,77.1143,-26.6248,-26.6248,-5.33927,30.2404,13.6937,13.6937,-14.6973,-14.6973,78.4756,15.8489,197.851,7.17833,7.17833,160.046,160.046,160.046,-467.849,125.062,125.062,133.542,133.542,-5.83208,-41.4947,-41.4947,10.8132,10.8132,752.811,752.811,-498.522,-498.522,0,27.3461,235.609,95.0016,-255.412,-255.412,181.331,-888.4,-495.823,189.888,745.593,745.593,-135.66,-135.66,632.036,632.036,-53.1289,-135.36,-88.4019,-689.543,-228.788,-228.788,145.918,145.918,145.918,-438.587,-438.587,626.831,-2.88318,-2.88318,-210.939,425.319,425.319,-434.538,212.78,-50.1114,0,-244.993,-184.44,596.469,427.638,427.638,65.3228,-19.4229,3.88038,367.484,367.484,-65.3324,-65.5709,-65.5709,-962.908,345.619,1051.85,-932.427,-952.105,-936.566,1547.83,-434.778,336.585,-822.601,-839.557,-812.203,912.922,161.108,96.5357,-529.651,-1519.81,-37.6143,-1603.4,-4287.81,-2336.24,-2336.24,-167.721,1392.01,-154.685,-184.056,-151.253,90.1889,-170.287,161.9,171.853,178.374,-194.752,-191.812,-195.454,179.99,-65.2711,-65.2711,164.001,-360.017,-360.017,1354.83,-166.001,-175.696,166.045,-159.187,-388.8,-616.414,-616.414,-250.651,-531.435,-584.637,-2055.94,810.157,-364.851,348.138,4.95367,-441.557,-663.631,-394.72,-392.038,-5.56285,681.385,743.719,-148.346,-124.177,-164.932,-68.2615,27.6998,-172.644,-98.4264,-98.4346,47.2714,-107.352,88.5072,114.803,-35.2801,565.191,549.547,613.685,596.237,93.471,93.471,52.2093,187.29,-39.5354,-39.5354,-135.265,-135.265,293.588,293.588,-83.2614,-60.0771,42.6456,239.852,-499.478,2971.69,2671.46,-5101.34,72.2835,-1212.56,267.975,340.366,-163.77,-163.77,-90.5438,-90.5438,-141.155,-296.817,470.217,-13.6651,-36.4372,-36.4372,-65.822,-182.744,165.406,-36.8362,-26.8416,-26.8416,-47.9732,-47.3765,-212.618,-212.618,-250.874,-102.408,-209.961,36.2795,-211.504,174.098,174.098,-107.619,-119.463,0,-99.8175,-180.827,0,-98.7541,250.288,250.288,125.412,-44.7889,104.787,105.606,113.139,-5.08165,-14.7914,-134.597,30.9356,597.834,216.508,85.9147,85.9147,-36.7118,-161.919,-161.919,-6.21061,-6.83722,462.732,0,-28.9498,-28.9498,0,-448.198,0,-159.709,0,117.595,0,-37.7838,63.0612,30.7567,77.6757,77.6757,0,37.414,37.414,53.846,0,0.736736,-450.579,-450.579,-450.579,0.333244,0,0,0,-30.1566,-30.1566,-30.1566,0,35.8211,11.1615,11.1615,6.869,-482.415,7.83385,7.83385,-2.80784,-9.70167,-1.86733,33.1493,-18.6356,-18.4789,-7.28759,0,5.76546,0,259.315,259.315,259.315,0,0,0,0,-12.5848,-648.72,-56.8934,-56.8934,170.579,544.476,39.0942,56.5104,0,-171.581,226.619,79.7699,448.467,1383.36,1077.3,602.99,-46.0397,-15.3891,-285.554,-285.554,-680.273,263.421,-104.637,-1692.42,-1275.05,-55.6508,-80.4185,-197.068,-962.848,-373.02,-420.925,320.703,-280.682,-2833.48,3351.08,1441.3,-7170.44,-517.289,949.353,-719.559,13.5796,-508.705,127.801,-230.316,-76.6721,-348.393,-83.1771,-312.425,163.376,163.376,-139.835,-189.8,-189.8,-702.933,-86.6287,0,-262.471,69.4873,533.685,0,0
2020-08-07 05:00:00 UTC,198.397,104.881,-315.736,38.2515,38.2515,62.1329,-76.7297,-129.279,239.802,239.802,-487.717,-163.7,824.974,35.7311,-76.2213,-174.856,-409.507,-90.6899,432.087,60.0913,-2.45529,119.502,119.502,225.002,314.816,106.185,16.111,-12.015,-13.722,-140.939,77.9688,77.9688,180.856,99.488,99.488,276.407,-115.707,-146.461,893.878,893.878,-152.582,-359.013,-331.137,-178.951,-190.273,330.357,883.335,901.178,892.095,-11.771,93.0198,93.0198,-26.2668,41.6707,45.0537,-10.6489,-10.6489,233.335,-137.609,-64.4716,-180.638,162.829,94.7021,-119.511,-119.511,4.24438,21.0679,-120.198,-120.198,-23.9089,-286.183,236.26,92.1414,92.1414,-7.76884,-7.76884,-2.00093,-2.44633,-2.64447,5.21315,4.61405,-12.4778,-0.262468,-0.342728,-0.356789,2.1668,-3.15825,-67.8371,-67.8371,-7.01088,-7.01088,-8.07841,-8.07841,68.5446,68.5446,68.5446,-24.6795,-24.6795,-6.21075,26.0739,12.6707,12.6707,-13.1251,-13.1251,68.6255,14.1119,177.671,6.28554,6.28554,145.347,145.347,145.347,-425.636,113.695,113.695,121.333,121.333,-5.83208,-37.4362,-37.4362,12.0688,12.0688,681.982,681.982,-459.857,-459.857,0,25.7859,215.747,87.5444,-235.84,-235.84,164.551,-812,-452.482,172.252,674.064,674.064,-124.129,-124.129,572.112,572.112,-49.5823,-125.125,-63.513,-679.97,-207.496,-207.496,131.887,131.887,131.887,-394.517,-394.517,567.469,-2.88318,-2.88318,-190.734,377.552,377.552,-396.588,186.544,-50.3042,0,-223.215,-176.437,523.288,379.493,379.493,58.9683,-18.705,1.16066,330.106,330.106,-70.5327,-67.2836,-67.2836,-847.153,286.574,915.465,-819.319,-836.644,-822.803,1322,-383.049,297.038,-734.037,-749.249,-726.233,831.736,122.781,60.3005,-486.565,-1429.29,-33.8159,-1503.93,-3987.44,-2165.75,-2165.75,-164.985,1242.1,-142.244,-178.716,-141.419,88.7888,-158.19,150.848,157.992,163.979,-181.498,-178.711,-182.149,165.456,-56.666,-56.666,151.577,-340.532,-340.532,1224.9,-147.632,-161.971,153.784,-147.894,-367.758,-570.835,-570.835,-241.613,-508.211,-558.795,-1962.66,776.993,-337.674,324.266,2.42661,-397.581,-625.253,-372.032,-369.483,-2.81154,641.067,699.829,-141.846,-118.58,-157.593,-65.4416,25.0587,-154.651,-93.3346,-93.3428,43.3839,-91.9131,83.7568,108.832,-36.6415,537.832,523.876,584.247,568.683,90.0544,90.0544,49.0927,180.136,-39.2349,-39.2349,-132.006,-132.006,276.859,276.859,-61.1153,-55.9491,41.3108,228.524,-492.76,2801.85,2517.8,-4980.38,66.6872,-1134.26,224.809,311.097,-136.63,-136.63,-72.7535,-72.7535,-153.506,-283.201,409.778,-16.3466,-28.6837,-28.6837,-49.9601,-176.626,239.808,-26.6058,-21.4346,-21.4346,-38.2109,-37.7539,-196.15,-196.15,-232.205,-94.8359,-189.153,48.5722,-160.301,151.066,151.066,-93.6256,-103.635,0,-92.0608,-166.821,0,-85.3909,230.734,230.734,104.911,-31.0767,91.3552,92.0866,97.7332,1.55524,-8.62272,-124.1,29.1207,578.865,203.079,80.0931,80.0931,-35.3956,-151.639,-151.639,-5.1276,-5.70494,440.768,0,-33.2527,-33.2527,0,-397.144,0,-137.505,0,107.61,0,-37.4746,61.9903,28.6227,70.4693,70.4693,0,35.0947,35.0947,49.3517,0,0.557322,-385.329,-385.329,-385.329,0.233537,0,0,0,-25.4129,-25.4129,-25.4129,0,33.3612,10.7813,10.7813,6.73531,-420.543,7.76884,7.76884,-1.80121,-7.98159,-1.13637,30.6982,-16.8108,-16.6691,-6.75161,0,5.76546,0,247.828,247.828,247.828,0,0,0,0,-9.14287,-574.259,-55.3822,-55.3822,181.907,485.388,46.3201,67.1426,0,-145.154,212.642,73.0646,458.974,1254.85,1020.86,563.39,-33.0286,-12.6735,-262.772,-262.772,-620.568,220.563,-89.5537,-1442.22,-1193.83,-52.8362,-76.2641,-186.858,-918.947,-355.422,-401.217,306.462,-259.365,-2679.14,3300.97,1415.61,-6993.61,-454.279,938.795,-728.117,26.2612,-459.044,127.333,-222.252,-63.9632,-410.23,-72.1835,-303.976,147.277,147.277,-116.574,-176.605,-176.605,-615.692,-67.4379,0,-247.558,67.1573,504.489,0,0
2020-08-07 06:00:00 UTC,187.476,100.79,-309.473,39.1292,39.1292,49.6416,-76.2267,-128.635,234.106,234.106,-442.791,-150.058,758.844,41.2497,-70.3515,-162.396,-384.882,-85.4054,392.12,53.0035,-10.9603,110.334,110.334,208.51,296.191,99.9583,15.029,-11.1076,-14.5949,-131.756,72.2962,72.2962,166.466,91.0587,91.0587,253.595,-104.589,-132.277,797.515,797.515,-138.621,-329.567,-309.218,-167.827,-172.792,295.196,792.318,808.44,799.798,-10.5497,84.1759,84.1759,-24.1754,37.422,38.8349,-10.073,-10.073,209.335,-126.901,-58.3711,-165.209,146.06,84.588,-109.854,-109.854,3.68874,20.0066,-114.284,-114.284,-22.7064,-267.412,216.431,82.3636,82.3636,-7.72372,-7.72372,-1.91025,-2.34658,-2.47755,4.65831,4.43988,-11.2327,-0.303052,-0.381078,-0.50792,1.81999,-3.06387,-61.9551,-61.9551,-5.92107,-5.92107,-6.83922,-6.83922,62.6091,62.6091,62.6091,-23.2892,-23.2892,-6.81792,23.1525,11.9593,11.9593,-12.014,-12.014,61.8358,12.8927,163.662,5.62456,5.62456,134.291,134.291,134.291,-393.791,105.211,105.211,112.012,112.012,-5.83208,-34.2814,-34.2814,12.4793,12.4793,628.187,628.187,-429.487,-429.487,0,24.2638,200.333,81.855,-220.493,-220.493,152.098,-753.959,-419.674,158.951,620.093,620.093,-115.034,-115.034,526.635,526.635,-46.9055,-117.088,-46.8227,-666.629,-191.55,-191.55,121.603,121.603,121.603,-362.115,-362.115,522.531,-2.88318,-2.88318,-175.84,343.397,343.397,-368.345,167.498,-50.6557,0,-207.253,-169.64,471.034,345.003,345.003,53.6869,-18.3472,-1.04481,301.911,301.911,-72.5876,-67.352,-67.352,-766.831,247.82,822.323,-741.104,-756.802,-744.139,1170.06,-346.716,269.87,-670.993,-684.953,-664.748,771.139,97.6037,37.7172,-453.632,-1356.17,-30.8249,-1424.01,-3748.1,-2030.48,-2030.48,-161.8,1131.13,-131.218,-173.318,-133.383,88.0403,-148.581,142.196,147.222,152.799,-170.903,-168.238,-171.513,154.165,-50.3301,-50.3301,141.849,-325.056,-325.056,1125.92,-132.888,-151.321,144.161,-138.451,-350.662,-534.818,-534.818,-233.925,-488.383,-536.749,-1881.32,745.671,-317.726,306.206,1.18802,-367.341,-592.662,-352.759,-350.327,-1.72037,607.616,663.399,-135.789,-113.455,-151.16,-63.0051,22.8768,-142.201,-88.7593,-88.7675,40.2768,-81.5103,79.5013,103.43,-38.1747,514.708,502.099,559.335,545.272,86.7401,86.7401,46.3518,172.966,-38.8159,-38.8159,-128.623,-128.623,262.674,262.674,-47.7428,-52.7154,39.9992,218.559,-485.948,2655.17,2385.88,-4865.53,61.4783,-1079.09,195.383,290.531,-117.889,-117.889,-61.0095,-61.0095,-160.094,-274.535,370.719,-17.6633,-24.5038,-24.5038,-38.5439,-171.881,290.38,-18.3959,-18.3964,-18.3964,-32.4664,-32.0912,-184.474,-184.474,-218.72,-89.3402,-174.792,56.4721,-127.874,136.619,136.619,-84.9021,-93.7703,0,-87.0823,-158.102,0,-76.956,218.065,218.065,92.0463,-21.7216,82.7869,83.4621,88.1747,5.52704,-4.90028,-116.401,27.5147,559.245,193.084,75.3578,75.3578,-35.1176,-144.133,-144.133,-4.45116,-4.99294,422.473,0,-35.0807,-35.0807,0,-362.849,0,-118.41,0,101.227,0,-37.2999,61.4863,27.2083,65.8778,65.8778,0,33.5197,33.5197,46.3859,0,0.445678,-341.664,-341.664,-341.664,0.173856,0,0,0,-22.1619,-22.1619,-22.1619,0,31.6474,10.5212,10.5212,6.64274,-381.159,7.72372,7.72372,-1.10281,-6.66281,-0.639001,28.8872,-15.542,-15.4106,-6.3135,0,5.76546,0,237.817,237.817,237.817,0,0,0,0,-6.2068,-516.78,-54.484,-54.484,186.769,443.529,49.9892,72.5507,0,-126.141,201.485,68.0642,459.117,1158.1,973.861,530.999,-23.4429,-10.4716,-244.954,-244.954,-573.804,190.323,-79.3859,-1249.14,-1122.09,-50.2859,-72.5283,-177.681,-872.777,-338.624,-380.065,293.435,-238,-2536.37,3254.27,1391.96,-6825.95,-412.379,932.272,-732.075,33.0374,-425.234,126.495,-215.39,-54.8973,-451.808,-66.6039,-298.001,135.373,135.373,-101.482,-168.321,-168.321,-562.95,-55.3042,0,-234.459,65.7416,480.299,0,0
2020-08-07 07:00:00 UTC,177.439,96.8321,-300.224,39.2873,39.2873,41.2566,-74.8644,-126.168,227.983,227.983,-403.754,-138.492,701.241,45.8776,-65.4922,-150.697,-363.228,-80.7518,357.688,47.0605,-16.4805,102.304,102.304,193.04,277.05,93.5772,14.0484,-10.2746,-14.7665,-123.265,67.2219,67.2219,154.084,83.9831,83.9831,233.914,-96.2093,-121.601,724.781,724.781,-127.841,-305.652,-289.873,-157.966,-159.022,267.914,723.768,738.58,730.345,-9.82109,77.3295,77.3295,-22.2564,34.3196,36.0935,-9.37534,-9.37534,191.806,-116.47,-53.5552,-152.505,134.051,77.3871,-101.723,-101.723,2.92921,18.2091,-108.089,-108.089,-21.2029,-250.437,200.575,75.1388,75.1388,-7.31376,-7.31376,-1.80574,-2.22548,-2.35472,4.23506,4.12836,-10.4488,-0.338882,-0.414899,-0.566758,1.60425,-2.92988,-57.0757,-57.0757,-5.48137,-5.48137,-6.33697,-6.33697,57.6952,57.6952,57.6952,-21.8864,-21.8864,-6.67883,21.3567,11.2573,11.2573,-11.179,-11.179,56.4628,11.9953,151.493,5.14224,5.14224,125.347,125.347,125.347,-367.945,98.4747,98.4747,104.466,104.466,-5.83208,-31.827,-31.827,12.2489,12.2489,584.339,584.339,-403.627,-403.627,0,22.7788,187.314,76.8038,-207.332,-207.332,141.942,-706.46,-392.898,147.976,576.454,576.454,-107.556,-107.556,489.828,489.828,-44.6142,-110.215,-35.7102,-648.128,-178.581,-178.581,113.108,113.108,113.108,-336.625,-336.625,486.235,-2.88318,-2.88318,-164.115,317.028,317.028,-345.438,153.56,-49.6612,0,-194.197,-162.521,431.929,318.444,318.444,49.8099,-17.4262,-2.64108,278.738,278.738,-72.8512,-66.435,-66.435,-705.419,220.268,751.905,-681.517,-695.97,-684.231,1058.93,-318.899,248.791,-622.028,-635.006,-616.868,721.657,80.3884,24.5389,-424.79,-1288.09,-28.3913,-1350.39,-3530.22,-1907.51,-1907.51,-157.223,1043.73,-122.005,-166.935,-126.372,85.7331,-140.164,134.348,137.791,143.013,-161.132,-158.59,-161.705,144.289,-45.5687,-45.5687,133.289,-310.818,-310.818,1044.84,-121.645,-142.096,135.667,-130.494,-334.369,-504.423,-504.423,-226.599,-468.595,-514.764,-1797.14,709.88,-301.095,290.276,0.955029,-343.262,-560.476,-333.719,-331.406,-1.90189,575.124,628,-129.277,-107.933,-144.215,-60.4775,20.9949,-132.309,-83.9922,-84.0004,37.4116,-74.2017,75.075,97.843,-37.6489,491.846,480.492,534.677,522.014,82.7571,82.7571,44.0076,165.382,-37.9979,-37.9979,-124.233,-124.233,248.236,248.236,-39.6517,-50.2232,39.0071,207.589,-477.166,2508.85,2253.25,-4737.23,54.5544,-1034.73,171.686,272.897,-102.641,-102.641,-52.5569,-52.5569,-163.516,-268.218,343.185,-18.3856,-22.3015,-22.3015,-29.5947,-168.032,329.075,-11.186,-16.5011,-16.5011,-28.6886,-28.3669,-174.568,-174.568,-207.282,-84.7986,-163.188,60.7933,-105.89,125.877,125.877,-78.3992,-86.4317,0,-82.8133,-150.717,0,-70.5986,206.825,206.825,82.6866,-15.4468,76.1487,76.7793,81.0582,7.80801,-2.63597,-109.932,25.8771,535.037,183.268,70.9337,70.9337,-34.439,-137.135,-137.135,-3.99518,-4.51087,408.086,0,-36.0976,-36.0976,0,-333.387,0,-101.171,0,94.695,0,-37.1523,59.4897,25.664,61.6323,61.6323,0,31.8381,31.8381,43.8162,0,0.375909,-309.44,-309.44,-309.44,0.129798,0,0,0,-19.8988,-19.8988,-19.8988,0,29.4377,9.77303,9.77303,5.80781,-350.853,7.31376,7.31376,-0.80687,-5.79725,-0.447274,27.8239,-14.5922,-14.4691,-6.00417,0,5.76546,0,227.946,227.946,227.946,0,0,0,0,-4.10605,-470.594,-53.3196,-53.3196,187.227,410.644,51.4653,74.746,0,-112.252,191.323,63.7872,452.861,1076.82,929.095,501.786,-15.7007,-8.87767,-229.981,-229.981,-532.129,167.136,-72.2258,-1079.39,-1051.02,-47.6426,-68.6377,-168.123,-829.117,-321.41,-356.808,281.078,-213.235,-2387.75,3234.31,1383.55,-6639.59,-379.862,928.233,-733.731,37.0474,-400.534,125.565,-209.726,-47.292,-483.511,-63.6481,-292.985,125.441,125.441,-89.5462,-160.729,-160.729,-522.339,-47.076,0,-221.11,64.8733,457.215,0,0
2020-08-07 08:00:00 UTC,170.282,94.0293,-293.118,38.9134,38.9134,34.8547,-73.8355,-124.337,223.93,223.93,-374.955,-130.481,659.374,50.2923,-62.2482,-141.63,-348.83,-77.6539,332.538,42.6433,-20.8933,97.1799,97.1799,181.787,263.234,88.9543,13.3332,-9.65912,-14.9303,-117.008,63.5504,63.5504,145.335,79.059,79.059,219.865,-90.2411,-114.004,672.052,672.052,-120.14,-287.253,-275.411,-150.573,-149.228,248.664,673.435,687.279,679.374,-9.27304,72.273,72.273,-21.0799,32.0188,33.3032,-8.95828,-8.95828,178.806,-109.848,-50.2778,-143.73,124.898,71.9229,-96.0694,-96.0694,2.47311,17.1477,-103.542,-103.542,-20.2256,-237.916,189.223,70.4495,70.4495,-7.11575,-7.11575,-1.73972,-2.14843,-2.26066,3.9167,3.96406,-9.80362,-0.352932,-0.428186,-0.616009,1.4347,-2.8332,-53.538,-53.538,-5.01691,-5.01691,-5.80664,-5.80664,54.1174,54.1174,54.1174,-20.852,-20.852,-6.75905,19.8622,10.7606,10.7606,-10.5539,-10.5539,52.5888,11.3053,142.509,4.82501,4.82501,118.888,118.888,118.888,-349.227,93.5863,93.5863,99.1115,99.1115,-5.83208,-30.1536,-30.1536,12.1951,12.1951,553.382,553.382,-385.114,-385.114,0,21.8237,178.068,73.0925,-197.882,-197.882,134.538,-671.751,-373.372,140.101,545.578,545.578,-102.346,-102.346,463.867,463.867,-42.9973,-105.279,-27.3936,-634.386,-169.17,-169.17,106.841,106.841,106.841,-317.654,-317.654,460.567,-2.88318,-2.88318,-155.392,297.585,297.585,-328.216,142.907,-49.2086,0,-184.403,-157.142,402.722,298.831,298.831,47.2481,-16.5248,-3.69313,262.219,262.219,-72.6028,-65.4421,-65.4421,-660.007,200.275,700.304,-637.355,-650.885,-639.832,977.452,-298.547,233.276,-585.178,-597.414,-580.749,684.605,67.8449,13.5389,-404.979,-1240.07,-26.6196,-1298.04,-3377.21,-1821.56,-1821.56,-154.021,981.338,-115.937,-162.565,-121.178,84.5662,-134.152,128.701,131.11,136.082,-154.218,-151.765,-154.765,137.294,-42.1227,-42.1227,127.196,-300.361,-300.361,987.46,-113.912,-135.435,129.609,-124.54,-322.722,-482.246,-482.246,-220.914,-454.578,-499.204,-1739.59,686.039,-288.66,278.757,0.359175,-325.67,-538.197,-320.541,-318.31,-1.54774,552.649,603.509,-125.01,-104.417,-140.052,-58.8184,19.0458,-125.057,-80.741,-80.7492,35.0523,-68.6832,72.068,93.9902,-38.6214,475.783,465.265,517.338,505.606,80.7841,80.7841,42.4257,161.202,-37.898,-37.898,-122.199,-122.199,238.726,238.726,-32.5801,-48.3779,38.8961,201.538,-473.527,2407.14,2162.95,-4685.79,51.8753,-1001.85,154.493,260.332,-91.6108,-91.6108,-45.9078,-45.9078,-166.479,-263.444,322.104,-19.2227,-20.5294,-20.5294,-22.339,-165.35,357.724,-5.34538,-15.0972,-15.0972,-25.8749,-25.593,-167.334,-167.334,-198.731,-81.2832,-154.588,65.2646,-88.832,118.599,118.599,-73.9662,-81.4182,0,-80.3798,-146.542,0,-66.3054,200.75,200.75,76.0542,-10.1987,71.5341,72.1338,76.2075,9.59273,-0.929752,-104.927,24.6253,519.431,176.072,67.8064,67.8064,-33.7302,-132.156,-132.156,-3.63962,-4.13291,394.904,0,-36.3906,-36.3906,0,-312.133,0,-87.0459,0,89.9683,0,-37.0527,58.0516,24.5537,58.5039,58.5039,0,30.581,30.581,41.8416,0,0.328362,-285.945,-285.945,-285.945,0.10131,0,0,0,-18.4028,-18.4028,-18.4028,0,28.0358,9.37593,9.37593,5.40493,-330.122,7.11575,7.11575,-0.500638,-5.2536,-0.252712,26.7291,-13.8442,-13.7274,-5.8088,0,5.76546,0,220.593,220.593,220.593,0,0,0,0,-2.77407,-437.743,-52.4119,-52.4119,186.171,386.321,52.199,75.8452,0,-102.719,184.058,60.6634,446.248,1019.78,896.558,480.72,-10.5668,-7.82684,-219.057,-219.057,-503.079,151.494,-66.8163,-962.757,-999.826,-45.8169,-65.9813,-161.603,-788.508,-311.14,-340.609,273.538,-198.184,-2272.31,3217.19,1375.1,-6564.61,-356.426,924.271,-735.219,41.3356,-382.983,124.931,-206.392,-41.7458,-507.891,-61.688,-289.038,118.414,118.414,-81.3687,-156.513,-156.513,-494.864,-40.754,0,-210.913,63.7309,440.335,0,0
2020-08-07 09:00:00 UTC,167.384,93.0653,-290.585,39.1457,39.1457,31.1704,-73.4855,-123.777,223.184,223.184,-359.898,-126.464,638.217,53.7998,-60.6057,-136.808,-342.506,-76.2922,319.32,40.1953,-23.7855,94.7748,94.7748,176.304,257.241,86.9354,12.9693,-9.34216,-15.3089,-113.829,61.6906,61.6906,140.939,76.5975,76.5975,212.69,-86.8762,-109.723,643.195,643.195,-115.791,-277.116,-267.865,-146.707,-143.71,237.918,645.577,658.883,651.173,-8.93526,69.4662,69.4662,-20.5191,30.7125,31.2967,-8.78636,-8.78636,171.463,-106.666,-48.466,-139.229,119.636,68.7904,-93.3031,-93.3031,2.30088,16.7896,-101.263,-101.263,-19.809,-231.524,183.507,68.5559,68.5559,-7.09177,-7.09177,-1.71041,-2.11579,-2.20673,3.73764,3.91452,-9.40802,-0.35958,-0.434482,-0.656104,1.32962,-2.79917,-51.6419,-51.6419,-4.66642,-4.66642,-5.40786,-5.40786,52.198,52.198,52.198,-20.3882,-20.3882,-6.94096,18.9353,10.5213,10.5213,-10.2049,-10.2049,50.4186,10.9155,137.859,4.7289,4.7289,115.44,115.44,115.44,-339.183,91.1896,91.1896,96.2896,96.2896,-5.83208,-29.2943,-29.2943,12.0289,12.0289,536.923,536.923,-375.065,-375.065,0,21.2574,172.997,70.9857,-192.732,-192.732,130.555,-652.924,-362.794,135.688,529.246,529.246,-99.5507,-99.5507,450.158,450.158,-42.1327,-102.595,-22.7549,-626.613,-163.976,-163.976,103.24,103.24,103.24,-307.104,-307.104,447.119,-2.88318,-2.88318,-150.662,286.911,286.911,-318.538,137.055,-48.7446,0,-178.776,-154.026,386.55,288.059,288.059,46.1081,-15.7727,-4.21164,253.645,253.645,-72.2744,-64.78,-64.78,-634.666,189.258,671.669,-612.758,-625.774,-615.102,932.354,-287.266,224.397,-564.445,-576.263,-560.395,663.81,60.9625,7.04352,-394.596,-1214.43,-25.6415,-1269.9,-3294.81,-1775.45,-1775.45,-152.534,947.844,-112.829,-160.502,-117.981,84.8425,-130.897,125.633,127.514,132.353,-150.494,-148.087,-151.027,133.53,-40.2274,-40.2274,123.903,-294.97,-294.97,956.956,-109.794,-131.759,126.333,-120.758,-316.398,-470.102,-470.102,-217.94,-446.957,-490.746,-1707.96,673.75,-282.58,272.906,0.239525,-317.247,-526.052,-313.356,-311.171,-1.60878,540.581,590.355,-122.662,-102.546,-138.033,-57.9476,17.7175,-121.539,-78.9292,-78.9374,33.649,-66.2264,70.3991,91.8153,-39.2668,467.086,457.008,507.944,496.703,79.9634,79.9634,41.7401,159.563,-38.021,-38.021,-121.401,-121.401,233.734,233.734,-29.2195,-47.4892,39.9368,198.82,-473.073,2351.41,2113.82,-4687.3,50.8308,-982.61,145.787,254.153,-86.0111,-86.0111,-42.0122,-42.0122,-167.608,-261.065,312.747,-19.7319,-19.8989,-19.8989,-18.545,-164.729,371.252,-2.04491,-14.4136,-14.4136,-24.4265,-24.1651,-163.684,-163.684,-194.271,-79.3366,-150.039,68.8336,-79.0278,115.315,115.315,-71.9205,-79.0923,0,-79.749,-145.477,0,-64.3117,199.251,199.251,72.747,-6.83253,69.3685,69.954,73.9938,10.728,0.0741103,-102.302,24.0292,511.587,172.085,66.1318,66.1318,-33.2312,-130.225,-130.225,-3.47869,-3.96315,390.116,0,-36.9492,-36.9492,0,-301.925,0,-78.3905,0,87.9057,0,-37.0057,58.1044,24.1038,56.9144,56.9144,0,30.0175,30.0175,40.6906,0,0.302631,-272.975,-272.975,-272.975,0.087159,0,0,0,-17.5899,-17.5899,-17.5899,0,27.4593,9.28359,9.28359,5.3561,-320.619,7.09177,7.09177,-0.275601,-4.92053,-0.0956402,26.1099,-13.4247,-13.3114,-5.80556,0,5.76546,0,216.456,216.456,216.456,0,0,0,0,-2.19753,-420.983,-51.8464,-51.8464,184.829,372.773,52.5374,76.3532,0,-98.0903,179.916,58.909,441.758,989.401,878.793,468.543,-7.87848,-7.3086,-213.223,-213.223,-487.523,143.44,-64.4066,-901.401,-969.929,-44.7849,-64.4991,-157.968,-759.322,-306.403,-330.788,270.362,-190.067,-2200.72,3233.02,1383.51,-6566.99,-345.35,924.848,-734.688,43.7572,-375.777,125.071,-205.934,-38.7426,-520.588,-61.0614,-286.891,114.872,114.872,-77.5623,-155.503,-155.503,-482.604,-37.0982,0,-206.069,62.9327,431.086,0,0
2020-08-07 10:00:00 UTC,169.675,94.3255,-294.619,40.2733,40.2733,30.2382,-74.2125,-125.272,227.03,227.03,-362.712,-127.023,643.163,54.8349,-60.6394,-138.167,-344.866,-76.8005,321.406,40.3333,-24.6957,95.4637,95.4637,178.104,260.919,88.1443,13.0532,-9.41303,-15.8691,-114.624,62.1171,62.1171,141.869,77.0851,77.0851,214.037,-86.5822,-109.349,642.82,642.82,-115.486,-277.693,-269.335,-147.458,-143.441,237.6,644.761,658.053,650.339,-8.80306,69.4363,69.4363,-20.6674,30.5879,30.1131,-8.92897,-8.92897,170.864,-107.73,-48.3688,-139.803,119.072,68.4556,-93.9802,-93.9802,2.49985,17.3783,-102.105,-102.105,-20.1431,-233.097,184.905,71.1592,71.1592,-7.31541,-7.31541,-1.72937,-2.14139,-2.2024,3.73181,4.01174,-9.30096,-0.362873,-0.437602,-0.696814,1.29385,-2.84465,-51.8065,-51.8065,-4.42973,-4.42973,-5.14086,-5.14086,52.3659,52.3659,52.3659,-20.6392,-20.6392,-7.30078,18.66,10.6168,10.6168,-10.1843,-10.1843,50.3884,10.8878,138.762,4.80172,4.80172,115.496,115.496,115.496,-339.305,91.4501,91.4501,96.3689,96.3689,-5.83208,-29.3317,-29.3317,11.9235,11.9235,537.203,537.203,-375.165,-375.165,0,21.2201,172.962,70.903,-192.769,-192.769,130.59,-652.988,-362.83,135.54,529.59,529.59,-99.5975,-99.5975,450.476,450.476,-42.1797,-102.621,-22.1306,-627.763,-163.885,-163.885,103.001,103.001,103.001,-306.556,-306.556,447.545,-2.88318,-2.88318,-150.517,286.502,286.502,-318.374,136.384,-49.3228,0,-178.735,-154.363,385.171,287.591,287.591,46.3966,-15.4673,-4.20376,254.439,254.439,-72.4306,-64.9088,-64.9088,-633.848,188.601,670.75,-612.02,-625.022,-614.353,929.991,-286.873,224.018,-563.8,-575.608,-559.751,663.307,60.3211,5.80873,-395.313,-1216.5,-25.6095,-1271.8,-3298.88,-1777.9,-1777.9,-153.568,947.186,-112.947,-161.592,-117.163,87.0501,-131.032,125.721,127.645,132.488,-150.725,-148.313,-151.259,133.663,-40.0318,-40.0318,124.018,-295.998,-295.998,957.673,-109.454,-131.726,126.45,-119.709,-316.781,-469.951,-469.951,-218.552,-447.509,-491.355,-1708.99,676.388,-284.395,274.044,0.768601,-319.852,-526.686,-313.729,-311.543,-2.22255,541.426,591.275,-122.655,-102.6,-138.319,-58.0148,17.586,-122.529,-78.933,-78.9412,33.6596,-67.3543,70.4069,91.7886,-39.1241,467.709,457.601,508.615,497.342,80.1513,80.1513,41.9987,160.219,-38.1477,-38.1477,-121.598,-121.598,234.134,234.134,-30.6194,-47.7238,41.25,199.375,-474.556,2354.24,2115.47,-4718.61,50.9812,-982.789,148.089,255.667,-87.4932,-87.4932,-41.8108,-41.8108,-166.535,-261.834,316.948,-19.4687,-20.5132,-20.5132,-19.3767,-165.999,367.673,-2.37428,-14.7699,-14.7699,-24.9399,-24.6712,-164.501,-164.501,-195.135,-79.5863,-150.589,71.8044,-79.4789,118.204,118.204,-73.3869,-80.7127,0,-82.442,-149.834,0,-65.8431,206.306,206.306,74.2116,-5.78472,70.5152,71.1088,75.6109,10.7194,-0.143426,-103.032,24.319,513.739,172.369,66.3027,66.3027,-33.1743,-132,-132,-3.51403,-4.00522,395.588,0,-37.9879,-37.9879,0,-304.712,0,-78.777,0,89.1409,0,-37.0187,59.7809,24.4665,57.3121,57.3121,0,30.346,30.346,40.6974,0,0.298616,-272.446,-272.446,-272.446,0.0884327,0,0,0,-17.4593,-17.4593,-17.4593,0,27.9808,9.61162,9.61162,5.81086,-327.223,7.31541,7.31541,-0.133997,-4.74926,0.0264997,26.026,-13.4151,-13.3015,-5.90981,0,5.76546,0,216.631,216.631,216.631,0,0,0,0,-2.35242,-422.699,-51.882,-51.882,184.927,372.466,52.8621,76.8246,0,-98.3124,180.178,58.9179,442.197,990.376,879.973,467.639,-7.86499,-7.3159,-213.578,-213.578,-488.162,143.552,-65.504,-905.704,-968.57,-44.7723,-64.5003,-157.974,-752.91,-307.239,-329.401,271.506,-189.96,-2194.9,3266.63,1401.13,-6612.99,-348.849,928.042,-732.704,42.3948,-378.657,125.725,-207.683,-39.2088,-518.401,-61.4256,-287.218,115.465,115.465,-78.5457,-159.614,-159.614,-491.879,-36.1715,0,-208.527,62.7968,431.884,0,0
2020-08-07 11:00:00 UTC,177.226,98.2033,-309.042,43.193,43.193,30.0484,-76.8951,-130.662,237.218,237.218,-376.75,-130.576,665.934,56.7231,-61.651,-143.373,-354.643,-78.9049,332.471,41.7777,-25.7146,98.5457,98.5457,184.65,272.139,91.8194,13.4053,-9.7137,-17.002,-117.837,63.9717,63.9717,146.353,79.6388,79.6388,220.811,-88.5827,-111.894,663.737,663.737,-117.939,-286.026,-276.817,-151.272,-146.341,242.786,664.575,678.254,670.377,-9.00084,71.4289,71.4289,-21.1416,31.4791,31.0821,-9.12501,-9.12501,175.893,-110.315,-49.3729,-143.929,122.61,70.56,-97.165,-97.165,2.76686,18.0933,-104.529,-104.529,-20.7007,-239.839,192.292,76.9871,76.9871,-7.48643,-7.48643,-1.7586,-2.18395,-2.239,3.85726,4.1189,-9.57534,-0.360631,-0.435473,-0.69043,1.36074,-2.96093,-53.3092,-53.3092,-4.55022,-4.55022,-5.28424,-5.28424,53.8904,53.8904,53.8904,-21.5041,-21.5041,-7.38251,19.2865,10.891,10.891,-10.4749,-10.4749,51.5874,11.2101,143.378,5.07842,5.07842,118.88,118.88,118.88,-349.058,94.315,94.315,99.2787,99.2787,-5.83208,-30.2255,-30.2255,12.1768,12.1768,553.963,553.963,-385.603,-385.603,0,21.8534,177.994,72.8706,-198.118,-198.118,134.41,-670.894,-372.89,139.407,546.169,546.169,-102.491,-102.491,464.525,464.525,-43.0616,-105.428,-23.9388,-640.375,-168.532,-168.532,105.87,105.87,105.87,-314.802,-314.802,461.56,-2.88318,-2.88318,-154.601,294.859,294.859,-326.216,140.173,-50.3072,0,-183.034,-157.927,396.32,295.945,295.945,48.232,-15.638,-3.5903,264.588,264.588,-73.0157,-65.6782,-65.6782,-652.119,195.384,691.396,-629.483,-642.856,-631.888,959.738,-295.413,230.467,-578.478,-590.586,-574.132,680.411,63.9052,5.5428,-408.306,-1249.43,-26.4595,-1306.58,-3399.74,-1834.7,-1834.7,-157.339,977.797,-116.725,-166.134,-120.416,88.9646,-134.707,129.257,131.74,136.736,-155.357,-152.88,-155.908,137.945,-41.3901,-41.3901,127.758,-302.631,-302.631,989.772,-112.765,-135.412,130.175,-122.843,-324.7,-481.758,-481.758,-222.414,-457.669,-502.632,-1750.95,699.161,-292.886,281.892,0.899192,-331.679,-542.825,-323.276,-321.03,-2.14713,557.547,608.846,-125.943,-105.36,-141.676,-59.2796,18.5837,-126.926,-81.3219,-81.3301,35.0978,-70.7128,72.6141,94.6038,-37.8528,479.311,468.614,521.147,509.216,82.0517,82.0517,43.5797,164.78,-38.6116,-38.6116,-123.77,-123.77,241.181,241.181,-33.9552,-49.1506,44.2261,204.609,-480.512,2428.51,2180.31,-4824.99,53.3942,-997.484,159.6,264.718,-94.9319,-94.9319,-43.464,-43.464,-164.996,-264.62,330.575,-19.038,-21.3779,-21.3779,-23.5932,-169.397,349.464,-5.89572,-15.3967,-15.3967,-26.2685,-25.9809,-169.345,-169.345,-200.503,-81.4443,-155.183,76.5334,-83.885,125.19,125.19,-77.2489,-85.0023,0,-87.9404,-158.902,0,-69.623,220.138,220.138,78.6048,-5.00709,74.3336,74.9548,79.9419,10.9783,-0.404583,-106.683,25.7633,530.698,177.311,68.4958,68.4958,-33.5826,-137.715,-137.715,-3.62597,-4.13556,410.223,0,-40.5308,-40.5308,0,-317.413,0,-82.3741,0,92.8977,0,-37.0701,63.1699,25.5338,58.9183,58.9183,0,31.3444,31.3444,41.1986,0,0.316705,-281.534,-281.534,-281.534,0.0990049,0,0,0,-18.0701,-18.0701,-18.0701,0,28.7872,9.9148,9.9148,6.15899,-346.266,7.48643,7.48643,-0.229226,-4.90749,0.0353418,27.1537,-13.7772,-13.6604,-6.17938,0,5.76546,0,221.438,221.438,221.438,0,0,0,0,-3.3574,-442.507,-52.5911,-52.5911,186.188,383.04,53.1694,77.259,0,-102.653,184.37,60.5592,447.948,1023.42,901.731,480.178,-10.9043,-7.92773,-220.263,-220.263,-507.002,151.707,-68.7873,-984.157,-1004.42,-46.1083,-66.4514,-162.765,-777.799,-316.584,-340.907,279.027,-199.998,-2270.1,3348.58,1443.6,-6768.81,-364.456,931.937,-730.196,39.9701,-390.271,127.284,-212.279,-42.7744,-504.351,-62.5325,-289.027,119.971,119.971,-83.9678,-169.04,-169.04,-518.208,-35.9844,0,-220.441,62.5581,443.156,0,0
2020-08-07 12:00:00 UTC,190.653,104.799,-335.555,47.691,47.691,32.9456,-81.7416,-140.399,253.371,253.371,-406.51,-138.226,712.401,57.8747,-64.0697,-153.681,-372.85,-82.8204,356.602,45.3563,-25.2292,104.666,104.666,197.68,292.734,98.586,14.1407,-10.3393,-18.5746,-124.426,67.7916,67.7916,155.485,84.7892,84.7892,234.984,-93.7185,-118.43,714.187,714.187,-124.244,-304.929,-292.24,-159.123,-153.838,256.381,712.721,727.334,719.095,-9.60273,76.2125,76.2125,-22.0687,33.7275,34.7269,-9.41793,-9.41793,188.547,-115.259,-51.9712,-152.573,131.693,75.9776,-103.356,-103.356,3.15799,19.0461,-109.058,-109.058,-21.5967,-253.365,206.9,85.4689,85.4689,-7.61495,-7.61495,-1.80662,-2.25302,-2.33125,4.16313,4.25399,-10.3391,-0.349508,-0.424934,-0.62468,1.56016,-3.15818,-56.6772,-56.6772,-5.11844,-5.11844,-5.94106,-5.94106,57.3036,57.3036,57.3036,-23.1175,-23.1175,-7.14104,21.0683,11.4102,11.4102,-11.1751,-11.1751,54.6142,11.9906,152.976,5.58197,5.58197,125.917,125.917,125.917,-369.354,100.112,100.112,105.203,105.203,-5.83208,-32.0052,-32.0052,12.4464,12.4464,588.233,588.233,-406.546,-406.546,0,22.9859,188.227,77.0127,-208.868,-208.868,142.463,-708.225,-393.891,147.589,580.22,580.22,-108.222,-108.222,493.22,493.22,-44.8645,-111.052,-30.0346,-661.512,-178.395,-178.395,112.184,112.184,112.184,-333.289,-333.289,490.165,-2.88318,-2.88318,-163.475,313.867,313.867,-343.786,149.166,-52.4583,0,-193.008,-165.092,422.509,314.984,314.984,51.4072,-16.4509,-2.48805,284.312,284.312,-73.8704,-67.0908,-67.0908,-695.935,213.127,741.163,-671.708,-685.972,-674.3,1034.31,-315.291,245.907,-613.687,-626.513,-608.599,718.246,74.2216,10.4752,-433.177,-1311.03,-28.3334,-1372.49,-3592.78,-1943.71,-1943.71,-163.435,1042.55,-123.532,-173.642,-126.434,92.4565,-141.849,136.14,139.769,145.068,-164.178,-161.578,-164.762,146.344,-44.4855,-44.4855,135.064,-315.407,-315.407,1054.2,-119.731,-142.939,137.444,-129.106,-339.675,-505.735,-505.735,-229.502,-476.315,-523.343,-1828.75,738.433,-308.827,296.842,1.30183,-354.436,-572.832,-341.027,-338.669,-2.18604,587.739,641.746,-131.787,-110.18,-147.456,-61.5537,21.0244,-136.281,-85.7121,-85.7203,38.1149,-77.1313,76.6746,99.8192,-36.308,500.751,488.913,544.286,531.083,84.9723,84.9723,45.9316,171.117,-39.0382,-39.0382,-126.929,-126.929,254.164,254.164,-42.6708,-51.6817,46.9024,213.305,-487.737,2565.55,2302.22,-4949.09,57.3063,-1033.36,182.167,282.104,-109.526,-109.526,-48.9752,-48.9752,-161.857,-270.295,358.893,-18.0956,-23.1484,-23.1484,-33.4319,-174.036,305.909,-14.3585,-16.3273,-16.3273,-28.8384,-28.5145,-178.728,-178.728,-211.074,-85.3377,-164.988,78.9256,-97.6054,136.095,136.095,-83.3576,-91.8225,0,-95.0314,-170.217,0,-75.6318,237.48,237.48,86.4884,-6.71139,81.0248,81.6939,86.7252,10.9522,-1.07427,-114.421,28.8565,558.624,187.074,72.6072,72.6072,-34.7772,-147.726,-147.726,-3.84587,-4.38625,433.895,0,-44.2705,-44.2705,0,-342.28,0,-92.1559,0,99.8228,0,-37.1799,68.5573,27.4186,62.2129,62.2129,0,33.1562,33.1562,42.5005,0,0.365092,-303.949,-303.949,-303.949,0.124371,0,0,0,-19.6376,-19.6376,-19.6376,0,30.0449,10.2256,10.2256,6.42098,-377.837,7.61495,7.61495,-0.619797,-5.50587,-0.109669,29.6581,-14.624,-14.5002,-6.62233,0,5.76546,0,230.516,230.516,230.516,0,0,0,0,-4.98087,-480.624,-54.0127,-54.0127,188.536,407.441,53.2603,77.3587,0,-111.892,193.006,64.0323,457.521,1089.94,942.736,505.05,-17.1134,-9.0276,-233.083,-233.083,-543.434,169.014,-75.0882,-1135.8,-1072.56,-48.5789,-70.0391,-171.57,-831.963,-330.885,-361.398,290.16,-218.326,-2421.1,3427.83,1484.6,-6950.6,-394.934,934.789,-727.374,34.9729,-414.577,129.033,-218.571,-50.2522,-469.61,-65.2629,-292.573,128.685,128.685,-94.7828,-180.965,-180.965,-559.794,-38.8732,0,-245.612,62.7953,464.739,0,0
2020-08-07 13:00:00 UTC,212.312,114.872,-371.898,53.0888,53.0888,42.4389,-87.7935,-152.668,276.631,276.631,-461.739,-153.582,797.283,58.3516,-69.6233,-170.908,-406.451,-90.0346,402.718,52.5725,-20.8356,115.579,115.579,222.244,328.172,110.281,15.5932,-11.5595,-20.243,-137.125,75.0911,75.0911,172.186,93.8699,93.8699,261.968,-103.413,-130.779,809.673,809.673,-136.436,-339.138,-319.874,-173.149,-168.93,285.669,802.908,819.254,810.429,-10.6076,85.1484,85.1484,-23.9143,37.8232,40.5205,-10.062,-10.062,211.861,-125.542,-57.0782,-167.878,148.288,85.9282,-113.838,-113.838,3.99556,21.0494,-117.159,-117.159,-23.3662,-277.64,232.604,101.277,101.277,-7.96623,-7.96623,-1.91128,-2.39026,-2.50004,4.72971,4.53402,-11.6193,-0.333045,-0.409327,-0.533666,1.88921,-3.45514,-62.9555,-62.9555,-6.03121,-6.03121,-6.99283,-6.99283,63.6929,63.6929,63.6929,-25.7262,-25.7262,-6.91347,24.0388,12.3627,12.3627,-12.3837,-12.3837,60.6822,13.3426,170.461,6.37473,6.37473,137.215,137.215,137.215,-401.855,109.483,109.483,114.474,114.474,-5.85623,-34.7168,-34.7168,12.037,12.037,641.788,641.788,-438.142,-438.142,0,24.2619,203.809,83.4825,-225.104,-225.104,155.551,-767.892,-427.541,160.58,633.95,633.95,-116.757,-116.757,538.169,538.169,-47.456,-119.549,-43.7432,-685.779,-194.35,-194.35,122.642,122.642,122.642,-364.803,-364.803,535.151,-2.88318,-2.88318,-178.219,347.016,347.016,-373.633,165.38,-56.0356,0,-210.515,-176.117,469.433,348.264,348.264,55.8871,-18.1402,-0.793278,314.841,314.841,-74.137,-68.7415,-68.7415,-776.425,248.42,833.528,-749.982,-765.892,-752.948,1177.39,-350.842,274.107,-677.842,-691.964,-671.26,782.139,96.027,27.9054,-469.536,-1397.87,-31.4257,-1466.86,-3870.6,-2101.37,-2101.37,-170.852,1148.21,-132.64,-183.05,-134.278,98.742,-152.429,146.27,151.799,157.554,-176.883,-174.109,-177.514,158.931,-49.912,-49.912,145.943,-334.718,-334.718,1154.19,-130.733,-154.43,148.241,-137.377,-360.891,-542.403,-542.403,-239.641,-501.48,-551.311,-1932.69,787.235,-333.838,319.668,3.10295,-392.058,-613.403,-365.023,-362.518,-3.78962,629.64,687.387,-138.945,-116.052,-154.79,-64.5394,24.9293,-153.26,-91.3666,-91.3748,42.6649,-88.92,81.9217,106.551,-35.9177,529.964,516.473,575.775,560.729,88.0705,88.0705,48.3664,176.549,-39.0821,-39.0821,-129.933,-129.933,271.752,271.752,-62.4051,-55.3975,47.3041,223.982,-493.254,2748.6,2467.5,-5034.47,61.826,-1106.53,221.52,309.136,-134.94,-134.94,-62.3633,-62.3633,-154.13,-281.502,410.236,-15.6983,-27.763,-27.763,-51.134,-177.429,226.179,-28.6605,-19.1301,-19.1301,-35.4675,-35.0491,-193.741,-193.741,-228.438,-92.349,-182.382,75.8455,-133.94,156.741,156.741,-95.0217,-104.914,0,-105.997,-187.533,0,-87.0335,263.316,263.316,102.703,-14.0659,93.1184,93.8713,99.5982,8.28589,-4.30883,-127.491,33.7077,590.857,201.68,78.4875,78.4875,-37.0194,-163.592,-163.592,-4.42677,-5.02216,471.967,0,-48.2128,-48.2128,0,-390.181,0,-110.104,0,111.816,0,-37.4123,76.4527,30.4861,68.5623,68.5623,0,36.1796,36.1796,45.4173,0,0.456217,-346.412,-346.412,-346.412,0.179204,0,0,0,-22.3261,-22.3261,-22.3261,0,32.588,10.9585,10.9585,7.13751,-435.157,7.96623,7.96623,-1.24305,-6.44541,-0.385793,33.1977,-16.0823,-15.9462,-7.25764,0,5.6931,0,243.174,243.174,243.174,0,0,0,0,-7.28433,-539.033,-56.2434,-56.2434,190.655,450.75,52.1807,75.7204,0,-127.561,205.926,69.6646,467.126,1192.99,1000.74,540.135,-26.8363,-10.7193,-252.244,-252.244,-597.072,197.835,-86.6583,-1358.89,-1162.22,-51.7587,-74.6597,-182.913,-903.754,-345.443,-383.964,301.62,-240.832,-2624.83,3453.57,1497.38,-7075.2,-446.846,930.411,-724.904,23.6202,-456.184,128.581,-222.92,-63.4132,-402.405,-71.7887,-298.379,142.405,142.405,-112.917,-198.037,-198.037,-635.373,-48.2814,0,-284.712,64.2752,496.025,0,0
2020-08-07 14:00:00 UTC,235.694,124.477,-396.606,53.4798,53.4798,63.2856,-91.1157,-159.184,296.943,296.943,-538.764,-177.949,913.938,56.8006,-79.9736,-190.52,-454.831,-100.394,469.651,63.8273,-8.65502,130.663,130.663,254.763,372.414,124.732,17.5793,-13.1891,-21.2425,-153.991,85.207,85.207,196.495,107.544,107.544,301.128,-119.706,-151.569,964.025,964.025,-156.463,-388.391,-356.967,-191.875,-193.318,334.422,947.723,966.812,957.264,-12.6512,99.0327,99.0327,-26.8647,44.6022,51.9461,-10.8138,-10.8138,250.19,-139.797,-65.323,-191.434,175.331,102.286,-129.65,-129.65,4.91118,22.943,-126.722,-126.722,-25.3375,-309.695,266.933,118.245,118.245,-8.09432,-8.09432,-2.03117,-2.53733,-2.76666,5.60661,4.70173,-13.7515,-0.302719,-0.380579,-0.325353,2.45158,-3.73571,-71.9286,-71.9286,-7.94865,-7.94865,-9.18418,-9.18418,73.0066,73.0066,73.0066,-28.8219,-28.8219,-5.8795,29.013,13.5378,13.5378,-14.1919,-14.1919,70.0224,15.4222,194.545,7.75156,7.75156,153.775,153.775,153.775,-448.968,123.462,123.462,128.045,128.045,-6.09589,-38.9026,-38.9026,10.3314,10.3314,719.582,719.582,-481.633,-481.633,0,25.6437,225.488,92.0927,-247.278,-247.278,174.478,-853.754,-476.146,179.099,712.713,712.713,-128.935,-128.935,603.995,603.995,-51.3606,-131.144,-68.8496,-705.308,-217.432,-217.432,137.8,137.8,137.8,-412.502,-412.502,601.195,-2.88318,-2.88318,-199.395,398.116,398.116,-416.499,191.543,-59.6976,0,-236.252,-189.17,544.849,400.044,400.044,62.6338,-19.4928,1.98932,355.542,355.542,-71.1767,-68.8176,-68.8176,-902.823,309.042,981.06,-873.503,-892,-877.105,1414.63,-406.422,318.061,-776.129,-792.213,-766.843,875.064,134.997,63.5733,-518.819,-1507.54,-35.8801,-1587.39,-4231.28,-2306.86,-2306.86,-176.314,1309.71,-147.754,-191.63,-144.227,105.622,-166.797,159.359,168.128,174.51,-193.091,-190.117,-193.784,176.041,-59.0633,-59.0633,160.61,-358.795,-358.795,1298.14,-151.33,-170.049,162.74,-148.549,-387.2,-593.906,-593.906,-250.434,-531.364,-584.57,-2058.6,837.034,-363.671,347.667,4.74254,-439.87,-663.253,-394.504,-391.819,-5.27007,681.422,743.767,-147.759,-123.367,-164.083,-68.2319,29.3191,-174.617,-98.3007,-98.3089,48.0505,-104.232,88.3833,114.795,-35.7563,565.146,549.491,613.641,596.181,92.2732,92.2732,51.5154,183.905,-39.4219,-39.4219,-134.078,-134.078,293.686,293.686,-87.4145,-60.2443,48.754,237.996,-501.325,2972.68,2671.84,-5171.57,68.585,-1211.59,272.088,343.029,-167.608,-167.608,-83.9885,-83.9885,-143.373,-296.529,475.638,-12.3364,-34.2339,-34.2339,-71.6339,-179.929,122.567,-44.8382,-23.6542,-23.6542,-45.4369,-44.8758,-212.542,-212.542,-250.101,-101.426,-206.466,59.2816,-193.238,180.769,180.769,-109.35,-121.12,0,-113.681,-200.06,0,-100.707,280.304,280.304,124.637,-31.1789,108.099,108.953,115.363,2.07539,-10.267,-142.086,38.1697,621.244,217.952,85.8647,85.8647,-38.0339,-180.086,-180.086,-5.47279,-6.13146,507.259,0,-46.8547,-46.8547,0,-462.531,0,-132.898,0,126.676,0,-37.7687,82.2004,34.26,76.9957,76.9957,0,39.681,39.681,49.4429,0,0.64238,-416.203,-416.203,-416.203,0.274489,0,0,0,-27.1465,-27.1465,-27.1465,0,35.3973,11.4877,11.4877,7.3999,-503.422,8.09432,8.09432,-2.49458,-8.18214,-1.13419,37.9972,-18.1338,-17.9809,-8.28281,0,4.97503,0,258.052,258.052,258.052,0,0,0,0,-10.7034,-617.123,-58.8373,-58.8373,185.838,516.609,47.1025,68.2085,0,-153.216,222.345,77.5785,466.632,1338.94,1072.04,586.144,-41.3428,-13.4983,-276.956,-276.956,-668.582,243.314,-101.562,-1656.44,-1271.46,-55.6413,-80.3237,-196.823,-984.05,-364.54,-410.056,316.815,-268.039,-2863.54,3497.88,1519.6,-7275.39,-515.027,919.756,-723.592,8.79524,-508.413,126.336,-225.582,-80.194,-312.237,-81.6676,-305.888,160.545,160.545,-137.65,-210.108,-210.108,-724.058,-68.5997,0,-320.492,66.6461,534.072,0,0
2020-08-07 15:00:00 UTC,252.926,130.375,-397.344,47.1853,47.1853,91.7705,-90.0471,-156.171,303.538,303.538,-610.539,-205.595,1024.79,57.4429,-93.4719,-202.896,-507.949,-111.731,535.303,75.3925,9.23273,147.596,147.596,282.539,409.786,136.636,19.3018,-14.5649,-21.6256,-168.233,94.6885,94.6885,222.846,123.79,123.79,341.269,-139.84,-177.322,1146.66,1146.66,-180.221,-437.896,-391.138,-208.996,-221.213,391.392,1117.95,1140.21,1130.12,-15.7122,114.514,114.514,-30.3305,52.8447,68.5345,-11.3103,-11.3103,296.637,-153.196,-74.8297,-219.75,207.752,122.122,-149.149,-149.149,5.31358,23.2316,-133.503,-133.503,-26.3971,-338.542,300.694,131.701,131.701,-7.60984,-7.60984,-2.08968,-2.59538,-3.07004,6.58289,4.48428,-16.3835,-0.264854,-0.344664,0.00739406,3.16322,-3.82505,-80.6781,-80.6781,-10.9148,-10.9148,-12.558,-12.558,82.4548,82.4548,82.4548,-31.1649,-31.1649,-3.68426,35.1919,14.4182,14.4182,-16.1329,-16.1329,79.8377,17.7483,217.417,9.82512,9.82512,172.561,172.561,172.561,-501.281,139.658,139.658,143.773,143.773,-6.86317,-44.3195,-44.3195,7.49388,7.49388,808.735,808.735,-528.398,-528.398,0,27.0881,249.002,100.145,-270.735,-270.735,195.093,-948.005,-529.766,199.245,803.589,803.589,-143.284,-143.284,680.376,680.376,-56.0255,-143.435,-101.361,-709.499,-242.754,-242.754,154.105,154.105,154.105,-466.671,-466.671,677.831,-2.88318,-2.88318,-221.783,456.838,456.838,-460.809,223.113,-60.6678,0,-263.261,-198.021,636.242,460.53,460.53,72.7459,-17.535,6.37772,397.524,397.524,-62.6773,-65.141,-65.141,-1047.66,385.672,1153.77,-1015.54,-1037,-1019.95,1703.89,-470.907,367.348,-884.768,-902.984,-871.86,973.54,185.441,109.991,-572.208,-1614.6,-40.5463,-1705.19,-4591.64,-2512.25,-2512.25,-176.286,1504.25,-170.342,-195.935,-154.269,108.925,-182.323,171.704,185.25,192.299,-208.739,-205.617,-209.494,194.05,-71.0171,-71.0171,175.926,-380.422,-380.422,1463.13,-182.56,-186.049,177.787,-160.996,-411.15,-650.045,-650.045,-258.39,-557.549,-613.762,-2169.03,870.598,-390.183,373.039,5.59238,-485.517,-709.054,-421.584,-418.738,-6.08319,728.834,795.371,-155.737,-130.027,-172.258,-71.5753,33.3895,-194.272,-104.666,-104.674,53.116,-119.477,94.338,122.358,-35.3533,596.467,578.715,647.299,627.5,95.7453,95.7453,54.274,189.92,-39.5263,-39.5263,-137.377,-137.377,313.501,313.501,-111.285,-64.6156,49.7899,250.157,-507.2,3179.7,2857.84,-5278.2,73.9589,-1316.96,319.85,374.59,-198.309,-198.309,-107.604,-107.604,-131.997,-311.281,538.337,-9.20647,-41.2642,-41.2642,-88.5438,-181.501,24.5347,-57.4252,-28.8051,-28.8051,-56.0119,-55.2988,-229.942,-229.942,-269.689,-109.672,-230.5,33.5791,-259.417,201.777,201.777,-122.592,-136.204,0,-115.808,-204.264,0,-113.259,284.702,284.702,146.586,-54.1253,122.154,123.099,129.818,-6.02774,-17.2954,-153.679,40.5175,640.617,227.937,92.8152,92.8152,-34.436,-191.65,-191.65,-6.76737,-7.47899,527.462,0,-39.2701,-39.2701,0,-534.351,0,-145.8,0,138.949,0,-38.1154,82.1908,37.5821,84.1166,84.1166,0,42.351,42.351,52.6946,0,0.948579,-500.512,-500.512,-500.512,0.389143,0,0,0,-33.8413,-33.8413,-33.8413,0,36.8169,11.1626,11.1626,6.41334,-564.096,7.60984,7.60984,-4.40425,-10.5184,-2.44715,43.086,-20.1511,-19.9824,-9.74127,0,2.67569,0,270.287,270.287,270.287,0,0,0,0,-16.3055,-699.172,-60.7217,-60.7217,165.982,589.497,36.3271,52.364,0,-187.851,237.855,85.7123,444.611,1499.75,1136.52,632.536,-58.6226,-17.8791,-301.738,-301.738,-742.307,300.359,-116.151,-1965.67,-1375.54,-59.1928,-85.5214,-209.593,-1057.42,-381.162,-433.899,329.801,-291.577,-3083.89,3534.44,1538.43,-7431.42,-582.354,908.388,-722.424,-4.24662,-559.528,123.328,-227.457,-95.6441,-225.147,-93.6027,-313.842,178.7,178.7,-163.334,-213.804,-213.804,-800.679,-95.5862,0,-339.431,67.9863,566.156,0,0
2020-08-07 16:00:00 UTC,264.736,133.954,-394.412,40.5572,40.5572,117.562,-88.6497,-152.572,306.249,306.249,-665.806,-227.636,1109.98,57.7827,-104.493,-210.796,-549.1,-120.485,586.53,84.7005,26.3001,161.081,161.081,300.497,431.865,143.517,20.4683,-15.4803,-20.916,-177.617,101.51,101.51,244.043,137.62,137.62,372.667,-158.445,-201.185,1314.77,1314.77,-201.575,-478.143,-416.69,-221.705,-245.864,442.852,1273.34,1298.44,1288.11,-18.85,128.19,128.19,-33.3286,60.5151,85.8733,-11.4609,-11.4609,340.041,-163,-83.5777,-244.367,237.918,140.788,-165.711,-165.711,5.20477,22.1138,-136.884,-136.884,-26.5101,-359.559,330.487,145.14,145.14,-6.68408,-6.68408,-2.09541,-2.58282,-3.34474,7.44454,4.06024,-18.9291,-0.209859,-0.292594,0.404031,3.87774,-3.77542,-87.7814,-87.7814,-14.0699,-14.0699,-16.14,-16.14,90.2369,90.2369,90.2369,-32.5081,-32.5081,-0.943551,41.2093,14.9173,14.9173,-17.8653,-17.8653,88.3894,19.8409,234.993,11.9781,11.9781,189.034,189.034,189.034,-546.498,154.165,154.165,157.839,157.839,-7.76392,-49.4303,-49.4303,4.79358,4.79358,888.255,888.255,-568.422,-568.422,0,28.4404,269.272,106.416,-290.643,-290.643,212.648,-1028.5,-575.796,216.357,884.809,884.809,-156.207,-156.207,748.913,748.913,-60.3664,-153.855,-131.629,-703.517,-264.41,-264.41,167.978,167.978,167.978,-513.714,-513.714,746.618,-2.88318,-2.88318,-240.61,509.005,509.005,-496.551,251.935,-59.327,0,-285.103,-202.339,720.481,514.712,514.712,82.8117,-14.0694,10.8234,433.825,433.825,-51.159,-58.9856,-58.9856,-1176.83,459.055,1311.09,-1142.38,-1166.47,-1147.52,1973.83,-528.265,411.969,-977.762,-997.775,-961.118,1055.41,233.88,152.814,-619.899,-1702.46,-44.1986,-1800.97,-4888.59,-2681.72,-2681.72,-173.992,1683.39,-192.463,-197.844,-161.017,112.36,-195.577,181.49,199.76,207.382,-221.316,-218.099,-222.121,209.356,-82.2498,-82.2498,188.845,-397.486,-397.486,1611.44,-213.081,-199.39,190.418,-170.372,-429.203,-697.357,-697.357,-263.409,-576.993,-635.462,-2250.4,890.401,-411.303,393.294,6.26608,-524.916,-743.956,-442.214,-439.25,-6.96311,765.259,835.001,-161.419,-134.814,-178.136,-74.0832,36.6157,-211.101,-109.349,-109.357,57.174,-133.505,98.7322,127.908,-35.4532,620.019,600.589,672.571,650.901,97.8567,97.8567,56.1183,193.061,-39.3397,-39.3397,-139.182,-139.182,328.366,328.366,-133.398,-68.0198,49.7979,258.665,-510.09,3334.79,2998.04,-5330.82,77.1039,-1407.36,361.531,400.828,-224.87,-224.87,-128.208,-128.208,-120.587,-324.619,594.887,-6.50943,-48.5223,-48.5223,-101.56,-181.894,-64.9357,-66.2348,-33.8808,-33.8808,-65.973,-65.1162,-244.24,-244.24,-285.216,-116.055,-250.767,11.203,-319.379,221.648,221.648,-135.035,-150.367,0,-118.467,-209.34,0,-125.112,290.789,290.789,166.944,-72.8109,135.095,136.122,143.422,-13.6396,-23.8902,-162.851,42.3314,652.174,232.869,98.2605,98.2605,-29.1825,-199.345,-199.345,-7.80467,-8.54838,534.142,0,-31.3982,-31.3982,0,-590.084,0,-154.173,0,146.058,0,-38.3665,77.7764,39.5642,88.8085,88.8085,0,43.7649,43.7649,55.0964,0,1.30123,-579.239,-579.239,-579.239,0.497025,0,0,0,-40.6965,-40.6965,-40.6965,0,36.8202,10.1526,10.1526,4.53138,-620.768,6.68408,6.68408,-6.3952,-13.1466,-3.89261,47.5031,-21.8332,-21.6521,-11.2537,0,-0.0244839,0,278.382,278.382,278.382,0,0,0,0,-22.0523,-771.698,-61.6714,-61.6714,139.974,652.968,22.9556,32.7367,0,-217.761,248.831,92.5446,410.846,1641.63,1184.68,668.886,-74.5862,-22.3155,-322.287,-322.287,-804.248,355.486,-129.496,-2228.81,-1455.15,-61.7937,-89.3442,-218.989,-1109.82,-391.551,-449.423,338.053,-306.868,-3246.87,3547.45,1545.17,-7508.39,-642.463,895.281,-720.403,-14.8476,-606.806,119.797,-228.359,-108.787,-147.49,-107.398,-321.525,194.406,194.406,-186.654,-218.39,-218.39,-875.075,-119.38,0,-354.232,68.0096,588.112,0,0
2020-08-07 17:00:00 UTC,273.114,135.861,-386.962,33.0666,33.0666,143.428,-86.5682,-147.555,302.433,302.433,-714.05,-247.95,1184.32,57.3332,-115.019,-216.366,-585.984,-128.311,632.547,93.292,44.1413,173.768,173.768,315.589,446.459,148.175,21.5221,-16.299,-18.9769,-185.864,107.578,107.578,262.773,149.765,149.765,401.142,-176.072,-223.852,1476.49,1476.49,-221.778,-513.658,-438.46,-232.475,-269.704,495.466,1421.19,1448.95,1438.61,-21.7743,141.03,141.03,-36.2339,67.7079,101.843,-11.6104,-11.6104,381.233,-172.731,-92.2645,-266.73,266.293,158.524,-180.105,-180.105,5.05144,20.8286,-139.076,-139.076,-26.4588,-377.323,358.09,158.356,158.356,-5.73336,-5.73336,-2.10656,-2.56931,-3.6004,8.24628,3.67326,-21.2554,-0.148912,-0.23493,0.792494,4.5435,-3.65682,-94.47,-94.47,-16.9803,-16.9803,-19.4386,-19.4386,97.4501,97.4501,97.4501,-33.2872,-33.2872,1.68959,46.7424,15.3259,15.3259,-19.4513,-19.4513,96.9529,21.7313,250.308,13.8771,13.8771,203.821,203.821,203.821,-587.062,167.141,167.141,170.356,170.356,-8.49798,-53.9114,-53.9114,1.94873,1.94873,959.761,959.761,-603.334,-603.334,0,29.365,287.215,112.045,-308.056,-308.056,228.689,-1099.89,-616.805,231.936,958.163,958.163,-167.502,-167.502,810.496,810.496,-64.2475,-162.953,-160.901,-689.806,-284.058,-284.058,180.866,180.866,180.866,-557.045,-557.045,808.47,-2.88318,-2.88318,-258.29,558.306,558.306,-527.632,280.027,-55.6362,0,-303.548,-203.138,801.295,565.719,565.719,91.4694,-11.1208,14.9047,466.713,466.713,-36.7655,-50.6009,-50.6009,-1297.27,532.132,1460.5,-1260.82,-1287.36,-1266.71,2236.95,-583.077,452.454,-1061.36,-1082.96,-1040.85,1126.17,281.913,195.583,-663.112,-1775.95,-47.0261,-1880.72,-5138.79,-2824.37,-2824.37,-170.196,1849.44,-210.938,-197.595,-166.832,113.556,-206.803,189.872,212.306,220.428,-231.719,-228.432,-232.567,222.602,-92.5855,-92.5855,199.939,-411.13,-411.13,1745.26,-239.854,-211.179,201.231,-178.818,-443.338,-737.605,-737.605,-266.598,-591.859,-652.058,-2311.9,899.982,-428.828,410.129,6.96133,-560.484,-770.826,-458.089,-455.038,-8.066,793.708,865.94,-165.403,-138.261,-182.574,-75.9974,38.9871,-226.266,-112.74,-112.748,60.3629,-146.98,101.919,131.879,-35.9695,638.171,617.4,692.025,668.859,99.2428,99.2428,57.4684,194.781,-39.1202,-39.1202,-140.214,-140.214,339.766,339.766,-154.586,-70.9085,49.9415,265.058,-512.066,3450.75,3103.79,-5369.25,79.1946,-1490.86,399.736,423.394,-249.028,-249.028,-147.808,-147.808,-108.625,-337.363,648.123,-3.66032,-56.0498,-56.0498,-112.125,-181.259,-148.792,-72.782,-39.138,-39.138,-75.9256,-74.9247,-256.61,-256.61,-298.242,-121.345,-268.975,-11.2107,-378.102,240.632,240.632,-147.006,-164,0,-120.551,-213.597,0,-136.373,294.924,294.924,186.675,-89.6003,147.454,148.557,156.579,-21.3236,-30.4613,-170.571,43.685,657.098,236.559,102.675,102.675,-24.6786,-204.487,-204.487,-8.7624,-9.52665,532.085,0,-22.7504,-22.7504,0,-636.479,0,-160.826,0,150.874,0,-38.6016,72.6393,40.6571,92.932,92.932,0,44.6021,44.6021,57.707,0,1.67554,-655.441,-655.441,-655.441,0.609724,0,0,0,-47.4469,-47.4469,-47.4469,0,36.6207,9.07732,9.07732,2.60465,-674.802,5.73336,5.73336,-8.20953,-15.7186,-5.28827,50.747,-23.3701,-23.1777,-12.5326,0,-2.22562,0,283.569,283.569,283.569,0,0,0,0,-27.4083,-838.728,-61.9876,-61.9876,104.538,710.745,7.07171,9.4468,0,-251.964,256.044,98.334,365.197,1769.11,1221.28,699.378,-89.1752,-26.3864,-340.472,-340.472,-857.042,408.427,-142.322,-2453.39,-1513.79,-63.6548,-92.1089,-225.789,-1140.81,-398.525,-457.95,343.891,-316.359,-3359.84,3561.43,1552.56,-7564.77,-698.477,880.35,-718.106,-25.4677,-650.339,115.609,-227.779,-120.608,-73.9751,-122.424,-329.418,208.516,208.516,-208.664,-222.147,-222.147,-948.106,-142.735,0,-365.427,67.8796,603.588,0,0
2020-08-07 18:00:00 UTC,278.021,136.381,-372.602,24.816,24.816,168.88,-83.1671,-139.831,293.14,293.14,-750.001,-265.695,1241.7,58.9897,-124.825,-217.642,-618.69,-135.233,668.461,100.133,61.6653,186.533,186.533,327.803,453.017,150.479,22.4718,-17.0326,-15.645,-193.068,112.748,112.748,277.857,159.236,159.236,425.24,-191.549,-243.803,1619.01,1619.01,-239.58,-542.12,-454.965,-240.595,-291.317,546.419,1550.52,1580.59,1570.4,-24.3403,152.138,152.138,-38.7057,73.9712,116.059,-11.6642,-11.6642,417.437,-180.95,-100.212,-284.561,291.137,174.188,-190.638,-190.638,4.7543,19.184,-139.893,-139.893,-26.1051,-390.529,379.903,167.301,167.301,-4.71925,-4.71925,-2.11145,-2.54216,-3.82293,8.93655,3.27906,-23.2621,-0.0959257,-0.184793,1.15312,5.12364,-3.46121,-100.171,-100.171,-19.5888,-19.5888,-22.3887,-22.3887,103.515,103.515,103.515,-33.3596,-33.3596,4.21087,51.5471,15.5775,15.5775,-20.7797,-20.7797,104.87,23.3036,262.147,15.2839,15.2839,215.731,215.731,215.731,-619.806,177.302,177.302,180.318,180.318,-9.00938,-57.4454,-57.4454,-0.711937,-0.711937,1017.48,1017.48,-630.67,-630.67,0,29.8653,301.576,116.627,-321.716,-321.716,241.976,-1156.98,-649.742,245.024,1017.65,1017.65,-176.424,-176.424,860.126,860.126,-67.3493,-170.09,-186.707,-671.5,-300.261,-300.261,191.89,191.89,191.89,-593.56,-593.56,858.211,-2.88318,-2.88318,-273.29,600.581,600.581,-552.538,304.51,-51.3045,0,-318.099,-201.565,871.278,609.345,609.345,98.043,-8.99236,18.004,492.662,492.662,-21.6739,-41.3933,-41.3933,-1400.78,598.598,1591,-1362.76,-1391.4,-1369.33,2471.78,-631.049,486.603,-1130.84,-1153.73,-1106.71,1181.91,325.18,235.473,-697.846,-1829.97,-48.8407,-1939.07,-5322.51,-2928.63,-2928.63,-165.367,1987.69,-224.237,-195.248,-171.46,112.988,-215.218,196.206,221.869,230.376,-239.217,-235.89,-240.096,232.707,-101.325,-101.325,208.352,-420.973,-420.973,1852.27,-260.899,-220.532,209.408,-185.552,-453.109,-768.725,-768.725,-268.138,-601.361,-662.664,-2348.45,898.191,-441.453,422.028,7.6492,-588.263,-788.051,-468.259,-465.157,-9.24284,812.09,885.921,-167.555,-140.214,-185.224,-77.1968,40.3554,-238.021,-114.669,-114.677,62.4225,-157.977,103.733,134.103,-36.0517,649.822,628.173,704.5,680.354,99.8236,99.8236,58.4704,195.442,-38.9691,-38.9691,-140.541,-140.541,346.808,346.808,-172.184,-73.1358,49.4255,268.817,-512.815,3521.94,3167.99,-5384.56,80.4954,-1557.51,429.428,440.252,-267.749,-267.749,-164.502,-164.502,-97.9354,-347.721,692.481,-1.24533,-62.65,-62.65,-119.686,-180.748,-217.947,-77.064,-43.5582,-43.5582,-84.2075,-83.0861,-265.906,-265.906,-307.808,-125.242,-283.434,-33.7457,-428.684,254.42,254.42,-155.984,-174.284,0,-119.714,-212.948,0,-145.036,293.426,293.426,202.516,-105.197,157.244,158.408,166.304,-27.9592,-35.8699,-175.999,44.1173,654.356,239.186,105.679,105.679,-21.7222,-207.201,-207.201,-9.71371,-10.4943,526.37,0,-13.4387,-13.4387,0,-672.048,0,-160.62,0,153.257,0,-38.8177,66.7959,40.7777,96.5342,96.5342,0,44.858,44.858,60.6661,0,2.02783,-723.1,-723.1,-723.1,0.714614,0,0,0,-53.4781,-53.4781,-53.4781,0,35.9881,7.85402,7.85402,0.555908,-714.505,4.71925,4.71925,-9.80112,-17.9913,-6.59678,52.7348,-24.6711,-24.4695,-13.3819,0,-3.75945,0,286.069,286.069,286.069,0,0,0,0,-31.0738,-892.624,-61.8503,-61.8503,66.0611,759.133,-9.1907,-14.3831,0,-285.689,259.813,102.765,314.569,1870.87,1244.92,721.86,-100.758,-29.4803,-354.584,-354.584,-896.431,453.39,-152.761,-2619.69,-1548.83,-64.6985,-93.6797,-229.656,-1152.8,-402.218,-460.068,347.666,-317.482,-3417.22,3560.48,1551.77,-7586.9,-743.426,868.6,-715.346,-34.0763,-686.707,112.162,-227.173,-129.635,-12.9742,-135.823,-335.662,219.482,219.482,-226.157,-221.133,-221.133,-1002.59,-165.184,0,-369.291,67.9716,611.916,0,0
2020-08-07 19:00:00 UTC,278.082,134.938,-352.528,16.9624,16.9624,186.804,-78.7931,-130.395,280.14,280.14,-771.457,-277.9,1276.04,58.9264,-132.062,-216.84,-640.201,-139.778,691.503,104.79,74.9471,195.724,195.724,335.056,453.755,150.896,23.0997,-17.5159,-12.516,-197.705,116.116,116.116,287.634,165.347,165.347,441.205,-202.378,-257.791,1717.77,1717.77,-252.03,-560.292,-464.928,-245.49,-306.722,584.075,1639.53,1671.16,1661.16,-26.0879,159.725,159.725,-40.4624,78.2493,125.513,-11.7096,-11.7096,442.407,-187.086,-106.104,-296.408,308.153,184.987,-197.065,-197.065,4.50369,17.8886,-140.022,-140.022,-25.7619,-398.307,392.92,171.62,171.62,-3.96808,-3.96808,-2.11565,-2.51949,-3.97376,9.40597,3.0177,-24.6052,-0.0455073,-0.137138,1.4201,5.52609,-3.2819,-104.057,-104.057,-21.3658,-21.3658,-24.395,-24.395,107.595,107.595,107.595,-33.1121,-33.1121,5.98343,54.7792,15.7032,15.7032,-21.6721,-21.6721,110.576,24.3387,269.384,16.1635,16.1635,223.877,223.877,223.877,-642.26,183.822,183.822,187.291,187.291,-9.31105,-59.9975,-59.9975,-1.91466,-1.91466,1058.42,1058.42,-650.195,-650.195,0,30.6233,312.026,119.822,-331.481,-331.481,250.896,-1195.93,-672.286,254.402,1059.41,1059.41,-183.022,-183.022,895.15,895.15,-69.8221,-175.165,-204.36,-658.113,-311.587,-311.587,199.763,199.763,199.763,-618.733,-618.733,892.937,-2.88318,-2.88318,-284.065,630.061,630.061,-568.511,322.293,-46.2928,0,-326.701,-198.956,921.298,639.68,639.68,102.775,-7.17646,20.218,510.417,510.417,-10.0284,-34.1968,-34.1968,-1471.21,645.344,1680.79,-1432.04,-1462.11,-1439.09,2635.12,-663.523,510.179,-1176.75,-1200.49,-1150,1218.55,355.541,261.503,-723.437,-1868.8,-49.9211,-1980.21,-5454.28,-3003.5,-3003.5,-161.715,2086.03,-233.834,-193.355,-174.672,112.416,-221.094,200.594,228.594,237.374,-244.53,-241.178,-245.431,239.823,-107.525,-107.525,214.253,-427.408,-427.408,1927.94,-275.887,-227.215,215.13,-190.414,-459.835,-790.015,-790.015,-268.786,-608.181,-670.286,-2376.2,898.126,-448.839,429.476,7.39176,-604.83,-801.122,-475.98,-472.838,-9.15693,825.564,900.57,-169.796,-142.28,-187.977,-78.1918,40.5375,-244.143,-116.32,-116.328,63.3737,-164.438,105.287,135.993,-36.7289,658.251,635.945,713.521,688.643,101.413,101.413,59.4637,198.132,-39.3879,-39.3879,-142.158,-142.158,352.585,352.585,-179.857,-74.4342,50.0849,273.598,-515.699,3578.09,3218.36,-5445.62,84.1651,-1595.57,446.181,450.411,-278.323,-278.323,-174.474,-174.474,-92.0769,-353.512,715.502,0.0649699,-66.1871,-66.1871,-122.86,-181.688,-249.529,-78.5206,-46.4945,-46.4945,-89.2772,-88.0819,-271.479,-271.479,-313.332,-127.377,-292.22,-48.6084,-459.358,262.021,262.021,-161.271,-180.368,0,-117.932,-211.096,0,-150.109,290.36,290.36,212.035,-115.466,162.948,164.145,172.022,-32.3825,-39.3005,-178.337,43.1882,654.209,240.902,107.75,107.75,-19.6064,-206.51,-206.51,-10.4001,-11.185,515.597,0,-5.10883,-5.10883,0,-691.381,0,-159.868,0,153.687,0,-38.9624,60.9695,40.4449,98.8527,98.8527,0,44.7417,44.7417,62.9816,0,2.28411,-770.144,-770.144,-770.144,0.790821,0,0,0,-57.9059,-57.9059,-57.9059,0,35.411,6.92535,6.92535,-0.957298,-736.159,3.96808,3.96808,-10.8808,-19.7288,-7.5233,53.5881,-25.5243,-25.3168,-13.8466,0,-4.66438,0,287.491,287.491,287.491,0,0,0,0,-33.5164,-930.551,-61.417,-61.417,37.9743,791.798,-21.4753,-32.3794,0,-306.949,261.811,105.72,275.333,1943.46,1260.49,738.016,-109.338,-31.6918,-364.158,-364.158,-924.798,486.23,-158.852,-2740.94,-1575.99,-65.5862,-95.0241,-232.966,-1156.94,-408.856,-464.826,352.602,-324.319,-3451.28,3562.89,1552.5,-7675.79,-770.395,865.616,-713.274,-38.8351,-705.146,111.025,-228.184,-134.446,14.8507,-142.221,-339.269,226.809,226.809,-237.472,-219.098,-219.098,-1033.08,-180.715,0,-362.29,67.3078,616.537,0,0
2020-08-07 20:00:00 UTC,276.637,133.147,-333.583,11.0038,11.0038,200.475,-74.5517,-121.464,265.597,265.597,-784.446,-286.39,1297.15,58.3406,-137.355,-215.333,-654.716,-142.84,706.597,107.982,85.2495,202.751,202.751,339.907,451.629,150.389,23.5727,-17.8798,-9.46724,-201.115,118.501,118.501,294.071,169.195,169.195,452.376,-209.778,-267.364,1785.26,1785.26,-260.691,-572.057,-471.132,-248.537,-317.848,613.09,1700.21,1732.9,1723.09,-27.1761,164.897,164.897,-41.6267,81.0752,131.503,-11.7708,-11.7708,459.183,-191.656,-110.263,-304.044,319.609,192.29,-200.866,-200.866,4.32997,16.9613,-139.954,-139.954,-25.5074,-403.058,400.923,174.358,174.358,-3.44358,-3.44358,-2.12527,-2.50675,-4.07521,9.72551,2.85062,-25.4506,-0.018931,-0.112004,1.59018,5.77682,-3.1187,-106.786,-106.786,-22.5163,-22.5163,-25.6902,-25.6902,110.389,110.389,110.389,-32.6819,-32.6819,7.15712,56.8271,15.7859,15.7859,-22.2332,-22.2332,114.852,24.9783,273.922,16.492,16.492,228.954,228.954,228.954,-656.461,187.223,187.223,191.624,191.624,-9.41557,-61.6397,-61.6397,-2.44937,-2.44937,1084.4,1084.4,-662.505,-662.505,0,31.2434,318.884,121.798,-337.63,-337.63,256.516,-1220.55,-686.563,260.966,1085.75,1085.75,-187.455,-187.455,917.215,917.215,-71.4921,-178.372,-216.675,-646.64,-319.181,-319.181,205.225,205.225,205.225,-635.529,-635.529,914.398,-2.88318,-2.88318,-291.36,649.94,649.94,-578.813,334.844,-42.1498,0,-332.101,-196.093,956.269,659.985,659.985,105.969,-5.73001,21.6309,521.517,521.517,-1.29402,-28.6656,-28.6656,-1519.05,678.404,1742.27,-1478.99,-1510.02,-1486.39,2749.14,-685.839,526.534,-1207.43,-1231.72,-1178.88,1241.82,376.801,280.888,-739.145,-1890.35,-50.3798,-2002.9,-5526.76,-3044.16,-3044.16,-158.417,2150.71,-239.383,-191.019,-176.969,110.603,-224.602,202.979,232.512,241.451,-247.335,-243.98,-248.249,243.972,-111.745,-111.745,217.683,-430.932,-430.932,1975.57,-285.458,-231.399,218.448,-193.726,-463.188,-803.421,-803.421,-268.739,-610.863,-673.292,-2384.71,892.115,-453.282,433.249,7.62514,-615.282,-806.743,-479.293,-476.138,-9.62213,831.011,906.494,-170.44,-142.936,-188.779,-78.5618,40.5844,-247.469,-116.842,-116.85,63.8217,-168.964,105.778,136.575,-36.1953,661.602,639.023,717.109,691.926,101.665,101.665,60.0185,198.888,-39.429,-39.429,-142.389,-142.389,354.5,354.5,-185.071,-75.0744,50.3939,274.867,-516.387,3599.17,3235.95,-5463.26,84.7485,-1618.06,456.074,455.97,-284.517,-284.517,-181.204,-181.204,-87.201,-357.391,731.12,1.28994,-68.8695,-68.8695,-124.563,-183.372,-265.89,-78.9232,-48.7909,-48.7909,-93.0136,-91.7636,-274.778,-274.778,-316.598,-128.682,-297.716,-59.5131,-481.163,267.225,267.225,-164.895,-184.552,0,-116.399,-209.442,0,-153.685,288.142,288.142,218.647,-122.494,166.672,167.89,175.893,-35.8319,-41.9279,-179.527,42.0045,649.768,241.537,108.679,108.679,-18.5436,-204.892,-204.892,-10.9659,-11.7557,507.911,0,1.0896,1.0896,0,-700.71,0,-158.86,0,153.162,0,-39.0714,55.1798,39.8836,100.558,100.558,0,44.4487,44.4487,65.0052,0,2.45473,-802.458,-802.458,-802.458,0.846549,0,0,0,-60.8414,-60.8414,-60.8414,0,34.9948,6.2605,6.2605,-2.01166,-749.639,3.44358,3.44358,-11.5744,-20.7626,-8.16992,53.5847,-26.11,-25.8984,-13.8609,0,-4.97794,0,287.772,287.772,287.772,0,0,0,0,-34.9509,-954.943,-60.94,-60.94,17.1309,813.445,-30.8935,-46.1657,0,-321.316,262.554,107.576,246.274,1988.01,1267.47,747.157,-114.523,-33.1039,-370.189,-370.189,-940.551,507.504,-163.106,-2808.56,-1587.53,-65.8606,-95.4479,-234.011,-1156.67,-411.173,-465.947,354.499,-323.359,-3457.53,3575.5,1559.11,-7701.71,-787.656,867.357,-710.608,-43.5756,-715.858,111.105,-229.554,-137.003,29.8338,-145.971,-341.396,231.228,231.228,-244.675,-216.884,-216.884,-1054.02,-192.491,0,-353.137,67.105,617.085,0,0
2020-08-07 21:00:00 UTC,273.945,130.974,-319.516,8.48661,8.48661,209.707,-71.2392,-114.595,246.894,246.894,-792.762,-290.679,1308.49,54.054,-140.088,-215.358,-659.494,-143.847,716.514,110.397,93.1329,206.443,206.443,342.915,447.641,149.301,23.9182,-18.1466,-6.63004,-203.541,119.968,119.968,296.882,170.443,170.443,458.699,-214.356,-273.291,1829.6,1829.6,-266.142,-580.478,-474.826,-250.361,-325.08,632.493,1740.44,1773.82,1764.17,-27.8164,168.377,168.377,-41.9933,82.8948,136.233,-11.6729,-11.6729,470.35,-193.563,-113.03,-307.209,327.666,197.441,-201.427,-201.427,4.05895,15.8873,-139.457,-139.457,-25.0974,-405.557,405.703,175.194,175.194,-2.89558,-2.89558,-2.12134,-2.48624,-4.14744,9.94887,2.70126,-26.1052,-0.00103699,-0.0950694,1.73855,5.97286,-3.00357,-108.708,-108.708,-23.4317,-23.4317,-26.7225,-26.7225,112.244,112.244,112.244,-32.3258,-32.3258,8.23528,58.443,15.8151,15.8151,-22.6567,-22.6567,117.918,25.4366,276.627,16.4393,16.4393,232.03,232.03,232.03,-665.392,188.563,188.563,194.329,194.329,-9.32584,-62.7657,-62.7657,-2.34485,-2.34485,1101.29,1101.29,-670.541,-670.541,0,31.9286,323.673,123.195,-341.621,-341.621,259.963,-1236.03,-695.555,265.794,1102.58,1102.58,-190.529,-190.529,931.386,931.386,-72.5276,-180.436,-224.917,-638.407,-324.357,-324.357,209.116,209.116,209.116,-646.657,-646.657,927.688,-2.88318,-2.88318,-296.694,663.456,663.456,-585.555,343.808,-38.411,0,-335.203,-193.709,980.303,673.528,673.528,107.631,-5.22942,22.4792,528.681,528.681,4.88356,-24.7237,-24.7237,-1550.71,700.749,1783.13,-1509.98,-1541.64,-1517.63,2825.8,-700.724,537.393,-1227.47,-1252.12,-1197.72,1256.7,391.1,294.35,-749.165,-1903.14,-50.6135,-2016.2,-5570.64,-3068.51,-3068.51,-155.999,2192.02,-241.868,-189.017,-178.978,108.019,-226.703,204.385,234.861,243.893,-248.993,-245.638,-249.913,246.456,-114.397,-114.397,219.73,-432.761,-432.761,2005.23,-290.694,-234.191,220.426,-196.564,-465.116,-811.773,-811.773,-268.494,-612.139,-674.724,-2387.02,886.972,-456.101,435.341,7.81696,-622.004,-809.672,-481.015,-477.856,-9.99486,833.663,909.38,-170.654,-143.202,-189.026,-78.7032,40.5943,-249.174,-117.048,-117.057,64.0907,-171.833,105.972,136.785,-35.2045,663.211,640.495,718.831,693.496,101.594,101.594,60.4297,199.367,-39.2353,-39.2353,-142.182,-142.182,355.196,355.196,-188.116,-75.3817,49.6833,275.083,-515.825,3610.12,3243.1,-5449.53,84.3513,-1629.46,461.564,459.48,-287.816,-287.816,-185.355,-185.355,-83.7196,-359.715,741.546,1.97646,-70.7547,-70.7547,-125.467,-185.625,-272.533,-78.8132,-50.2814,-50.2814,-95.3174,-94.0336,-276.873,-276.873,-318.601,-129.419,-301.17,-67.1554,-494.528,269.665,269.665,-166.799,-186.774,0,-114.494,-207.093,0,-155.481,284.433,284.433,222.417,-126.485,168.707,169.935,177.941,-38.0535,-43.5134,-179.904,41.0005,645.926,242.641,109.209,109.209,-18.5708,-202.46,-202.46,-11.3849,-12.1844,507.559,0,3.6366,3.6366,0,-701.962,0,-163.305,0,152.035,0,-39.1502,50.1491,39.1702,101.771,101.771,0,44.0592,44.0592,66.7392,0,2.55403,-824.032,-824.032,-824.032,0.883956,0,0,0,-62.6795,-62.6795,-62.6795,0,34.3327,5.52591,5.52591,-3.11134,-756.091,2.89558,2.89558,-12.1297,-21.5571,-8.66142,53.8531,-26.6178,-26.4028,-13.601,0,-4.70874,0,287.775,287.775,287.775,0,0,0,0,-35.7148,-970.69,-60.6239,-60.6239,2.70727,827.686,-37.5646,-55.9277,0,-330.664,262.475,108.748,226.169,2016.1,1270.75,753.701,-117.852,-33.9525,-374.236,-374.236,-950.097,521.224,-165.844,-2850.84,-1593.84,-65.9612,-95.6146,-234.423,-1154.95,-412.84,-467.735,355.648,-324.042,-3458.35,3572.59,1557.78,-7681.77,-798.799,872.624,-707.675,-46.3567,-723.489,112.11,-231.65,-138.167,36.2309,-148.473,-342.458,233.966,233.966,-249.664,-214.252,-214.252,-1066.27,-200.486,0,-345.237,67.0629,616.961,0,0
2020-08-07 22:00:00 UTC,273.595,130.233,-310.519,7.00372,7.00372,215.726,-68.9743,-109.89,239.52,239.52,-801.638,-293.351,1319.94,49.0481,-141.435,-217.726,-661.572,-144.285,726.324,112.492,97.9763,209.598,209.598,348.017,449.004,149.928,24.338,-18.4624,-4.84129,-206.619,121.56,121.56,298.887,170.782,170.782,464.097,-215.68,-275.006,1845.95,1845.95,-268.29,-584.788,-478.107,-251.99,-328.914,644.434,1754.26,1787.88,1778.3,-27.5683,169.839,169.839,-42.3086,83.1952,134.748,-11.9607,-11.9607,472.871,-197.369,-114.517,-308.155,329.431,198.571,-200.95,-200.95,4.38852,16.5962,-140.424,-140.424,-25.589,-408.515,407.099,174.234,174.234,-3.09607,-3.09607,-2.17545,-2.54347,-4.16836,10.0368,2.91459,-26.0768,0.00634414,-0.0881225,1.72315,5.96611,-3.00552,-110.224,-110.224,-23.1894,-23.1894,-26.4435,-26.4435,113.531,113.531,113.531,-32.3715,-32.3715,7.89786,58.3828,16.049,16.049,-22.7824,-22.7824,120.003,25.5004,279.028,16.0231,16.0231,232.657,232.657,232.657,-667.8,187.85,187.85,194.918,194.918,-9.02088,-63.1087,-63.1087,-1.89461,-1.89461,1105.79,1105.79,-672.689,-672.689,0,32.3683,325.363,123.755,-342.667,-342.667,260.804,-1240.17,-697.965,267.954,1106.78,1106.78,-191.548,-191.548,934.936,934.936,-72.6723,-180.975,-228.1,-633.998,-326.309,-326.309,210.681,210.681,210.681,-650.481,-650.481,930.4,-2.88318,-2.88318,-299.105,668.211,668.211,-587.937,347.567,-36.1119,0,-335.845,-191.965,989.432,677.861,677.861,107.492,-5.78463,22.5815,531.017,531.017,7.27019,-23.2012,-23.2012,-1561.74,709.036,1797.33,-1520.71,-1552.58,-1528.48,2853.55,-705.914,541.359,-1234.54,-1259.31,-1204.42,1260.92,396.303,300.527,-751.005,-1903.44,-50.5581,-2016.47,-5572.68,-3068.93,-3068.93,-154.566,2203.61,-241.097,-187.417,-180.742,104.238,-226.95,204.487,235.118,244.158,-248.947,-245.599,-249.867,246.719,-115.22,-115.22,219.937,-432.429,-432.429,2012.07,-291.112,-235.024,220.627,-198.508,-464.945,-814.072,-814.072,-268.031,-610.967,-673.429,-2378.7,880.588,-457.166,435.301,8.44065,-624.809,-808.184,-480.125,-476.978,-10.8146,831.56,907.101,-169.932,-142.635,-188.3,-78.4969,40.2561,-249.58,-116.511,-116.519,63.7977,-173.345,105.466,136.163,-34.3765,661.814,639.191,717.34,692.108,101.004,101.004,60.4373,198.589,-38.7863,-38.7863,-141.292,-141.292,353.716,353.716,-189.996,-75.2684,47.1358,273.734,-513.311,3599.24,3230.84,-5388.33,83.0426,-1631.41,462.651,460.284,-288.376,-288.376,-187.372,-187.372,-81.206,-360.731,747.631,2.54048,-71.9496,-71.9496,-125.771,-187.673,-276.425,-78.4774,-51.0225,-51.0225,-96.3731,-95.0737,-277.573,-277.573,-319.287,-129.691,-302.513,-72.3435,-500.757,269.468,269.468,-166.995,-187.051,0,-112.258,-203.811,0,-155.708,279.76,279.76,223.539,-128.538,169.151,170.38,178.089,-39.1299,-44.1545,-179.711,40.3866,640.918,243.407,108.988,108.988,-19.6078,-201.914,-201.914,-11.7293,-12.541,510.971,0,5.01203,5.01203,0,-699.735,0,-171.061,0,152.683,0,-39.2542,48.1637,38.9881,103.309,103.309,0,44.0488,44.0488,68.0997,0,2.53639,-831.36,-831.36,-831.36,0.912641,0,0,0,-62.9778,-62.9778,-62.9778,0,35.1311,5.8377,5.8377,-2.70912,-755.567,3.09607,3.09607,-11.9789,-21.5678,-8.6048,52.9469,-26.8812,-26.6638,-13.1483,2.2818e-09,-3.79395,0,287.366,287.366,287.366,0,0,0,0,-35.6116,-976.241,-60.4044,-60.4044,-2.18801,832.408,-40.2517,-59.8541,0,-333.134,262.514,109.023,218.335,2021.68,1269.19,755.525,-118.457,-34.0565,-375.82,-375.82,-950.511,524.69,-167.349,-2854.48,-1589.7,-65.6692,-95.1766,-233.345,-1151.19,-412.197,-466.873,354.724,-324.093,-3434.35,3530.45,1535.59,-7591.74,-803.576,880.168,-704.823,-48.7308,-727.04,113.422,-233.206,-138.05,38.2065,-149.514,-342.757,234.649,234.649,-251.859,-210.846,-210.846,-1067.65,-205.761,0,-340.204,67.4742,615.179,0,0
2020-08-07 23:00:00 UTC,268.234,127.685,-303.176,8.5584,8.5584,210.411,-67.4968,-107.036,228.943,228.943,-792.818,-287.669,1302.08,41.2085,-138.444,-218.928,-646.603,-141.129,718.767,111.617,96.1491,206.222,206.222,345.091,441.878,147.785,24.2168,-18.3782,-3.68272,-205.589,120.389,120.389,293.563,166.792,166.792,457.574,-211.67,-269.812,1806.65,1806.65,-264.357,-578.104,-473.739,-249.891,-325.109,636.017,1719.4,1752.4,1742.77,-26.5652,167.171,167.171,-41.4395,81.3412,129.899,-12.002,-12.002,462.517,-196.345,-113.123,-301.685,322.681,194.252,-195.642,-195.642,4.49299,16.9899,-140.351,-140.351,-25.7197,-404.767,399.477,169.676,169.676,-3.31721,-3.31721,-2.19831,-2.57348,-4.11377,9.87618,3.13495,-25.4826,0.000126419,-0.0940394,1.64086,5.80479,-3.03146,-109.411,-109.411,-22.3414,-22.3414,-25.48,-25.48,112.316,112.316,112.316,-32.0888,-32.0888,7.19774,57.0098,16.0582,16.0582,-22.4668,-22.4668,119.161,25.0394,275.767,15.0755,15.0755,229.21,229.21,229.21,-659.149,183.666,183.666,192.067,192.067,-8.49716,-62.2558,-62.2558,-0.687176,-0.687176,1090.18,1090.18,-665.395,-665.395,0,32.5589,322.063,122.789,-338.958,-338.958,257.176,-1225.22,-689.28,265.676,1090.34,1090.34,-189.436,-189.436,921.256,921.256,-71.7119,-179.029,-222.392,-637.115,-322.769,-322.769,208.307,208.307,208.307,-641.982,-641.982,915.875,-2.88318,-2.88318,-296.595,658.126,658.126,-582.635,343.031,-35.2753,0,-331.899,-191.366,973.539,666.886,666.886,104.777,-7.37549,21.5966,523.56,523.56,2.89643,-25.9151,-25.9151,-1535.11,691.692,1762.66,-1494.24,-1525.54,-1501.87,2792.75,-693.975,532.399,-1217.99,-1242.45,-1189.05,1247.08,385.409,293.003,-739.538,-1884.13,-50.1546,-1996.17,-5509.95,-3032.52,-3032.52,-154.673,2165.54,-235.775,-186.472,-181.217,99.991,-224.238,202.469,232.004,240.915,-246.271,-242.944,-247.181,243.419,-112.972,-112.972,217.207,-428.71,-428.71,1980.48,-284.463,-232.625,217.982,-198.663,-461.545,-806.323,-806.323,-267.496,-606.789,-668.771,-2359.94,874.562,-453.613,430.95,8.73726,-616.046,-800.968,-475.858,-472.737,-11.0563,823.461,898.304,-168.828,-141.708,-186.982,-77.9156,39.3294,-245.216,-115.513,-115.522,62.7408,-170.173,104.527,135.005,-32.8589,656.687,634.451,711.857,687.057,100.618,100.618,60.4488,198.936,-38.6455,-38.6455,-140.877,-140.877,350.172,350.172,-184.013,-74.6728,44.8875,271.788,-511.345,3566.34,3199.71,-5340.16,82.4572,-1607.31,451.708,454.239,-281.288,-281.288,-182.745,-182.745,-83.7295,-357.441,733.415,1.83485,-70.2846,-70.2846,-123.183,-189.441,-245.448,-76.3589,-50.1651,-50.1651,-94.1321,-92.8656,-274.593,-274.593,-316.461,-128.68,-298.24,-68.1489,-486.631,264.018,264.018,-163.765,-183.402,0,-110.679,-201.443,0,-152.681,276.804,276.804,218.377,-125.075,165.353,166.556,174.487,-38.0677,-43.0578,-177.127,39.1258,636.023,243.281,107.745,107.745,-21.6464,-197.959,-197.959,-11.6167,-12.4282,513.162,0,3.24114,3.24114,0,-680.822,0,-180.444,0,150.465,0,-39.2172,46.8804,38.1839,102.794,102.794,0,43.585,43.585,68.4517,0,2.38651,-812.759,-812.759,-812.759,0.890411,0,0,0,-61.0565,-61.0565,-61.0565,0,35.3602,6.07789,6.07789,-2.2652,-738.83,3.31721,3.31721,-11.4503,-21.0251,-8.22957,51.6463,-26.7147,-26.4983,-12.3914,0,-2.22316,0,286.502,286.502,286.502,0,0,0,0,-34.2572,-961.418,-60.2966,-60.2966,9.00984,819.863,-36.0194,-53.64,0,-324.541,261.843,107.694,232.78,1990.63,1260.35,750.578,-114.731,-33.0748,-372.408,-372.408,-936.837,511.172,-164.46,-2795.89,-1574.81,-65.1267,-94.3639,-231.346,-1142.66,-412.405,-467.78,354.482,-324.235,-3394.47,3488.44,1513.38,-7520.74,-788.911,892.633,-703.853,-46.7344,-714.673,115.669,-234.771,-134.256,9.94371,-144.247,-341.516,231.028,231.028,-246.21,-208.161,-208.161,-1045.98,-201.377,0,-329.847,68.3397,611.64,0,0
2020-08-08 00:00:00 UTC,258.189,123.857,-297.761,10.9708,10.9708,192.861,-67.1246,-106.67,227.694,227.694,-760.952,-272.62,1248.51,33.0276,-130.7,-217.279,-614.031,-134.248,689.183,106.724,85.7165,196.724,196.724,332.762,425.625,142.717,23.4392,-17.8042,-3.65907,-199.58,115.955,115.955,279.94,158.023,158.023,437.047,-201.045,-256.068,1696.19,1696.19,-252.897,-555.779,-459.524,-242.963,-312.037,603.281,1621,1652.27,1642.44,-24.5407,159.068,159.068,-39.5934,76.6315,118.778,-11.9633,-11.9633,435.045,-191.455,-108.446,-286.979,303.967,182.326,-185.073,-185.073,4.57375,17.7012,-139.437,-139.437,-25.7686,-392.785,379.421,158.647,158.647,-3.86868,-3.86868,-2.20858,-2.59881,-3.95187,9.37426,3.50354,-23.9739,-0.00471555,-0.0987423,1.43631,5.40116,-3.09031,-105.647,-105.647,-20.3486,-20.3486,-23.2184,-23.2184,107.941,107.941,107.941,-31.3724,-31.3724,5.51555,53.4496,15.8326,15.8326,-21.525,-21.525,114.63,23.8159,265.339,13.5674,13.5674,220.192,220.192,220.192,-635.139,175.234,175.234,184.413,184.413,-7.75991,-59.5424,-59.5424,1.37646,1.37646,1046.35,1046.35,-644.99,-644.99,0,32.1846,311.604,119.734,-328.762,-328.762,247.529,-1183.7,-665.198,256.814,1045.11,1045.11,-182.717,-182.717,883.359,883.359,-69.2864,-173.698,-204.761,-649.231,-311.378,-311.378,200.543,200.543,200.543,-616.612,-616.612,877.511,-2.88318,-2.88318,-287.03,627.809,627.809,-566.321,327.014,-36.6373,0,-321.587,-191.796,924.085,635.154,635.154,98.7745,-10.1265,19.1818,502.699,502.699,-9.75848,-33.7752,-33.7752,-1458.49,641.209,1663.89,-1418.54,-1448.28,-1425.72,2616.29,-659.103,506.305,-1169.2,-1192.76,-1143.38,1207.89,353.397,267.202,-710.048,-1837.3,-49.0732,-1946.83,-5355.53,-2943.99,-2943.99,-156.597,2060.64,-223.959,-186.079,-179.659,95.4329,-217.341,197.567,224.242,232.836,-239.834,-236.551,-240.718,235.206,-106.649,-106.649,210.404,-420.224,-420.224,1896.28,-268.048,-225.814,211.383,-195.918,-453.38,-784.455,-784.455,-266.485,-597.78,-658.728,-2323.15,867.234,-443.143,420.254,8.68359,-591.193,-785.328,-466.619,-463.547,-10.618,806.101,879.443,-166.902,-140.031,-184.513,-76.7763,37.6595,-234.491,-113.705,-113.713,60.6359,-160.644,102.826,132.902,-31.7153,645.658,624.247,700.057,676.177,100.147,100.147,59.8806,199.169,-38.7601,-38.7601,-140.671,-140.671,343.282,343.282,-167.958,-72.9723,43.5152,268.305,-509.721,3500.76,3137.92,-5301.12,81.7778,-1549.51,423.897,438.414,-263.541,-263.541,-169.813,-169.813,-92.9644,-348.208,692.194,-0.293355,-64.6509,-64.6509,-116.286,-190.062,-174.777,-71.8716,-46.7908,-46.7908,-87.2065,-86.0413,-266.383,-266.383,-308.508,-125.765,-286.303,-54.5326,-446.514,249.698,249.698,-154.976,-173.429,0,-107.757,-196.503,0,-144.376,270.708,270.708,204.156,-115.29,155.645,156.785,164.757,-33.8238,-39.2389,-171.103,37.2315,630.223,241.777,104.913,104.913,-25.256,-191.023,-191.023,-10.9149,-11.6994,504.341,0,0.116602,0.116602,0,-638.947,0,-187.035,0,145.224,0,-39.0135,48.4832,36.6963,99.7898,99.7898,0,42.6581,42.6581,67.3861,0,2.0778,-760.522,-760.522,-760.522,0.808138,0,0,0,-56.5206,-56.5206,-56.5206,0,35.4875,6.66819,6.66819,-1.15694,-696.714,3.86868,3.86868,-10.2019,-19.822,-7.30855,49.0075,-25.8439,-25.6339,-11.3838,0,-0.0124731,0,284.664,284.664,284.664,0,0,0,0,-31.3318,-919.401,-60.1041,-60.1041,40.0937,784.121,-23.0859,-34.6762,0,-301.22,260.135,104.204,274.423,1909.28,1240.5,735.29,-105.161,-30.6648,-361.928,-361.928,-903.484,474.924,-155.539,-2652.21,-1544.12,-64.1405,-92.8904,-227.72,-1128.1,-411.008,-468.952,352.524,-323.554,-3331.17,3453.62,1495.02,-7463.23,-747.76,909.94,-706.084,-39.5464,-680.162,118.763,-234.976,-125.47,-52.2114,-131.24,-337.182,221.514,221.514,-230.14,-202.974,-202.974,-988.733,-186.424,0,-314.191,69.6901,604.303,0,0
2020-08-08 01:00:00 UTC,244.742,119.241,-299.647,17.1694,17.1694,164.375,-68.7784,-110.593,228.545,228.545,-709.155,-248.746,1163.71,25.5104,-118.279,-213.333,-565.383,-123.943,639.837,98.1098,67.2879,180.19,180.19,311.977,402.157,135.275,22.0533,-16.7592,-5.00773,-188.848,108.491,108.491,258.783,144.955,144.955,403.738,-183.492,-233.411,1520.18,1520.18,-233.339,-518.401,-435.934,-231.379,-289.044,547.131,1462.58,1491.03,1481,-21.4703,145.676,145.676,-36.7154,69.1044,101.56,-11.8531,-11.8531,391.189,-182.429,-100.141,-264.274,273.781,163.232,-169.874,-169.874,4.69013,18.8824,-137.471,-137.471,-25.7924,-373.136,348.386,142.587,142.587,-4.80568,-4.80568,-2.2069,-2.62016,-3.68509,8.53925,3.98672,-21.5341,-0.0316273,-0.124334,1.07636,4.73275,-3.18324,-98.9168,-98.9168,-17.2329,-17.2329,-19.6839,-19.6839,100.486,100.486,100.486,-30.2877,-30.2877,2.79216,47.6628,15.3933,15.3933,-19.9194,-19.9194,106.326,21.8286,248.402,11.4878,11.4878,205.082,205.082,205.082,-594.118,162.057,162.057,171.51,171.51,-6.86029,-54.8773,-54.8773,4.16316,4.16316,971.709,971.709,-609.317,-609.317,0,31.1226,293.038,114.176,-310.945,-310.945,231.147,-1112.36,-623.992,240.705,968.633,968.633,-170.864,-170.864,819.166,819.166,-65.1831,-164.381,-175.22,-666.289,-291.425,-291.425,187.124,187.124,187.124,-573.16,-573.16,813.198,-2.88318,-2.88318,-269.551,576.806,576.806,-537.056,299.113,-40.0909,0,-304.029,-192.423,840.839,582.224,582.224,89.0816,-14.0468,14.9453,468.048,468.048,-28.4337,-45.1478,-45.1478,-1332.55,560.66,1504,-1294.63,-1321.81,-1301.03,2332.1,-601.613,463.298,-1086.19,-1108.2,-1064.99,1139.78,301.71,224.819,-661.53,-1758.05,-46.8069,-1862.76,-5090.97,-2792.83,-2792.83,-160.03,1886.42,-204.904,-185.812,-174.535,91.7577,-205.58,189.18,211.129,219.193,-228.8,-225.589,-229.639,221.349,-96.0472,-96.0472,198.872,-406.265,-406.265,1756.05,-241.025,-213.827,200.173,-188.698,-438.731,-745.536,-745.536,-264.237,-582.507,-641.657,-2261.17,853.966,-424.782,402.626,8.20808,-551.598,-756.746,-449.737,-446.754,-9.63883,776.353,847.088,-162.974,-136.633,-180.064,-74.7677,35.2148,-218.317,-110.326,-110.334,57.3505,-146.096,99.6496,128.915,-30.9996,626.883,606.902,679.941,657.656,98.9003,98.9003,58.5001,198.03,-38.9667,-38.9667,-139.8,-139.8,331.519,331.519,-144.579,-70.2126,43.3168,261.855,-507.713,3379.76,3029.31,-5260.04,79.686,-1462.24,381.48,412.697,-236.476,-236.476,-149.739,-149.739,-106.87,-334.164,629.942,-3.45449,-56.2571,-56.2571,-104.844,-188.232,-78.1188,-64.5659,-41.2837,-41.2837,-76.4927,-75.4836,-252.857,-252.857,-294.955,-120.677,-266.997,-33.1996,-384.721,227.664,227.664,-141.299,-157.892,0,-103.773,-189.152,0,-131.399,261.359,261.359,182.158,-98.7157,140.92,141.966,149.676,-26.7186,-33.0062,-161.917,35.2933,620.594,237.701,100.14,100.14,-30.0408,-181.991,-181.991,-9.7193,-10.4641,494.555,0,-7.11983,-7.11983,0,-582.651,0,-190.397,0,137.539,0,-38.6727,53.0147,34.7368,94.4238,94.4238,0,41.3107,41.3107,64.7034,0,1.64539,-677.356,-677.356,-677.356,0.675626,0,0,0,-49.3785,-49.3785,-49.3785,0,35.6253,7.69661,7.69661,0.730549,-633.559,4.80568,4.80568,-8.24786,-17.6262,-5.85085,45.0704,-24.2615,-24.0631,-10.0601,0,2.68431,0,280.503,280.503,280.503,0,0,0,0,-26.0388,-849.676,-59.6327,-59.6327,85.4283,724.712,-3.40152,-5.81889,0,-264.495,254.64,98.3309,335.75,1773.47,1204.94,705.716,-89.1362,-26.4371,-343.542,-343.542,-846.831,416.186,-141.803,-2405.08,-1483.64,-62.2737,-90.1332,-220.94,-1094.58,-405.042,-463.314,347.391,-317.509,-3221.34,3438.71,1487.45,-7403.27,-684.106,926.987,-710.825,-27.8675,-628.694,121.398,-232.008,-112.377,-136.628,-114.358,-330.018,206.264,206.264,-204.914,-195.715,-195.715,-903.008,-161.669,0,-298.034,71.4203,590.325,0,0
2020-08-08 02:00:00 UTC,236.53,117.833,-321.193,26.942,26.942,133.871,-74.6264,-123.024,240.743,240.743,-654.997,-224.328,1079.03,25.5664,-105.174,-208.279,-520.422,-114.387,586.813,88.1291,44.997,162.59,162.59,290.281,382.117,128.715,20.5253,-15.5761,-7.95805,-176.93,100.567,100.567,237.698,132.377,132.377,369.299,-164.521,-208.992,1338.69,1338.69,-211.479,-477.204,-410.794,-218.919,-262.719,484.891,1296.84,1322.31,1312.25,-18.3924,131.232,131.232,-33.9773,61.2041,83.2612,-11.7884,-11.7884,345.304,-172.769,-90.8097,-241.548,241.641,143.106,-155.735,-155.735,4.93302,20.5198,-135.081,-135.081,-25.9475,-352.709,318.756,128.551,128.551,-5.97187,-5.97187,-2.1999,-2.64079,-3.39443,7.62699,4.47453,-18.9024,-0.0631595,-0.154301,0.662973,4.0058,-3.31059,-91.2882,-91.2882,-13.8754,-13.8754,-15.8775,-15.8775,92.3205,92.3205,92.3205,-29.3764,-29.3764,-0.302413,41.3779,14.902,14.902,-18.158,-18.158,96.586,19.7146,230.812,9.53325,9.53325,188.709,188.709,188.709,-549.078,148.356,148.356,157.458,157.458,-6.09465,-49.6763,-49.6763,6.72669,6.72669,890.84,890.84,-569.695,-569.695,0,29.6414,272.412,108.013,-291.235,-291.235,213.502,-1033.16,-578.465,222.7,886.123,886.123,-157.603,-157.603,749.667,749.667,-60.6675,-154.066,-143.168,-680.749,-269.309,-269.309,172.504,172.504,172.504,-525.129,-525.129,743.98,-2.88318,-2.88318,-249.574,521.755,521.755,-502.788,268.073,-44.1331,0,-283.892,-191.658,750.955,525.425,525.425,78.7258,-18.0314,10.4115,432.97,432.97,-45.1286,-54.9438,-54.9438,-1197.84,478.225,1336.28,-1162.31,-1186.75,-1167.87,2036.76,-540.463,417.381,-993.472,-1013.73,-976.684,1061.89,248.031,178.211,-611.811,-1673.4,-43.8959,-1771.95,-4806.82,-2631.01,-2631.01,-164.22,1701.17,-184.271,-186.196,-167.736,89.5549,-192.789,180.044,197.077,204.583,-216.997,-213.864,-217.787,206.517,-84.5297,-84.5297,186.44,-390.691,-390.691,1607.95,-211.028,-200.604,188.053,-179.444,-422.056,-700.55,-700.55,-260.751,-565.401,-622.543,-2190.93,841.534,-405.38,384.345,7.75817,-513.576,-724.795,-430.86,-427.979,-8.89141,743.714,811.572,-157.87,-132.258,-174.748,-72.5068,32.873,-203.824,-106.228,-106.236,54.0391,-132.861,95.8046,124.056,-32.1936,606.019,587.573,657.558,636.985,96.8046,96.8046,56.2738,193.956,-38.9159,-38.9159,-137.871,-137.871,318.408,318.408,-125.28,-67.1506,42.271,253.841,-503.821,3240.17,2906.64,-5180.83,76.3712,-1377.76,341.509,387.43,-211.067,-211.067,-129.56,-129.56,-119.228,-321.036,575.308,-6.19234,-48.7638,-48.7638,-94.114,-184.196,-9.05669,-58.0983,-35.3183,-35.3183,-65.7036,-64.851,-239.142,-239.142,-280.499,-114.903,-247.243,-10.3554,-322.909,206.453,206.453,-127.828,-142.543,0,-101.179,-183.26,0,-118.368,252.904,252.904,160.428,-79.3359,127.272,128.235,135,-18.2091,-25.8574,-154.149,35.3568,613.159,232.852,95.1839,95.1839,-34.5043,-177.182,-177.182,-8.33043,-9.03781,490.606,0,-18.1467,-18.1467,0,-531.841,0,-184.671,0,130.775,0,-38.3277,58.9942,33.35,88.4648,88.4648,0,40.1161,40.1161,60.8562,0,1.25796,-591.644,-591.644,-591.644,0.542646,0,0,0,-42.2457,-42.2457,-42.2457,0,36.013,9.05647,9.05647,3.0877,-575.858,5.97187,5.97187,-6.14371,-15.1999,-4.25377,41.1675,-22.3944,-22.2096,-8.83188,0,4.97872,0,274.639,274.639,274.639,0,0,0,0,-20.2895,-780.076,-58.7078,-58.7078,125.258,660.263,14.9072,21.0256,0,-227.768,246.684,91.8717,389.427,1629.85,1163.81,671.065,-72.7415,-21.9122,-324.017,-324.017,-787.138,356.509,-129.288,-2148.01,-1411.86,-59.9966,-86.788,-212.719,-1051.51,-393.705,-449.539,338.195,-306.356,-3092.98,3397.52,1466.03,-7287.25,-624.988,935.247,-715.313,-16.8887,-584.055,122.144,-227.026,-100.413,-200.724,-101.808,-323.194,191.164,191.164,-181.308,-190.765,-190.765,-824.749,-134.528,0,-298.046,72.0009,573.566,0,0
2020-08-08 03:00:00 UTC,227.132,114.972,-328.615,32.1481,32.1481,109.212,-77.2603,-129.002,244.364,244.364,-610.626,-206.009,1009.84,26.3723,-95.8525,-202.166,-486.759,-107.213,544.447,80.2738,28.7757,148.916,148.916,272.278,367.037,123.576,19.2378,-14.5569,-10.8247,-166.743,94.116,94.116,221.684,123.23,123.23,342.304,-149.604,-189.838,1199.28,1199.28,-193.765,-443.056,-389.673,-208.401,-240.955,435.327,1168.02,1191.14,1181.22,-16.1457,119.64,119.64,-32.0698,55.0671,69.0816,-11.7476,-11.7476,309.756,-164.949,-83.1598,-224.561,216.328,127.408,-145.879,-145.879,5.14175,21.8942,-132.654,-132.654,-26.0473,-335.572,295.367,120.25,120.25,-6.96019,-6.96019,-2.18343,-2.64212,-3.15919,6.88743,4.79506,-16.7856,-0.0920093,-0.181691,0.317526,3.41705,-3.38012,-84.7329,-84.7329,-11.2678,-11.2678,-12.9201,-12.9201,85.5657,85.5657,85.5657,-28.5607,-28.5607,-2.81291,36.294,14.4347,14.4347,-16.6872,-16.6872,88.2519,18.011,216.351,8.38724,8.38724,175.848,175.848,175.848,-512.902,138.047,138.047,146.568,146.568,-5.85407,-45.8469,-45.8469,8.22671,8.22671,827.609,827.609,-537.305,-537.305,0,28.3392,255.545,102.313,-274.96,-274.96,199.233,-968.862,-541.67,207.839,821.97,821.97,-147.327,-147.327,695.805,695.805,-57.217,-145.557,-118.238,-686.68,-251.232,-251.232,160.369,160.369,160.369,-486.253,-486.253,690.523,-2.88318,-2.88318,-232.642,478.098,478.098,-473.009,243.412,-46.6069,0,-266.666,-189.096,680.731,480.926,480.926,71.9802,-19.3108,7.29301,404.495,404.495,-55.6647,-60.7552,-60.7552,-1090.83,416.221,1205.44,-1057.52,-1079.79,-1062.43,1810.47,-492.188,380.581,-917.158,-935.947,-903.492,996.079,207.63,141.539,-573.562,-1603.93,-41.2527,-1696.55,-4573.15,-2497.99,-2497.99,-166.317,1559.24,-170.305,-185.706,-161.322,88.0299,-182.64,172.1,185.725,192.785,-207.106,-204.054,-207.857,194.569,-75.7031,-75.7031,176.371,-376.969,-376.969,1493.22,-189.769,-189.392,178.196,-171.302,-407.281,-663.11,-663.11,-256.722,-550.176,-605.554,-2128.89,828.216,-388.173,368.42,7.02469,-481.952,-697.407,-414.675,-411.885,-7.95724,715.515,780.885,-153.403,-128.406,-169.837,-70.5373,30.9998,-190.931,-102.688,-102.696,51.2797,-122.259,92.4887,119.884,-33.0077,587.656,570.491,637.84,618.697,94.6637,94.6637,54.2674,189.747,-38.7776,-38.7776,-135.879,-135.879,306.804,306.804,-108.633,-64.3039,39.8877,246.281,-498.971,3120.05,2799.38,-5081.58,73.3633,-1309.69,309.401,365.871,-190.634,-190.634,-113.181,-113.181,-128.646,-310.749,529.144,-8.5719,-43.1786,-43.1786,-83.4654,-181.018,58.1084,-50.6881,-31.5142,-31.5142,-58.1384,-57.3952,-227.44,-227.44,-267.822,-109.787,-230.847,9.77792,-275.644,192.611,192.611,-118.92,-132.357,0,-101.218,-182.612,0,-109.629,251.538,251.538,145.09,-63.5137,117.331,118.23,125.409,-12.4637,-21.1145,-146.906,34.3573,606.224,226.052,91.1128,91.1128,-35.7913,-171.052,-171.052,-7.20336,-7.86922,477.198,0,-24.2031,-24.2031,0,-495.767,0,-177.039,0,125.481,0,-38.0594,62.3424,32.509,83.3716,83.3716,0,39.1164,39.1164,57.239,0,1.00411,-526.055,-526.055,-526.055,0.443087,0,0,0,-37.0233,-37.0233,-37.0233,0,36.313,10.2342,10.2342,5.09218,-535.866,6.96019,6.96019,-4.51308,-13.2034,-3.02798,37.9459,-20.7188,-20.5464,-8.12739,0,5.69956,0,268.306,268.306,268.306,0,0,0,0,-16.5499,-723.984,-57.6999,-57.6999,149.522,607.975,27.0492,38.8364,0,-201.036,238.164,86.431,421.53,1516.95,1126.61,641.275,-60.3261,-18.7981,-307.675,-307.675,-738.895,312.599,-119.104,-1942.08,-1352.46,-58.0376,-83.8994,-205.618,-1018.66,-382.718,-437.138,329.254,-293.669,-2985.28,3328.42,1429.72,-7141.51,-577.028,938.399,-719.071,-7.09238,-546.871,122.776,-223.306,-90.4798,-259.484,-92.0921,-318.533,178.895,178.895,-162.447,-190.4,-190.4,-772.302,-111.959,0,-289.905,71.3665,557.117,0,0
2020-08-08 04:00:00 UTC,209.278,107.616,-313.3,32.4041,32.4041,88.1274,-75.3355,-125.693,234.509,234.509,-553.564,-186.135,921.033,25.845,-86.9508,-189.634,-447.15,-98.7517,493.073,71.5211,16.67,134.14,134.14,249.231,342.43,115.309,17.7008,-13.3214,-12.4681,-154.205,86.3229,86.3229,202.425,112.23,112.23,310.724,-134.227,-170.136,1056.08,1056.08,-175.05,-404.703,-362.569,-194.832,-217.619,384.441,1035.79,1056.47,1046.87,-14.1896,107.328,107.328,-29.4819,48.9289,58.0637,-11.2356,-11.2356,274.366,-152.581,-74.8292,-204.615,191.524,112.163,-133.718,-133.718,4.71189,21.4995,-127.264,-127.264,-25.0751,-312.469,265.311,105.288,105.288,-7.32255,-7.32255,-2.09776,-2.55349,-2.9215,6.1134,4.75504,-14.8552,-0.139854,-0.226951,0.0449,2.87818,-3.30703,-76.9773,-76.9773,-9.30362,-9.30362,-10.6883,-10.6883,77.7173,77.7173,77.7173,-26.9175,-26.9175,-4.34945,31.7079,13.6188,13.6188,-15.1199,-15.1199,79.0945,16.2654,198.192,7.43933,7.43933,162.209,162.209,162.209,-473.973,127.239,127.239,135.284,135.284,-5.83208,-42.2048,-42.2048,9.58066,9.58066,761.525,761.525,-502,-502,0,27.0623,237.29,95.3293,-256.997,-256.997,183.529,-899.115,-501.917,191.648,755.084,755.084,-136.924,-136.924,639.989,639.989,-53.8999,-136.173,-93.8848,-683.522,-231.613,-231.613,147.111,147.111,147.111,-445.23,-445.23,635.045,-2.88318,-2.88318,-214.152,432.757,432.757,-439.098,218.79,-46.9035,0,-246.963,-182.863,610.49,435.203,435.203,66.3444,-18.4948,4.67492,369.597,369.597,-63.5937,-64.558,-64.558,-978.894,355.661,1070.78,-948.13,-968.124,-952.406,1584.1,-441.986,341.771,-834.832,-852.019,-824.112,922.474,168.534,106.025,-532.096,-1521.9,-38.0355,-1606.91,-4299.34,-2341.95,-2341.95,-164.781,1415.39,-158.058,-181.592,-153.224,85.8301,-171.493,162.293,172.899,179.459,-195.09,-192.168,-195.794,181.109,-67.2593,-67.2593,164.965,-359.975,-359.975,1370.35,-171.697,-176.685,166.978,-161.907,-388.972,-622.524,-622.524,-249.831,-530.408,-583.528,-2049.76,800.973,-363.306,346.601,4.64463,-438.711,-663.772,-394.798,-392.119,-5.14888,680.021,742.254,-148.296,-123.999,-163.957,-68.1385,28.337,-172.582,-98.4868,-98.495,47.5843,-107.197,88.5603,114.947,-34.3805,564.083,548.472,612.505,595.094,92.4644,92.4644,51.7386,185.225,-38.9321,-38.9321,-134.127,-134.127,292.482,292.482,-83.8113,-60.406,38.8802,237.572,-494.862,2974.39,2667.5,-5003.02,70.3779,-1229.87,266.148,336.895,-163.307,-163.307,-95.1864,-95.1864,-141.925,-296.882,463.764,-11.628,-35.0961,-35.0961,-67.1348,-175.999,153.958,-39.6093,-26.7678,-26.7678,-48.8571,-48.2472,-211.662,-211.662,-250.557,-103.014,-210.656,23.9866,-224.809,171.717,171.717,-106.199,-117.961,0,-94.9245,-171.789,0,-97.4617,236.5,236.5,125.694,-50.5802,103.834,104.643,111.405,-7.20405,-16.1398,-135.622,31.0996,590.363,214.72,85.8862,85.8862,-35.2307,-158.447,-158.447,-6.16107,-6.77152,449.131,0,-25.7284,-25.7284,0,-448.576,0,-163.816,0,116.979,0,-37.758,61.6436,30.7743,77.1024,77.1024,0,37.278,37.278,53.4185,0,0.786776,-460.103,-460.103,-460.103,0.338468,0,0,0,-31.9043,-31.9043,-31.9043,0,34.9509,10.4771,10.4771,5.82782,-475.887,7.32255,7.32255,-3.26675,-11.2434,-2.13091,34.9262,-18.9209,-18.7626,-7.54951,0,5.76546,0,259.136,259.136,259.136,0,0,0,0,-13.5483,-655.169,-56.2855,-56.2855,167.178,551.767,36.7266,53.052,0,-174.818,227.107,80.2195,442.974,1395.02,1078.4,606.824,-47.3576,-16.1826,-287.256,-287.256,-683.21,269.16,-104.447,-1704.7,-1282.28,-55.7156,-80.4719,-197.193,-980.51,-370.017,-424.134,318.476,-278.518,-2854.04,3276.73,1402.53,-7026.22,-512.969,936.473,-727.064,6.26543,-493.16,123.014,-217.085,-77.2678,-336.881,-78.4233,-309.961,163.606,163.606,-138.305,-179.338,-179.338,-689.56,-92.1775,0,-263.578,70.0225,532.899,0,0
2020-08-08 05:00:00 UTC,194.957,102.643,-310.698,35.7314,35.7314,67.5818,-75.9092,-127.441,233.692,233.692,-490.395,-164.408,826.186,31.4255,-76.822,-174.846,-407.272,-90.2105,435.303,61.1816,2.38766,118.539,118.539,224.091,314.795,106.082,16.0359,-11.9513,-14.0689,-140.331,77.7787,77.7787,181.225,100.04,100.04,276.361,-117.632,-148.919,907.626,907.626,-154.511,-362.194,-332.068,-179.435,-191.933,330.663,897.082,915.176,906.076,-12.2125,94.1473,94.1473,-26.5392,42.4602,47.4211,-10.5446,-10.5446,237.477,-138.061,-65.8039,-182.451,165.708,96.4453,-120.042,-120.042,4.08265,20.5412,-120.05,-120.05,-23.6854,-286.529,235.608,89.8573,89.8573,-7.50029,-7.50029,-1.98623,-2.43388,-2.66958,5.28545,4.61435,-12.8854,-0.19381,-0.277969,-0.214638,2.33003,-3.19859,-68.4613,-68.4613,-7.41924,-7.41924,-8.54646,-8.54646,69.1096,69.1096,69.1096,-25.0054,-25.0054,-5.65377,27.0533,12.6572,12.6572,-13.4531,-13.4531,69.1556,14.4201,178.268,6.4418,6.4418,146.701,146.701,146.701,-429.487,115.049,115.049,122.423,122.423,-5.83208,-37.9696,-37.9696,11.0308,11.0308,686.938,686.938,-461.384,-461.384,0,25.511,216.476,87.4385,-236.42,-236.42,165.787,-818.91,-456.395,173.222,679.669,679.669,-124.919,-124.919,576.863,576.863,-50.2589,-125.412,-68.0101,-673.858,-209.268,-209.268,132.607,132.607,132.607,-399.297,-399.297,572.377,-2.88318,-2.88318,-192.943,382.8,382.8,-399.952,191.076,-47.8687,0,-224.763,-174.901,533.716,384.828,384.828,59.7552,-17.5595,1.71247,330.917,330.917,-69.4412,-66.6759,-66.6759,-859.071,294.078,929.317,-831.143,-848.705,-834.736,1349.03,-388.194,300.856,-743.582,-758.974,-735.586,838.499,128.42,68.9722,-486.423,-1426.53,-34.0861,-1502.3,-3982.12,-2162.08,-2162.08,-162.37,1257.25,-144.359,-176.369,-142.069,86.0117,-158.739,150.692,158.299,164.296,-181.132,-178.368,-181.782,165.794,-58.1435,-58.1435,151.877,-340.313,-340.313,1233.48,-151.778,-162.226,154.067,-149.139,-366.858,-574.737,-574.737,-240.899,-506.106,-556.465,-1952.1,765.686,-336.167,322.627,2.56831,-395.247,-622.463,-370.378,-367.842,-2.99499,637.616,696.078,-141.155,-117.981,-156.471,-65.1486,25.3336,-154.867,-92.9571,-92.9653,43.5053,-92.2057,83.4068,108.364,-37.1324,535.401,521.579,581.634,566.218,89.005,89.005,48.3038,177.545,-38.7504,-38.7504,-130.837,-130.837,275.082,275.082,-62.438,-55.9456,38.0495,226.179,-488.412,2790.09,2504.25,-4890.56,65.172,-1148.78,223.222,307.757,-136.17,-136.17,-77.0794,-77.0794,-153.428,-283.521,405.429,-14.1984,-27.867,-27.867,-51.5336,-170.731,229.377,-29.1809,-21.5549,-21.5549,-39.2413,-38.7691,-195.194,-195.194,-231.856,-95.3996,-189.747,37.4599,-173.054,149.363,149.363,-92.5665,-102.531,0,-87.8679,-159.074,0,-84.3975,218.63,218.63,105.427,-35.9562,90.5733,91.2965,96.4249,-0.545972,-10.0247,-125.149,29.2017,569.548,201.045,79.7611,79.7611,-34.225,-148.8,-148.8,-5.11216,-5.67651,429.242,0,-30.4401,-30.4401,0,-399.493,0,-141.939,0,107.504,0,-37.4631,61.4722,28.725,70.1653,70.1653,0,35.071,35.071,49.0277,0,0.586807,-392.208,-392.208,-392.208,0.238247,0,0,0,-26.7589,-26.7589,-26.7589,0,32.9857,10.4386,10.4386,6.18841,-415.323,7.50029,7.50029,-2.0661,-9.22661,-1.27184,31.9188,-17.0081,-16.8651,-6.9124,0,5.76546,0,247.289,247.289,247.289,0,0,0,0,-9.79594,-578.065,-54.7475,-54.7475,180.096,490.639,44.6978,64.7742,0,-147.021,213.174,73.3039,455.356,1259.69,1019.41,564.162,-33.4202,-13.2247,-263.504,-263.504,-620.044,223.658,-89.817,-1437.55,-1191.15,-52.616,-75.9545,-186.099,-918.42,-350.997,-400.974,303.089,-256.019,-2680.08,3226.04,1376.64,-6861.98,-451.008,929.347,-733.741,18.2312,-444.945,123.089,-210.829,-64.3671,-399.92,-68.0504,-301.863,147.191,147.191,-115.239,-167.332,-167.332,-606.516,-72.644,0,-248.067,67.9617,502.685,0,0
2020-08-08 06:00:00 UTC,184.272,98.6059,-302.264,36.8158,36.8158,54.6801,-74.8244,-125.674,229.781,229.781,-447.173,-150.462,761.571,35.6327,-70.6065,-163.603,-381.493,-84.6775,396.521,54.3204,-6.21411,108.849,108.849,208.01,296.19,99.8531,14.9913,-11.0753,-14.7256,-131.441,72.2258,72.2258,166.833,91.49,91.49,253.841,-106.24,-134.383,809.87,809.87,-140.359,-332.953,-310.657,-168.575,-174.429,295.944,804.631,820.978,812.316,-10.8621,85.2396,85.2396,-24.4585,38.0762,40.4113,-10.0413,-10.0413,212.81,-127.869,-59.6196,-166.737,148.459,86.0311,-110.174,-110.174,3.63341,19.7836,-114.543,-114.543,-22.6548,-268.299,216.101,81.6407,81.6407,-7.57887,-7.57887,-1.90741,-2.34707,-2.49953,4.72553,4.48555,-11.55,-0.240139,-0.321746,-0.39527,1.95242,-3.105,-62.6369,-62.6369,-6.18673,-6.18673,-7.14434,-7.14434,63.236,63.236,63.236,-23.6101,-23.6101,-6.47537,23.906,11.9842,11.9842,-12.3001,-12.3001,62.453,13.1548,164.571,5.69741,5.69741,135.256,135.256,135.256,-396.566,106.099,106.099,112.737,112.737,-5.83208,-34.674,-34.674,11.5311,11.5311,631.117,631.117,-429.971,-429.971,0,23.9603,200.582,81.6261,-220.559,-220.559,152.911,-759.151,-422.605,159.6,623.61,623.61,-115.492,-115.492,529.602,529.602,-47.3174,-117.115,-51.2524,-659.788,-192.902,-192.902,122.251,122.251,122.251,-366.456,-366.456,525.594,-2.88318,-2.88318,-177.704,347.974,347.974,-371.216,171.981,-47.9626,0,-208.569,-168.002,480.907,349.684,349.684,54.2191,-17.4463,-0.65653,302.442,302.442,-71.6874,-66.8835,-66.8835,-777.456,254.587,834.491,-751.845,-767.756,-754.983,1194.6,-351.141,272.953,-679.87,-693.998,-673.482,777.102,102.898,47.0564,-451.84,-1350.01,-31.0305,-1418.98,-3731.48,-2020.57,-2020.57,-159.235,1143.08,-132.86,-170.974,-133.016,86.2874,-148.76,141.688,147.108,152.679,-170.066,-167.429,-170.674,154.056,-51.6402,-51.6402,141.761,-324.814,-324.814,1131.63,-136.519,-151.244,144.062,-138.649,-348.831,-537.522,-537.522,-233.296,-485.319,-533.343,-1867.29,732.001,-316.758,304.649,1.84134,-366.07,-587.606,-349.764,-347.353,-2.56086,602.528,657.856,-134.534,-112.452,-149.769,-62.5547,22.8751,-142.753,-87.9933,-88.0015,40.2147,-82.7499,78.7958,102.462,-38.9352,511.154,498.745,555.504,541.664,85.5229,85.5229,45.48,170.073,-38.2904,-38.2904,-127.196,-127.196,260.169,260.169,-50.126,-52.5774,36.768,215.863,-481.148,2630.94,2364,-4771.46,59.8462,-1091.84,194.394,287.245,-117.65,-117.65,-65.2438,-65.2438,-158.969,-275.26,369.381,-15.8328,-24.5347,-24.5347,-40.0592,-167.391,282.08,-20.1291,-18.9869,-18.9869,-33.9917,-33.5943,-183.637,-183.637,-218.499,-89.9454,-175.45,46.7617,-141.523,136.748,136.748,-84.866,-93.8072,0,-84.1813,-152.801,0,-76.8206,208.925,208.925,93.5962,-26.1581,82.4596,83.1292,88.0614,2.88392,-6.85164,-117.159,27.2222,547.836,190.484,74.844,74.844,-33.7711,-141.439,-141.439,-4.51672,-5.05066,413.921,0,-32.3117,-32.3117,0,-366.415,0,-125.464,0,101.119,0,-37.2945,60.2396,27.3018,65.7206,65.7206,0,33.4907,33.4907,46.2329,0,0.465365,-347.714,-347.714,-347.714,0.178991,0,0,0,-23.2798,-23.2798,-23.2798,0,31.5428,10.3534,10.3534,6.34773,-379.382,7.57887,7.57887,-1.2773,-7.74097,-0.722042,29.7713,-15.7076,-15.5751,-6.37559,0,5.76546,0,237.013,237.013,237.013,0,0,0,0,-6.61099,-520.601,-53.6753,-53.6753,185.315,448.083,48.6335,70.5721,0,-127.87,201.349,68.1805,456.08,1159.36,970.662,529.457,-23.2908,-10.8598,-245.368,-245.368,-571.08,192.17,-80.5745,-1232.75,-1112.55,-49.8297,-71.899,-176.142,-861.148,-333.462,-377.473,289.544,-233.887,-2519.74,3177.62,1352.42,-6688.39,-410.764,926.957,-735.918,25.9456,-415.547,123.111,-207.075,-55.0875,-444.321,-63.6305,-296.331,135.309,135.309,-100.734,-161.071,-161.071,-559.901,-60.1942,0,-232.03,66.8057,477.841,0,0
